ligand_id,tar_protein,tar_chain,src_protein,src_chain,cath_degree,src_ligand_n_atoms,tar_ligand_n_atoms,src_ligand,tar_ligand,ligand_rmsd,embedding_similarity,corr_rmsd,entropy,atom_type_fraction,radius_of_gyration,ligand_rmsd_loss
M6P,apoba014d106c,A,4rzc,A,0,[16],[16],M6P,M6P,4.624108504833381,2.4469103813171387,1.55046808719635,0.699719250202179,0.8872010707855225,1.1964514255523682,3.1619763374328613
TYD,apobdb30dfd1f,A,5tpv,B,0,[25],[25],TYD,TYD,9.947402407725221,2.2763328552246094,1.7169004678726196,0.7246870398521423,0.8639208674430847,1.1772733926773071,4.986815929412842
GST,4lls,A,apo35213b46ab,A,0,[19],[19],GST,GST,6.312457131371801,2.069798231124878,1.54049813747406,0.6194225549697876,0.4462103247642517,1.670514464378357,3.869715690612793
AMZ,4tx9,A,apoe6e72fc305,A,0,[22],[22],AMZ,AMZ,8.36550128185761,2.114340305328369,1.8143583536148071,0.6504813432693481,0.4090556800365448,1.2034454345703125,4.555008411407471
IPE,apof80eee5ece,A,4jzb,A,0,[14],[14],IPE,IPE,6.576744150017119,2.586577892303467,1.463334321975708,0.728473424911499,0.6046340465545654,1.346850037574768,3.96745228767395
TTP,4xjc,A,apoba6c9a6a3d,A,0,[29],[29],TTP,TTP,10.493833337502814,2.2666943073272705,1.5694152116775513,0.7191610932350159,0.552335262298584,1.1185222864151,5.1204833984375
CA,6jt5,A,apoc913451e22,A,0,[1],[1],CA,CA,33.72175465596684,2.477123260498047,1.7041682004928589,0.7441803812980652,0.895632266998291,1.0591249465942385,7.712809085845947
IPE,4dxj,A,apo76b71509fd,A,0,[14],[14],IPE,IPE,18.593274672966825,2.277393341064453,1.5156177282333374,0.7400599122047424,0.4524042010307312,1.0421886444091797,6.502674102783203
BU3,4j6r,L,apo383dde2faf,A,0,[6],[6],BU3,BU3,11.745239542692497,2.381495714187622,1.545716643333435,0.7090585231781006,0.871299147605896,1.1887686252593994,5.401292324066162
SAM,3okx,A,apo3edaafd604,A,0,[27],[27],SAM,SAM,15.159952673444124,2.345956802368164,1.4894403219223022,0.7414055466651917,0.5013911724090576,1.2870091199874878,6.025429725646973
GST,3vc1,D,apo5d38d709ef,A,0,[19],[19],GST,GST,11.322498994702297,2.4576287269592285,1.6538057327270508,0.7346677184104919,0.5070164799690247,1.1123055219650269,5.310118198394775
BEZ,1gxs,A,apoc7c28e23a2,A,0,[9],[9],BEZ,BEZ,7.66697726954711,2.5044023990631104,1.5104950666427612,0.763348400592804,0.8721468448638916,0.9171097278594972,4.339722156524658
IPE,4jzb,A,apo76b71509fd,A,0,[14],[14],IPE,IPE,23.019988950048333,2.369309186935425,1.7582449913024902,0.7109091281890869,0.5837262868881226,1.0956069231033323,6.971531391143799
AMZ,2r7k,A,apoe6e72fc305,A,0,[22],[22],AMZ,AMZ,12.97242511964896,2.186091661453247,1.3613576889038086,0.6607764363288879,0.8132414817810059,1.172572374343872,5.6469550132751465
RBF,apo5d61b7f6bc,A,3ddy,A,0,[27],[27],RBF,RBF,18.522528580303934,2.246856927871704,1.7985718250274658,0.6986485123634338,0.862687349319458,1.113564372062683,6.493999481201172
TYD,apob8d00776c6,A,5tpu,A,0,[25],[25],TYD,TYD,6.201818775357205,2.2124040126800537,1.6932239532470703,0.6978893876075745,0.6172275543212891,1.1571801900863647,3.8278534412384033
SAM,5x7f,A,apo218b3ecdc8,A,0,[27],[27],SAM,SAM,1.6164177384244065,4.5723748207092285,0.640972912311554,0.8216405510902405,0.989717185497284,0.7312155961990356,1.3914941549301147
SIA,2v73,A,apof988af7c38,A,0,[21],[21],SIA,SIA,11.379638048674963,2.303422451019287,1.4947189092636108,0.669959545135498,0.8781741857528687,1.122051239013672,5.322652339935303
CAA,1buc,A,apo8e9f6a59b8,A,0,[54],[54],CAA,CAA,17.060444806887332,2.361313581466675,1.6268651485443115,0.696811318397522,0.8962893486022949,1.2336137294769287,6.304569244384766
PCG,apofde131c74c,A,6hq7,A,0,[23],[23],PCG,PCG,64.49706580274805,4.014681816101074,0.6589933037757874,0.7740094065666199,0.9967713356018066,0.8231863379478455,8.657665252685547
RBF,apo489c48cc19,A,5kbw,B,0,[27],[27],RBF,RBF,21.327498007628897,2.366245985031128,1.5150113105773926,0.7328872680664062,0.9158619046211244,1.117464303970337,6.807916164398193
BU3,5te4,G,apo383dde2faf,A,0,[6],[6],BU3,BU3,16.922630072002864,2.3826403617858887,1.526852011680603,0.6681927442550659,0.921028971672058,1.7699772119522097,6.2856526374816895
CA,1j5u,A,apoc414649f86,A,0,[1],[1],CA,CA,48.29149639575083,1.9306836128234863,1.873674988746643,0.6849563717842102,0.6475451588630676,1.2419525384902954,8.284483909606934
PQQ,apof55a791b1b,A,3das,A,0,[24],[24],PQQ,PQQ,8.431552530863362,2.25427770614624,1.5452991724014282,0.7128567695617676,0.8367252945899963,1.2714002132415771,4.574521064758301
SAM,apofd7fa63b48,A,5vm8,B,0,[27],[27],SAM,SAM,24.22041046504076,2.4643540382385254,1.4756417274475098,0.7359992861747742,0.7361161708831787,1.0780009031295776,7.077767372131348
CA,1t1e,A,apocadb7c2579,A,0,[1],[1],CA,CA,18.92757911643617,2.5785818099975586,1.577918291091919,0.740674614906311,0.5425077676773071,1.0442683696746826,6.543091297149658
HEM,1e9x,A,apo06bb6cdc41,A,0,[43],[43],HEM,HEM,13.674012717340357,2.4570136070251465,1.820357322692871,0.6778053045272827,0.8064073920249939,1.1809924840927124,5.775959014892578
ETA,1p4t,A,apo6c94d44e06,A,0,[4],[4],ETA,ETA,6.752785078464374,1.996185064315796,1.5054924488067627,0.7158671021461487,0.518044114112854,1.1679573059082031,4.030843257904053
PC,1o72,A,apo6142d24d09,A,0,[11],[11],PC,PC,14.190892333530968,2.1980104446411133,1.4992724657058716,0.6758165955543518,0.87887042760849,1.1756079196929932,5.866212844848633
TYD,apo4d523eb2b1,A,4e2x,A,0,[25],[25],TYD,TYD,35.33954305290506,2.157139301300049,1.4336321353912354,0.6457468867301941,0.4260881245136261,1.7057867050170898,7.794419765472412
GOA,apod4db826ba9,A,6gmb,A,0,[5],[5],GOA,GOA,2.928829026440344,1.90557861328125,1.60107684135437,0.7028292417526245,0.5673712491989136,0.995312750339508,2.265347480773926
CA,apof865c28f4d,A,6hbe,C,0,[1],[1],CA,CA,40.050189756898284,2.458005905151367,1.6033636331558228,0.717751145362854,0.4835784137248993,0.9158979058265686,8.002005577087402
FPP,apob3476afa77,A,7vqb,A,0,[24],[24],FPP,FPP,8.201087039066145,2.606283664703369,1.6141952276229858,0.7198144793510437,0.7035998702049255,1.4408376216888428,4.505822658538818
ENO,5zbf,A,apo85347866f2,A,0,[13],[13],ENO,ENO,6.452820993376316,2.4684314727783203,1.786384105682373,0.7302168607711792,0.7864566445350647,1.0428489446640017,3.9220149517059326
VO4,apo00b57c65a6,A,4usz,A,0,[5],[4],VO4,VO4,3.5168753724202895,2.635800361633301,1.4466495513916016,0.7080795764923096,0.8985623121261597,0.9877621531486512,2.6018404960632324
HEM,apo06bb6cdc41,A,6hit,A,0,[43],[43],HEM,HEM,17.515432847922977,2.3932881355285645,1.5177420377731323,0.7107641100883484,0.5904995203018188,1.2043803930282593,6.365675926208496
FDA,3r7k,A,apo0e970d49e6,A,0,[53],[53],FDA,FDA,3.5711826179275863,2.3820483684539795,1.4713915586471558,0.7085574269294739,0.7045417428016663,1.2134640216827393,2.631445407867432
K,2qv6,A,apob2881074d9,A,0,[1],[1],K,K,16.233898344944883,1.879602670669556,1.5445362329483032,0.6495111584663391,0.9056107997894288,1.1976516246795654,6.188138008117676
SAM,1sg9,A,apo89e4b80ffd,A,0,[27],[27],SAM,SAM,3.038028370235262,3.280156373977661,1.4821885824203491,0.7315371036529541,0.7913410067558289,1.1189011335372925,2.330128669738769
PC,2bib,A,apo1fa22c9d6d,A,0,[11],[11],PC,PC,25.86562430736647,2.350662469863892,1.3981837034225464,0.6429122686386108,0.8794472217559814,1.1047484874725342,7.211814880371094
NAI,apo8a47c39afc,A,8ct0,H,0,[44],[44],NAI,NAI,11.02962696225942,2.8741772174835205,1.684563398361206,0.7568044066429138,0.7756917476654053,1.0718296766281128,5.2448039054870605
BU3,3zyy,X,apob0d1d6ffe4,A,0,[6],[6],BU3,BU3,21.133440845034247,1.840956687927246,1.744885802268982,0.5041720271110535,0.831257164478302,2.229715585708618,6.78801965713501
NAI,6jw7,A,apo7b762ca870,A,0,[44],[44],NAI,NAI,15.847545782706055,1.8919248580932615,1.6057740449905396,0.6988154649734497,0.5793898105621338,1.2122856378555298,6.131160736083984
TFA,1n0q,B,apo1fb0db778e,A,0,[7],[6],TFA,TFA,15.783388758888446,2.724480628967285,1.4265470504760742,0.7747185230255127,0.7123972177505493,1.0455074310302734,6.1215338706970215
PQQ,apof55a791b1b,A,4aah,A,0,[24],[24],PQQ,PQQ,6.993498371432636,2.0415472984313965,1.559313178062439,0.7577664852142334,0.8746576309204102,1.1451278924942017,4.115396499633789
NDB,3kbo,A,apo051d7d6081,A,0,[11],[13],NDB,NDB,36.618212729028436,2.4106459617614746,1.6852871179580688,0.6982595324516296,0.9070512652397156,1.3173586130142212,7.854915618896484
NAI,1e3e,A,apo7b762ca870,A,0,[44],[44],NAI,NAI,23.563443113207036,2.3292806148529053,1.8357142210006716,0.6382330060005188,0.7149407863616943,1.766992449760437,7.020567893981934
RBF,apo5d61b7f6bc,A,3a35,A,0,[27],[27],RBF,RBF,25.689133250875916,2.1346609592437744,1.568363070487976,0.6759610176086426,0.9225254654884338,1.3057866096496582,7.198026657104492
CA,2ex5,A,apoe15b1ec78b,A,0,[1],[1],CA,CA,12.713972423748537,2.5196428298950195,1.4358196258544922,0.7270830273628235,0.9181373119354248,1.17033588886261,5.597423553466797
CA,apoe5441f8cc1,A,4kkm,B,0,[1],[1],CA,CA,7.672207264714185,2.197861909866333,1.6408331394195557,0.652214527130127,0.6358271241188049,1.2955430746078491,4.341397285461426
CA,apo9aaff034e6,A,3rrw,A,0,[1],[1],CA,CA,13.99773794515753,2.6646249294281006,1.747712016105652,0.7504737377166748,0.8567068576812744,1.0046619176864624,5.832940578460693
CA,apo8d6fde58d4,A,7t4s,F,0,[1],[1],CA,CA,67.29771728409443,2.1350905895233154,1.7923249006271362,0.6994009613990784,0.864873468875885,1.2636637687683103,8.706300735473633
SAM,5zw4,A,apo89e4b80ffd,A,0,[27],[27],SAM,SAM,3.0842616537882024,3.281039237976074,1.459465742111206,0.7485585808753967,0.8858465552330017,1.111536979675293,2.3572301864624023
FDA,apo0e970d49e6,A,4x28,A,0,[53],[53],FDA,FDA,3.4297240561435767,2.485124349594116,1.5500937700271606,0.7088978290557861,0.7682252526283264,1.144473433494568,2.553830623626709
NAI,2x0i,A,apo7b762ca870,A,0,[44],[44],NAI,NAI,22.646417599455777,1.812736749649048,1.7820724248886108,0.6570715308189392,0.7218074798583984,1.3394659757614136,6.9368767738342285
RBF,apo489c48cc19,A,4iil,A,0,[27],[27],RBF,RBF,11.567099773669847,2.099130153656006,1.627244472503662,0.6852496266365051,0.7878702878952026,1.253242254257202,5.363307952880859
FDA,3oib,A,apo0e970d49e6,A,0,[53],[53],FDA,FDA,3.3700757442454825,2.6465461254119877,1.5746241807937622,0.7223572731018066,0.7539471983909607,1.2212786674499512,2.520610809326172
HEM,apo837d5797bf,A,4usc,A,0,[43],[43],HEM,HEM,18.026427660573642,2.248351573944092,1.550808668136597,0.7236487865447998,0.854888379573822,0.9828219413757324,6.431939125061035
PC,apo1014cc4ff4,A,2bib,A,0,[11],[11],PC,PC,10.434505287934147,2.7463836669921875,1.5252044200897217,0.6962438225746155,0.944516122341156,0.918415665626526,5.106316566467285
VO4,apo00b57c65a6,A,5aa6,B,0,[5],[4],VO4,VO4,6.206163312825175,2.3604860305786133,1.5891531705856323,0.7217942476272583,0.9250423908233644,1.0627641677856443,3.829508066177368
SAM,apofd7fa63b48,A,5ybb,A,0,[27],[27],SAM,SAM,23.620920732841267,2.559620141983032,1.6343138217926023,0.7506399154663086,0.6332117319107056,1.0320345163345337,7.025661468505859
TYD,apo3721324a05,A,3vbm,E,0,[25],[25],TYD,TYD,21.17347666841079,2.63077449798584,1.8218443393707275,0.685925304889679,0.8295695781707764,1.2388073205947876,6.792144775390625
CA,3tqu,A,apoa55de3f941,A,0,[1],[1],CA,CA,14.677192877998186,2.062988519668579,1.6461877822875977,0.6798233389854431,0.7972776293754578,1.1108050346374512,5.9476752281188965
CYT,5buv,A,apo5a9b8409d6,A,0,[8],[8],CYT,CYT,6.174710617453553,2.5237157344818115,1.3142876625061035,0.740841269493103,0.4341872036457062,1.094249963760376,3.817509174346924
KPL,1m3u,A,apo8d8bc9f607,A,0,[10],[10],KPL,KPL,14.655764286815225,2.553809881210327,1.5361270904541016,0.6774150133132935,0.8039131164550781,1.215050220489502,5.944153308868408
HEM,apo6b7c02796f,A,5bv5,B,0,[43],[43],HEM,HEM,10.862424125520416,2.220420360565185,1.487654209136963,0.6510353088378906,0.881526529788971,0.9955442547798156,5.206693172454834
RBF,apo9e85e46298,A,3ddy,A,0,[27],[27],RBF,RBF,21.64540401552127,2.3898162841796875,1.692146062850952,0.7209376096725464,0.934488832950592,1.1325418949127195,6.8399834632873535
HEM,2civ,A,apoc190153f00,A,0,[43],[43],HEM,HEM,12.513593059316495,2.3568315505981445,1.4376881122589111,0.7013978958129883,0.9000744819641113,1.1889292001724243,5.558238983154297
TYD,apo4d523eb2b1,A,3lv8,A,0,[25],[25],TYD,TYD,6.72464708926901,2.636474132537842,1.4732258319854736,0.756064772605896,0.93305903673172,1.085973620414734,4.020800590515137
TFA,4wpy,A,apo1fb0db778e,A,0,[7],[7],TFA,TFA,22.856790342025835,2.498489618301392,1.6186825037002563,0.7137380838394165,0.6380082368850708,1.2880998849868774,6.956489086151123
FDA,4mo2,B,apo0e37ab3f3e,A,0,[53],[53],FDA,FDA,6.607928067621124,2.501760244369507,1.4376370906829834,0.7157735824584961,0.9411166310310364,1.2476000785827637,3.9787793159484863
CA,apo32e51c762d,A,3a09,A,0,[1],[1],CA,CA,44.21364885440929,1.88726806640625,1.672715425491333,0.7033323645591736,0.5741897225379944,1.240856409072876,8.15544605255127
COH,3qzp,B,apo10f3e6cebd,A,0,[43],[43],COH,COH,11.113263897173676,2.410003900527954,1.650740146636963,0.7453485727310181,0.9637495279312134,1.2836953401565552,5.263640880584717
CYT,apo5a9b8409d6,A,7qoa,A,0,[8],[8],CYT,CYT,6.510007472657726,2.185000419616699,1.4423893690109253,0.7442047595977783,0.5720425248146057,1.0416460037231443,3.94306755065918
HEM,2y8h,A,apof82b81090c,A,0,[43],[43],HEM,HEM,10.771653076928486,1.9374868869781492,1.555265188217163,0.6134457588195801,0.9561423063278198,1.2483729124069214,5.185746669769287
PC,2bib,A,apo65f5d6f793,A,0,[11],[11],PC,PC,60.056435271142504,1.6866726875305176,1.7850767374038696,0.7090699672698975,0.8162266612052917,1.1004343032836914,8.572579383850098
CA,apo8be6c4e3b7,A,4lp7,D,0,[1],[1],CA,CA,28.93173276165816,2.4323084354400635,1.452290654182434,0.709357500076294,0.752988874912262,1.10784912109375,7.431401252746582
CA,apo6b42028fb0,A,3na6,A,0,[1],[1],CA,CA,31.2151475226323,2.469987392425537,1.687300682067871,0.7193711400032043,0.8556885719299316,0.984165370464325,7.573707580566406
CA,5m6d,A,apo0d650c653e,A,0,[1],[1],CA,CA,76.05140881017213,2.3546290397644043,1.5638347864151,0.696137547492981,0.5149270296096802,1.196941375732422,8.83790397644043
TTP,1w4r,A,apo95216f807b,A,0,[29],[29],TTP,TTP,17.373868087098195,1.9347565174102783,1.5424609184265137,0.7245070338249207,0.6369202136993408,1.130976676940918,6.346880912780762
3CX,apo50172c3537,A,7a3q,H,0,[15],[15],3CX,3CX,28.98990556277019,2.843766450881958,1.5916987657546997,0.726895272731781,0.99407297372818,1.2006217241287231,7.435233592987059
CAA,1buc,A,apoed40d751c6,A,0,[54],[54],CAA,CAA,17.349785312573523,2.185475349426269,1.7052708864212036,0.7143431901931763,0.6631633639335632,1.0320013761520386,6.343664169311523
CA,apoa96bded5bb,A,5tsq,A,0,[1],[1],CA,CA,4.697366401108874,2.606342077255249,1.6154738664627075,0.7499164938926697,0.8154776096343994,1.0772117376327517,3.1960599422454834
CA,1ay0,A,apo010fa41ad0,A,0,[1],[1],CA,CA,14.115426441263761,2.13435173034668,1.4732953310012815,0.6791000962257385,0.7671413421630859,1.2070999145507812,5.85327672958374
SAM,3vyw,D,apo89e4b80ffd,A,0,[27],[27],SAM,SAM,3.295084050443991,3.1838908195495605,1.5091285705566406,0.7441332936286926,0.8132916688919067,1.1282795667648315,2.478422880172729
CA,apo2cbb3e8de9,A,6f8z,A,0,[1],[1],CA,CA,32.006335145797685,1.947394847869873,1.573075532913208,0.646264910697937,0.8186458349227905,1.3845632076263428,7.619406700134277
HEM,apoe284d2aa5a,A,4qi7,A,0,[43],[43],HEM,HEM,48.408615662957985,2.4020533561706543,1.6925605535507202,0.6548042893409729,0.8616474270820618,1.223047375679016,8.287923812866211
IPE,3k4y,A,apo76b71509fd,A,0,[14],[14],IPE,IPE,13.168966750026183,2.278615474700928,1.5696885585784912,0.7012172937393188,0.9407564997673036,1.2194674015045166,5.683881759643555
AMZ,2r84,B,apoe6e72fc305,A,0,[22],[22],AMZ,AMZ,17.272168084252797,2.356429100036621,1.40911066532135,0.6741383671760559,0.7996650338172913,1.08772611618042,6.333258152008057
AMZ,5dn1,A,apoe6e72fc305,A,0,[22],[22],AMZ,AMZ,6.744411688173466,2.2583250999450684,1.4062533378601074,0.7037777900695801,0.8922514319419861,1.289136528968811,4.027858257293701
TTP,2ja1,A,apo95216f807b,A,0,[29],[29],TTP,TTP,10.288858741053884,1.9741723537445068,1.505292296409607,0.7258734703063965,0.6564779281616211,1.087995529174805,5.071186542510986
CA,4cvb,A,apo809c46c30a,A,0,[1],[1],CA,CA,33.13078416036497,1.9733619689941408,1.6067368984222412,0.7670497894287109,0.8387316465377808,1.067311406135559,7.6814703941345215
PQQ,apof55a791b1b,A,4cvb,A,0,[24],[24],PQQ,PQQ,8.076026203425284,2.542430639266968,1.6151994466781616,0.7510886788368225,0.8117552995681763,1.251827359199524,4.46781063079834
CA,3h4s,E,apo52004af1d3,A,0,[1],[1],CA,CA,1.0131849370899357,2.48331356048584,1.27842378616333,0.7123013734817505,0.9234452843666076,1.146899700164795,0.9199745059013368
CA,3cjy,A,apo60591259c2,A,0,[1],[1],CA,CA,45.0731945074707,2.3241279125213623,1.4044241905212402,0.7189691066741943,0.9047082662582396,1.1286633014678955,8.184234619140625
CA,1xyn,A,apob0245a33ae,A,0,[1],[1],CA,CA,11.841947831419462,2.521392822265625,1.450859308242798,0.723723292350769,0.6544804573059082,1.320051193237305,5.421653747558594
SAM,apo7571e7ce4e,A,3okx,A,0,[27],[27],SAM,SAM,10.4235858276236,2.2758126258850098,1.4612382650375366,0.6979566216468811,0.8425832390785217,1.427168369293213,5.103700160980225
SAM,apofd7fa63b48,A,3e23,A,0,[27],[27],SAM,SAM,21.314970681486518,2.514627456665039,1.6998316049575806,0.7120938301086426,0.7417700290679932,1.291248083114624,6.806639194488525
DGT,2atz,A,apoc4f9eb2339,A,0,[31],[31],DGT,DGT,35.96847146511745,1.557814359664917,1.5593643188476562,0.6685053706169128,0.9235513210296632,1.439557671546936,7.824595928192139
CA,apo75788ed7ad,A,4jo2,H,0,[1],[1],CA,CA,19.348126963921914,2.6620934009552,1.5549336671829224,0.7148118019104004,0.6788701415061951,1.103842854499817,6.59262752532959
RBF,apo3272937f0a,A,3p5n,A,0,[27],[27],RBF,RBF,7.2964456112398794,2.7849552631378174,1.5288633108139038,0.7552823424339294,0.5737364888191223,1.110629916191101,4.218465328216553
IPE,3k4y,A,apoba69899eaa,A,0,[14],[14],IPE,IPE,11.28978958035252,2.519500255584717,1.4679889678955078,0.7124283909797668,0.8495670557022095,1.1377429962158203,5.302912712097168
CYT,5buv,A,apo169ca1d20c,A,0,[8],[8],CYT,CYT,7.350722621352765,2.446474075317383,1.5401654243469238,0.7299110293388367,0.7501500248908997,1.1019327640533447,4.236551284790039
CA,apoe56eec81b4,A,4kpo,A,0,[1],[1],CA,CA,5.195956936605533,2.416998863220215,1.5113428831100464,0.7417426109313965,0.9441854953765868,0.9243177175521852,3.419302225112915
HEM,2c8s,A,apob10e68cba3,A,0,[43],[43],HEM,HEM,11.342592993074083,2.1816132068634038,1.6417808532714844,0.7316038608551025,0.8923479914665222,1.1254000663757324,5.314533710479736
HEM,apoaada7e5ea9,A,2isa,A,0,[43],[43],HEM,HEM,25.678635184410467,2.3649611473083496,1.5508244037628174,0.7092114090919495,0.9276461005210876,0.9688128232955932,7.197202205657959
CYT,apo169ca1d20c,A,7qoa,A,0,[8],[8],CYT,CYT,6.098952945334468,2.2130372524261475,1.3737133741378784,0.6908496618270874,0.7676220536231995,1.146112084388733,3.788415908813477
HEM,apob10e68cba3,A,4yu3,B,0,[43],[43],HEM,HEM,11.840310062019073,2.1430585384368896,1.6614673137664795,0.7089475393295288,0.9773157238960266,1.1310129165649414,5.421310424804688
CA,4qu6,A,apo605d987afa,A,0,[1],[1],CA,CA,18.330259603626658,1.8933727741241453,1.6532472372055054,0.7450358867645264,0.6526300311088562,1.204892873764038,6.470205307006836
HEM,2q8p,A,apob8bda36ef9,A,0,[43],[43],HEM,HEM,25.76953332073445,2.5546112060546875,1.5508099794387815,0.695209801197052,0.99652498960495,1.0527560710906982,7.204324722290039
CA,apo77caab6a59,A,1zzh,B,0,[1],[1],CA,CA,31.339728009430374,2.4048495292663574,1.457934021949768,0.703396737575531,0.7786804437637329,1.0864684581756592,7.581019401550293
CA,apodaa912f502,A,3m0j,A,0,[1],[1],CA,CA,24.840781526586806,2.452344417572021,1.5784908533096311,0.7458435297012329,0.7892279028892517,1.0413625240325928,7.129800319671631
CA,1c07,A,apod7284a9aa4,A,0,[1],[1],CA,CA,33.47763531148111,2.423962116241455,1.695408582687378,0.716508150100708,0.8750447034835815,1.2073286771774292,7.699966907501221
RBF,apo489c48cc19,A,4d1y,A,0,[27],[27],RBF,RBF,29.008638568842006,2.2462024688720703,1.5843982696533203,0.719514787197113,0.9326216578483582,1.1640745401382446,7.436465263366699
CA,2ism,B,apo67a6e1ca31,A,0,[1],[1],CA,CA,46.15736848024593,2.721496105194092,1.4698253870010376,0.7193666696548462,0.9147056937217712,1.2124813795089722,8.219289779663086
TTP,3o0n,A,apo95216f807b,A,0,[29],[29],TTP,TTP,44.66019306134321,2.0274500846862797,1.547944188117981,0.6722744107246399,0.8363547325134277,1.4346253871917725,8.170515060424805
HEM,2dge,A,apo4e63ebcfcd,A,0,[43],[43],HEM,HEM,13.197221490640317,2.044067859649658,1.4893933534622192,0.7174447178840637,0.938518226146698,1.2128546237945557,5.689138889312744
RBF,apo489c48cc19,A,4r3a,A,0,[27],[27],RBF,RBF,36.53890588016513,2.0845603942871094,1.440065622329712,0.6994600892066956,0.8739974498748779,1.2721995115280151,7.851260185241699
CA,1fi6,A,apo48036f3de5,A,0,[1],[1],CA,CA,6.332689834093082,2.184289932250977,1.737426996231079,0.744637131690979,0.896679162979126,1.140493392944336,3.877309799194336
NAI,5zz7,A,apo7b762ca870,A,0,[44],[44],NAI,NAI,18.55290427478293,2.1831071376800537,1.7807499170303345,0.6320220232009888,0.845866858959198,1.2570973634719849,6.497729301452637
TTP,2uz3,B,apo95216f807b,A,0,[29],[29],TTP,TTP,16.720162577283137,2.003519296646118,1.433394432067871,0.7057368159294128,0.7495372891426086,1.1429699659347534,6.257507801055908
CA,3lag,A,apo320296d911,A,0,[1],[1],CA,CA,23.93659608085807,2.2900562286376958,1.626850962638855,0.736863911151886,0.6308748126029968,1.1090142726898191,7.053328514099121
HEM,3mvc,A,apoc190153f00,A,0,[43],[43],HEM,HEM,15.436426883760195,2.5412325859069824,1.5233185291290283,0.6944246292114258,0.9389267563819884,1.1659703254699707,6.068630218505859
CA,apoaefadbf3fd,A,6ajc,A,0,[1],[1],CA,CA,17.887926586531147,2.100226402282715,1.5976253747940063,0.6564111709594727,0.8118813633918762,1.3585790395736694,6.414218902587891
K,4jay,A,apo559322ca14,A,0,[1],[1],K,K,27.1708987668912,2.076211452484131,1.566286325454712,0.7070602774620056,0.4241587221622467,1.2722193002700806,7.309723377227783
TTP,1xje,A,apo95216f807b,A,0,[29],[29],TTP,TTP,44.361937685049185,2.1447207927703857,1.616858959197998,0.6048756241798401,0.8846926689147949,1.1986029148101809,8.160477638244629
NAI,apo1b33a4a05a,A,8ct0,H,0,[44],[27],NAI,NAI,9.67242025273804,3.0263843536376958,1.5040801763534546,0.7539212703704834,0.8038633465766907,1.0931774377822876,4.916741371154785
HEM,1d7c,A,apo06bb6cdc41,A,0,[43],[43],HEM,HEM,25.12471468471782,2.2114977836608887,1.5794570446014404,0.6961804628372192,0.525612473487854,1.3756163120269775,7.15300178527832
HEM,apo6b7c02796f,A,3p3o,A,0,[43],[43],HEM,HEM,10.157749631597447,2.0107645988464355,1.4837791919708252,0.6812431812286377,0.8166610598564148,1.1096562147140503,5.03912878036499
M6P,4rzc,A,apo88a64fa370,A,0,[16],[16],M6P,M6P,6.825128582160849,2.9825549125671387,1.6722012758255005,0.7756167650222778,0.8242009878158569,1.0872011184692385,4.056509017944336
K,apo22b84035b3,A,6npl,A,0,[1],[1],K,K,25.11803291645763,2.2473628520965576,1.4682613611221311,0.6632551550865173,0.556581437587738,1.3706696033477783,7.152460098266602
CA,apo5143efa9a8,A,2kpn,A,0,[1],[1],CA,CA,32.693845426908524,2.0810678005218506,1.640470027923584,0.6676942706108093,0.9663718342781068,1.0523481369018557,7.657742023468018
PQQ,1flg,A,apof55a791b1b,A,0,[24],[24],PQQ,PQQ,6.338201341154586,2.011295795440674,1.5789437294006348,0.7124131321907043,0.7434567213058472,1.144217848777771,3.8793752193450928
TYD,apo4d523eb2b1,A,1rrv,A,0,[25],[25],TYD,TYD,7.633741859384926,2.2863924503326416,1.6645736694335938,0.7578874826431274,0.828378438949585,1.0013468265533447,4.32905387878418
RBF,apo3272937f0a,A,4r3a,A,0,[27],[27],RBF,RBF,32.04655019727565,2.625762939453125,1.4523847103118896,0.7429870963096619,0.7258315682411194,1.091039776802063,7.621683597564697
PC,1o72,A,apo5c5bfeb367,A,0,[11],[11],PC,PC,15.347487414500735,2.396094799041748,1.5534957647323608,0.6802962422370911,0.9247403144836426,1.3001261949539185,6.054835796356201
HEM,apo6b214a8989,A,5ysw,A,0,[43],[43],HEM,HEM,12.39349339445164,2.065191984176636,1.6330674886703491,0.7356905341148376,0.544894814491272,1.184266209602356,5.534417152404785
CA,1je5,B,apo503f36beee,A,0,[1],[1],CA,CA,15.075337138402361,2.302480697631836,1.5460261106491089,0.7197078466415405,0.9267879128456116,1.0687114000320437,6.012017726898193
TFA,3gsh,A,apo1fb0db778e,A,0,[7],[7],TFA,TFA,13.080455033903908,2.1591272354125977,1.628421187400818,0.7314537763595581,0.3928855359554291,1.2090400457382202,5.667329788208008
IPE,apof80eee5ece,A,4lls,A,0,[14],[14],IPE,IPE,9.048665768104707,2.5348384380340576,1.6026687622070312,0.7385521531105042,0.8926103115081787,1.2579095363616943,4.750288486480713
CA,apoc6a23925c5,A,4qu6,A,0,[1],[1],CA,CA,35.4411152265889,2.906221628189087,1.5600438117980957,0.6896257400512695,0.8867177367210388,0.9518505930900574,7.799349784851074
HEM,apo952d75356a,A,3buj,A,0,[43],[43],HEM,HEM,28.932932534508,2.251394748687744,1.4696122407913208,0.6913039088249207,0.6257679462432861,1.2604975700378418,7.431480407714844
IPE,4lls,A,apo76b71509fd,A,0,[14],[14],IPE,IPE,16.399865656201225,2.2662582397460938,1.5044944286346436,0.7386829853057861,0.9072024822235109,1.1702349185943604,6.212101936340332
FDA,3sf6,A,apo0e970d49e6,A,0,[53],[53],FDA,FDA,3.5947193820912116,2.5433883666992188,1.5459555387496948,0.7058317065238953,0.6755863428115845,1.160443663597107,2.644202709197998
SAM,3tka,A,apo89e4b80ffd,A,0,[27],[27],SAM,SAM,3.066961924124898,3.2940587997436523,1.550020694732666,0.7316637635231018,0.9580066204071044,1.06747567653656,2.347111701965332
SF4,apo3c95f2c9f9,A,5oy0,A,0,[8],[8],SF4,SF4,95.23444454591892,2.102086305618286,1.4573906660079956,0.5635879039764404,0.5301327705383301,1.2906439304351809,9.0497407913208
PCG,6hq7,A,apo52f4408300,A,0,[23],[23],PCG,PCG,3.065157547869476,4.244467735290527,0.6040623784065247,0.8048895001411438,0.9913321137428284,0.7354136109352112,2.346054792404175
FDA,3pfd,C,apo0e970d49e6,A,0,[53],[53],FDA,FDA,3.5004008626755327,2.536590099334717,1.4439760446548462,0.6917620897293091,0.6407917737960815,1.229738712310791,2.5928125381469727
CA,1m8t,A,apo8037daa8e2,A,0,[1],[1],CA,CA,9.607053390334581,2.489440441131592,1.533864140510559,0.7441776990890503,0.9474487900733948,1.2558186054229736,4.899794578552246
TTP,apo1450cb4c8a,A,4xjc,A,0,[29],[29],TTP,TTP,14.285530821570799,2.491737365722656,1.5193500518798828,0.7261253595352173,0.8175477981567383,1.2446486949920654,5.882321834564209
BG6,2cir,A,apo95f6af94d0,A,0,[16],[16],BG6,BG6,7.34963314017926,2.5687825679779053,1.5827571153640747,0.710681676864624,0.8865286111831665,1.077321171760559,4.236189365386963
TYD,apo7b54455720,A,5tpv,B,0,[25],[25],TYD,TYD,4.252131633395415,2.480674266815185,1.567102551460266,0.737947404384613,0.7911158800125122,1.0494853258132937,2.983505725860596
HEM,apo38880bbb35,A,5d3u,A,0,[43],[43],HEM,HEM,26.377633175939636,2.684596538543701,1.4634106159210205,0.7538550496101379,0.4798610508441925,1.182422757148743,7.251058101654053
HEM,apob10e68cba3,A,6j94,A,0,[43],[43],HEM,HEM,21.741456498815417,2.275622844696045,1.545651912689209,0.7154721021652222,0.7148140072822571,1.0343114137649536,6.849545955657959
CA,1iq3,A,apo14d8a71752,A,0,[1],[1],CA,CA,25.236871394237237,2.5297927856445312,1.5907119512557983,0.7307204604148865,0.8431580066680908,1.0740679502487185,7.1620635986328125
CA,apo89fdb9f5d6,A,3mmz,D,0,[1],[1],CA,CA,20.519788399828276,2.4203085899353027,1.560752272605896,0.676406741142273,0.8679107427597046,1.211358666419983,6.723437309265137
SF4,4tpu,A,apoee35b1a84b,A,0,[8],[8],SF4,SF4,21.900510477653086,2.2212648391723637,1.6567418575286863,0.6837654709815979,0.5761983394622803,1.689495086669922,6.865253925323486
CAA,1buc,A,apo937cad989b,A,0,[54],[54],CAA,CAA,18.196872780682416,2.3100035190582275,1.6084065437316897,0.7226410508155823,0.7668745517730713,0.9787003993988036,6.453507423400879
CA,1fzd,A,apoe4e4254c05,A,0,[1],[1],CA,CA,27.426793714610422,2.1406912803649902,1.420954942703247,0.5754320025444031,0.9718589186668396,1.4582936763763428,7.328117370605469
HEM,1dlw,A,apo4e63ebcfcd,A,0,[43],[43],HEM,HEM,8.995532523845952,2.060027599334717,1.5381232500076294,0.7433759570121765,0.9226569533348083,1.2656012773513794,4.735604286193848
SAM,2r3a,A,apodba9c249dc,A,0,[27],[27],SAM,SAM,3.033905461873338,3.4154064655303955,1.4713810682296753,0.7496290802955627,0.8512783646583557,1.1055364608764648,2.327702522277832
SAM,apo42ddd2042d,A,2r3a,A,0,[27],[27],SAM,SAM,3.2119817500127734,3.164243698120117,1.5272622108459473,0.7559804916381836,0.7735028266906738,1.0546700954437256,2.431112766265869
NAI,apo9b86f2866a,A,8ct0,H,0,[44],[44],NAI,NAI,9.006936439864582,2.5776848793029785,1.7715911865234375,0.6855211853981018,0.4778870344161987,1.04288911819458,4.738762855529785
TYD,apo4d523eb2b1,A,3oth,A,0,[25],[25],TYD,TYD,6.483899513980293,2.264816999435425,1.6339868307113647,0.749665379524231,0.8889281749725342,0.9485496878623962,3.93347430229187
PQQ,1lrw,A,apof55a791b1b,A,0,[24],[24],PQQ,PQQ,6.9578811963746885,2.332180976867676,1.5109169483184814,0.7229223251342773,0.6679173707962036,1.1739422082901,4.103036880493164
FPP,1t0a,A,apob3476afa77,A,0,[24],[24],FPP,FPP,21.759521070241,2.343799352645874,1.4471535682678225,0.7076507210731506,0.84569251537323,1.1849583387374878,6.851337909698486
FUL,apo9b541a929a,A,4a34,I,0,[11],[10],FUL,FUL,63.04151815038983,2.3067545890808105,1.6553298234939575,0.5926172733306885,0.5999566912651062,1.1294012069702148,8.630915641784668
TYD,apo7b54455720,A,5tpu,A,0,[25],[25],TYD,TYD,8.652945782209333,2.703784465789795,1.4372200965881348,0.7371652126312256,0.902854859828949,1.0887188911437988,4.638916492462158
SAM,4k36,A,apo218b3ecdc8,A,0,[27],[27],SAM,SAM,6.162227096741875,2.5293667316436768,1.3903777599334717,0.692599892616272,0.8351504802703857,1.3541935682296753,3.812733888626098
HEM,4esa,D,apo06bb6cdc41,A,0,[43],[43],HEM,HEM,17.47237372924918,2.218692779541016,1.602628231048584,0.7268929481506348,0.7179760336875916,1.144974708557129,6.359979629516602
SAM,1p91,A,apo89e4b80ffd,A,0,[27],[27],SAM,SAM,9.567979290236762,2.91227388381958,1.3999689817428589,0.6763655543327332,0.8109415769577026,1.3598514795303345,4.889610290527344
PQQ,apof55a791b1b,A,4mae,A,0,[24],[24],PQQ,PQQ,8.375426834082099,2.260682821273804,1.5237523317337036,0.7548174858093262,0.8656666874885559,1.0708272457122805,4.557949542999268
AND,1coy,A,apoc964a91256,A,0,[21],[21],AND,AND,12.389020374667032,2.1526265144348145,1.5357789993286133,0.693691074848175,0.9186044335365297,1.329138159751892,5.533524990081787
SF4,1isu,A,apoecffb133be,A,0,[8],[8],SF4,SF4,28.476859781917888,1.5849342346191406,1.540089726448059,0.6970283389091492,0.7307908535003662,1.1668776273727417,7.401035308837891
CA,2v72,A,apo3b0dfc1bf2,A,0,[1],[1],CA,CA,26.147528451834443,2.299901962280273,1.5104949474334717,0.6959735155105591,0.8171858787536621,0.9600914120674132,7.233559131622314
CA,apob9b68ff5cd,A,5ere,A,0,[1],[1],CA,CA,57.54821923332371,2.3315415382385254,1.4148720502853394,0.7114969491958618,0.8270176649093628,1.3733097314834597,8.519576072692871
SAM,2a5h,B,apo218b3ecdc8,A,0,[27],[27],SAM,SAM,13.585981202986803,2.205183744430542,1.7810907363891602,0.7213891744613647,0.7520256638526917,1.1720997095108032,5.760193347930908
TYD,apo4d523eb2b1,A,3rsc,A,0,[25],[25],TYD,TYD,12.052205996629633,2.4716038703918457,1.5186152458190918,0.7364704012870789,0.8746147751808167,1.225864052772522,5.465306282043457
HEM,2rfb,A,apob10e68cba3,A,0,[43],[43],HEM,HEM,9.896475619001665,2.460146427154541,1.3561302423477173,0.6745538711547852,0.7580400705337524,1.2799044847488403,4.973984241485596
CA,2ea7,A,apo43feadcb10,A,0,[1],[1],CA,CA,36.54104380643969,2.515222549438477,1.5146085023880005,0.7301406860351562,0.641478955745697,1.222981095314026,7.851358890533447
SF4,3h31,A,apo0262b01f14,A,0,[8],[8],SF4,SF4,19.89285393061113,2.614992618560791,1.4499874114990234,0.576946496963501,0.8069244623184204,1.2645695209503174,6.65471887588501
CA,apo6b42028fb0,A,2py2,A,0,[1],[1],CA,CA,35.539415122593546,2.3095877170562744,1.7782814502716064,0.7012320160865784,0.9910829663276672,1.523880124092102,7.804100036621094
SAM,apofd7fa63b48,A,1g60,A,0,[27],[27],SAM,SAM,25.467683705311124,2.598037004470825,1.7103370428085327,0.7723311185836792,0.677689254283905,1.0815421342849731,7.180531978607178
CA,apo9dd7208ad3,A,3qm2,B,0,[1],[1],CA,CA,37.6395593671508,2.417067527770996,1.6833016872406006,0.7416434288024902,0.924746036529541,1.1466094255447388,7.900904178619385
CA,1tlq,A,apobbaf3d7632,A,0,[1],[1],CA,CA,30.493392737359617,2.7259976863861084,1.4040664434432983,0.7368109822273254,0.8846533298492432,1.2725892066955566,7.530461311340332
RBF,apo9e85e46298,A,3p5n,A,0,[27],[27],RBF,RBF,14.522606813235821,2.4425272941589355,1.6609892845153809,0.7023696303367615,0.8903720378875732,1.233559250831604,5.922130107879639
SAM,2nv4,A,apo3edaafd604,A,0,[27],[27],SAM,SAM,13.62807663820161,2.320974826812744,1.6186037063598633,0.7615368366241455,0.6777642369270325,1.1191434860229492,5.767746925354004
TYD,3lv8,A,apoe9a08fdd69,A,0,[25],[25],TYD,TYD,22.096746694060432,2.46695876121521,1.5297236442565918,0.719913899898529,0.6733928322792053,1.204394817352295,6.8844194412231445
SAM,2plw,A,apo89e4b80ffd,A,0,[27],[27],SAM,SAM,3.5227551096930623,3.315700054168701,1.5662449598312378,0.7477853298187256,0.7843856811523438,1.090242624282837,2.6050572395324707
CA,apo0ca0430a9d,A,2n8y,A,0,[1],[1],CA,CA,45.58334963342031,1.8832674026489256,1.7111660242080688,0.7223762273788452,0.5536741614341736,1.0866308212280271,8.200900077819824
TTP,4xjc,A,apob9237ccc51,A,0,[29],[29],TTP,TTP,9.76110489832579,2.2818753719329834,1.3673532009124756,0.7121631503105164,0.4616019129753113,1.1023602485656738,4.939554214477539
NAI,apo3c9b9e3c2a,A,8ct0,H,0,[44],[36],NAI,NAI,10.371246588160647,2.807488203048706,1.57865309715271,0.7391691207885742,0.7615963816642761,1.0041550397872925,5.09112024307251
SAM,apo75a68138d6,A,5v3h,A,0,[27],[27],SAM,SAM,3.1374695509372064,3.1168642044067383,1.542676329612732,0.7043762803077698,0.8630601763725281,1.2209830284118652,2.388184070587158
ENO,apo45ebb5382c,A,5zbf,A,0,[13],[13],ENO,ENO,8.774390615096488,1.825892448425293,1.4721500873565674,0.6897622346878052,0.5969358682632446,1.2593470811843872,4.673595428466797
CA,apoe2ce7d6f4c,A,4y90,A,0,[1],[1],CA,CA,5.3628499661979525,2.3064780235290527,1.4162806272506714,0.6842055916786194,0.8271625638008118,1.0868934392929075,3.490791082382202
CA,apoa83783886b,A,7dmk,A,0,[1],[1],CA,CA,31.175431142469627,2.040621757507324,1.5802820920944214,0.7187929153442383,0.7773305177688599,0.966486155986786,7.571367263793945
CA,apo3e1304512f,A,5guw,A,0,[1],[1],CA,CA,19.020709902775906,2.0888047218322754,1.5936274528503418,0.7236888408660889,0.4677720069885254,1.071527361869812,6.554184913635254
K,2gj8,D,apob2881074d9,A,0,[1],[1],K,K,14.577363275619195,2.2544312477111816,1.3928029537200928,0.6821265816688538,0.8930341005325317,1.4981602430343628,5.931215286254883
TYD,apo3721324a05,A,4mzu,F,0,[25],[25],TYD,TYD,37.83767483323039,2.313438892364502,1.578791856765747,0.6918905973434448,0.7700487375259399,1.1131176948547363,7.909597396850586
FDA,1tvc,A,apo0e37ab3f3e,A,0,[53],[53],FDA,FDA,10.250596731305839,2.6598124504089355,1.6294500827789309,0.7000005841255188,0.5460383892059326,1.2124814987182615,5.061873912811279
CA,1d2l,A,apo7f35c80e4b,A,0,[1],[1],CA,CA,8.265002758712589,2.25454044342041,1.5972462892532349,0.7203612923622131,0.6811286211013794,0.9221675395965576,4.525048732757568
RBF,apo489c48cc19,A,2vxa,A,0,[27],[27],RBF,RBF,17.32953023851334,2.2524781227111816,1.630708932876587,0.6318244934082031,0.9542281031608582,1.3520097732543943,6.340954303741455
PQQ,apof55a791b1b,A,2d0v,A,0,[24],[24],PQQ,PQQ,6.832107522483722,2.21394681930542,1.536378026008606,0.7462502121925354,0.785660982131958,1.1356886625289917,4.05897331237793
NAI,apo7b762ca870,A,6vw7,D,0,[27],[44],NAI,NAI,11.368917763650611,2.113630771636963,1.5630823373794556,0.6280050873756409,0.8461556434631348,1.3236007690429688,5.320305824279785
CA,apob72f2c9392,A,3b9x,C,0,[1],[1],CA,CA,4.796308683801812,2.865408182144165,1.6355987787246704,0.7192525267601013,0.5603004097938538,1.1331478357315063,3.2415575981140137
M6P,4rzc,A,apo703b2f492b,A,0,[16],[16],M6P,M6P,10.872783385473358,2.5714097023010254,1.4520224332809448,0.7565388679504395,0.8115732073783875,1.1136970520019531,5.209072113037109
SAM,apo6783e453af,A,2r3a,A,0,[27],[27],SAM,SAM,3.071826004852618,3.174178123474121,1.4136431217193604,0.724703311920166,0.823632538318634,1.1092264652252195,2.349959373474121
SAM,3dcm,X,apo89e4b80ffd,A,0,[27],[27],SAM,SAM,5.221801759801628,2.796205520629883,1.5622947216033936,0.7346964478492737,0.877649188041687,1.1471383571624756,3.4304754734039307
K,apo7398b20969,A,6npl,A,0,[1],[1],K,K,13.228977028793869,2.194058895111084,1.595102071762085,0.7444730401039124,0.8378565907478333,1.1290949583053589,5.695032119750977
CA,2fmd,A,apo292fbd3669,A,0,[1],[1],CA,CA,9.132545631965037,2.5187196731567383,1.411422848701477,0.7234159111976624,0.8792782425880432,0.9693725109100342,4.773303985595703
CA,1wky,A,apofbffd3f1d3,A,0,[1],[1],CA,CA,42.74410425523781,2.249041080474853,1.4737282991409302,0.7156461477279663,0.5008835196495056,1.2404639720916748,8.104053497314453
CA,apoc25b445e6f,A,3a09,A,0,[1],[1],CA,CA,41.62743889349516,2.3776330947875977,1.6276935338974,0.693132758140564,0.9813147187232972,1.1082755327224731,8.063045501708984
TYD,apo0119d595d5,A,4mzu,F,0,[25],[25],TYD,TYD,39.5228604522382,2.566202163696289,1.6614121198654177,0.6854560375213623,0.7404634356498718,1.0582938194274902,7.980730533599853
SAM,apofd7fa63b48,A,3ou7,A,0,[27],[27],SAM,SAM,22.738933965189034,2.838407516479492,1.4970636367797852,0.7118498086929321,0.922527551651001,1.249322533607483,6.94553279876709
FDA,3atq,A,apo0e37ab3f3e,A,0,[53],[53],FDA,FDA,5.8274093654038674,2.7598347663879395,1.3574951887130735,0.7019603252410889,0.8545204997062683,1.3987247943878174,3.681846618652344
SAM,3gcz,A,apo89e4b80ffd,A,0,[27],[27],SAM,SAM,4.898384328007245,3.0965352058410645,1.509778380393982,0.7096874117851257,0.8424486517906189,1.1744520664215088,3.287862777709961
CA,apoecb5e337e5,A,4aah,A,0,[1],[1],CA,CA,15.321332430991692,2.3598690032958984,1.7242467403411863,0.7316442131996155,0.5762636065483093,1.22281014919281,6.050760746002197
CA,apob9b68ff5cd,A,2c5u,A,0,[1],[1],CA,CA,39.91918771634246,2.0733766555786133,1.5336203575134275,0.6314330101013184,0.9630349278450012,1.112786054611206,7.996762275695801
TYD,apo4d523eb2b1,A,6vlo,A,0,[25],[25],TYD,TYD,8.524593480010038,2.414940595626831,1.352489948272705,0.7275257110595703,0.9391118884086608,1.3443444967269895,4.601770877838135
NAI,1gz6,B,apo7b762ca870,A,0,[44],[44],NAI,NAI,16.225923014924682,2.099653482437134,1.5375906229019165,0.6824461817741394,0.8962801098823547,1.1364948749542236,6.186978816986084
CA,apo59407ed774,A,5swi,B,0,[1],[1],CA,CA,14.969867471645417,2.625120162963867,1.2176002264022827,0.732090950012207,0.9205052256584167,1.0127304792404177,5.99517297744751
RBF,apo9e85e46298,A,5kbw,B,0,[27],[27],RBF,RBF,11.40950276179923,2.7631020545959477,1.500212788581848,0.756005048751831,0.8821718692779541,1.2495537996292114,5.329176902770996
RBF,apo3272937f0a,A,5kbw,B,0,[27],[27],RBF,RBF,6.6435582411883125,2.530359029769897,1.673171043395996,0.7129335403442383,0.7470943927764893,1.1342159509658811,3.991669416427612
TYD,2pae,A,apo3721324a05,A,0,[25],[25],TYD,TYD,16.685203713466223,2.275692939758301,1.5177578926086426,0.7114535570144653,0.9130825400352478,0.8415060639381409,6.252604961395264
SAM,3dlc,A,apo218b3ecdc8,A,0,[27],[27],SAM,SAM,1.7506041359072633,4.644659996032715,0.7282170057296753,0.8258796334266663,0.9379424452781676,0.7481361627578735,1.4897992610931396
NAI,6cdf,A,apo7b762ca870,A,0,[44],[44],NAI,NAI,25.29309404431394,1.878567695617676,1.4957410097122192,0.6670165061950684,0.8055651783943176,1.3364508152008057,7.166584491729736
SAM,3q87,B,apo89e4b80ffd,A,0,[27],[27],SAM,SAM,2.826978226085314,3.188696384429932,1.502107858657837,0.7147915959358215,0.8501031994819641,1.0297085046768188,2.2039315700531006
CA,4aqt,A,apoc417c76aff,A,0,[1],[1],CA,CA,51.609980974853656,1.709299087524414,1.88412344455719,0.7086200714111328,0.4579792618751526,0.9026655554771424,8.376886367797852
RBF,apo5d61b7f6bc,A,3p5n,A,0,[27],[27],RBF,RBF,18.59547359780525,2.280611276626587,1.6404848098754885,0.7118129134178162,0.904197096824646,1.1806241273880005,6.50294303894043
TYD,apoa6cedd5e6c,A,5tpv,B,0,[25],[25],TYD,TYD,17.292561955937096,2.43129825592041,1.6168934106826782,0.7895029187202454,0.7316283583641052,1.1288840770721436,6.335998058319092
TYD,apob8d00776c6,A,5tpv,B,0,[25],[25],TYD,TYD,10.793976866716601,2.453749418258667,1.5660592317581177,0.6874019503593445,0.6573472023010254,1.152849555015564,5.190915107727051
CA,2gwr,A,apo14bbc9c150,A,0,[1],[1],CA,CA,6.074865886735751,2.5929291248321533,1.358007788658142,0.6798900365829468,0.9213371872901917,1.166075348854065,3.77910828590393
TTP,1mc3,A,apo95216f807b,A,0,[29],[29],TTP,TTP,16.058103495235578,2.467942476272583,1.4203720092773438,0.6949775815010071,0.7946811318397522,1.3126095533370972,6.162422180175781
NAI,apo38fd9e3bee,A,8ct0,H,0,[44],[44],NAI,NAI,9.170948127101214,3.008028507232666,1.3889869451522827,0.746552050113678,0.8437179923057556,1.1416447162628174,4.783773899078369
FDA,apo0e970d49e6,A,4iv6,B,0,[53],[53],FDA,FDA,3.7662736889354194,2.6078498363494877,1.5958468914031982,0.7321326732635498,0.7731816172599792,1.1317983865737915,2.735870122909546
NAI,4n54,A,apo7b762ca870,A,0,[44],[44],NAI,NAI,15.23858482095202,2.27579402923584,1.5427354574203491,0.6520311236381531,0.9196338653564452,1.047744870185852,6.03781270980835
RBF,apo3272937f0a,A,2vxa,A,0,[27],[27],RBF,RBF,9.803856873347792,2.2567098140716557,1.5822196006774902,0.7318205237388611,0.9042823910713196,1.0701487064361572,4.950478553771973
SAM,4lg1,A,apo89e4b80ffd,A,0,[27],[27],SAM,SAM,2.882591612652417,3.168908834457397,1.4784988164901731,0.7176011204719543,0.7383311986923218,1.1502642631530762,2.237586736679077
SAM,2nv4,A,apoa049c7a917,A,0,[27],[27],SAM,SAM,22.53145565308252,2.672985792160034,1.4848918914794922,0.7322351932525635,0.8030914664268494,1.13269305229187,6.926052093505859
SAM,apofd7fa63b48,A,3fzg,A,0,[27],[27],SAM,SAM,22.917434867600505,2.474621057510376,1.715131163597107,0.7496538758277893,0.8364055752754211,1.093119978904724,6.962096214294434
SAM,5n5d,A,apo218b3ecdc8,A,0,[27],[27],SAM,SAM,1.7161756297270794,4.620418071746826,0.7094731330871582,0.8364726901054382,0.9988165497779846,0.716176450252533,1.4647916555404663
RBF,apo489c48cc19,A,3p5n,A,0,[27],[27],RBF,RBF,26.64779305231272,2.251742362976074,1.6175718307495115,0.7597588896751404,0.939052939414978,0.979850172996521,7.271322727203369
SAM,apof8f1672997,A,3okx,A,0,[27],[27],SAM,SAM,28.899013275714285,2.0049216747283936,1.600141167640686,0.6492513418197632,0.9630529284477234,1.5796736478805542,7.429240703582764
RBF,apo3272937f0a,A,4iil,A,0,[27],[27],RBF,RBF,11.74356439215953,2.1899685859680176,1.5766613483428955,0.7098210453987122,0.8603302240371704,1.0939334630966189,5.400938034057617
BG6,2cir,A,apob90cad9cbd,A,0,[16],[16],BG6,BG6,25.5995250345657,2.381230592727661,1.587202072143555,0.7376680374145508,0.9426450729370116,1.2691041231155396,7.19097375869751
CA,apo1c3651d2d2,A,6n4d,D,0,[1],[1],CA,CA,11.104318926847187,2.0071351528167725,1.372003436088562,0.6786433458328247,0.8466328382492065,1.1006032228469849,5.261633396148682
CA,3sqg,A,apo8dac777825,A,0,[1],[1],CA,CA,47.7325445350761,1.9491138458251955,1.5958900451660156,0.64363694190979,0.9755945205688475,1.3596585988998413,8.267874717712402
PQQ,apof55a791b1b,A,6dam,A,0,[24],[24],PQQ,PQQ,3.9753831173214684,2.078331232070923,1.5987788438796997,0.7309247255325317,0.8155661225318909,1.0764107704162598,2.8445611000061035
CA,apo2d0879eddd,A,4sbv,C,0,[1],[1],CA,CA,26.516975332020067,1.8540494441986084,1.6546229124069214,0.6912767291069031,0.7957401871681213,1.0708050727844238,7.261547565460205
NAI,2dkn,A,apo7b762ca870,A,0,[44],[44],NAI,NAI,23.716069534634602,2.176703453063965,1.8209730386734009,0.6794514656066895,0.7948018312454224,1.0556695461273191,7.034055233001709
TYD,apo0119d595d5,A,5tpu,A,0,[25],[25],TYD,TYD,8.249724990399356,2.484649419784546,1.5471991300582886,0.7586959600448608,0.5879942178726196,1.0151875019073486,4.52046537399292
PQQ,apof55a791b1b,A,5xm3,A,0,[24],[24],PQQ,PQQ,9.919440867531831,2.3586974143981934,1.45611572265625,0.7406603097915649,0.6922145485877991,1.0798192024230957,4.97977876663208
CA,1bh6,A,apoeee4dcb16e,A,0,[1],[1],CA,CA,27.77853117196471,2.574490785598755,1.2803077697753906,0.7188926935195923,0.8131728172302246,1.086613655090332,7.352993965148926
CA,apoc8c9394abe,A,3fyb,B,0,[1],[1],CA,CA,21.844431864839976,2.48029899597168,1.389401078224182,0.7118101119995117,0.9797171950340272,1.3442682027816772,6.859733581542969
CA,2ess,A,apoc6a9d5022c,A,0,[1],[1],CA,CA,49.63703951001641,2.1927456855773926,1.6432044506072998,0.6938436627388,0.924616277217865,1.3244682550430298,8.323189735412598
CA,apod942eb9a99,A,7nit,D,0,[1],[1],CA,CA,54.86645654386133,1.5355048179626465,1.488879680633545,0.6094924211502075,0.7765045762062073,1.5618841648101809,8.45837116241455
CA,4gdj,B,apo1ad410930f,A,0,[1],[1],CA,CA,32.67165857008419,2.219607353210449,1.5644798278808594,0.6734367609024048,0.7884978652000427,1.2452664375305176,7.656524181365967
CA,apodd7da14ad2,A,2xfg,A,0,[1],[1],CA,CA,34.237917353021885,2.5046019554138184,1.3815431594848633,0.7220556139945984,0.8735851645469666,1.3027435541152954,7.739495754241943
CA,apo631ce0067f,A,3ge4,A,0,[1],[1],CA,CA,16.87580344433889,2.423391342163086,1.5823386907577517,0.6744830012321472,0.5736287236213684,1.0012034177780151,6.279181003570557
CA,3q13,A,apo0856f353f7,A,0,[1],[1],CA,CA,44.80486491854345,1.8424190282821653,1.780143141746521,0.538520097732544,0.2925214171409607,1.454079508781433,8.175344467163086
CA,2i7a,A,apoaba9112247,A,0,[1],[1],CA,CA,26.139013278272294,2.2193245887756348,1.6048636436462402,0.7113713026046753,0.7142701148986816,1.0423563718795776,7.232907295227051
FDA,3ukk,A,apo0e37ab3f3e,A,0,[53],[53],FDA,FDA,5.853571693696419,2.51561975479126,1.3791718482971191,0.6713083386421204,0.9042612910270692,1.136507868766785,3.692273139953613
CA,apo9aaff034e6,A,3dxp,A,0,[1],[1],CA,CA,24.108373820199276,2.373727798461914,1.6299558877944946,0.7212293148040771,0.9789412617683412,1.1026819944381714,7.068168640136719
NAI,1o0s,A,apo7b762ca870,A,0,[44],[44],NAI,NAI,15.988472463200228,1.733072280883789,1.6374000310897827,0.6569026708602905,0.829570472240448,1.3290358781814575,6.152140140533447
CA,3usu,A,apob1bbb15746,A,0,[1],[1],CA,CA,17.228431017284063,2.504159927368164,1.438401222229004,0.7320441007614136,0.9003345370292664,0.9917775392532348,6.327368259429932
FDA,apo0e970d49e6,A,4n5f,A,0,[53],[53],FDA,FDA,3.59531294553715,2.7701191902160645,1.5678938627243042,0.7042219638824463,0.6913147568702698,1.2587753534317017,2.644523859024048
CA,3dzc,A,apoa6ac90cc67,A,0,[1],[1],CA,CA,53.23434874849085,2.500862598419189,1.5855015516281128,0.7541922330856323,0.7949230670928955,0.9332937002182008,8.418581008911133
CA,2e3x,B,apo016e4f7180,A,0,[1],[1],CA,CA,33.743614666919754,2.6593105792999268,1.6126302480697632,0.7568102478981018,0.5673931241035461,1.1342629194259644,7.71395206451416
TYD,apo4d523eb2b1,A,4g2t,A,0,[25],[25],TYD,TYD,7.48919117894791,2.5483381748199463,1.509533405303955,0.7421013712882996,0.6609035134315491,1.0538486242294312,4.282182693481445
NAI,apoabbffcddc8,A,8ct0,H,0,[44],[44],NAI,NAI,10.999215865805409,2.8078689575195312,1.5499393939971924,0.7473335862159729,0.4214340448379516,0.915640652179718,5.237917423248291
NAI,apodc159d30e1,A,8ct0,H,0,[44],[44],NAI,NAI,10.20126982316645,2.881545066833496,1.5190690755844116,0.7569311857223511,0.7215842604637146,0.93626070022583,5.049816131591797
CA,apofa4862e1de,A,8gyr,B,0,[1],[1],CA,CA,71.57388455700851,2.104243278503418,1.4073615074157717,0.6300535798072815,0.979752480983734,1.2943875789642334,8.774117469787598
CA,apo474d3c57c8,A,2olg,A,0,[1],[1],CA,CA,31.454662619677578,1.7102737426757812,1.4689569473266602,0.6358965635299683,0.9450681805610656,1.106738805770874,7.58772611618042
CA,apoa96bded5bb,A,2bl0,B,0,[1],[1],CA,CA,38.198778776975104,2.2011501789093018,1.4247571229934692,0.7206264138221741,0.9439924955368042,1.120973825454712,7.925258636474609
TTP,2j87,D,apo95216f807b,A,0,[29],[29],TTP,TTP,17.48578234830311,1.9818882942199707,1.5684959888458252,0.7045988440513611,0.5809213519096375,1.2344427108764648,6.36175537109375
CA,apo201baba6f3,A,4w65,A,0,[1],[1],CA,CA,29.93307267958917,2.2821786403656006,1.659462571144104,0.7101046442985535,0.8316280245780945,0.9849745035171508,7.495810031890869
TYD,3vbm,E,apobdb30dfd1f,A,0,[25],[25],TYD,TYD,24.817684441491433,2.542178153991699,1.8086369037628172,0.724179208278656,0.865911066532135,1.180119276046753,7.127896308898926
TYD,3vbm,E,apoa6cedd5e6c,A,0,[25],[25],TYD,TYD,23.456786361596496,2.510561943054199,1.7773815393447876,0.7095670104026794,0.7484682202339172,1.2067726850509644,7.0110697746276855
CA,2bl0,C,apo78da5fe39b,A,0,[1],[1],CA,CA,50.62622320512265,2.2059130668640137,1.4734574556350708,0.6932807564735413,0.8576599955558777,1.0599552392959597,8.35054874420166
IPE,apof80eee5ece,A,4dxj,A,0,[14],[14],IPE,IPE,10.894729778590701,2.842426300048828,1.4168516397476196,0.6879124641418457,0.591990053653717,1.3018718957901,5.214104175567627
RBF,apo3272937f0a,A,6n7f,A,0,[27],[27],RBF,RBF,14.817741280604405,2.487865686416626,1.5082428455352783,0.6805236339569092,0.4928734004497528,1.1606115102767944,5.9706244468688965
TYD,2v54,A,apoe9a08fdd69,A,0,[25],[25],TYD,TYD,21.187277702653162,2.4206159114837646,1.540530800819397,0.7071719765663147,0.9350572824478148,1.087504506111145,6.793564319610596
RBF,apo489c48cc19,A,6n7f,A,0,[27],[27],RBF,RBF,20.031062784859138,1.7957274913787842,1.5067894458770752,0.697851836681366,0.9110125303268432,1.3600940704345703,6.670114517211914
TYD,3oth,A,apoe9a08fdd69,A,0,[25],[25],TYD,TYD,19.662041307728234,2.004544496536255,1.438308835029602,0.7073915600776672,0.767159104347229,0.9770699739456176,6.628687858581543
K,apo559322ca14,A,6npl,A,0,[1],[1],K,K,12.124934893367547,1.6734559535980225,1.6123371124267578,0.6682295799255371,0.70627760887146,1.4649513959884644,5.480212688446045
TYD,3rsc,A,apoe9a08fdd69,A,0,[25],[25],TYD,TYD,20.00286988053228,2.176491498947144,1.5489767789840698,0.7109279036521912,0.4517212510108948,1.1273348331451416,6.666985511779785
CA,apoca96797202,A,7ehg,E,0,[1],[1],CA,CA,18.564093001868585,2.1166367530822754,1.5163242816925049,0.7536053657531738,0.9215825200080872,1.078274130821228,6.499101161956787
SF4,1isu,A,apoa322bb6fb6,A,0,[8],[8],SF4,SF4,21.706227788728764,2.1849679946899414,1.7113138437271118,0.548407793045044,0.9972144961357116,1.205971360206604,6.84604549407959
CA,apo2154602018,A,2kpn,A,0,[1],[1],CA,CA,34.306967351913585,2.177006244659424,1.3416452407836914,0.6415399312973022,0.6136438250541687,1.4550164937973022,7.743018627166748
TYD,2pae,A,apo0119d595d5,A,0,[25],[25],TYD,TYD,10.112373698988215,2.271662712097168,1.695858120918274,0.7039642930030823,0.893929660320282,1.065580129623413,5.027936458587647
TTP,apodca2890c4d,A,4xjc,A,0,[29],[29],TTP,TTP,37.28068941386113,2.1825742721557617,1.693456530570984,0.6436183452606201,0.5062205195426941,1.1963059902191162,7.884971618652344
TYD,apoa6cedd5e6c,A,4mzu,F,0,[25],[25],TYD,TYD,39.82408407662137,2.447089672088623,1.5355862379074097,0.706394612789154,0.5970416069030762,1.0445042848587036,7.99293851852417
K,apo5634e23ee1,A,6npl,A,0,[1],[1],K,K,14.271367787458873,2.281477212905884,1.756303787231445,0.6616012454032898,0.9347525238990784,1.2053674459457395,5.879919052124023
FDA,3itg,A,apo0e37ab3f3e,A,0,[53],[53],FDA,FDA,6.881009902244545,2.671119213104248,1.5764808654785156,0.7042179107666016,0.733045756816864,1.0474870204925537,4.076183795928955
FDA,4tlx,A,apo0e37ab3f3e,A,0,[53],[53],FDA,FDA,5.815751776908934,2.470811128616333,1.710371017456055,0.6754168272018433,0.5812013745307922,1.6256073713302612,3.677189588546753
FDA,4jnq,A,apo0e37ab3f3e,A,0,[53],[53],FDA,FDA,5.938814588514072,2.4964616298675537,1.578000545501709,0.715571939945221,0.7571189403533936,1.1970824003219604,3.726007699966431
K,2qv6,A,apo559322ca14,A,0,[1],[1],K,K,24.036950705018565,2.063776016235352,1.626888394355774,0.7439830899238586,0.941652536392212,1.0914734601974487,7.062016487121582
TYD,apoe9a08fdd69,A,6vlo,A,0,[25],[25],TYD,TYD,21.186906671952848,2.151416778564453,1.815894603729248,0.6823304891586304,0.5726243853569031,1.0930842161178589,6.79352617263794
RBF,apo5d61b7f6bc,A,5kbw,B,0,[27],[27],RBF,RBF,9.648549743252262,2.5602941513061523,1.481826901435852,0.730633556842804,0.8829384446144104,1.0482927560806274,4.9105658531188965
TYD,apoa6cedd5e6c,A,5tpu,A,0,[25],[25],TYD,TYD,9.978003878138246,2.541961193084717,1.6621917486190796,0.7694792747497559,0.7736983895301819,0.9676997065544128,4.994494915008545
TYD,apo4d523eb2b1,A,1pn3,A,0,[25],[25],TYD,TYD,8.381379583387346,2.18593692779541,1.6441195011138916,0.7220287919044495,0.8735771179199219,1.1293872594833374,4.559711933135986
TYD,apo3721324a05,A,5tpv,B,0,[25],[25],TYD,TYD,13.791767578652356,2.1787729263305664,1.633099913597107,0.7256613373756409,0.8075435161590576,1.0489484071731567,5.796865463256836
K,apob680d44f71,A,6npl,A,0,[1],[1],K,K,26.270682475871453,2.226658582687378,1.6716026067733765,0.648148238658905,0.9653401970863342,1.309808373451233,7.242952346801758
TYD,1pn3,A,apoe9a08fdd69,A,0,[25],[25],TYD,TYD,22.24762412052018,1.915421724319458,1.6598328351974487,0.7527559399604797,0.7040802240371704,1.0426501035690308,6.898996353149414
TYD,3vbm,E,apo7b54455720,A,0,[25],[25],TYD,TYD,23.11038727188131,2.811535596847534,1.62628436088562,0.757157564163208,0.9275089502334596,1.0253498554229736,6.979799747467041
PQQ,apof55a791b1b,A,8gy2,A,0,[24],[24],PQQ,PQQ,4.720815781536184,2.185790538787842,1.6905522346496582,0.7019380331039429,0.7383310794830322,1.3391132354736328,3.2068982124328613
FDA,3swo,A,apo0e970d49e6,A,0,[53],[53],FDA,FDA,3.3734418231762486,2.5475761890411377,1.6365529298782349,0.7247247695922852,0.7017690539360046,1.186468243598938,2.522493362426758
SF4,1pih,A,apo1ec04f1101,A,0,[8],[8],SF4,SF4,29.439870311095397,1.8878989219665527,1.7325992584228516,0.7026363611221313,0.9380209445953368,1.243030667304993,7.464494705200195
TYD,1r66,A,apoe9a08fdd69,A,0,[25],[25],TYD,TYD,23.95122677759511,2.160172939300537,1.5375795364379885,0.6527198553085327,0.7119982242584229,1.2192614078521729,7.054598331451416
K,2gj8,D,apo559322ca14,A,0,[1],[1],K,K,21.72022160497226,2.242368221282959,1.4986594915390017,0.7310789227485657,0.6947000026702881,1.388501763343811,6.847436904907227
TYD,apob8d00776c6,A,3vbm,E,0,[25],[25],TYD,TYD,32.47005086113583,2.49405288696289,1.5993285179138184,0.706764280796051,0.8896462321281433,1.163508653640747,7.645399570465088
TYD,apo4d523eb2b1,A,2v54,A,0,[25],[25],TYD,TYD,7.8703952556303856,2.366626501083374,1.6955536603927612,0.7708379030227661,0.8429813385009766,0.9023243188858032,4.404152870178223
PQQ,apof55a791b1b,A,4mh1,B,0,[24],[24],PQQ,PQQ,9.001320573078884,2.074540138244629,1.5241293907165527,0.7724329829216003,0.7227298617362976,1.070862889289856,4.737207889556885
TYD,apob8d00776c6,A,4mzu,F,0,[25],[25],TYD,TYD,11.792341622620995,2.4311442375183105,1.597454071044922,0.6772656440734863,0.7585799694061279,1.0410462617874146,5.411231994628906
TYD,2pae,A,apo7b54455720,A,0,[25],[25],TYD,TYD,7.579698286510207,2.674368143081665,1.4728225469589231,0.7534396052360535,0.9425534009933472,1.0516430139541626,4.311620235443115
PQQ,apof55a791b1b,A,6zcv,A,0,[24],[24],PQQ,PQQ,6.71467103814893,2.0032076835632324,1.617956042289734,0.7533712387084961,0.8114360570907593,1.1390280723571775,4.0172319412231445
TYD,apo4d523eb2b1,A,6b5e,B,0,[25],[25],TYD,TYD,28.683220483171343,2.461611270904541,1.7115098237991333,0.7005151510238647,0.9005697965621948,1.0352222919464111,7.414899826049805
TYD,apo4d523eb2b1,A,3hjn,A,0,[25],[25],TYD,TYD,7.09278992470589,2.797536849975586,1.360542058944702,0.7878971695899963,0.922957718372345,1.0202455520629885,4.149580001831055
TTP,4xjc,A,apo07a533bd13,A,0,[29],[29],TTP,TTP,9.427257050670711,2.3547277450561523,1.7096633911132812,0.7166754603385925,0.8731291890144348,1.4430947303771973,4.852592945098877
FDA,apo0e970d49e6,A,4xvx,B,0,[53],[53],FDA,FDA,4.216438984561571,2.498162031173706,1.7755714654922483,0.7029477953910828,0.7968094348907471,1.1177715063095093,2.9658896923065186
SIA,4d62,A,apof988af7c38,A,0,[21],[21],SIA,SIA,46.01813392198418,2.1519429683685303,1.488911509513855,0.6341433525085449,0.8075883984565735,1.6790350675582886,8.214863777160645
K,4jay,A,apob2881074d9,A,0,[1],[1],K,K,11.95566282608261,2.2146196365356445,1.5258342027664185,0.7493139505386353,0.9749771356582642,1.0286463499069214,5.445366382598877
TYD,4mzu,F,apobdb30dfd1f,A,0,[25],[25],TYD,TYD,41.351119725872955,2.578711032867432,1.7759344577789309,0.6644654870033264,0.6221740245819092,1.0639492273330688,8.05262279510498
TYD,apo4d523eb2b1,A,4lxq,B,0,[25],[25],TYD,TYD,13.967396645950524,2.56642484664917,1.400266408920288,0.7289609313011169,0.8572545051574707,1.191760778427124,5.827665328979492
TYD,2pae,A,apoa6cedd5e6c,A,0,[25],[25],TYD,TYD,22.31361503360172,2.3921661376953125,1.562008023262024,0.7426916360855103,0.8447908163070679,1.2278215885162354,6.90532922744751
FDA,3rha,A,apo0e37ab3f3e,A,0,[53],[53],FDA,FDA,6.7265372683229465,2.6638851165771484,1.6374620199203491,0.7623114585876465,0.7886373400688171,1.1662336587905884,4.021476268768311
TYD,apo3721324a05,A,5tpu,A,0,[25],[25],TYD,TYD,16.660005326529614,2.218022584915161,1.597706913948059,0.6633906364440918,0.7465201616287231,1.299572467803955,6.249063014984131
TYD,3vbm,E,apo0119d595d5,A,0,[25],[25],TYD,TYD,16.702960706964713,2.274702548980713,1.5525192022323608,0.7351973056793213,0.8266648650169373,1.0629678964614868,6.255096912384033
RBF,apo3272937f0a,A,4d1y,A,0,[27],[27],RBF,RBF,23.796664863878775,2.6872096061706543,1.478440284729004,0.732771098613739,0.9420090317726136,1.1673675775527954,7.041128158569336
FDA,apo0e970d49e6,A,4m9a,B,0,[53],[53],FDA,FDA,3.6540795963425214,2.748492956161499,1.5531766414642334,0.6922762989997864,0.6925472021102905,1.2843263149261477,2.6761815547943115
TYD,apobdb30dfd1f,A,5tpu,A,0,[25],[25],TYD,TYD,5.952082413575189,2.292587757110596,1.6024527549743652,0.7226465344429016,0.7416592836380005,1.020624041557312,3.7312259674072266
K,apo144c39e067,A,6npl,A,0,[1],[1],K,K,31.451508017923462,1.773115873336792,1.7203134298324585,0.6620550155639648,0.9191436171531676,1.432009220123291,7.587542533874512
TYD,apob8d00776c6,A,2pae,A,0,[25],[25],TYD,TYD,9.796579168730432,2.401275157928467,1.4927856922149658,0.7264153361320496,0.412223070859909,1.0715513229370115,4.948622226715088
TYD,4g2t,A,apoe9a08fdd69,A,0,[25],[25],TYD,TYD,18.763800342946084,2.2006020545959477,1.5555098056793213,0.711391806602478,0.5346766710281372,1.0224497318267822,6.523407936096191
RBF,apo9e85e46298,A,3a35,A,0,[27],[27],RBF,RBF,15.543341301904672,2.3946685791015625,1.6653937101364136,0.6958861947059631,0.8406506776809692,1.1955493688583374,6.085085391998291
TYD,1rrv,A,apoe9a08fdd69,A,0,[25],[25],TYD,TYD,18.335296978868293,1.815056324005127,1.4839383363723757,0.7340148687362671,0.6638750433921814,0.997128129005432,6.470832824707031
K,apo8711722b82,A,6npl,A,0,[1],[1],K,K,64.9146063963935,2.0295352935791016,1.5435945987701416,0.5741854906082153,0.4817799925804138,1.0926663875579834,8.665146827697754
TYD,4mzu,F,apo7b54455720,A,0,[25],[25],TYD,TYD,8.46070369003336,2.2456674575805664,1.5450278520584106,0.6637135148048401,0.9738590121269226,1.5760647058486938,4.583088397979736
TYD,4lxq,B,apoe9a08fdd69,A,0,[25],[25],TYD,TYD,27.279593932523674,2.213977813720703,1.7235761880874634,0.7301154732704163,0.6369194388389587,1.3052175045013428,7.317567348480225
TYD,apoe9a08fdd69,A,6b5e,B,0,[25],[25],TYD,TYD,29.556583411469365,2.298494577407837,1.6666312217712402,0.7099034190177917,0.5982058048248291,1.1866376399993896,7.471975803375244
TYD,apo0119d595d5,A,5tpv,B,0,[25],[25],TYD,TYD,10.9815827670951,2.350746154785156,1.7357752323150637,0.742836594581604,0.6577164530754089,1.0482808351516724,5.233915328979492
TYD,4e2x,A,apoe9a08fdd69,A,0,[25],[25],TYD,TYD,36.09819280485084,2.379290103912353,1.529263615608215,0.7171614766120911,0.7011162638664246,1.0463694334030151,7.83071756362915
TYD,3hjn,A,apoe9a08fdd69,A,0,[25],[25],TYD,TYD,21.30180393983086,2.2075445652008057,1.5299042463302612,0.7205648422241211,0.4106012284755707,1.2389317750930786,6.805295944213867
TYD,apo4d523eb2b1,A,1r66,A,0,[25],[25],TYD,TYD,11.602605557184246,2.385800361633301,1.5558501482009888,0.6922143697738647,0.8827019333839417,1.1615068912506104,5.370928764343262
TYD,2pae,A,apobdb30dfd1f,A,0,[25],[25],TYD,TYD,6.045313516626852,2.606923341751098,1.6252987384796145,0.7103613018989563,0.8107752203941345,0.9770941734313964,3.767650604248047
1GP,apo58adbd4ccd,A,4jej,A,1,[10],[10],1GP,1GP,9.431760870828183,2.810378074645996,1.4102612733840942,0.7139102220535278,0.9617013335227966,1.070692777633667,4.853785991668701
AZM,apof868c5ca11,A,4xiw,C,1,[13],[13],AZM,AZM,7.333775807125509,2.5010952949523926,1.6069291830062866,0.7053163051605225,0.4776579439640045,0.976782500743866,4.230916500091553
NAI,apo550ef7e2ba,A,6ct6,B,1,[44],[44],NAI,NAI,3.7819274195888246,3.1699435710906982,1.484925627708435,0.7570111751556396,0.6433346271514893,0.9964628219604492,2.7441208362579346
SF4,2a5h,B,apo39ca58ccee,A,1,[8],[8],SF4,SF4,35.73101297428041,2.1432201862335205,1.615535855293274,0.737608015537262,0.7118191719055176,0.9977583289146424,7.813300132751465
NAI,apoad92680901,A,3fhm,A,1,[44],[44],NAI,NAI,5.887840731887725,2.8740639686584477,1.4345440864562988,0.7202475070953369,0.6990525722503662,1.1191805601119995,3.705878496170044
SAM,apof8f1672997,A,3uj7,A,1,[27],[27],SAM,SAM,12.43215620291875,2.188480854034424,1.4934066534042358,0.640935480594635,0.7925845980644226,1.2378398180007937,5.542113780975342
AZM,apof868c5ca11,A,4g7a,B,1,[13],[13],AZM,AZM,6.3468454083231,2.654789924621582,1.5599275827407837,0.7206469774246216,0.5307968854904175,1.0661958456039429,3.882611751556397
COM,1e6v,A,apo3011c05f11,A,1,[7],[7],COM,COM,38.69016239789912,2.31733512878418,1.512176513671875,0.7144293189048767,0.8975131511688232,1.1427468061447144,7.946197032928467
KH2,4dmo,A,apoef7d108f72,A,1,[14],[14],KH2,KH2,30.995550829234727,2.5312576293945312,1.588170886039734,0.6239913105964661,0.9030110239982604,1.23382830619812,7.560710906982422
NAI,3afo,A,apoac6ecc83f5,A,1,[44],[44],NAI,NAI,5.415849144980404,2.446819305419922,1.5721383094787598,0.729713499546051,0.804753839969635,1.1423835754394531,3.513169527053833
K,apo7398b20969,A,2qv6,A,1,[1],[1],K,K,34.83133459644354,2.5363564491271973,1.7456066608428955,0.7041624784469604,0.868834912776947,1.042263746261597,7.769417285919189
SAM,apodf7d279eb3,A,5v3h,A,1,[27],[27],SAM,SAM,3.1564239378871086,2.980591297149658,1.5139051675796509,0.7217099666595459,0.5584486126899719,1.1288585662841797,2.3991503715515137
NAI,apofccf8b8bc2,A,3fhm,A,1,[44],[44],NAI,NAI,15.760854397478,2.7746315002441406,1.6995774507522583,0.7536041140556335,0.8690006136894226,0.9975471496582032,6.118141174316406
SAM,apof8f1672997,A,4a6d,A,1,[27],[27],SAM,SAM,10.901429147496785,2.495391845703125,1.495324969291687,0.6760335564613342,0.9449705481529236,1.2211451530456543,5.215638160705566
TFA,2ra4,B,apo1fb0db778e,A,1,[7],[7],TFA,TFA,15.817364433882979,2.3056395053863525,1.6246213912963867,0.7127647399902344,0.84300696849823,1.1750401258468628,6.126637935638428
CA,3u48,B,apod4dd964dac,A,1,[1],[1],CA,CA,37.14802124182527,2.1785027980804443,1.5338057279586792,0.6996972560882568,0.3935653567314148,1.1626896858215332,7.87902021408081
M6P,apo3cd5c1e1fd,A,4rzc,A,1,[16],[16],M6P,M6P,16.507640776085445,2.178164005279541,1.6761258840560913,0.6832051277160645,0.5077671408653259,1.2960301637649536,6.227502822875977
AZM,apof868c5ca11,A,4x5s,A,1,[13],[13],AZM,AZM,6.814501147424345,2.6592884063720703,1.6204900741577148,0.735634982585907,0.5477685928344727,0.9889174103736876,4.052752494812012
FUL,apo9b541a929a,A,6tr4,A,1,[11],[10],FUL,FUL,58.93233944727964,1.7012497186660769,1.468569040298462,0.5655593872070312,0.166207805275917,1.165857195854187,8.549302101135254
QUE,apoe626992ece,A,3bpt,A,1,[22],[22],QUE,QUE,11.524453065005707,2.061290740966797,1.752811074256897,0.672084629535675,0.7900326251983643,1.2364610433578491,5.354121208190918
NAI,2q1s,A,apo550ef7e2ba,A,1,[44],[44],NAI,NAI,3.8038841920285877,3.2077741622924805,1.62344491481781,0.7309328317642212,0.8940988183021545,1.0779438018798828,2.755662202835083
TYD,apo0119d595d5,A,6b5e,B,1,[25],[25],TYD,TYD,25.035146208092016,3.065088987350464,1.366004467010498,0.7213490605354309,0.7868170738220215,1.1742281913757324,7.145723342895508
CAA,1dub,A,apo8e9f6a59b8,A,1,[54],[54],CAA,CAA,24.334944955920367,3.0715551376342773,1.3653388023376465,0.7383551597595215,0.821485161781311,1.1962015628814695,7.087515354156494
TYD,4mzu,F,apoe9a08fdd69,A,1,[25],[25],TYD,TYD,23.73580106424958,1.790580987930298,1.41499125957489,0.6933314204216003,0.5077663660049438,1.29704487323761,7.035789966583252
COM,3sqg,A,apo3011c05f11,A,1,[7],[7],COM,COM,25.214103695584136,2.434069395065308,0.8655890226364136,0.6910033822059631,0.8647631406784058,0.8756851553916931,7.160228729248047
SAM,apod86559e079,A,4k36,A,1,[27],[27],SAM,SAM,9.520495220571194,2.4638378620147705,1.6914845705032349,0.7180966734886169,0.8932394981384277,1.2641440629959106,4.877179145812988
AMZ,apo1885785949,A,4tx9,A,1,[22],[22],AMZ,AMZ,46.5139078272961,2.518805265426636,1.4565973281860352,0.6909334659576416,0.7771604657173157,1.1156980991363523,8.230524063110352
ENO,apo45ebb5382c,A,4jb0,A,1,[13],[13],ENO,ENO,11.472066068147628,2.4078547954559326,1.464342713356018,0.6382683515548706,0.7478802800178528,1.4263441562652588,5.342786312103272
NAI,3q2i,A,apoac6ecc83f5,A,1,[44],[44],NAI,NAI,4.357151069925588,3.0915422439575195,1.389399170875549,0.7216765880584717,0.8476423025131226,1.053830862045288,3.03482985496521
RUB,5yfj,A,apoa7fcc1a69f,A,1,[18],[18],RUB,RUB,19.392422630440972,2.4481592178344727,1.5740591287612915,0.7054253220558167,0.6126717925071716,1.0551817417144775,6.597762584686279
3CX,apo50172c3537,A,5m85,A,1,[15],[15],3CX,3CX,10.424367533277522,2.7698452472686768,1.5131336450576782,0.7086633443832397,0.9483191967010498,1.1430914402008057,5.103887557983398
BPY,1kmy,A,apo428c3500a6,A,1,[14],[14],BPY,BPY,16.758367508279886,2.5331475734710693,1.483136534690857,0.7305269837379456,0.8219456672668457,1.033751130104065,6.262851238250732
SAM,1wg8,A,apof8f1672997,A,1,[27],[27],SAM,SAM,13.077229498242538,2.505559206008911,1.728862166404724,0.6995478272438049,0.6377667784690857,0.9913206696510316,5.66672420501709
AND,1coy,A,apo61699997d9,A,1,[21],[21],AND,AND,9.622337153189568,2.4162745475769043,1.6904993057250977,0.752148449420929,0.9348452687263488,1.1720659732818604,4.903767108917236
FUL,apo89592d36e4,A,6tr4,A,1,[11],[11],FUL,FUL,31.43374469693423,2.421160221099853,1.500387191772461,0.7101007103919983,0.9217976331710817,1.0048725605010986,7.586508274078369
RBF,apo5d61b7f6bc,A,4d1y,A,1,[27],[27],RBF,RBF,18.946732762207056,2.646108627319336,1.4961433410644531,0.7102624773979187,0.8993187546730042,1.1243425607681274,6.545378684997559
IMH,apocbbbf3bcfc,A,3mb8,A,1,[19],[19],IMH,IMH,6.099138942733249,2.6073031425476074,1.5530542135238647,0.736784040927887,0.8163307905197144,1.026753306388855,3.788487672805786
CA,apo63d101a86e,A,5lf2,A,1,[1],[1],CA,CA,14.923695285044847,2.346306324005127,1.5778591632843018,0.6765966415405273,0.8731593489646912,1.6305371522903442,5.987753868103027
NAI,6jw7,A,apo172e797b27,A,1,[44],[44],NAI,NAI,17.174446002834127,2.58095932006836,1.5623903274536133,0.6835520267486572,0.9171942472457886,1.1705801486968994,6.320072174072266
DAN,1rv0,L,apod694db67ee,A,1,[20],[20],DAN,DAN,16.864146316874805,1.846262097358704,1.7528977394104004,0.6314494013786316,0.859656572341919,1.2807393074035645,6.277566432952881
NXL,6fj1,A,apo7788e8b5c3,A,1,[17],[17],NXL,NXL,3.1988727708297984,2.45070219039917,1.6342216730117798,0.724022388458252,0.4514640867710113,1.2589285373687744,2.423595428466797
DAR,apoaf43568773,A,6mp8,A,1,[12],[12],DAR,DAR,8.827203220125135,2.328409433364868,1.702068567276001,0.6923556327819824,0.8792745471000671,1.38337242603302,4.688536643981934
SAM,apof8f1672997,A,3dlc,A,1,[27],[27],SAM,SAM,11.469584298302603,2.46295166015625,1.590736746788025,0.6688756346702576,0.9015490412712096,1.3028162717819214,5.34224796295166
NAI,apo542a5d48e9,A,6t3e,B,1,[44],[44],NAI,NAI,4.3414694358900885,3.0035195350646973,1.587937831878662,0.6939353942871094,0.9004102349281311,1.1168895959854126,3.0272138118743896
K,2gj8,D,apo5634e23ee1,A,1,[1],[1],K,K,9.336169283683272,2.59200119972229,1.410739779472351,0.7094766497612,0.9128928780555724,1.3875172138214111,4.828344821929932
RBF,apo9e85e46298,A,4r3a,A,1,[27],[27],RBF,RBF,5.079487117446418,2.6824951171875,1.539975643157959,0.6770176291465759,0.93190598487854,1.2337908744812012,3.3684747219085693
F6P,2axn,A,apo7b44123974,A,1,[16],[16],F6P,F6P,15.724357422196512,2.4026899337768555,1.863811016082764,0.6855003237724304,0.8168210387229919,1.1241304874420166,6.11263370513916
BG6,4f66,A,apo95f6af94d0,A,1,[16],[16],BG6,BG6,8.611584157001163,2.8777921199798584,1.6194077730178833,0.7206498384475708,0.7524968385696411,0.9983816742897034,4.627002239227295
COM,apo3011c05f11,A,5a0y,A,1,[7],[7],COM,COM,21.42282330310698,2.0025973320007324,1.443933606147766,0.678286612033844,0.6335750222206116,1.5792306661605835,6.817599773406982
K,apo22b84035b3,A,2qv6,A,1,[1],[1],K,K,19.15397325813813,2.410071849822998,1.4540377855300903,0.6856695413589478,0.8302463889122009,1.1313769817352295,6.56993579864502
TYD,apoe9a08fdd69,A,5tpv,B,1,[25],[25],TYD,TYD,20.237294372104003,2.1883420944213867,1.6556921005249023,0.7123172283172607,0.943254828453064,1.1449306011199951,6.692825794219971
SAM,4k36,A,apoa638c313e9,A,1,[27],[27],SAM,SAM,4.479666001722796,2.645972728729248,1.5067442655563354,0.6969522833824158,0.7690242528915405,1.4019646644592283,3.0937633514404297
HEM,2a9e,A,apo8e6fd63671,A,1,[43],[43],HEM,HEM,15.55862323469988,2.214352607727051,1.6738260984420776,0.7550554275512695,0.8225021362304688,1.1033495664596558,6.08742618560791
M6P,apoc2bc90b024,A,4rzc,A,1,[16],[16],M6P,M6P,6.249314761746292,2.0904440879821777,1.68167245388031,0.518896758556366,0.946944773197174,1.542001247406006,3.84589433670044
3PY,4dqd,A,apo92e9eacc10,A,1,[7],[7],3PY,3PY,28.063687895299594,2.656690120697021,1.5345278978347778,0.7415627837181091,0.7572895288467407,1.0917415618896484,7.372824192047119
SAM,apod86559e079,A,3qxy,A,1,[27],[27],SAM,SAM,6.883279462910719,2.3579015731811523,1.5047264099121094,0.6924154162406921,0.711991012096405,1.1272141933441162,4.076980113983154
CA,apo9e927830a7,A,4lt6,A,1,[1],[1],CA,CA,16.64647932385616,2.619629383087158,1.6410239934921265,0.7002757787704468,0.7387157678604126,1.154641032218933,6.247159004211426
TYD,apo3721324a05,A,6b5e,B,1,[25],[25],TYD,TYD,25.08216192163377,3.129855155944824,1.43477463722229,0.7246708273887634,0.7950760722160339,1.1492161750793457,7.149548530578613
BG6,4f66,A,apob90cad9cbd,A,1,[16],[16],BG6,BG6,28.209581765675814,2.774691343307495,1.4943692684173584,0.698809802532196,0.5789174437522888,1.0000406503677368,7.382855415344238
CA,apob1d3d5a605,A,2m29,A,1,[1],[1],CA,CA,15.412080272118573,2.185707330703736,1.547734022140503,0.698345959186554,0.8938431143760681,1.157113552093506,6.064863681793213
PC,1o72,A,apo1fa22c9d6d,A,1,[11],[11],PC,PC,11.482315763056066,2.5233230590820312,1.4772944450378418,0.6738049983978271,0.9027907848358154,1.1152900457382202,5.345008373260498
FPP,apob3476afa77,A,6ob5,D,1,[24],[24],FPP,FPP,18.049248610144772,2.306618452072144,1.6010655164718628,0.7558192014694214,0.9618974328041076,1.2525696754455566,6.434842109680176
SAM,2a5h,B,apo1d2fe420e5,A,1,[27],[27],SAM,SAM,3.609410643935775,2.67881441116333,1.5966832637786863,0.7397035360336304,0.6167230010032654,1.368772029876709,2.652143239974976
1GP,apo15878361a5,A,6dgm,B,1,[10],[10],1GP,1GP,10.19126685576595,2.576435089111328,1.498928785324097,0.7142501473426819,0.5086172223091125,1.1921530961990356,5.047363758087158
RBF,apo9e85e46298,A,6n7f,A,1,[27],[27],RBF,RBF,25.395992019347734,1.87575364112854,1.6274915933609009,0.6422460079193115,0.4953736066818237,1.2869675159454346,7.174821376800537
NAI,apo542a5d48e9,A,5h5x,C,1,[44],[44],NAI,NAI,4.490910307662846,2.990304470062256,1.6826268434524536,0.720925509929657,0.8410994410514832,1.1038687229156494,3.0991222858428955
SAM,apo42ddd2042d,A,4k36,A,1,[27],[27],SAM,SAM,6.626792741000462,2.3950910568237305,1.6709142923355105,0.6977243423461914,0.6200606226921082,1.2749762535095217,3.9856109619140634
F6P,apo7b44123974,A,4lc9,A,1,[16],[16],F6P,F6P,26.012223005454675,2.4642505645751958,1.4380449056625366,0.7019677758216858,0.7295957803726196,1.11003577709198,7.223165035247803
CAA,1dub,A,apo937cad989b,A,1,[54],[54],CAA,CAA,8.888501699166437,3.184546947479248,1.4586703777313232,0.7443434596061707,0.9636388421058656,1.0737156867980957,4.705773830413818
NAI,1o0s,A,apoac6ecc83f5,A,1,[44],[44],NAI,NAI,4.955588793335126,2.721542835235596,1.4770139455795288,0.7026302814483643,0.673122227191925,1.1637287139892578,3.3135364055633545
SF4,1zj8,A,apo0262b01f14,A,1,[8],[8],SF4,SF4,19.60474251387454,2.3621814250946045,1.4965612888336182,0.6587430238723755,0.8417065739631653,1.6819114685058594,6.622162818908691
CA,apo8610c6913c,A,1cp9,B,1,[1],[1],CA,CA,36.215893456837115,2.1753358840942383,1.7019449472427368,0.6159420609474182,0.8703973889350891,1.1288734674453735,7.836242198944092
NAI,3flk,A,apo550ef7e2ba,A,1,[44],[44],NAI,NAI,4.907084133337438,2.595473289489746,1.7633979320526123,0.7190310955047607,0.879930317401886,0.9936993718147278,3.2917799949646
NAI,apo306085e7e4,A,6jw7,A,1,[44],[44],NAI,NAI,1.8231716042659722,4.4717864990234375,0.615662693977356,0.8157345652580261,0.9002092480659485,0.7008534669876099,1.5420325994491575
COM,1e6y,A,apo3011c05f11,A,1,[7],[7],COM,COM,17.601641237574732,2.0973060131073,1.4784916639328003,0.7098915576934814,0.9250884652137756,0.938702404499054,6.3770270347595215
PQQ,apodeac7d5194,A,3das,A,1,[24],[24],PQQ,PQQ,10.871021855561104,3.0108766555786133,1.3733035326004028,0.6977461576461792,0.9181851744651794,1.1240053176879885,5.208667755126953
SF4,2akj,A,apo9e41a8b34d,A,1,[8],[8],SF4,SF4,17.905415879652146,2.395561695098877,1.5858904123306274,0.6660738587379456,0.7314853072166443,1.186545491218567,6.416466236114502
1GP,2f6x,A,apod9ec9a499f,A,1,[10],[10],1GP,1GP,10.226307976795345,2.497255325317383,1.636219501495361,0.7466537952423096,0.7544931173324585,1.073210597038269,5.055943965911865
GOA,apo87ada52d5e,A,6gmb,A,1,[5],[5],GOA,GOA,4.409940090395379,2.626140117645264,1.363728642463684,0.7536962032318115,0.8309791088104248,1.1382564306259155,3.0603458881378174
F6P,apo7b44123974,A,6ayu,A,1,[16],[16],F6P,F6P,5.821487410022756,2.5279359817504883,1.5195913314819336,0.7145199179649353,0.7416774034500122,1.3131356239318848,3.6794817447662354
TYD,apob8d00776c6,A,3hjn,A,1,[25],[25],TYD,TYD,16.318466506374527,2.633047819137573,1.5959649085998535,0.7156705856323242,0.8355119824409485,1.046919822692871,6.20038652420044
DAN,1rv0,L,apo42e42a3bb0,A,1,[20],[20],DAN,DAN,10.286289706300579,2.08648681640625,1.4383108615875244,0.7269465327262878,0.8476265072822571,1.187573790550232,5.070562362670898
SF4,5y6q,B,apo39ca58ccee,A,1,[8],[8],SF4,SF4,50.25710131768735,2.182979106903076,1.5097477436065674,0.6910518407821655,0.8850275874137878,1.3604285717010498,8.340444564819336
ETA,1p4t,A,apodf2f69f393,A,1,[4],[4],ETA,ETA,5.257137614863114,2.246267795562744,1.3615995645523071,0.656369686126709,0.5486893653869629,1.2686079740524292,3.445690631866455
NAI,4nbu,B,apoac6ecc83f5,A,1,[44],[44],NAI,NAI,4.0163124818981615,2.9835901260375977,1.5492470264434814,0.7351179122924805,0.9265713095664978,1.1197099685668943,2.8654558658599854
CAA,2uzf,A,apo8e9f6a59b8,A,1,[54],[54],CAA,CAA,24.232090462801622,3.0948705673217773,1.477329134941101,0.7542609572410583,0.8220874071121216,1.1717523336410522,7.07876443862915
SF4,4r0v,A,apoe3e6a39c0a,A,1,[8],[8],SF4,SF4,36.06851211467921,2.267768859863281,1.5939927101135254,0.6867759227752686,0.4710176587104797,1.2803230285644531,7.829319953918457
CA,apocbbbf3bcfc,A,6ajc,A,1,[1],[1],CA,CA,9.229558521520094,2.789257049560547,1.3524397611618042,0.6752453446388245,0.774825394153595,1.0844999551773071,4.799672603607178
HEM,2nrl,A,apo9dae1e84f2,A,1,[43],[43],HEM,HEM,16.85607900980093,2.3494696617126465,1.2379956245422363,0.7205179333686829,0.9580720067024232,0.9012399911880492,6.276448249816895
NAI,1gz6,B,apo542a5d48e9,A,1,[44],[44],NAI,NAI,4.25603942022436,2.773733139038086,1.679228901863098,0.7549920082092285,0.8401660323143005,1.0884681940078735,2.985429048538208
SAM,apo6783e453af,A,4m7t,A,1,[27],[27],SAM,SAM,13.561774224680569,2.827755689620972,1.3536462783813477,0.7654564380645752,0.9012354016304016,1.1195920705795288,5.755837440490723
COM,1e6y,A,apoac9194d1a6,A,1,[7],[7],COM,COM,11.014781028224705,1.875703811645508,1.608349323272705,0.6624919176101685,0.8158144354820251,1.0235334634780884,5.24144458770752
SAM,2fb2,A,apo3edaafd604,A,1,[27],[27],SAM,SAM,2.7229193301010044,2.58604097366333,1.684544801712036,0.7052909135818481,0.7518465518951416,1.3249865770339966,2.1401686668396
1GP,4jej,A,apod9ec9a499f,A,1,[10],[10],1GP,1GP,10.9286121593509,2.747190237045288,1.676530122756958,0.6860339641571045,0.8965328335762024,1.221194624900818,5.2218523025512695
PQQ,apof55a791b1b,A,1yiq,A,1,[24],[24],PQQ,PQQ,4.927547208060548,2.407682180404663,1.7014464139938354,0.7247515916824341,0.7657214999198914,1.3039470911026,3.300975799560547
CA,1ezr,A,apo6787ff6797,A,1,[1],[1],CA,CA,34.641892389545404,2.7997679710388184,1.056877374649048,0.7472432851791382,0.9864338040351868,0.7431308627128601,7.759951591491699
CA,2vuv,A,apo001a62bde4,A,1,[1],[1],CA,CA,19.72855276527798,2.470137357711792,1.5406817197799685,0.7267172932624817,0.6906023025512695,0.9483675956726074,6.63623046875
HEM,1cxy,A,apo4e63ebcfcd,A,1,[43],[43],HEM,HEM,22.422733352164055,1.8980021476745603,1.5486282110214231,0.6983157992362976,0.9198070764541626,1.053350567817688,6.915744304656982
NAI,6jw7,A,apo7dcb3916e0,A,1,[44],[44],NAI,NAI,2.5351325872252297,4.369248390197754,0.7581152319908142,0.7989789247512817,0.9316630959510804,0.722491979598999,2.022421836853028
NAI,apo3fdb14322f,A,6jw7,A,1,[44],[44],NAI,NAI,2.1527286772990313,4.513961315155029,0.5568796396255493,0.7953660488128662,0.9618332982063292,0.6934779286384583,1.7713953256607056
SAM,3qxy,A,apoe7d8c0feb7,A,1,[27],[27],SAM,SAM,5.58318730881885,2.6957788467407227,1.6743746995925903,0.690976619720459,0.9733474254608154,1.2770588397979736,3.582827568054199
DGT,2atz,A,apo88e22e69c7,A,1,[31],[31],DGT,DGT,5.669633644068215,2.683066129684448,1.2475693225860596,0.7402400374412537,0.9864109754562378,0.8901283740997314,3.618229866027832
SAM,2yzq,A,apo185babea79,A,1,[27],[27],SAM,SAM,13.700805181296325,2.776494026184082,1.5051934719085691,0.7487672567367554,0.7150454521179199,0.9626963138580322,5.780734062194824
DAR,apoaf43568773,A,6p2i,A,1,[12],[12],DAR,DAR,5.765823300107722,2.4628686904907227,1.4936037063598633,0.663859486579895,0.8868671655654907,1.550584316253662,3.657166004180908
PQQ,1kv9,A,apof55a791b1b,A,1,[24],[24],PQQ,PQQ,5.9193810489216006,2.2406005859375,1.4771325588226318,0.7344110608100891,0.889704704284668,1.088884711265564,3.718348741531372
PQQ,3das,A,apo2936580b07,A,1,[24],[24],PQQ,PQQ,7.770411401388144,3.107443332672119,1.2756068706512451,0.7491058111190796,0.5662013292312622,0.9805473685264589,4.372668266296387
SAM,3t7v,A,apoa638c313e9,A,1,[27],[27],SAM,SAM,4.188070247033136,2.7398808002471924,1.5374456644058228,0.7464224696159363,0.8044900894165039,1.2161887884140017,2.9518251419067383
NAI,3flk,A,apoac6ecc83f5,A,1,[44],[44],NAI,NAI,4.210858816439844,2.223163366317749,1.6499228477478027,0.6757291555404663,0.8879716396331787,1.1595531702041626,2.963127613067627
VN4,4erc,A,apo243dbcb124,A,1,[4],[4],VN4,VN4,4.020384910893942,2.900032997131348,1.5633915662765503,0.7613520622253418,0.725249707698822,0.9986250400543212,2.867528200149536
SF4,apo3c95f2c9f9,A,6vw7,D,1,[8],[8],SF4,SF4,68.64516612915322,2.6613597869873047,1.4031981229782104,0.7215351462364197,0.3694785535335541,1.2732017040252686,8.728466033935547
SAM,apof8f1672997,A,2oxt,A,1,[27],[27],SAM,SAM,6.079778135080282,2.4839298725128174,1.4669344425201416,0.6256799101829529,0.6854576468467712,1.5381773710250854,3.781008720397949
SAM,apo7d270341fc,A,4k36,A,1,[27],[26],SAM,SAM,10.140233861394336,2.3607962131500244,1.712531328201294,0.7016781568527222,0.760887622833252,1.2095447778701782,5.034814357757568
2HP,2x1l,A,apob6d5706d6d,A,1,[5],[5],2HP,2HP,24.91133795454697,1.8075637817382808,1.71075701713562,0.57649165391922,0.693783164024353,1.4968990087509155,7.135601043701172
PQQ,1kb0,A,apof55a791b1b,A,1,[24],[24],PQQ,PQQ,5.301165784797515,2.1204609870910645,1.4057211875915527,0.7296037077903748,0.6588231325149536,1.2543789148330688,3.464550256729126
CA,apob0d3fb1eab,A,5m6d,A,1,[1],[1],CA,CA,44.62440046446911,2.6031157970428467,1.2813845872879028,0.7038156986236572,0.9271182417869568,0.9011569619178772,8.169316291809082
HEM,apob10e68cba3,A,8g64,A,1,[43],[43],HEM,HEM,12.065129605617289,2.411839008331299,1.480804681777954,0.6835224628448486,0.8530945777893066,1.418101191520691,5.467962265014648
SKM,3sef,C,apo2c9e3326c4,A,1,[12],[12],SKM,SKM,10.749707699661391,2.167534112930298,1.5430335998535156,0.7021557092666626,0.6963545083999634,1.4244328737258911,5.180655002593994
SAM,1r30,B,apo03623d8ca9,A,1,[27],[27],SAM,SAM,3.765280643194374,2.7686877250671387,1.483540654182434,0.6975688338279724,0.4360874891281128,1.3153409957885742,2.7353460788726807
CA,2jq6,A,apo7e0df809cd,A,1,[1],[1],CA,CA,13.976894214567247,2.4206409454345703,1.4678552150726318,0.7372521162033081,0.93516206741333,0.9952959418296814,5.829318046569824
AZM,apof868c5ca11,A,5jn8,C,1,[13],[13],AZM,AZM,6.419018045557398,2.541639804840088,1.6823372840881348,0.7187538146972656,0.575827956199646,1.0253031253814695,3.909501791000366
CA,apo061873d9a7,A,6dwo,A,1,[1],[1],CA,CA,24.754755604108887,2.190335273742676,1.4305760860443115,0.6749101877212524,0.9048705697059632,1.4906095266342163,7.1226959228515625
CA,apo24685ef6d3,A,3voc,A,1,[1],[1],CA,CA,18.754686009110063,2.453091144561768,1.3946229219436646,0.7044481039047241,0.6427595615386963,1.0933810472488403,6.522305965423584
NAI,apo542a5d48e9,A,4bkq,A,1,[44],[44],NAI,NAI,4.56689127249799,2.8485255241394043,1.462260603904724,0.7082948088645935,0.7616689205169678,1.114570379257202,3.135117292404175
SAM,apof8f1672997,A,3t7v,A,1,[27],[27],SAM,SAM,8.62426314274139,2.1440114974975586,1.5994956493377686,0.666875958442688,0.9285134673118592,1.2665350437164309,4.630660057067871
TTP,3o0n,A,apoba6c9a6a3d,A,1,[29],[29],TTP,TTP,33.234426375170514,1.8850090503692627,1.5921627283096311,0.6492306590080261,0.836767315864563,1.0301040410995483,7.687028408050537
F6P,2r66,A,apo7b44123974,A,1,[16],[16],F6P,F6P,19.91736586486234,2.5638427734375,1.4975789785385132,0.7274689078330994,0.7805752754211426,1.161274790763855,6.657459735870361
COM,apoac9194d1a6,A,5a0y,A,1,[7],[7],COM,COM,12.617719013598121,2.136359691619873,1.6846137046813965,0.6429068446159363,0.9516369104385376,1.176937460899353,5.57868766784668
SF4,apo3c95f2c9f9,A,6dd6,A,1,[8],[8],SF4,SF4,76.16143107174258,2.6295132637023926,1.4899345636367798,0.7163848280906677,0.818904459476471,1.260952115058899,8.839387893676758
HEM,2i96,A,apob10e68cba3,A,1,[43],[43],HEM,HEM,9.202086164146252,2.496293544769287,1.634538650512695,0.7053028345108032,0.7506425976753235,1.3637067079544067,4.792232513427734
HEM,1gdi,A,apoc403b8778c,A,1,[43],[43],HEM,HEM,18.88675724265376,2.5009398460388184,1.4184905290603638,0.7042554020881653,0.9615922570228576,1.398548245429993,6.538206100463867
NAI,5z21,B,apo172e797b27,A,1,[44],[44],NAI,NAI,12.092276659531704,2.374439477920532,1.516934514045715,0.7350355386734009,0.5426780581474304,1.11864972114563,5.473531246185303
TYD,apob8d00776c6,A,4e2x,A,1,[25],[25],TYD,TYD,19.1100291842634,3.269479274749756,1.0033574104309082,0.7534703016281128,0.9512421488761902,0.7782331705093384,6.564757823944092
NAI,apo542a5d48e9,A,2p9e,A,1,[44],[44],NAI,NAI,4.402893281403346,2.929192066192627,1.663907766342163,0.6916599273681641,0.9092788696289062,1.1339223384857178,3.056950569152832
SF4,1iqz,A,apo44eb479bc6,A,1,[8],[8],SF4,SF4,37.56833852229926,2.2574501037597656,1.4514284133911133,0.6842765808105469,0.6851910352706909,1.0279072523117063,7.897761344909668
1GP,apod9ec9a499f,A,6jo3,A,1,[10],[10],1GP,1GP,11.560193042782211,3.035734176635742,1.464436173439026,0.7235134840011597,0.8679071664810181,1.1516865491867063,5.361822605133057
CAA,1dub,A,apoed40d751c6,A,1,[54],[54],CAA,CAA,4.333233923806784,2.910099029541016,1.488435983657837,0.7662184238433838,0.940781831741333,1.0339555740356443,3.023207426071167
PC,2bib,A,apo5c5bfeb367,A,1,[11],[11],PC,PC,3.354795827963597,3.0358545780181885,1.335763931274414,0.7446742057800293,0.791386604309082,0.9572280645370485,2.5120532512664795
COM,1e6v,A,apoac9194d1a6,A,1,[7],[7],COM,COM,51.693751702559425,2.070059537887573,1.904734492301941,0.6469708681106567,0.5971095561981201,1.2393351793289185,8.379090309143066
VN4,apo998bb3ca3f,A,4erc,A,1,[4],[4],VN4,VN4,4.2877601127458975,3.0255045890808105,1.4590953588485718,0.778346836566925,0.8107596039772034,0.9831418991088868,3.001002311706543
CAC,apo68da40ac58,A,4d7l,A,1,[5],[5],CAC,CAC,18.40213093990832,2.5944323539733887,1.375166893005371,0.7285180687904358,0.9816152453422546,1.2289988994598389,6.479137420654297
SF4,2bs2,B,apo3c95f2c9f9,A,1,[8],[8],SF4,SF4,62.51798640758031,2.253765106201172,1.614100456237793,0.7351147532463074,0.6504828333854675,1.5091242790222168,8.621031761169434
BU3,3zyy,X,apo383dde2faf,A,1,[6],[6],BU3,BU3,11.749889832399013,2.321683645248413,1.6736360788345337,0.7199569344520569,0.8935269117355347,1.3182607889175415,5.402275562286377
CA,apo14ec9536da,A,1t1e,A,1,[1],[1],CA,CA,29.236219534030234,2.6201488971710205,1.5191645622253418,0.6971806883811951,0.7983893752098083,1.2311304807662964,7.451334476470947
TYD,2pae,A,apoe9a08fdd69,A,1,[25],[25],TYD,TYD,27.92340208840268,2.275196313858032,1.605992317199707,0.7362626791000366,0.541813313961029,1.0707215070724487,7.363105773925781
1GP,apof5282a69e4,A,6dgm,B,1,[10],[10],1GP,1GP,6.544935691648101,2.315162181854248,1.6660993099212646,0.7307069301605225,0.8643964529037476,1.0830034017562866,3.9558544158935542
SIA,apodab3a045c8,A,3phz,A,1,[20],[21],SIA,SIA,58.12690892576493,2.218311309814453,1.5189744234085083,0.5894142389297485,0.981204867362976,1.1697992086410522,8.532151222229004
NAI,3fhm,A,apo2e856286db,A,1,[44],[44],NAI,NAI,5.603693424900113,2.9873626232147217,1.45747709274292,0.722837507724762,0.8453806042671204,1.1222072839736938,3.59126091003418
SAM,4njg,A,apoe9ca86fe93,A,1,[27],[27],SAM,SAM,12.415490001085955,2.823470115661621,1.1044111251831057,0.7634073495864868,0.7955189347267151,0.8729533553123474,5.538799285888672
HEM,apo85b5bbc350,A,4i8v,A,1,[43],[43],HEM,HEM,18.880109959555632,2.230116844177246,1.375933289527893,0.6405015587806702,0.8569111824035645,1.205059051513672,6.53740930557251
NAI,apo6d990c3c92,A,6jw7,A,1,[44],[44],NAI,NAI,2.9850850142546954,4.521989345550537,0.6013209819793701,0.8133766055107117,0.9966063499450684,0.6817441582679749,2.298856735229492
CA,4amc,A,apo4adddf66c2,A,1,[1],[1],CA,CA,35.98961065390424,2.364245891571045,1.6161681413650513,0.7052575349807739,0.8964579105377197,1.1156113147735596,7.825595855712891
DGT,2atz,A,apo837ecb6e97,A,1,[31],[31],DGT,DGT,21.413437835484903,2.168795108795166,1.612060546875,0.7507896423339844,0.9326358437538148,1.094141960144043,6.816648960113525
NAI,apo550ef7e2ba,A,6cdf,A,1,[44],[44],NAI,NAI,4.444712685044401,2.9978179931640625,1.4459753036499023,0.7196205258369446,0.7987552881240845,0.9252389669418336,3.0770516395568848
NAI,apo1b33a4a05a,A,6jw7,A,1,[44],[27],NAI,NAI,1.1032113896503042,4.466556072235107,0.8013461232185364,0.8002169728279114,0.9824905395507812,0.7261345386505127,0.9935966730117798
NAI,4im7,A,apo172e797b27,A,1,[44],[44],NAI,NAI,18.89218554024058,2.6225292682647705,1.834618330001831,0.6618402004241943,0.8316733837127686,1.2772939205169678,6.538856506347656
FDA,3itg,A,apo0e970d49e6,A,1,[53],[53],FDA,FDA,5.426252666941039,2.924336671829224,1.5999000072479248,0.7257149815559387,0.91463965177536,1.125251054763794,3.517544269561768
TTP,1mc3,A,apoba6c9a6a3d,A,1,[29],[29],TTP,TTP,4.722362303852518,2.5732645988464355,1.7166515588760376,0.6983017921447754,0.8935551643371582,1.1975516080856323,3.2076117992401123
SF4,2d3y,A,apo1dac00cc2b,A,1,[8],[8],SF4,SF4,23.378365129346513,2.40523099899292,1.531902551651001,0.6872314810752869,0.7769505977630615,1.2841304540634155,7.004047393798828
NAI,apo550ef7e2ba,A,4xdy,A,1,[44],[44],NAI,NAI,3.873229898050397,3.11759090423584,1.3980281352996826,0.7195584774017334,0.7100136280059814,1.0132112503051758,2.7918732166290283
1GP,apo58adbd4ccd,A,6jo3,A,1,[10],[10],1GP,1GP,7.472737173757568,2.8071999549865723,1.4886360168457031,0.7008799910545349,0.8923736810684204,1.0718135833740234,4.276798248291016
SKM,apo364bca82c7,A,3nvs,A,1,[12],[12],SKM,SKM,8.289200281791993,1.9290924072265625,1.5598698854446411,0.7562121152877808,0.6990565657615662,1.1076740026474,4.532292366027832
NAI,4g6h,A,apo9b86f2866a,A,1,[44],[44],NAI,NAI,4.4689741823422935,3.824779748916626,0.7828029990196228,0.7652288675308228,0.9610507488250732,0.8576176762580872,3.0886600017547607
VN4,apo9689ba4db0,A,4erc,A,1,[4],[4],VN4,VN4,8.442360500294335,2.481781482696533,1.4753295183181765,0.7412630915641785,0.7202646136283875,1.0735126733779907,4.577700614929199
TTP,apo71b0b91ba3,A,4xjc,A,1,[29],[29],TTP,TTP,18.701326926161506,2.451784610748291,1.5903537273406982,0.6870285272598267,0.8335118293762207,1.3552478551864624,6.515840530395508
AMZ,apo1885785949,A,5dn1,A,1,[22],[22],AMZ,AMZ,48.43540444010011,2.5323474407196045,1.4968078136444092,0.6767374873161316,0.7731985449790955,1.060171604156494,8.288708686828613
SAM,2a5h,B,apoe9ca86fe93,A,1,[27],[27],SAM,SAM,15.640673896152405,2.4433183670043945,1.6533411741256714,0.6996752023696899,0.7903066277503967,1.1240745782852173,6.09994649887085
SF4,4z3w,C,apo44eb479bc6,A,1,[8],[8],SF4,SF4,48.01606627018312,2.329699993133545,1.718535542488098,0.6980728507041931,0.7243764400482178,1.074110746383667,8.276339530944824
GOA,apo513d86a1e9,A,6gmb,A,1,[5],[5],GOA,GOA,2.856219674248722,2.076689481735229,1.5626462697982788,0.7362031936645508,0.7722114324569702,1.2423954010009766,2.2216637134552
COM,3sqg,A,apoac9194d1a6,A,1,[7],[7],COM,COM,8.469008176941587,1.5934216976165771,1.5599197149276731,0.667900800704956,0.439543604850769,1.1659350395202637,4.585524082183838
K,2qv6,A,apo7d447b2b3e,A,1,[1],[1],K,K,29.880545789512922,3.01393461227417,1.2371540069580078,0.7061052918434143,0.9845096468925476,1.002363920211792,7.492511749267578
NAI,6vw7,D,apo172e797b27,A,1,[44],[27],NAI,NAI,7.212321454600847,2.585489273071289,1.5882136821746826,0.7140528559684753,0.7445170879364014,1.1394881010055542,4.190208435058594
TTP,apo71b0b91ba3,A,3o0n,A,1,[29],[29],TTP,TTP,31.105837409481097,2.434199571609497,1.5324053764343262,0.6310111880302429,0.8859127759933472,1.0475399494171145,7.56725549697876
TTP,1xje,A,apo07a533bd13,A,1,[29],[29],TTP,TTP,33.450413039068756,1.9778103828430176,1.6402292251586914,0.6859513521194458,0.4850739538669586,1.2433183193206787,7.698525905609131
CA,apo0db574d3f6,A,4g1h,A,1,[1],[1],CA,CA,14.401613298648398,2.3228869438171387,1.707575440406799,0.702180027961731,0.6743186116218567,1.201669216156006,5.901910305023193
NAI,apoac6ecc83f5,A,5itv,A,1,[44],[44],NAI,NAI,3.8289087055177213,3.2158565521240234,1.4652020931243896,0.7309756278991699,0.8516604900360107,1.180417776107788,2.7687714099884038
SAM,2yzq,A,apodf7d279eb3,A,1,[27],[27],SAM,SAM,11.452216987819666,2.411992073059082,1.4969502687454224,0.7339063286781311,0.6993160843849182,1.1494492292404177,5.33847713470459
NAI,3fhm,A,apo306085e7e4,A,1,[44],[44],NAI,NAI,6.568451522601045,2.606198310852051,1.6591360569000244,0.7341493964195251,0.657946765422821,0.971879243850708,3.964432954788208
SF4,3b0h,A,apo1ec04f1101,A,1,[8],[8],SF4,SF4,24.894335397612682,1.965043306350708,1.438973903656006,0.6354250907897949,0.9513230323791504,1.1809059381484983,7.134205341339111
CA,apo8b56f2a133,A,4yic,A,1,[1],[1],CA,CA,13.598261349412146,2.46854019165039,1.6082669496536257,0.7273213863372803,0.8311882019042969,1.2161930799484253,5.762399673461914
COM,apo3011c05f11,A,5a8w,D,1,[7],[7],COM,COM,19.248835012822806,2.062917232513428,1.2001872062683103,0.6802264451980591,0.7403738498687744,0.931890606880188,6.581060409545898
SF4,2acz,B,apo1ec04f1101,A,1,[8],[8],SF4,SF4,28.681179880456707,2.2684268951416016,1.6444385051727295,0.6712279319763184,0.9667968153953552,1.202364444732666,7.414763450622559
SF4,apo3c95f2c9f9,A,6cfw,J,1,[8],[8],SF4,SF4,50.84002467077113,2.715332508087158,1.6038659811019895,0.7157095074653625,0.5441197156906128,1.1406548023223877,8.356345176696777
TYD,apob8d00776c6,A,3rsc,A,1,[25],[25],TYD,TYD,3.1602481377276717,3.097672939300537,1.5260508060455322,0.746321976184845,0.6159948110580444,1.1251450777053833,2.4013590812683105
CA,5f2q,B,apo6a6b18ea97,A,1,[1],[1],CA,CA,40.812332667030105,2.4109978675842285,1.5346243381500244,0.6755949258804321,0.8723874092102051,1.025670886039734,8.031973838806152
TTP,1xje,A,apoba6c9a6a3d,A,1,[29],[29],TTP,TTP,31.599172916834853,1.9580579996109009,1.7662781476974487,0.6287527680397034,0.7038804888725281,1.1618738174438477,7.596106052398682
NAI,6ct6,B,apo172e797b27,A,1,[44],[44],NAI,NAI,17.463901076357597,2.3274972438812256,1.6433002948760986,0.6753033995628357,0.6175369024276733,1.5851165056228638,6.358856678009033
SAM,4njg,A,apoa638c313e9,A,1,[27],[27],SAM,SAM,3.8188541468334303,2.825138092041016,1.826679229736328,0.7316403985023499,0.587742030620575,1.1453514099121094,2.76350998878479
CA,apodca9278f3f,A,5kva,B,1,[1],[1],CA,CA,13.959305264781403,2.0932934284210205,1.5720003843307495,0.7620013356208801,0.7797386646270752,1.0871862173080444,5.826256275177002
GOA,3if9,A,apo87ada52d5e,A,1,[5],[5],GOA,GOA,6.621777777548809,2.6240134239196777,1.579239845275879,0.7295935153961182,0.9051244854927064,1.2111332416534424,3.983796358108521
SAM,2a5h,B,apod86559e079,A,1,[27],[27],SAM,SAM,12.518662451890918,2.3593883514404297,1.3998079299926758,0.6811251640319824,0.8645653128623962,1.4688162803649902,5.559238910675049
CA,apo27fa1f6a4f,A,3u4j,A,1,[1],[1],CA,CA,40.874606217362675,2.8074393272399902,1.577141523361206,0.7267313003540039,0.909368634223938,1.061124563217163,8.034382820129395
COM,apoac9194d1a6,A,5a8w,D,1,[7],[7],COM,COM,10.441833260731258,1.9882583618164065,1.562125325202942,0.6674745082855225,0.4456115067005157,1.2677662372589111,5.1080708503723145
TYD,apob8d00776c6,A,4g2t,A,1,[25],[25],TYD,TYD,3.2133860738358635,3.221379041671753,1.4607720375061035,0.7707725167274475,0.4935841262340545,0.98160982131958,2.431917190551758
CA,apocb35bbd541,A,2ism,B,1,[1],[1],CA,CA,7.358720643270706,2.339811086654663,1.5795862674713137,0.6518015265464783,0.9252452254295348,1.0495465993881226,4.239206790924072
TTP,1mc3,A,apodca2890c4d,A,1,[29],[29],TTP,TTP,44.640112680225045,2.8238604068756104,1.605205774307251,0.7141796350479126,0.8006219267845154,1.0663868188858032,8.169842720031738
TTP,1xje,A,apodca2890c4d,A,1,[29],[29],TTP,TTP,26.197310581137888,2.171695709228516,1.4900648593902588,0.6271262168884277,0.9528233408927916,1.3690996170043943,7.237363815307617
SAM,apof8f1672997,A,5zw4,A,1,[27],[27],SAM,SAM,10.29783289638567,2.4704480171203613,1.478854417800903,0.7264389991760254,0.8674061298370361,1.1433353424072266,5.073365688323975
SAM,4odj,A,apo254de550d9,A,1,[27],[27],SAM,SAM,9.408068136723585,2.2693889141082764,1.5770195722579956,0.6794424057006836,0.5185366272926331,1.100139617919922,4.847503662109375
TYD,3vbm,E,apoe9a08fdd69,A,1,[25],[25],TYD,TYD,32.491873536978325,1.8729846477508545,1.663509726524353,0.68010014295578,0.8477804064750671,1.0395931005477903,7.646608829498291
SF4,1rm6,B,apo87912ac63c,A,1,[8],[8],SF4,SF4,24.920958966268,1.9328482151031492,1.6231709718704224,0.6325705051422119,0.7905110716819763,1.656513214111328,7.136390209197998
NAI,7p61,F,apo172e797b27,A,1,[44],[44],NAI,NAI,7.698668130393187,2.7804651260375977,1.4796563386917114,0.7091603875160217,0.6689388751983643,1.2944214344024658,4.349857330322266
NAI,apo550ef7e2ba,A,4p53,A,1,[44],[44],NAI,NAI,3.927110772274374,2.9140665531158447,1.520220398902893,0.738159716129303,0.8099030256271362,0.9360120296478271,2.8197598457336426
K,apo22b84035b3,A,4jay,A,1,[1],[1],K,K,18.08411392672894,2.473569393157959,1.4694780111312866,0.6702033877372742,0.9380664229393004,0.9946712255477904,6.439268112182617
K,apo7d447b2b3e,A,6npl,A,1,[1],[1],K,K,33.99598966913932,2.0642452239990234,1.7349132299423218,0.6959670782089233,0.7744934558868408,1.1217867136001587,7.727065563201904
NAI,4p53,A,apoac6ecc83f5,A,1,[44],[44],NAI,NAI,6.376918262298295,2.613281488418579,1.282742977142334,0.7086269855499268,0.9278276562690736,1.1470249891281128,3.8938450813293457
CA,3kst,A,apoe15b1ec78b,A,1,[1],[1],CA,CA,10.948143966148177,2.204547882080078,1.481067419052124,0.7033817172050476,0.9395856857299804,1.3713397979736328,5.226307392120361
NAI,apob2ac301348,A,3fhm,A,1,[44],[44],NAI,NAI,5.977803053603892,2.8060245513916016,1.557680368423462,0.7199342846870422,0.5339521765708923,1.080808401107788,3.7413172721862793
CA,apo35c0734d1d,A,7phw,E,1,[1],[1],CA,CA,17.926228964631207,2.3282642364501958,1.58135187625885,0.6211177110671997,0.9114579558372498,1.3207615613937378,6.419137001037598
TTP,apo71b0b91ba3,A,2ja1,A,1,[29],[29],TTP,TTP,6.914363068354398,2.589227199554444,1.4654487371444702,0.6820695400238037,0.810386061668396,1.0079355239868164,4.087864875793457
NAI,3rfv,A,apo550ef7e2ba,A,1,[44],[44],NAI,NAI,3.6903981253935214,3.3670907020568848,1.485399842262268,0.7296684980392456,0.9118164777755736,1.188312530517578,2.695610523223877
NAI,apoad92680901,A,6jw7,A,1,[44],[44],NAI,NAI,1.8104703325325802,4.464670658111572,0.6530565023422241,0.7838522791862488,0.9920397996902466,0.7283467650413513,1.532936692237854
CA,apob360d19607,A,8bad,B,1,[1],[1],CA,CA,13.867450900859842,2.2161362171173096,1.4303220510482788,0.6820328235626221,0.877081036567688,1.0100733041763306,5.810193538665772
SKM,apob2978c18ed,A,3nvs,A,1,[12],[12],SKM,SKM,9.087777753910936,2.3899316787719727,1.2435940504074097,0.763679563999176,0.7114054560661316,1.168775200843811,4.761045455932617
CA,apo5672fa1253,A,3zq4,A,1,[1],[1],CA,CA,26.88281383689411,2.131119728088379,1.5980088710784912,0.7373986840248108,0.81459641456604,0.9441985487937928,7.288710117340088
NAI,4g6h,A,apodc159d30e1,A,1,[44],[44],NAI,NAI,3.64850126628346,3.847892284393311,0.8102566599845886,0.772368848323822,0.9731959700584412,0.8362898230552673,2.6731882095336914
SAM,3t7v,A,apob0da859712,A,1,[27],[27],SAM,SAM,5.232209349908533,2.8641998767852783,1.5837820768356323,0.727695882320404,0.7739834189414978,1.2647520303726196,3.434964179992676
SAM,apo865b191f3d,A,4odj,A,1,[27],[27],SAM,SAM,5.252573621607657,2.4736883640289307,1.4480963945388794,0.7089788317680359,0.7414843440055847,1.270298719406128,3.4437294006347656
CA,apo5a03cdd913,A,1oz6,A,1,[1],[1],CA,CA,11.870644047434062,3.031927585601806,0.8757205009460449,0.7336452603340149,0.9515231251716614,0.8202970027923584,5.427660942077637
NAI,3afo,A,apo550ef7e2ba,A,1,[44],[44],NAI,NAI,5.72396860547692,2.677915573120117,1.4707330465316772,0.7015845775604248,0.864538311958313,1.1056617498397827,3.640282392501831
RBF,apo3272937f0a,A,3ddy,A,1,[27],[27],RBF,RBF,20.46849949665968,2.1228690147399902,1.59864604473114,0.7107403874397278,0.7797487378120422,1.2287043333053589,6.717921733856201
SF4,2acz,B,apoe3e6a39c0a,A,1,[8],[8],SF4,SF4,42.576698252183384,1.9064640998840328,1.6187859773635864,0.7135189175605774,0.4880985021591186,1.1276711225509644,8.098016738891602
SIA,3phz,A,apof988af7c38,A,1,[21],[20],SIA,SIA,113.99337330947854,2.3187255859375,1.8572953939437864,0.599180281162262,0.8121376633644104,1.098332405090332,9.19350528717041
VN4,2rar,A,apo9f3cdc96b3,A,1,[4],[4],VN4,VN4,4.62591731836609,2.677103281021118,1.9046194553375244,0.7053941488265991,0.8166976571083069,1.0743297338485718,3.1628220081329346
NAI,3fhm,A,apo5f621fda84,A,1,[44],[44],NAI,NAI,5.171232970856128,2.9246065616607666,1.4373966455459597,0.7173910737037659,0.922803521156311,1.2241504192352295,3.408577919006348
GOA,apoa80b2969e4,A,6gmb,A,1,[5],[5],GOA,GOA,9.599719922825503,2.4595727920532227,1.6069746017456057,0.695448100566864,0.4272599220275879,1.3454573154449463,4.897886276245117
CA,3vu1,B,apo3cbfbe33d1,A,1,[1],[1],CA,CA,19.51482523409246,2.075522899627685,1.5170621871948242,0.7299207448959351,0.9531118869781494,1.1372981071472168,6.61187219619751
CAA,2uzf,A,apo937cad989b,A,1,[54],[54],CAA,CAA,8.62257955092378,2.896689176559448,1.4738891124725342,0.745011568069458,0.8405503630638123,1.0184019804000854,4.63017463684082
SKM,3nvs,A,apoeb78c816f2,A,1,[12],[12],SKM,SKM,8.469553074495336,2.366992235183716,1.3885353803634644,0.7049272060394287,0.845492959022522,1.3847116231918335,4.585683822631836
SF4,1oao,C,apo1dac00cc2b,A,1,[8],[8],SF4,SF4,4.017814769708742,1.8896408081054688,1.6500349044799805,0.6787718534469604,0.8545874953269958,1.34749436378479,2.866220474243164
SIA,3phz,A,apoe05bc91286,A,1,[21],[20],SIA,SIA,27.242804419656377,2.397528648376465,1.4740601778030396,0.7043116092681885,0.8931357860565186,1.2004055976867676,7.31491756439209
NAI,apofccf8b8bc2,A,4g6h,A,1,[44],[44],NAI,NAI,3.2514126391115816,3.4430596828460693,1.355531930923462,0.7559372782707214,0.8699248433113098,0.9389315843582152,2.453634738922119
CA,3g5i,A,apo55a42b3c58,A,1,[1],[1],CA,CA,30.407724271663575,2.5116686820983887,1.4167821407318115,0.7172792553901672,0.7200332283973694,1.0557807683944702,7.525225639343262
SKM,3nvs,A,apo57a2683458,A,1,[12],[12],SKM,SKM,7.492760882448742,2.087789535522461,1.505285382270813,0.7030075192451477,0.6712949872016907,1.2658898830413818,4.283349514007568
SIA,apodab3a045c8,A,4d62,A,1,[21],[21],SIA,SIA,20.972161486036143,2.0583887100219727,1.40278160572052,0.6900436282157898,0.9504203200340272,1.498468995094299,6.771294116973877
NXL,apo0e856668c7,A,6fj1,A,1,[17],[17],NXL,NXL,4.3831913350468,2.304158926010132,1.8906508684158323,0.7504346966743469,0.4377928376197815,1.0985864400863647,3.0474400520324707
NAI,1e3e,A,apo172e797b27,A,1,[44],[44],NAI,NAI,17.497567094052172,2.666855335235596,1.3554651737213137,0.6962128281593323,0.9464046359062196,1.2641942501068115,6.363314628601074
GOA,3if9,A,apo513d86a1e9,A,1,[5],[5],GOA,GOA,10.621464454446436,2.1281678676605225,1.5231550931930542,0.7053954005241394,0.9130407571792604,1.05231511592865,5.150683879852295
CA,3u48,B,apo4ddb523b27,A,1,[1],[1],CA,CA,39.69043468041439,2.512453317642212,1.5831544399261477,0.7333528995513916,0.7876866459846497,1.109327793121338,7.987540245056152
NAI,2dld,A,apoac6ecc83f5,A,1,[44],[44],NAI,NAI,3.8183515295269426,2.989271640777588,1.581850528717041,0.7113354802131653,0.8502465486526489,1.1612685918807983,2.763246774673462
NAI,apo542a5d48e9,A,5itv,A,1,[44],[44],NAI,NAI,4.415079238353346,2.891916990280152,1.5089025497436523,0.7009814977645874,0.8248715400695801,1.1644922494888306,3.0628199577331543
SKM,apo0f9e91a457,A,3nvs,A,1,[12],[12],SKM,SKM,13.794504809500047,2.419466257095337,1.4843486547470093,0.7270103096961975,0.8500705361366272,1.1301082372665403,5.797348976135254
TTP,1mc3,A,apo07a533bd13,A,1,[29],[29],TTP,TTP,5.317619631835522,2.6848011016845703,1.5789779424667358,0.7494880557060242,0.8402108550071716,0.9299253225326538,3.4715704917907715
RBF,apo9e85e46298,A,2vxa,A,1,[27],[27],RBF,RBF,17.876453388484922,2.692166805267334,1.5702762603759766,0.7316309213638306,0.8296987414360046,1.0535579919815063,6.412743091583252
K,2gj8,D,apoa91505152f,A,1,[1],[1],K,K,32.77881832946644,3.1479296684265137,1.501248478889465,0.7199410796165466,0.8579432964324951,0.9927070736885072,7.662394523620605
CA,4g97,A,apo1625ada5d0,A,1,[1],[1],CA,CA,23.75574043411211,3.004955768585205,1.55851411819458,0.7256411910057068,0.8720794916152954,0.937183678150177,7.037540912628174
K,apo8711722b82,A,2qv6,A,1,[1],[1],K,K,4.914266075899721,2.5721700191497803,1.6649316549301147,0.6657088398933411,0.9596922993659972,1.1535362005233765,3.2950103282928467
NAI,3rfv,A,apo172e797b27,A,1,[44],[44],NAI,NAI,22.55197694301194,2.5032925605773926,1.6285783052444458,0.661163330078125,0.6817839741706848,1.4195667505264282,6.927989959716797
TYD,apob8d00776c6,A,3lv8,A,1,[25],[25],TYD,TYD,14.535135581604356,2.8080272674560547,1.4620555639266968,0.728217363357544,0.7333300709724426,0.9970763325691224,5.924212455749512
SF4,apo1ec04f1101,A,6lum,K,1,[8],[8],SF4,SF4,28.262577933598347,1.9380271434783936,1.5263993740081787,0.6293531656265259,0.8799511194229126,1.5285855531692505,7.386480331420898
TTP,3o0n,A,apob9237ccc51,A,1,[29],[29],TTP,TTP,28.12045080300717,2.146012544631958,1.8778409957885744,0.5990239381790161,0.7929375767707825,1.0898475646972656,7.376736164093018
TTP,1xje,A,apob9237ccc51,A,1,[29],[29],TTP,TTP,24.51939546549742,2.001194477081299,1.594449162483215,0.6036002039909363,0.8236488699913025,1.1745874881744385,7.1030778884887695
TTP,apodca2890c4d,A,3o0n,A,1,[29],[29],TTP,TTP,20.843935995161807,2.0580055713653564,1.5949748754501345,0.6630862355232239,0.5604516863822937,1.2223294973373413,6.757871627807617
RBF,apo3272937f0a,A,3a35,A,1,[27],[27],RBF,RBF,21.283789488632898,1.8432211875915527,1.4204826354980469,0.6945551633834839,0.945610761642456,1.1154056787490845,6.80345630645752
SF4,3o3m,D,apo3c95f2c9f9,A,1,[8],[8],SF4,SF4,57.22188280712595,2.3219988346099854,1.6161599159240725,0.7010775208473206,0.8041466474533081,1.3640693426132202,8.512389183044434
BU3,apob0d1d6ffe4,A,5te4,G,1,[6],[6],BU3,BU3,25.595017466093406,2.285840511322021,1.7124727964401243,0.6558997631072998,0.903355062007904,1.0718579292297363,7.19061803817749
TYD,apob8d00776c6,A,4lxq,B,1,[25],[25],TYD,TYD,9.86310698609759,2.7892003059387207,1.4695807695388794,0.7324357032775879,0.5746956467628479,1.0451222658157349,4.965540885925293
SF4,1e1d,A,apoa322bb6fb6,A,1,[8],[8],SF4,SF4,24.748772323888105,2.122591018676758,1.280387282371521,0.5242655873298645,0.999164879322052,1.0371966361999512,7.1222004890441895
CA,3f8h,A,apo44a9658a3d,A,1,[1],[1],CA,CA,36.689868164671275,2.2899863719940186,1.6460981369018557,0.7223160862922668,0.8284116983413696,1.318589448928833,7.858207702636719
SIA,3phz,A,apo853b93903a,A,1,[21],[20],SIA,SIA,43.43552529658771,2.114104747772217,1.653320074081421,0.6676012277603149,0.9770025610923768,1.2013944387435913,8.128585815429688
SKM,3nvs,A,apoc2bad139c1,A,1,[12],[12],SKM,SKM,11.426816276375066,2.091682195663452,1.7111057043075562,0.6901044249534607,0.8769853711128235,1.222927212715149,5.332951068878174
CA,apo3ddefba82f,A,4n3o,B,1,[1],[1],CA,CA,17.13446878390754,2.337036609649658,1.4983553886413574,0.7209568619728088,0.9299143552780152,1.0265358686447144,6.314650535583496
CA,apocbbbf3bcfc,A,4c16,A,1,[1],[1],CA,CA,4.362856578129305,2.1244828701019287,0.9960139989852904,0.7071377038955688,0.882513165473938,1.1747561693191528,3.037596702575684
CA,1je5,B,apoa2bc211924,A,1,[1],[1],CA,CA,41.51712715922673,1.6139678955078125,1.840611696243286,0.6350041031837463,0.9101045727729796,1.25456702709198,8.058897972106934
PC,2bib,A,apof5d78154a5,A,1,[11],[11],PC,PC,50.695847570402954,2.491422176361084,1.3192821741104126,0.7335495352745056,0.8073264956474304,1.027182936668396,8.35244083404541
SF4,apo1ec04f1101,A,5y6q,B,1,[8],[8],SF4,SF4,20.77107276882607,1.8450608253479004,1.52841055393219,0.6636060476303101,0.7865114212036133,1.4319078922271729,6.750194549560547
TTP,1w4r,A,apo71b0b91ba3,A,1,[29],[29],TTP,TTP,9.848402134878336,2.6804585456848145,1.5640325546264648,0.7089307904243469,0.7016929984092712,1.0494872331619265,4.961811065673828
SF4,4a15,A,apo3ad854c181,A,1,[8],[8],SF4,SF4,41.19857503965955,2.306520462036133,1.5568022727966309,0.6692794561386108,0.8311431407928467,1.207843780517578,8.046820640563965
SF4,5kh0,A,apo1dac00cc2b,A,1,[8],[8],SF4,SF4,44.25769112354696,2.60389256477356,1.5375683307647705,0.6753208041191101,0.7460929155349731,1.241026759147644,8.156943321228027
COM,apoac9194d1a6,A,5n1q,A,1,[7],[7],COM,COM,58.48272610070573,2.017099142074585,1.570710301399231,0.611872673034668,0.444214791059494,1.2732988595962524,8.539777755737305
COM,apo3011c05f11,A,5n1q,A,1,[7],[7],COM,COM,39.05129921556354,2.3338348865509038,1.3042612075805664,0.7232645153999329,0.9470230340957642,1.003893256187439,7.961318016052246
SF4,apo87912ac63c,A,6fz6,A,1,[8],[8],SF4,SF4,3.7758912312921424,2.573592185974121,1.4110794067382812,0.6465363502502441,0.9552799463272096,1.7875138521194458,2.7409415245056152
SF4,1iqz,A,apo9e41a8b34d,A,1,[8],[8],SF4,SF4,18.46515781951249,1.9827373027801516,1.494684100151062,0.7412163019180298,0.6882849931716919,1.104685664176941,6.48693323135376
SF4,apo0262b01f14,A,6x1o,C,1,[8],[8],SF4,SF4,17.566035059825268,2.189779758453369,1.5551687479019165,0.6404737234115601,0.6747278571128845,1.377491116523743,6.372347354888916
SF4,1h98,A,apoe3e6a39c0a,A,1,[8],[8],SF4,SF4,39.86564358754564,2.335580348968506,1.4504787921905518,0.717791736125946,0.6976485848426819,1.3370413780212402,7.994611263275146
TTP,3o0n,A,apo07a533bd13,A,1,[29],[29],TTP,TTP,29.10393770673986,1.8260046243667605,1.8806822299957275,0.6190128922462463,0.7146440148353577,1.105026364326477,7.442712783813477
PQQ,3das,A,apo6ec54966a0,A,1,[24],[24],PQQ,PQQ,7.448323177098543,3.3268513679504395,1.0327136516571045,0.7275374531745911,0.982889711856842,0.9412553906440736,4.268790245056152
1GP,2f6x,A,apo58adbd4ccd,A,1,[10],[10],1GP,1GP,12.96411889273446,2.535670757293701,1.6594133377075195,0.7246810793876648,0.9050381779670716,1.0752840042114258,5.64538049697876
SF4,2a5h,B,apo87912ac63c,A,1,[8],[8],SF4,SF4,26.648138883058973,2.030705690383911,1.620973825454712,0.625415027141571,0.7452353239059448,1.6752331256866455,7.271348476409912
TTP,1mc3,A,apob9237ccc51,A,1,[29],[29],TTP,TTP,6.215220457470355,2.4657506942749023,1.5404378175735474,0.6954461336135864,0.7536334991455078,1.0347785949707031,3.832954645156861
SF4,1iqz,A,apo2ae92c936d,A,1,[8],[8],SF4,SF4,42.841518681663125,2.191822052001953,1.5581971406936646,0.6631282567977905,0.8570241928100586,1.213779330253601,8.107548713684082
SKM,apo2c9e3326c4,A,4y0a,A,1,[12],[12],SKM,SKM,5.205211797707616,2.691614151000977,1.4421961307525637,0.7182056307792664,0.8520931601524353,1.2776498794555664,3.4233076572418213
K,apo8711722b82,A,4jay,A,1,[1],[1],K,K,11.835743802513395,2.3020827770233154,1.4718137979507446,0.7042561769485474,0.8619231581687927,0.9548022150993348,5.420352935791016
K,apob2881074d9,A,6npl,A,1,[1],[1],K,K,4.287454466723476,1.881382703781128,1.6026525497436523,0.6627455949783325,0.8189442157745361,1.4543259143829346,3.000852584838867
TYD,apobdb30dfd1f,A,6b5e,B,1,[25],[25],TYD,TYD,25.09453753036035,3.103515625,1.3877755403518677,0.7313023209571838,0.8072039484977722,1.0893958806991575,7.1505537033081055
SF4,2fug,6,apo3ad854c181,A,1,[8],[8],SF4,SF4,17.305553823131948,2.2584152221679688,1.6586240530014038,0.6762489080429077,0.9053472876548768,1.2510906457901,6.337741374969482
TTP,apo1450cb4c8a,A,3o0n,A,1,[29],[29],TTP,TTP,30.936030035537783,2.257365226745605,1.6269289255142212,0.643582820892334,0.4483229219913482,1.018207311630249,7.557164192199707
SF4,1a6l,A,apoe3e6a39c0a,A,1,[8],[8],SF4,SF4,32.309192211234475,2.468944787979126,1.600726842880249,0.7336532473564148,0.7849370837211609,1.3056267499923706,7.636447429656982
TTP,1xje,A,apo71b0b91ba3,A,1,[29],[29],TTP,TTP,31.79859242430011,2.3591675758361816,1.4570460319519043,0.6456018090248108,0.8689606189727783,1.090531349182129,7.607574939727783
TYD,apob8d00776c6,A,2v54,A,1,[25],[25],TYD,TYD,15.662229025829847,2.7270913124084477,1.689142107963562,0.7229138612747192,0.5759695172309875,1.026731014251709,6.103222370147705
PC,1o72,A,apof5d78154a5,A,1,[11],[11],PC,PC,41.622990923184545,2.569993257522583,1.7138527631759644,0.7164011001586914,0.7793847918510437,1.2113189697265625,8.062878608703613
RBF,apo5d61b7f6bc,A,4iil,A,1,[27],[27],RBF,RBF,13.249676778637658,2.481921434402466,1.401217341423035,0.7158782482147217,0.9332953095436096,1.086726188659668,5.698864936828613
FDA,3v76,A,apo0e37ab3f3e,A,1,[53],[53],FDA,FDA,14.050617088141244,2.466561794281006,1.3590915203094482,0.7333351373672485,0.8255607485771179,1.1250256299972534,5.842102527618408
F6P,apo7b44123974,A,3o8o,B,1,[16],[16],F6P,F6P,11.098424916027412,2.545996904373169,1.5408425331115725,0.7056655287742615,0.8505691289901733,0.9215713143348694,5.26030969619751
TTP,apo1450cb4c8a,A,1xje,A,1,[29],[29],TTP,TTP,31.710752817559015,2.527963638305664,1.453334927558899,0.6306938529014587,0.52424156665802,1.1975135803222656,7.602536678314209
DGT,2atz,A,apobdfd5ed6c5,A,1,[31],[31],DGT,DGT,3.159515654484403,2.823250293731689,0.8609986901283264,0.8370594382286072,0.9802387356758118,0.8390348553657532,2.4009361267089844
F6P,apo7b44123974,A,5htk,A,1,[16],[16],F6P,F6P,37.04488883225865,2.4380009174346924,1.502521514892578,0.6956074833869934,0.6846961975097656,1.0912816524505615,7.874370574951172
TTP,apo71b0b91ba3,A,2uz3,B,1,[29],[29],TTP,TTP,9.916364927591644,2.656078815460205,1.5531071424484253,0.7031199336051941,0.8181248307228088,1.0961799621582031,4.979003429412842
TTP,apo1450cb4c8a,A,1mc3,A,1,[29],[29],TTP,TTP,5.632236583200276,2.699199914932251,1.3942108154296875,0.6954975724220276,0.6476535201072693,1.1169369220733645,3.602962732315064
TYD,apob8d00776c6,A,1rrv,A,1,[25],[25],TYD,TYD,3.29390753061759,3.128001928329468,1.4085921049118042,0.7681884765625,0.7461691498756409,0.9817808270454408,2.477757215499878
K,apob680d44f71,A,2gj8,D,1,[1],[1],K,K,7.03511676535271,2.75996208190918,1.7971456050872805,0.7094529271125793,0.9087623953819276,1.2847272157669067,4.129773139953613
K,apo144c39e067,A,2gj8,D,1,[1],[1],K,K,30.583697179705215,2.743464231491089,1.514718770980835,0.742467999458313,0.8602566123008728,1.01089346408844,7.535956382751465
PC,2bib,A,apo6142d24d09,A,1,[11],[11],PC,PC,5.1241151285070785,2.785598993301392,1.4111837148666382,0.7703635692596436,0.775355339050293,0.8599593639373779,3.38804292678833
TYD,apob8d00776c6,A,1pn3,A,1,[25],[25],TYD,TYD,3.1100862674298138,3.124117612838745,1.4345232248306274,0.7743600606918335,0.7983332872390747,0.9849347472190856,2.3722851276397705
CAA,2uzf,A,apoed40d751c6,A,1,[54],[54],CAA,CAA,6.640037527428382,2.760060787200928,1.6356287002563477,0.7338225841522217,0.7072605490684509,1.0300081968307495,3.9903981685638423
SIA,2v73,A,apobf28a42827,A,1,[21],[21],SIA,SIA,39.66926268635577,2.341722011566162,1.7978744506835938,0.590996503829956,0.6959500312805176,1.110013723373413,7.986682415008545
TTP,apo71b0b91ba3,A,2j87,D,1,[29],[29],TTP,TTP,9.800951132113097,2.593109607696533,1.4883949756622314,0.7131106853485107,0.6954679489135742,0.9703672528266908,4.949737548828125
K,apob680d44f71,A,4jay,A,1,[1],[1],K,K,9.181335544316696,2.3111343383789062,1.4317104816436768,0.736262857913971,0.9183152318000792,0.9751465916633606,4.7865986824035645
K,apob680d44f71,A,2qv6,A,1,[1],[1],K,K,18.9885538759601,2.771263599395752,1.438883662223816,0.7036454677581787,0.8889691829681396,1.2032150030136108,6.550362586975098
SIA,apo0d0b42695c,A,3phz,A,1,[20],[21],SIA,SIA,59.709879005451405,2.0819945335388184,1.666571021080017,0.6941169500350952,0.7554566264152527,1.0534199476242063,8.565483093261719
SIA,4d62,A,apobf28a42827,A,1,[21],[21],SIA,SIA,40.551031388059165,2.447694540023804,1.4425182342529297,0.6830815076828003,0.9896572828292848,1.2002418041229248,8.021800994873047
TYD,apoe9a08fdd69,A,5tpu,A,1,[25],[25],TYD,TYD,30.3918554195797,2.0248491764068604,1.6292718648910522,0.7034514546394348,0.839668869972229,1.420010328292847,7.524253368377685
TYD,apo4d523eb2b1,A,3vbm,E,1,[25],[25],TYD,TYD,14.46876182804456,2.080503463745117,1.3944077491760254,0.7093736529350281,0.8901238441467285,1.2298636436462402,5.913156509399414
TYD,apob8d00776c6,A,3oth,A,1,[25],[25],TYD,TYD,3.1694896282086726,3.1542792320251465,1.4613149166107178,0.7593845129013062,0.6525695323944092,1.006455421447754,2.406691312789917
TYD,apoa6cedd5e6c,A,6b5e,B,1,[25],[25],TYD,TYD,24.720335304263518,3.0536229610443115,1.4005306959152222,0.7152904868125916,0.8280800580978394,1.1423587799072266,7.119843482971191
SIA,apodab3a045c8,A,2v73,A,1,[21],[21],SIA,SIA,17.57440770270816,2.136773109436035,1.4722915887832642,0.6550580263137817,0.8319910168647766,1.6661510467529297,6.373448848724365
K,apo7d447b2b3e,A,4jay,A,1,[1],[1],K,K,19.922799920439946,2.3806798458099365,1.486120343208313,0.7324931025505066,0.7823273539543152,1.1699854135513306,6.658066749572754
SIA,3phz,A,apobf28a42827,A,1,[21],[20],SIA,SIA,67.43848942009164,2.093020439147949,1.8472617864608765,0.5413432121276855,0.482929527759552,1.757594347000122,8.70865249633789
TYD,apo7b54455720,A,6b5e,B,1,[25],[25],TYD,TYD,21.869557341593797,2.9620933532714844,1.5592291355133057,0.725190281867981,0.6702721118927002,1.0842941999435425,6.862209320068359
SIA,3phz,A,apoa45663a7b4,A,1,[21],[20],SIA,SIA,40.29515383637632,2.394803524017334,1.4890700578689575,0.7468960285186768,0.8621726632118225,0.933000147342682,8.011736869812012
SIA,3phz,A,apo214d44df5b,A,1,[20],[20],SIA,SIA,51.25578996132138,2.1065096855163574,1.8159366846084597,0.6707563400268555,0.5929093360900879,1.2571574449539185,8.367501258850098
COM,apo89e8cc2b73,A,3sqg,A,2,[7],[7],COM,COM,20.784397713224116,2.121272087097168,1.4684845209121704,0.6197393536567688,0.8428089022636414,1.4963761568069458,6.751601219177246
DGT,apo4982e5919d,A,3au2,A,2,[31],[31],DGT,DGT,9.628316975560166,2.325509786605835,1.4532907009124756,0.6053095459938049,0.7030540108680725,0.963594138622284,4.905319690704346
DPV,3kyq,A,apoc90e716edc,A,2,[23],[23],DPV,DPV,9.065971480392202,2.213354110717773,1.6752610206604004,0.725447416305542,0.8475386500358582,1.3458867073059082,4.755053520202637
5ID,apo62623d4ad8,A,5od2,B,2,[20],[20],5ID,5ID,4.096750474075589,2.932535409927368,1.531971096992493,0.7363300323486328,0.7077106833457947,1.076981782913208,2.9061665534973145
F6P,2r66,A,apob091a8018e,A,2,[16],[16],F6P,F6P,24.01336204932115,3.0789904594421387,1.3098965883255005,0.7501614689826965,0.84266197681427,1.02865469455719,7.05997896194458
COM,1e6v,A,apo89e8cc2b73,A,2,[7],[7],COM,COM,69.58196879945052,1.8276629447937007,1.7631756067276,0.7104296684265137,0.6241647601127625,1.1252281665802002,8.743433952331543
SAM,3uj7,A,apo05ecfae4e4,A,2,[27],[27],SAM,SAM,4.133886390795268,3.3079488277435303,1.420282006263733,0.6964528560638428,0.9511727094650269,0.968921959400177,2.924805164337158
SAM,2qmm,A,apo7d270341fc,A,2,[26],[19],SAM,SAM,3.231144816434326,3.4668991565704346,1.3034566640853882,0.702579140663147,0.8581761121749878,0.9988095164299012,2.44207501411438
F6P,apo3a3fdb2de6,A,5htk,A,2,[16],[16],F6P,F6P,35.96406865398819,2.30948257446289,1.384097695350647,0.6606442332267761,0.8598687052726746,1.4361432790756226,7.824387550354004
DGT,apo4982e5919d,A,3f2b,A,2,[31],[31],DGT,DGT,38.88517478621571,1.978245496749878,1.850269317626953,0.5950518846511841,0.3105975985527038,0.9807714223861694,7.954390048980713
COH,apo10f3e6cebd,A,5f1a,A,2,[43],[43],COH,COH,31.559380423680746,2.2188544273376465,1.5416451692581177,0.6406612992286682,0.9972827434539796,1.2274121046066284,7.593804359436035
SAM,1i9g,A,apoe7d8c0feb7,A,2,[27],[27],SAM,SAM,4.601351762983695,3.2125635147094727,1.41004741191864,0.6817131042480469,0.9531950354576112,0.8423229455947876,3.151319026947021
DGT,2atz,A,apo4982e5919d,A,2,[31],[31],DGT,DGT,8.659962972846072,2.258282423019409,1.55371356010437,0.67173171043396,0.780809760093689,1.175645351409912,4.640932559967041
F6P,2axn,A,apo930083236b,A,2,[16],[16],F6P,F6P,42.69811371011554,2.3548455238342285,1.594975829124451,0.6594422459602356,0.8737463355064392,1.1421548128128052,8.102398872375488
HSA,1fg3,A,apodcbc11ef7f,A,2,[14],[14],HSA,HSA,5.037620726061513,2.296430826187134,1.7001144886016846,0.6913606524467468,0.6368159055709839,1.293400526046753,3.3500118255615234
F6P,apo9f174cb24f,A,6ayu,A,2,[16],[16],F6P,F6P,9.940805677573602,2.2080740928649902,1.6405127048492432,0.7116215229034424,0.8779512643814087,1.0927836894989014,4.985157489776611
SAM,2npn,A,apo0c4f651c46,A,2,[27],[27],SAM,SAM,20.986503600128426,1.323756456375122,2.177087545394897,0.6472769379615784,0.8226547837257385,1.5893138647079468,6.7727885246276855
GST,3vc1,D,apo35213b46ab,A,2,[19],[19],GST,GST,8.758537780910434,2.789879560470581,1.5119813680648804,0.7393041849136353,0.9426780939102172,1.1094567775726318,4.669094085693359
TTP,2j87,D,apodca2890c4d,A,2,[29],[29],TTP,TTP,49.17802405439131,1.9832570552825928,1.6222633123397827,0.6660487055778503,0.3586675524711609,1.1309858560562134,8.31018352508545
F6P,5htk,A,apo930083236b,A,2,[16],[16],F6P,F6P,39.40748300665976,2.3220577239990234,1.664243221282959,0.6899510622024536,0.4923464059829712,1.0110005140304563,7.976015090942383
BG6,5hg1,A,apob90cad9cbd,A,2,[16],[16],BG6,BG6,23.25568949017189,2.6449382305145264,1.5507426261901855,0.6484898924827576,0.822702169418335,1.423655986785889,6.992995738983154
5ID,apo37dcf227f8,A,5od2,B,2,[20],[20],5ID,5ID,4.738753791290688,3.0531105995178223,1.2677295207977295,0.7520120739936829,0.483905017375946,1.0953619480133057,3.215165853500366
QUE,apoe626992ece,A,1h1i,B,2,[22],[22],QUE,QUE,7.006610688670777,1.9078924655914309,1.2201803922653198,0.6784684062004089,0.9317413568496704,1.2539210319519043,4.119933605194092
BG6,3hm8,A,apo95f6af94d0,A,2,[16],[16],BG6,BG6,10.88584001849214,3.1218249797821045,1.3947651386260986,0.7259547114372253,0.8061781525611877,1.1312401294708252,5.212067127227783
RBF,apo5d61b7f6bc,A,4r3a,A,2,[27],[27],RBF,RBF,30.29231231522021,2.2697815895080566,1.6231979131698608,0.6770548224449158,0.9061049818992616,1.1241921186447144,7.518136978149414
SAM,3dlc,A,apob0da859712,A,2,[27],[27],SAM,SAM,4.216796534390104,3.444538116455078,1.33404803276062,0.6972777843475342,0.946662425994873,0.9962581396102904,2.966066598892212
RUB,8thm,B,apoa7fcc1a69f,A,2,[18],[18],RUB,RUB,26.327228306923946,2.288746833801269,1.6911896467208862,0.703062117099762,0.7272586822509766,1.2308292388916016,7.247243881225586
SAM,2qmm,A,apoeb856749db,A,2,[27],[19],SAM,SAM,3.1429401722139336,3.3695223331451416,1.2445037364959717,0.7160409092903137,0.9103198647499084,0.986577332019806,2.391352415084839
1GP,apo58adbd4ccd,A,6dgm,B,2,[10],[10],1GP,1GP,14.71173790818104,2.344623565673828,1.501355767250061,0.7079779505729675,0.7043775320053101,0.9944057464599608,5.95334005355835
SAM,apob4f0ecf5b4,A,2qmm,A,2,[19],[27],SAM,SAM,2.996712912791962,3.4470553398132324,1.2740999460220337,0.6906541585922241,0.960814654827118,0.9762842059135436,2.305746793746948
GST,4lls,A,apo5d38d709ef,A,2,[19],[19],GST,GST,13.139141561451153,2.3757338523864746,1.6224775314331057,0.6990559697151184,0.8722070455551147,1.375196933746338,5.678318500518799
SAM,apo03623d8ca9,A,5vm8,B,2,[27],[27],SAM,SAM,4.500920140121148,3.31480073928833,1.3729095458984375,0.7002841234207153,0.9218094348907472,0.973232090473175,3.1038858890533447
NAI,apodc159d30e1,A,7uyy,A,2,[44],[44],NAI,NAI,4.0148432964050835,3.8212170600891113,1.2359780073165894,0.7393145561218262,0.9027592539787292,0.993560254573822,2.864707946777344
F6P,3o8o,B,apo930083236b,A,2,[16],[16],F6P,F6P,16.027212289215957,2.2348201274871826,1.5551084280014038,0.606784999370575,0.4135534763336181,1.4832649230957031,6.157867431640625
HEM,apod26b96b8e4,A,3el3,A,2,[43],[43],HEM,HEM,6.947130643371343,2.36352014541626,1.758358597755432,0.6915771961212158,0.7122870683670044,1.1707642078399658,4.0992960929870605
SAM,apo03623d8ca9,A,3dcm,X,2,[27],[27],SAM,SAM,4.5005877601921815,3.2777395248413086,1.4277604818344116,0.6768478155136108,0.891892671585083,0.9839206337928772,3.1037278175354004
SAM,5vm8,B,apocc22a7c249,A,2,[27],[27],SAM,SAM,4.4151193675431255,3.382439613342285,1.4565582275390625,0.6691597700119019,0.6242072582244873,0.9746835827827454,3.062839269638061
NAI,apofccf8b8bc2,A,4q3a,C,2,[44],[44],NAI,NAI,4.0099986194771695,3.91353440284729,1.1917420625686646,0.7686160802841187,0.9160957932472228,0.849955141544342,2.8622405529022217
3CX,apo50172c3537,A,4z7x,A,2,[15],[15],3CX,3CX,25.796153208038234,2.7607250213623047,1.6475703716278076,0.7261753082275391,0.9480672478675842,1.090991735458374,7.206403732299805
NAI,apo3fdb14322f,A,7uyy,A,2,[44],[44],NAI,NAI,4.05479962588929,3.759751319885254,1.1436845064163208,0.7200576066970825,0.8817645311355591,0.8889075517654419,2.884992837905884
SAM,2egv,A,apo7571e7ce4e,A,2,[27],[27],SAM,SAM,4.750047369751471,3.2581892013549805,1.254279375076294,0.6872066259384155,0.625671923160553,0.995168685913086,3.22036075592041
BG6,3hm8,A,apo95f6af94d0,A,2,[16],[16],BG6,BG6,10.885835858390951,3.1218278408050537,1.394765853881836,0.7259535789489746,0.8061771392822266,1.1312434673309326,5.212066173553467
TTP,2ja1,A,apo07a533bd13,A,2,[29],[29],TTP,TTP,6.1954095172372465,2.841543197631836,0.8870402574539185,0.7460254430770874,0.9525669813156128,0.8882074356079102,3.825410842895508
F6P,2r66,A,apo930083236b,A,2,[16],[16],F6P,F6P,23.622721091445566,2.640995740890503,1.441012263298035,0.7025051712989807,0.63322514295578,1.1949197053909302,7.025820732116699
F6P,apob091a8018e,A,6ayu,A,2,[16],[16],F6P,F6P,17.19579775625643,2.579505920410156,1.5840152502059937,0.6619064807891846,0.7805503010749817,1.317773461341858,6.322961330413818
BG6,3hm8,A,apob90cad9cbd,A,2,[16],[16],BG6,BG6,26.170571293203405,2.6710667610168457,1.401435375213623,0.7266021370887756,0.8045606017112732,1.2060118913650513,7.235321521759033
FDA,apo0e970d49e6,A,4mo2,B,2,[53],[53],FDA,FDA,1.2659173100508,4.487596035003662,0.4732524156570434,0.7966816425323486,0.9796311259269714,0.7332426309585571,1.123669981956482
SIA,2v73,A,apo0d0b42695c,A,2,[21],[21],SIA,SIA,21.069737839012646,2.502054452896118,1.5184141397476196,0.7544295191764832,0.9969496130943298,1.1497738361358645,6.781434059143066
F6P,apo3a3fdb2de6,A,2axn,A,2,[16],[16],F6P,F6P,36.951318347612485,2.040245056152344,1.7062461376190186,0.6431883573532104,0.6707754731178284,1.240617275238037,7.870134353637695
SAM,3kkz,A,apo05ecfae4e4,A,2,[27],[27],SAM,SAM,4.536851158077456,3.211016893386841,1.276924967765808,0.6856444478034973,0.9224728345870972,1.02767813205719,3.1209311485290527
CAA,1ee0,A,apo8e9f6a59b8,A,2,[54],[54],CAA,CAA,23.426603320645317,3.2261881828308105,1.4548437595367432,0.7170646786689758,0.7515847086906433,1.1466611623764038,7.008370876312256
SAM,1qzz,A,apo05ecfae4e4,A,2,[27],[27],SAM,SAM,4.470775275453531,3.3438215255737305,1.2903211116790771,0.7046725153923035,0.9712290167808532,0.9511509537696838,3.089520215988159
DGT,apobdfd5ed6c5,A,3f2b,A,2,[31],[31],DGT,DGT,48.05306834042267,2.236859083175659,1.341704487800598,0.6373983025550842,0.7573855519294739,0.9918645620346068,8.277438163757324
SAM,apoe7fc3f06d8,A,5hw4,A,2,[27],[27],SAM,SAM,3.0949075647394624,3.008741617202759,1.440183162689209,0.7260766625404358,0.8440360426902771,1.2974318265914917,2.363443613052368
K,apoa91505152f,A,4jay,A,2,[1],[1],K,K,32.12497777902762,2.5909247398376465,1.52004873752594,0.7209401726722717,0.7389907240867615,1.241732835769653,7.6261115074157715
HEM,2fmy,A,apo6b214a8989,A,2,[43],[43],HEM,HEM,17.297603009417447,2.3223280906677246,1.6116719245910645,0.7041879296302795,0.7735497951507568,1.2821290493011477,6.336674690246582
SAM,1v2x,A,apo254de550d9,A,2,[27],[27],SAM,SAM,4.951585008019407,3.507874011993408,1.1991212368011477,0.7034398317337036,0.9124906659126282,1.0399954319000244,3.3117458820343018
NAI,apo550ef7e2ba,A,6ktk,C,2,[44],[44],NAI,NAI,3.5949687869953086,3.1245217323303223,1.2547965049743652,0.7314580678939819,0.9237004518508912,1.020323395729065,2.644337654113769
NAI,apo6d990c3c92,A,7uyy,A,2,[44],[44],NAI,NAI,5.612109846049475,3.7926759719848633,1.18322491645813,0.7438951730728149,0.9162415862083436,0.8737732768058777,3.5947158336639404
SAM,2cdq,A,apodf7d279eb3,A,2,[27],[27],SAM,SAM,21.52968634821436,2.6322789192199707,1.539844989776611,0.653894305229187,0.9776917099952698,1.0936152935028076,6.828385829925537
VO4,2d1g,A,apo00b57c65a6,A,2,[4],[5],VO4,VO4,6.123471778454182,2.5089685916900635,1.6973814964294434,0.7126314640045166,0.7990570068359375,0.9238321185112,3.797861814498901
NAI,apo7d09abd904,A,3flk,A,2,[44],[44],NAI,NAI,3.551925492429291,3.1604485511779785,1.5651813745498655,0.7384836077690125,0.8547097444534302,1.004175901412964,2.6209747791290283
CA,apofea3a0e96b,A,5aze,H,2,[1],[1],CA,CA,10.374393390819868,2.301692008972168,1.563245415687561,0.7082042098045349,0.9135830998420716,1.3459404706954956,5.091878414154053
SAM,1v2x,A,apoeb856749db,A,2,[27],[27],SAM,SAM,4.353269688690427,3.4157865047454834,1.2724955081939695,0.7339908480644226,0.7758230566978455,1.0576069355010986,3.032946348190308
SIA,2v73,A,apoe05bc91286,A,2,[21],[21],SIA,SIA,31.042429551382202,2.7750093936920166,1.51956045627594,0.6931378841400146,0.9273751974105836,1.3507157564163208,7.563497066497803
CAA,1xpl,A,apo8e9f6a59b8,A,2,[54],[54],CAA,CAA,28.195099980311912,2.965583324432373,1.5458195209503174,0.7547315359115601,0.8002370595932007,1.0505526065826416,7.381863117218018
TTP,1w4r,A,apodca2890c4d,A,2,[29],[29],TTP,TTP,49.02010647052137,1.9813966751098635,1.4822288751602173,0.6503471732139587,0.3871127367019653,1.247310757637024,8.305662155151367
CA,3n91,A,apo2c6038606d,A,2,[1],[1],CA,CA,70.12611402376638,1.981485605239868,1.6141692399978638,0.6737682819366455,0.8677994608879089,1.2057380676269531,8.751967430114746
F6P,apo442de7048d,A,6ayu,A,2,[16],[16],F6P,F6P,12.102540132384304,2.5368921756744385,1.5288804769515991,0.7429167032241821,0.8246597051620483,1.097085952758789,5.475633144378662
F6P,apo3a3fdb2de6,A,2r66,A,2,[16],[16],F6P,F6P,21.701784770308727,2.5976550579071045,1.4258482456207275,0.7125139236450195,0.8145754337310791,1.2989097833633425,6.845603466033936
DGT,3au2,A,apoc4f9eb2339,A,2,[31],[31],DGT,DGT,25.705642700104388,2.021763801574707,1.7285242080688477,0.6976441740989685,0.6134726405143738,1.0229694843292236,7.19932222366333
FDA,1tvc,A,apo0e970d49e6,A,2,[53],[53],FDA,FDA,7.693277666121254,2.839712381362915,1.4231300354003906,0.7087936997413635,0.9216629266738892,1.1171361207962036,4.348135948181152
SAM,apo3edaafd604,A,4odj,A,2,[27],[27],SAM,SAM,4.782290337537627,2.068584442138672,1.5635526180267334,0.7049179077148438,0.3762458860874176,1.080374002456665,3.235148429870605
CA,apof02131bf98,A,4gq7,A,2,[1],[1],CA,CA,29.08551372571823,2.217142343521118,1.4692907333374023,0.689189612865448,0.6857853531837463,1.216356635093689,7.441507339477539
CA,2xfg,B,apo12a947ce37,A,2,[1],[1],CA,CA,22.951032689391855,2.654638290405273,1.5502092838287354,0.7498624324798584,0.9566580653190612,1.2252036333084106,6.965193748474121
PC,1o72,A,apo65f5d6f793,A,2,[11],[11],PC,PC,58.24942657714065,2.287442684173584,1.5926477909088137,0.6123266816139221,0.9043920040130616,1.1423535346984863,8.534786224365234
F6P,apo428e912d15,A,6ayu,A,2,[16],[16],F6P,F6P,7.618674003972274,2.616100549697876,1.3556125164031982,0.697379469871521,0.920228898525238,1.253764033317566,4.324203968048096
SAM,2cdq,A,apoeb856749db,A,2,[27],[27],SAM,SAM,22.10490332026675,3.167907238006592,1.4035518169403076,0.7053557634353638,0.8957806825637817,1.2119183540344238,6.885210990905762
TYD,apob8d00776c6,A,6vlo,A,2,[25],[25],TYD,TYD,2.682372619502363,2.6921262741088867,1.570989966392517,0.7120879292488098,0.8454909324645996,1.4697017669677734,2.115040063858032
VN4,2rar,A,apo9689ba4db0,A,2,[4],[4],VN4,VN4,10.274720435543292,2.429813861846924,1.705742597579956,0.7054728865623474,0.687206506729126,1.3536568880081177,5.067749500274658
NAI,1e3e,A,apoac6ecc83f5,A,2,[44],[44],NAI,NAI,4.208486946805607,2.9681596755981445,1.4383771419525146,0.6872988939285278,0.8796029090881348,1.1255967617034912,2.9619529247283936
CA,2b33,B,apo76eb88ff09,A,2,[1],[1],CA,CA,43.738625251889566,2.441854476928711,1.47496235370636,0.7037482261657715,0.8653115034103394,1.271232843399048,8.139141082763672
RBF,apo5d61b7f6bc,A,6n7f,A,2,[27],[27],RBF,RBF,18.86566436524297,2.334393262863159,1.5429593324661257,0.6778666377067566,0.7921087145805359,1.0444289445877075,6.5356764793396
DGT,apobdfd5ed6c5,A,3au2,A,2,[31],[31],DGT,DGT,4.403574355020589,2.5731329917907715,1.2923097610473633,0.7103286385536194,0.8968135714530945,0.87213134765625,3.057278871536255
CA,apoba5919fcb4,A,6bvd,A,2,[1],[1],CA,CA,16.48408077349632,2.2809717655181885,1.6474393606185913,0.6377304196357727,0.8451408743858337,1.300162434577942,6.224146842956543
FUL,apo89592d36e4,A,4a34,I,2,[11],[11],FUL,FUL,35.065705850359606,2.289418935775757,1.506401300430298,0.6237124800682068,0.900776743888855,1.2423243522644043,7.781017780303955
K,2qv6,A,apo5634e23ee1,A,2,[1],[1],K,K,8.171466072813862,2.24187970161438,1.4217158555984497,0.6363946199417114,0.8562691807746887,1.0288690328598022,4.496866703033447
CA,apoa19da51e45,A,7d9b,A,2,[1],[1],CA,CA,18.59134894214223,2.5758919715881348,1.4164904356002808,0.7167763113975525,0.8118026852607727,1.1138975620269775,6.502438545227051
SAM,apo03623d8ca9,A,4odj,A,2,[27],[27],SAM,SAM,6.772745057077586,2.0238194465637207,1.6092289686203003,0.7414972186088562,0.7049619555473328,1.1033951044082642,4.037946701049805
CA,apo3dcdc2ceb6,A,6hun,A,2,[1],[1],CA,CA,9.616362808126217,2.940786361694336,1.667954921722412,0.725994884967804,0.7988638877868652,0.97245192527771,4.902215003967285
HEM,apo7c333aef82,A,5hiw,A,2,[43],[43],HEM,HEM,21.359469813651224,2.3174819946289062,1.829930067062378,0.7268823385238647,0.4033072888851166,1.2704997062683103,6.81117057800293
F6P,apob091a8018e,A,5htk,A,2,[16],[16],F6P,F6P,37.99689839378819,3.07876968383789,1.3866591453552246,0.7202039957046509,0.7756402492523193,0.9968767762184144,7.916532039642334
NAI,3flk,A,apo306085e7e4,A,2,[44],[44],NAI,NAI,4.113224135269319,3.227276563644409,1.411127686500549,0.7106665372848511,0.8430063128471375,0.9731854796409608,2.914446830749512
K,apo7398b20969,A,2gj8,D,2,[1],[1],K,K,22.035552150083554,3.1782374382019043,1.0033098459243774,0.7711383700370789,0.9545974135398864,0.7852535843849182,6.878468036651611
SAM,2qmm,A,apo579d4c1abc,A,2,[27],[19],SAM,SAM,2.9840559671931484,3.406341075897217,1.2446249723434448,0.6985406279563904,0.8959788680076599,1.0293188095092771,2.298246383666992
GOA,apoa80b2969e4,A,3if9,A,2,[5],[5],GOA,GOA,7.8267509900695105,2.304237604141236,1.3051207065582275,0.7117809057235718,0.8995034694671631,1.0928515195846558,4.390452861785889
CA,3na6,A,apo76bda47324,A,2,[1],[1],CA,CA,29.912841392307186,2.897752285003662,1.3885122537612915,0.6929826736450195,0.964371144771576,0.9640706181526184,7.494540691375732
SAM,1sg9,A,apod86559e079,A,2,[27],[27],SAM,SAM,4.057015398488339,3.3418354988098145,1.4593894481658936,0.7335139513015747,0.9194324016571044,1.0483275651931765,2.886114358901977
TTP,2uz3,B,apo07a533bd13,A,2,[29],[29],TTP,TTP,8.550703305527575,2.809799671173096,0.8530921339988708,0.734318733215332,0.9167548418045044,0.859839141368866,4.609368801116943
SAM,apo05ecfae4e4,A,5x7f,A,2,[27],[27],SAM,SAM,4.983344650999644,3.2859201431274414,1.2881152629852295,0.6875600218772888,0.9685466289520264,0.9797601103782654,3.325922727584839
K,2gj8,D,apo8711722b82,A,2,[1],[1],K,K,4.259048136437709,3.0155961513519287,1.4940285682678225,0.7446931004524231,0.9033802151679992,1.0782146453857422,2.9869091510772705
SAM,4ax8,A,apob0da859712,A,2,[27],[27],SAM,SAM,4.458123206201499,3.263277530670166,1.2340155839920044,0.700113832950592,0.9234527945518494,0.9048423767089844,3.083472967147827
SAM,apo03623d8ca9,A,2qmm,A,2,[19],[27],SAM,SAM,3.10684283853265,3.2653591632843018,1.3200392723083496,0.695563793182373,0.9717856645584106,0.94240140914917,2.3703975677490234
TTP,1w4r,A,apoba6c9a6a3d,A,2,[29],[29],TTP,TTP,12.666353518255901,1.941381931304932,1.6086642742156982,0.6817766427993774,0.7772140502929688,1.0653488636016846,5.588174343109131
NAI,apofccf8b8bc2,A,2p9e,A,2,[44],[44],NAI,NAI,3.96339943583832,3.911630392074585,1.0587100982666016,0.7508571743965149,0.8722178339958191,0.9048790335655212,2.838420152664185
HEM,apo7c333aef82,A,4esa,A,2,[43],[43],HEM,HEM,22.157307605671726,2.1535115242004395,1.472826600074768,0.7235589027404785,0.671731173992157,1.1404614448547363,6.890286922454834
SAM,3dcm,X,apocc22a7c249,A,2,[27],[27],SAM,SAM,4.384176878669175,3.5708861351013184,1.3895951509475708,0.7197657823562622,0.8550616502761841,0.9690781235694884,3.047916412353516
DGT,3au2,A,apo837ecb6e97,A,2,[31],[31],DGT,DGT,7.586870495211049,2.2155585289001465,1.557591676712036,0.6712335348129272,0.7036226987838745,0.9951618909835817,4.313940048217773
CA,apof7e7f1c204,A,3sqg,A,2,[1],[1],CA,CA,18.90434293144323,1.7394555807113647,1.8119374513626096,0.5834125876426697,0.3735699653625488,1.480143427848816,6.54031229019165
CA,apod1879f4c59,A,3i57,A,2,[1],[1],CA,CA,64.86817801127116,1.4825162887573242,2.078090190887451,0.5781927108764648,0.8311043977737427,1.0777541399002075,8.664319038391113
TTP,1w4r,A,apob9237ccc51,A,2,[29],[29],TTP,TTP,4.646777221449331,2.599036693572998,1.882076859474182,0.6817429065704346,0.6356818675994873,1.248172163963318,3.1725594997406006
TTP,2j87,D,apoba6c9a6a3d,A,2,[29],[29],TTP,TTP,12.889100142650861,2.048649311065674,1.701489806175232,0.6963080167770386,0.6928510069847107,1.1056901216506958,5.631108283996582
TTP,2uz3,B,apoba6c9a6a3d,A,2,[29],[29],TTP,TTP,15.882147635534194,2.298433303833008,1.6699196100234983,0.7023873925209045,0.3986761569976806,1.0788133144378662,6.136332988739014
TTP,2j87,D,apo07a533bd13,A,2,[29],[29],TTP,TTP,8.711441676773415,2.9531171321868896,0.8931490778923035,0.7498417496681213,0.8663154244422913,0.8636791110038757,4.655676364898682
CA,2zkt,B,apod30d57aecb,A,2,[1],[1],CA,CA,25.606445708774984,2.736288547515869,1.5362892150878906,0.7563915252685547,0.8693341612815857,1.099508285522461,7.191519737243652
SAM,1i9g,A,apo05ecfae4e4,A,2,[27],[27],SAM,SAM,4.494825421721676,3.467872381210327,1.446536660194397,0.7235671281814575,0.9454726576805116,1.0054171085357666,3.1009862422943115
COM,apo89e8cc2b73,A,5a8w,D,2,[7],[7],COM,COM,7.128775204101069,2.007619619369507,1.5883947610855105,0.6292235851287842,0.7812090516090393,1.3005446195602417,4.161870956420898
TYD,apob8d00776c6,A,1r66,A,2,[25],[25],TYD,TYD,2.5253669570963515,2.685084104537964,1.4976989030838013,0.7286848425865173,0.749565064907074,1.204158067703247,2.016201972961426
NAI,apofccf8b8bc2,A,5kvv,A,2,[44],[44],NAI,NAI,3.9347999627369123,3.900811195373535,1.1905369758605957,0.7693882584571838,0.8894065022468567,0.8936112523078918,2.8237218856811523
QUE,apoe626992ece,A,1gp6,A,2,[22],[22],QUE,QUE,12.517579242551513,1.987368106842041,1.6569771766662598,0.6840729117393494,0.6107121706008911,1.4277899265289309,5.559025287628174
BG6,5hg1,A,apo95f6af94d0,A,2,[16],[16],BG6,BG6,8.465474442888503,2.68326735496521,1.6180915832519531,0.6692466139793396,0.8272771835327148,0.9916642904281616,4.584487915039063
NAI,apoad92680901,A,3flk,A,2,[44],[44],NAI,NAI,3.1694185061881575,3.10921311378479,1.391770362854004,0.7331129312515259,0.8773489594459534,1.054153323173523,2.4066503047943115
SAM,5ikm,A,apoe7d8c0feb7,A,2,[27],[27],SAM,SAM,4.290366909070826,3.1954352855682373,1.3464686870574951,0.6884811520576477,0.6751234531402588,0.9086619019508362,3.002279043197632
NAI,apo38fd9e3bee,A,3flk,A,2,[44],[44],NAI,NAI,4.170634849444201,3.122557640075684,1.4662662744522097,0.7580689787864685,0.928802251815796,1.0383718013763428,2.943153142929077
DGT,3f2b,A,apo88e22e69c7,A,2,[31],[31],DGT,DGT,41.55403119862179,1.6388806104660034,1.6120165586471558,0.5647376179695129,0.2553720772266388,1.0776455402374268,8.060287475585938
NAI,apofccf8b8bc2,A,6ktk,C,2,[44],[44],NAI,NAI,3.85430646451107,3.9388508796691895,1.1987969875335691,0.7607647180557251,0.8282922506332397,0.8923662900924683,2.7820277214050293
NAI,apofccf8b8bc2,A,7p61,F,2,[44],[44],NAI,NAI,3.277829654500394,2.9481937885284424,1.3349716663360596,0.7325759530067444,0.7131754159927368,1.0954269170761108,2.468648672103882
HEM,apob8bda36ef9,A,3vre,A,2,[43],[43],HEM,HEM,7.163159154216298,2.29634952545166,1.397086262702942,0.5982019901275635,0.9756737351417542,1.3055588006973269,4.173566818237305
CAC,1wmb,A,apo68da40ac58,A,2,[5],[5],CAC,CAC,23.15567794494597,2.8399758338928223,1.444814920425415,0.712790846824646,0.8591536283493042,1.0980039834976196,6.983925342559815
SAM,3e23,A,apod86559e079,A,2,[27],[27],SAM,SAM,4.223402875781247,3.306993246078491,1.5086040496826172,0.7238499522209167,0.943201780319214,1.0774149894714355,2.9693336486816406
CA,apo5712a2ba9a,A,4mhv,A,2,[1],[1],CA,CA,42.15418215386881,2.417852640151977,1.561771035194397,0.687276303768158,0.7641534805297852,1.0074398517608645,8.082608222961426
SAM,3ai9,X,apodf7d279eb3,A,2,[27],[20],SAM,SAM,4.076516397265005,3.233130693435669,1.3457581996917725,0.7051318287849426,0.9267483949661256,1.07037615776062,2.89596962928772
NAI,apo542a5d48e9,A,6ct6,B,2,[44],[44],NAI,NAI,4.36750496386324,3.0147459506988525,1.5591901540756226,0.7150876522064209,0.6360993385314941,1.1294453144073486,3.039849281311035
SAM,2yvl,A,apob0da859712,A,2,[27],[27],SAM,SAM,4.143204777075884,3.335028648376465,1.4389641284942627,0.6776674389839172,0.9717218279838562,0.9235459566116332,2.929466724395752
HEM,6wk3,D,apo4df2a9b82d,A,2,[43],[43],HEM,HEM,17.626522806630202,2.302237272262573,1.511589288711548,0.7257216572761536,0.931480884552002,1.1351561546325684,6.3802900314331055
SAM,apof8638bc184,A,5hw4,A,2,[27],[27],SAM,SAM,4.075740722438558,2.938202142715454,1.5129315853118896,0.7304010391235352,0.7573313117027283,1.1789888143539429,2.895578145980835
SAM,apo6783e453af,A,3gyq,A,2,[27],[27],SAM,SAM,3.7330134216233772,3.308342695236206,1.559728741645813,0.7142400145530701,0.6965233683586121,1.059340000152588,2.7182769775390625
SAM,3bxo,A,apob0da859712,A,2,[27],[27],SAM,SAM,4.818562433702868,3.288823127746582,1.3518478870391846,0.6896095275878906,0.8747459053993225,0.9956359267234802,3.251707077026367
SAM,apofd7fa63b48,A,3iv6,A,2,[27],[27],SAM,SAM,22.79608164490845,2.7620036602020264,1.5860944986343384,0.6776653528213501,0.9745249152183532,1.2287896871566772,6.950855255126953
CAA,4nbu,B,apoed40d751c6,A,2,[54],[54],CAA,CAA,15.515551373974295,2.427575826644897,1.4132359027862549,0.7172970771789551,0.5680522918701172,0.9586514234542848,6.080821514129639
TTP,2j87,D,apob9237ccc51,A,2,[29],[29],TTP,TTP,6.082931912278835,2.8702847957611084,1.684140682220459,0.6901306509971619,0.8272631168365479,1.2639354467391968,3.7822282314300537
CA,3a09,A,apo01a59d5242,A,2,[1],[1],CA,CA,46.106376614780736,2.2774481773376465,1.710016846656799,0.7120348811149597,0.7125512361526489,1.1017712354660034,8.217671394348145
SAM,2egv,A,apo3edaafd604,A,2,[27],[27],SAM,SAM,4.443941166246839,3.267388343811035,1.3349884748458862,0.6799889206886292,0.880774199962616,1.0360987186431885,3.0766818523406982
CA,4e2o,A,apo947f65c4c1,A,2,[1],[1],CA,CA,7.007707168784514,2.43962025642395,1.951379656791687,0.7156796455383301,0.9254978895187378,1.025813341140747,4.120312690734863
DGT,3f2b,A,apoc4f9eb2339,A,2,[31],[31],DGT,DGT,47.37134102970947,2.4735889434814453,1.7739992141723633,0.6870600581169128,0.492042988538742,0.981739580631256,8.256969451904297
CA,1qh4,D,apo1dfa516aef,A,2,[1],[1],CA,CA,35.0177041776278,2.3182921409606934,1.936574935913086,0.6659609079360962,0.889909565448761,1.203881859779358,7.778651714324951
F6P,apo3a3fdb2de6,A,4lc9,A,2,[16],[16],F6P,F6P,12.814311815423077,2.7380213737487797,1.5568139553070068,0.7432668805122375,0.8344234228134155,1.0702258348464966,5.616786479949951
CA,3n0a,A,apo8cc77b59da,A,2,[1],[1],CA,CA,27.140788096257268,2.6381118297576904,1.6420098543167114,0.6918879151344299,0.8910797238349915,1.1056870222091677,7.307542324066162
SAM,apob4f0ecf5b4,A,3ai9,X,2,[20],[27],SAM,SAM,3.530818641652016,3.313337802886963,1.3724671602249146,0.7007995247840881,0.8962019085884094,0.957690954208374,2.609464168548584
SIA,2v73,A,apo853b93903a,A,2,[21],[21],SIA,SIA,33.94067998145279,2.0996997356414795,1.5693961381912231,0.6962645053863525,0.993026077747345,1.3838435411453247,7.724204540252685
CA,3zyj,B,apo71800204b7,A,2,[1],[1],CA,CA,43.585277458100734,2.0908312797546387,1.4489021301269531,0.674039363861084,0.5768396854400635,0.8784652948379517,8.13381576538086
NAI,apofccf8b8bc2,A,4q9n,A,2,[44],[44],NAI,NAI,4.143715565339213,3.815232276916504,1.2415690422058103,0.7327492833137512,0.9023622870445251,0.9505609273910522,2.9297220706939697
NAI,apofccf8b8bc2,A,2dkn,A,2,[44],[44],NAI,NAI,4.030818060508786,3.773388624191284,1.183269500732422,0.7438456416130066,0.7779354453086853,0.9478763937950134,2.8728318214416504
PC,apo1014cc4ff4,A,1o72,A,2,[11],[11],PC,PC,29.970953115202157,2.587740659713745,1.532976150512695,0.7277258038520813,0.8204013705253601,1.3606027364730835,7.498183250427246
SAM,3a25,A,apoe7d8c0feb7,A,2,[27],[27],SAM,SAM,4.620586503764563,3.2672080993652344,1.451926827430725,0.682165801525116,0.8882198929786682,0.8703994750976562,3.1603291034698486
SAM,3okx,A,apof296d86dde,A,2,[27],[27],SAM,SAM,49.049188322567105,2.354333877563477,1.729142427444458,0.6601603031158447,0.9506775736808776,1.1965949535369873,8.306496620178223
SIA,2v73,A,apo214d44df5b,A,2,[20],[21],SIA,SIA,13.367254809522764,2.560262680053711,1.4666190147399902,0.7387404441833496,0.9940885305404664,1.1820861101150513,5.7205071449279785
SAM,1g60,A,apoe7d8c0feb7,A,2,[27],[27],SAM,SAM,3.9880619177336802,3.218923807144165,1.4144998788833618,0.6887877583503723,0.5981912016868591,0.9060736298561096,2.8510468006134038
F6P,2axn,A,apob091a8018e,A,2,[16],[16],F6P,F6P,38.540421032750494,2.9845316410064697,1.344211220741272,0.7029694318771362,0.8487981557846069,0.9838247299194336,7.939861297607422
CA,apo8c671a591c,A,3gdc,A,2,[1],[1],CA,CA,45.620026850564564,2.8167433738708496,1.41563618183136,0.7154971957206726,0.763236403465271,0.9568517804145812,8.202086448669434
SAM,apo75a68138d6,A,3dcm,X,2,[27],[27],SAM,SAM,4.25119218517732,3.447141647338867,1.3923027515411377,0.6923497915267944,0.77869713306427,1.070429801940918,2.9830431938171387
SAM,4njg,A,apof296d86dde,A,2,[27],[27],SAM,SAM,43.37465221184611,2.322566270828247,1.6388291120529177,0.6428091526031494,0.9419692754745485,1.1124104261398315,8.12645149230957
K,apoa91505152f,A,6npl,A,2,[1],[1],K,K,42.68868694837285,2.066622257232666,1.5538338422775269,0.6941050887107849,0.6896408796310425,1.3038135766983032,8.102059364318848
NAI,1o0s,A,apofccf8b8bc2,A,2,[44],[44],NAI,NAI,3.8744607124359915,3.686781406402588,1.2338223457336426,0.7504794001579285,0.9025495648384094,0.8703708648681641,2.7925126552581787
SF4,4g38,A,apo39ca58ccee,A,2,[8],[8],SF4,SF4,46.59345582036484,1.965820074081421,1.5639159679412842,0.7317946553230286,0.67139732837677,1.2384440898895264,8.233011245727539
COM,apo89e8cc2b73,A,5a0y,A,2,[7],[7],COM,COM,10.415271229394069,1.829535961151123,1.4559502601623535,0.6374324560165405,0.5616381168365479,1.2179698944091797,5.101706027984619
TTP,2ja1,A,apoba6c9a6a3d,A,2,[29],[29],TTP,TTP,11.423668669639612,2.228415012359619,1.5812737941741943,0.6993355751037598,0.5862318277359009,1.1580294370651243,5.332265377044678
NAI,apofccf8b8bc2,A,4n54,A,2,[44],[44],NAI,NAI,4.0571148043199745,3.915848970413208,1.1094061136245728,0.7548487782478333,0.9200116395950316,0.915618062019348,2.886164665222168
SAM,apo95d5a52948,A,2qmm,A,2,[19],[27],SAM,SAM,2.7745919416746,3.5056700706481934,1.0989494323730469,0.7306810617446899,0.9438986778259276,0.9272741079330444,2.1719613075256348
SAM,2egv,A,apo1d2fe420e5,A,2,[27],[27],SAM,SAM,4.331249974373728,3.3700027465820312,1.3764499425888062,0.6888065338134766,0.8663442730903625,1.0526100397109983,3.0222415924072266
CA,2vqr,A,apo4c7bb09ba3,A,2,[1],[1],CA,CA,14.50305459789219,2.52075719833374,1.5557726621627808,0.702864408493042,0.7829625606536865,1.3309890031814575,5.9188761711120605
SAM,2b9e,A,apo05ecfae4e4,A,2,[27],[27],SAM,SAM,5.1498883219189455,3.299032926559448,1.3557931184768677,0.6973485350608826,0.8404340744018555,0.9504112601280212,3.3992912769317627
CA,apofd2f68acb4,A,4w8j,A,2,[1],[1],CA,CA,98.12358088418762,2.282078742980957,1.343319058418274,0.6767712235450745,0.9935139417648317,1.0893073081970217,9.075132369995115
COM,apo89e8cc2b73,A,5n1q,A,2,[7],[7],COM,COM,47.125921793553125,1.8012418746948242,1.7841039896011353,0.6870931386947632,0.4980525076389313,1.321252942085266,8.249481201171875
SF4,2b3x,A,apof250abc717,A,2,[8],[8],SF4,SF4,39.454343766964065,2.771416187286377,1.5927402973175049,0.6064200401306152,0.8293673396110535,1.0328528881072998,7.977932929992676
NAI,apo542a5d48e9,A,4uup,A,2,[44],[44],NAI,NAI,4.614133142106708,3.171544313430786,1.6214094161987305,0.7186524271965027,0.9357256293296814,1.117422342300415,3.15730881690979
NAI,apo550ef7e2ba,A,4n54,A,2,[44],[44],NAI,NAI,3.6529262343609807,3.1507468223571777,1.2834261655807495,0.7251909971237183,0.9289070963859558,1.014316201210022,2.675562858581543
CA,2ea7,A,apo5e06e281fb,A,2,[1],[1],CA,CA,30.871670890935896,2.2236809730529785,1.4804683923721311,0.6744022965431213,0.9597079753875732,1.107943773269653,7.553317546844482
TTP,1w4r,A,apo07a533bd13,A,2,[29],[29],TTP,TTP,8.577446347005976,2.927513599395752,0.8690774440765381,0.7327765226364136,0.8323807120323181,0.8578803539276123,4.617128849029541
SAM,1nt2,A,apob0da859712,A,2,[27],[27],SAM,SAM,4.121293319752197,3.4586381912231445,1.3520420789718628,0.7188607454299927,0.9805706143379213,0.9665148258209229,2.9184956550598145
NAI,apo5f621fda84,A,7uyy,A,2,[44],[44],NAI,NAI,4.129484543972947,3.698864936828613,1.2415831089019775,0.741039514541626,0.8321148753166199,0.9606269598007202,2.9226009845733643
SAM,apoa638c313e9,A,5vm8,B,2,[27],[27],SAM,SAM,5.393934869583663,3.47212553024292,1.3780033588409424,0.7013357281684875,0.8100197315216064,0.9238051772117616,3.5039350986480717
SF4,2b76,B,apof250abc717,A,2,[8],[8],SF4,SF4,44.62323379445859,2.0861239433288574,1.5996187925338743,0.6530407071113586,0.6221076250076294,1.0646510124206543,8.16927719116211
NAI,3q2i,A,apo550ef7e2ba,A,2,[44],[44],NAI,NAI,3.3754151092777356,3.2458505630493164,1.433281183242798,0.7525819540023804,0.7731054425239563,0.9609270095825196,2.5235965251922607
NAI,3flk,A,apo3c9b9e3c2a,A,2,[36],[44],NAI,NAI,2.7989344637079774,3.251539707183838,1.2435425519943235,0.7417929768562317,0.963959574699402,0.9693980813026428,2.186849594116211
SF4,1l9g,A,apof250abc717,A,2,[8],[8],SF4,SF4,31.136065574413607,1.9645705223083496,1.5242925882339478,0.6101141571998596,0.9117406010627748,0.8988271951675415,7.569043159484863
SAM,apoeb856749db,A,5hw4,A,2,[27],[27],SAM,SAM,3.1884797765830957,2.8519625663757324,1.5192664861679075,0.7164124846458435,0.8267847299575806,1.2570379972457886,2.4176249504089355
F6P,apob091a8018e,A,4lc9,A,2,[16],[16],F6P,F6P,6.381796136488513,2.887152910232544,1.410580277442932,0.7070714831352234,0.8350219130516052,1.070628643035889,3.895663261413574
SAM,2npn,A,apo89ae69e16b,A,2,[27],[27],SAM,SAM,3.6639304408448283,3.1225085258483887,1.5630165338516235,0.7270030975341797,0.8874889016151428,1.125083565711975,2.6814615726470947
SAM,1v2x,A,apodf7d279eb3,A,2,[27],[27],SAM,SAM,4.705704056779679,3.3236141204833984,1.3313581943511963,0.7144545912742615,0.9115246534347534,1.059122085571289,3.1999175548553467
NAI,apo54234681ba,A,7uyy,A,2,[44],[44],NAI,NAI,4.41792747929988,3.743663311004639,1.2487965822219849,0.7367827296257019,0.90196430683136,0.9214728474617004,3.06419038772583
CA,3g20,B,apoafab8f9879,A,2,[1],[1],CA,CA,25.388382550893898,2.4235408306121826,1.4500762224197388,0.7034657001495361,0.9389188885688782,1.1541213989257812,7.174213886260986
CAC,1x1t,A,apo68da40ac58,A,2,[5],[5],CAC,CAC,21.81703360815574,2.903982639312744,1.4479426145553589,0.7451397180557251,0.5879114866256714,1.1002094745635986,6.857029438018799
CA,apo61ed8a63df,A,7aj0,A,2,[1],[1],CA,CA,23.535442890817507,2.7170751094818115,1.3805032968521118,0.77875155210495,0.6369262933731079,1.0057564973831177,7.018080234527588
CA,4l9d,B,apo1f7b5dc841,A,2,[1],[1],CA,CA,83.97197982863118,2.08510684967041,1.6164095401763916,0.7156035900115967,0.9470041990280152,1.1329967975616455,8.935853004455566
NAI,3flk,A,apo38e8d09865,A,2,[44],[44],NAI,NAI,4.046561142686977,3.245191097259521,1.5166302919387815,0.7478421330451965,0.8877934217453003,1.0411478281021118,2.880819797515869
1GP,apod9ec9a499f,A,6dgm,B,2,[10],[10],1GP,1GP,8.592007097961694,2.0519614219665527,1.503145694732666,0.7230415344238281,0.7616943120956421,0.9852603673934937,4.621344566345215
NAI,apo46e1642176,A,7uyy,A,2,[44],[44],NAI,NAI,4.446121130797873,3.882807731628418,1.2338472604751587,0.7533596754074097,0.6425198316574097,0.913688063621521,3.0777266025543213
NAI,apo7dcb3916e0,A,7uyy,A,2,[44],[44],NAI,NAI,4.312931649580266,3.901144981384277,1.1894559860229492,0.7488895058631897,0.7946895360946655,0.9411384463310242,3.01331114768982
K,apo5634e23ee1,A,4jay,A,2,[1],[1],K,K,18.175885393588725,2.5255725383758545,1.4898277521133425,0.6051034331321716,0.8849548101425171,1.4357542991638184,6.450865745544434
CAA,4nbu,B,apo937cad989b,A,2,[54],[54],CAA,CAA,25.98423122954371,2.7991979122161865,1.5305312871932983,0.7113664746284485,0.9222614169120787,1.0771167278289795,7.221004962921143
TTP,2ja1,A,apodca2890c4d,A,2,[29],[29],TTP,TTP,41.651827386538,1.9176162481307983,1.707879900932312,0.6207442879676819,0.3376395404338836,1.144930362701416,8.063960075378418
CA,apobb57c3ff73,A,6mqr,L,2,[1],[1],CA,CA,48.0039994136406,2.526453018188477,1.5645900964736938,0.7311623692512512,0.5859744548797607,1.116886019706726,8.275980949401855
CA,2gwr,A,apo201baba6f3,A,2,[1],[1],CA,CA,12.330866858263047,2.1460556983947754,1.7376099824905396,0.6485376954078674,0.534363865852356,1.1124457120895386,5.521893501281738
CA,apo8678efc2c6,A,6d5b,B,2,[1],[1],CA,CA,17.128533228880315,2.670240879058838,1.5627284049987793,0.757784366607666,0.984297811985016,1.0196439027786257,6.313844203948975
F6P,apo3a3fdb2de6,A,3o8o,B,2,[16],[16],F6P,F6P,15.5663723556967,2.301176786422729,1.5421240329742432,0.7348167896270752,0.8871043920516968,0.9823262691497804,6.088612079620361
F6P,apob091a8018e,A,3o8o,B,2,[16],[16],F6P,F6P,12.447655369438936,2.7058353424072266,1.5945359468460083,0.7029843926429749,0.8413727283477783,1.3078336715698242,5.545191764831543
SF4,2b3x,A,apo0262b01f14,A,2,[8],[8],SF4,SF4,17.59670516327591,2.256174087524414,1.672754168510437,0.617734968662262,0.9489653706550598,2.094493865966797,6.376379013061523
K,2qv6,A,apoa91505152f,A,2,[1],[1],K,K,42.52513109041984,2.6508102416992188,1.4105395078659058,0.7177258133888245,0.770015299320221,1.1612833738327026,8.096149444580078
IPE,apof80eee5ece,A,3k4y,A,2,[14],[14],IPE,IPE,8.941603304505707,3.519691228866577,0.9206048846244812,0.7708995342254639,0.7975149750709534,0.8481253981590271,4.720615863800049
COM,1e6y,A,apo89e8cc2b73,A,2,[7],[7],COM,COM,8.809621145899163,2.3172709941864014,1.5834709405899048,0.6281853914260864,0.7242247462272644,1.1346126794815063,4.683571815490723
TTP,2uz3,B,apob9237ccc51,A,2,[29],[29],TTP,TTP,6.243008151276895,2.907804250717163,1.5237940549850464,0.6717812418937683,0.928287148475647,1.287200093269348,3.843504905700684
K,apo144c39e067,A,4jay,A,2,[1],[1],K,K,29.636257383773263,2.2405409812927246,1.5696274042129517,0.6772545576095581,0.5931978821754456,1.6734663248062134,7.477057456970215
DGT,3f2b,A,apo837ecb6e97,A,2,[31],[31],DGT,DGT,46.50075274993508,2.1661176681518555,1.80905282497406,0.6622831225395203,0.6776102781295776,0.99848610162735,8.230112075805664
TTP,2ja1,A,apob9237ccc51,A,2,[29],[29],TTP,TTP,11.521601370222195,2.7547032833099365,1.537846565246582,0.6919050812721252,0.9358581304550172,1.1705442667007446,5.353505611419678
SIA,4d62,A,apoa45663a7b4,A,2,[21],[21],SIA,SIA,19.772783543559093,2.3462204933166504,1.4723016023635864,0.7719000577926636,0.797724723815918,1.2198195457458496,6.641227722167969
F6P,apo72a4b9d979,A,6ayu,A,2,[16],[16],F6P,F6P,13.927704093828138,2.5481770038604736,1.5160977840423584,0.7428385615348816,0.7699644565582275,1.2309279441833496,5.820744037628174
F6P,4lc9,A,apo930083236b,A,2,[16],[16],F6P,F6P,6.325026479539012,2.6114370822906494,1.5509060621261597,0.7442709803581238,0.8006567358970642,1.2323166131973269,3.8744356632232666
TTP,2uz3,B,apodca2890c4d,A,2,[29],[29],TTP,TTP,49.33198778025046,2.1150612831115723,1.6019701957702637,0.6197211146354675,0.2513936161994934,1.1067241430282593,8.314568519592285
K,apo144c39e067,A,2qv6,A,2,[1],[1],K,K,41.73564581733929,2.698638439178467,1.3904376029968262,0.6942382454872131,0.8101800084114075,0.9360277056694032,8.067096710205078
SIA,2v73,A,apoa45663a7b4,A,2,[21],[21],SIA,SIA,21.40332437821956,2.7737765312194824,1.6576954126358032,0.7463086843490601,0.9402119517326356,1.155657410621643,6.815623760223389
K,apo7398b20969,A,4jay,A,2,[1],[1],K,K,24.41938282986257,2.531537771224976,1.4634268283843994,0.7060365676879883,0.8871544003486633,1.030466914176941,7.09466028213501
SIA,4d62,A,apo23874c7c22,A,2,[21],[21],SIA,SIA,23.96962781413595,2.343179225921631,1.4950658082962036,0.7109067440032959,0.8277255296707153,1.341275930404663,7.056193828582764
SIA,apo7d78760229,A,4d62,A,2,[21],[21],SIA,SIA,30.0313355638798,2.115487575531006,1.4375762939453125,0.7207196950912476,0.7681735157966614,1.3707815408706665,7.501956939697266
SIA,4d62,A,apo853b93903a,A,2,[21],[21],SIA,SIA,22.643023125679914,2.6469974517822266,1.2913182973861694,0.6921463012695312,0.9286512732505798,1.4535930156707764,6.936558246612549
SKM,apo57a2683458,A,4y0a,A,3,[12],[12],SKM,SKM,15.07885454505448,2.845014333724976,1.4423317909240725,0.7181153893470764,0.9174162745475768,1.0296664237976074,6.012577056884766
K,2gj8,D,apo7d447b2b3e,A,3,[1],[1],K,K,19.414725849237808,2.874608039855957,1.554495930671692,0.7382516860961914,0.6852707862854004,1.1889797449111938,6.600342273712158
TYD,apo0119d595d5,A,6vlo,A,3,[25],[25],TYD,TYD,2.548856286367242,2.903906345367432,1.4940587282180786,0.7338578701019287,0.893532931804657,1.3986462354660034,2.031146287918091
PD2,4nhy,A,apod47f5eff19,A,3,[12],[12],PD2,PD2,0.8310112087159925,3.882033348083496,0.6261592507362366,0.7674394845962524,0.981088161468506,0.8577214479446411,0.76725172996521
CYT,5ere,A,apo169ca1d20c,A,3,[8],[8],CYT,CYT,52.635169562648855,2.533433437347412,1.6098071336746216,0.717871367931366,0.6421881914138794,1.135525107383728,8.40345287322998
RBF,apo9e85e46298,A,4iil,A,3,[27],[27],RBF,RBF,12.310768500797364,2.8814244270324707,1.4079267978668213,0.704739511013031,0.7173612713813782,1.0931203365325928,5.51785945892334
NAI,apo6d990c3c92,A,3afo,A,3,[44],[44],NAI,NAI,9.757187910871675,2.261496067047119,1.626941204071045,0.6330412030220032,0.8310574293136597,1.120087742805481,4.93855094909668
TYD,2v54,A,apobdb30dfd1f,A,3,[25],[25],TYD,TYD,17.155996851323987,3.077343463897705,1.532340168952942,0.7698241472244263,0.8828140497207642,0.9961163997650146,6.317572116851807
SKM,apo0f9e91a457,A,4y0a,A,3,[12],[12],SKM,SKM,18.006190562103733,2.9003729820251465,1.4098637104034424,0.7242928147315979,0.8422142267227173,1.0074772834777832,6.429360866546631
F6P,apo72a4b9d979,A,5htk,A,3,[16],[16],F6P,F6P,39.00539347403895,2.702386379241944,1.6213688850402832,0.7206778526306152,0.91953706741333,1.0982012748718262,7.959408283233643
0O2,4qrh,B,apo56894b6c08,A,3,[40],[40],0O2,0O2,34.89173570295427,2.556331157684326,1.6511170864105225,0.698964536190033,0.7951553463935852,1.0403913259506226,7.77241849899292
SIA,4d62,A,apoe05bc91286,A,3,[21],[21],SIA,SIA,24.08875274604257,2.6239051818847656,1.499569058418274,0.7417333126068115,0.8632959127426147,1.1712806224822998,7.066481113433838
RUB,apo5bfcbc4c82,A,8thm,B,3,[18],[18],RUB,RUB,23.671322670075618,2.322229385375977,1.6056101322174072,0.7069387435913086,0.9268206357955932,0.9917809963226318,7.030113697052002
TYD,4lxq,B,apobdb30dfd1f,A,3,[25],[25],TYD,TYD,15.522842627238335,2.723028421401977,1.4726758003234863,0.7191112637519836,0.8826067447662354,1.1223517656326294,6.0819411277771
F6P,2axn,A,apo9f174cb24f,A,3,[16],[16],F6P,F6P,41.21800633035051,2.7726218700408936,1.622060775756836,0.6928808093070984,0.9147530198097228,1.0819408893585205,8.047561645507812
SAM,apo95d5a52948,A,2hma,A,3,[27],[27],SAM,SAM,7.340937986619091,3.0545883178710938,1.162373661994934,0.6936483383178711,0.9506192207336426,1.1997709274291992,4.233299255371094
TYD,3hjn,A,apobdb30dfd1f,A,3,[25],[25],TYD,TYD,16.16953233680854,3.09194564819336,1.5364409685134888,0.7399730086326599,0.9064493775367736,1.0200798511505127,6.178762435913086
SAM,apo75a68138d6,A,5hg0,B,3,[27],[27],SAM,SAM,2.725829942199064,3.2081785202026367,1.0664595365524292,0.7678276300430298,0.913474142551422,0.9393049478530884,2.1419663429260254
BG6,2puw,B,apo95f6af94d0,A,3,[16],[16],BG6,BG6,12.354460836053798,2.520662784576416,1.5331693887710571,0.648676335811615,0.9164926409721376,1.1979118585586548,5.526619911193848
NAI,apo9b86f2866a,A,7p61,F,3,[44],[44],NAI,NAI,3.919615764146453,3.133683681488037,1.102987289428711,0.7303156852722168,0.77951979637146,1.036623239517212,2.815893650054932
NAI,apoad92680901,A,6vw7,D,3,[27],[44],NAI,NAI,5.626797426482067,3.175524473190308,1.5066789388656616,0.7148037552833557,0.815676748752594,1.1309674978256226,3.600736141204834
F6P,apo72a4b9d979,A,2r66,A,3,[16],[16],F6P,F6P,22.855194606310654,3.081961154937744,1.567663550376892,0.7358487844467163,0.9500293731689452,1.0633525848388672,6.95634126663208
NAI,apo38e8d09865,A,7p61,F,3,[44],[44],NAI,NAI,4.3094436847865545,3.009395122528076,1.0286595821380615,0.7214252948760986,0.8623987436294556,1.0377856492996216,3.011608123779297
AMZ,apo1885785949,A,2r84,B,3,[22],[22],AMZ,AMZ,62.79780893435481,2.5915303230285645,1.5098347663879397,0.6657679677009583,0.6529325246810913,1.2434792518615725,8.62633228302002
TYD,3lv8,A,apoa6cedd5e6c,A,3,[25],[25],TYD,TYD,15.854282167262738,3.096771001815796,1.4016538858413696,0.742644727230072,0.9078215956687928,0.9719498753547668,6.132168769836426
NAI,3afo,A,apo46e1642176,A,3,[44],[44],NAI,NAI,5.966593333771869,2.6937673091888428,1.5613694190979004,0.6919751167297363,0.8850050568580627,1.263878583908081,3.7369232177734375
BG6,2poc,B,apo95f6af94d0,A,3,[16],[16],BG6,BG6,8.061299241032573,2.5762033462524414,1.630346655845642,0.7008322477340698,0.8230364322662354,1.375388741493225,4.463299751281738
SKM,apoeb78c816f2,A,4y0a,A,3,[12],[12],SKM,SKM,16.52862493014129,3.022622585296631,1.548863649368286,0.7162384390830994,0.7790144681930542,1.0797959566116333,6.230486869812012
SF4,3zxs,A,apo736fc55dfa,A,3,[8],[8],SF4,SF4,68.09208463570465,2.2418313026428223,1.5999011993408203,0.6296835541725159,0.8032117486000061,1.386411428451538,8.719460487365723
NAI,apo7dcb3916e0,A,7p61,F,3,[44],[44],NAI,NAI,5.415640639754909,3.235471725463867,1.416953206062317,0.7234509587287903,0.6841333508491516,1.2095104455947876,3.513081789016724
F6P,apo72a4b9d979,A,3o8o,B,3,[16],[16],F6P,F6P,14.164153158516761,2.702737331390381,1.5710560083389282,0.6443630456924438,0.9434942603111268,1.2944004535675049,5.86163854598999
SF4,1h0h,A,apo736fc55dfa,A,3,[8],[8],SF4,SF4,3.64452968024765,1.88630485534668,1.5210423469543457,0.5058577656745911,0.9888920783996582,1.3933378458023071,2.671055555343628
NAI,apob2ac301348,A,4p53,A,3,[44],[44],NAI,NAI,3.3079774558768134,3.082505702972412,1.341060757637024,0.7449374794960022,0.5929173231124878,0.9072320461273192,2.4857101440429688
NAI,6tg9,B,apo2e856286db,A,3,[44],[44],NAI,NAI,10.8539267922114,3.07885217666626,1.452228546142578,0.7310267090797424,0.9028273820877076,1.1047992706298828,5.204740047454834
2HP,1gxu,A,apob6d5706d6d,A,3,[5],[5],2HP,2HP,26.106378864992077,2.199451446533203,1.6116437911987305,0.6519351601600647,0.7621294856071472,1.1055465936660769,7.230406284332275
SAM,2yqz,A,apo218b3ecdc8,A,3,[27],[27],SAM,SAM,2.0315823644186777,4.596266746520996,0.750268280506134,0.8195622563362122,0.9971988797187804,0.7527312636375427,1.688541293144226
TYD,3lv8,A,apo3721324a05,A,3,[25],[25],TYD,TYD,14.558235570066932,3.207077980041504,1.3274515867233276,0.7436680197715759,0.9166320562362672,1.0745816230773926,5.928046226501465
NAI,apo8a47c39afc,A,6tg9,B,3,[44],[44],NAI,NAI,8.54754176653194,2.9737536907196045,1.3174992799758911,0.7177343368530273,0.8537554740905762,1.2152994871139526,4.608449935913086
F6P,4lc9,A,apo428e912d15,A,3,[16],[16],F6P,F6P,8.381885487137689,3.026883840560913,1.1579220294952393,0.7341424226760864,0.9668088555336,0.9136091470718384,4.559861660003662
CYT,apo5a9b8409d6,A,5ere,A,3,[8],[8],CYT,CYT,52.850854374006516,2.81095290184021,1.537537932395935,0.7213690280914307,0.6098878383636475,1.080593824386597,8.408931732177734
TYD,1pn3,A,apo7b54455720,A,3,[25],[25],TYD,TYD,15.107642562043829,3.161090850830078,1.4270076751708984,0.7530071139335632,0.7915236949920654,1.0832706689834597,6.017148971557617
SF4,apo87912ac63c,A,4r0v,A,3,[8],[8],SF4,SF4,5.269351644936782,2.172424793243408,1.9028433561325075,0.5889936685562134,0.934023916721344,1.842769742012024,3.4509334564208984
SKM,apo364bca82c7,A,4y0a,A,3,[12],[12],SKM,SKM,17.078592986210154,2.802911758422852,1.5994824171066284,0.7413167357444763,0.7972711324691772,1.0565565824508667,6.307045936584473
TYD,1r66,A,apoa6cedd5e6c,A,3,[25],[25],TYD,TYD,3.1183661893207724,2.8202459812164307,1.622092843055725,0.7330905795097351,0.7513906955718994,1.2109309434890747,2.3770995140075684
TYD,3lv8,A,apobdb30dfd1f,A,3,[25],[25],TYD,TYD,16.650698586560583,3.0763187408447266,1.1661478281021118,0.7543634176254272,0.974848747253418,0.9182894825935364,6.247753143310547
RBF,apo9e85e46298,A,4d1y,A,3,[27],[27],RBF,RBF,25.835955331506412,3.313042163848877,1.3009673357009888,0.7282812595367432,0.789975106716156,1.0230276584625244,7.209506511688232
ENO,4jb0,A,apo85347866f2,A,3,[13],[13],ENO,ENO,5.214944853812716,3.462477922439575,0.9558911323547364,0.7591590285301208,0.9759253263473512,0.7855302095413208,3.4275147914886475
NAI,apo1b33a4a05a,A,7p61,F,3,[44],[27],NAI,NAI,4.127001769620593,2.9667153358459477,1.1980260610580444,0.7420201897621155,0.897903561592102,1.032914161682129,2.9213571548461914
CA,4tx8,A,apo061df9bae9,A,3,[1],[1],CA,CA,3.969588072901443,3.4209189414978027,1.4044852256774902,0.7816920280456543,0.6376371383666992,1.2424854040145874,2.841592788696289
NAI,4p53,A,apo2e856286db,A,3,[44],[44],NAI,NAI,3.7505139267300227,3.250243663787842,1.4233254194259644,0.7786118984222412,0.6924340128898621,0.8511765599250793,2.72754454612732
NAI,apobd8e71e202,A,4p53,A,3,[44],[44],NAI,NAI,4.4642803690282955,3.3587100505828857,1.442155122756958,0.7339169979095459,0.8581581115722656,1.0911173820495603,3.0864171981811523
SF4,2e7z,A,apo9e41a8b34d,A,3,[8],[8],SF4,SF4,20.435729101298204,2.353432893753052,1.6314117908477783,0.665751576423645,0.7607330679893494,0.9733620285987854,6.714387893676758
PD2,2w2i,C,apod47f5eff19,A,3,[12],[12],PD2,PD2,2.5736682163373943,3.8566207885742183,0.5829713344573975,0.7575122714042664,0.9516990184783936,0.8814172744750977,2.046871423721313
NAI,apo8a47c39afc,A,7p61,F,3,[44],[44],NAI,NAI,4.13677276690485,2.895349502563477,1.0505739450454712,0.7084577679634094,0.8093212246894836,1.0998815298080444,2.9262497425079346
NAI,apoabbffcddc8,A,4p53,A,3,[44],[44],NAI,NAI,11.385650992912653,3.2325632572174072,1.404183030128479,0.7201651930809021,0.731955349445343,0.9336400032043456,5.323967456817627
NAI,apoad92680901,A,6tg9,B,3,[44],[44],NAI,NAI,10.823556139495201,3.10420823097229,1.3736701011657717,0.7363053560256958,0.700258731842041,1.1548144817352295,5.197746276855469
NAI,apo24715c37d8,A,7p61,F,3,[44],[44],NAI,NAI,4.3645078668405946,2.91158390045166,1.058532953262329,0.7139602899551392,0.942556619644165,0.9417701959609984,3.0383970737457275
CA,1f2n,C,apo52bf805b2d,A,3,[1],[1],CA,CA,49.43853503274976,2.3472604751586914,1.5890909433364868,0.6800124049186707,0.8474110960960388,1.2189832925796509,8.31758975982666
HEM,apo837d5797bf,A,2xvz,A,3,[43],[43],HEM,HEM,22.05894627420107,2.4184389114379883,1.7082096338272097,0.724616289138794,0.8189890384674072,1.533062219619751,6.880745887756348
NAI,apo627036d509,A,4p53,A,3,[44],[44],NAI,NAI,4.608066537184168,3.331739664077759,1.3615247011184692,0.7314599752426147,0.8764733672142029,1.137332797050476,3.1544671058654785
SKM,apoc2bad139c1,A,4y0a,A,3,[12],[12],SKM,SKM,17.961713495475518,2.8923826217651367,1.6729589700698853,0.7427326440811157,0.7645623683929443,1.101386785507202,6.423681259155273
SF4,2xdq,A,apoee35b1a84b,A,3,[8],[8],SF4,SF4,26.174764057413835,1.7105093002319336,1.9290813207626345,0.6563318371772766,0.5606206655502319,1.7849066257476809,7.235641956329346
NAI,apobd8e71e202,A,6vw7,D,3,[27],[44],NAI,NAI,5.0262444036759835,3.23965835571289,1.5396722555160522,0.7162071466445923,0.8857718110084534,1.1406270265579224,3.344977140426636
NAI,apo54234681ba,A,4p53,A,3,[44],[44],NAI,NAI,4.315853023229969,3.3371384143829346,1.4351061582565308,0.7543707489967346,0.8155283331871033,0.999447226524353,3.0147368907928467
AMZ,apo1885785949,A,2r7k,A,3,[22],[22],AMZ,AMZ,57.5231645301443,2.544217109680176,1.5081120729446411,0.7183987498283386,0.8713120818138123,1.038669466972351,8.519026756286621
SF4,apofd986512a3,A,7lhr,A,3,[8],[8],SF4,SF4,15.108129535627853,2.627108573913574,1.415951371192932,0.6848180890083313,0.93780916929245,1.5237828493118286,6.017226219177246
SAM,apoeb856749db,A,5hg0,B,3,[27],[27],SAM,SAM,2.9221706687370217,3.2026500701904297,1.122780680656433,0.7450394630432129,0.942371129989624,0.8485968112945557,2.261362075805664
NAI,apo68efe2d4f7,A,6tg9,B,3,[44],[27],NAI,NAI,5.64723584230177,3.0394842624664307,1.453513741493225,0.744706928730011,0.9121162295341492,1.1204293966293335,3.609094858169556
NAI,apo306085e7e4,A,4p53,A,3,[44],[44],NAI,NAI,3.767703420389528,3.2572925090789795,1.487015962600708,0.7608165144920349,0.851987898349762,0.8841940760612488,2.7366244792938232
TYD,apoa6cedd5e6c,A,6vlo,A,3,[25],[25],TYD,TYD,3.077689784323868,2.7010936737060547,1.5163854360580444,0.711636483669281,0.8433451652526855,1.356892228126526,2.3533895015716557
SF4,2vpw,A,apo736fc55dfa,A,3,[8],[8],SF4,SF4,4.685846331705414,2.0068092346191406,1.2321099042892456,0.5074923634529114,0.8315070271492004,1.3682390451431274,3.190722703933716
NAI,apo54234681ba,A,3afo,A,3,[44],[44],NAI,NAI,4.532843317956224,2.604041337966919,1.81986403465271,0.7145820260047913,0.8153339624404907,1.33750319480896,3.1190340518951416
CA,apob4b112d976,A,2hih,A,3,[1],[1],CA,CA,39.76947982678533,2.117025852203369,1.649832010269165,0.657589316368103,0.7702996134757996,0.9667751789093018,7.990736484527588
NAI,apoad92680901,A,3afo,A,3,[44],[44],NAI,NAI,5.102771157641446,2.799813270568848,1.5047671794891355,0.6794671416282654,0.8643719553947449,1.3538970947265625,3.3786985874176025
BG6,2puw,B,apob90cad9cbd,A,3,[16],[16],BG6,BG6,39.0925558185444,2.597294330596924,1.385664463043213,0.6621076464653015,0.7335845828056335,1.2439073324203491,7.96303129196167
SF4,apoecffb133be,A,3ml1,A,3,[8],[8],SF4,SF4,23.9765237131494,2.689652442932129,1.5910052061080933,0.6898149847984314,0.8592684268951416,1.2816078662872314,7.056791305541992
PD2,2jig,A,apod47f5eff19,A,3,[12],[12],PD2,PD2,1.708492835097608,3.950791835784912,0.7208874821662903,0.8249516487121582,0.9701069593429564,0.9181240797042848,1.459191083908081
CA,1dfx,A,apo8c8e729362,A,3,[1],[1],CA,CA,26.12264825791045,3.0782618522644043,1.7915449142456057,0.7495799660682678,0.959050714969635,1.1367093324661257,7.231653690338135
TYD,2v54,A,apoa6cedd5e6c,A,3,[25],[25],TYD,TYD,15.762924077730828,3.1985998153686523,1.42894184589386,0.7734858989715576,0.9293537735939026,1.0601177215576172,6.118453025817871
F6P,3o8o,B,apo9f174cb24f,A,3,[16],[16],F6P,F6P,38.55083821102318,2.749786376953125,1.4914300441741943,0.7315016388893127,0.8840652108192444,1.1119993925094604,7.940303325653076
SF4,apofd986512a3,A,7lhr,A,3,[8],[8],SF4,SF4,15.108129535627853,2.6271097660064697,1.415952444076538,0.6848177313804626,0.9378094673156738,1.523783564567566,6.017226219177246
SF4,6elq,X,apoee35b1a84b,A,3,[8],[8],SF4,SF4,46.98872427880657,1.8373916149139404,1.5041970014572144,0.600773274898529,0.8799403309822083,1.7827926874160769,8.245266914367676
NAI,apob2ac301348,A,3afo,A,3,[44],[44],NAI,NAI,5.271867417756996,2.775233745574951,1.3735685348510742,0.6801392436027527,0.8115593791007996,1.3965468406677246,3.452012300491333
CA,apob0d3fb1eab,A,4jrf,A,3,[1],[1],CA,CA,24.94099698083016,2.02079176902771,1.359919190406799,0.6658151149749756,0.8248384594917297,0.8500822186470032,7.13803243637085
NAI,apo131ef01eab,A,6tg9,B,3,[44],[44],NAI,NAI,11.064608718850348,2.746545553207397,1.5426956415176392,0.7429256439208984,0.8554317355155945,1.0229829549789429,5.252700805664063
TYD,3rsc,A,apo7b54455720,A,3,[25],[25],TYD,TYD,14.112027143322791,3.1285829544067383,1.5347580909729004,0.7702467441558838,0.7234780788421631,1.0144524574279783,5.852692127227783
SF4,apo736fc55dfa,A,6tg9,B,3,[8],[8],SF4,SF4,54.044601373392965,2.3765785694122314,1.538463830947876,0.6133556365966797,0.471919298171997,1.388993501663208,8.43858814239502
SF4,1oao,C,apo0262b01f14,A,3,[8],[8],SF4,SF4,14.072733183252195,1.7033164501190186,1.85798978805542,0.5492838621139526,0.9617156982421876,1.207857966423035,5.845922470092773
F6P,2axn,A,apo428e912d15,A,3,[16],[16],F6P,F6P,35.85400112210624,2.7134792804718018,1.6813669204711914,0.6846305727958679,0.7719041705131531,1.0628582239151,7.819165229797363
TYD,2v54,A,apo3721324a05,A,3,[25],[25],TYD,TYD,13.65823958904206,3.2803213596343994,1.3879220485687256,0.7515743970870972,0.8899366855621338,1.0378142595291138,5.773142814636231
CA,apo24685ef6d3,A,2ost,A,3,[1],[1],CA,CA,0.08843930251411825,3.6112136840820312,0.6685437560081482,0.7883707284927368,0.9974371194839478,0.7814883589744568,0.0876640081405639
NAI,4p53,A,apo68efe2d4f7,A,3,[27],[44],NAI,NAI,4.127103595225371,3.4191040992736816,1.3294681310653689,0.7528835535049438,0.8613954186439514,1.061070680618286,2.921408176422119
BG6,apob90cad9cbd,A,6d24,A,3,[16],[16],BG6,BG6,34.17982011247447,3.2042033672332764,1.2261271476745603,0.7496997117996216,0.8458658456802368,0.9407926201820374,7.736523151397705
NAI,4p53,A,apo5f621fda84,A,3,[44],[44],NAI,NAI,4.338474857166631,3.3658905029296875,1.3124688863754272,0.7389208674430847,0.8667563796043396,1.0814651250839231,3.0257575511932373
SF4,3a04,A,apof250abc717,A,3,[8],[8],SF4,SF4,32.2753155249631,2.2413132190704346,1.0917527675628662,0.6700157523155212,0.9500501155853271,0.7809572219848633,7.6345534324646
NAI,4p53,A,apo38e8d09865,A,3,[44],[44],NAI,NAI,4.472940874764788,3.353031873703003,1.3559144735336304,0.7327917814254761,0.8752990365028381,1.1011611223220823,3.0905542373657227
CA,apo6fe83300aa,A,4z0n,A,3,[1],[1],CA,CA,24.105378469080353,2.499734401702881,1.4412740468978882,0.7184169292449951,0.8824611902236938,1.142328143119812,7.067911148071289
SF4,apo1ec04f1101,A,7lhr,A,3,[8],[8],SF4,SF4,10.946350864800854,2.571791172027588,1.389698505401611,0.7095167636871338,0.9748827815055848,1.1330022811889648,5.225898742675781
CA,3ik2,A,apob348e581cd,A,3,[1],[1],CA,CA,46.428600257771485,2.942513227462769,1.5110615491867063,0.7746397256851196,0.7779732346534729,1.0233550071716309,8.227849006652832
SAM,apo865b191f3d,A,5hg0,B,3,[27],[27],SAM,SAM,2.330205728270694,3.344745397567749,1.1107323169708252,0.7601342797279358,0.9443929195404052,0.9206632375717164,1.889835238456726
NAI,4p53,A,apo9b86f2866a,A,3,[44],[44],NAI,NAI,4.180166684331426,3.2956812381744385,1.3579052686691284,0.7390260696411133,0.6039076447486877,1.08131206035614,2.947896718978882
TYD,apo7b54455720,A,6vlo,A,3,[25],[25],TYD,TYD,17.175685524041935,2.4394736289978027,1.5626622438430786,0.6629656553268433,0.8664045333862305,1.3823963403701782,6.320240020751953
TYD,1r66,A,apo0119d595d5,A,3,[25],[25],TYD,TYD,2.8468706124447136,2.9738264083862305,1.4121313095092771,0.7275705337524414,0.934385359287262,1.1748121976852417,2.216003179550171
BG6,2poc,B,apob90cad9cbd,A,3,[16],[16],BG6,BG6,39.803732420639804,2.6501331329345703,1.3533875942230225,0.677470862865448,0.6886924505233765,1.1306540966033936,7.9921183586120605
F6P,2r66,A,apo9f174cb24f,A,3,[16],[16],F6P,F6P,22.70543552388766,2.887586832046509,1.5563931465148926,0.7259466052055359,0.7364735007286072,1.0183000564575195,6.942404270172119
SF4,apofd986512a3,A,6elq,X,3,[8],[8],SF4,SF4,29.047212795237066,2.568617343902588,1.5258296728134155,0.6812944412231445,0.8155292272567749,1.1266560554504397,7.438997745513916
NAI,apodc159d30e1,A,6tg9,B,3,[44],[44],NAI,NAI,9.027615079920626,2.846798896789551,1.455533742904663,0.7444100975990295,0.6240500807762146,1.1391730308532717,4.744480609893799
NAI,apo5f621fda84,A,6vw7,D,3,[27],[44],NAI,NAI,3.873023865825235,2.9951887130737305,1.2037032842636108,0.725973904132843,0.8341742753982544,1.1340798139572144,2.791766166687012
TYD,apo0119d595d5,A,4e2x,A,3,[25],[25],TYD,TYD,21.61658331669952,2.8457984924316406,1.5844876766204834,0.7349298596382141,0.6056039333343506,1.0076884031295776,6.837102890014648
F6P,apo442de7048d,A,3o8o,B,3,[16],[16],F6P,F6P,46.18899568579097,2.7147881984710693,1.5488475561141968,0.6904553174972534,0.8229248523712158,1.011569261550903,8.220292091369629
NAI,apo1b33a4a05a,A,6vw7,D,3,[27],[27],NAI,NAI,5.19068340408465,3.179827690124512,1.570610523223877,0.7390402555465698,0.8850407600402832,1.0742632150650024,3.417017698287964
F6P,apo9f174cb24f,A,5htk,A,3,[16],[16],F6P,F6P,40.03946555902224,2.5239717960357666,1.6427322626113892,0.7116963863372803,0.9115913510322572,0.9928497672080994,8.001577377319336
F6P,5htk,A,apo428e912d15,A,3,[16],[16],F6P,F6P,30.120118235768654,2.515915632247925,1.813109040260315,0.6660622358322144,0.8426728248596191,0.93294495344162,7.507484912872314
NAI,apo7d09abd904,A,6tg9,B,3,[44],[44],NAI,NAI,7.3425082362673955,2.9748873710632324,1.459793210029602,0.7307318449020386,0.8471410274505615,1.123071789741516,4.233821392059326
TYD,4e2x,A,apoa6cedd5e6c,A,3,[25],[25],TYD,TYD,15.656072549184643,2.903974771499634,1.5236810445785522,0.7272647023200989,0.7210402488708496,1.0945998430252075,6.102287292480469
TYD,1r66,A,apo7b54455720,A,3,[25],[25],TYD,TYD,16.409101097843855,2.7037951946258545,1.6073265075683594,0.689389705657959,0.8021072149276733,1.1348304748535156,6.21342658996582
BU3,4j6r,L,apob0d1d6ffe4,A,3,[6],[6],BU3,BU3,59.80394401976335,1.991276502609253,1.5430727005004885,0.6083655953407288,0.3200712502002716,0.9288649559020996,8.567416191101074
F6P,2r66,A,apo428e912d15,A,3,[16],[16],F6P,F6P,13.994127413883687,2.536961555480957,1.5541404485702517,0.7508576512336731,0.9486068487167358,1.0441107749938965,5.832313537597656
SKM,apob2978c18ed,A,4y0a,A,3,[12],[12],SKM,SKM,15.578177992432972,2.818034410476685,1.4739086627960205,0.7336888313293457,0.9048472046852112,0.9947815537452698,6.090417385101318
NAI,apoad92680901,A,7p61,F,3,[44],[44],NAI,NAI,4.767704715760246,3.3941638469696045,1.345651149749756,0.7569810152053833,0.760384202003479,1.1223156452178955,3.2284669876098637
SAM,2q6o,A,apoe7fc3f06d8,A,3,[27],[27],SAM,SAM,7.516314801073522,2.9993224143981934,1.2511287927627563,0.7472861409187317,0.7294439673423767,0.8969072699546814,4.291036605834961
NAI,apo3fdb14322f,A,7p61,F,3,[44],[44],NAI,NAI,3.614436462907667,3.171895980834961,1.2348657846450806,0.7372576594352722,0.597682535648346,1.044957399368286,2.654855728149414
F6P,apo442de7048d,A,5htk,A,3,[16],[16],F6P,F6P,38.45169136591983,2.816889524459839,1.5737733840942385,0.7025412917137146,0.8795697689056396,1.082168698310852,7.936088562011719
NAI,3afo,A,apodc159d30e1,A,3,[44],[44],NAI,NAI,4.935056264298148,2.8742055892944336,1.5677112340927124,0.7073367238044739,0.8827072978019714,1.2511937618255615,3.304343938827514
K,apo22b84035b3,A,2gj8,D,3,[1],[1],K,K,10.023658094418693,3.7891845703125,0.9893921613693236,0.7910093069076538,0.978873372077942,0.7931171655654907,5.0059075355529785
TYD,apo3721324a05,A,4e2x,A,3,[25],[25],TYD,TYD,18.17773284715823,2.9647464752197266,1.433236002922058,0.7462875247001648,0.7398178577423096,1.074978590011597,6.451098442077637
SF4,apoa322bb6fb6,A,6de6,B,3,[8],[8],SF4,SF4,36.57586696569004,3.0292410850524902,1.2510530948638916,0.7410397529602051,0.8671826720237732,1.0697671175003052,7.852965354919434
SF4,2e7z,A,apoecffb133be,A,3,[8],[8],SF4,SF4,24.778928515161816,1.9890100955963133,1.8985307216644287,0.6574615240097046,0.8500372767448425,1.0916801691055298,7.124695777893066
CA,apobe935f823d,A,6ncr,A,3,[1],[1],CA,CA,65.20798143784943,2.912667989730835,1.4942898750305176,0.7205028533935547,0.7911530137062073,1.2257157564163208,8.670353889465332
SAM,apo03623d8ca9,A,5hg0,B,3,[27],[27],SAM,SAM,4.677226598553967,3.264590263366699,1.2529813051223757,0.735511064529419,0.9429444074630736,1.081646203994751,3.1867237091064453
TYD,2v54,A,apo0119d595d5,A,3,[25],[25],TYD,TYD,14.77796558463608,3.2795443534851074,1.4128953218460083,0.7467253804206848,0.867326021194458,1.0684244632720947,5.964156150817871
CA,1hpl,A,apo94bc4d469b,A,3,[1],[1],CA,CA,13.314517054272528,2.9465670585632324,1.6837522983551023,0.7033065557479858,0.9176095128059388,1.0895941257476809,5.710826873779297
SAM,apo03623d8ca9,A,2hma,A,3,[27],[27],SAM,SAM,6.401205890054036,3.4159255027771,1.3032900094985962,0.7499837279319763,0.6693748235702515,1.1180963516235352,3.902887344360352
SAM,2hma,A,apo185babea79,A,3,[27],[27],SAM,SAM,6.905990961875521,3.468113899230957,0.907892107963562,0.7714482545852661,0.983640730381012,1.0104418992996216,4.08493709564209
SF4,apof250abc717,A,6qkg,B,3,[8],[8],SF4,SF4,60.76400009987898,2.243360996246338,1.5781902074813845,0.6627742052078247,0.7203671336174011,1.0426992177963257,8.586852073669434
SAM,2q6o,A,apo579d4c1abc,A,3,[27],[27],SAM,SAM,10.348241164195978,3.1558780670166016,1.4784860610961914,0.7122434377670288,0.7896571159362793,1.0892367362976074,5.085570335388184
NAI,apo38fd9e3bee,A,6tg9,B,3,[44],[44],NAI,NAI,7.58452285084408,3.220257520675659,1.2513854503631592,0.7214681506156921,0.8792744874954224,1.2326427698135376,4.313180923461914
SF4,4hea,1,apoee35b1a84b,A,3,[8],[8],SF4,SF4,25.84342157662023,1.741358757019043,1.62394917011261,0.6826810836791992,0.851806640625,1.283881425857544,7.210087776184082
SAM,2hma,A,apo0c4f651c46,A,3,[27],[27],SAM,SAM,24.803747313567833,1.8019013404846191,1.8329275846481323,0.6604198217391968,0.932019293308258,1.4800292253494265,7.12674617767334
F6P,apo72a4b9d979,A,2axn,A,3,[16],[16],F6P,F6P,34.331937376640056,2.775397777557373,1.5298460721969604,0.7302498817443848,0.887774646282196,1.1470056772232056,7.744289875030518
NAI,apob434bc6d95,A,7p61,F,3,[44],[44],NAI,NAI,3.751801965322528,3.325260162353516,1.3307228088378906,0.7325807809829712,0.5875619053840637,1.1174877882003784,2.7282257080078125
TYD,1r66,A,apobdb30dfd1f,A,3,[25],[25],TYD,TYD,3.017519864865964,2.916756629943848,1.6078072786331177,0.7366958260536194,0.8439160585403442,1.127686619758606,2.318045139312744
SF4,1h0h,A,apo9e41a8b34d,A,3,[8],[8],SF4,SF4,20.63411826658808,2.393605232238769,1.6184312105178833,0.5836748480796814,0.9444502592086792,1.4775091409683228,6.735665798187256
TYD,4e2x,A,apo7b54455720,A,3,[25],[25],TYD,TYD,10.766484194949586,2.7220234870910645,1.743639588356018,0.7410416007041931,0.9057896733283995,1.057004451751709,5.184548377990723
NAI,3afo,A,apo38fd9e3bee,A,3,[44],[44],NAI,NAI,4.935044564559457,2.8270375728607178,1.5202325582504272,0.6981818675994873,0.8949830532073975,1.3352314233779907,3.3043386936187744
CA,apo7e0682d502,A,6dfq,C,3,[1],[1],CA,CA,49.58109316705247,2.289999008178711,1.291276216506958,0.7380104064941406,0.9265100955963136,0.8284321427345276,8.321615219116211
NAI,apo46e1642176,A,6tg9,B,3,[44],[44],NAI,NAI,8.206200268098772,2.69135856628418,1.5736136436462402,0.7205179333686829,0.8100883364677429,1.14828622341156,4.507365703582764
CA,1dfx,A,apo8c8e729362,A,3,[1],[1],CA,CA,26.122635813936263,3.0782642364501958,1.7915445566177368,0.7495793700218201,0.9590508341789246,1.1367112398147583,7.231652736663818
F6P,2r66,A,apo442de7048d,A,3,[16],[16],F6P,F6P,26.96829753144766,3.050762176513672,1.6578223705291748,0.7281074523925781,0.8169283270835876,1.0193140506744385,7.294979572296143
NAI,apo306085e7e4,A,6vw7,D,3,[27],[44],NAI,NAI,4.041987387098084,2.819668292999268,1.497788667678833,0.7550439834594727,0.8440097570419312,1.0523425340652466,2.878500938415528
TYD,4e2x,A,apobdb30dfd1f,A,3,[25],[25],TYD,TYD,7.222544146303327,2.458144187927246,1.6324095726013184,0.7364681959152222,0.6080693602561951,1.376159906387329,4.193656921386719
SF4,apoecffb133be,A,7p61,F,3,[8],[8],SF4,SF4,32.165793453656974,2.734412670135498,1.5789273977279663,0.6969950795173645,0.6606388688087463,1.1203290224075315,7.628409385681152
NAI,apo306085e7e4,A,6tg9,B,3,[44],[44],NAI,NAI,6.855156942527357,2.6605966091156006,1.4176148176193235,0.7319828867912292,0.5506105422973633,1.0961458683013916,4.0670976638793945
NAI,apo131ef01eab,A,7p61,F,3,[44],[44],NAI,NAI,5.571603878496239,2.995200634002685,1.2180684804916382,0.7232160568237305,0.9162271022796632,0.9329719543457032,3.578053951263428
SF4,1gn9,A,apo2ae92c936d,A,3,[8],[8],SF4,SF4,40.0884664916444,2.347403049468994,1.476288914680481,0.6908153891563416,0.480267584323883,1.2278863191604614,8.003532409667969
TYD,3hjn,A,apoa6cedd5e6c,A,3,[25],[25],TYD,TYD,15.149259691596727,3.1055753231048584,1.5120651721954346,0.7679253816604614,0.9500857591629028,0.9734864830970764,6.023739814758301
TYD,apoa6cedd5e6c,A,4lxq,B,3,[25],[25],TYD,TYD,9.42432942756936,2.836511611938477,1.567607283592224,0.7270215749740601,0.8686536550521851,1.1972332000732422,4.8518171310424805
TYD,apo3721324a05,A,4lxq,B,3,[25],[25],TYD,TYD,6.682143795225259,2.559983730316162,1.5475759506225586,0.6893840432167053,0.7879952192306519,1.16571044921875,4.005566596984863
SF4,3ml1,A,apofd986512a3,A,3,[8],[8],SF4,SF4,13.83008393104026,2.166464328765869,1.5172499418258667,0.6857514977455139,0.8911223411560059,1.3299182653427124,5.803623676300049
TYD,3oth,A,apo7b54455720,A,3,[25],[25],TYD,TYD,14.76591880272488,3.271552562713623,1.458203911781311,0.7604447603225708,0.8655343055725098,1.011641502380371,5.962193012237549
TYD,apobdb30dfd1f,A,6vlo,A,3,[25],[25],TYD,TYD,2.961738509791183,2.713871955871582,1.5413058996200562,0.6920128464698792,0.9172402620315552,1.4190322160720823,2.2849855422973637
TYD,3hjn,A,apo0119d595d5,A,3,[25],[25],TYD,TYD,15.747984908870158,2.966341733932495,1.497721791267395,0.7475787997245789,0.8282973170280457,1.0067094564437866,6.116200923919678
SF4,2ynm,C,apo2ae92c936d,A,3,[8],[8],SF4,SF4,38.89599128562654,2.492256164550781,1.3884528875350952,0.7137874364852905,0.9012528657913208,0.9939495921134948,7.954842567443848
TYD,3hjn,A,apo3721324a05,A,3,[25],[25],TYD,TYD,13.957134801836192,3.3672022819519043,1.3826178312301636,0.7655310034751892,0.9435596466064452,1.0968384742736816,5.825878143310547
F6P,2axn,A,apo442de7048d,A,3,[16],[16],F6P,F6P,35.89784628421817,2.814979076385498,1.4714149236679075,0.7026854753494263,0.8191109895706177,1.123395323753357,7.821248531341553
SF4,4fhc,A,apo9e41a8b34d,A,3,[8],[8],SF4,SF4,4.573924295444919,1.8096672296524048,1.8348701000213623,0.626819372177124,0.9285323023796082,0.9877844452857972,3.138430118560791
TYD,1r66,A,apo3721324a05,A,3,[25],[25],TYD,TYD,3.5362290889454915,2.7837066650390625,1.6192365884780884,0.7422922253608704,0.8852372169494629,1.1923565864562988,2.6124181747436523
TYD,4g2t,A,apo7b54455720,A,3,[25],[25],TYD,TYD,14.64906715273251,3.282144546508789,1.4087635278701782,0.7552666068077087,0.8991997838020325,1.0720312595367432,5.943051338195801
TYD,apo3721324a05,A,6vlo,A,3,[25],[25],TYD,TYD,3.276201060930245,2.7188894748687744,1.6021114587783811,0.7303378582000732,0.7580646872520447,1.2487505674362185,2.4677248001098637
TYD,4lxq,B,apo7b54455720,A,3,[25],[25],TYD,TYD,11.293133619502326,2.831554412841797,1.550445795059204,0.7158005833625793,0.8828814625740051,1.130496859550476,5.303650379180908
TYD,1rrv,A,apo7b54455720,A,3,[25],[25],TYD,TYD,14.72713398152167,3.273948907852173,1.3993890285491943,0.7453105449676514,0.9088118076324464,1.092044711112976,5.955859661102295
TYD,3lv8,A,apo0119d595d5,A,3,[25],[25],TYD,TYD,13.287002552612373,3.1417582035064697,1.4590598344802856,0.7679989337921143,0.913320541381836,0.9634364247322084,5.705759048461914
TYD,apo0119d595d5,A,4lxq,B,3,[25],[25],TYD,TYD,14.899104789494931,2.9179251194000244,1.5354266166687012,0.7612144947052002,0.6966791152954102,1.2416783571243286,5.983791351318359
SIA,apo0d0b42695c,A,4d62,A,3,[21],[21],SIA,SIA,15.297156718821439,2.275148630142212,1.5346286296844482,0.7173300385475159,0.7426581382751465,1.1559412479400637,6.04698657989502
SIA,4d62,A,apo214d44df5b,A,3,[20],[21],SIA,SIA,32.59300067164923,2.4983010292053223,1.3635085821151731,0.6896998882293701,0.9583597779273988,1.28581440448761,7.652196407318115
VN4,2rar,A,apo243dbcb124,A,4,[4],[4],VN4,VN4,2.9281886241973676,4.95844030380249,0.5728794932365417,0.8898947834968567,0.973498523235321,0.6882361173629761,2.2649643421173096
SKM,apob2978c18ed,A,3sef,C,4,[12],[12],SKM,SKM,1.3379609711819462,4.756892681121826,0.6574607491493225,0.8290696144104004,0.9738729000091552,0.8512268662452698,1.1800719499588013
AZM,apoa546ea264d,A,4g7a,B,4,[13],[13],AZM,AZM,0.37755123024186954,4.741384983062744,0.2741299569606781,0.8962639570236206,1.0,0.6952877044677734,0.3638153374195099
VO4,1rpt,A,apo00b57c65a6,A,4,[4],[5],VO4,VO4,2.9949198317413077,4.092914581298828,0.7324434518814087,0.8664185404777527,0.9759109020233154,0.6868842840194702,2.304685115814209
TEM,apoeac257cc01,A,6nvu,A,4,[11],[11],TEM,TEM,3.303552114489798,4.471888542175293,0.5604243278503418,0.840764045715332,0.9787845611572266,0.7470278739929199,2.483210563659668
TYD,3rsc,A,apoa6cedd5e6c,A,4,[25],[25],TYD,TYD,1.2851690733603764,4.535677433013916,0.5927887558937073,0.8291769623756409,0.8726824522018433,0.7953810691833496,1.1388124227523804
M0E,apo57f4206d50,A,5hld,A,4,[77],[84],M0E,M0E,70.39506884646612,2.466308355331421,1.4448412656784058,0.6798244714736938,0.9254990220069884,0.9675752520561218,8.756142616271973
DOR,3mjm,A,apo772aefcfb0,A,4,[11],[11],DOR,DOR,0.9962598516260077,4.5650835037231445,0.579799234867096,0.8456286787986755,0.973806858062744,0.7508288025856018,0.9059988260269164
AZM,apoa546ea264d,A,4x5s,A,4,[13],[13],AZM,AZM,0.25352933607548706,4.770997047424316,0.2609013319015503,0.9050840139389038,1.0,0.6854150891304016,0.2472605556249618
DDN,1vq2,A,apo64c2a4311b,A,4,[20],[20],DDN,DDN,1.7067477419741812,4.914774894714356,0.4327917397022247,0.8770216703414917,0.9488751888275146,0.6671428680419922,1.4579179286956787
M0E,apo57f4206d50,A,5hlb,A,4,[77],[84],M0E,M0E,71.87215595886151,2.4422037601470947,1.5208932161331177,0.690872311592102,0.8539248704910278,1.065022110939026,8.778583526611328
NXL,apo0e856668c7,A,6fm7,A,4,[17],[17],NXL,NXL,1.2320811046371543,4.186601161956787,0.6175304651260376,0.8049110770225525,0.9051036238670348,0.7584681510925293,1.0969303846359253
CAP,5mac,A,apo7093949971,A,4,[21],[21],CAP,CAP,9.327497902653057,4.595911026000977,0.6932873725891113,0.8508226871490479,0.9306952953338624,0.8667630553245544,4.826024532318115
PCG,apofde131c74c,A,5h5o,A,4,[23],[23],PCG,PCG,63.758713589330554,3.9120612144470215,0.7014960050582886,0.7680394053459167,0.993661642074585,0.8251044750213623,8.644227981567383
FDA,3swo,A,apo0e37ab3f3e,A,4,[53],[53],FDA,FDA,2.14539233767002,3.495140314102173,0.9082633256912231,0.788652777671814,0.9824049472808838,0.8629433512687683,1.7664248943328855
BTM,apo3f2093243a,A,8h4p,A,4,[14],[14],BTM,BTM,2.7029362008108087,3.449099540710449,0.7593923807144165,0.7727833390235901,0.9721418619155884,0.9830126762390136,2.1278042793273926
BMP,apo7d51e707b6,A,4muz,A,4,[22],[22],BMP,BMP,1.1067712339904212,4.540683269500732,0.4604580998420715,0.810845673084259,0.9930181503295898,0.7946925163269043,0.996483325958252
CAA,1ee0,A,apoed40d751c6,A,4,[54],[54],CAA,CAA,12.785560499372874,3.909678459167481,1.072956919670105,0.8041694164276123,0.91529381275177,1.0650168657302856,5.611255645751953
TTP,apo1450cb4c8a,A,1w4r,A,4,[29],[29],TTP,TTP,12.985243381507875,4.213595390319824,0.7572058439254761,0.7869552969932556,0.9898503422737122,0.7864429354667664,5.649382591247559
VN4,2rar,A,apo243dbcb124,A,4,[4],[4],VN4,VN4,2.9281886241973676,4.95844030380249,0.5728794932365417,0.8898944854736328,0.9734987616539,0.6882370710372925,2.2649643421173096
SKM,3sef,C,apoeb78c816f2,A,4,[12],[12],SKM,SKM,2.655716031385108,4.583785533905029,0.7259384393692017,0.8022890686988831,0.9966538548469543,0.9340895414352416,2.0984320640563965
LPA,apo04257e6d76,A,5t8u,B,4,[12],[12],LPA,LPA,1.628445313166143,4.490811347961426,0.453575849533081,0.8788922429084778,0.9985703825950624,0.7834304571151733,1.4003981351852417
PCG,apofde131c74c,A,7pzb,A,4,[23],[23],PCG,PCG,64.44343631838039,3.675339698791504,0.788151204586029,0.7611875534057617,0.989732563495636,0.9245511293411256,8.656698226928711
FDA,4x28,A,apo0e37ab3f3e,A,4,[53],[53],FDA,FDA,2.508826971203809,3.475502014160156,0.8141085505485535,0.7863487601280212,0.9380682110786438,0.8332786560058594,2.005645275115967
GTS,apobc3130d6cb,A,4jed,A,4,[23],[23],GTS,GTS,2.5141004654884096,4.648168563842773,0.8076413869857788,0.8482335209846497,0.981696367263794,0.6887138485908508,2.009014129638672
F6P,apo442de7048d,A,4lc9,A,4,[16],[16],F6P,F6P,1.821848634285783,3.855891227722168,0.9795105457305908,0.7715080380439758,0.9927448630332948,0.7798600792884827,1.5410860776901243
FPP,apob3476afa77,A,6lcd,A,4,[9],[24],FPP,FPP,9.332336949733207,2.9392528533935547,1.08552348613739,0.7413077354431152,0.9681761860847472,0.8431081771850586,4.827319622039795
GTS,2gsr,A,apobc3130d6cb,A,4,[23],[23],GTS,GTS,1.9627679701820668,4.264536380767822,0.6988623738288879,0.7939910888671875,0.9552879929542542,0.8026142716407776,1.640730619430542
DIH,2p4s,A,apoe14f3bf8e1,A,4,[19],[19],DIH,DIH,2.226649502596685,4.266572952270508,0.6808139681816101,0.8077235221862793,0.9543346166610718,0.734358012676239,1.821144461631775
LAD,1e1t,A,apoaffbe8c480,A,4,[32],[32],LAD,LAD,1.6437331961134347,3.8040406703948975,0.4329647123813629,0.6821948885917664,0.9911930561065674,0.7767301201820374,1.4116891622543335
2V9,apoaf24397393,A,5wnj,A,4,[33],[33],2V9,2V9,1.0211971015380252,4.899749755859375,0.6515148878097534,0.8806646466255188,0.9880213737487792,0.7889546751976013,0.926575481891632
HAR,apo6d56bfe79a,A,5zee,B,4,[13],[13],HAR,HAR,1.4339924258698091,5.241244792938232,0.3101575374603271,0.9159626364707948,0.9983052015304564,0.7133163213729858,1.2541484832763672
PCG,5c8w,B,apofde131c74c,A,4,[23],[23],PCG,PCG,65.45036682698259,3.896796464920044,0.675657331943512,0.7498611211776733,0.9975869059562684,0.7908428907394409,8.674625396728516
CAA,apo8e9f6a59b8,A,4nbu,B,4,[54],[54],CAA,CAA,2.7099639774091764,5.121405601501465,0.4739913046360016,0.87510746717453,0.9734082221984864,0.77913498878479,2.13215708732605
BMP,4dbe,A,apo703c3715e1,A,4,[22],[22],BMP,BMP,0.8439135213005697,4.622159004211426,0.509291410446167,0.8115968108177185,0.9977773427963256,0.7669884562492371,0.7782370448112488
TYD,2v54,A,apo7b54455720,A,4,[25],[25],TYD,TYD,1.2001541311493993,4.883404731750488,0.4939072430133819,0.8536223769187927,0.9989826679229736,0.7112207412719727,1.0715514421463013
LBV,5llw,B,apo39e7bb8f79,A,4,[43],[43],LBV,LBV,32.636427696340036,4.017930030822754,0.8609843254089355,0.8065759539604187,0.9069995880126952,0.8635324835777283,7.654587745666504
HDS,apofd4b1c7ff2,A,1qz3,A,4,[19],[19],HDS,HDS,14.89939450296361,3.853781700134277,0.7559431791305542,0.8235252499580383,0.9891849160194396,0.7575669288635254,5.983838081359863
FDA,3pfd,C,apo0e37ab3f3e,A,4,[53],[53],FDA,FDA,3.448893947124923,3.4018588066101074,0.9237539172172546,0.8028794527053833,0.9237511157989502,0.8505115509033203,2.564444303512573
TYD,3oth,A,apoa6cedd5e6c,A,4,[25],[25],TYD,TYD,1.2007236093699893,4.66533899307251,0.5301112532615662,0.8233689665794373,0.9884549975395204,0.8020707964897156,1.0720053911209106
PYV,apo96656ba683,A,3oji,B,4,[22],[22],PYV,PYV,3.047292946707289,4.975800037384033,0.3766252398490906,0.8971923589706421,0.9999876022338868,0.7453122735023499,2.3355748653411865
KPL,5ayv,B,apo8d8bc9f607,A,4,[10],[10],KPL,KPL,6.235340722161728,4.751343250274658,0.7118319869041443,0.826359212398529,0.8693407773971558,0.7773755192756653,3.84059739112854
AZM,apoa546ea264d,A,5jn8,C,4,[13],[13],AZM,AZM,0.5038472967998613,4.749948024749756,0.2642093896865845,0.8906857967376709,0.9995965957641602,0.7080986499786377,0.4796788096427917
LBV,6et7,A,apo39e7bb8f79,A,4,[43],[43],LBV,LBV,55.55345360702286,4.000185012817383,0.8418503403663635,0.8096468448638916,0.9038517475128174,0.8325761556625366,8.474527359008789
1GP,apo15878361a5,A,6jo3,A,4,[10],[10],1GP,1GP,1.2555643447311768,4.716945171356201,0.4979219734668731,0.8317500948905945,0.998871088027954,0.764613687992096,1.1155054569244385
PQQ,1flg,A,apo2936580b07,A,4,[24],[24],PQQ,PQQ,0.9496207692672322,4.601705074310303,0.5508255362510681,0.8843153119087219,0.9794456362724304,0.9166401028633118,0.8672636151313782
SKM,apo364bca82c7,A,3sef,C,4,[12],[12],SKM,SKM,0.5821430184108058,4.664029121398926,0.5838847756385803,0.8125378489494324,0.8903452157974243,0.8725703358650208,0.5501182675361633
BMP,apo7d51e707b6,A,4dbe,A,4,[22],[22],BMP,BMP,1.4241883881541824,4.576650619506836,0.4282555878162384,0.8239145278930664,0.9945377707481384,0.7916787266731262,1.2466429471969604
NXL,apo0e856668c7,A,6w2z,B,4,[17],[17],NXL,NXL,1.1604679005008103,4.441877841949463,0.4799718260765075,0.8342908024787903,0.9967599511146544,0.7268764972686768,1.0398021936416626
CAP,apo0cb9dd8b79,A,5c2g,A,4,[21],[21],CAP,CAP,1.3643779911037786,4.6474385261535645,0.575951874256134,0.8685736060142517,0.9173138737678528,0.8080978393554688,1.200574278831482
CPR,apoef50d79b8c,A,1nfb,A,4,[22],[22],CPR,CPR,0.8693989691715757,5.030148506164551,0.6475719809532166,0.869050920009613,0.999947726726532,0.8458302617073059,0.7998592853546143
RBF,apo489c48cc19,A,3ddy,A,4,[27],[27],RBF,RBF,2.573523852680158,4.232537746429443,0.4796521961688995,0.8454973101615906,0.995690941810608,0.7687782049179077,2.0467801094055176
NXL,6lc8,A,apo7788e8b5c3,A,4,[17],[17],NXL,NXL,0.9528713486432356,3.987868309020996,0.7670397162437439,0.8322508335113525,0.8159406781196594,0.7604837417602539,0.8699740171432495
PCG,7pzb,A,apo52f4408300,A,4,[23],[23],PCG,PCG,2.208668868501864,3.8510336875915527,0.6388227939605713,0.7838261723518372,0.9938257932662964,0.7484330534934998,1.8090988397598269
CAA,1xpl,A,apoed40d751c6,A,4,[54],[54],CAA,CAA,14.16549804166489,3.637515068054199,1.130815863609314,0.7555574774742126,0.9696138501167296,0.8955633044242859,5.861868858337402
SIA,2v73,A,apo7d78760229,A,4,[21],[21],SIA,SIA,54.63462969229734,3.955268621444702,0.6662466526031494,0.8195672035217285,0.8922322392463684,0.7661023139953613,8.452841758728027
TTP,1mc3,A,apo71b0b91ba3,A,4,[29],[29],TTP,TTP,3.7394481872318477,4.4272780418396,0.5828410983085632,0.798599362373352,0.9944917559623718,0.7378135919570923,2.7216873168945312
BTM,8h4p,A,apod5fdabad00,A,4,[14],[14],BTM,BTM,5.872169649313293,3.4685397148132324,0.561781108379364,0.7109575271606445,0.9812658429145812,0.7698430418968201,3.6996641159057617
VN4,4erc,A,apo9f3cdc96b3,A,4,[4],[4],VN4,VN4,2.09042736289144,4.473973274230957,0.5915957093238831,0.8213504552841187,0.9879150986671448,0.6706908345222473,1.7289937734603882
PCG,5c8w,B,apo52f4408300,A,4,[23],[23],PCG,PCG,3.2767650344351025,4.335629463195801,0.7146686911582947,0.8522418737411499,0.9952959418296814,0.7606415152549744,2.4680447578430176
F6P,apo72a4b9d979,A,4lc9,A,4,[16],[16],F6P,F6P,4.319182302172592,3.726882696151733,0.8427541851997375,0.757768988609314,0.9720060229301452,0.7946756482124329,3.0163609981536865
PCG,5h5o,A,apo52f4408300,A,4,[23],[23],PCG,PCG,2.870108075603858,4.133254528045654,0.7240320444107056,0.8281745314598083,0.9980857968330384,0.7263305187225342,2.23005747795105
FDA,3atq,A,apo0e970d49e6,A,4,[53],[53],FDA,FDA,0.9095426147473281,4.778663635253906,0.4506984651088714,0.8390381336212158,0.9179593920707704,0.6855354905128479,0.8337128758430481
BMP,4df1,A,apo703c3715e1,A,4,[22],[22],BMP,BMP,0.6790865065206227,4.6437530517578125,0.5187560319900513,0.8169253468513489,0.9999913573265076,0.7315194606781006,0.6359031796455383
AZM,apoa546ea264d,A,4xiw,C,4,[13],[13],AZM,AZM,0.6834240439471067,4.70298957824707,0.3401752114295959,0.8971230387687683,0.9985828995704652,0.7202800512313843,0.6397050619125366
FDA,3sf6,A,apo0e37ab3f3e,A,4,[53],[53],FDA,FDA,2.565253546580849,3.443282127380371,0.9441601037979126,0.7673507928848267,0.982662558555603,0.8611260652542114,2.041545391082764
SKM,3sef,C,apo57a2683458,A,4,[12],[12],SKM,SKM,2.0685344089145765,4.46917724609375,0.6579931974411011,0.7936940789222717,0.9904413223266602,0.7810521721839905,1.7139897346496582
LPA,apo04257e6d76,A,5ij6,A,4,[12],[12],LPA,LPA,1.6354912521332094,4.494626045227051,0.4427496194839477,0.876232385635376,0.9962606430053712,0.7885714173316956,1.405605673789978
RBF,apo489c48cc19,A,3a35,A,4,[27],[27],RBF,RBF,2.5380212448754853,4.275786399841309,0.475674957036972,0.8388488292694092,0.998580038547516,0.7416895627975464,2.0242598056793213
PQQ,1yiq,A,apo6ec54966a0,A,4,[24],[24],PQQ,PQQ,1.2205361055911284,4.311049461364746,0.6682801842689514,0.8773882389068604,0.9943680763244628,1.0010755062103271,1.087769865989685
PQQ,4mh1,B,apo2936580b07,A,4,[24],[24],PQQ,PQQ,0.8891911238209967,4.412116050720215,0.6613181233406067,0.8709229826927185,0.9847767949104308,0.9452539682388306,0.8165814280509949
CAP,6ftl,A,apo7093949971,A,4,[21],[21],CAP,CAP,9.331684713027329,4.871022701263428,0.471846342086792,0.8560068011283875,0.9964210391044616,0.8147992491722107,4.827145099639893
CAP,apo0cb9dd8b79,A,3kdo,C,4,[21],[21],CAP,CAP,1.3953420418970162,4.796576023101807,0.4940980076789856,0.8658033609390259,0.9934837222099304,0.7821944355964661,1.2244845628738403
M0E,apo0136414c24,A,5hld,A,4,[77],[84],M0E,M0E,18.346415398030114,4.307553291320801,0.6075413823127747,0.8239715099334717,0.9978863000869752,0.7570013403892517,6.472217082977295
1GP,2f6x,A,apof5282a69e4,A,4,[10],[10],1GP,1GP,1.1571123171511024,4.922292709350586,0.4456313252449035,0.8555657267570496,0.9527665972709656,0.800142228603363,1.0371073484420776
FDA,4iv6,B,apo0e37ab3f3e,A,4,[53],[53],FDA,FDA,2.6932524122997354,3.5147361755371094,0.9361343383789062,0.8160054087638855,0.985016405582428,0.8748496174812317,2.121798515319824
BMP,3ve7,A,apo703c3715e1,A,4,[22],[22],BMP,BMP,0.7552371727802728,4.688988208770752,0.4509427845478058,0.8316041231155396,0.9997556209564208,0.7393589615821838,0.7022041082382202
CAP,apof7693cb2b8,A,5mac,A,4,[21],[21],CAP,CAP,1.521149425221053,4.420587062835693,0.650513231754303,0.8318336606025696,0.9310339093208312,0.7870944142341614,1.3203104734420776
PQQ,4mae,A,apo6ec54966a0,A,4,[24],[24],PQQ,PQQ,1.0661759487318065,4.3831400871276855,0.6095449328422546,0.8800783157348633,0.9996084570884703,1.0454319715499878,0.9634547233581544
BMP,apo7d51e707b6,A,4df1,A,4,[22],[22],BMP,BMP,1.2736104914710795,4.57177209854126,0.4776802659034729,0.8226710557937622,0.9116533994674684,0.7863872051239014,1.1297272443771362
PQQ,4cvb,A,apo6ec54966a0,A,4,[24],[24],PQQ,PQQ,0.9123243265723345,5.162089347839356,0.2161230444908142,0.9323348999023438,1.0,0.8801956176757812,0.836049497127533
CAP,3kdo,C,apo7093949971,A,4,[21],[21],CAP,CAP,9.270474727781775,4.80346155166626,0.603384792804718,0.8588479161262512,0.9835611581802368,0.8192352056503296,4.810714244842529
NXL,6bpf,A,apo7788e8b5c3,A,4,[17],[17],NXL,NXL,1.2781304290891218,4.774708271026611,0.4166128635406494,0.8675023317337036,0.9459799528121948,0.7187785506248474,1.13328218460083
CAP,3kdo,C,apof9db16d102,A,4,[21],[21],CAP,CAP,1.5707054173156325,4.716950416564941,0.6003563404083252,0.8535106778144836,0.9502451419830322,0.8127924203872681,1.3574845790863037
FDA,4m9a,B,apo0e37ab3f3e,A,4,[53],[53],FDA,FDA,2.2781950698686684,3.418149471282959,0.9783262014389038,0.7861866354942322,0.9729059934616088,0.8972118496894836,1.855480432510376
PQQ,5xm3,A,apo6ec54966a0,A,4,[24],[24],PQQ,PQQ,0.8486620523232957,4.334159851074219,0.7465676069259644,0.877568244934082,0.9996448159217834,1.0839866399765017,0.7822734713554382
DAN,apo42e42a3bb0,A,4x47,A,4,[20],[20],DAN,DAN,1.4263465698082012,4.671096324920654,0.6144644618034363,0.8986895084381104,0.96885347366333,0.7618749737739563,1.2482962608337402
PQQ,apodeac7d5194,A,4mh1,B,4,[24],[24],PQQ,PQQ,1.3664849850104166,4.213305473327637,0.7022258043289185,0.842494010925293,0.9808955192565918,0.8915501236915588,1.2022054195404053
TYD,1rrv,A,apo3721324a05,A,4,[25],[25],TYD,TYD,2.0373246536947827,4.528747081756592,0.8050356507301331,0.815432608127594,0.958749771118164,0.7362931370735168,1.692506194114685
PYV,apo38401a11b0,A,3oji,B,4,[22],[22],PYV,PYV,3.528176126022115,5.10646915435791,0.3971783518791199,0.9080930948257446,1.0,0.7519454956054688,2.608020544052124
NXL,6bpf,A,apo0e856668c7,A,4,[17],[17],NXL,NXL,0.7469929337493473,4.600033283233643,0.4750885665416717,0.8513513207435608,0.9883028268814088,0.7255793809890747,0.6950715780258179
PQQ,1kv9,A,apo2936580b07,A,4,[24],[24],PQQ,PQQ,0.9487789341757731,4.583652019500732,0.654970645904541,0.9112204313278198,0.990533411502838,0.9345446228981018,0.8665614128112793
TTP,apo1450cb4c8a,A,2ja1,A,4,[29],[29],TTP,TTP,3.3635466512484054,4.356669902801514,0.7339407801628113,0.8131089210510254,0.8961800932884216,0.7798793315887451,2.5169565677642822
CAP,apof9db16d102,A,6ftl,A,4,[21],[21],CAP,CAP,1.0088228900251976,4.768627166748047,0.6038137078285217,0.86293625831604,0.8898922204971313,0.8481009602546692,0.9163767099380492
CAP,apof7693cb2b8,A,5c2g,A,4,[21],[21],CAP,CAP,1.066475807980852,4.660439968109131,0.5906655788421631,0.8638840317726135,0.962494730949402,0.7873090505599976,0.9636995792388916
FDA,3ukk,A,apo0e970d49e6,A,4,[53],[53],FDA,FDA,0.895632729178699,4.440818309783936,0.4927398562431335,0.7938401699066162,0.8999016880989075,0.6982260942459106,0.8220107555389404
PQQ,1lrw,A,apo6ec54966a0,A,4,[24],[24],PQQ,PQQ,1.3600697328804423,4.327040672302246,0.719584584236145,0.8821794390678406,0.9947012066841124,1.0775045156478882,1.1972371339797974
PQQ,1yiq,A,apo2936580b07,A,4,[24],[24],PQQ,PQQ,0.7397134112654654,4.603825092315674,0.6527822613716125,0.9052850604057312,0.998038113117218,0.9437060952186584,0.6887645721435547
BTM,apo3f2093243a,A,8h72,A,4,[14],[14],BTM,BTM,4.144514491174989,4.089601516723633,0.8616324067115784,0.8031454086303711,0.9628129005432128,0.8961044549942017,2.930121421813965
IPE,apoba69899eaa,A,4dxj,A,4,[14],[14],IPE,IPE,1.821366340419852,4.138629913330078,0.6996480226516724,0.845312237739563,0.983002245426178,0.8226588368415833,1.540740966796875
TTP,apo1450cb4c8a,A,2j87,D,4,[29],[29],TTP,TTP,12.50158502895756,4.176355361938477,0.8092737197875977,0.7765405774116516,0.9894619584083556,0.7840742468833923,5.555868625640869
GTS,1r5a,A,apobc3130d6cb,A,4,[23],[23],GTS,GTS,2.8927278604504245,4.683805465698242,0.6834560036659241,0.8686375021934509,0.9681360721588136,0.7498802542686462,2.24368953704834
PQQ,4aah,A,apo6ec54966a0,A,4,[24],[24],PQQ,PQQ,1.0631415547895575,4.311079978942871,0.7138204574584961,0.8758062720298767,0.9699917435646056,1.0472886562347412,0.9609761834144592
TYD,1rrv,A,apoa6cedd5e6c,A,4,[25],[25],TYD,TYD,1.449873247706373,4.839503288269043,0.554943859577179,0.8741641640663147,0.9024037718772888,0.6997648477554321,1.266278862953186
TYD,1pn3,A,apo3721324a05,A,4,[25],[25],TYD,TYD,2.0748867971445857,4.653172492980957,0.6861486434936523,0.8346821665763855,0.927252471446991,0.7272147536277771,1.7183488607406616
TYD,apob8d00776c6,A,6b5e,B,4,[25],[25],TYD,TYD,26.573035784915213,4.125382423400879,0.9311192631721495,0.787619411945343,0.9895719885826112,0.7933971881866455,7.265745162963867
F6P,3o8o,B,apo428e912d15,A,4,[16],[16],F6P,F6P,1.3234276900562956,4.758403778076172,0.4891298711299896,0.8659073710441589,0.9068507552146912,0.7360620498657227,1.168751835823059
LPA,apo04257e6d76,A,5iby,A,4,[12],[12],LPA,LPA,1.5567079953893344,4.4618659019470215,0.4751415550708771,0.8751732707023621,0.9979918003082277,0.7839617133140564,1.3470168113708496
BMP,apo7d51e707b6,A,3ve7,A,4,[22],[22],BMP,BMP,1.2047715937685788,4.529643058776856,0.4932344555854797,0.815912127494812,0.9869978427886964,0.7711589932441711,1.075230836868286
FDA,4xvx,B,apo0e37ab3f3e,A,4,[53],[53],FDA,FDA,2.7839100946007833,3.4519503116607666,0.8559852242469788,0.7982890009880066,0.9561998844146729,0.7790083885192871,2.1776671409606934
F6P,apo930083236b,A,6ayu,A,4,[16],[16],F6P,F6P,3.6359940483232545,3.730169296264648,0.8728829622268677,0.7648165225982666,0.9870725870132446,0.79758620262146,2.666467905044556
PQQ,1flg,A,apodeac7d5194,A,4,[24],[24],PQQ,PQQ,0.8554401835968601,4.357193946838379,0.7322838306427002,0.869074821472168,0.9828837513923644,1.0292402505874634,0.7880290150642395
CAA,1xpl,A,apo937cad989b,A,4,[54],[54],CAA,CAA,12.018693849575659,3.741235256195069,0.9338562488555908,0.7586839199066162,0.9914647936820984,0.9240257740020752,5.458404541015625
TYD,3rsc,A,apobdb30dfd1f,A,4,[25],[25],TYD,TYD,1.5731113914565118,4.48895788192749,0.6675465703010559,0.8231751322746277,0.8265224695205688,0.9579936265945436,1.359281301498413
TYD,4g2t,A,apoa6cedd5e6c,A,4,[25],[25],TYD,TYD,1.0381194313093554,4.724362373352051,0.4202285706996918,0.8382607102394104,0.9922323226928712,0.7476497888565063,0.9404857754707336
TYD,apo4d523eb2b1,A,4mzu,F,4,[25],[25],TYD,TYD,1.8711485599110198,3.8479628562927246,0.8134617805480957,0.8477756977081299,0.9649257659912108,0.8824474811553955,1.5762152671813965
CAP,apof9db16d102,A,5nv3,A,4,[21],[21],CAP,CAP,1.7052308487111727,4.797906875610352,0.623261570930481,0.8640502095222473,0.8823375105857849,0.8400717377662659,1.4568109512329102
PQQ,1kv9,A,apo6ec54966a0,A,4,[24],[24],PQQ,PQQ,0.6304699295332538,4.341861248016357,0.7194129824638367,0.8924313187599182,0.9719138741493224,0.981709897518158,0.5930781364440918
CAP,apo0cb9dd8b79,A,5mac,A,4,[21],[21],CAP,CAP,1.2537509952133303,4.598121643066406,0.6025210618972778,0.8608400225639343,0.9947662949562072,0.8326281309127808,1.1140738725662231
TYD,3oth,A,apo3721324a05,A,4,[25],[25],TYD,TYD,1.6449000464401824,4.3712029457092285,0.6572678089141846,0.7792731523513794,0.9903537631034852,0.8548320531845093,1.4125497341156006
CAP,5c2g,A,apo7093949971,A,4,[21],[21],CAP,CAP,9.338103852383782,4.739120006561279,0.7295007109642029,0.8653064966201782,0.9421057105064392,0.8819687366485596,4.828862190246582
PQQ,apodeac7d5194,A,6zcv,A,4,[24],[24],PQQ,PQQ,1.2172359567389468,4.431844711303711,0.7303409576416016,0.860119104385376,0.9120875000953674,0.929809868335724,1.0851478576660156
PQQ,2d0v,A,apo6ec54966a0,A,4,[24],[24],PQQ,PQQ,1.0883442890210413,4.263070106506348,0.7338894009590149,0.8731116056442261,0.9887571334838868,1.0433753728866575,0.9815210103988647
FDA,3v76,A,apo0e970d49e6,A,4,[53],[53],FDA,FDA,1.355753825534115,4.546576023101807,0.4988703429698944,0.808448076248169,0.9854757189750672,0.7184620499610901,1.193891525268555
FDA,apo0e970d49e6,A,4tlx,A,4,[53],[53],FDA,FDA,1.381177249964718,4.518555641174316,0.6053833365440369,0.8147737979888916,0.977919578552246,0.7355501651763916,1.2135627269744873
CAP,apof7693cb2b8,A,3kdo,C,4,[21],[21],CAP,CAP,1.5392582148322644,4.632287502288818,0.6084664463996887,0.8339808583259583,0.9757673740386964,0.7556583285331726,1.3339316844940186
VN4,2rar,A,apo998bb3ca3f,A,4,[4],[4],VN4,VN4,2.1769141975896447,4.771088123321533,0.5971481800079346,0.8617980480194092,0.9960245490074158,0.6987472772598267,1.787738800048828
PQQ,apodeac7d5194,A,1yiq,A,4,[24],[24],PQQ,PQQ,1.0527236193570575,4.194929122924805,0.7440097332000732,0.8358297944068909,0.9917207956314088,1.0683119297027588,0.9524562954902648
F6P,apo9f174cb24f,A,4lc9,A,4,[16],[16],F6P,F6P,1.9947871356280886,3.8746182918548575,0.8921903371810913,0.778456449508667,0.9432465434074402,0.7364261150360107,1.663045048713684
CAA,1ee0,A,apo937cad989b,A,4,[54],[54],CAA,CAA,7.025300506841453,3.173182249069214,1.307546615600586,0.6806558966636658,0.946541965007782,0.980027198791504,4.126388549804688
PQQ,4cvb,A,apo2936580b07,A,4,[24],[24],PQQ,PQQ,1.0798883344965513,4.3897705078125,0.6389307379722595,0.8845326900482178,0.9848686456680298,0.960917592048645,0.974638283252716
M0E,apo0136414c24,A,5hlb,A,4,[77],[84],M0E,M0E,18.618231262216792,4.282596588134766,0.6405646800994873,0.8168841004371643,0.9966719150543212,0.8129308819770813,6.50572395324707
GTS,1v2a,B,apobc3130d6cb,A,4,[23],[23],GTS,GTS,3.253175444284137,4.710119247436523,0.7027662992477417,0.8669462203979492,0.9895901083946228,0.7761391401290894,2.4546384811401367
F6P,apo3a3fdb2de6,A,6ayu,A,4,[16],[16],F6P,F6P,3.869136097782425,3.855701446533203,0.8364909291267395,0.7687103152275085,0.9926757216453552,0.7871471047401428,2.789745569229126
BTM,apod5fdabad00,A,8h72,A,4,[14],[14],BTM,BTM,2.885524285624887,4.000790119171143,0.8014703392982483,0.7936287522315979,0.9682156443595886,0.8318539261817932,2.23935341835022
PQQ,4mh1,B,apo6ec54966a0,A,4,[24],[24],PQQ,PQQ,0.80639840305684,4.82467794418335,0.3830215632915497,0.9095566868782043,0.99004727602005,0.8198193311691284,0.7462230920791626
PQQ,apo2936580b07,A,8gy2,A,4,[24],[24],PQQ,PQQ,1.5668884338644349,4.552341461181641,0.6434552073478699,0.8964298963546753,0.999777853488922,1.0028674602508545,1.3546326160430908
TYD,apo4d523eb2b1,A,5tpv,B,4,[25],[25],TYD,TYD,2.393819679063818,4.03758430480957,0.9568479061126708,0.8716665506362915,0.8997371196746826,0.8739784359931946,1.9314624071121216
SKM,apo0f9e91a457,A,3sef,C,4,[12],[12],SKM,SKM,1.95664391581639,4.2314863204956055,0.6664770245552063,0.7680212259292603,0.9626571536064148,0.9135451316833496,1.636449098587036
SIA,3phz,A,apo23874c7c22,A,4,[21],[20],SIA,SIA,21.770038556063238,3.494004726409912,0.7989370226860046,0.8320068120956421,0.9867632985115052,0.9559675455093384,6.852380275726318
IPE,apoba69899eaa,A,4lls,A,4,[14],[14],IPE,IPE,1.6135710108842063,4.588623523712158,0.451119989156723,0.8504712581634521,0.970175564289093,0.7874807119369507,1.3893840312957764
DGT,3au2,A,apo88e22e69c7,A,4,[31],[31],DGT,DGT,2.486708528741566,4.31186580657959,0.6813070774078369,0.8089104294776917,0.8205673098564148,0.6976828575134277,1.9914844036102293
1GP,4jej,A,apo15878361a5,A,4,[10],[10],1GP,1GP,1.5595546278143486,4.75862455368042,0.4922360479831695,0.8376933932304382,0.9964106678962708,0.7737605571746826,1.3491476774215698
PQQ,6dam,A,apo6ec54966a0,A,4,[24],[24],PQQ,PQQ,1.1484022147138542,4.302600860595703,0.6182863116264343,0.8863764405250549,0.9945530295372008,1.0429614782333374,1.0301047563552856
PQQ,1kv9,A,apodeac7d5194,A,4,[24],[24],PQQ,PQQ,1.2927088864094654,4.188951015472412,0.7222400903701782,0.8306378722190857,0.9802904725074768,1.047562599182129,1.1447287797927856
NXL,apo0e856668c7,A,6lc8,A,4,[17],[17],NXL,NXL,1.1253660557721072,4.204230785369873,0.5890514850616455,0.8153163194656372,0.8876815438270569,0.754738450050354,1.0115317106246948
PQQ,1kb0,A,apo2936580b07,A,4,[24],[24],PQQ,PQQ,0.9439616495435696,4.636658668518066,0.6595545411109924,0.9120537638664246,0.9992110729217528,0.9471245408058168,0.8625410795211792
1GP,4jej,A,apof5282a69e4,A,4,[10],[10],1GP,1GP,1.6269642746804003,5.143897533416748,0.3605345785617828,0.8909991979598999,0.969103753566742,0.7644590139389038,1.3993027210235596
TYD,3rsc,A,apo0119d595d5,A,4,[25],[25],TYD,TYD,2.2904860628693386,4.299219608306885,0.7007367610931396,0.787941575050354,0.9618821144104004,0.927475094795227,1.863625288009644
PQQ,6zcv,A,apo6ec54966a0,A,4,[24],[24],PQQ,PQQ,1.3011798193610125,4.41466760635376,0.6466304063796997,0.8809120655059814,0.978672444820404,0.94941908121109,1.1513663530349731
NXL,6fm7,A,apo7788e8b5c3,A,4,[17],[17],NXL,NXL,1.1108044867893296,3.9398908615112314,0.8252559304237366,0.820176362991333,0.9168311357498168,0.7778581380844116,0.999751627445221
FDA,apo0e970d49e6,A,4jnq,A,4,[53],[53],FDA,FDA,1.3453269235890404,4.607705593109131,0.5288373231887817,0.8268828392028809,0.9861164689064026,0.6877278089523315,1.1857982873916626
TYD,apo0119d595d5,A,4g2t,A,4,[25],[25],TYD,TYD,2.143113270026285,4.580760002136231,0.6034044623374939,0.827692985534668,0.988986611366272,0.753125011920929,1.764879584312439
PQQ,1kb0,A,apodeac7d5194,A,4,[24],[24],PQQ,PQQ,0.9299079441544336,4.104269981384277,0.7734049558639526,0.8190215229988098,0.9832701086997986,1.0669018030166626,0.8507921099662781
PQQ,1flg,A,apo6ec54966a0,A,4,[24],[24],PQQ,PQQ,0.9595996613065462,4.346644401550293,0.6471593379974365,0.8763772249221802,0.9976431727409364,0.9235936999320984,0.8755791187286377
PQQ,apo6ec54966a0,A,8gy2,A,4,[24],[24],PQQ,PQQ,1.5897791856684005,4.28730058670044,0.7306272387504578,0.8702892065048218,0.9990383982658386,1.0110749006271362,1.3717079162597656
TYD,1pn3,A,apo0119d595d5,A,4,[25],[25],TYD,TYD,2.6066986973030324,4.684177875518799,0.7227059602737427,0.8456156849861145,0.9228891730308532,0.7524930238723755,2.06770920753479
RBF,apo5d61b7f6bc,A,2vxa,A,4,[27],[27],RBF,RBF,4.85386769477918,4.575713634490967,0.5097001194953918,0.8917083144187927,0.996720850467682,0.7179883122444153,3.267746686935425
FDA,3r7k,A,apo0e37ab3f3e,A,4,[53],[53],FDA,FDA,2.3756164031715454,3.4860177040100098,1.080104112625122,0.7722658514976501,0.9873853325843812,0.8723963499069214,1.919594407081604
TYD,1rrv,A,apobdb30dfd1f,A,4,[25],[25],TYD,TYD,2.388308399263903,4.516198635101318,0.6161397695541382,0.8225762844085693,0.9824491143226624,0.8119766712188721,1.927872896194458
SIA,3phz,A,apo7d78760229,A,4,[21],[20],SIA,SIA,22.091039521298214,3.5550355911254883,0.7712599039077759,0.8367725014686584,0.973131000995636,0.912616729736328,6.8838653564453125
TYD,3oth,A,apobdb30dfd1f,A,4,[25],[25],TYD,TYD,1.3469306186971395,4.801439762115479,0.5165992379188538,0.8488457202911377,0.919890820980072,0.8394867777824402,1.1870440244674685
IPE,apoba69899eaa,A,4jzb,A,4,[14],[14],IPE,IPE,1.6108392976444108,4.158932685852051,0.6467889547348022,0.8385655879974365,0.9775734543800354,0.8666169047355652,1.3873581886291504
CAP,5nv3,A,apo7093949971,A,4,[21],[21],CAP,CAP,9.289317877243473,4.866303443908691,0.5218822956085205,0.8553879857063293,0.9900699853897096,0.818317711353302,4.815783500671387
PQQ,apodeac7d5194,A,8gy2,A,4,[24],[24],PQQ,PQQ,1.3334082714373416,4.257816791534424,0.7490453124046326,0.8494277000427246,0.985000491142273,1.0359898805618286,1.1765289306640625
PQQ,apodeac7d5194,A,4cvb,A,4,[24],[24],PQQ,PQQ,1.356971912445176,4.123795509338379,0.7503936886787415,0.8421991467475891,0.9625400304794312,1.0298008918762207,1.1948360204696655
TTP,apo1450cb4c8a,A,2uz3,B,4,[29],[29],TTP,TTP,12.890219391817007,4.411523342132568,0.6864293217658997,0.8187901973724365,0.9897535443305968,0.7776109576225281,5.631321907043457
PQQ,apo2936580b07,A,6zcv,A,4,[24],[24],PQQ,PQQ,0.7077238201549598,4.753427505493164,0.5200274586677551,0.9043360948562622,0.9835175275802612,0.9239020943641664,0.6609470248222351
FDA,4n5f,A,apo0e37ab3f3e,A,4,[53],[53],FDA,FDA,2.475163946617247,3.5310983657836914,0.9712594151496888,0.7914602756500244,0.9811213612556458,0.8755077719688416,1.984073281288147
PQQ,1kb0,A,apo6ec54966a0,A,4,[24],[24],PQQ,PQQ,1.138169359709496,4.29047966003418,0.7150739431381226,0.8880387544631958,0.939388632774353,1.019290328025818,1.0218639373779297
FDA,3rha,A,apo0e970d49e6,A,4,[53],[53],FDA,FDA,0.9489490628908165,4.563175201416016,0.5085289478302002,0.808171272277832,0.9922929406166076,0.7065393924713135,0.8667033314704895
FDA,3oib,A,apo0e37ab3f3e,A,4,[53],[53],FDA,FDA,1.6344936179760812,3.3823275566101074,0.9579185843467712,0.7896482348442078,0.9798430800437928,0.8595412969589233,1.404868721961975
SIA,2v73,A,apo23874c7c22,A,4,[21],[21],SIA,SIA,45.93106335994111,4.083746433258057,0.6586120128631592,0.8423268795013428,0.9043192267417908,0.769124448299408,8.212084770202637
