ligand_id,tar_protein,tar_chain,src_protein,src_chain,cath_degree,src_ligand_n_atoms,tar_ligand_n_atoms,src_ligand,tar_ligand,ligand_rmsd,embedding_similarity,corr_rmsd,entropy,atom_type_fraction,radius_of_gyration,ligand_rmsd_loss
M6P,4r73,A,4rzc,A,0,[16],[16],M6P,M6P,7.235703642009233,2.4706811904907227,1.5082664489746094,0.716033935546875,0.922106385231018,1.099892258644104,4.198090076446533
TYD,4rii,A,5tpv,B,0,[25],[25],TYD,TYD,8.658870546629693,2.2477340698242188,1.574758768081665,0.7080637812614441,0.8412775993347168,1.231968879699707,4.640618801116943
GST,4lls,A,6ime,A,0,[19],[19],GST,GST,6.012547674344114,1.9874112606048584,1.541409611701965,0.6486309766769409,0.4177378118038177,1.718341827392578,3.754897594451904
AMZ,4tx9,A,5nxa,C,0,[22],[22],AMZ,AMZ,11.38610896987918,2.1576380729675293,1.591851830482483,0.6790839433670044,0.901636004447937,1.3542917966842651,5.32406759262085
HEM,4mf9,A,5mfa,A,0,[43],[43],HEM,HEM,24.700991628516817,2.123711109161377,1.4892181158065796,0.6638393998146057,0.5078902244567871,1.1027989387512207,7.1182379722595215
IPE,1x07,A,4jzb,A,0,[14],[14],IPE,IPE,11.714388783223997,2.6209895610809326,1.549247980117798,0.7000383734703064,0.6104450821876526,1.118341088294983,5.394758701324463
TTP,4xjc,A,6n9u,H,0,[29],[29],TTP,TTP,9.490066409190913,2.369964122772217,1.5949592590332031,0.7406377196311951,0.3297202289104461,1.095481514930725,4.869181156158447
CA,6jt5,A,7qhm,D,0,[1],[1],CA,CA,33.00529662993742,2.4758951663970947,1.62530255317688,0.7277759313583374,0.9019781947135924,1.1197803020477295,7.674705028533935
IPE,4dxj,A,8jya,B,0,[14],[14],IPE,IPE,24.208186011187237,2.2603726387023926,1.5416213274002075,0.7165228724479675,0.6620425581932068,1.2124005556106567,7.076723098754883
K,2ib8,D,6cq6,B,0,[1],[1],K,K,3.5213653358339276,1.9840023517608645,1.544918656349182,0.713013231754303,0.8458502292633057,1.2786061763763428,2.604297161102295
BU3,4j6r,L,8a25,A,0,[6],[6],BU3,BU3,7.6254899396591345,2.5093977451324463,1.4590494632720947,0.6844924092292786,0.7423004508018494,1.0297636985778809,4.326398849487305
SAM,3okx,A,4b17,A,0,[27],[27],SAM,SAM,14.499261804412166,2.5212807655334477,1.564441442489624,0.7383354306221008,0.6607562899589539,1.1497687101364136,5.918244361877441
GST,3vc1,D,4od5,A,0,[19],[19],GST,GST,9.956599208036417,2.4186573028564453,1.5749380588531494,0.7223266959190369,0.8348088264465332,1.359331727027893,4.989126205444336
BEZ,1gxs,A,1ncw,H,0,[9],[9],BEZ,BEZ,6.350811047092186,2.69115686416626,1.659198522567749,0.7660999894142151,0.5821749567985535,1.05311119556427,3.8840954303741455
IPE,4jzb,A,8jya,B,0,[14],[14],IPE,IPE,24.60102155535251,2.1773271560668945,1.5379911661148071,0.7312580347061157,0.7677392959594727,1.246636986732483,7.109911918640137
AMZ,2r7k,A,5nxa,C,0,[22],[22],AMZ,AMZ,12.588480214593318,2.496616840362549,1.452892184257507,0.6872673630714417,0.7462830543518066,1.2677531242370603,5.572964668273926
RBF,2cc8,A,3ddy,A,0,[27],[27],RBF,RBF,18.009332562075173,2.294747829437256,1.9173952341079712,0.7053465843200684,0.7510756850242615,1.1349762678146362,6.4297614097595215
TYD,1h7q,A,5tpu,A,0,[25],[25],TYD,TYD,5.232474327387372,2.160680294036865,1.6207547187805176,0.6998258233070374,0.6868360638618469,1.1356357336044312,3.435078382492065
SAM,5x7f,A,6ift,A,0,[27],[27],SAM,SAM,0.8820737684836798,4.588254451751709,0.5432109236717224,0.8303951025009155,0.9950328469276428,0.7309322357177734,0.8105750679969788
SIA,2v73,A,5xla,A,0,[21],[21],SIA,SIA,6.545706489316703,2.601175546646118,1.5265095233917236,0.7083937525749207,0.9111997485160828,1.0670109987258911,3.9561359882354736
CAA,1buc,A,3vzs,B,0,[54],[54],CAA,CAA,15.768631661958732,2.436169147491455,1.607706904411316,0.6893121004104614,0.8569513559341431,1.2697449922561646,6.119312763214111
PCG,5e16,A,6hq7,A,0,[23],[23],PCG,PCG,0.9398054815864095,4.445804595947266,0.4970008432865143,0.8571186661720276,0.8526060581207275,0.7276092767715454,0.8590696454048157
RBF,1hze,A,5kbw,B,0,[27],[27],RBF,RBF,16.908242486639235,2.170426607131958,1.5231542587280271,0.7426412105560303,0.9047582745552064,1.219046950340271,6.283666610717773
TYD,4lei,A,4zyj,D,0,[25],[25],TYD,TYD,19.87136870889691,2.0259969234466557,1.5434099435806274,0.7251613736152649,0.885927677154541,1.078533411026001,6.652312755584717
BU3,5te4,G,8a25,A,0,[6],[6],BU3,BU3,15.944894168710745,2.338541030883789,1.6614705324172974,0.6823755502700806,0.9079002737998962,1.725125789642334,6.145677089691162
CA,1j5u,A,3i5g,C,0,[1],[1],CA,CA,43.321617157688344,2.178387403488159,1.3163292407989502,0.7106894850730896,0.9173910617828368,0.9355176091194152,8.124588012695312
PQQ,1otw,A,3das,A,0,[24],[24],PQQ,PQQ,13.327704463299792,2.5816309452056885,1.65550434589386,0.6856971979141235,0.8973821997642517,1.0412988662719729,5.71325159072876
CA,1ia7,A,5az1,A,0,[1],[1],CA,CA,26.08815540770293,2.4292960166931152,1.5466777086257937,0.7356743216514587,0.8792545795440674,1.1449915170669556,7.229007720947266
SAM,1cma,B,5vm8,B,0,[27],[27],SAM,SAM,25.383773067594642,2.4033143520355225,1.4895979166030884,0.7400631904602051,0.8439562320709229,1.0870308876037598,7.1738457679748535
CA,1t1e,A,2vmh,A,0,[1],[1],CA,CA,18.9478515404469,2.533957004547119,1.585775375366211,0.7500981688499451,0.539459228515625,1.0224608182907104,6.545512199401856
HEM,1e9x,A,4y4s,A,0,[43],[43],HEM,HEM,12.730927917181743,2.284557342529297,1.5276012420654297,0.6866308450698853,0.8661147952079773,1.183788180351257,5.600707530975342
ETA,1p4t,A,5yle,A,0,[4],[4],ETA,ETA,9.362321345444386,2.2841639518737797,1.589902400970459,0.7214623689651489,0.4358345866203308,1.2300437688827517,4.835330009460449
GST,4od5,A,6ime,A,0,[19],[19],GST,GST,16.974143613720187,2.028053045272827,1.5872877836227417,0.5574617385864258,0.961030125617981,1.2199958562850952,6.292746067047119
CA,2vmh,A,5b5l,A,0,[1],[1],CA,CA,16.875865440744423,2.3840208053588867,1.5314480066299438,0.7344583868980408,0.7779936790466309,1.0493230819702148,6.279189586639404
PC,1o72,A,5tcd,A,0,[11],[11],PC,PC,14.198096623600563,2.202814102172852,1.5063982009887695,0.671563446521759,0.8918793797492981,1.1828806400299072,5.867443561553955
TYD,1epz,A,4e2x,A,0,[25],[25],TYD,TYD,33.52662569607458,1.9459021091461184,1.5063965320587158,0.6611189246177673,0.6793457269668579,1.3439546823501587,7.7025556564331055
PC,2x6b,A,5egh,B,0,[11],[11],PC,PC,66.21711399029638,1.9513012170791624,1.6675249338150024,0.6520123481750488,0.8662437200546265,1.2245733737945557,8.687958717346191
GOA,5da5,A,6gmb,A,0,[5],[5],GOA,GOA,3.7851271362317185,1.909834384918213,1.6234455108642578,0.6980454921722412,0.5421514511108398,0.9581986665725708,2.745805025100708
CA,3agn,A,4dod,A,0,[1],[1],CA,CA,25.669811630441274,2.5298848152160645,1.4332765340805054,0.7396128177642822,0.8812819719314575,1.0203890800476074,7.196508884429932
8AC,3mle,B,3v0r,A,0,[11],[11],8AC,8AC,38.06741510711014,2.464547634124756,1.6483336687088013,0.7414783835411072,0.872790515422821,1.1374932527542114,7.919588565826416
CA,1kkm,B,6hbe,C,0,[1],[1],CA,CA,40.212062950876195,2.494135856628418,1.53720223903656,0.6756014823913574,0.698167085647583,1.0013251304626465,8.00844669342041
FPP,3aq0,C,7vqb,A,0,[24],[24],FPP,FPP,7.334903418439859,2.1524784564971924,1.8211981058120728,0.7036550045013428,0.7936331033706665,1.4889519214630127,4.231291770935059
ENO,5zbf,A,6jhb,B,0,[13],[13],ENO,ENO,7.184610882814447,2.210368156433105,1.692675232887268,0.7318074703216553,0.8483054041862488,0.9813631772994996,4.180840015411377
CA,1y6o,A,5h7w,B,0,[1],[1],CA,CA,17.525848402763355,2.413615703582764,1.4359087944030762,0.6920462846755981,0.7301044464111328,0.9001883864402771,6.367051124572754
AND,1j99,A,7xkd,R,0,[21],[21],AND,AND,14.664817429481905,2.330133438110352,1.6143667697906494,0.7502623796463013,0.804116427898407,1.0357003211975098,5.945641994476318
VO4,3gp5,A,4usz,A,0,[5],[4],VO4,VO4,3.395971088006812,2.6488614082336426,1.4179866313934326,0.7209031581878662,0.9300823211669922,0.9635805487632751,2.535068988800049
HEM,4y4s,A,6hit,A,0,[43],[43],HEM,HEM,14.525615189295493,2.223753929138184,1.348020076751709,0.73759526014328,0.743296205997467,1.2270262241363523,5.922630310058594
FDA,3r7k,A,4cy8,A,0,[53],[53],FDA,FDA,3.51102424824363,2.4640913009643555,1.5245720148086548,0.700027585029602,0.7756139039993286,1.1841514110565186,2.5986366271972656
CA,1cpm,A,4fzm,A,0,[1],[1],CA,CA,26.94123387461148,2.396472930908203,1.481845736503601,0.7009665369987488,0.8662559390068054,1.239550232887268,7.29299783706665
K,2qv6,A,6cq6,B,0,[1],[1],K,K,16.208024897943574,2.0744469165802,1.5715198516845703,0.6358633637428284,0.911829948425293,1.1458832025527954,6.184374809265137
SAM,1sg9,A,6a5m,A,0,[27],[27],SAM,SAM,2.83695285803956,3.3014614582061768,1.4159467220306396,0.7293565273284912,0.8721961379051208,1.1663516759872437,2.209989309310913
PC,2bib,A,3lkf,A,0,[11],[11],PC,PC,26.454342897689443,2.162527561187744,1.4594498872756958,0.6432382464408875,0.8486554622650146,0.948253095149994,7.256842613220215
SIA,5xla,A,6y6a,M,0,[21],[21],SIA,SIA,32.8591544258526,2.253784656524658,1.6582138538360596,0.5859354138374329,0.7410664558410645,1.1764322519302368,7.666776180267334
NAI,4eue,A,8ct0,H,0,[44],[44],NAI,NAI,10.83752222955065,2.8426637649536133,1.5661221742630005,0.7491747140884399,0.8030147552490234,1.0238970518112185,5.20096492767334
IPE,1x07,A,8jya,B,0,[14],[14],IPE,IPE,25.203020425168624,2.624052047729492,1.577434778213501,0.7050584554672241,0.70633864402771,1.2325210571289062,7.159334659576416
BU3,3zyy,X,5i5m,B,0,[6],[6],BU3,BU3,36.48506811441901,2.1912729740142822,1.6749236583709717,0.6638960242271423,0.8992428779602051,1.2800017595291138,7.848771572113037
NAI,6jw7,A,6tir,A,0,[44],[44],NAI,NAI,17.151707488162284,1.7516775131225586,1.2972636222839355,0.5645157694816589,0.7848764061927795,2.0188376903533936,6.316990375518799
TFA,1n0q,B,5v7y,A,0,[7],[6],TFA,TFA,18.544855526813137,2.520233154296875,1.4751782417297363,0.7773714661598206,0.8158329129219055,1.1221537590026855,6.496741771697998
PQQ,1otw,A,4aah,A,0,[24],[24],PQQ,PQQ,7.571306937339581,2.369293689727783,1.558012843132019,0.7382330298423767,0.7118787169456482,1.1319328546524048,4.308903694152832
NDB,3kbo,A,5u77,A,0,[11],[13],NDB,NDB,35.17187114306059,2.4490809440612797,1.801802515983581,0.7048558592796326,0.9452484250068665,1.383112907409668,7.786232948303223
NAI,1e3e,A,6tir,A,0,[44],[44],NAI,NAI,22.04151374713546,2.0326714515686035,1.641964077949524,0.6361304521560669,0.6897025108337402,1.4283593893051147,6.879048824310303
RBF,2cc8,A,3a35,A,0,[27],[27],RBF,RBF,25.76289063266056,2.113553285598755,1.570157766342163,0.6757529377937317,0.9143691658973694,1.2842501401901243,7.203805446624756
CA,2ex5,A,4cub,B,0,[1],[1],CA,CA,15.250296341380453,2.402423858642578,1.5576788187026978,0.7244457602500916,0.932926595211029,1.1586214303970337,6.0396504402160645
CA,2w1u,B,4bb9,A,0,[1],[1],CA,CA,25.466436081075447,1.7890076637268066,1.7231078147888184,0.7276889681816101,0.9240052700042723,0.9366834163665771,7.180432796478272
TTP,4a6a,A,7b0h,F,0,[29],[29],TTP,TTP,11.968089185025153,2.3917155265808105,1.5132676362991333,0.6649101376533508,0.7669779062271118,1.2045758962631226,5.447942733764648
CA,3cdz,A,4kkm,B,0,[1],[1],CA,CA,48.92657443654319,1.8048713207244875,1.7559298276901243,0.6698467135429382,0.5182297229766846,1.0061240196228027,8.302972793579102
CA,3byj,A,3rrw,A,0,[1],[1],CA,CA,13.481702227240943,2.701159954071045,1.572079062461853,0.7443308234214783,0.9139218926429749,1.103329300880432,5.7413649559021
K,3fd5,B,6cq6,B,0,[1],[1],K,K,18.251643683278516,1.8953778743743896,1.6796014308929443,0.6973119378089905,0.9261564612388612,1.2542814016342163,6.46038293838501
CA,2qt7,B,7t4s,F,0,[1],[1],CA,CA,35.59663448608143,2.3276867866516118,1.3699082136154177,0.7399219274520874,0.941561758518219,1.183915615081787,7.80685567855835
CA,2arh,A,5d5d,A,0,[1],[1],CA,CA,42.65331372974364,2.2291433811187744,1.7709521055221558,0.6626661419868469,0.9379122853279114,1.0974650382995603,8.100784301757812
M6P,1syo,A,4r73,A,0,[16],[16],M6P,M6P,43.34529890788695,2.246644973754883,1.3899015188217163,0.6165255904197693,0.8965170979499817,1.1580684185028076,8.125420570373535
PC,2x6b,A,5tcd,A,0,[11],[11],PC,PC,66.75392141290175,1.818329095840454,1.5454891920089722,0.6324199438095093,0.8238856196403503,1.075883150100708,8.697134971618652
SAM,5zw4,A,6a5m,A,0,[27],[27],SAM,SAM,2.8013591286745805,3.3357362747192383,1.3926184177398682,0.7423802614212036,0.8554172515869141,1.0678941011428833,2.1883294582366943
FDA,4cy8,A,4x28,A,0,[53],[53],FDA,FDA,3.313228028274815,2.5425493717193604,1.5451793670654297,0.6826104521751404,0.8263220191001892,1.2794585227966309,2.488673686981201
NAI,2x0i,A,6tir,A,0,[44],[44],NAI,NAI,24.479457930793874,2.0274877548217773,1.623878836631775,0.6393187642097473,0.969291627407074,1.2756938934326172,7.099722385406494
RBF,1hze,A,4iil,A,0,[27],[27],RBF,RBF,16.335394678928,2.0233936309814453,1.5520654916763306,0.7218390107154846,0.93147474527359,1.0904011726379397,6.202828884124756
FDA,3oib,A,4cy8,A,0,[53],[53],FDA,FDA,3.323497827321813,2.594099998474121,1.421550989151001,0.7025455236434937,0.6239770650863647,1.2918012142181396,2.4944634437561035
HEM,2r7a,A,4usc,A,0,[43],[43],HEM,HEM,13.935042013967829,2.252260446548462,1.5576777458190918,0.7069681882858276,0.8939520120620728,1.0686510801315308,5.822025299072266
PC,1b09,A,2bib,A,0,[11],[11],PC,PC,7.577069696620979,2.6353988647460938,1.3489749431610107,0.6985855102539062,0.953060507774353,1.1397886276245115,4.310769557952881
VO4,3gp5,A,5aa6,B,0,[5],[4],VO4,VO4,6.3524436164242735,2.3717074394226074,1.7216956615447998,0.6956940293312073,0.9196472764015198,1.1423122882843018,3.8847060203552246
SAM,1cma,B,5ybb,A,0,[27],[27],SAM,SAM,18.848697143099248,2.648232698440552,1.7212936878204346,0.7310073971748352,0.8783087730407715,1.177687406539917,6.533638954162598
CA,3ak5,A,3q0k,D,0,[1],[1],CA,CA,27.83138167979004,2.03581166267395,1.4380768537521362,0.6301455497741699,0.9586108326911926,1.0961097478866575,7.356691837310791
TYD,3oti,A,3vbm,E,0,[25],[25],TYD,TYD,21.548317402111405,2.443495512008667,1.7245746850967407,0.70062255859375,0.7218008041381836,1.1789708137512207,6.830258846282959
CA,3tqu,A,6hw2,B,0,[1],[1],CA,CA,14.061342913421239,2.2974655628204346,1.6100749969482422,0.6681974530220032,0.7184752225875854,1.1695226430892944,5.843955993652344
CYT,5buv,A,5efo,B,0,[8],[8],CYT,CYT,5.37123101846448,2.3782782554626465,1.583943247795105,0.7332745790481567,0.5220524072647095,0.990215301513672,3.494340181350708
KPL,1m3u,A,6k1r,A,0,[10],[10],KPL,KPL,13.231774155222865,2.6961469650268555,1.4194421768188477,0.6811156272888184,0.8127968907356262,1.3052350282669067,5.695550441741943
HEM,2uyd,X,5bv5,B,0,[43],[43],HEM,HEM,17.23838273661094,2.404186487197876,1.621147632598877,0.6874703168869019,0.963611662387848,1.1157877445220947,6.328710079193115
RBF,1kyv,E,3ddy,A,0,[27],[27],RBF,RBF,7.538953810745238,2.2518367767333984,1.560194969177246,0.7222487926483154,0.4466263651847839,1.408872365951538,4.298405647277832
CA,2w1u,B,6en3,A,0,[1],[1],CA,CA,61.77981179102463,2.3029253482818604,1.5770646333694458,0.6508951187133789,0.9288100600242616,1.6682778596878052,8.606850624084473
SAM,3t7s,A,6a5m,A,0,[27],[27],SAM,SAM,2.745388298217431,3.253387451171875,1.3849971294403076,0.7238850593566895,0.8801422715187073,1.1033046245574951,2.154024839401245
LDP,5log,A,6zvp,D,0,[11],[11],LDP,LDP,6.0920499831801544,2.220623731613159,1.5172874927520752,0.7033489346504211,0.4649076461791992,1.1703758239746094,3.7857513427734375
HEM,2civ,A,4jou,A,0,[43],[43],HEM,HEM,14.440559204216198,2.197216033935547,1.5671204328536987,0.7325940728187561,0.9108675718307496,1.1888211965560913,5.908440589904785
TYD,1epz,A,3lv8,A,0,[25],[25],TYD,TYD,7.297381471830365,2.736070394515991,1.4497013092041016,0.7806853652000427,0.8802873492240906,0.9839752316474916,4.218778133392334
TFA,4wpy,A,5v7y,A,0,[7],[7],TFA,TFA,24.678842131425103,2.310713291168213,1.8076258897781368,0.7161718010902405,0.8076031804084778,1.1356008052825928,7.116397380828857
FDA,4mo2,B,7e8p,D,0,[53],[53],FDA,FDA,5.795131580780744,2.6283082962036133,1.3820407390594482,0.6632388830184937,0.8195301294326782,1.2987077236175537,3.6689352989196777
CA,1f9d,A,3a09,A,0,[1],[1],CA,CA,43.16295381064815,2.032837390899658,1.4897608757019043,0.6831775903701782,0.6648499369621277,1.4881163835525513,8.118990898132324
COH,3qzp,B,4n73,A,0,[43],[43],COH,COH,48.00509035912977,2.0933549404144287,1.5604664087295532,0.6443236470222473,0.6945981979370117,1.505425214767456,8.276013374328613
CYT,5efo,B,7qoa,A,0,[8],[8],CYT,CYT,4.725748425628247,2.2043583393096924,1.330658197402954,0.7378420829772949,0.7411776185035706,1.122997522354126,3.209173679351806
GOA,3l24,B,5da5,A,0,[5],[5],GOA,GOA,5.59772014601145,2.104806423187256,1.6282739639282229,0.7010990977287292,0.9502273797988892,0.9290924072265624,3.588806629180908
HEM,2y8h,A,3ciu,B,0,[43],[43],HEM,HEM,4.60902258755522,2.713075637817383,1.4071390628814695,0.6979966163635254,0.9722916483879088,1.25582754611969,3.1549150943756104
CA,4jf7,A,5az1,A,0,[1],[1],CA,CA,29.60608306854075,2.430082321166992,1.5630651712417605,0.6650279760360718,0.6067776083946228,1.2129032611846924,7.475135326385498
PC,2bib,A,2x6b,A,0,[11],[11],PC,PC,58.309493517094396,2.1466050148010254,1.665592908859253,0.6752365231513977,0.8405284285545349,1.093051791191101,8.5360746383667
CA,1egg,B,4lp7,D,0,[1],[1],CA,CA,11.951714543301879,2.187978506088257,1.7814449071884155,0.7176544666290283,0.5840402841567993,1.415215253829956,5.444547176361084
CA,1ej8,A,3na6,A,0,[1],[1],CA,CA,29.62473916076464,2.654347896575928,1.4875255823135376,0.6996338963508606,0.7588312029838562,1.0621743202209473,7.476324081420898
HJX,5ze6,A,5zhe,B,0,[25],[25],HJX,HJX,5.807952648022701,2.2325687408447266,1.7290935516357422,0.724895179271698,0.7383754849433899,1.3274972438812256,3.674070119857788
CA,5m6d,A,6g7o,A,0,[1],[1],CA,CA,33.9846213894903,2.4974365234375,1.5874131917953491,0.6861003637313843,0.7264219522476196,1.1298136711120603,7.726478099822998
CA,2m7p,A,5aza,A,0,[1],[1],CA,CA,45.84283551336271,1.4839646816253662,1.4797921180725098,0.635209858417511,0.8386467695236206,1.1296530961990356,8.209259986877441
TTP,1w4r,A,4a6a,A,0,[29],[29],TTP,TTP,19.12970851011993,2.6906042098999023,1.60258948802948,0.6640005707740784,0.885196328163147,1.299470067024231,6.567078590393066
3CX,3oqj,B,7a3q,H,0,[15],[15],3CX,3CX,29.17990831033992,2.443319320678711,1.3190304040908811,0.7072843909263611,0.9507508873939514,1.1739988327026367,7.447671413421631
SAM,2wa2,B,6a5m,A,0,[27],[27],SAM,SAM,3.0563861770472043,3.2598347663879395,1.4734017848968506,0.7113735675811768,0.8514750003814697,1.124544382095337,2.3409128189086914
CAA,1buc,A,5ab6,D,0,[54],[54],CAA,CAA,18.969448908958682,2.1995632648468018,1.687559723854065,0.7364307641983032,0.6501508355140686,0.9367859363555908,6.548087596893311
SAM,4b17,A,6a5m,A,0,[27],[27],SAM,SAM,3.010406640347887,3.289002656936645,1.384491205215454,0.7344743013381958,0.6837167739868164,1.152881145477295,2.313845157623291
CA,1fny,A,5tsq,A,0,[1],[1],CA,CA,4.8694764465987666,2.676574945449829,1.625327229499817,0.7454996705055237,0.8433597683906555,1.120470404624939,3.274813652038574
RBF,1hze,A,1kyv,E,0,[27],[27],RBF,RBF,9.25905314222611,2.3483920097351074,1.6718432903289795,0.7113946676254272,0.8736917972564697,1.2366316318511963,4.807636737823486
CA,2j1r,A,4xzw,A,0,[1],[1],CA,CA,18.537859796594372,2.0566186904907227,1.521725296974182,0.7865871787071228,0.8270090222358704,1.0475094318389893,6.495882987976074
CA,1ay0,A,1f4o,B,0,[1],[1],CA,CA,17.549138544257694,1.8858039379119875,1.4303908348083496,0.689342200756073,0.8681829571723938,1.257238268852234,6.37012243270874
SAM,3vyw,D,6a5m,A,0,[27],[27],SAM,SAM,2.706712996455951,3.266546726226806,1.4566950798034668,0.7565349340438843,0.8696023225784302,1.0932648181915283,2.1301441192626958
CA,5klb,A,6f8z,A,0,[1],[1],CA,CA,39.78872781333406,2.034576416015625,1.5994012355804443,0.7248700857162476,0.8271942734718323,1.1740134954452517,7.991513252258301
HEM,4cdp,A,4qi7,A,0,[43],[43],HEM,HEM,49.127102497029774,2.108886957168579,1.724216103553772,0.6331803202629089,0.6623912453651428,1.2470771074295044,8.308728218078613
IPE,3k4y,A,8jya,B,0,[14],[14],IPE,IPE,18.348668486419243,2.367307186126709,1.430463433265686,0.7314411997795105,0.8580215573310852,1.1032789945602417,6.472497463226318
AMZ,2r84,B,5nxa,C,0,[22],[22],AMZ,AMZ,16.42346909333373,2.3525164127349854,1.657083511352539,0.6652444005012512,0.7935449481010437,1.1138073205947876,6.215485572814941
AMZ,5dn1,A,5nxa,C,0,[22],[22],AMZ,AMZ,5.483532201456203,2.292747974395752,1.5706791877746582,0.7127960920333862,0.5397695899009705,1.3106403350830078,3.541525363922119
TTP,2ja1,A,4a6a,A,0,[29],[29],TTP,TTP,9.863803101749099,2.1633975505828857,1.633658766746521,0.7151555418968201,0.4889021217823028,1.1043202877044678,4.965717315673828
CA,4cvb,A,5xwi,A,0,[1],[1],CA,CA,36.19521736831903,2.0589241981506348,1.5410442352294922,0.7354331612586975,0.7633769512176514,1.1224896907806396,7.835273742675781
PQQ,1otw,A,4cvb,A,0,[24],[24],PQQ,PQQ,7.00498622712166,2.0811989307403564,1.717686653137207,0.7208861708641052,0.8771997690200806,1.201557993888855,4.1193718910217285
FUL,1n04,A,3t5o,A,0,[10],[11],FUL,FUL,35.962466925092755,2.020212173461914,1.5698391199111938,0.5286906957626343,0.4264385998249054,1.0985267162322998,7.82431173324585
CA,3h4s,E,4i72,A,0,[1],[1],CA,CA,0.7088257779775274,2.383418560028076,1.5325875282287598,0.7317308783531189,0.9373429417610168,1.145211696624756,0.6619080305099487
RBF,1hze,A,2cc8,A,0,[27],[27],RBF,RBF,14.283348654548721,1.934462070465088,1.7154990434646606,0.7374752163887024,0.613051176071167,1.0456626415252686,5.881951808929443
CA,3cjy,A,6gp2,A,0,[1],[1],CA,CA,44.41799540399774,1.990041255950928,1.596151351928711,0.6998459696769714,0.8110799789428711,1.2187044620513916,8.162372589111328
CA,3gci,A,5e1q,B,0,[1],[1],CA,CA,8.162308519315344,2.2939462661743164,1.61101233959198,0.744482159614563,0.7548670768737793,1.080602765083313,4.494091987609863
IPE,1x07,A,3krf,D,0,[14],[14],IPE,IPE,6.121219090936766,2.182804822921753,1.4492127895355225,0.6565680503845215,0.687335729598999,1.4190720319747925,3.796995162963867
SAM,1cma,B,5o96,D,0,[27],[27],SAM,SAM,22.697394064691558,2.3833296298980717,1.6122832298278809,0.7298827767372131,0.546225905418396,1.132662057876587,6.941652297973633
CA,1xyn,A,1y6o,A,0,[1],[1],CA,CA,5.721958757101686,2.496114015579224,1.822542667388916,0.6680614352226257,0.7586756348609924,1.4103596210479736,3.639469385147095
SAM,2vdv,E,3okx,A,0,[27],[27],SAM,SAM,7.355814421942648,2.2919182777404785,1.6640568971633911,0.7122734785079956,0.859187662601471,1.4299416542053225,4.238242149353027
SAM,1cma,B,3e23,A,0,[27],[27],SAM,SAM,21.54832689399974,2.3033156394958496,1.7075245380401611,0.7390095591545105,0.9690797924995422,1.125295877456665,6.830259799957275
DGT,2iry,A,4lrl,C,0,[31],[31],DGT,DGT,27.181799082135324,2.4276885986328125,1.4137787818908691,0.7205613255500793,0.8685125112533569,1.0068392753601074,7.310512065887451
DGT,2atz,A,4lrl,C,0,[31],[31],DGT,DGT,21.243279159397705,1.6347079277038574,1.572904109954834,0.7326303720474243,0.7431800961494446,1.177749752998352,6.799311637878418
RBF,1kyv,E,2fl5,H,0,[27],[27],RBF,RBF,13.86447689262196,2.442495107650757,1.4878994226455688,0.6791388392448425,0.9462828040122986,1.101444959640503,5.809671401977539
CA,1e8u,B,4xzw,A,0,[1],[1],CA,CA,38.916908395557726,2.3552136421203613,1.665737867355347,0.7490336298942566,0.8594298362731934,1.128652811050415,7.955717086791992
CA,4esv,C,4jo2,H,0,[1],[1],CA,CA,16.646814513367488,2.680612087249756,1.398470759391785,0.7303436994552612,0.5825960040092468,1.0705783367156982,6.247206211090088
RBF,2fl5,H,3p5n,A,0,[27],[27],RBF,RBF,7.967424173883962,2.553154706954956,1.5549815893173218,0.7393689155578613,0.8881475329399109,1.0219178199768066,4.434371948242188
IPE,3k4y,A,3krf,D,0,[14],[14],IPE,IPE,8.90080796224222,2.4642951488494877,1.5979809761047363,0.7184174060821533,0.9394980669021606,1.105886459350586,4.709220886230469
CYT,5buv,A,5ko6,A,0,[8],[8],CYT,CYT,7.36852967707974,2.561777353286743,1.574864387512207,0.7246135473251343,0.7638611793518066,1.07543683052063,4.242460250854492
CA,1gsl,A,4kpo,A,0,[1],[1],CA,CA,3.8820220224931368,2.524562120437622,1.5417490005493164,0.7526965141296387,0.8989868760108948,0.9300855994224548,2.796438455581665
PC,3lkf,A,5tcd,A,0,[11],[11],PC,PC,23.77840171930395,2.384058952331543,1.5976314544677734,0.6543896794319153,0.922821581363678,1.3441416025161743,7.0395283699035645
HEM,2c8s,A,4jet,A,0,[43],[43],HEM,HEM,8.033810470908033,2.3123841285705566,1.6092628240585327,0.6953747272491455,0.8552607893943787,1.0865355730056765,4.454860210418701
HEM,2gtl,D,2isa,A,0,[43],[43],HEM,HEM,24.930684190372254,2.3451387882232666,1.3773846626281738,0.724695086479187,0.9268729090690612,1.0752944946289062,7.137187480926514
CA,2exh,A,2xrm,A,0,[1],[1],CA,CA,49.95041942241373,2.346677541732788,1.5722161531448364,0.6844179630279541,0.7902852892875671,1.0004254579544067,8.331954956054688
CYT,5ko6,A,7qoa,A,0,[8],[8],CYT,CYT,5.832870756855647,2.349102258682251,1.40952467918396,0.6989223957061768,0.755302906036377,1.2351739406585691,3.684026002883911
HEM,4jet,A,4yu3,B,0,[43],[43],HEM,HEM,10.321708969644844,2.5563273429870605,1.5005253553390503,0.7222889065742493,0.949132800102234,1.2215830087661743,5.079154014587402
CA,1pyt,C,5k8y,A,0,[1],[1],CA,CA,10.25358313710576,2.253499984741211,1.6724399328231812,0.7288644313812256,0.8447010517120361,1.0960437059402466,5.062602043151856
CA,4qu6,A,6u66,B,0,[1],[1],CA,CA,8.162248747787693,2.3953144550323486,1.551870822906494,0.761301577091217,0.9143826365470886,1.050760269165039,4.494073867797852
CA,1bj3,B,3jvf,B,0,[1],[1],CA,CA,22.63102616905754,2.321348190307617,1.6508219242095947,0.7319769859313965,0.961861252784729,1.0063074827194214,6.935431957244873
GOA,3r3z,A,5da5,A,0,[5],[5],GOA,GOA,2.457844398752161,1.8359837532043457,1.6623212099075315,0.7149227857589722,0.8377427458763123,1.305079221725464,1.9729291200637815
HEM,2q8p,A,3vp5,A,0,[43],[43],HEM,HEM,27.915544680511005,2.4940099716186523,1.65260112285614,0.7008671164512634,0.9826381206512452,0.9800516963005066,7.36255931854248
SAM,4qtu,B,6ift,A,0,[27],[27],SAM,SAM,1.3687576197037785,4.66038703918457,0.6455348134040833,0.8258478045463562,0.9424127340316772,0.7568123936653137,1.203964114189148
CA,1mve,A,1zzh,B,0,[1],[1],CA,CA,29.004611956418422,2.3882699012756348,1.515569806098938,0.7001568078994751,0.6307946443557739,1.0321670770645142,7.436200618743896
CA,3fz3,A,3m0j,A,0,[1],[1],CA,CA,27.39096651941363,2.289786100387573,1.555213451385498,0.7521857023239136,0.8277441263198853,0.980574369430542,7.325557231903076
CA,1c07,A,4mlc,A,0,[1],[1],CA,CA,31.696132183661227,2.4366793632507324,1.5639992952346802,0.6936497092247009,0.8181915283203125,1.1649324893951416,7.601696014404297
RBF,1hze,A,4d1y,A,0,[27],[27],RBF,RBF,28.31273936875705,2.565154790878296,1.367353916168213,0.7319366335868835,0.7174971699714661,1.2083441019058228,7.389902114868164
CA,2ism,B,4c0k,A,0,[1],[1],CA,CA,46.09191024447025,2.3364953994750977,1.5174580812454224,0.7054367661476135,0.8481875061988831,1.1343504190444946,8.217211723327637
TTP,3o0n,A,4a6a,A,0,[29],[29],TTP,TTP,44.15230542475364,2.183480024337769,1.5678502321243286,0.665151834487915,0.8048405051231384,1.0897676944732666,8.153356552124023
HEM,2dge,A,4mf9,A,0,[43],[43],HEM,HEM,13.111950050948401,2.2258753776550293,1.4763191938400269,0.7096266746520996,0.9943453669548036,1.279524803161621,5.673233985900879
SAM,1cma,B,5bw4,B,0,[27],[27],SAM,SAM,19.471485418223047,2.5514559745788574,1.8268994092941284,0.7063354849815369,0.8383228778839111,1.0921525955200195,6.606889724731445
RBF,1hze,A,4r3a,A,0,[27],[27],RBF,RBF,14.81707461386626,1.879398822784424,1.6574320793151855,0.6504438519477844,0.5553464889526367,1.238063931465149,5.970516204833984
CA,1fi6,A,4n1i,A,0,[1],[1],CA,CA,8.621810624495806,2.1440231800079346,1.6446690559387207,0.7410928010940552,0.9359601140022278,1.1535499095916748,4.629952907562256
NAI,5zz7,A,6tir,A,0,[44],[44],NAI,NAI,24.18281050354949,2.148900985717773,1.5830423831939695,0.6841952800750732,0.8540036678314209,1.1521469354629517,7.0745530128479
TTP,2uz3,B,4a6a,A,0,[29],[29],TTP,TTP,17.114881836427525,2.405128002166748,1.538520574569702,0.6874599456787109,0.913983166217804,1.3037525415420532,6.311988353729248
SAM,1cma,B,3dxy,A,0,[27],[27],SAM,SAM,21.545085746174475,2.607574462890625,1.5955506563186646,0.6923641562461853,0.8846916556358337,1.1158007383346558,6.829934120178223
CA,3lag,A,3upt,A,0,[1],[1],CA,CA,23.737830848492404,2.030343770980835,1.5901503562927246,0.7464520931243896,0.6966082453727722,1.0038840770721436,7.03596830368042
HEM,3mvc,A,4jou,A,0,[43],[43],HEM,HEM,9.495327921207771,2.395796775817871,1.591674566268921,0.7322958111763,0.7762038111686707,1.1003170013427734,4.870565891265869
CA,3ak5,A,6ajc,A,0,[1],[1],CA,CA,31.12651418732485,2.4019269943237305,1.4758350849151611,0.6893304586410522,0.8946118354797363,1.1282998323440552,7.568478584289551
K,4jay,A,6dwo,A,0,[1],[1],K,K,27.3253094777167,1.8604140281677248,1.664745807647705,0.7331172227859497,0.4002871513366699,1.1800673007965088,7.320852756500244
M6P,1syo,A,4zev,A,0,[16],[16],M6P,M6P,38.872472367031996,2.2905590534210205,1.4704573154449463,0.6317886114120483,0.8656630516052246,1.1301037073135376,7.953858375549316
TTP,1xje,A,4a6a,A,0,[29],[29],TTP,TTP,43.573751428657566,1.8582408428192136,1.6006911993026731,0.6970163583755493,0.716064989566803,1.1881234645843506,8.133414268493652
NAI,4y9d,A,8ct0,H,0,[44],[27],NAI,NAI,10.321634140196515,2.8627405166625977,1.4729262590408323,0.7102324962615967,0.783176600933075,1.0899262428283691,5.079135894775391
PC,3lkf,A,5egh,B,0,[11],[11],PC,PC,23.362743023683127,2.338539361953736,1.602262020111084,0.6677919626235962,0.9160155057907104,1.361112117767334,7.0026445388793945
HEM,1d7c,A,4y4s,A,0,[43],[43],HEM,HEM,27.860729552445317,2.0947811603546143,1.5176664590835571,0.7086875438690186,0.5140582919120789,1.2408387660980225,7.35874080657959
HEM,2uyd,X,3p3o,A,0,[43],[43],HEM,HEM,15.797578844517073,2.183079719543457,1.6228680610656738,0.6834385395050049,0.8731973767280579,1.063229203224182,6.123667240142822
M6P,4rzc,A,7kma,B,0,[16],[16],M6P,M6P,6.766005578030305,3.0444753170013428,1.576078176498413,0.7872471809387207,0.8492226600646973,1.1201664209365845,4.035550117492676
K,2fxi,A,6npl,A,0,[1],[1],K,K,24.37761358297617,2.0796022415161133,1.7731112241744995,0.6544285416603088,0.9297477006912231,1.1565359830856323,7.091130256652832
CA,2jal,B,2kpn,A,0,[1],[1],CA,CA,32.47775851979894,2.3154821395874023,1.4912760257720947,0.6491365432739258,0.9386430978775024,1.150413155555725,7.645826816558838
PQQ,1flg,A,1otw,A,0,[24],[24],PQQ,PQQ,6.126204355412854,2.1205904483795166,1.637458324432373,0.7521715760231018,0.7263039350509644,1.0026718378067017,3.798912763595581
TYD,1epz,A,1rrv,A,0,[25],[25],TYD,TYD,12.684634075345818,2.3077540397644043,1.3740061521530151,0.7305185198783875,0.8594363331794739,1.154664158821106,5.591729640960693
SAM,4obw,D,6a5m,A,0,[27],[27],SAM,SAM,3.0180741959066366,3.3139073848724365,1.443063259124756,0.7420318722724915,0.8864496946334839,1.1562126874923706,2.3183722496032715
RBF,2fl5,H,4r3a,A,0,[27],[27],RBF,RBF,25.67026059174323,2.7552032470703125,1.4750678539276123,0.7446209192276001,0.723548173904419,1.0411443710327148,7.196544170379639
PC,1o72,A,5egh,B,0,[11],[11],PC,PC,15.675845922299036,2.408522605895996,1.5319976806640625,0.6954843997955322,0.8485483527183533,1.2399520874023438,6.105288982391357
HEM,3sik,A,5ysw,A,0,[43],[43],HEM,HEM,11.73863513034306,2.5096731185913086,1.627200961112976,0.7665224075317383,0.8440266847610474,1.1787291765213013,5.399895191192627
K,1d7r,A,6dwo,A,0,[1],[1],K,K,23.48014892397939,2.320774555206299,1.581086039543152,0.762937068939209,0.8320068120956421,1.2257226705551147,7.013155460357666
CA,1je5,B,5b5l,A,0,[1],[1],CA,CA,10.711037284078149,2.329717874526977,1.4666253328323364,0.7109888792037964,0.8922179937362671,1.086267113685608,5.171656608581543
TFA,3gsh,A,5v7y,A,0,[7],[7],TFA,TFA,13.484847212297602,2.287914752960205,1.3547943830490112,0.750252366065979,0.4775391817092895,1.3226231336593628,5.741935253143311
IPE,1x07,A,4lls,A,0,[14],[14],IPE,IPE,8.37788090962252,2.30708384513855,1.5672003030776978,0.736297070980072,0.7897749543190002,1.1663575172424316,4.558676242828369
CA,3kpt,B,4qu6,A,0,[1],[1],CA,CA,38.91939591607466,2.3257319927215576,1.7676000595092771,0.6767082214355469,0.7218467593193054,1.1522935628890991,7.95582103729248
HEM,1sox,A,3buj,A,0,[43],[43],HEM,HEM,36.62935550983625,2.0501866340637207,1.4452877044677734,0.654498815536499,0.8989036679267883,1.2783489227294922,7.855428218841553
IPE,4lls,A,8jya,B,0,[14],[14],IPE,IPE,22.980253698372223,2.396679401397705,1.721091866493225,0.736046552658081,0.9272528886795044,1.3876357078552246,6.9678826332092285
FDA,3sf6,A,4cy8,A,0,[53],[53],FDA,FDA,3.8651684642972834,2.623871326446533,1.524947166442871,0.7015734314918518,0.6923559904098511,1.167356014251709,2.787682294845581
SAM,3tka,A,6a5m,A,0,[27],[27],SAM,SAM,2.7006167437591317,3.309821367263794,1.4866842031478882,0.7184656858444214,0.9645804166793824,1.1003670692443848,2.12636661529541
SF4,4s2a,A,5oy0,A,0,[8],[8],SF4,SF4,82.15674211517128,1.6953847408294678,1.302222490310669,0.5489153265953064,0.5068591237068176,1.5769202709197998,8.914892196655273
TTP,4a6a,A,6n9u,H,0,[29],[29],TTP,TTP,13.18409144902893,2.2570667266845703,1.5859709978103638,0.7331362962722778,0.7898312211036682,1.2928694486618042,5.686697483062744
PCG,6hq7,A,8evb,B,0,[23],[23],PCG,PCG,1.8115071900225062,4.047182083129883,0.8487680554389954,0.7883671522140503,0.9851051568984984,0.8136478066444397,1.5336799621582031
FDA,3pfd,C,4cy8,A,0,[53],[53],FDA,FDA,3.4627305189085984,2.620370626449585,1.4590957164764404,0.6876965165138245,0.7048243880271912,1.2927124500274658,2.572086334228516
CA,1m8t,A,6muj,B,0,[1],[1],CA,CA,10.644533301491014,2.4322049617767334,1.3027293682098389,0.7398548722267151,0.8733323812484741,1.3188128471374512,5.156102657318115
TTP,1cr1,A,4xjc,A,0,[29],[29],TTP,TTP,13.42276898938468,2.3624343872070312,1.5827921628952026,0.741485595703125,0.6932632923126221,1.162651300430298,5.730649948120117
BG6,2cir,A,7e6i,A,0,[16],[16],BG6,BG6,7.653198793777096,2.749816417694092,1.4338197708129885,0.7171671390533447,0.9532716274261476,1.007799506187439,4.335304260253906
TYD,5h56,B,5tpv,B,0,[25],[25],TYD,TYD,6.01595706048988,2.746156930923462,1.5300788879394531,0.7487789392471313,0.9283462762832642,1.110645055770874,3.756227016448975
CA,1x8k,A,4a5w,B,0,[1],[1],CA,CA,31.46438345032613,1.8860446214675903,1.564048409461975,0.5881471037864685,0.6324889063835144,1.0910930633544922,7.588291645050049
HEM,1z9n,A,5d3u,A,0,[43],[43],HEM,HEM,25.80183031913559,2.6410183906555176,1.513153314590454,0.7595043182373047,0.4138611555099487,1.103527545928955,7.206846714019775
HEM,4jet,A,6j94,A,0,[43],[43],HEM,HEM,12.851897528926747,2.2893319129943848,1.650624394416809,0.6894737482070923,0.6973130702972412,1.2380785942077637,5.623995780944824
CA,1iq3,A,8skf,A,0,[1],[1],CA,CA,11.634339926050375,2.670167922973633,1.4614945650100708,0.7061052322387695,0.912061333656311,1.0959070920944214,5.377718925476074
CA,1cb8,A,3mmz,D,0,[1],[1],CA,CA,23.90818935793346,2.273003101348877,1.9198036193847656,0.6862291097640991,0.7457058429718018,1.170148253440857,7.050859928131104
SF4,4tpu,A,7z7s,B,0,[8],[8],SF4,SF4,4.847367627558725,2.423690795898437,1.4351491928100586,0.6560436487197876,0.9461681246757508,1.2158973217010498,3.2647993564605717
CAA,1buc,A,5lnq,A,0,[54],[54],CAA,CAA,17.152041447299595,2.25278115272522,1.5598303079605105,0.7423185706138611,0.6218458414077759,0.94498872756958,6.317035675048828
CA,1fzd,A,1h1a,A,0,[1],[1],CA,CA,30.88372629812506,2.373703956604004,1.5189660787582395,0.6790225505828857,0.9561777710914612,1.2525537014007568,7.554039001464844
HEM,1dlw,A,4mf9,A,0,[43],[43],HEM,HEM,13.787503720427143,2.08762264251709,1.5286211967468262,0.7028056383132935,0.9873812794685364,1.2417023181915283,5.796112060546875
SAM,2r3a,A,5erg,B,0,[27],[27],SAM,SAM,2.9687905825081815,3.4574968814849854,1.4402251243591309,0.7488664388656616,0.8539655804634094,1.1124403476715088,2.2891807556152344
SAM,1sqf,A,2r3a,A,0,[27],[27],SAM,SAM,3.1859991186707037,3.2838048934936523,1.5559899806976318,0.7606866359710693,0.8377387523651123,1.046650528907776,2.416198492050171
NAI,5k4w,C,8ct0,H,0,[44],[44],NAI,NAI,9.657601953882128,2.647981882095337,1.4971201419830322,0.7074487805366516,0.5605464577674866,1.224020004272461,4.912909507751465
TYD,1epz,A,3oth,A,0,[25],[25],TYD,TYD,8.437029492010057,2.1977243423461914,1.491907238960266,0.7256190180778503,0.9009774923324584,1.025671124458313,4.576132774353027
PQQ,1lrw,A,1otw,A,0,[24],[24],PQQ,PQQ,6.9706227200666016,2.3265106678009038,1.555014729499817,0.7800556421279907,0.7488827109336853,0.9262225031852722,4.10746431350708
FPP,1t0a,A,3aq0,C,0,[24],[24],FPP,FPP,16.65783305957117,2.473923683166504,1.546204686164856,0.7374479174613953,0.7954824566841125,1.104902982711792,6.248757362365723
FUL,3t5o,A,4a34,I,0,[11],[10],FUL,FUL,143.72107035472732,2.137781143188477,1.5055979490280151,0.5728139877319336,0.7047760486602783,1.0555906295776367,9.34947109222412
TYD,5h56,B,5tpu,A,0,[25],[25],TYD,TYD,9.466103078586583,2.6787850856781006,1.5186712741851809,0.7395632266998291,0.9078761339187622,1.0684038400650024,4.862864971160889
SAM,4k36,A,6ift,A,0,[27],[27],SAM,SAM,5.2133830635378215,2.7261595726013184,1.637714385986328,0.701817512512207,0.8729041814804077,1.1779216527938845,3.42684006690979
HEM,4esa,D,4y4s,A,0,[43],[43],HEM,HEM,14.750550355930077,2.215301513671875,1.5104000568389893,0.7696499824523926,0.7161409854888916,1.1399567127227783,5.959685802459717
SAM,1p91,A,6a5m,A,0,[27],[27],SAM,SAM,8.746548408983031,3.207021713256836,1.41231107711792,0.7365089654922485,0.8482903838157654,1.1466184854507446,4.665684700012207
PQQ,1otw,A,4mae,A,0,[24],[24],PQQ,PQQ,6.736312452366416,2.212601661682129,1.613383412361145,0.7345864772796631,0.8236153721809387,0.9226386547088624,4.024968147277832
SAM,1cma,B,5erg,B,0,[27],[27],SAM,SAM,23.4170371832802,2.4783968925476074,1.860467553138733,0.7214570045471191,0.92042738199234,1.29538893699646,7.007514476776123
AND,1coy,A,7xkd,R,0,[21],[21],AND,AND,19.232665393736998,1.983749866485596,1.5893065929412842,0.674030065536499,0.9718408584594728,1.138574481010437,6.579169273376465
SF4,1isu,A,3crv,A,0,[8],[8],SF4,SF4,36.31437607109415,2.274181365966797,1.4439117908477783,0.7157770991325378,0.9508751034736632,1.136899471282959,7.840843200683594
CA,2v72,A,6ior,A,0,[1],[1],CA,CA,25.736868249233382,2.450017213821411,1.3005821704864502,0.7010228037834167,0.8785427808761597,0.8929537534713745,7.2017693519592285
CA,1axk,B,5ere,A,0,[1],[1],CA,CA,53.5101454419253,1.899721384048462,1.69125497341156,0.6046263575553894,0.7484971880912781,1.3260817527770996,8.425448417663574
SAM,2a5h,B,6ift,A,0,[27],[27],SAM,SAM,11.121929258247985,2.242915630340576,1.4709032773971558,0.680961012840271,0.8206294775009155,1.2526735067367554,5.2655839920043945
IPE,3krf,D,8jya,B,0,[14],[14],IPE,IPE,10.149390609181365,2.4279661178588867,1.5291792154312134,0.7382366061210632,0.91864812374115,1.538754940032959,5.0370707511901855
TYD,1epz,A,3rsc,A,0,[25],[25],TYD,TYD,12.573514951743862,2.3635644912719727,1.644134283065796,0.7433106303215027,0.7041745781898499,1.1767771244049072,5.5700297355651855
CA,1e8u,B,7jpx,A,0,[1],[1],CA,CA,48.312696898834666,1.9884241819381716,1.8669524192810056,0.5855379104614258,0.8633340001106262,1.1996426582336426,8.285107612609863
HEM,2rfb,A,4jet,A,0,[43],[43],HEM,HEM,8.577795235092179,2.11379623413086,1.632515788078308,0.6850694417953491,0.5390560030937195,1.138791561126709,4.61722993850708
CA,2ea7,A,5g3m,A,0,[1],[1],CA,CA,36.624773368223416,2.371657371520996,1.4177188873291016,0.7539136409759521,0.7586066722869873,1.115607976913452,7.855217456817627
SF4,3h31,A,5ztb,B,0,[8],[8],SF4,SF4,22.406455355423756,2.4032793045043945,1.7519277334213257,0.6022487282752991,0.9868344068527222,1.3535829782485962,6.9141950607299805
FDA,4cy8,A,7e8p,D,0,[53],[53],FDA,FDA,6.251562462464092,2.656002998352051,1.5089411735534668,0.6720052361488342,0.8895941972732544,1.2340481281280518,3.846745491027832
CA,1ej8,A,2py2,A,0,[1],[1],CA,CA,15.689065042154207,2.3159899711608887,1.146355152130127,0.7194377183914185,0.489205926656723,0.9277818202972412,6.107293128967285
SAM,1cma,B,1g60,A,0,[27],[27],SAM,SAM,22.741755436657805,2.324949026107788,1.6573048830032349,0.7395586967468262,0.899081289768219,1.2681467533111572,6.945796012878418
GOA,2o99,C,5da5,A,0,[5],[5],GOA,GOA,12.615882359348197,2.180666923522949,1.5425338745117188,0.6754574179649353,0.4079075157642364,1.206565022468567,5.578328609466553
CA,2kid,A,3qm2,B,0,[1],[1],CA,CA,40.330786336937905,2.5296077728271484,1.3191299438476562,0.6679256558418274,0.965706706047058,1.1621676683425903,8.013144493103027
CA,1tlq,A,2a7j,A,0,[1],[1],CA,CA,30.148621453316878,2.6724560260772705,1.5139464139938354,0.7193840742111206,0.94530189037323,1.2995710372924805,7.509254455566406
RBF,1kyv,E,3p5n,A,0,[27],[27],RBF,RBF,10.481894175174208,2.6794533729553223,1.5389858484268188,0.7617365121841431,0.8536385297775269,1.1824356317520142,5.117639064788818
SAM,2nv4,A,4b17,A,0,[27],[27],SAM,SAM,10.099674508549697,2.322761297225952,1.5327136516571045,0.7233284711837769,0.6193011403083801,1.216577649116516,5.024795055389404
DGT,3otb,A,4lrl,C,0,[31],[31],DGT,DGT,27.711181696819036,2.4780378341674805,1.6010785102844238,0.7180023193359375,0.6836608052253723,1.095736026763916,7.3482666015625
PC,1b09,A,5egh,B,0,[11],[11],PC,PC,13.692194162946647,2.372803211212158,1.4858633279800415,0.7161040902137756,0.948772430419922,0.9543306827545166,5.779200553894043
TYD,3lv8,A,4zyj,D,0,[25],[25],TYD,TYD,17.01337805953925,2.1421141624450684,1.4427555799484253,0.7402237057685852,0.671066164970398,1.0910818576812744,6.298130512237549
SAM,2plw,A,6a5m,A,0,[27],[27],SAM,SAM,3.293754581480562,3.382877826690674,1.499715805053711,0.7279887795448303,0.716804027557373,1.118233323097229,2.477670669555664
CA,1jmj,A,2n8y,A,0,[1],[1],CA,CA,48.191730769124035,1.929996490478516,1.6109367609024048,0.697221577167511,0.8637084364891052,1.1836072206497192,8.281542778015137
TTP,4xjc,A,7b0h,F,0,[29],[29],TTP,TTP,13.971590979882356,2.052823066711426,1.5125027894973757,0.6693295240402222,0.4598587155342102,1.210483431816101,5.828395366668701
NAI,6a3j,C,8ct0,H,0,[44],[36],NAI,NAI,10.778761661692974,2.863309383392334,1.4670913219451904,0.74825119972229,0.6662168502807617,1.0437403917312622,5.187393665313721
SAM,1nbh,A,5v3h,A,0,[27],[27],SAM,SAM,3.1190871228477177,3.0931103229522705,1.539758324623108,0.6959800720214844,0.8671345710754395,1.2059919834136963,2.37751841545105
ENO,3gac,E,5zbf,A,0,[13],[13],ENO,ENO,23.020451671923,1.805579423904419,1.5834897756576538,0.6799814701080322,0.8908973336219788,1.3393820524215698,6.971573829650879
CA,4kl8,L,4y90,A,0,[1],[1],CA,CA,5.384049972458163,2.2952802181243896,1.4235196113586426,0.6848793625831604,0.8186901211738586,1.0951875448226929,3.49976110458374
CA,2j0g,E,7dmk,A,0,[1],[1],CA,CA,12.811038654783598,1.8153965473175049,1.577123999595642,0.6969600915908813,0.6076244711875916,0.9020193219184875,5.616157531738281
SIA,2bat,A,5xla,A,0,[21],[21],SIA,SIA,58.73316618324238,1.3752644062042236,1.714949607849121,0.5770615935325623,0.9988301992416382,1.3828383684158323,8.545098304748535
CA,3atg,A,5guw,A,0,[1],[1],CA,CA,21.45250393727713,2.142956495285034,1.7843036651611328,0.7148199081420898,0.3553377389907837,1.0645732879638672,6.820602893829346
K,2gj8,D,6cq6,B,0,[1],[1],K,K,12.906841123242982,1.7628767490386963,1.6470924615859983,0.6993439793586731,0.8859879970550537,1.4907947778701782,5.634491920471191
CA,3ujo,A,6ifc,A,0,[1],[1],CA,CA,9.159908499567221,2.577543020248413,1.5172489881515503,0.7155661582946777,0.7778270840644836,1.150516390800476,4.780768394470215
TYD,3oti,A,4mzu,F,0,[25],[25],TYD,TYD,41.018818424608305,2.435575008392334,1.5579555034637451,0.6763457655906677,0.6908556222915649,1.1108996868133545,8.039938926696777
FDA,1tvc,A,7e8p,D,0,[53],[53],FDA,FDA,14.371823147532861,2.466361284255981,1.4744813442230225,0.7239440679550171,0.8949964046478271,1.1741799116134644,5.8969011306762695
CA,1d2l,A,5znh,A,0,[1],[1],CA,CA,6.8123295590237944,2.5111656188964844,1.6325098276138306,0.6761475205421448,0.8426430225372314,1.0486212968826294,4.0519843101501465
RBF,1hze,A,2vxa,A,0,[27],[27],RBF,RBF,10.83954524392475,2.136149406433105,1.4496315717697144,0.6837117075920105,0.6457034349441528,1.1391218900680542,5.201430797576904
PQQ,1otw,A,2d0v,A,0,[24],[24],PQQ,PQQ,6.579021752874823,2.2469847202301025,1.7593706846237185,0.724199652671814,0.8340239524841309,0.9532858729362488,3.9682810306549072
NAI,6tir,A,6vw7,D,0,[27],[44],NAI,NAI,30.744673947719257,1.9868783950805664,1.6218750476837158,0.6436322331428528,0.8642217516899109,1.2969636917114258,7.54569149017334
CA,2a7a,A,3b9x,C,0,[1],[1],CA,CA,4.425751560200138,2.675462245941162,1.5699104070663452,0.7244141101837158,0.9546794891357422,1.0741150379180908,3.0679521560668945
TYD,4zyj,D,5h56,B,0,[25],[25],TYD,TYD,24.77800570802191,2.297592639923096,1.5145658254623413,0.7095654010772705,0.5497161149978638,1.1493966579437256,7.124619483947754
M6P,4rzc,A,4zev,A,0,[16],[16],M6P,M6P,10.598380340138393,2.7566943168640137,1.4965245723724363,0.7626423239707947,0.5879850387573242,1.0612311363220217,5.145249366760254
SAM,1rjd,C,2r3a,A,0,[27],[27],SAM,SAM,2.938344895356921,3.201915740966797,1.4936343431472778,0.7462902069091797,0.7195059061050415,1.1137261390686035,2.271036148071289
SAM,3dcm,X,6a5m,A,0,[27],[27],SAM,SAM,4.949195487552061,2.957911252975464,1.457751750946045,0.7263444662094116,0.9037936925888062,1.2662893533706665,3.3106768131256104
K,1d7r,A,6npl,A,0,[1],[1],K,K,13.40037085281642,2.217162609100342,1.6893856525421145,0.7217020392417908,0.83114093542099,1.387786626815796,5.726563453674316
CA,2fmd,A,7ksf,A,0,[1],[1],CA,CA,8.472263400845135,2.587623119354248,1.3760861158370972,0.6887924671173096,0.9289869666099548,1.0632147789001465,4.586478233337402
CA,1wky,A,4aao,A,0,[1],[1],CA,CA,54.39057220862386,2.5553293228149414,1.5304728746414185,0.7064139246940613,0.6564813256263733,0.9792994856834412,8.446977615356445
CA,1amh,A,3a09,A,0,[1],[1],CA,CA,31.842517535871824,2.391545295715332,1.5593206882476809,0.7154988646507263,0.9330559372901917,1.007429838180542,7.610086441040039
SAM,3nk7,B,6a5m,A,0,[27],[27],SAM,SAM,4.532182188896637,2.598409652709961,1.447310209274292,0.6991549134254456,0.8802077770233154,1.105493426322937,3.118721008300781
TYD,3wag,B,4mzu,F,0,[25],[25],TYD,TYD,39.477002057263654,2.605717658996582,1.493249773979187,0.6848306059837341,0.6933695673942566,1.071666955947876,7.978858947753906
BU3,5i5m,B,8a25,A,0,[6],[6],BU3,BU3,6.834322060667078,2.6043035984039307,1.5351601839065552,0.7250796556472778,0.9605123400688172,1.105276346206665,4.059754848480225
SAM,1cma,B,3ou7,A,0,[27],[27],SAM,SAM,22.292433370309624,2.731584310531616,1.6571948528289795,0.7040032148361206,0.9849101305007936,1.1756136417388916,6.903299331665039
FDA,3atq,A,7e8p,D,0,[53],[53],FDA,FDA,4.5356093324878755,2.6831860542297363,1.5623245239257812,0.7213827967643738,0.8386842608451843,1.2167792320251465,3.1203434467315674
SAM,3gcz,A,6a5m,A,0,[27],[27],SAM,SAM,3.424947531592271,3.2728257179260254,1.4365609884262085,0.7120397090911865,0.830672025680542,1.1938847303390503,2.5511813163757324
CA,1ia7,A,4aah,A,0,[1],[1],CA,CA,18.5887765081361,2.3772361278533936,1.4323267936706543,0.7162227034568787,0.9423516988754272,1.2498533725738523,6.502123832702637
CA,1axk,B,2c5u,A,0,[1],[1],CA,CA,23.440429562768976,2.354189395904541,1.8816144466400144,0.6641572117805481,0.9437921047210692,1.265199899673462,7.009607791900635
TYD,1epz,A,6vlo,A,0,[25],[25],TYD,TYD,9.920549649534873,2.421716690063477,1.3799033164978027,0.7233062386512756,0.918579876422882,1.4109013080596924,4.980058193206787
NAI,1gz6,B,6tir,A,0,[44],[44],NAI,NAI,18.78543993303924,2.0760738849639893,1.5462688207626345,0.6722533702850342,0.8400964140892029,1.4701429605484009,6.526021480560303
CA,4dod,A,5swi,B,0,[1],[1],CA,CA,16.743841137029488,2.4860382080078125,1.2580808401107788,0.7289334535598755,0.9391071796417236,1.0685501098632812,6.260821342468262
CA,3pgs,A,4aam,A,0,[1],[1],CA,CA,11.055408960379946,1.954567074775696,1.4880995750427246,0.6378918886184692,0.9443051218986512,1.6445986032485962,5.250626564025879
RBF,1kyv,E,5kbw,B,0,[27],[27],RBF,RBF,9.735692636372269,2.6578989028930664,1.5548440217971802,0.751548707485199,0.89515620470047,1.1544870138168335,4.933038234710693
NAI,4y9d,A,6tir,A,0,[44],[27],NAI,NAI,21.04012707620383,2.252238750457764,1.416411280632019,0.6615062355995178,0.9432085752487184,1.5806013345718384,6.7783637046813965
RBF,2fl5,H,5kbw,B,0,[27],[27],RBF,RBF,9.70471195058187,2.415266990661621,1.515177607536316,0.7670560479164124,0.8650444149971008,1.090118646621704,4.925071716308594
TYD,2pae,A,3oti,A,0,[25],[25],TYD,TYD,6.312838428457112,2.063631057739258,1.6794499158859253,0.7458130121231079,0.8149030208587646,0.94991797208786,3.869858980178833
SAM,3dlc,A,6ift,A,0,[27],[27],SAM,SAM,1.019922649638468,4.657784461975098,0.7434349656105042,0.8357877135276794,0.9352056384086608,0.7429202795028687,0.9255261421203612
TYD,1h7q,A,4zyj,D,0,[25],[25],TYD,TYD,24.547378946735492,2.2367753982543945,1.6315770149230957,0.6392603516578674,0.7815961837768555,1.081488013267517,7.105424404144287
NAI,6cdf,A,6tir,A,0,[44],[44],NAI,NAI,18.87977986306716,1.8374550342559812,1.6234005689620972,0.6822815537452698,0.8781400918960571,1.1493641138076782,6.537369728088379
SAM,3q87,B,6a5m,A,0,[27],[27],SAM,SAM,3.077405991131767,3.1725003719329834,1.3577914237976074,0.714899480342865,0.7348850965499878,1.096080660820007,2.3532235622406006
CA,4aqt,A,5ibq,A,0,[1],[1],CA,CA,22.755967300137087,2.039867877960205,1.599611520767212,0.6932146549224854,0.6322411298751831,0.8556404113769531,6.9471211433410645
CA,1o5k,A,6fzv,A,0,[1],[1],CA,CA,43.458626990341955,2.1015095710754395,1.4606351852416992,0.7525336742401123,0.7153120040893555,1.2033036947250366,8.12939453125
RBF,2cc8,A,3p5n,A,0,[27],[27],RBF,RBF,10.95201786177426,2.261481285095215,1.5937623977661133,0.7224170565605164,0.945925235748291,1.0151323080062866,5.227190017700195
TYD,4lei,A,5tpv,B,0,[25],[25],TYD,TYD,14.92816584670396,1.8383324146270752,1.6664328575134275,0.6886476874351501,0.8020403385162354,1.1959125995635986,5.988473415374756
TYD,1h7q,A,5tpv,B,0,[25],[25],TYD,TYD,11.835443696958919,2.470046043395996,1.5953439474105835,0.6948920488357544,0.6948135495185852,1.203505277633667,5.420289993286133
CA,2gwr,A,3pof,B,0,[1],[1],CA,CA,7.139247642380089,2.4739034175872803,1.576213836669922,0.7216240167617798,0.9393617510795592,1.2023019790649414,4.165438175201416
CA,6gp2,A,8axs,A,0,[1],[1],CA,CA,36.19638760299539,2.2601242065429688,1.6359425783157349,0.6880913972854614,0.7876588702201843,1.1864922046661377,7.835328578948975
CA,1el1,A,2f59,D,0,[1],[1],CA,CA,21.26365169956392,2.3807663917541504,1.531757354736328,0.676060140132904,0.7635191082954407,1.150681734085083,6.801397323608398
TTP,1mc3,A,4a6a,A,0,[29],[29],TTP,TTP,11.66525668472456,2.505096673965454,1.4530680179595947,0.7013203501701355,0.6695393323898315,1.2389066219329834,5.384315013885498
NAI,3ay6,B,8ct0,H,0,[44],[44],NAI,NAI,9.663540605971958,2.8806097507476807,1.6161543130874634,0.7520754933357239,0.425784558057785,1.0162101984024048,4.914445877075195
CA,2qqo,A,5zrq,A,0,[1],[1],CA,CA,43.43171325784984,2.4278359413146973,1.5681318044662476,0.7324249744415283,0.915206491947174,0.9696031808853148,8.12845230102539
FDA,4cy8,A,4iv6,B,0,[53],[53],FDA,FDA,3.722796054245939,2.5726029872894287,1.5258554220199585,0.7148014903068542,0.7178260684013367,1.2106560468673706,2.712855339050293
NAI,4n54,A,6tir,A,0,[44],[44],NAI,NAI,19.122572843509666,1.925175905227661,1.6479012966156006,0.6868219971656799,0.6396732330322266,1.3594204187393188,6.566237449645996
RBF,2fl5,H,2vxa,A,0,[27],[27],RBF,RBF,11.366631754402409,2.4159903526306152,1.5220143795013428,0.7125367522239685,0.9651888608932496,1.1379376649856567,5.319805145263672
RBF,2cc8,A,2fl5,H,0,[27],[27],RBF,RBF,11.850880270335292,2.617142677307129,1.5506654977798462,0.7382713556289673,0.9350950717926024,1.1025187969207764,5.423525333404541
NAI,5z20,F,6tir,A,0,[44],[44],NAI,NAI,8.483585086722892,1.779348850250244,1.5873366594314575,0.7046400308609009,0.8057915568351746,1.1976125240325928,4.589794158935547
SAM,4lg1,A,6a5m,A,0,[27],[27],SAM,SAM,2.8958701371158395,3.214790344238281,1.4345437288284302,0.7144986391067505,0.5646510124206543,1.1466580629348757,2.245579481124878
SAM,2nv4,A,4gc9,A,0,[27],[27],SAM,SAM,22.741832113865247,2.558900833129883,1.4252970218658447,0.7563960552215576,0.819045901298523,1.1337127685546875,6.945803165435791
SAM,1cma,B,3fzg,A,0,[27],[27],SAM,SAM,21.208009147733392,2.521719217300415,1.6037063598632812,0.7383261322975159,0.5643373727798462,1.2565851211547852,6.795694351196289
SAM,5n5d,A,6ift,A,0,[27],[27],SAM,SAM,0.7934320421598882,4.642282485961914,0.6514967679977417,0.843655526638031,0.9964527487754822,0.710494339466095,0.735106348991394
RBF,1hze,A,3p5n,A,0,[27],[27],RBF,RBF,13.305065533939583,2.216865539550781,1.5654584169387815,0.7303977012634277,0.9345951080322266,1.2179815769195557,5.709087371826172
SAM,2obv,A,3okx,A,0,[27],[27],SAM,SAM,9.321958067111344,1.7581121921539309,1.5600584745407104,0.6483102440834045,0.9949442744255066,1.3067476749420166,4.824541091918945
RBF,2fl5,H,4iil,A,0,[27],[27],RBF,RBF,10.29042324670844,2.1744871139526367,1.469663381576538,0.7034897804260254,0.8490086793899536,1.2095307111740112,5.071566581726074
TYD,1epz,A,4rii,A,0,[25],[25],TYD,TYD,6.947949644720919,2.251848697662353,1.58154559135437,0.7158527970314026,0.899219810962677,1.1513991355895996,4.099581241607666
BG6,2cir,A,5hj5,B,0,[16],[16],BG6,BG6,34.99740055318975,2.3761415481567383,1.6009660959243774,0.7048795819282532,0.9094557762145996,1.2774685621261597,7.777649402618408
CA,2i4b,A,6n4d,D,0,[1],[1],CA,CA,11.317130371283547,1.791330337524414,1.5036725997924805,0.6923713088035583,0.8213222026824951,1.038901686668396,5.308937072753906
CA,3sqg,A,3vgi,A,0,[1],[1],CA,CA,49.60259856452557,2.2215261459350586,1.58073627948761,0.6304448246955872,0.6109359264373779,1.122868895530701,8.322220802307129
NAI,6tir,A,6vly,A,0,[44],[44],NAI,NAI,16.906989267109047,2.1522836685180664,1.6539525985717771,0.6632023453712463,0.8182832598686218,1.7780970335006714,6.283493518829346
CA,1f2o,A,4i9x,B,0,[1],[1],CA,CA,24.3592296095128,2.683222770690918,1.5138075351715088,0.740788996219635,0.9504061341285706,1.2379655838012695,7.089573860168457
CA,5apw,B,5odu,A,0,[1],[1],CA,CA,24.350708913174515,2.0966310501098637,1.74817955493927,0.6173466444015503,0.9311289191246032,1.4832334518432615,7.0888519287109375
PQQ,1otw,A,6dam,A,0,[24],[24],PQQ,PQQ,8.67525707785023,2.540646314620972,1.4499870538711548,0.7428159117698669,0.7454524040222168,1.0652151107788086,4.645321369171143
CA,3om2,A,5zrq,A,0,[1],[1],CA,CA,20.166897013621735,2.772848606109619,1.5577163696289062,0.7527186870574951,0.8447635769844055,0.9634195566177368,6.685108184814453
CA,2p5v,G,4sbv,C,0,[1],[1],CA,CA,28.72912666147361,2.38753080368042,1.5509799718856812,0.7334892153739929,0.7847791910171509,1.1706924438476562,7.417963981628418
K,1gup,A,6dwo,A,0,[1],[1],K,K,30.654361778597313,2.060508728027344,1.6625893115997314,0.6926825046539307,0.6745167374610901,1.2124382257461548,7.540239334106445
NAI,2dkn,A,6tir,A,0,[44],[44],NAI,NAI,21.75858801587118,1.9558559656143188,1.5506651401519775,0.6445390582084656,0.9193533658981324,1.39249849319458,6.851245403289795
NAI,6tir,A,7wmz,C,0,[44],[44],NAI,NAI,23.806841995984094,1.913069009780884,1.5950024127960205,0.6664355397224426,0.9838225245475768,1.0579125881195068,7.042018890380859
TYD,3wag,B,5tpu,A,0,[25],[25],TYD,TYD,8.760719314536402,2.3962290287017822,1.5260809659957886,0.7288145422935486,0.782937228679657,1.0118545293807983,4.669713973999023
PQQ,1otw,A,5xm3,A,0,[24],[24],PQQ,PQQ,7.387525085511488,2.257920980453491,1.6304415464401243,0.7419698238372803,0.8578062057495117,0.9646337628364564,4.24875020980835
CA,1bh6,A,1w0n,A,0,[1],[1],CA,CA,29.960396914983697,2.35034728050232,1.550435185432434,0.756952702999115,0.8896874189376831,1.233961820602417,7.497522354125977
CA,2cn3,A,2wg7,A,0,[1],[1],CA,CA,13.22877891382925,2.080854892730713,1.7069838047027588,0.7552663683891296,0.603346586227417,1.2854515314102173,5.694995403289795
K,1gup,A,6cq6,B,0,[1],[1],K,K,36.20531386490783,1.788325548171997,1.5223475694656372,0.7110057473182678,0.4798196852207184,1.2067930698394775,7.835746765136719
CA,2dur,A,3fyb,B,0,[1],[1],CA,CA,18.665904576110933,2.2872424125671387,1.3333890438079834,0.7058093547821045,0.9649322032928468,1.3183783292770386,6.511535167694092
NAI,3adp,A,6tir,A,0,[44],[44],NAI,NAI,19.823230883194267,1.9623141288757324,1.681065320968628,0.6833148002624512,0.7112542986869812,1.2204347848892212,6.646909236907959
NAI,6b9u,A,6tir,A,0,[44],[44],NAI,NAI,20.999346799309226,1.831355094909668,1.8902682065963743,0.6648073792457581,0.7501298785209656,1.4461712837219238,6.774125576019287
CA,2m0p,A,3pof,B,0,[1],[1],CA,CA,4.224668148199447,2.668015241622925,1.4784890413284302,0.6858376264572144,0.8208475112915039,1.071481466293335,2.969959020614624
CA,1dzq,B,2gbp,A,0,[1],[1],CA,CA,30.056254234300074,3.081962823867798,1.5159804821014404,0.7649136781692505,0.9608811736106871,1.202402949333191,7.50351095199585
CA,3ipv,A,5apw,B,0,[1],[1],CA,CA,20.52833630733766,2.1949682235717773,1.6624038219451904,0.7164857387542725,0.8889877796173096,1.1992788314819336,6.72435474395752
CA,2ess,A,7bvc,B,0,[1],[1],CA,CA,49.745162758869824,2.190370559692383,1.4919394254684448,0.6795429587364197,0.8858288526535034,1.293352127075195,8.326224327087402
CA,4by6,A,7nit,D,0,[1],[1],CA,CA,21.9033251747672,1.965049266815185,1.5156368017196655,0.6733138561248779,0.9316381216049194,1.5341755151748655,6.865530490875244
CA,4gdj,B,6i7s,B,0,[1],[1],CA,CA,26.235806295381106,2.3028564453125,1.475481629371643,0.6499504446983337,0.8858814239501953,0.9398630261421204,7.240298748016357
CA,1pz7,A,2xfg,A,0,[1],[1],CA,CA,34.04048575003993,2.5433363914489746,1.389654517173767,0.7129738926887512,0.8632172346115112,1.2167348861694336,7.72936201095581
CA,4lks,A,7pth,A,0,[1],[1],CA,CA,13.931188157282584,2.2602312564849854,1.489892840385437,0.7402396202087402,0.8507739901542664,0.9787432551383972,5.821352481842041
CA,2a7j,A,5h7w,B,0,[1],[1],CA,CA,36.62443129875535,2.4326491355896,1.476638674736023,0.7276121973991394,0.7695263624191284,1.062785506248474,7.855201721191406
K,2ib8,D,6dwo,A,0,[1],[1],K,K,26.19716688377063,2.1322646141052246,1.655288815498352,0.7639873027801514,0.4595969617366791,1.096003770828247,7.237352848052978
CA,1l9m,B,3ge4,A,0,[1],[1],CA,CA,15.645750365703659,2.442272424697876,1.7318710088729858,0.6801241040229797,0.56593918800354,1.1328754425048828,6.1007184982299805
CA,1iod,B,6g7o,A,0,[1],[1],CA,CA,14.317972067551521,2.020193576812744,1.6930899620056152,0.7404711842536926,0.9340316653251648,1.387619972229004,5.887814998626709
CA,3q13,A,4r3v,A,0,[1],[1],CA,CA,28.376405912063458,1.987155556678772,1.4950828552246094,0.6055812239646912,0.4863222539424896,1.2093379497528076,7.394232273101807
CA,2i7a,A,4jyo,X,0,[1],[1],CA,CA,35.140135216870036,2.2402710914611816,1.5650094747543335,0.7513518929481506,0.9085944294929504,1.1188308000564575,7.784676551818848
FDA,3ukk,A,7e8p,D,0,[53],[53],FDA,FDA,8.40094481169573,2.4823689460754395,1.6018089056015017,0.6837338805198669,0.953572392463684,1.0332093238830566,4.565496444702148
CA,3byj,A,3dxp,A,0,[1],[1],CA,CA,15.930714739411494,2.658320426940918,1.4953147172927856,0.7086775898933411,0.8315548896789551,1.2399725914001465,6.143569469451904
NAI,1o0s,A,6tir,A,0,[44],[44],NAI,NAI,20.446828910224802,1.8084968328475952,1.4270154237747192,0.632727324962616,0.9520025849342346,1.2915095090866089,6.715585708618164
CA,3usu,A,6ety,A,0,[1],[1],CA,CA,16.9877543414706,2.3939335346221924,1.3349121809005735,0.7267074584960938,0.931845724582672,0.9496086835861206,6.294615745544434
NAI,4cuk,A,6tir,A,0,[44],[44],NAI,NAI,17.640963971026668,2.0372090339660645,1.5972501039505005,0.7066800594329834,0.7950571179389954,1.026713252067566,6.382181167602539
FDA,4cy8,A,4n5f,A,0,[53],[53],FDA,FDA,3.37520312476183,2.596432685852051,1.6580183506011963,0.7039864659309387,0.620383083820343,1.2646665573120115,2.5234780311584477
CA,3dzc,A,4crq,A,0,[1],[1],CA,CA,51.955696468042696,2.3738338947296143,1.545706868171692,0.7306999564170837,0.913864254951477,0.9369181990623474,8.385943412780762
CA,2e3x,B,2zew,B,0,[1],[1],CA,CA,33.6464110244883,2.4227569103240967,1.5242727994918823,0.7328982949256897,0.725048303604126,1.3082647323608398,7.708860874176025
CA,2frh,A,2je9,A,0,[1],[1],CA,CA,30.60271199487944,2.500840425491333,1.3898171186447144,0.7365866303443909,0.9911296963691713,1.3322519063949585,7.537110328674316
TYD,1epz,A,4g2t,A,0,[25],[25],TYD,TYD,8.165903398873969,2.4146969318389893,1.7014930248260498,0.6668118834495544,0.8721775412559509,1.1683728694915771,4.495181560516357
NAI,3x2f,A,8ct0,H,0,[44],[44],NAI,NAI,10.072427785653877,2.471809864044189,1.5123838186264038,0.7241532206535339,0.7708272337913513,1.0290586948394775,5.018041610717773
NAI,4yai,A,8ct0,H,0,[44],[44],NAI,NAI,10.18555698618463,2.8873062133789062,1.4523913860321045,0.7638347148895264,0.6961169242858887,0.9005540609359741,5.045962810516357
CA,1axk,B,4xer,A,0,[1],[1],CA,CA,25.790813844938196,2.5585782527923584,1.5562328100204468,0.7058030366897583,0.8689620494842529,0.9891201853752136,7.205986976623535
CA,5aqe,A,8gyr,B,0,[1],[1],CA,CA,71.64998096139873,2.2778005599975586,1.6458137035369873,0.6951525211334229,0.9234917163848876,1.0988075733184814,8.775259971618652
CA,1g1i,A,2olg,A,0,[1],[1],CA,CA,14.503063186681583,1.718757390975952,1.754871487617493,0.6622759699821472,0.8171993494033813,1.239999294281006,5.918877601623535
CA,1fny,A,2bl0,B,0,[1],[1],CA,CA,36.806089751816245,2.4090709686279297,1.4484124183654783,0.6889607310295105,0.8943699598312378,0.9776613712310792,7.863525867462158
TTP,2j87,D,4a6a,A,0,[29],[29],TTP,TTP,19.153778720368383,2.5389249324798584,1.5317789316177368,0.6574828624725342,0.9006212949752808,1.3472800254821775,6.569912910461426
CA,2ra3,A,4b56,A,0,[1],[1],CA,CA,28.438530027993764,2.2371654510498047,1.633492112159729,0.6797133684158325,0.8014662861824036,1.260165452957153,7.398443698883057
CA,2vhd,A,4w65,A,0,[1],[1],CA,CA,32.962875554768885,2.404033660888672,1.67465341091156,0.6974926590919495,0.6744092106819153,1.0407240390777588,7.6724090576171875
CA,2qim,A,5o8x,A,0,[1],[1],CA,CA,11.858808377914636,2.463841199874878,1.537625074386597,0.7027228474617004,0.9777053594589232,1.182342767715454,5.425185203552246
K,6cq6,B,6dwo,A,0,[1],[1],K,K,26.730002208544384,1.6882987022399902,1.7524234056472778,0.713405430316925,0.9479207396507264,1.194664716720581,7.277430057525635
CA,1x8k,A,2m7p,A,0,[1],[1],CA,CA,31.024011881038593,2.535128355026245,1.6525098085403442,0.6769163012504578,0.7457765340805054,1.3258056640625,7.562403202056885
PQQ,1otw,A,6oc6,A,0,[24],[24],PQQ,PQQ,8.870591051201101,2.406921863555908,1.3124511241912842,0.7347716689109802,0.7965487837791443,1.134248971939087,4.700748920440674
TYD,3vbm,E,4rii,A,0,[25],[25],TYD,TYD,17.934550243047607,2.6427886486053467,1.4573599100112915,0.7025871872901917,0.7987887859344482,1.0982893705368042,6.420203685760498
TYD,3vbm,E,4lei,A,0,[25],[25],TYD,TYD,20.17759312789307,2.359654426574707,1.717010736465454,0.7448179721832275,0.6632262468338013,1.030144214630127,6.686283111572266
CA,2bl0,C,2yfr,A,0,[1],[1],CA,CA,50.76228688383048,2.1882123947143555,1.4474294185638428,0.6866781711578369,0.8594105839729309,1.077202081680298,8.354242324829102
IPE,1x07,A,4dxj,A,0,[14],[14],IPE,IPE,12.774568959806503,2.5373282432556152,1.3190215826034546,0.6912351846694946,0.9509881734848022,1.101423263549805,5.609137535095215
RBF,2fl5,H,6n7f,A,0,[27],[27],RBF,RBF,18.07465093636298,2.484800338745117,1.575879454612732,0.7015539407730103,0.7890627384185791,0.9953882098197936,6.43806791305542
TYD,2v54,A,4zyj,D,0,[25],[25],TYD,TYD,15.778080214292878,2.29290509223938,1.4223142862319946,0.7164063453674316,0.5102118849754333,1.160765528678894,6.120735168457031
RBF,1hze,A,6n7f,A,0,[27],[27],RBF,RBF,22.818129693106222,1.6002449989318848,1.5789178609848022,0.7277082204818726,0.6107543110847473,1.0867863893508911,6.952903747558594
TYD,3oth,A,4zyj,D,0,[25],[25],TYD,TYD,21.424447737004378,2.255499124526977,1.406729817390442,0.7036601901054382,0.4547004997730255,1.034582257270813,6.8177642822265625
K,6dwo,A,6npl,A,0,[1],[1],K,K,25.0952892716607,1.9159958362579343,1.6350127458572388,0.6560711860656738,0.7196351289749146,1.4537646770477295,7.150614738464356
TYD,3rsc,A,4zyj,D,0,[25],[25],TYD,TYD,23.335813071015234,2.427703857421875,1.659277319908142,0.700375497341156,0.8688883185386658,1.0594029426574707,7.000223159790039
K,1d7r,A,6cq6,B,0,[1],[1],K,K,38.67656684477084,1.904384970664978,1.459865927696228,0.647443950176239,0.6184788942337036,1.1337881088256836,7.945623397827148
CA,6ll7,A,7ehg,E,0,[1],[1],CA,CA,17.117928707645692,2.222813129425049,1.6204622983932495,0.7275095582008362,0.8410374522209167,1.1774970293045044,6.312402725219727
SF4,1isu,A,4g9p,A,0,[8],[8],SF4,SF4,2.7564184252105006,2.4884207248687744,1.172410249710083,0.5905821323394775,0.9983763098716736,0.8943248987197876,2.16080904006958
CA,2afh,B,2kpn,A,0,[1],[1],CA,CA,34.537046849280095,2.1313493251800537,1.4578073024749756,0.6408690810203552,0.5718001127243042,1.3994011878967283,7.754678249359131
TYD,2pae,A,3wag,B,0,[25],[25],TYD,TYD,9.437317017921817,2.154826641082764,1.5709904432296753,0.7016821503639221,0.7010180950164795,0.9182592034339904,4.855257034301758
K,3zd9,A,6dwo,A,0,[1],[1],K,K,31.583921256032898,2.219667911529541,1.7459547519683838,0.7013585567474365,0.8882912397384644,1.2814033031463623,7.595224380493164
CA,4i72,A,5ngy,A,0,[1],[1],CA,CA,12.933574441011402,2.531575918197632,1.5599855184555054,0.6869748830795288,0.6879309415817261,1.305413842201233,5.639580726623535
CA,3gzk,A,6fz1,A,0,[1],[1],CA,CA,21.781131317178616,2.143223762512207,1.6890408992767334,0.7249324917793274,0.7328340411186218,1.249326229095459,6.853478908538818
CA,3nqy,B,4ll2,B,0,[1],[1],CA,CA,15.486709832538812,2.125385284423828,1.5832746028900146,0.7036151885986328,0.9469319581985474,1.2561920881271362,6.076386451721191
TTP,3mx2,B,4xjc,A,0,[29],[29],TTP,TTP,52.50095368886855,2.403297185897827,1.414238214492798,0.6296277046203613,0.6815632581710815,1.3366597890853882,8.4000244140625
TYD,4lei,A,4mzu,F,0,[25],[25],TYD,TYD,39.07497912065977,2.320378303527832,1.5433200597763062,0.7019932270050049,0.7314965128898621,1.033841609954834,7.962301731109619
K,3fd5,B,6dwo,A,0,[1],[1],K,K,12.66265245121453,2.4283134937286377,1.4986841678619385,0.7438335418701172,0.8271927833557129,1.2585548162460327,5.587453842163086
TYD,3oti,A,4zyj,D,0,[25],[25],TYD,TYD,18.55255051644784,2.3820104598999023,1.5899964570999146,0.731026828289032,0.513827919960022,1.06476628780365,6.49768590927124
K,3fd5,B,6npl,A,0,[1],[1],K,K,13.48505497926589,1.8485817909240725,1.4510327577590942,0.6684458255767822,0.8990651965141296,1.4041985273361206,5.741972923278809
FDA,3itg,A,7e8p,D,0,[53],[53],FDA,FDA,7.397297434063878,2.6273722648620605,1.550477147102356,0.7269098162651062,0.7454455494880676,1.054660677909851,4.251980781555176
FDA,4tlx,A,7e8p,D,0,[53],[53],FDA,FDA,6.881845627556645,2.5726985931396484,1.5116236209869385,0.7480348944664001,0.8049306273460388,1.2161555290222168,4.07647705078125
FDA,4jnq,A,7e8p,D,0,[53],[53],FDA,FDA,5.005970648316489,2.39359188079834,1.71203351020813,0.7223642468452454,0.8295142650604248,1.1129236221313477,3.3359858989715576
TYD,1epz,A,3wag,B,0,[25],[25],TYD,TYD,8.232380185995053,2.145120620727539,1.535566806793213,0.7225004434585571,0.8709819316864014,1.1290283203125,4.515252590179443
K,2qv6,A,6dwo,A,0,[1],[1],K,K,19.28754993675074,2.024090051651001,1.5131933689117432,0.6612664461135864,0.862682044506073,1.2384012937545776,6.585579872131348
TYD,4zyj,D,6vlo,A,0,[25],[25],TYD,TYD,23.122990474948,1.8670721054077148,1.6463340520858765,0.684700071811676,0.7272331118583679,0.9753519892692566,6.980948925018311
RBF,2cc8,A,5kbw,B,0,[27],[27],RBF,RBF,11.304907717933306,2.430214166641236,1.6360204219818115,0.715427041053772,0.8729832172393799,1.0674870014190674,5.306245803833008
TYD,4lei,A,5tpu,A,0,[25],[25],TYD,TYD,13.204649622462155,2.137483596801758,1.6644909381866455,0.7413310408592224,0.8717737793922424,1.0292234420776367,5.690518856048584
PC,1b09,A,5tcd,A,0,[11],[11],PC,PC,19.7092262632058,2.281569719314575,1.4178521633148191,0.684177577495575,0.9701383709907532,0.9206541180610656,6.634042263031006
TYD,1epz,A,1pn3,A,0,[25],[25],TYD,TYD,9.889542794650945,2.5333614349365234,1.5369263887405396,0.7279291749000549,0.8060732483863831,1.1998274326324463,4.972232341766357
PQQ,1otw,A,7wmk,A,0,[24],[24],PQQ,PQQ,10.13823410762448,2.378351211547852,1.534701943397522,0.7518818378448486,0.8358379602432251,1.1534242630004885,5.034321308135986
M6P,1syo,A,7kma,B,0,[16],[16],M6P,M6P,41.10283474682415,1.831089735031128,1.6280337572097778,0.6285622715950012,0.6707960963249207,1.044677972793579,8.043161392211914
TYD,3oti,A,5tpv,B,0,[25],[25],TYD,TYD,10.650316713708296,1.9444055557250977,1.51782488822937,0.7461221218109131,0.5628483295440674,1.0328037738800049,5.157459259033203
SIA,2wbv,B,5xla,A,0,[21],[21],SIA,SIA,98.52902850530576,2.155734777450561,1.55575430393219,0.5080395936965942,0.9779940247535706,1.6055383682250977,9.078587532043455
K,1jjw,A,6npl,A,0,[1],[1],K,K,19.838782654522955,2.349011182785034,1.4937058687210083,0.6758587956428528,0.9662070870399476,1.048629879951477,6.648656845092773
TYD,1pn3,A,4zyj,D,0,[25],[25],TYD,TYD,22.038307522238814,2.020009279251098,1.6921602487564087,0.7511517405509949,0.7501492500305176,1.018630027770996,6.87873649597168
TYD,3vbm,E,5h56,B,0,[25],[25],TYD,TYD,28.07198005514137,2.8754894733428955,1.5678807497024536,0.7086196541786194,0.7351718544960022,1.1169472932815552,7.373396396636963
PQQ,1otw,A,8gy2,A,0,[24],[24],PQQ,PQQ,8.12375753881137,2.1501481533050537,1.4503188133239746,0.7013445496559143,0.5677284598350525,0.9808830618858336,4.482380390167236
FDA,3swo,A,4cy8,A,0,[53],[53],FDA,FDA,3.3216976494910737,2.5501954555511475,1.5855445861816406,0.7075735330581665,0.7262053489685059,1.22956383228302,2.493449211120605
SF4,1pih,A,3pdi,A,0,[8],[8],SF4,SF4,6.301302093586089,2.308933019638061,1.5879217386245728,0.6342363953590393,0.9813643097877502,0.9810539484024048,3.865520715713501
TYD,1r66,A,4zyj,D,0,[25],[25],TYD,TYD,25.324083821664203,2.349299430847168,1.4929521083831787,0.6937779188156128,0.8864631652832031,1.083099126815796,7.169070243835449
K,2gj8,D,6dwo,A,0,[1],[1],K,K,19.86819495667147,2.147618770599365,1.4997801780700684,0.7133751511573792,0.7584371566772461,1.3895479440689087,6.651957035064697
TYD,1h7q,A,3vbm,E,0,[25],[25],TYD,TYD,32.80231356575801,2.470982551574707,1.6129733324050903,0.7191448211669922,0.7430102229118347,1.0904911756515503,7.66367769241333
TYD,1epz,A,2v54,A,0,[25],[25],TYD,TYD,8.638831141140829,2.6364893913269043,1.5482960939407349,0.7838699817657471,0.8913968801498413,0.9570308327674866,4.634856700897217
PQQ,1otw,A,4mh1,B,0,[24],[24],PQQ,PQQ,11.757379128207553,2.4037671089172363,1.571910738945007,0.7457281351089478,0.844373345375061,1.2519620656967163,5.403858184814453
DGT,4lrl,C,5hrf,A,0,[31],[31],DGT,DGT,26.318559083778776,2.4377810955047607,1.486458420753479,0.7040165066719055,0.7963268756866455,0.9641608595848083,7.246586799621582
TYD,1h7q,A,4mzu,F,0,[25],[25],TYD,TYD,8.198185658717028,2.4638442993164062,1.5730292797088623,0.6945753693580627,0.725785493850708,1.0703996419906616,4.504946708679199
TYD,2pae,A,5h56,B,0,[25],[25],TYD,TYD,6.242662819827825,2.666287660598755,1.557808756828308,0.7701194286346436,0.817991316318512,1.052480697631836,3.843374013900757
PQQ,1otw,A,6zcv,A,0,[24],[24],PQQ,PQQ,6.576264596498978,2.082115173339844,1.5916430950164795,0.7387845516204834,0.8431490063667297,1.0167601108551023,3.967277765274048
TYD,1epz,A,6b5e,B,0,[25],[25],TYD,TYD,29.014451416017753,2.330596446990967,1.5485947132110596,0.7490248680114746,0.856467068195343,0.958667814731598,7.43684720993042
TYD,1epz,A,3hjn,A,0,[25],[25],TYD,TYD,7.482615769960457,2.880868911743164,1.4099607467651367,0.7824365496635437,0.9315956830978394,0.9728585481643676,4.280032157897949
TTP,4xjc,A,7t18,A,0,[29],[29],TTP,TTP,17.0911614160946,2.4823334217071533,1.5280686616897583,0.6864882707595825,0.8300755023956299,1.3253778219223022,6.3087592124938965
TYD,1epz,A,1h7q,A,0,[25],[25],TYD,TYD,11.996472009027025,2.309699773788452,1.6464107036590576,0.6885517835617065,0.7592283487319946,1.0006240606307983,5.4538164138793945
TYD,1epz,A,3oti,A,0,[25],[25],TYD,TYD,6.071866152899809,2.1997621059417725,1.474439263343811,0.7347223162651062,0.82225501537323,1.1519575119018557,3.777947187423706
FDA,4cy8,A,4xvx,B,0,[53],[53],FDA,FDA,3.8454566211922265,2.4295814037323,1.7413945198059082,0.726614773273468,0.8222776055335999,1.120977520942688,2.777414083480835
K,2fxi,A,6dwo,A,0,[1],[1],K,K,17.155564337707347,2.0731143951416016,1.7223830223083496,0.6986018419265747,0.939212203025818,1.157823085784912,6.317513465881348
SIA,4d62,A,5xla,A,0,[21],[21],SIA,SIA,58.266533333593735,2.289926052093506,1.4866341352462769,0.6226562261581421,0.9629032611846924,1.5493428707122805,8.53515338897705
K,4jay,A,6cq6,B,0,[1],[1],K,K,11.324554395381867,2.269418239593506,1.5707958936691284,0.7574114203453064,0.9043504595756532,1.0142607688903809,5.310570240020752
TYD,4mzu,F,4rii,A,0,[25],[25],TYD,TYD,39.91521930162792,2.48199200630188,1.7159063816070557,0.6668092012405396,0.4318697452545166,1.049731731414795,7.996603012084961
TTP,4a6a,A,7t18,A,0,[29],[29],TTP,TTP,11.612407858926241,2.583444118499756,1.6802211999893188,0.6727743148803711,0.8711183071136475,1.332392930984497,5.37302827835083
TYD,1epz,A,4lxq,B,0,[25],[25],TYD,TYD,14.383693618830149,2.5452942848205566,1.43777334690094,0.7296136021614075,0.8673446178436279,1.1392674446105957,5.898898601531982
TYD,2pae,A,4lei,A,0,[25],[25],TYD,TYD,22.78712411473755,1.9687459468841555,1.5703802108764648,0.7440966963768005,0.6852143406867981,1.0068154335021973,6.950022220611572
TTP,3mx2,B,4a6a,A,0,[29],[29],TTP,TTP,52.553973873006434,2.280235290527344,1.5347704887390137,0.6620565056800842,0.8808058500289917,1.1341015100479126,8.40138053894043
FDA,3rha,A,7e8p,D,0,[53],[53],FDA,FDA,6.724663094637506,2.633702754974365,1.3612165451049805,0.7282103896141052,0.8906691074371338,1.1411806344985962,4.020806312561035
TYD,3oti,A,5tpu,A,0,[25],[25],TYD,TYD,8.722650685210956,2.117758274078369,1.5476202964782717,0.7452229857444763,0.7296125888824463,0.9962553977966307,4.658875942230225
TYD,3vbm,E,3wag,B,0,[25],[25],TYD,TYD,18.607480075113408,2.287504911422729,1.5594626665115356,0.7251696586608887,0.7102084755897522,1.0818233489990234,6.504410743713379
RBF,2fl5,H,4d1y,A,0,[27],[27],RBF,RBF,19.212460182277,2.8927581310272217,1.5002156496047974,0.7532961964607239,0.8086713552474976,1.129564881324768,6.576803207397461
TTP,1cr1,A,4a6a,A,0,[29],[29],TTP,TTP,11.876128541782672,2.204829216003418,1.471890568733215,0.6681653261184692,0.8255876302719116,1.1662136316299438,5.428807258605957
FDA,4cy8,A,4m9a,B,0,[53],[53],FDA,FDA,3.3844616322996433,2.5298545360565186,1.646292805671692,0.6936979293823242,0.6309016346931458,1.2835232019424438,2.5286498069763184
K,1jjw,A,6dwo,A,0,[1],[1],K,K,11.797023409678362,2.202730417251587,1.5051954984664917,0.699581503868103,0.558691680431366,1.3183374404907229,5.412217617034912
K,3crl,B,6dwo,A,0,[1],[1],K,K,21.37723353951734,2.0897116661071777,1.4591290950775146,0.7603591084480286,0.9023706912994384,0.9585567712783812,6.812975883483887
TYD,1epz,A,4lei,A,0,[25],[25],TYD,TYD,8.873692133084715,2.219920873641968,1.7607837915420532,0.7349227666854858,0.8393027782440186,1.1300603151321411,4.701619625091553
TYD,4rii,A,5tpu,A,0,[25],[25],TYD,TYD,12.475005736230287,2.3025054931640625,1.5456843376159668,0.704831600189209,0.6601083874702454,1.046729326248169,5.550612926483154
K,1gup,A,6npl,A,0,[1],[1],K,K,45.31663245566417,1.537179946899414,1.4257230758666992,0.6057047843933105,0.5452798008918762,1.2060446739196775,8.192225456237793
TYD,1h7q,A,2pae,A,0,[25],[25],TYD,TYD,9.539388346871398,2.224662065505981,1.392864465713501,0.7044250965118408,0.4264018535614013,1.08432137966156,4.882132530212402
TYD,4g2t,A,4zyj,D,0,[25],[25],TYD,TYD,20.683775765114795,2.14057993888855,1.5792570114135742,0.7089754939079285,0.568493664264679,0.9983997941017152,6.740948677062988
TYD,3wag,B,4zyj,D,0,[25],[25],TYD,TYD,17.32789204114915,2.032242774963379,1.5345935821533203,0.7428485751152039,0.6276542544364929,1.0082285404205322,6.340734958648682
RBF,1kyv,E,3a35,A,0,[27],[27],RBF,RBF,21.303892491983902,2.5412933826446533,1.6346166133880615,0.7273236513137817,0.90887188911438,1.15516459941864,6.805509090423584
PQQ,1otw,A,1w6s,C,0,[24],[24],PQQ,PQQ,7.685441222728488,2.1805524826049805,1.67353355884552,0.7335763573646545,0.4082910120487213,1.048522710800171,4.3456315994262695
K,2fxi,A,6cq6,B,0,[1],[1],K,K,5.63723877563255,2.0923218727111816,1.7577252388000488,0.6922846436500549,0.4564163088798523,1.127922296524048,3.605009078979492
TYD,1rrv,A,4zyj,D,0,[25],[25],TYD,TYD,20.062036263627096,2.0092344284057617,1.578786849975586,0.730215847492218,0.7356467247009277,1.03410804271698,6.6735453605651855
SIA,4k6u,B,5xla,A,0,[21],[20],SIA,SIA,29.776856061841798,2.451113224029541,1.4334025382995603,0.6222380995750427,0.9949323534965516,1.176988959312439,7.48597526550293
K,2ib8,D,6npl,A,0,[1],[1],K,K,65.01697328272947,2.22766375541687,1.6001276969909668,0.5362981557846069,0.9587317109107972,1.2797678709030151,8.66696834564209
TYD,1epz,A,5h56,B,0,[25],[25],TYD,TYD,7.358344201860014,2.6493866443634038,1.434132695198059,0.7740527987480164,0.8908615708351135,0.980045199394226,4.239081859588623
TYD,4mzu,F,5h56,B,0,[25],[25],TYD,TYD,5.82183655047098,2.561488389968872,1.6821683645248413,0.7030578851699829,0.8514350652694702,1.1444672346115112,3.6796212196350098
TYD,4lxq,B,4zyj,D,0,[25],[25],TYD,TYD,25.229324262509838,2.127124309539795,1.6227118968963623,0.6885514855384827,0.6807072758674622,1.278507947921753,7.161455631256104
TYD,4rii,A,4zyj,D,0,[25],[25],TYD,TYD,18.44609191640195,2.225450038909912,1.5848588943481443,0.696690022945404,0.8471607565879822,1.0345150232315063,6.484578609466553
SIA,4fvv,B,5xla,A,0,[21],[21],SIA,SIA,54.24909071301823,2.181277275085449,1.5315093994140625,0.610565185546875,0.70780348777771,1.0876860618591309,8.443557739257812
SIA,3r4s,A,5xla,A,0,[21],[21],SIA,SIA,28.057263955451006,2.116063117980957,1.5530717372894287,0.621914803981781,0.6657093167304993,0.905423104763031,7.37238073348999
K,1jjw,A,6cq6,B,0,[1],[1],K,K,15.845443373126928,1.8304407596588133,1.694583296775818,0.6716023683547974,0.7212977409362793,1.1369389295578003,6.13084602355957
TYD,4zyj,D,6b5e,B,0,[25],[25],TYD,TYD,22.468357644389346,2.277501583099365,1.6883240938186646,0.690231442451477,0.8457896709442139,1.1210206747055054,6.920078277587891
TYD,3wag,B,5tpv,B,0,[25],[25],TYD,TYD,5.909056858163211,2.102086305618286,1.4230345487594604,0.695558488368988,0.7750009894371033,1.0492993593215942,3.7142722606658936
TYD,4e2x,A,4zyj,D,0,[25],[25],TYD,TYD,36.77171437466937,2.2199506759643555,1.6983648538589478,0.7127882242202759,0.6276776194572449,1.174201488494873,7.861955642700195
TYD,3hjn,A,4zyj,D,0,[25],[25],TYD,TYD,20.179616866089063,2.0311098098754883,1.4359475374221802,0.7424895167350769,0.3539868891239166,1.2201727628707886,6.686505317687988
TYD,1epz,A,1r66,A,0,[25],[25],TYD,TYD,16.359876865435734,2.398433923721313,1.7780866622924805,0.6815673112869263,0.7591556906700134,1.3323824405670166,6.206355571746826
TYD,2pae,A,4rii,A,0,[25],[25],TYD,TYD,6.555062294662934,2.7070975303649902,1.678158402442932,0.7743330001831055,0.7767789363861084,0.9846441745758056,3.9595515727996826
SIA,4nfd,A,5xla,A,0,[21],[21],SIA,SIA,95.43114543114542,2.1569128036499023,1.743234157562256,0.6034708619117737,0.943636953830719,1.13678240776062,9.051513671875
SIA,5egc,A,5xla,A,0,[21],[21],SIA,SIA,83.32687761670135,2.403394222259521,1.6946322917938232,0.6060768961906433,0.9883997440338136,2.368896961212158,8.928497314453125
SIA,5xla,A,6g47,A,0,[21],[21],SIA,SIA,36.87807286743139,2.358706474304199,1.4429255723953247,0.662539005279541,0.9701959490776062,0.979967474937439,7.866806507110596
1GP,3ew5,A,4jej,A,1,[10],[10],1GP,1GP,4.361735767666283,2.5282907485961914,1.5579174757003784,0.727659285068512,0.77308589220047,1.1268967390060425,3.037053346633911
AZM,3ucj,A,4xiw,C,1,[13],[13],AZM,AZM,6.325486522816367,2.5021560192108154,1.5867332220077517,0.70881187915802,0.6144627332687378,1.013641595840454,3.874608278274536
NAI,4fju,A,6ct6,B,1,[44],[44],NAI,NAI,3.7883029555159595,3.1661033630371094,1.4754807949066162,0.7534811496734619,0.6919249296188354,0.9594624638557434,2.747475862503052
SAM,2obv,A,6clx,B,1,[27],[27],SAM,SAM,6.638555601951134,2.482570171356201,1.5302656888961792,0.6575950384140015,0.4386352598667145,1.1907498836517334,3.98986291885376
SF4,2a5h,B,7mi4,A,1,[8],[8],SF4,SF4,30.024100510656762,2.1992738246917725,1.658621311187744,0.7227729558944702,0.7713506817817688,0.99589604139328,7.501505374908447
NAI,1t2e,A,3fhm,A,1,[44],[44],NAI,NAI,5.83996405940772,2.897794723510742,1.3871502876281738,0.730350911617279,0.8089991211891174,1.1365325450897217,3.686854362487793
SAM,2obv,A,3uj7,A,1,[27],[27],SAM,SAM,6.286392974914988,2.4300153255462646,1.697326421737671,0.6757302284240723,0.5198450684547424,1.202151894569397,3.859905004501343
AZM,3ucj,A,4g7a,B,1,[13],[13],AZM,AZM,5.818258143785389,2.4870448112487797,1.5561060905456543,0.7125757336616516,0.5573984980583191,1.0830732583999634,3.6781914234161377
COM,1e6v,A,4pom,A,1,[7],[7],COM,COM,45.158453991925406,2.213930130004883,1.4829753637313845,0.6716189980506897,0.9112280011177064,1.0448054075241089,8.187041282653809
VN4,3e81,A,4ri5,A,1,[4],[4],VN4,VN4,5.8031079981253155,2.573465347290039,2.071777582168579,0.7075252532958984,0.5845034122467041,1.037928342819214,3.672130823135376
KH2,4dmo,A,5kkw,A,1,[14],[14],KH2,KH2,30.765908097326463,2.515550136566162,1.4658191204071045,0.6373660564422607,0.902521789073944,1.2377008199691772,7.546969890594482
A2P,1h1h,A,3jqp,D,1,[27],[27],A2P,A2P,12.82811706394,2.096769332885742,1.4644304513931274,0.7098286747932434,0.7958415746688843,1.3000164031982422,5.619437217712402
NAI,3afo,A,5bwm,B,1,[44],[44],NAI,NAI,5.571498085984302,2.3446044921875,1.4981741905212402,0.7293901443481445,0.8119012713432312,1.1544113159179688,3.578010320663452
K,1d7r,A,2qv6,A,1,[1],[1],K,K,35.08107987263851,2.527738094329834,1.8819345235824585,0.6818174123764038,0.9193400740623474,1.0570075511932373,7.781774520874023
CA,1sui,A,7tz2,A,1,[1],[1],CA,CA,18.632004110039958,2.67516565322876,1.5077687501907349,0.7617576122283936,0.7622596621513367,1.0782846212387085,6.507404804229736
SAM,3ku1,A,5v3h,A,1,[27],[27],SAM,SAM,3.1566422504320535,2.994171380996704,1.6092082262039185,0.7337454557418823,0.566892683506012,1.1117128133773804,2.3992764949798584
NAI,1wnb,A,3fhm,A,1,[44],[44],NAI,NAI,14.616962240528206,2.780726432800293,1.5395872592926023,0.6897850632667542,0.8619120121002197,1.1986041069030762,5.937760353088379
SAM,2obv,A,4a6d,A,1,[27],[27],SAM,SAM,8.657491084732143,2.319180011749268,1.804160594940185,0.6635416746139526,0.7976462841033936,1.2651900053024292,4.640222549438477
TFA,2ra4,B,5v7y,A,1,[7],[7],TFA,TFA,15.620801263330375,2.388414144515991,1.6206084489822388,0.7448758482933044,0.6657757759094238,1.0921674966812134,6.096921443939209
CA,3u48,B,3vyk,A,1,[1],[1],CA,CA,43.2489672175686,2.297224998474121,1.6579877138137815,0.678535521030426,0.6681779623031616,1.1572561264038086,8.122029304504395
TYD,1h7q,A,5h56,B,1,[25],[25],TYD,TYD,13.516193151172482,2.724174737930298,1.4543685913085938,0.7004714012145996,0.8249698877334595,1.108214259147644,5.747611045837402
M6P,3c0o,A,4rzc,A,1,[16],[16],M6P,M6P,13.2226004526141,2.290745496749878,1.6103330850601196,0.6777076721191406,0.9282820224761964,1.1770837306976318,5.693850040435791
AZM,3ucj,A,4x5s,A,1,[13],[13],AZM,AZM,6.564868302846878,2.576070785522461,1.6318713426589966,0.7222002148628235,0.4739480316638946,0.9525742530822754,3.963127374649048
HEM,2nwb,A,351c,A,1,[43],[43],HEM,HEM,9.164882902096844,2.293939113616944,1.6791971921920776,0.6934949159622192,0.73643559217453,1.2833199501037598,4.78212308883667
A2P,3jqp,D,5jh2,A,1,[27],[27],A2P,A2P,3.9410976472529735,3.320056438446045,1.4683102369308472,0.7312250733375549,0.8440849184989929,1.1178956031799316,2.8269636631011963
NAI,3uh1,A,7wmz,C,1,[44],[44],NAI,NAI,6.730608539953739,2.4595155715942383,1.5600879192352295,0.6791920065879822,0.8853316903114319,1.4186469316482544,4.022931098937988
FUL,3t5o,A,6tr4,A,1,[11],[10],FUL,FUL,62.68255793561838,1.7975105047225952,1.5215578079223633,0.5445214509963989,0.3275459110736847,0.96895831823349,8.624154090881348
QUE,1e8w,A,3bpt,A,1,[22],[22],QUE,QUE,9.432641357817863,2.1851072311401367,2.0330519676208496,0.7055068016052246,0.7745048403739929,1.3279181718826294,4.854019165039063
NAI,2q1s,A,4fju,A,1,[44],[44],NAI,NAI,3.952050736278251,3.224480152130127,1.4854795932769775,0.7179868817329407,0.8963881134986877,1.1047859191894531,2.832594871520996
TYD,3wag,B,6b5e,B,1,[25],[25],TYD,TYD,25.16154527898673,3.056525707244873,1.411914348602295,0.7402412295341492,0.7931757569313049,1.050822377204895,7.155983924865723
CAA,1dub,A,3vzs,B,1,[54],[54],CAA,CAA,23.94264351785388,3.119934558868408,1.341529130935669,0.7350625395774841,0.794734001159668,1.187315583229065,7.053853511810303
TYD,1h7q,A,4rii,A,1,[25],[25],TYD,TYD,3.4368801530937265,3.167320966720581,1.4117227792739868,0.7405679821968079,0.6622297167778015,1.1194720268249512,2.5577962398529053
TYD,4mzu,F,4zyj,D,1,[25],[25],TYD,TYD,20.527203123360117,1.7978410720825195,1.709257960319519,0.709033727645874,0.6145933270454407,1.2534924745559692,6.724233150482178
COM,3sqg,A,4pom,A,1,[7],[7],COM,COM,24.952515857075404,2.4422101974487305,0.8489059209823608,0.6966108679771423,0.9098209142684937,0.8809744715690613,7.138975620269775
NAI,4y9d,A,7wmz,C,1,[44],[27],NAI,NAI,6.23839425148306,2.5496506690979004,1.6015082597732544,0.7033784985542297,0.5898435711860657,1.2630157470703125,3.841755628585816
SAM,3nk7,B,4k36,A,1,[27],[27],SAM,SAM,9.563410286809406,2.3919501304626465,1.8294538259506223,0.7072970271110535,0.7972040772438049,1.3921178579330444,4.888416767120361
03S,5ei5,A,7jw9,A,1,[5],[4],03S,03S,14.944951422127911,2.7546517848968506,1.5007460117340088,0.7260940074920654,0.9473630785942078,1.4602539539337158,5.991172790527344
COM,2c3c,A,4pom,A,1,[7],[7],COM,COM,20.93881050739807,2.2343997955322266,1.448609709739685,0.7172166109085083,0.5245347619056702,1.2782436609268188,6.767813682556152
AMZ,1p4r,A,4tx9,A,1,[22],[22],AMZ,AMZ,49.2592257694805,2.6943514347076416,1.577612042427063,0.7305411696434021,0.8505678772926331,1.1156857013702393,8.312499046325684
ENO,3gac,E,4jb0,A,1,[13],[13],ENO,ENO,13.182822828638846,2.2306995391845703,1.610175609588623,0.6849345564842224,0.7889478206634521,1.221444010734558,5.686461448669434
NAI,3q2i,A,5bwm,B,1,[44],[44],NAI,NAI,4.2346312844405,3.041553020477295,1.4300947189331057,0.7307655811309814,0.862421452999115,1.0104525089263916,2.974879503250122
RUB,5yfj,A,9rub,A,1,[18],[18],RUB,RUB,21.692236735485874,2.697110176086426,1.672412633895874,0.7185560464859009,0.822691798210144,0.9858437180519104,6.844653129577637
3CX,3oqj,B,5m85,A,1,[15],[15],3CX,3CX,8.591547248052041,2.258646011352539,1.654369235038757,0.7073399424552917,0.7866649031639099,1.2788769006729126,4.621211528778076
SKM,3slh,D,4fos,A,1,[12],[12],SKM,SKM,11.154218407274426,2.161141395568848,1.5704399347305298,0.7004174590110779,0.8097116947174072,1.230787754058838,5.272810459136963
BPY,1kmy,A,3zv5,A,1,[14],[14],BPY,BPY,16.569477822808746,2.561896324157715,1.471338152885437,0.7253987193107605,0.8342990279197693,1.09256911277771,6.236282825469971
SAM,1wg8,A,2obv,A,1,[27],[27],SAM,SAM,7.827776944685021,2.4555118083953857,1.6384789943695068,0.7259936928749084,0.7742364406585693,1.123340368270874,4.390775680541992
CA,1m1j,B,3pgv,A,1,[1],[1],CA,CA,13.264504455933489,2.0355286598205566,1.5532490015029907,0.7427343130111694,0.7151963710784912,0.939403235912323,5.701606273651123
AND,1coy,A,1j99,A,1,[21],[21],AND,AND,7.694192768349856,2.443709373474121,1.4303317070007324,0.7500383853912354,0.9171125292778016,1.0688717365264893,4.348428249359131
FUL,1n04,A,6tr4,A,1,[11],[11],FUL,FUL,52.19430024769152,2.312028408050537,1.800308346748352,0.6582361459732056,0.8336322903633118,1.050007700920105,8.392135620117188
CA,3upt,A,7ym0,A,1,[1],[1],CA,CA,2.8621948827200963,2.9243905544281006,1.5564475059509275,0.7567556500434875,0.7707005143165588,1.1036317348480225,2.2252771854400635
RBF,2cc8,A,4d1y,A,1,[27],[27],RBF,RBF,19.060252349975368,2.626893997192383,1.4826198816299438,0.7099723219871521,0.8992931842803955,1.1218618154525757,6.558873653411865
CA,1ckl,A,1e8u,B,1,[1],[1],CA,CA,26.402025590314043,2.2969014644622803,1.3097506761550903,0.6660877466201782,0.7143640518188477,1.339098334312439,7.252900123596191
IMH,2ff2,B,3mb8,A,1,[19],[19],IMH,IMH,8.780537430113169,2.720573902130127,1.5226248502731323,0.7207654714584351,0.5106716752052307,1.1157546043395996,4.675338745117188
CA,4kc8,A,5lf2,A,1,[1],[1],CA,CA,16.22958693083295,2.1953463554382324,1.7729547023773191,0.7214213013648987,0.4900157451629638,1.1807639598846436,6.187511444091797
CA,1ckl,A,3fz3,B,1,[1],[1],CA,CA,26.79432864515977,2.0832300186157227,1.5049339532852173,0.6863624453544617,0.9077410697937012,1.2539424896240234,7.282189846038818
NAI,4eue,A,4fju,A,1,[44],[44],NAI,NAI,3.8154526330989773,3.3344390392303467,1.445012092590332,0.7197791337966919,0.8844612836837769,1.1419533491134644,2.761728286743164
NAI,6jw7,A,7wmz,C,1,[44],[44],NAI,NAI,11.576983091744198,2.8513894081115723,1.7329539060592651,0.674011766910553,0.8212558031082153,1.5405170917510986,5.365431785583496
SKM,2aa9,A,4p4g,A,1,[12],[12],SKM,SKM,5.348601340230262,2.018868923187256,1.3901842832565308,0.7071707844734192,0.7930943369865417,1.3876817226409912,3.484748363494873
SKM,2aa9,A,2ev9,B,1,[12],[12],SKM,SKM,8.362320552409242,2.436379194259644,1.6051509380340576,0.7509028911590576,0.5961357951164246,1.2585711479187012,4.554065227508545
A2P,1h1h,A,5jh2,A,1,[27],[27],A2P,A2P,15.677779347745966,2.4736733436584477,1.4946439266204834,0.7160335779190063,0.7256019115447998,1.1101222038269043,6.105582237243652
DAN,1rv0,L,1sli,A,1,[20],[20],DAN,DAN,20.14553184895438,1.7820463180541992,1.4550529718399048,0.6203325986862183,0.5590892434120178,1.4525877237319946,6.682758808135986
NXL,6fj1,A,6mkq,A,1,[17],[17],NXL,NXL,3.381722695671017,2.4525725841522217,1.6190892457962036,0.7248899936676025,0.4513090252876282,1.250770092010498,2.527120590209961
NAI,4fju,A,5z20,F,1,[44],[44],NAI,NAI,4.086893240306122,3.032205581665039,1.385230541229248,0.7223254442214966,0.7820959687232971,0.9327340126037598,2.90120267868042
DAR,1bg0,A,6mp8,A,1,[12],[12],DAR,DAR,7.27601177616327,2.278322458267212,1.634664535522461,0.6732878088951111,0.7146674394607544,1.3278427124023438,4.211627006530762
SAM,2obv,A,3dlc,A,1,[27],[27],SAM,SAM,7.765732631294666,2.299896478652954,1.5824289321899414,0.7032060027122498,0.7708667516708374,1.1156100034713743,4.371186256408691
NAI,2gwl,A,6t3e,B,1,[44],[44],NAI,NAI,4.256065585928563,3.0404398441314697,1.5363277196884155,0.672897458076477,0.9139750003814696,1.1887601613998413,2.9854419231414795
K,2gj8,D,3fd5,B,1,[1],[1],K,K,10.38905961719763,3.0051469802856445,1.5548806190490725,0.702287495136261,0.8977938294410706,1.3380848169326782,5.095408916473389
SKM,2aa9,A,4fos,A,1,[12],[12],SKM,SKM,7.0703466266450175,2.0748205184936523,1.497451901435852,0.7307471632957458,0.7976663708686829,1.2930116653442385,4.14188814163208
RBF,1kyv,E,4r3a,A,1,[27],[27],RBF,RBF,4.973775657689884,2.709847450256348,1.6117103099822998,0.6794966459274292,0.9439220428466796,1.3286516666412354,3.321657657623291
F6P,2axn,A,3iv8,A,1,[16],[16],F6P,F6P,13.244512553454625,2.51509428024292,1.6183998584747314,0.7175579071044922,0.8297542333602905,1.1268386840820312,5.697909355163574
ETA,3abo,A,5yle,A,1,[4],[4],ETA,ETA,4.054327733957523,2.3547897338867188,1.378127098083496,0.7427868247032166,0.7934010028839111,1.0613150596618652,2.884753942489624
BG6,4f66,A,7e6i,A,1,[16],[16],BG6,BG6,7.4790502054118795,2.535461187362671,1.2731393575668335,0.6740908622741699,0.8217258453369141,1.05098557472229,4.278865337371826
PC,1b09,A,4bbj,A,1,[11],[11],PC,PC,59.96813127565644,2.1683149337768555,1.4599344730377195,0.698146641254425,0.7945064902305603,1.072309970855713,8.570777893066406
CA,1ajk,A,6xux,A,1,[1],[1],CA,CA,39.41388587421365,2.328880786895752,1.465915322303772,0.694628119468689,0.9106985330581664,1.431555151939392,7.976277351379394
COM,4pom,A,5a0y,A,1,[7],[7],COM,COM,19.205450676237525,1.983364582061768,1.618302583694458,0.676616907119751,0.6105690598487854,1.2125277519226074,6.575981616973877
K,2fxi,A,2qv6,A,1,[1],[1],K,K,20.58681592301024,2.4770421981811523,1.7627276182174685,0.7153301239013672,0.8190451264381409,1.051896333694458,6.730617523193359
95E,5nr3,A,7bvc,B,1,[14],[14],95E,95E,14.764444849610893,1.9910593032836916,1.6480343341827393,0.6675898432731628,0.8337114453315735,1.2889190912246704,5.961952686309815
TYD,4zyj,D,5tpv,B,1,[25],[25],TYD,TYD,29.509879391505294,2.3137457370758057,1.513419270515442,0.6547920107841492,0.7360662817955017,1.2915829420089722,7.468987464904785
CA,1os1,A,5e1q,B,1,[1],[1],CA,CA,5.834708796875872,2.4768223762512207,1.569805145263672,0.7345843315124512,0.7975374460220337,1.1210695505142212,3.684759140014648
SAM,4k36,A,5bw4,B,1,[27],[27],SAM,SAM,4.097419485335612,2.3837156295776367,1.5950450897216797,0.6995464563369751,0.9219356179237366,1.2236149311065674,2.906503200531006
HEM,2a9e,A,7w81,A,1,[43],[43],HEM,HEM,11.600769866916146,2.317912578582764,1.712011218070984,0.6310014128684998,0.9550591707229614,1.4610579013824463,5.370535373687744
M6P,1syo,A,4rzc,A,1,[16],[16],M6P,M6P,33.844011095473086,2.165773868560791,1.868891716003418,0.6280449032783508,0.4841054379940033,1.1986862421035769,7.719186782836914
HEM,1dxt,B,2qpp,B,1,[43],[43],HEM,HEM,23.83703348978129,2.681506872177124,1.447083592414856,0.7286163568496704,0.981455147266388,1.1706502437591553,7.044658184051514
3PY,4dqd,A,5xsf,A,1,[7],[7],3PY,3PY,29.125568674202036,2.5493931770324707,1.6643332242965698,0.7437934279441833,0.7101306915283203,1.105141043663025,7.444126605987549
SAM,3nk7,B,3qxy,A,1,[27],[27],SAM,SAM,6.655895787555112,2.5739123821258545,1.5672699213027954,0.7039420008659363,0.675777018070221,1.166931390762329,3.996119976043701
CA,1af4,A,4lt6,A,1,[1],[1],CA,CA,17.200856045007214,2.601628303527832,1.602512240409851,0.7057686448097229,0.848026692867279,1.1375263929367063,6.323645114898682
TYD,3oti,A,6b5e,B,1,[25],[25],TYD,TYD,25.27467934242806,3.1565301418304443,1.407445192337036,0.7452627420425415,0.7039745450019836,1.172116994857788,7.16510534286499
BG6,4f66,A,5hj5,B,1,[16],[16],BG6,BG6,29.826976956531734,2.776515245437622,1.4031317234039309,0.7718791961669922,0.590341329574585,1.0210071802139282,7.489139080047607
CA,1ksc,A,2m29,A,1,[1],[1],CA,CA,14.445425143555468,2.149184465408325,1.4243446588516235,0.7061876058578491,0.8756109476089478,1.1414867639541626,5.909255027770996
AZM,3ml5,A,3ucj,A,1,[13],[13],AZM,AZM,7.1350744913184085,2.197749137878418,1.3448718786239624,0.6886510252952576,0.3042691648006439,1.0236237049102783,4.164017200469971
PC,1o72,A,3lkf,A,1,[11],[11],PC,PC,16.159908909741013,2.608309507369995,1.448176622390747,0.6852732300758362,0.8977591395378113,1.150060772895813,6.177356719970703
FPP,3aq0,C,6ob5,D,1,[24],[24],FPP,FPP,9.936318678111586,2.5460376739501958,1.647755742073059,0.6723785400390625,0.9362496733665466,1.277642011642456,4.9840288162231445
SAM,2a5h,B,4pgh,D,1,[27],[27],SAM,SAM,3.881820782928915,2.568183183670044,1.6540913581848145,0.7235678434371948,0.729343831539154,1.3716129064559937,2.7963340282440186
1GP,4nae,A,6dgm,B,1,[10],[10],1GP,1GP,9.75437772191733,2.483215808868408,1.6242563724517822,0.7348129749298096,0.3902374505996704,1.1580849885940552,4.937830924987793
ICB,5ez1,B,6htk,A,1,[12],[12],ICB,ICB,7.557090733859991,2.1687965393066406,1.5150800943374634,0.7104095816612244,0.8795297145843506,1.1658109426498413,4.304295539855957
M6P,3c0o,A,7kma,B,1,[16],[16],M6P,M6P,3.5581850623421194,2.5458219051361084,1.4816969633102417,0.6817966103553772,0.40449059009552,1.1511090993881226,2.6243815422058105
RBF,1kyv,E,6n7f,A,1,[27],[27],RBF,RBF,26.929856320341262,2.0937578678131104,1.780115246772766,0.6648685336112976,0.7957649230957031,1.2981579303741455,7.292163848876953
NAI,2gwl,A,5h5x,C,1,[44],[44],NAI,NAI,4.095412168338642,3.065845727920532,1.5139304399490356,0.7202989459037781,0.8902031183242798,1.1855205297470093,2.9054930210113525
NAI,4fju,A,8ab3,A,1,[44],[44],NAI,NAI,3.7223161132711127,3.114537000656128,1.4394657611846924,0.697636604309082,0.6935200691223145,1.0251544713974,2.7126004695892334
SAM,1sqf,A,4k36,A,1,[27],[27],SAM,SAM,7.689806214078885,2.3194289207458496,1.4570292234420776,0.6528539657592773,0.8207873702049255,1.3105931282043457,4.347026824951172
1GP,4mm1,A,4rgq,B,1,[10],[10],1GP,1GP,14.310000168082722,2.406609296798706,1.5902725458145142,0.6960578560829163,0.8423338532447815,1.0182099342346191,5.886466503143311
F6P,3iv8,A,4lc9,A,1,[16],[16],F6P,F6P,33.2996974609056,2.6949243545532227,1.2633261680603027,0.6191940307617188,0.9073296785354614,1.1423903703689575,7.690515041351318
CAA,1dub,A,5lnq,A,1,[54],[54],CAA,CAA,8.907728228454438,3.194568634033203,1.4471485614776611,0.7347242832183838,0.9832037091255188,1.0413784980773926,4.711157321929932
1GP,3ew5,A,4nae,A,1,[10],[10],1GP,1GP,11.843968085328001,2.713383674621582,1.6137579679489136,0.723884105682373,0.7594228386878967,1.097114086151123,5.422077178955078
NAI,1o0s,A,5bwm,B,1,[44],[44],NAI,NAI,4.159995200669962,2.801769733428955,1.5760397911071775,0.7194107174873352,0.8137927651405334,1.083577275276184,2.9378507137298584
SF4,1zj8,A,5ztb,B,1,[8],[8],SF4,SF4,19.87584118544216,2.339263916015625,1.499190330505371,0.6655236482620239,0.792925238609314,1.6422383785247805,6.652813911437988
CA,1b94,A,1cp9,B,1,[1],[1],CA,CA,36.848834437674896,2.236791610717773,1.6815900802612305,0.5963079929351807,0.8367142081260681,1.1055115461349487,7.865475177764893
03S,7jw9,A,7trr,A,1,[4],[5],03S,03S,11.006971364875366,2.738142967224121,1.6345410346984863,0.6966599225997925,0.9813829660415648,1.2134562730789185,5.239675521850586
NAI,3flk,A,4fju,A,1,[44],[44],NAI,NAI,4.804458014331682,2.6797845363616943,1.7098900079727173,0.7200538516044617,0.8971809148788452,1.023038625717163,3.2452778816223145
NAI,3uh1,A,6jw7,A,1,[44],[44],NAI,NAI,1.6917309146082844,4.469473838806152,0.5898574590682983,0.815966784954071,0.8783409595489502,0.698070764541626,1.4469465017318726
COM,1e6y,A,4pom,A,1,[7],[7],COM,COM,17.762021659426384,2.1028711795806885,1.5005239248275757,0.7147795557975769,0.9488732814788818,0.9266964197158812,6.397956848144531
PQQ,1w6s,C,3das,A,1,[24],[24],PQQ,PQQ,9.67896060580156,2.9011383056640625,1.4167712926864624,0.7607727646827698,0.9092319011688232,1.205796480178833,4.918430805206299
SF4,2akj,A,6bxk,A,1,[8],[8],SF4,SF4,18.80119360415388,2.369716167449951,1.5925647020339966,0.6708833575248718,0.7123429775238037,1.148905873298645,6.527921676635742
NAI,1ahi,A,7wmz,C,1,[44],[44],NAI,NAI,5.262960585769911,2.7941606044769287,1.579517483711243,0.6921248435974121,0.902834951877594,1.2734882831573486,3.4481911659240723
TTP,2ggq,A,3mx2,B,1,[29],[29],TTP,TTP,46.331593636092585,2.499378204345703,1.5494345426559448,0.6729164719581604,0.6155792474746704,1.2413396835327148,8.224797248840332
1VU,4l80,C,6bjb,A,1,[52],[52],1VU,1VU,11.534991671070225,2.5921740531921387,1.5838147401809692,0.7178810238838196,0.9085544943809508,1.153407335281372,5.356394767761231
1GP,2f6x,A,4rgq,B,1,[10],[10],1GP,1GP,9.859865987344966,2.5184221267700195,1.5226603746414185,0.7399387955665588,0.7402092218399048,1.069240927696228,4.964719295501709
GOA,3r3z,A,6gmb,A,1,[5],[5],GOA,GOA,4.551301136882849,2.732665061950684,1.5582785606384275,0.7319539785385132,0.8346907496452332,1.2009837627410889,3.1277623176574707
NAI,3x2f,A,7wmz,C,1,[44],[44],NAI,NAI,13.855098006406624,2.479088068008423,1.6840131282806396,0.6646108627319336,0.9225759506225586,1.2350924015045166,5.808023929595947
SKM,2aa9,A,2hk9,A,1,[12],[12],SKM,SKM,6.436747191093354,2.3111109733581543,1.6138966083526611,0.7505942583084106,0.6186646223068237,1.3377742767333984,3.91607117652893
SAM,2obv,A,5hfj,C,1,[27],[27],SAM,SAM,6.745092215094562,2.48608660697937,1.44543719291687,0.6977763772010803,0.7459334135055542,1.1001276969909668,4.028100967407227
F6P,3iv8,A,6ayu,A,1,[16],[16],F6P,F6P,5.404579823527142,2.5328893661499023,1.4205151796340942,0.7012956142425537,0.7006438374519348,1.329106688499451,3.5084240436553955
M6P,1syo,A,3c0o,A,1,[16],[16],M6P,M6P,10.804833752458677,2.2253172397613525,1.459352970123291,0.6235853433609009,0.9972979426383972,1.2825078964233398,5.193424701690674
TYD,1h7q,A,3hjn,A,1,[25],[25],TYD,TYD,15.547293115119793,2.8925657272338867,1.5863049030303955,0.7632608413696289,0.9126762747764589,1.137775421142578,6.085690975189209
DAN,1rv0,L,2f25,A,1,[20],[20],DAN,DAN,11.169546286830903,2.032432794570923,1.342252492904663,0.6865043044090271,0.708691418170929,1.3340437412261963,5.276233196258545
SF4,5y6q,B,7mi4,A,1,[8],[8],SF4,SF4,30.413050407242302,2.040565013885498,1.4552719593048096,0.6992390751838684,0.6329209804534912,1.0866092443466189,7.525551795959473
SF4,4s28,A,7k01,0,1,[8],[8],SF4,SF4,31.678142064665405,2.126549243927002,1.6064536571502686,0.7180436849594116,0.6623532176017761,1.1585925817489624,7.600660800933838
ETA,1p4t,A,3abo,A,1,[4],[4],ETA,ETA,3.868342297725843,2.17167592048645,1.5161696672439575,0.7148127555847168,0.661487877368927,1.1984977722167969,2.789332866668701
TTP,1cr1,A,7b0h,F,1,[29],[29],TTP,TTP,9.09624227395813,2.690170288085937,1.498093843460083,0.6938800811767578,0.6829690933227539,1.179370999336243,4.763367652893066
NAI,4nbu,B,5bwm,B,1,[44],[44],NAI,NAI,3.9258997283716726,3.0452022552490234,1.49906587600708,0.7275872826576233,0.9105762243270874,1.1568443775177002,2.819135427474976
CAA,2uzf,A,3vzs,B,1,[54],[54],CAA,CAA,24.536790956067836,3.0938024520874023,1.428678035736084,0.7417457699775696,0.8312686085700989,1.194196105003357,7.104537010192871
SF4,4r0v,A,4s28,A,1,[8],[8],SF4,SF4,37.540851678986265,2.0143239498138428,1.6751530170440674,0.6774729490280151,0.4104413092136383,0.8897552490234375,7.896545886993408
CA,2ff2,B,6ajc,A,1,[1],[1],CA,CA,8.978893687617745,2.777897357940674,1.363236665725708,0.6998334527015686,0.8913617134094238,1.0480104684829712,4.7309889793396
HEM,2nrl,A,4e6k,A,1,[43],[43],HEM,HEM,15.132963153336277,2.27596116065979,1.498637080192566,0.7459123730659485,0.9197928309440612,1.043721079826355,6.0211615562438965
NAI,1gz6,B,2gwl,A,1,[44],[44],NAI,NAI,3.8032409332460264,2.935253620147705,1.5875662565231323,0.7487755417823792,0.9578894972801208,1.09830641746521,2.755324602127075
SAM,1rjd,C,4m7t,A,1,[27],[27],SAM,SAM,13.41022127585947,2.5609588623046875,1.460129976272583,0.7282444834709167,0.8346916437149048,1.0017120838165283,5.7283616065979
F6P,3iv8,A,5xz7,A,1,[16],[16],F6P,F6P,13.483763727683781,2.699813842773437,1.5637544393539429,0.6933447122573853,0.8522971868515015,1.1192342042922974,5.741738796234131
COM,1e6y,A,4ay8,A,1,[7],[7],COM,COM,9.308736565426369,2.317007303237915,1.3684800863265991,0.6879642009735107,0.8717963099479675,1.1817848682403564,4.82099723815918
RUB,3a9c,B,9rub,A,1,[18],[18],RUB,RUB,21.67046498447323,2.4650981426239014,1.471662998199463,0.6867979764938354,0.5869314670562744,1.102607488632202,6.842483997344971
CA,3nqy,B,5o2y,A,1,[1],[1],CA,CA,5.750420271792595,2.2252237796783447,1.3917651176452637,0.7259525060653687,0.8371386528015137,0.9982516169548036,3.650963068008423
SKM,2aa9,A,4y0a,A,1,[12],[12],SKM,SKM,4.104250159384298,2.383131504058838,1.5532993078231812,0.7305152416229248,0.7383782863616943,1.1648980379104614,2.9099385738372803
SAM,2fb2,A,4b17,A,1,[27],[27],SAM,SAM,4.377906824478981,2.5960261821746826,1.5877474546432495,0.6763535737991333,0.7901749014854431,1.345806360244751,3.04488468170166
1GP,4jej,A,4rgq,B,1,[10],[10],1GP,1GP,12.8224628147057,2.576124906539917,1.7035794258117676,0.6870388984680176,0.8265027403831482,1.292436957359314,5.618351936340332
PQQ,1otw,A,1yiq,A,1,[24],[24],PQQ,PQQ,6.225167023163789,2.3041529655456543,1.5559706687927246,0.7527632713317871,0.8188279867172241,1.0072561502456665,3.836735248565674
CA,1ezr,A,3god,A,1,[1],[1],CA,CA,23.485708610504492,2.3269152641296387,1.602327585220337,0.7436509728431702,0.7509990334510803,1.095874905586243,7.013651371002197
F6P,1fsa,A,3iv8,A,1,[16],[16],F6P,F6P,9.305297175546075,2.5970184803009038,1.6231080293655396,0.7486267685890198,0.8486123085021973,1.0839009284973145,4.820074558258057
K,1jjw,A,2fxi,A,1,[1],[1],K,K,13.712416931993943,2.6953048706054688,1.5161889791488647,0.717089056968689,0.8058428168296814,1.1420375108718872,5.782800197601318
CA,2vuv,A,5jy7,B,1,[1],[1],CA,CA,20.614767715425046,2.489420890808105,1.5593491792678833,0.7053624391555786,0.674974799156189,0.9974889159202576,6.733602523803711
HEM,1cxy,A,4mf9,A,1,[43],[43],HEM,HEM,11.41367819279613,1.775320529937744,1.4413191080093384,0.7075604796409607,0.6717069149017334,1.3712292909622192,5.330087661743164
NAI,6jw7,A,6vly,A,1,[44],[44],NAI,NAI,2.573075705683173,4.4158196449279785,0.7425320148468018,0.8065946698188782,0.9505616426467896,0.726711630821228,2.046496629714966
NAI,4cuk,A,6jw7,A,1,[44],[44],NAI,NAI,2.3145098084464757,4.572259426116943,0.5377441644668579,0.8105638027191162,0.958160161972046,0.6935401558876038,1.87949812412262
SAM,3qxy,A,5twj,C,1,[27],[27],SAM,SAM,6.348906688615386,2.667551040649414,1.4834059476852417,0.6883363127708435,0.98751562833786,1.2748538255691528,3.88338303565979
CS,1gqt,B,1kh8,A,1,[1],[1],CS,CS,10.480964045377917,2.3545141220092773,1.5960601568222046,0.699735701084137,0.875339150428772,1.4053102731704712,5.117417335510254
GOA,2o99,C,3l24,B,1,[5],[5],GOA,GOA,6.823731599023509,2.241853713989258,1.5998320579528809,0.7277843952178955,0.91239333152771,0.965607225894928,4.056015491485596
DGT,2atz,A,5hrf,A,1,[31],[31],DGT,DGT,19.113722842176326,2.430686712265014,1.609830617904663,0.7430939674377441,0.960516631603241,1.1073839664459229,6.5651936531066895
SAM,2yzq,A,3m6w,A,1,[27],[27],SAM,SAM,14.038977689617049,2.714653253555298,1.5276750326156616,0.7368907928466797,0.7333456873893738,0.9386064410209656,5.840089321136475
VN4,4dz6,A,4ri5,A,1,[4],[4],VN4,VN4,10.246954391368723,2.6120338439941406,1.588927149772644,0.707137405872345,0.800930380821228,0.9815770387649536,5.060985565185547
DAR,1bg0,A,6p2i,A,1,[12],[12],DAR,DAR,6.441899249039125,2.6152729988098145,1.6201694011688232,0.7079325318336487,0.8528465032577515,1.057925581932068,3.9179775714874263
CA,2afh,B,3ldy,A,1,[1],[1],CA,CA,52.54949612084032,2.4480762481689453,1.9647495746612549,0.6903220415115356,0.5837251543998718,1.6849833726882937,8.401266098022461
PQQ,1kv9,A,1otw,A,1,[24],[24],PQQ,PQQ,6.600681037708798,2.195818901062012,1.5294610261917114,0.7143158912658691,0.787304162979126,0.9937676191329956,3.976150751113892
PQQ,3das,A,6oc6,A,1,[24],[24],PQQ,PQQ,6.385456129402125,3.3710334300994877,1.027449607849121,0.7608712911605835,0.9106879830360411,0.8427664041519165,3.897026777267456
SAM,3t7v,A,5bw4,B,1,[27],[27],SAM,SAM,4.6419269781061105,3.027780532836914,1.5307191610336304,0.7411162257194519,0.8485422730445862,1.181554675102234,3.170297861099243
NAI,3flk,A,5bwm,B,1,[44],[44],NAI,NAI,3.9660440617731227,2.6904959678649902,1.5447638034820557,0.7364033460617065,0.889964759349823,1.118939757347107,2.8397762775421143
VN4,4erc,A,4hgp,A,1,[4],[4],VN4,VN4,6.072355150159292,2.6395649909973145,1.5795115232467651,0.7494823932647705,0.5650858879089355,0.9377068281173706,3.7781364917755127
SF4,4s2a,A,6vw7,D,1,[8],[8],SF4,SF4,67.06740281464889,2.620351791381836,1.626555562019348,0.7439597249031067,0.6471884846687317,1.2006049156188965,8.702434539794922
CA,2vhd,A,4by6,A,1,[1],[1],CA,CA,25.19442461370333,1.927012920379639,1.5298398733139038,0.6634087562561035,0.5521357655525208,1.3154692649841309,7.158640861511231
SAM,2obv,A,2oxt,A,1,[27],[27],SAM,SAM,6.25578944565691,2.299156665802002,1.4737099409103394,0.6867522597312927,0.7449972629547119,1.0907801389694214,3.848345518112183
SAM,3mte,A,4k36,A,1,[27],[26],SAM,SAM,7.2680030380260465,2.5455799102783203,1.5411193370819092,0.6962301135063171,0.7748512029647827,1.2713505029678345,4.208942413330078
2HP,2x1l,A,3c46,A,1,[5],[5],2HP,2HP,28.679474786665047,2.3292458057403564,1.540666103363037,0.6709189414978027,0.9475633502006532,1.382445216178894,7.414649486541748
PC,2x6b,A,3lkf,A,1,[11],[11],PC,PC,52.076698386537245,2.000518798828125,1.6029436588287354,0.641871988773346,0.992581069469452,1.2462197542190552,8.389089584350586
PQQ,1kb0,A,1otw,A,1,[24],[24],PQQ,PQQ,7.08111221664676,2.2371926307678223,1.481831669807434,0.7359862327575684,0.5541216135025024,0.9711476564407348,4.145580291748047
CA,5amv,A,8ep4,A,1,[1],[1],CA,CA,19.185315548049225,2.5139377117156982,1.6493085622787476,0.693394124507904,0.5665608048439026,1.100910782814026,6.573619365692139
CA,1j0h,A,5m6d,A,1,[1],[1],CA,CA,43.90623513958827,2.588541030883789,1.2826024293899536,0.7100331783294678,0.9257493615150452,0.883709192276001,8.144927024841309
SKM,3pgj,A,3slh,D,1,[12],[12],SKM,SKM,7.279799664431991,1.7845005989074707,1.4820739030838013,0.7046343684196472,0.8305749297142029,1.2912485599517822,4.21289587020874
ENO,3gac,E,6jhb,B,1,[13],[13],ENO,ENO,26.351376719436765,2.3308510780334477,1.4258394241333008,0.7342525124549866,0.8863425850868225,1.1725221872329712,7.249072551727295
HEM,4jet,A,8g64,A,1,[43],[43],HEM,HEM,13.96609563230423,2.0233912467956543,1.523272156715393,0.7132946848869324,0.6721770167350769,1.23444664478302,5.827438831329346
SKM,3sef,C,3slh,D,1,[12],[12],SKM,SKM,5.806741504944468,2.328794479370117,1.6580768823623655,0.6999098658561707,0.9259606003761292,1.1769425868988037,3.6735854148864746
SAM,1r30,B,2ejt,A,1,[27],[27],SAM,SAM,3.248350827796083,2.793092727661133,1.5397759675979614,0.7113968133926392,0.4658803343772888,1.233701229095459,2.451890707015991
CA,2jq6,A,3gzk,A,1,[1],[1],CA,CA,13.496185087670158,2.4915785789489746,1.631935715675354,0.7365082502365112,0.8961284160614014,1.0310242176055908,5.743989944458008
AZM,3ucj,A,5jn8,C,1,[13],[13],AZM,AZM,7.248280334561132,2.548794269561768,1.4816807508468628,0.7224203944206238,0.5386822819709778,1.0808428525924685,4.202320575714111
CA,5mfd,F,6dwo,A,1,[1],[1],CA,CA,12.787895278031833,2.0805153846740723,1.4798338413238523,0.667040228843689,0.8261622786521912,1.120436668395996,5.611705303192139
CA,2fkc,A,3voc,A,1,[1],[1],CA,CA,24.13536123158358,2.3760786056518555,1.3691246509552002,0.6624921560287476,0.7995861172676086,1.3070803880691528,7.070486545562744
SKM,2aa9,A,3doo,A,1,[12],[12],SKM,SKM,11.940027405784507,2.407416820526123,1.6246272325515747,0.7044016718864441,0.9342334866523744,1.3959084749221802,5.442120552062988
NAI,2gwl,A,4bkq,A,1,[44],[44],NAI,NAI,4.388852898399282,2.9282023906707764,1.6203382015228271,0.6989237070083618,0.6526515483856201,1.1671983003616333,3.050175666809082
SAM,2obv,A,3t7v,A,1,[27],[27],SAM,SAM,13.202998800656761,2.0792531967163086,1.665314555168152,0.6596658229827881,0.6868764758110046,1.065608263015747,5.690212249755859
CA,3azx,A,6f92,A,1,[1],[1],CA,CA,24.531860453972957,2.117086172103882,1.4767189025878906,0.7032906413078308,0.9329807162284852,1.4088352918624878,7.104123592376709
TTP,1cr1,A,2ggq,A,1,[29],[29],TTP,TTP,4.4607092839609574,2.787137746810913,1.6511741876602173,0.6948063969612122,0.6239675879478455,1.1344280242919922,3.084709882736206
TTP,3o0n,A,6n9u,H,1,[29],[29],TTP,TTP,27.56797169332211,2.164069890975952,1.4311206340789795,0.6413088440895081,0.8110741972923279,1.0339328050613403,7.338158130645752
F6P,2r66,A,3iv8,A,1,[16],[16],F6P,F6P,19.56145927453515,2.8249545097351074,1.6447962522506714,0.6872053146362305,0.9352251291275024,1.1886955499649048,6.617217063903809
COM,4ay8,A,5a0y,A,1,[7],[7],COM,COM,23.050165790435845,2.133380651473999,1.5778347253799438,0.6413328647613525,0.8858893513679504,1.1766873598098757,6.974296569824219
NAI,3uh1,A,4fju,A,1,[44],[44],NAI,NAI,4.134687540903037,3.179908037185669,1.3434820175170898,0.7225823998451233,0.6884356141090393,0.9364544749259948,2.925206184387207
SF4,4s2a,A,6dd6,A,1,[8],[8],SF4,SF4,75.38614377381845,2.515420436859131,1.5307179689407349,0.7130507230758667,0.7389031648635864,1.5516904592514038,8.828849792480469
HEM,2i96,A,4jet,A,1,[43],[43],HEM,HEM,11.151619696227472,2.337823867797852,1.5843706130981443,0.6177225112915039,0.8761133551597595,1.416680097579956,5.272229671478272
HEM,1gdi,A,3u8p,A,1,[43],[43],HEM,HEM,32.22023271587279,2.0667145252227783,1.3108545541763306,0.6643180251121521,0.6712990403175354,1.434664249420166,7.631467342376709
NAI,2gwl,A,7wmz,C,1,[44],[44],NAI,NAI,7.913972184530437,2.483177661895752,1.5888735055923462,0.751457691192627,0.7481623888015747,1.2016499042510986,4.417765140533447
NAI,4eue,A,7wmz,C,1,[44],[44],NAI,NAI,5.7598744952621574,2.7632031440734863,1.5298480987548828,0.6843892931938171,0.8006219267845154,1.4101943969726562,3.6547718048095694
NAI,5z21,B,7wmz,C,1,[44],[44],NAI,NAI,5.902004045655841,2.4069552421569824,1.6013263463974,0.6866684556007385,0.4566551744937897,1.3702821731567385,3.711484432220459
K,1gup,A,3zd9,A,1,[1],[1],K,K,47.32608112104957,2.361543655395508,1.5553659200668335,0.6856496930122375,0.6286913156509399,1.1054667234420776,8.255593299865723
NAI,2gwl,A,5wjs,A,1,[44],[44],NAI,NAI,4.23151069192838,2.905487298965454,1.5487452745437622,0.7308489084243774,0.8889025449752808,1.1049094200134275,2.973339080810547
M6P,3c0o,A,4r73,A,1,[16],[16],M6P,M6P,10.262118902674677,1.990251064300537,1.5484548807144165,0.661892294883728,0.852418839931488,1.1501212120056152,5.0646820068359375
NAI,2dte,A,4fju,A,1,[44],[44],NAI,NAI,4.012213394751868,3.334091186523437,1.3965307474136353,0.7265669107437134,0.6960259079933167,0.9956916570663452,2.8633687496185303
TYD,1h7q,A,4e2x,A,1,[25],[25],TYD,TYD,19.28086820347737,3.301258087158203,1.0384601354599,0.7516672015190125,0.9610236883163452,0.775741457939148,6.584800720214844
SKM,3slh,D,4p4g,A,1,[12],[12],SKM,SKM,9.293550284943336,2.197420597076416,1.6780236959457395,0.6648213267326355,0.4588178098201751,1.3705891370773315,4.816920757293701
NAI,2gwl,A,2p9e,A,1,[44],[44],NAI,NAI,3.9885340355152943,3.0230727195739746,1.6100810766220093,0.6882703304290771,0.8467710018157959,1.0713090896606443,2.851288080215454
PC,2x6b,A,4bbj,A,1,[11],[11],PC,PC,87.31509615723719,1.884285926818848,1.4887325763702393,0.6473191976547241,0.8824133276939392,1.0929886102676392,8.972410202026367
SF4,1iqz,A,7k01,0,1,[8],[8],SF4,SF4,37.443335678557936,2.149157762527466,1.4779222011566162,0.665602445602417,0.936251938343048,1.2425929307937622,7.8922224044799805
1GP,4rgq,B,6jo3,A,1,[10],[10],1GP,1GP,15.351458534027907,2.6554999351501465,1.4433423280715942,0.7248672246932983,0.8706672191619873,1.1353152990341189,6.055453777313232
TTP,2ggq,A,7t18,A,1,[29],[29],TTP,TTP,5.817509490760625,2.5194244384765625,1.6393078565597534,0.7069640159606934,0.9605741500854492,1.0015790462493896,3.677892208099365
CAA,1dub,A,5ab6,D,1,[54],[54],CAA,CAA,6.174095619690584,2.958382129669189,1.5009337663650513,0.7561150193214417,0.8269357681274414,1.025829195976257,3.8172740936279297
NAI,2gwl,A,4fju,A,1,[44],[44],NAI,NAI,4.400718431837661,2.5318894386291504,1.6974018812179563,0.7013143301010132,0.8926199674606323,1.162726879119873,3.055902004241944
PC,2bib,A,5egh,B,1,[11],[11],PC,PC,3.2095737840270284,3.054903030395508,1.3448197841644287,0.7403949499130249,0.7955158948898315,0.9716819524765016,2.4297330379486084
COM,1e6v,A,4ay8,A,1,[7],[7],COM,COM,49.00267110519159,1.9642488956451416,1.3410462141036987,0.6145082116127014,0.928539514541626,1.5609288215637207,8.305161476135254
VN4,3e81,A,4erc,A,1,[4],[4],VN4,VN4,4.3166573430817445,2.832927227020264,1.5631252527236938,0.7614406943321228,0.6717235445976257,0.9149088859558104,3.015129327774048
K,3crl,B,3zd9,A,1,[1],[1],K,K,19.063208381681886,2.6690902709960938,1.4499289989471436,0.6847403645515442,0.9364507794380188,0.9252278208732604,6.559223651885986
CAC,2z3i,A,4d7l,A,1,[5],[5],CAC,CAC,18.776675155879513,2.544248580932617,1.346292495727539,0.6871017217636108,0.9816361665725708,1.2467135190963743,6.52496337890625
SF4,2bs2,B,4s2a,A,1,[8],[8],SF4,SF4,62.94923838444976,2.390830993652344,1.5521962642669678,0.7405180335044861,0.7542818188667297,1.494038224220276,8.629183769226074
K,1jjw,A,3fd5,B,1,[1],[1],K,K,5.192510178950379,2.605382442474365,1.479917049407959,0.722770631313324,0.94077730178833,1.376673460006714,3.417809247970581
BU3,3zyy,X,8a25,A,1,[6],[6],BU3,BU3,10.657039299409718,2.2359485626220703,1.5266492366790771,0.7179394364356995,0.9061421751976012,1.3328449726104736,5.1590352058410645
K,2fxi,A,3crl,B,1,[1],[1],K,K,36.464593200620094,2.7992162704467773,1.5369490385055542,0.7151432633399963,0.627777636051178,1.1079920530319214,7.847823619842529
CA,1s99,A,1t1e,A,1,[1],[1],CA,CA,18.59227669100765,2.0962491035461426,1.561195969581604,0.652664303779602,0.7367127537727356,1.0563924312591553,6.502552032470703
TYD,2pae,A,4zyj,D,1,[25],[25],TYD,TYD,28.46714140886653,2.22982120513916,1.5773226022720337,0.7306854724884033,0.4215916395187378,1.1073158979415894,7.400378704071045
1GP,4mm1,A,6dgm,B,1,[10],[10],1GP,1GP,7.0315612481044925,2.387123107910156,1.5385249853134155,0.7777475714683533,0.6895320415496826,1.0022727251052856,4.128547668457031
SIA,2bat,A,3phz,A,1,[20],[21],SIA,SIA,44.814347824495975,2.1633191108703613,1.6385064125061035,0.5976502895355225,0.9122008681297302,1.2347229719161987,8.175660133361816
NAI,3fhm,A,8ab3,A,1,[44],[44],NAI,NAI,5.954931384502753,3.022967338562012,1.5120974779129028,0.7429788112640381,0.842893123626709,1.1201727390289309,3.732345342636109
NAI,6b9u,A,7wmz,C,1,[44],[44],NAI,NAI,5.345546488330729,2.80508804321289,1.5301469564437866,0.7118830680847168,0.7238282561302185,1.2990895509719849,3.4834513664245605
SAM,4njg,A,4obw,D,1,[27],[27],SAM,SAM,13.428298014503488,2.823833703994751,1.1066571474075315,0.7485779523849487,0.8129738569259644,0.8568024039268494,5.7316575050354
HEM,1bcf,A,4i8v,A,1,[43],[43],HEM,HEM,18.49423050637249,2.231689214706421,1.3615267276763916,0.6685838103294373,0.8118690252304077,1.158187747001648,6.490517616271973
NAI,2vhw,E,6jw7,A,1,[44],[44],NAI,NAI,1.6409945462535158,4.56882381439209,0.5631557703018188,0.8134089708328247,0.9955492615699768,0.6788656115531921,1.4096686840057373
CA,4amc,A,4r83,A,1,[1],[1],CA,CA,35.77581212890336,2.2141966819763184,1.4056586027145386,0.6682367920875549,0.8700199723243713,1.0374914407730105,7.81544017791748
DGT,2atz,A,3otb,A,1,[31],[31],DGT,DGT,12.247373499113936,2.158866167068481,1.5059365034103394,0.7667588591575623,0.9426669478416444,1.1500370502471924,5.505087375640869
NAI,4fju,A,6cdf,A,1,[44],[44],NAI,NAI,4.021379482726154,3.020251750946045,1.4095847606658936,0.7139991521835327,0.6973286867141724,0.9336713552474976,2.8680341243743896
NAI,4y9d,A,6jw7,A,1,[44],[27],NAI,NAI,1.1242005342173205,4.493221282958984,0.7796516418457031,0.8042349219322205,0.9813131093978882,0.7285408973693848,1.0105899572372437
NAI,4im7,A,7wmz,C,1,[44],[44],NAI,NAI,9.780405311403733,2.436805009841919,1.541065692901611,0.6450056433677673,0.8127011060714722,1.2388160228729248,4.944491863250732
FDA,3itg,A,4cy8,A,1,[53],[53],FDA,FDA,5.461697655403866,2.970175743103028,1.5176595449447632,0.7112390995025635,0.924121916294098,1.2059725522994995,3.532404899597168
TTP,1mc3,A,6n9u,H,1,[29],[29],TTP,TTP,4.497127502500176,2.659862756729126,1.5859180688858032,0.703411877155304,0.8888109922409058,1.1765387058258057,3.102081775665283
SF4,2d3y,A,7bi7,A,1,[8],[8],SF4,SF4,20.107110089141884,2.503976345062256,1.5750079154968262,0.738973081111908,0.6323233246803284,1.1887128353118896,6.678525447845459
NAI,4fju,A,4xdy,A,1,[44],[44],NAI,NAI,3.8713134381391536,3.055328369140625,1.421781301498413,0.7170224189758301,0.5430446863174438,0.9967136979103088,2.790877342224121
VN4,3e81,A,4dz6,A,1,[4],[4],VN4,VN4,4.008596727242498,2.6644246578216557,1.5374020338058472,0.7408943772315979,0.8598037362098694,1.1823158264160156,2.8615262508392334
1GP,3ew5,A,6jo3,A,1,[10],[10],1GP,1GP,6.227706270091407,2.800117015838623,1.497814059257507,0.6748994588851929,0.8327770829200745,1.0695180892944336,3.83769965171814
SKM,2ev9,B,3nvs,A,1,[12],[12],SKM,SKM,8.138363802912808,2.256309032440185,1.5679696798324585,0.7506725788116455,0.8356271982192993,1.1523672342300415,4.486823558807373
NAI,4g6h,A,5k4w,C,1,[44],[44],NAI,NAI,3.982538362184036,3.8370301723480233,0.8018592596054077,0.7579666376113892,0.971276879310608,0.8648451566696167,2.8482227325439453
VN4,4dz6,A,4erc,A,1,[4],[4],VN4,VN4,9.045655675688982,2.709104299545288,1.5164945125579834,0.7098520398139954,0.802047610282898,1.1602972745895386,4.74945878982544
TTP,2ggq,A,4xjc,A,1,[29],[29],TTP,TTP,17.699812851596693,2.367093086242676,1.598720669746399,0.6325710415840149,0.8749222159385681,1.5777281522750854,6.389867305755615
CA,4h60,A,6jk4,A,1,[1],[1],CA,CA,4.927155139555225,2.5944271087646484,1.4538530111312866,0.7382227182388306,0.8079432249069214,1.218149185180664,3.30079984664917
AMZ,1p4r,A,5dn1,A,1,[22],[22],AMZ,AMZ,47.06809360121738,2.6085331439971924,1.5410261154174805,0.7046163082122803,0.859005331993103,1.072138786315918,8.24770736694336
SAM,2a5h,B,4obw,D,1,[27],[27],SAM,SAM,15.267777460631454,2.44649076461792,1.5439040660858154,0.6917830109596252,0.7926494479179382,1.1325585842132568,6.0423903465271
SF4,4z3w,C,7k01,0,1,[8],[8],SF4,SF4,44.37217010385188,2.404444456100464,1.4334754943847656,0.6587252616882324,0.8858625292778015,1.6391329765319824,8.160823822021484
GOA,3l24,B,6gmb,A,1,[5],[5],GOA,GOA,6.130590936787896,1.9195053577423096,1.5027058124542236,0.7167888879776001,0.6654921770095825,0.9611613750457764,3.8005990982055664
COM,3sqg,A,4ay8,A,1,[7],[7],COM,COM,30.45367329188209,1.919389724731445,1.476988434791565,0.5514780879020691,0.6771212220191956,1.4907231330871582,7.528036594390869
K,2qv6,A,3zd9,A,1,[1],[1],K,K,30.082812695907986,3.006686925888061,1.247857928276062,0.7064454555511475,0.9758912324905396,1.0383634567260742,7.505165100097656
NAI,6vw7,D,7wmz,C,1,[44],[27],NAI,NAI,6.885095550878384,2.543447494506836,1.4681750535964966,0.718691349029541,0.6714138388633728,1.2178698778152466,4.077617168426514
TTP,2ggq,A,3o0n,A,1,[29],[29],TTP,TTP,32.27668761868667,2.3371262550354004,1.525540471076965,0.6561964154243469,0.9127331376075744,0.9332038760185242,7.63463020324707
TTP,1xje,A,7t18,A,1,[29],[29],TTP,TTP,33.5363574895895,1.8320460319519043,1.5773392915725708,0.6965324282646179,0.3839728236198425,1.106054663658142,7.70306921005249
CA,1mxd,A,4g1h,A,1,[1],[1],CA,CA,8.638541247470602,2.0019187927246094,1.627625584602356,0.7266618609428406,0.8937658071517944,1.17907452583313,4.634773254394531
NAI,5bwm,B,5itv,A,1,[44],[44],NAI,NAI,3.8702666515958883,3.073878288269043,1.404952049255371,0.7129406332969666,0.9367916584014891,1.160843014717102,2.7903332710266118
SIA,2bat,A,4nfd,A,1,[21],[21],SIA,SIA,19.30743323504339,2.5422725677490234,1.4904773235321045,0.6705607175827026,0.9623066186904908,1.5115551948547363,6.587896347045898
NAI,5k4w,C,7wmz,C,1,[44],[44],NAI,NAI,20.04658674309437,2.4452157020568848,1.562692403793335,0.6992782354354858,0.7643052339553833,1.4877315759658811,6.671834945678711
SAM,2yzq,A,3ku1,A,1,[27],[27],SAM,SAM,12.011104463826527,2.22674560546875,1.6272239685058594,0.7041179537773132,0.6879069209098816,1.1248257160186768,5.456838607788086
NAI,3fhm,A,3uh1,A,1,[44],[44],NAI,NAI,6.01168699718491,2.7652766704559326,1.6851526498794556,0.719197154045105,0.6075326800346375,1.011452555656433,3.754561901092529
GOA,2o99,C,3r3z,A,1,[5],[5],GOA,GOA,3.6200648175873273,2.65219783782959,1.4629878997802734,0.7517591118812561,0.9498379826545716,0.9965085983276368,2.657891035079956
SF4,3b0h,A,3pdi,A,1,[8],[8],SF4,SF4,8.188740866609436,1.8880420923233032,1.532173991203308,0.6150761842727661,0.9560903906822203,1.7532744407653809,4.502093315124512
CA,1m1j,C,3tb4,A,1,[1],[1],CA,CA,16.488666968879155,1.9970180988311768,1.5724983215332031,0.710421085357666,0.922697901725769,1.1287667751312256,6.22480058670044
VN4,4dz6,A,4hgp,A,1,[4],[4],VN4,VN4,8.799966006531193,2.66035270690918,1.491728663444519,0.7262098789215088,0.6988123059272766,1.2767268419265747,4.680841445922852
CA,2az1,A,4yic,A,1,[1],[1],CA,CA,14.205900294385666,2.1092545986175537,1.5215641260147097,0.7128733992576599,0.704955518245697,1.121127009391785,5.868775844573975
COM,4pom,A,5a8w,D,1,[7],[7],COM,COM,19.866574305841173,2.0172290802001958,1.147572040557861,0.6753748059272766,0.7214770317077637,1.023667573928833,6.651775360107422
SF4,2acz,B,3pdi,A,1,[8],[8],SF4,SF4,9.993675325293161,2.2226288318634038,1.5656300783157349,0.6455032825469971,0.6240072250366211,1.120034098625183,4.99841833114624
SF4,4cej,B,4s2a,A,1,[8],[8],SF4,SF4,3.0598925797381145,1.82775354385376,1.595989465713501,0.3607984483242035,0.99995356798172,1.0564336776733398,2.3429691791534424
SF4,4s2a,A,6cfw,J,1,[8],[8],SF4,SF4,52.60525248955014,2.8348000049591064,1.3610281944274902,0.7345971465110779,0.6021854281425476,1.1157737970352173,8.402689933776855
TYD,1h7q,A,3rsc,A,1,[25],[25],TYD,TYD,3.1642195829780837,3.1115541458129883,1.503393054008484,0.7294498085975647,0.5341984629631042,1.149648904800415,2.403651475906372
SKM,3doo,A,3slh,D,1,[12],[12],SKM,SKM,2.6288849298099874,1.744870901107788,1.4219014644622805,0.664903461933136,0.8565856218338013,1.2168829441070557,2.0816445350646973
CA,5f2q,B,5gub,A,1,[1],[1],CA,CA,24.935892203347137,1.956562042236328,1.5152950286865234,0.6819106340408325,0.8146739602088928,1.5266640186309814,7.1376142501831055
TTP,1xje,A,6n9u,H,1,[29],[29],TTP,TTP,31.06381445592137,2.262542486190796,1.6117063760757446,0.633303165435791,0.587647020816803,1.127424955368042,7.564765930175781
NAI,6ct6,B,7wmz,C,1,[44],[44],NAI,NAI,13.915640584808498,2.8097574710845947,1.6659759283065796,0.6710724830627441,0.7331664562225342,1.145844578742981,5.818635940551758
SAM,4njg,A,5bw4,B,1,[27],[27],SAM,SAM,4.15489775936852,2.761422634124756,1.5260659456253052,0.7196748852729797,0.6297240853309631,1.1953855752944946,2.935307502746582
CA,3goe,A,5kva,B,1,[1],[1],CA,CA,27.019341689530677,2.4424281120300293,1.5758734941482544,0.7209755778312683,0.8371619582176208,1.1366292238235474,7.298709392547607
GOA,3if9,A,3r3z,A,1,[5],[5],GOA,GOA,15.304079416955183,2.710412979125977,1.8062167167663572,0.694317102432251,0.874238133430481,1.2771172523498535,6.048068046569824
CA,1hyo,B,4a6o,A,1,[1],[1],CA,CA,18.60831130571174,2.195525646209717,1.6985756158828735,0.6939507722854614,0.56557297706604,1.2363104820251465,6.504512310028076
SAM,2a5h,B,3nk7,B,1,[27],[27],SAM,SAM,11.384964064239568,2.559183120727539,1.5607845783233645,0.6768867373466492,0.6803258061408997,1.6943120956420898,5.323817253112793
CA,2iew,A,3u4j,A,1,[1],[1],CA,CA,38.718066657839046,2.7645719051361084,1.6147665977478027,0.736493706703186,0.9014633297920228,1.0457137823104858,7.947373390197754
COM,4ay8,A,5a8w,D,1,[7],[7],COM,COM,8.917665049174696,2.188771963119507,1.7506463527679443,0.6424887180328369,0.3798574209213257,1.3867852687835691,4.713935375213623
TYD,1h7q,A,4g2t,A,1,[25],[25],TYD,TYD,3.190320038313939,3.2008771896362305,1.439881682395935,0.7616124749183655,0.4726032316684723,0.9674713611602784,2.418682813644409
CA,1bvn,P,2ism,B,1,[1],[1],CA,CA,8.810032797224965,2.250676393508911,1.5267257690429688,0.6988630294799805,0.7819485068321228,1.0816129446029663,4.683688163757324
COM,2c3c,A,4ay8,A,1,[7],[7],COM,COM,11.46266958450485,2.259727478027344,1.6205110549926758,0.7285819053649902,0.7926041483879089,1.1553566455841064,5.340747356414795
NAI,5bwm,B,5k4w,C,1,[44],[44],NAI,NAI,3.920789215031265,2.8795831203460693,1.5543159246444702,0.7554593086242676,0.7729592323303223,1.1163506507873535,2.8164992332458496
COM,4ay8,A,4pom,A,1,[7],[7],COM,COM,16.537789502882124,2.7029247283935547,1.6314908266067505,0.7292772531509399,0.3726245164871216,1.095908284187317,6.231788635253906
TTP,1mc3,A,3mx2,B,1,[29],[29],TTP,TTP,44.91045034826465,2.8719406127929688,1.5463132858276367,0.709830641746521,0.729429304599762,1.084801435470581,8.178853034973145
TTP,1xje,A,3mx2,B,1,[29],[29],TTP,TTP,23.40854091086715,1.994109034538269,1.5821876525878906,0.6329497694969177,0.6247421503067017,1.3832296133041382,7.006753444671631
SAM,2obv,A,5zw4,A,1,[27],[27],SAM,SAM,6.300567202301377,2.5194365978240967,1.5383663177490234,0.697514533996582,0.4223833680152893,1.2318015098571775,3.865244150161743
SAM,4odj,A,4ymg,B,1,[27],[27],SAM,SAM,8.757482436371173,2.2425637245178223,1.5649230480194092,0.6799363493919373,0.5785361528396606,1.082308292388916,4.66879415512085
TYD,3vbm,E,4zyj,D,1,[25],[25],TYD,TYD,34.321097342110406,2.271859645843506,1.4093703031539917,0.6980515718460083,0.7583265900611877,1.020224928855896,7.743738174438477
K,3fd5,B,3zd9,A,1,[1],[1],K,K,22.1693633336028,2.798301696777344,1.6490148305892944,0.7183257341384888,0.8436660766601562,1.0905873775482178,6.891452312469482
SF4,1rm6,B,3egw,A,1,[8],[8],SF4,SF4,24.369872344107787,2.1013245582580566,1.7743645906448364,0.6660057306289673,0.7541623711585999,1.6842832565307615,7.090475082397461
NAI,7p61,F,7wmz,C,1,[44],[44],NAI,NAI,6.581777204428809,2.883229732513428,1.4081344604492188,0.7078649401664734,0.6174041032791138,1.3814852237701416,3.96928334236145
F6P,1t10,A,3iv8,A,1,[16],[16],F6P,F6P,9.07361691511655,2.4046273231506348,1.544309139251709,0.723233163356781,0.939028024673462,1.1366682052612305,4.757155895233154
SKM,2aa9,A,3pgj,A,1,[12],[12],SKM,SKM,8.401361373910849,2.109417200088501,1.6237049102783203,0.7443701028823853,0.4691646993160248,1.173182725906372,4.565619468688965
NAI,4fju,A,4p53,A,1,[44],[44],NAI,NAI,4.204703319324731,2.9182357788085938,1.5072195529937744,0.7521035671234131,0.8361314535140991,0.911427080631256,2.960078239440918
K,2fxi,A,4jay,A,1,[1],[1],K,K,8.244517450090246,2.5805764198303223,1.5089411735534668,0.7289379239082336,0.8168848752975464,0.9940978288650512,4.518901348114014
K,3zd9,A,6npl,A,1,[1],[1],K,K,34.92268053935013,2.175044298171997,1.4915757179260254,0.6435677409172058,0.4739192724227905,1.405151605606079,7.773952960968018
CA,4dod,A,5v2c,c,1,[1],[1],CA,CA,51.02641492742834,2.275946140289306,1.6761337518692017,0.6654627323150635,0.9696540832519532,1.6079463958740234,8.36136531829834
CA,1n7v,A,1uis,A,1,[1],[1],CA,CA,22.565710962606495,2.0700395107269287,1.4547624588012695,0.640221118927002,0.8505439758300781,1.5958890914916992,6.929285526275635
NAI,4p53,A,5bwm,B,1,[44],[44],NAI,NAI,5.320380210104115,2.694243669509888,1.391362547874451,0.7144042253494263,0.9094245433807372,1.1417076587677002,3.4727468490600586
TYD,1h7q,A,3oti,A,1,[25],[25],TYD,TYD,3.0562223876941967,3.0829944610595703,1.423773169517517,0.7643916606903076,0.6299022436141968,0.9903228878974916,2.340816736221313
CA,1b90,A,3bq1,A,1,[1],[1],CA,CA,23.369633638480785,2.9009206295013428,1.49595308303833,0.6840094327926636,0.6661125421524048,1.439602613449097,7.003263473510742
CA,3kst,A,4cub,B,1,[1],[1],CA,CA,13.053652084593846,2.361112117767334,1.4166589975357056,0.7383449673652649,0.8191308975219727,1.1750242710113523,5.66229248046875
TTP,2ggq,A,7b0h,F,1,[29],[29],TTP,TTP,5.518201356970939,2.414788722991944,1.4410817623138428,0.6424534916877747,0.8057714700698853,1.1243293285369873,3.5559542179107666
NAI,2a92,C,3fhm,A,1,[44],[44],NAI,NAI,5.832841471216591,2.9019837379455566,1.5095813274383545,0.7342019081115723,0.7386811375617981,1.088876724243164,3.684014320373535
CA,3tto,A,7phw,E,1,[1],[1],CA,CA,12.419892112223046,2.3761239051818848,1.5910494327545166,0.6561024188995361,0.915533185005188,1.3406988382339478,5.539675235748291
TTP,2ggq,A,2ja1,A,1,[29],[29],TTP,TTP,6.722181294697396,2.631819486618042,1.5065796375274658,0.6936127543449402,0.80613774061203,0.9752233624458312,4.019918918609619
NAI,1jki,A,7wmz,C,1,[44],[44],NAI,NAI,17.515281223316574,2.698064088821411,1.4659452438354492,0.6616514921188354,0.7960367798805237,1.150668025016785,6.365655899047852
NAI,3rfv,A,4fju,A,1,[44],[44],NAI,NAI,3.512114146602707,3.2484638690948486,1.4127867221832275,0.7141345143318176,0.907482087612152,1.137623310089111,2.599233627319336
NAI,1t2e,A,6jw7,A,1,[44],[44],NAI,NAI,1.738698001550353,4.497766494750977,0.6601547002792358,0.7927019000053406,0.9950219988822936,0.7057835459709167,1.4811676740646362
CA,1b2y,A,8bad,B,1,[1],[1],CA,CA,14.544404831374488,2.0938446521759038,1.5203207731246948,0.6851813197135925,0.8329979181289673,0.9740943908691406,5.925751686096191
SKM,2hk9,A,3nvs,A,1,[12],[12],SKM,SKM,9.294707643803006,2.2072248458862305,1.7391300201416016,0.747579038143158,0.6500979661941528,1.165359616279602,4.81723165512085
SIA,5egc,A,6g47,A,1,[21],[21],SIA,SIA,30.79725719123559,1.9320006370544436,1.5196915864944458,0.6321088671684265,0.9650980830192566,1.2746983766555786,7.548854827880859
CA,1lwu,B,3zq4,A,1,[1],[1],CA,CA,19.84601879835573,2.0081844329833984,1.5024240016937256,0.7006770372390747,0.7794735431671143,1.0056331157684326,6.649469375610352
NAI,4g6h,A,4yai,A,1,[44],[44],NAI,NAI,3.680282867131191,3.8530831336975098,0.7908531427383423,0.777947723865509,0.9826543927192688,0.8228837847709656,2.6902096271514893
K,1d7r,A,1jjw,A,1,[1],[1],K,K,30.820882114839492,2.2874832153320312,1.5531034469604492,0.6976115703582764,0.5279532670974731,1.1701924800872805,7.550273418426514
SAM,3t7v,A,4fak,A,1,[27],[27],SAM,SAM,5.340056989630704,2.8630402088165283,1.4299477338790894,0.7252297401428223,0.7402543425559998,1.3036319017410278,3.481119394302368
SAM,3t7s,A,4odj,A,1,[27],[27],SAM,SAM,5.475459928031413,2.435960531234741,1.3917030096054075,0.7085933089256287,0.8245552778244019,1.2132575511932373,3.538156509399414
CA,1fkq,A,1oz6,A,1,[1],[1],CA,CA,14.72080306963677,2.786537170410156,1.2899452447891235,0.7000753879547119,0.9525754451751708,0.8818285465240479,5.954823970794678
NAI,3afo,A,4fju,A,1,[44],[44],NAI,NAI,5.314373001658426,2.718996047973633,1.5876461267471311,0.7094439268112183,0.6794458627700806,1.2561253309249878,3.470186471939087
VN4,4hgp,A,4ri5,A,1,[4],[4],VN4,VN4,4.852054128520446,2.585157871246338,1.745692014694214,0.7053267359733582,0.7639127969741821,1.0764949321746826,3.2669246196746826
RBF,2fl5,H,3ddy,A,1,[27],[27],RBF,RBF,21.027424509474518,1.9307708740234373,1.5538476705551147,0.6547122001647949,0.7924652099609375,0.9623177647590636,6.777044773101807
SF4,2acz,B,4s28,A,1,[8],[8],SF4,SF4,35.70287872398617,1.6571192741394043,1.7173447608947754,0.7422889471054077,0.5135667324066162,1.000075101852417,7.811954021453857
SIA,3phz,A,5xla,A,1,[21],[20],SIA,SIA,23.995944125547307,2.329280376434326,1.5058331489562988,0.6393557786941528,0.5027698874473572,1.2133008241653442,7.058472633361816
VN4,2rar,A,4ri5,A,1,[4],[4],VN4,VN4,6.774299955695701,2.718353748321533,1.4958546161651611,0.7068606615066528,0.8220199942588806,1.0807273387908936,4.038499355316162
NAI,3fhm,A,5wjs,A,1,[44],[44],NAI,NAI,5.279754801389607,2.9311859607696533,1.4200714826583862,0.7137347459793091,0.9037432074546814,1.252528190612793,3.455392360687256
GOA,2o99,C,6gmb,A,1,[5],[5],GOA,GOA,9.245839845655329,2.4561896324157715,1.538113355636597,0.6939327716827393,0.5069627165794373,1.3017929792404177,4.80407190322876
F6P,3iv8,A,3pr3,A,1,[16],[16],F6P,F6P,10.054785665071103,2.3936891555786133,1.5591593980789185,0.7408151030540466,0.8996588587760925,1.0323690176010132,5.0136590003967285
CA,3vu1,B,6xux,A,1,[1],[1],CA,CA,32.27657682520477,1.951434135437012,1.6288641691207886,0.668631911277771,0.8164432644844055,1.2964253425598145,7.634624004364014
CA,4a44,A,4qn3,A,1,[1],[1],CA,CA,12.81491989791145,2.2968907356262207,1.5711190700531006,0.7203534245491028,0.8125429749488831,0.9552310109138488,5.616903305053711
CAA,2uzf,A,5lnq,A,1,[54],[54],CAA,CAA,9.804892974447213,2.869081497192383,1.502888560295105,0.7291447520256042,0.7406376600265503,1.110721230506897,4.950742721557617
SKM,3nvs,A,4p4g,A,1,[12],[12],SKM,SKM,9.990319171833555,2.573944091796875,1.49909245967865,0.7254507541656494,0.693440318107605,1.1619948148727417,4.9975786209106445
SF4,1oao,C,7bi7,A,1,[8],[8],SF4,SF4,16.67329401861984,2.247655868530273,1.6141119003295898,0.6488656997680664,0.9820389747619628,1.3168104887008667,6.250931739807129
SIA,3phz,A,6g47,A,1,[21],[20],SIA,SIA,30.43496150184268,2.4908156394958496,1.389531135559082,0.6915698051452637,0.8794282674789429,1.2450311183929443,7.52689266204834
NAI,5bwm,B,7wmz,C,1,[44],[44],NAI,NAI,8.285164238485084,2.528334140777588,1.4940577745437622,0.7341510653495789,0.8898547291755676,1.0485130548477173,4.53108549118042
CA,3eu3,A,4wk1,A,1,[1],[1],CA,CA,24.19231284693226,2.105872631072998,1.719643473625183,0.6765691637992859,0.6607036590576172,1.2221838235855105,7.075366020202637
SKM,2ev9,B,3slh,D,1,[12],[12],SKM,SKM,6.012221241859708,2.424393653869629,1.6056911945343018,0.7331166863441467,0.8843697309494019,1.132251858711243,3.754770278930664
CA,2cn3,A,3d6e,B,1,[1],[1],CA,CA,23.165645728014603,2.4307987689971924,1.523794174194336,0.7094489336013794,0.7850784659385681,1.110732913017273,6.984831809997559
NAI,1wnb,A,4g6h,A,1,[44],[44],NAI,NAI,2.9142855946443533,3.336230754852295,1.3120768070220947,0.7305929064750671,0.8763334155082703,0.9372977614402772,2.2566370964050293
CA,3g5i,A,4zg9,B,1,[1],[1],CA,CA,29.689426723336858,2.535619735717773,1.258173942565918,0.7184374928474426,0.5759249925613403,1.2108519077301023,7.480437278747559
SKM,3nvs,A,4fos,A,1,[12],[12],SKM,SKM,8.44276920841844,2.197049140930176,1.635068416595459,0.6986093521118164,0.5938016772270203,1.2649439573287964,4.577820777893066
SIA,4fvv,B,5egc,A,1,[21],[21],SIA,SIA,34.14331962330396,1.8758563995361328,1.411055564880371,0.6954615712165833,0.7872133255004883,1.2821780443191528,7.734651565551758
K,1jjw,A,3zd9,A,1,[1],[1],K,K,30.698006582624355,2.4868087768554688,1.499146819114685,0.6960849165916443,0.9131795167922974,1.0880329608917236,7.542877197265625
SIA,2bat,A,4d62,A,1,[21],[21],SIA,SIA,25.761158693518052,2.40783953666687,1.5509212017059326,0.6709039211273193,0.8809285163879395,1.2370442152023315,7.203670024871826
NXL,6d3g,C,6fj1,A,1,[17],[17],NXL,NXL,3.721406607225724,2.192065954208374,1.6427181959152222,0.7193707227706909,0.2954785823822021,1.0449239015579224,2.7121174335479736
CA,1ksc,A,6g7o,A,1,[1],[1],CA,CA,20.80496786277345,2.3130767345428467,1.5623290538787842,0.7552459836006165,0.6705740690231323,1.065750241279602,6.753770351409912
NAI,1e3e,A,7wmz,C,1,[44],[44],NAI,NAI,23.049212652092972,2.603842496871948,1.5642549991607666,0.6783264875411987,0.8554771542549133,1.133796453475952,6.974209308624268
GOA,3if9,A,3l24,B,1,[5],[5],GOA,GOA,9.866029117869196,2.2518632411956787,1.4969972372055054,0.6924354434013367,0.8994207382202148,1.0306951999664309,4.966281414031982
CA,3u48,B,7usf,A,1,[1],[1],CA,CA,38.83897650053691,2.520580530166626,1.413006067276001,0.7161634564399719,0.9120196104049684,1.104828953742981,7.952455043792725
NAI,2dld,A,5bwm,B,1,[44],[44],NAI,NAI,3.724793849329636,2.9920578002929688,1.5058985948562622,0.7311168313026428,0.8112003207206726,1.1184576749801636,2.713916063308716
NAI,2gwl,A,5itv,A,1,[44],[44],NAI,NAI,4.106492939108863,2.944099903106689,1.5493087768554688,0.7386271953582764,0.903317093849182,1.138844609260559,2.9110658168792725
SKM,3doo,A,3nvs,A,1,[12],[12],SKM,SKM,13.158921855291634,2.038114070892334,1.5434714555740356,0.7128937840461731,0.6029740571975708,1.0489190816879272,5.682009696960449
CA,1n2l,A,2jal,B,1,[1],[1],CA,CA,29.549160928336526,2.785358428955078,1.447962999343872,0.7230671644210815,0.8887808918952942,1.112644910812378,7.471501350402832
K,1gup,A,2ib8,D,1,[1],[1],K,K,27.156489060182597,2.4885621070861816,1.5935993194580078,0.707718014717102,0.6689469814300537,1.30182147026062,7.308680057525635
TTP,1mc3,A,7t18,A,1,[29],[29],TTP,TTP,5.218037371760411,2.4605839252471924,1.5781941413879397,0.7236848473548889,0.8943216800689697,0.9963557124137878,3.4288504123687744
SKM,2aa9,A,3sef,C,1,[12],[12],SKM,SKM,13.819400921313536,2.317057609558105,1.5796316862106323,0.649513304233551,0.435227483510971,1.597812533378601,5.801741600036621
CA,3a6o,A,5j3x,B,1,[1],[1],CA,CA,21.341960390937583,2.323434352874756,1.5937004089355469,0.6772848963737488,0.7252695560455322,1.107617735862732,6.809389114379883
RBF,1kyv,E,2vxa,A,1,[27],[27],RBF,RBF,12.904984733301323,2.451464891433716,1.7250325679779053,0.7240315079689026,0.8994473814964294,1.037711262702942,5.634138107299805
NAI,4fju,A,4yac,A,1,[27],[44],NAI,NAI,4.237878423373468,3.426863193511963,1.5283100605010986,0.7358892560005188,0.9423555731773376,1.0490325689315796,2.976481676101685
K,2gj8,D,3crl,B,1,[1],[1],K,K,32.75201936157127,3.231429100036621,1.4805879592895508,0.7296926975250244,0.90546053647995,0.9868711829185486,7.660929203033447
CA,2eab,A,3god,A,1,[1],[1],CA,CA,12.961282769326344,2.107478141784668,1.7205184698104858,0.7286067008972168,0.82659912109375,1.1173993349075315,5.644842624664307
CA,4g97,A,5h7w,B,1,[1],[1],CA,CA,23.742743502941213,3.021188735961914,1.5752496719360352,0.7277058959007263,0.8701080679893494,0.9234265685081482,7.036399841308594
NAI,4fju,A,7wmz,C,1,[44],[44],NAI,NAI,6.367617677041452,2.638350009918213,1.469863772392273,0.7116484642028809,0.8602999448776245,1.206620454788208,3.8903753757476807
K,2ib8,D,2qv6,A,1,[1],[1],K,K,7.240376649853106,2.664517879486084,1.6439203023910522,0.712128758430481,0.8975961208343506,1.0764553546905518,4.199662685394287
NAI,3rfv,A,7wmz,C,1,[44],[44],NAI,NAI,11.177932840220494,2.727311134338379,1.476307034492493,0.6712026596069336,0.9489465355873108,1.2969446182250977,5.278103828430176
K,2fxi,A,3fd5,B,1,[1],[1],K,K,8.514993276551662,2.3085899353027344,1.4730461835861206,0.7402352094650269,0.8111273050308228,0.990581214427948,4.598971843719482
NAI,1jki,A,2gwl,A,1,[44],[44],NAI,NAI,4.457759893523593,3.005100011825561,1.6161502599716189,0.7079535126686096,0.8466446995735168,1.2868406772613523,3.083299160003662
TYD,1h7q,A,3lv8,A,1,[25],[25],TYD,TYD,14.30289244877989,2.694465160369873,1.5360186100006104,0.7231742739677429,0.7822856307029724,1.056228756904602,5.885263442993164
CA,1jku,A,1os1,A,1,[1],[1],CA,CA,17.60485662837105,2.0369694232940674,1.585963487625122,0.7256643772125244,0.742768406867981,1.0414371490478516,6.377449035644531
SF4,3pdi,A,6lum,K,1,[8],[8],SF4,SF4,8.84009823810685,2.1092851161956787,1.6759681701660156,0.6493849158287048,0.8408377766609192,1.0743346214294434,4.692172050476074
TTP,3o0n,A,7b0h,F,1,[29],[29],TTP,TTP,16.465177404793472,1.9087193012237549,1.510998010635376,0.5248847007751465,0.8159025311470032,3.25014066696167,6.221449851989746
CA,1egg,B,2aig,P,1,[1],[1],CA,CA,19.900581001603992,2.488044023513794,1.4808212518692017,0.7280650734901428,0.939937949180603,1.3643418550491333,6.655583381652832
TTP,1xje,A,7b0h,F,1,[29],[29],TTP,TTP,20.094105785527667,2.0138139724731445,1.5130475759506226,0.6178830862045288,0.8739082217216492,0.9906592965126038,6.677090167999268
K,1d7r,A,3crl,B,1,[1],[1],K,K,38.96467187642278,2.829972982406616,1.531885027885437,0.7388755083084106,0.5934664607048035,1.0059964656829834,7.957711219787598
TTP,3mx2,B,3o0n,A,1,[29],[29],TTP,TTP,10.624940561301939,2.15913724899292,1.4359816312789917,0.6620475053787231,0.5639359354972839,1.35290265083313,5.151501178741455
RBF,2fl5,H,3a35,A,1,[27],[27],RBF,RBF,18.60535733917711,1.9020562171936035,1.764866590499878,0.7034246325492859,0.7461912035942078,1.2069029808044434,6.504151344299316
SF4,3o3m,D,4s2a,A,1,[8],[8],SF4,SF4,60.08031417230687,2.592742443084717,1.547492504119873,0.7248266339302063,0.6966208219528198,1.419257640838623,8.573065757751465
BU3,5i5m,B,5te4,G,1,[6],[6],BU3,BU3,19.656173120670946,2.365546226501465,1.4241129159927368,0.6481778025627136,0.7381395697593689,0.9394738674163818,6.628020763397217
TYD,1h7q,A,4lxq,B,1,[25],[25],TYD,TYD,11.149859848212094,2.730380058288574,1.4951252937316897,0.732744574546814,0.5075350999832153,1.0640612840652466,5.271836280822754
SF4,1e1d,A,4g9p,A,1,[8],[8],SF4,SF4,4.326989107358688,2.5114221572875977,1.27688729763031,0.5299862027168274,0.9829703569412231,1.1476911306381226,3.0201663970947266
F6P,3iv8,A,5k55,A,1,[16],[16],F6P,F6P,6.056065523905248,2.6999568939208984,1.3629372119903564,0.7253640294075012,0.6818032264709473,1.303712010383606,3.77182412147522
CA,3f8h,A,4ayl,A,1,[1],[1],CA,CA,11.194646642529227,2.494687080383301,1.6012976169586182,0.7467013001441956,0.9270989298820496,1.1552095413208008,5.281827449798584
SIA,3phz,A,6y6a,M,1,[21],[20],SIA,SIA,32.478403819011774,1.8342390060424805,1.5870052576065063,0.6813837885856628,0.8966144323348999,1.0557856559753418,7.645862579345703
1GP,3ew5,A,4mm1,A,1,[10],[10],1GP,1GP,4.952578557110877,2.707961082458496,1.520959734916687,0.7314862608909607,0.7195800542831421,1.2098432779312134,3.312190294265747
SKM,3nvs,A,3pgj,A,1,[12],[12],SKM,SKM,9.61792808347483,2.6568868160247803,1.485093116760254,0.7395694255828857,0.4319817721843719,0.9976980686187744,4.902621746063232
CA,2o18,C,2xrg,A,1,[1],[1],CA,CA,33.849795748362645,2.5926499366760254,1.4990339279174805,0.6867730617523193,0.8584692478179932,1.4016051292419434,7.71948766708374
CA,3a6o,A,4n3o,B,1,[1],[1],CA,CA,21.97180708722579,2.555166244506836,1.484121561050415,0.7114949822425842,0.8975962400436401,1.0706688165664673,6.872244358062744
CA,2ff2,B,4c16,A,1,[1],[1],CA,CA,4.852677886436526,2.203688144683838,1.672227382659912,0.7231972217559814,0.8370014429092407,1.034191370010376,3.267207384109497
K,1jjw,A,2ib8,D,1,[1],[1],K,K,16.017857849572106,2.705296516418457,1.5162394046783447,0.7187525629997253,0.9221230149269104,1.2022664546966553,6.156486034393311
CA,1je5,B,4nyu,A,1,[1],[1],CA,CA,38.867097187910524,2.2447781562805176,1.94124698638916,0.6743314266204834,0.9582751393318176,1.3128836154937744,7.953633308410644
PC,2bib,A,4bbj,A,1,[11],[11],PC,PC,50.9659539855239,2.554152011871338,1.5114355087280271,0.7406171560287476,0.8343821167945862,0.9548940062522888,8.359740257263184
SF4,3pdi,A,5y6q,B,1,[8],[8],SF4,SF4,29.032081971481656,2.3775060176849365,1.3680568933486938,0.6406220197677612,0.9361463785171508,1.1475703716278076,7.438004970550537
TTP,1w4r,A,2ggq,A,1,[29],[29],TTP,TTP,10.034343464257242,2.7465157508850098,1.5682743787765503,0.7018548250198364,0.7415524125099182,1.0849250555038452,5.008571147918701
SF4,4a15,A,6djt,A,1,[8],[8],SF4,SF4,49.375293740593214,2.403266191482544,1.54704487323761,0.7088853120803833,0.8027278780937195,1.0039249658584597,8.315797805786133
SF4,5kh0,A,7bi7,A,1,[8],[8],SF4,SF4,13.578826556626627,2.6128649711608887,1.3393031358718872,0.6492515802383423,0.9488950967788696,1.1358896493911743,5.758906841278076
COM,4ay8,A,5n1q,A,1,[7],[7],COM,COM,51.234898968279865,1.832465648651123,1.3867793083190918,0.645905077457428,0.9331680536270142,1.0763235092163086,8.366944313049316
SKM,2hk9,A,3slh,D,1,[12],[12],SKM,SKM,9.41243907439831,2.345655918121338,1.719395875930786,0.6917043924331665,0.9386633038520812,1.3451021909713743,4.848663806915283
COM,4pom,A,5n1q,A,1,[7],[7],COM,COM,36.88217041786267,2.316534996032715,1.2550175189971924,0.6993522047996521,0.924252986907959,0.9673614501953124,7.866992950439453
SF4,3egw,A,6fz6,A,1,[8],[8],SF4,SF4,4.63560031446464,2.4180655479431152,1.3251715898513794,0.6201305985450745,0.9666484594345092,1.594253659248352,3.1673455238342285
1GP,4nae,A,4rgq,B,1,[10],[10],1GP,1GP,9.812940474128888,2.7046847343444824,1.4448142051696775,0.7497268915176392,0.7791540026664734,1.110102295875549,4.952793598175049
SF4,1iqz,A,6bxk,A,1,[8],[8],SF4,SF4,19.66228883770303,2.1186249256134038,1.5582520961761477,0.7333129048347473,0.8735329508781433,1.053170919418335,6.628715991973877
SF4,5ztb,B,6x1o,C,1,[8],[8],SF4,SF4,16.3996994907254,2.2139687538146973,1.5532312393188477,0.6727840304374695,0.8730993866920471,1.424404501914978,6.212078094482422
SF4,1h98,A,4s28,A,1,[8],[8],SF4,SF4,30.418549324016475,2.2219159603118896,1.626267433166504,0.7374802231788635,0.7826808094978333,1.1993675231933594,7.525888442993164
TTP,3o0n,A,7t18,A,1,[29],[29],TTP,TTP,30.036211340747414,1.4292259216308594,1.904063582420349,0.6145846843719482,0.6443055272102356,1.13914954662323,7.502261161804199
PQQ,3das,A,7wmk,A,1,[24],[24],PQQ,PQQ,5.143262790724878,2.979806900024414,1.2520909309387207,0.691190242767334,0.9700976610183716,1.1691445112228394,3.396403312683105
1GP,2f6x,A,3ew5,A,1,[10],[10],1GP,1GP,10.117351344076454,2.506320714950561,1.6307322978973389,0.6982492208480835,0.4270351529121399,1.1752103567123413,5.0291666984558105
SF4,2a5h,B,3egw,A,1,[8],[8],SF4,SF4,24.115270674559838,2.2058894634246826,1.437826156616211,0.6438449621200562,0.6941598057746887,1.725924372673035,7.068761348724365
RBF,1hze,A,2fl5,H,1,[27],[27],RBF,RBF,18.610418867374197,2.29062557220459,1.6877995729446411,0.7309812903404236,0.4663975834846496,1.069459080696106,6.504769802093506
K,2ib8,D,3crl,B,1,[1],[1],K,K,35.40310138944638,2.3362739086151123,1.695285439491272,0.7297489047050476,0.7108377814292908,1.0766143798828125,7.797507286071777
TTP,1mc3,A,7b0h,F,1,[29],[29],TTP,TTP,4.473625592650112,2.484055995941162,1.6312799453735352,0.6819164752960205,0.8492260575294495,1.007080316543579,3.090881109237671
TTP,1cr1,A,6n9u,H,1,[29],[29],TTP,TTP,14.476161164948147,2.259886741638184,1.629494309425354,0.6905765533447266,0.4463438093662262,1.3022252321243286,5.914391994476318
SF4,1iqz,A,6fwr,A,1,[8],[8],SF4,SF4,42.399220639948744,2.3931689262390137,1.5792996883392334,0.6715551614761353,0.8826346397399902,1.2227978706359863,8.091574668884277
SIA,3r4s,A,5egc,A,1,[21],[21],SIA,SIA,47.03835462937276,1.8527030944824217,1.6952568292617798,0.6051073670387268,0.9647731184959412,1.221819519996643,8.246793746948242
SKM,3slh,D,4y0a,A,1,[12],[12],SKM,SKM,5.665741070493154,2.3243439197540283,1.7059813737869265,0.7290008068084717,0.819612443447113,1.2483680248260498,3.616644144058228
K,2ib8,D,4jay,A,1,[1],[1],K,K,7.53520981318621,2.3577823638916016,1.5550410747528076,0.7256771922111511,0.8511224985122681,0.9705114960670472,4.29718828201294
RBF,1kyv,E,2cc8,A,1,[27],[27],RBF,RBF,15.818680314159911,2.6577601432800293,1.1698793172836304,0.6941702365875244,0.9668672680854796,0.9114680886268616,6.126835346221924
K,6cq6,B,6npl,A,1,[1],[1],K,K,25.632659850679904,1.9913902282714844,1.509703278541565,0.6334277987480164,0.8927043080329895,1.287375807762146,7.1935858726501465
K,1d7r,A,1gup,A,1,[1],[1],K,K,30.263813499706632,2.642000675201416,1.4292320013046265,0.6800960898399353,0.7729026675224304,1.1958584785461426,7.516380310058594
TYD,4rii,A,6b5e,B,1,[25],[25],TYD,TYD,25.018180749511753,3.0582354068756104,1.552157640457153,0.7534103989601135,0.7194836735725403,1.006428360939026,7.144340515136719
SF4,5ktn,A,7bi7,A,1,[8],[8],SF4,SF4,12.991157542257854,2.485936164855957,1.5627107620239258,0.7224245667457581,0.9268447160720824,1.2451297044754028,5.650501728057861
SF4,2fug,6,6djt,A,1,[8],[8],SF4,SF4,17.37559399232155,2.165663480758667,1.536756157875061,0.6717671155929565,0.7545990347862244,1.135619044303894,6.347111225128174
TTP,1cr1,A,3o0n,A,1,[29],[29],TTP,TTP,31.171074125924093,2.360702514648437,1.5330301523208618,0.6529872417449951,0.5699814558029175,1.0729527473449707,7.571110248565674
K,1gup,A,2fxi,A,1,[1],[1],K,K,45.238099251745254,2.572681188583374,1.7154849767684937,0.6866844892501831,0.9679200053215028,1.2908828258514404,8.189655303955078
SF4,1a6l,A,4s28,A,1,[8],[8],SF4,SF4,36.50533419876805,2.4529099464416504,1.671955943107605,0.7365147471427917,0.9002151489257812,1.2899194955825806,7.849709033966064
TTP,1xje,A,2ggq,A,1,[29],[29],TTP,TTP,32.69079488692136,2.3411190509796143,1.4808026552200315,0.6634094715118408,0.8570240139961243,0.9979549646377563,7.657574653625488
TYD,1h7q,A,2v54,A,1,[25],[25],TYD,TYD,15.381152622619782,2.737194538116455,1.7160300016403198,0.7360679507255554,0.6778156757354736,1.0420825481414795,6.060068607330322
PC,1o72,A,4bbj,A,1,[11],[11],PC,PC,44.478216008005155,2.299311399459839,1.4502902030944824,0.6866947412490845,0.5511406660079956,1.1351134777069092,8.164403915405273
RBF,2cc8,A,4iil,A,1,[27],[27],RBF,RBF,12.657696727372361,2.3077287673950195,1.3906759023666382,0.7026851773262024,0.9361042380332948,1.0552945137023926,5.586488723754883
FDA,3v76,A,7e8p,D,1,[53],[53],FDA,FDA,8.088091851521416,2.581592082977295,1.6759214401245115,0.7117188572883606,0.8267696499824524,1.0933510065078735,4.471500873565674
TTP,2ggq,A,6n9u,H,1,[29],[29],TTP,TTP,4.7728774835012056,2.4699065685272217,1.4790873527526855,0.6812058687210083,0.8982530236244202,1.0962376594543457,3.2308380603790283
F6P,3iv8,A,3o8o,B,1,[16],[16],F6P,F6P,12.377928020214437,2.3722002506256104,1.5483028888702393,0.6784095764160156,0.803714394569397,0.9714938402175904,5.53131103515625
TTP,1cr1,A,1xje,A,1,[29],[29],TTP,TTP,31.900393779211523,2.6293387413024902,1.5498454570770264,0.6543615460395813,0.6000940799713135,1.1159859895706177,7.613387584686279
DGT,2atz,A,2iry,A,1,[31],[31],DGT,DGT,3.182546906617728,2.8368401527404785,0.8548558950424194,0.8428070545196533,0.9878983497619628,0.8102266192436218,2.414212465286255
K,1jjw,A,3crl,B,1,[1],[1],K,K,23.387223443041496,2.3958609104156494,1.6394474506378174,0.6960408687591553,0.8400033712387085,1.1977158784866333,7.004842281341553
F6P,3iv8,A,5htk,A,1,[16],[16],F6P,F6P,40.30309194076707,2.782324314117432,1.4944196939468384,0.7181789875030518,0.893406331539154,1.0803167819976809,8.01205062866211
TTP,1cr1,A,3mx2,B,1,[29],[29],TTP,TTP,47.262311733417796,2.6581642627716064,1.5671777725219729,0.7254421710968018,0.8210625052452087,1.0791460275650024,8.253650665283203
TTP,2ggq,A,2uz3,B,1,[29],[29],TTP,TTP,10.382587553488266,2.6358604431152344,1.573902606964111,0.7087115049362183,0.8430375456809998,1.0561048984527588,5.093851566314697
F6P,3iv8,A,3m5p,A,1,[16],[16],F6P,F6P,11.990371285278119,1.7983531951904297,1.733926773071289,0.6863947510719299,0.717094361782074,1.0183935165405271,5.452555179595947
TTP,1cr1,A,1mc3,A,1,[29],[29],TTP,TTP,5.772347738590141,2.7980194091796875,1.7668496370315552,0.7169989943504333,0.6790813207626343,1.121444821357727,3.659789800643921
PC,1b09,A,3lkf,A,1,[11],[11],PC,PC,5.433932341646876,2.488161087036133,1.234529733657837,0.6716392636299133,0.9093223810195924,1.320057392120361,3.5207698345184326
K,2ib8,D,3fd5,B,1,[1],[1],K,K,8.964341664017095,2.754108190536499,1.6065162420272827,0.7238057851791382,0.4914179742336273,1.195460557937622,4.726945877075195
TYD,1h7q,A,1rrv,A,1,[25],[25],TYD,TYD,3.2249424895433094,3.1453936100006104,1.5035468339920044,0.7713754177093506,0.6950103044509888,0.9387311339378356,2.438530445098877
K,1gup,A,1jjw,A,1,[1],[1],K,K,22.949458847898917,2.3518319129943848,1.683070421218872,0.6963224411010742,0.8644730448722839,1.1529134511947632,6.965048789978027
K,1jjw,A,2gj8,D,1,[1],[1],K,K,14.991687916602215,2.4462203979492188,1.5840508937835691,0.7241511344909668,0.8662933707237244,1.169503688812256,5.998669624328613
K,1gup,A,2gj8,D,1,[1],[1],K,K,25.9480856074949,2.56237268447876,1.6290472745895386,0.7237788438796997,0.8844876885414124,1.102126955986023,7.218210697174072
PC,2bib,A,5tcd,A,1,[11],[11],PC,PC,5.122748044758503,2.737758159637451,1.4238845109939575,0.7742607593536377,0.7802091240882874,0.8430526852607727,3.3874452114105225
TYD,1h7q,A,1pn3,A,1,[25],[25],TYD,TYD,3.1250862112343594,3.157386302947998,1.4329506158828735,0.7693532109260559,0.7675990462303162,0.9827642440795898,2.381002426147461
K,3crl,B,6cq6,B,1,[1],[1],K,K,35.516454948378275,1.97216796875,1.534093737602234,0.7046312093734741,0.802117645740509,1.2558995485305786,7.802992343902588
F6P,3iv8,A,3n1c,A,1,[16],[16],F6P,F6P,12.247859687179787,2.849745512008667,1.55861496925354,0.7167640924453735,0.8888005018234253,1.0925261974334717,5.505185604095459
CAA,2uzf,A,5ab6,D,1,[54],[54],CAA,CAA,7.798372716910963,2.793384075164795,1.4863083362579346,0.753595769405365,0.7096474170684814,0.9962311387062072,4.381508827209473
TTP,2ggq,A,4a6a,A,1,[29],[29],TTP,TTP,14.936675897839573,1.930989980697632,1.8441203832626345,0.6747161746025085,0.8829360008239746,1.3752307891845703,5.989842414855957
SIA,2v73,A,5egc,A,1,[21],[21],SIA,SIA,39.17620006908088,2.4321138858795166,1.7133119106292725,0.5892504453659058,0.801534116268158,1.0405353307724,7.966495990753174
TTP,2ggq,A,2j87,D,1,[29],[29],TTP,TTP,10.241804955533514,2.7735071182250977,1.588326096534729,0.7006306648254395,0.8148815035820007,1.0158272981643677,5.059729099273682
SIA,2bat,A,6g47,A,1,[21],[21],SIA,SIA,28.85258854904344,2.367035388946533,1.3769025802612305,0.692621111869812,0.9385855793952942,1.1694397926330566,7.426168918609619
SIA,2bat,A,4fvv,B,1,[21],[21],SIA,SIA,11.56325895216532,2.290992259979248,1.607074737548828,0.6086417436599731,0.9607914686203004,1.507009983062744,5.362482070922852
TYD,1h7q,A,3wag,B,1,[25],[25],TYD,TYD,3.3849220750193165,3.1299731731414795,1.4079694747924805,0.7714765667915344,0.6848390698432922,1.088412165641785,2.52890682220459
SIA,5egc,A,6y6a,M,1,[21],[21],SIA,SIA,27.558155403200644,2.362809896469116,1.7930946350097656,0.6650314927101135,0.9409342408180236,1.5559159517288208,7.337462425231934
SIA,2bat,A,2wbv,B,1,[21],[21],SIA,SIA,14.77364237698687,2.4579169750213623,1.9487005472183228,0.5522496104240417,0.9720742702484132,1.286393404006958,5.963451862335205
SIA,2bat,A,4k6u,B,1,[20],[21],SIA,SIA,22.605684825229403,2.354213237762451,1.5593005418777466,0.6077846884727478,0.9044577479362488,1.4209959506988523,6.933050155639648
TYD,1epz,A,4zyj,D,1,[25],[25],TYD,TYD,22.734958151615714,2.363708257675171,1.5635550022125244,0.7052868604660034,0.5708944201469421,1.4740411043167114,6.945161819458008
K,1jjw,A,4jay,A,1,[1],[1],K,K,8.215971739060569,2.333897113800049,1.4987516403198242,0.719894289970398,0.8947069048881531,1.0065537691116333,4.510312080383301
K,1jjw,A,2qv6,A,1,[1],[1],K,K,17.348672518362843,2.522260427474976,1.5599584579467771,0.7387362122535706,0.7862105965614319,0.9990963339805604,6.343515396118164
SIA,2bat,A,6y6a,M,1,[21],[21],SIA,SIA,28.074433844974035,2.186255931854248,1.971662521362305,0.5624744296073914,0.9185296297073364,1.652463436126709,7.373565673828125
SIA,2wbv,B,3phz,A,1,[20],[21],SIA,SIA,45.73106038661849,2.1086111068725586,1.4639058113098145,0.7059756517410278,0.622350811958313,1.200057029724121,8.205668449401855
SIA,4d62,A,5egc,A,1,[21],[21],SIA,SIA,34.463648672314584,2.494612693786621,1.2434571981430054,0.6512312889099121,0.9995477795600892,1.3256006240844729,7.750971794128418
TYD,4zyj,D,5tpu,A,1,[25],[25],TYD,TYD,30.67151819244592,2.010509967803955,1.6216845512390137,0.7201744318008423,0.8170909285545349,1.3533746004104614,7.541276931762695
TYD,1epz,A,3vbm,E,1,[25],[25],TYD,TYD,18.83435827441417,2.3280558586120605,1.5401850938796997,0.7445812225341797,0.877385675907135,1.202761173248291,6.531915187835693
SIA,4k6u,B,5egc,A,1,[21],[20],SIA,SIA,40.53975047656229,2.228379249572754,1.554320216178894,0.6493390798568726,0.8831126093864441,1.5275094509124756,8.02135944366455
TYD,1h7q,A,4lei,A,1,[25],[25],TYD,TYD,3.1392828438840548,3.108722925186157,1.4761207103729248,0.7475028038024902,0.5255564451217651,1.0225368738174438,2.38923454284668
TYD,1h7q,A,3oth,A,1,[25],[25],TYD,TYD,3.2234769252392055,3.1319026947021484,1.3934563398361206,0.7446895837783813,0.6412758827209473,1.0192594528198242,2.437692403793335
TYD,4lei,A,6b5e,B,1,[25],[25],TYD,TYD,24.934588599655978,3.0635719299316406,1.4694429636001587,0.731826901435852,0.8965310454368591,1.1132800579071045,7.137507438659668
SIA,2bat,A,5egc,A,1,[21],[21],SIA,SIA,43.51715155254841,1.981422781944275,1.7924705743789673,0.5484987497329712,0.94686096906662,1.4124287366867063,8.131440162658691
SIA,2wbv,B,5egc,A,1,[21],[21],SIA,SIA,55.743544150941496,2.1577327251434326,1.6146820783615112,0.5888115167617798,0.9637590050697328,1.5888657569885254,8.478938102722168
SIA,2bat,A,2v73,A,1,[21],[21],SIA,SIA,23.345258527070026,2.1499223709106445,1.6626583337783811,0.7026180028915405,0.9031727910041808,1.3382452726364136,7.001072883605957
K,3zd9,A,4jay,A,1,[1],[1],K,K,22.994071251959518,2.274327516555786,1.699406385421753,0.6832911372184753,0.5755169987678528,1.3883475065231323,6.969152450561523
SIA,3phz,A,5egc,A,1,[21],[20],SIA,SIA,59.89490860661582,1.971392273902893,1.5397093296051023,0.5562093257904053,0.5128660202026367,1.428385853767395,8.569280624389648
TYD,5h56,B,6b5e,B,1,[25],[25],TYD,TYD,22.271473131367845,2.979368209838867,1.4447160959243774,0.722841203212738,0.8467504978179932,1.084860920906067,6.901288032531738
SIA,3phz,A,4nfd,A,1,[21],[20],SIA,SIA,42.535552242156065,2.541980504989624,1.6633723974227903,0.7228761315345764,0.8691456317901611,1.0650370121002195,8.096527099609375
SIA,2bat,A,3r4s,A,1,[21],[21],SIA,SIA,18.019623805360965,1.9091506004333496,1.7474889755249023,0.6974001526832581,0.8339776992797852,1.0988579988479614,6.43107271194458
SIA,3phz,A,4k6u,B,1,[20],[20],SIA,SIA,52.22929104699054,2.218322515487671,1.7333110570907593,0.7022404670715332,0.8072882294654846,1.3287917375564575,8.39303970336914
SIA,4nfd,A,5egc,A,1,[21],[21],SIA,SIA,29.920712589227364,1.7424237728118896,1.4795351028442385,0.5868189334869385,0.9331074357032776,1.0907082557678225,7.495034694671631
SAM,3nk7,B,4gc9,A,2,[27],[27],SAM,SAM,3.5860368985435973,3.3049750328063965,1.626012682914734,0.7161939740180969,0.9597730040550232,0.8985560536384583,2.6395018100738525
SIA,3r4s,A,6y6a,M,2,[21],[21],SIA,SIA,9.255111645844742,1.7841041088104248,1.578043818473816,0.660484790802002,0.9297530055046082,1.2357525825500488,4.806573867797852
COM,2c3c,A,3sqg,A,2,[7],[7],COM,COM,19.23959420559815,1.889225721359253,1.616607904434204,0.581855297088623,0.7451179027557373,1.0725380182266235,6.57997989654541
PGW,4jta,Q,6tq4,A,2,[51],[22],PGW,PGW,53.62814969887286,2.3097081184387207,1.4079327583312988,0.6595345735549927,0.6841962933540344,1.2287672758102417,8.42836856842041
DGT,2pyj,B,3au2,A,2,[31],[31],DGT,DGT,8.193045364458277,2.4920854568481445,1.360287070274353,0.6127631068229675,0.7245681881904602,1.0273926258087158,4.50339412689209
DPV,3kyq,A,4cbj,B,2,[23],[23],DPV,DPV,7.099401556169215,2.161233425140381,1.5258495807647705,0.7714362144470215,0.908426821231842,1.1710492372512815,4.15184211730957
5ID,3uwp,A,5od2,B,2,[20],[20],5ID,5ID,4.013059799789472,2.976893901824951,1.446335792541504,0.7574700117111206,0.753565788269043,1.1013562679290771,2.863799810409546
F6P,2r66,A,3n1c,A,2,[16],[16],F6P,F6P,24.437655939383607,3.0538103580474854,1.2762014865875244,0.7423863410949707,0.8563070297241211,1.0678558349609375,7.0962018966674805
COM,1e6v,A,2c3c,A,2,[7],[7],COM,COM,67.02483127018218,2.2096080780029297,1.7980191707611084,0.6572275161743164,0.7186702489852905,1.291861653327942,8.701717376708984
F6P,3n1c,A,5k55,A,2,[16],[16],F6P,F6P,12.930455013533125,2.5409069061279297,1.6382839679718018,0.7325621247291565,0.4353830814361572,1.2880719900131226,5.6389875411987305
SAM,3m6w,A,5twj,C,2,[27],[27],SAM,SAM,4.540032005164977,3.293298721313477,1.3879493474960327,0.7099311947822571,0.9850698113441468,0.849160373210907,3.122436046600342
CA,3pak,A,4fgo,A,2,[1],[1],CA,CA,9.794092179606714,2.702061176300049,1.4100991487503052,0.7545810341835022,0.8358237147331238,1.1341469287872314,4.94798755645752
5ID,2zoq,A,3uwp,A,2,[20],[20],5ID,5ID,3.0039946095311194,3.175295829772949,1.4998594522476196,0.7319056987762451,0.7629745006561279,1.1721866130828855,2.3100552558898926
SAM,3uj7,A,5o96,D,2,[27],[27],SAM,SAM,4.175941986272572,3.3416359424591064,1.378345012664795,0.7161557674407959,0.9228277802467346,0.9403267502784728,2.9457950592041016
SAM,2qmm,A,3mte,A,2,[26],[19],SAM,SAM,3.4120564625198413,3.468993186950684,1.3324601650238037,0.7032195925712585,0.9337939023971558,0.9930095076560974,2.544021844863892
F6P,1fsa,A,5htk,A,2,[16],[16],F6P,F6P,37.47375097849506,2.310935735702514,1.4122421741485596,0.6457536816596985,0.7809638381004333,1.2825071811676023,7.893572807312012
DGT,2pyj,B,3f2b,A,2,[31],[31],DGT,DGT,43.195560813566765,1.8638893365859983,1.7529391050338743,0.5588886141777039,0.2497367262840271,0.8706451654434204,8.12014389038086
COH,4n73,A,5f1a,A,2,[43],[43],COH,COH,16.069670962940364,2.309753656387329,1.6016610860824585,0.6058372259140015,0.7011363506317139,1.3866103887557983,6.164124965667725
SAM,1i9g,A,5twj,C,2,[27],[27],SAM,SAM,4.361975259198771,3.2951436042785645,1.422250270843506,0.6844605207443237,0.9659971594810486,0.8923996090888977,3.0371694564819336
DGT,2atz,A,2pyj,B,2,[31],[31],DGT,DGT,7.094879896182828,1.942720413208008,1.5087802410125732,0.6983507871627808,0.9701232314109802,1.0586072206497192,4.150295257568359
F6P,2axn,A,5k55,A,2,[16],[16],F6P,F6P,40.78103169310625,2.2992959022521973,1.409883737564087,0.658821165561676,0.8362536430358887,1.1562498807907104,8.030760765075684
HSA,1fg3,A,5eq9,B,2,[14],[14],HSA,HSA,5.490805595357999,2.3927855491638184,1.7639964818954468,0.7072916030883789,0.7497497200965881,1.1799681186676023,3.544557809829712
F6P,3pr3,A,6ayu,A,2,[16],[16],F6P,F6P,14.359251192581757,2.5440616607666016,1.563122034072876,0.7392323613166809,0.8070216178894043,1.073969841003418,5.8947834968566895
SAM,2npn,A,4qtu,B,2,[27],[27],SAM,SAM,2.580206123464904,3.144031524658203,1.512508749961853,0.7070146799087524,0.691720187664032,1.1639152765274048,2.051004648208618
SAM,4fak,A,4ymg,B,2,[27],[27],SAM,SAM,4.457348759224381,3.452964782714844,1.2930015325546265,0.7072524428367615,0.8728722929954529,0.959722101688385,3.0831024646759038
GST,3vc1,D,6ime,A,2,[19],[19],GST,GST,9.18395872591888,2.9317636489868164,1.3952820301055908,0.7499514222145081,0.9401562213897704,1.1377969980239868,4.787311553955078
SAM,2wa2,A,5o96,D,2,[27],[27],SAM,SAM,3.9174121515420013,3.2145750522613525,1.427903652191162,0.6922798752784729,0.7517310976982117,1.0447434186935425,2.814756155014038
TTP,2j87,D,3mx2,B,2,[29],[29],TTP,TTP,40.538897912559825,2.579103946685791,1.586732029914856,0.6489316821098328,0.8611106872558594,1.5005409717559814,8.021326065063477
F6P,5htk,A,5k55,A,2,[16],[16],F6P,F6P,42.04458088164128,2.2872912883758545,1.640168309211731,0.6593214273452759,0.8179525136947632,1.086562156677246,8.078570365905762
BG6,5hg1,A,5hj5,B,2,[16],[16],BG6,BG6,26.16077324993336,2.457822799682617,1.5698071718215942,0.6693064570426941,0.7817411422729492,1.1599786281585691,7.234572410583496
F6P,1t10,A,5k55,A,2,[16],[16],F6P,F6P,16.144170222739167,2.4968552589416504,1.5967204570770264,0.7351133227348328,0.7731632590293884,1.0462539196014404,6.175055503845215
5ID,2zoq,A,5od2,B,2,[20],[20],5ID,5ID,4.716869049885132,3.258962631225586,1.448850154876709,0.7866328954696655,0.5263166427612305,0.9782969355583192,3.2050764560699463
QUE,1e8w,A,1h1i,B,2,[22],[22],QUE,QUE,7.17798808161746,2.0286827087402344,1.4121460914611816,0.7209806442260742,0.7787228226661682,1.111109972000122,4.178596496582031
AMU,3cyq,D,8ow7,A,2,[20],[20],AMU,AMU,10.797001958068865,2.1842498779296875,1.6100541353225708,0.7326095104217529,0.8886128664016724,1.257736086845398,5.191614627838135
RBF,2cc8,A,4r3a,A,2,[27],[27],RBF,RBF,30.68177479953505,2.2005739212036133,1.681410312652588,0.6953692436218262,0.8787850141525269,1.0727108716964722,7.541896820068359
SAM,3dlc,A,4fak,A,2,[27],[27],SAM,SAM,4.205130037455949,3.388698101043701,1.322759747505188,0.6965811848640442,0.954692006111145,0.979127049446106,2.960289716720581
RUB,8thm,B,9rub,A,2,[18],[18],RUB,RUB,18.339918699923093,2.3477203845977783,1.5597126483917236,0.6808739900588989,0.5638929605484009,1.2787202596664429,6.471408367156982
SAM,2qmm,A,5hfj,C,2,[27],[19],SAM,SAM,2.716763566596569,3.365457057952881,1.2710974216461182,0.7143679261207581,0.9309696555137634,0.9729875326156616,2.136363983154297
CA,5ykb,D,6oau,A,2,[1],[1],CA,CA,22.8675475847473,2.595546245574951,1.4408307075500488,0.72621750831604,0.7433421611785889,0.9163524508476256,6.957485198974609
CA,1f2o,A,1gpl,A,2,[1],[1],CA,CA,28.66110640914866,3.023116111755371,1.2952463626861572,0.7432808876037598,0.922856867313385,1.0368136167526243,7.413421154022217
PC,4bbj,A,5egh,B,2,[11],[11],PC,PC,49.00605774127564,2.3567609786987305,1.5003714561462402,0.731850266456604,0.8332451581954956,1.0606776475906372,8.305258750915527
1GP,3ew5,A,6dgm,B,2,[10],[10],1GP,1GP,13.70118285985072,2.4506285190582275,1.6258078813552856,0.744917631149292,0.7562069892883301,1.219538688659668,5.780801296234131
1GP,3ew5,A,4rgq,B,2,[10],[10],1GP,1GP,11.423736515108207,2.8220431804656982,1.4717183113098145,0.6823492050170898,0.9306904077529908,1.1254432201385498,5.332280158996582
SAM,2glu,A,2qmm,A,2,[19],[27],SAM,SAM,3.0640445617956784,3.4738869667053223,1.2481435537338257,0.6928367018699646,0.9280620813369752,0.9765315651893616,2.345402717590332
GST,4lls,A,4od5,A,2,[19],[19],GST,GST,13.903880765096709,2.605210304260254,1.4725325107574463,0.6958721280097961,0.686620831489563,1.43243670463562,5.8165788650512695
TTP,3mx2,B,7t18,A,2,[29],[29],TTP,TTP,38.661409356885265,2.366492748260498,1.5974446535110474,0.6563220024108887,0.6937279105186462,1.3957277536392212,7.94498348236084
SAM,2ejt,A,5vm8,B,2,[27],[27],SAM,SAM,4.499418284985564,3.322442054748535,1.4074736833572388,0.7074167132377625,0.8862758874893188,0.9615785479545592,3.1031715869903564
NAI,4yai,A,7uyy,A,2,[44],[44],NAI,NAI,4.019939227266531,3.819474458694458,1.2438108921051023,0.7437924742698669,0.9061737656593324,0.9863455295562744,2.8673014640808105
F6P,3o8o,B,5k55,A,2,[16],[16],F6P,F6P,14.047977799947253,2.4996743202209477,1.5589582920074463,0.6788357496261597,0.8663589954376221,1.1844375133514404,5.841646194458008
HEM,1ch4,A,3el3,A,2,[43],[43],HEM,HEM,6.402502792016713,2.264279842376709,1.5107486248016355,0.6718149185180664,0.6284546256065369,0.9677724838256836,3.903369426727295
M6P,4r73,A,4zev,A,2,[16],[16],M6P,M6P,6.730740679311381,2.558600425720215,1.503775954246521,0.7457007169723511,0.858617901802063,1.0766912698745728,4.02297830581665
SAM,2ejt,A,3dcm,X,2,[27],[27],SAM,SAM,4.623162714823148,3.210639715194702,1.5963668823242188,0.6981770396232605,0.8763334155082703,0.9610901474952698,3.161534070968628
DGT,2iry,A,5hrf,A,2,[31],[31],DGT,DGT,6.634822584073237,3.072321891784668,1.3189573287963867,0.731216549873352,0.9438389539718628,0.9961107969284058,3.9885141849517822
SAM,5vm8,B,6clx,B,2,[27],[27],SAM,SAM,5.094620467807908,3.376352310180664,1.4151182174682615,0.6830925941467285,0.8077225089073181,1.040608525276184,3.3751232624053955
SAM,1cma,B,6ift,A,2,[27],[27],SAM,SAM,23.8584811608242,2.340841293334961,1.593729853630066,0.7323810458183289,0.411917507648468,1.2205475568771362,7.046530246734619
SAM,3t7s,A,4fak,A,2,[27],[27],SAM,SAM,4.086507185646641,3.4240946769714355,1.3696801662445068,0.7143163681030273,0.8526400327682495,0.931509792804718,2.901008129119873
K,2fxi,A,2ib8,D,2,[1],[1],K,K,16.427821173363142,2.416202545166016,1.5456308126449585,0.736445426940918,0.8816428780555725,1.0075602531433103,6.216108798980713
NAI,1wnb,A,4q3a,C,2,[44],[44],NAI,NAI,3.994882261654633,3.873833656311035,1.177155375480652,0.7582923769950867,0.8937919735908508,0.8829366564750671,2.8545308113098145
3CX,3oqj,B,4z7x,A,2,[15],[15],3CX,3CX,17.502525472089197,2.626298427581787,1.5706344842910769,0.6620643138885498,0.9600648880004884,1.201351284980774,6.363970279693604
NAI,4cuk,A,7uyy,A,2,[44],[44],NAI,NAI,4.012606155170781,3.857264518737793,1.238219976425171,0.7623634338378906,0.8247682452201843,0.8995174169540405,2.8635687828063965
SAM,2egv,A,2vdv,E,2,[27],[27],SAM,SAM,4.464734298917142,3.3261148929595947,1.3334945440292358,0.6972620487213135,0.6786221265792847,0.9681617617607116,3.0866341590881348
BG6,3hm8,A,7e6i,A,2,[16],[16],BG6,BG6,10.868348969529544,3.0542662143707275,1.6699271202087402,0.7504040002822876,0.9419719576835632,1.040907621383667,5.208054065704346
CA,1w3w,A,1ys6,B,2,[1],[1],CA,CA,24.171503748409073,2.585174798965454,1.4260139465332031,0.6447513103485107,0.9437448978424072,1.3971819877624512,7.073585033416748
TTP,2ja1,A,7t18,A,2,[29],[29],TTP,TTP,6.366729903325059,2.862125396728516,0.9099536538124084,0.7470725774765015,0.961946666240692,0.8687297701835632,3.8900439739227295
F6P,2r66,A,5k55,A,2,[16],[16],F6P,F6P,22.48833633974543,2.673181533813477,1.4409643411636353,0.674618661403656,0.9093642830848694,1.2005568742752075,6.921972274780273
SIA,2wbv,B,3r4s,A,2,[21],[21],SIA,SIA,39.126573160375976,2.254352569580078,1.4471933841705322,0.7062865495681763,0.7550092935562134,1.1612765789031982,7.964441776275635
F6P,3n1c,A,6ayu,A,2,[16],[16],F6P,F6P,16.430275885866788,2.619974136352539,1.4433990716934204,0.6637264490127563,0.8600693345069885,1.328959584236145,6.216460227966309
BG6,3hm8,A,5hj5,B,2,[16],[16],BG6,BG6,22.569266407539498,2.827410697937012,1.415466070175171,0.6801985502243042,0.7359485030174255,1.2548595666885376,6.929620742797852
FDA,4cy8,A,4mo2,B,2,[53],[53],FDA,FDA,1.281934281659032,4.530818462371826,0.4918774962425232,0.807008683681488,0.9787171483039856,0.7133143544197083,1.1362717151641846
SIA,2v73,A,2wbv,B,2,[21],[21],SIA,SIA,33.614423203104735,2.666046619415283,1.765461564064026,0.6826934814453125,0.869810163974762,1.2787917852401731,7.707180500030518
F6P,1fsa,A,2axn,A,2,[16],[16],F6P,F6P,38.09978341758021,1.834240436553955,1.8222627639770508,0.6897823810577393,0.7519987225532532,1.264302134513855,7.9209885597229
SAM,3kkz,A,5o96,D,2,[27],[27],SAM,SAM,4.3797222898853665,3.233046054840088,1.3049240112304688,0.7020825743675232,0.9479990601539612,0.9787501096725464,3.045762777328491
CAA,1ee0,A,3vzs,B,2,[54],[54],CAA,CAA,23.640163283324288,3.1855506896972656,1.485187292098999,0.7266388535499573,0.7014635801315308,1.1079387664794922,7.027362823486328
K,1gup,A,3fd5,B,2,[1],[1],K,K,30.311140234348944,2.0933899879455566,1.538012981414795,0.7080194354057312,0.5775356292724609,1.08186674118042,7.519296169281006
SAM,1qzz,A,5o96,D,2,[27],[27],SAM,SAM,4.1420488435144325,3.421271562576294,1.2788546085357666,0.7051499485969543,0.9612250328063964,0.9855319261550904,2.9288887977600098
DGT,2iry,A,3f2b,A,2,[31],[31],DGT,DGT,50.84892165652592,2.562197685241699,1.4124703407287598,0.6356930136680603,0.7810025811195374,1.3508449792861938,8.356585502624512
SAM,2zif,B,5hw4,A,2,[27],[27],SAM,SAM,2.795371986426296,3.04133677482605,1.5077533721923828,0.7451516389846802,0.8551070094108582,1.180931568145752,2.1846742630004883
K,3crl,B,4jay,A,2,[1],[1],K,K,36.219672329139556,2.3845410346984863,1.524282693862915,0.7140683531761169,0.8596676588058472,1.182008147239685,7.836419105529785
HEM,2fmy,A,3sik,A,2,[43],[43],HEM,HEM,18.29072337927286,1.977803468704224,1.5433932542800903,0.6820259690284729,0.6712581515312195,1.262792468070984,6.465272426605225
SAM,1v2x,A,4ymg,B,2,[27],[27],SAM,SAM,4.856699384575549,3.476405382156372,1.206337332725525,0.7039222717285156,0.9197269082069396,1.02418851852417,3.2690298557281494
NAI,4fju,A,6ktk,C,2,[44],[44],NAI,NAI,3.397935193703363,3.091811180114746,1.268259882926941,0.7277477979660034,0.9291433691978456,0.9912945032119752,2.536163330078125
NAI,2vhw,E,7uyy,A,2,[44],[44],NAI,NAI,4.255331044511372,3.849752187728882,1.242803931236267,0.7621996402740479,0.8440945744514465,0.9040431380271912,2.985080480575561
M6P,4r73,A,7kma,B,2,[16],[16],M6P,M6P,12.70608801701328,2.350292921066284,1.4881783723831177,0.705125629901886,0.7856267690658569,1.0960708856582642,5.595894813537598
SAM,2cdq,A,3ku1,A,2,[27],[27],SAM,SAM,23.323211565446606,2.584784746170044,1.7472388744354248,0.6613926887512207,0.9482489228248596,1.1394877433776855,6.999088764190674
DGT,2pyj,B,5hrf,A,2,[31],[31],DGT,DGT,11.60708149874483,2.510283946990967,1.659834623336792,0.70656818151474,0.8921415209770203,1.1747815608978271,5.371887683868408
K,1d7r,A,2ib8,D,2,[1],[1],K,K,21.193781449032798,2.669949769973755,1.3706907033920288,0.7272709608078003,0.8597433567047119,1.1503397226333618,6.7942328453063965
VO4,2d1g,A,3gp5,A,2,[4],[5],VO4,VO4,5.714669854932339,2.708968162536621,1.5477718114852903,0.721974790096283,0.8137430548667908,1.0931146144866943,3.636519193649292
NAI,3adp,A,3flk,A,2,[44],[44],NAI,NAI,3.556736291655176,3.101016044616699,1.5785253047943115,0.7479211688041687,0.8972031474113464,1.0649899244308472,2.623593330383301
F6P,1t10,A,3n1c,A,2,[16],[16],F6P,F6P,21.913967276021506,2.302363395690918,1.637199640274048,0.7496649026870728,0.8157996535301208,1.0132811069488523,6.866575717926025
CA,1j83,A,5aze,H,2,[1],[1],CA,CA,9.816132469890073,2.187199115753174,1.3962221145629885,0.6964595317840576,0.568783164024353,1.3998874425888062,4.953606605529785
SAM,1v2x,A,5hfj,C,2,[27],[27],SAM,SAM,4.437203456843481,3.3894481658935547,1.2495096921920776,0.7299143671989441,0.8402510285377502,1.058768391609192,3.073450803756714
SIA,2v73,A,6g47,A,2,[21],[21],SIA,SIA,28.535273297634287,2.681881904602051,1.4600274562835691,0.7563408017158508,0.9575881361961364,1.1499059200286863,7.404974937438965
CAA,1xpl,A,3vzs,B,2,[54],[54],CAA,CAA,27.847678916129706,2.959322929382324,1.5512162446975708,0.7531067728996277,0.7815844416618347,1.0072695016860962,7.357830047607422
F,2au6,A,2haw,B,2,[1],[1],F,F,22.146064071030757,2.434765338897705,1.6154215335845947,0.7022701501846313,0.8701345920562744,1.2721027135849,6.889199256896973
TTP,1w4r,A,3mx2,B,2,[29],[29],TTP,TTP,43.65772282588115,2.5502500534057617,1.5843554735183716,0.6894928812980652,0.8393835425376892,1.3799940347671509,8.136335372924805
CA,3n91,A,5t7p,A,2,[1],[1],CA,CA,68.68128174036231,2.0979394912719727,1.5138766765594482,0.6386204361915588,0.894392728805542,1.1737207174301147,8.729049682617188
F6P,3m5p,A,6ayu,A,2,[16],[16],F6P,F6P,11.952737099593094,2.4568679332733154,1.4837064743041992,0.7318105101585388,0.8049424290657043,1.0999804735183716,5.444759368896484
F6P,1fsa,A,2r66,A,2,[16],[16],F6P,F6P,19.315081858913956,2.740716457366944,1.5397350788116455,0.6940626502037048,0.9006196856498718,1.2506862878799438,6.588786602020264
DGT,3au2,A,4lrl,C,2,[31],[31],DGT,DGT,23.78414254747158,1.6463356018066406,1.5937334299087524,0.6175927519798279,0.6639019846916199,1.1176702976226809,7.040031433105469
FDA,1tvc,A,4cy8,A,2,[53],[53],FDA,FDA,7.566616165258632,2.8762803077697754,1.3443951606750488,0.7058998346328735,0.9280453324317932,1.1383156776428225,4.307384014129639
NAI,1wnb,A,4eue,A,2,[44],[44],NAI,NAI,4.016645515118834,3.644165515899658,1.2086834907531738,0.7353473901748657,0.9063780903816224,0.9229936003684998,2.8656253814697266
SAM,4b17,A,4odj,A,2,[27],[27],SAM,SAM,5.012182645005688,2.112154483795166,1.8245110511779783,0.7420669794082642,0.4243969321250915,1.1020259857177734,3.3387434482574463
CA,2ykk,A,4gq7,A,2,[1],[1],CA,CA,27.84973498984159,1.9728093147277832,1.430303692817688,0.7262020707130432,0.8383369445800781,0.9499576091766356,7.357973575592041
CA,2xfg,B,4los,A,2,[1],[1],CA,CA,20.462201718658307,2.705632209777832,1.6225770711898804,0.7596180438995361,0.9653465151786804,1.1334494352340698,6.717243194580078
PC,1o72,A,2x6b,A,2,[11],[11],PC,PC,53.40020557470222,2.2901124954223637,1.6602855920791626,0.5939401984214783,0.925585389137268,1.020541429519653,8.422718048095703
F6P,5xz7,A,6ayu,A,2,[16],[16],F6P,F6P,10.312735336299596,2.3904953002929688,1.3436686992645264,0.6651991605758667,0.8097977042198181,1.227629542350769,5.076980113983154
SAM,2cdq,A,5hfj,C,2,[27],[27],SAM,SAM,32.63486746742033,2.739993095397949,1.553400993347168,0.6783475875854492,0.8834325075149536,1.2035185098648071,7.654501914978027
TYD,1h7q,A,6vlo,A,2,[25],[25],TYD,TYD,2.5081137300565364,2.802557468414306,1.6705114841461182,0.706539511680603,0.8228693008422852,1.4863160848617554,2.0051894187927246
VN4,2rar,A,4dz6,A,2,[4],[4],VN4,VN4,4.294515403848218,2.6221909523010254,1.6278059482574463,0.7316094636917114,0.7281137108802795,1.0714774131774902,3.004309892654419
NAI,1e3e,A,5bwm,B,2,[44],[44],NAI,NAI,4.155267985126099,2.9633116722106934,1.4364399909973145,0.7092534899711609,0.9118666648864746,1.0400904417037964,2.9354922771453857
CA,2b33,B,5xwk,A,2,[1],[1],CA,CA,53.312619098797946,2.1762423515319824,1.6529308557510376,0.7188507914543152,0.9067119359970092,1.0805373191833496,8.420536041259766
RBF,2cc8,A,6n7f,A,2,[27],[27],RBF,RBF,17.620686539651448,2.232217073440552,1.652509093284607,0.7266878485679626,0.8236514925956726,0.967119574546814,6.379525184631348
DGT,2iry,A,3au2,A,2,[31],[31],DGT,DGT,5.766235771665219,2.550631523132324,1.4790219068527222,0.7222974300384521,0.7710974216461182,0.992710828781128,3.657331943511963
CA,1jro,B,6bvd,A,2,[1],[1],CA,CA,16.31190864444774,2.354311943054199,1.7519958019256592,0.6300067901611328,0.8351545929908752,1.481545090675354,6.199439525604248
SAM,3nk7,B,4pgh,D,2,[27],[27],SAM,SAM,5.6244142200622305,3.2756683826446533,1.2309486865997314,0.6888803243637085,0.9525418877601624,0.8474823236465454,3.599760055541992
FUL,1n04,A,4a34,I,2,[11],[11],FUL,FUL,34.46030228694258,2.1028525829315186,1.7789664268493652,0.5948061347007751,0.8378617167472839,1.1767981052398682,7.750802516937256
K,2qv6,A,3fd5,B,2,[1],[1],K,K,7.10081680856652,2.3876631259918213,1.537745475769043,0.6241527199745178,0.8395497798919678,1.1073445081710815,4.1523261070251465
CA,4a6s,A,7d9b,A,2,[1],[1],CA,CA,18.25702625314601,2.598866701126098,1.510164499282837,0.7080944180488586,0.8024564385414124,1.100601077079773,6.461057186126709
SAM,2ejt,A,4odj,A,2,[27],[27],SAM,SAM,5.915179229532728,2.4194631576538086,1.5457713603973389,0.7166568040847778,0.8750341534614563,1.295269012451172,3.7166903018951416
NAI,1t2e,A,2gwl,A,2,[44],[44],NAI,NAI,4.259625986308556,2.970412254333496,1.5211389064788818,0.718707263469696,0.5223277807235718,1.0793652534484863,2.98719334602356
CA,1yvu,A,6hun,A,2,[1],[1],CA,CA,8.255277151080936,2.7470297813415527,1.474099040031433,0.7020231485366821,0.8008919954299927,0.9744160175323486,4.52213191986084
HEM,1aom,B,5hiw,A,2,[43],[43],HEM,HEM,22.764513650969324,2.380177497863769,1.588186264038086,0.7086175084114075,0.7904425263404846,1.4258441925048828,6.947917461395264
F6P,3n1c,A,5htk,A,2,[16],[16],F6P,F6P,37.13522017879518,3.080451488494873,1.394892930984497,0.7350171804428101,0.8149598836898804,1.069255828857422,7.878444194793701
NAI,3flk,A,3uh1,A,2,[44],[44],NAI,NAI,2.902527210854219,3.2745323181152344,1.4030386209487915,0.7298519015312195,0.8417729735374451,1.0395220518112185,2.249580383300781
K,1d7r,A,2gj8,D,2,[1],[1],K,K,21.905795723381434,3.1627206802368164,0.9771676659584044,0.7698154449462891,0.957496166229248,0.7926495671272278,6.8657732009887695
SAM,2qmm,A,2wa2,A,2,[27],[19],SAM,SAM,2.9381114175678236,3.3954107761383057,1.2431745529174805,0.7044951319694519,0.92365562915802,1.0429587364196775,2.270896673202514
GOA,2o99,C,3if9,A,2,[5],[5],GOA,GOA,8.140678071369615,2.436007499694824,1.5909560918807983,0.7347909808158875,0.8532420992851257,1.123072624206543,4.487526893615723
CA,3na6,A,6ai0,B,2,[1],[1],CA,CA,29.49941649822087,2.9052364826202397,1.3582028150558472,0.6859501600265503,0.9752399921417236,0.9864891767501832,7.468317031860352
SAM,1sg9,A,3nk7,B,2,[27],[27],SAM,SAM,3.845773357486746,3.37087345123291,1.45071542263031,0.7301280498504639,0.9530726671218872,1.0221728086471558,2.7775793075561523
TTP,2uz3,B,7t18,A,2,[29],[29],TTP,TTP,8.458981298279127,2.802427053451538,0.8674219846725464,0.7368795871734619,0.9169437289237976,0.8535023331642151,4.582582950592041
SAM,1sqf,A,5o96,D,2,[27],[27],SAM,SAM,4.502510059393052,3.19636344909668,1.2741103172302246,0.698796272277832,0.9547834992408752,0.9519643187522888,3.104641914367676
SAM,5o96,D,5x7f,A,2,[27],[27],SAM,SAM,4.822815345527331,3.3551831245422363,1.264538049697876,0.6975258588790894,0.9413652420043944,0.9890984296798706,3.253643274307251
CA,3a47,A,7bvc,B,2,[1],[1],CA,CA,65.68721682509185,2.323483228683472,1.5274492502212524,0.6824843287467957,0.8413175940513611,1.1327261924743652,8.678772926330566
K,2gj8,D,2ib8,D,2,[1],[1],K,K,4.0574629713747585,2.941575050354004,1.4222626686096191,0.7416006326675415,0.8996174931526184,1.0878678560256958,2.886340856552124
SAM,4ax8,A,4fak,A,2,[27],[27],SAM,SAM,4.843097465510701,3.2593493461608887,1.1404892206192017,0.6880185008049011,0.9311171770095824,0.8804478049278259,3.262861728668213
SAM,2ejt,A,2qmm,A,2,[19],[27],SAM,SAM,3.2559554321189887,3.2285149097442627,1.3397467136383057,0.6933731436729431,0.9722192287445068,0.9633330702781676,2.456220865249634
TTP,1w4r,A,6n9u,H,2,[29],[29],TTP,TTP,13.977977075422482,2.4579105377197266,1.5115525722503662,0.7247865200042725,0.7566676735877991,1.4245201349258425,5.8295063972473145
NAI,1wnb,A,2p9e,A,2,[44],[44],NAI,NAI,3.9276250325502264,3.861928701400757,1.0861340761184692,0.7538296580314636,0.8672386407852173,0.8826183676719666,2.8200249671936035
F6P,3m5p,A,3n1c,A,2,[16],[16],F6P,F6P,6.820165282839815,3.154733419418335,1.0030272006988523,0.7338393926620483,0.9948644638061525,0.8719490170478821,4.054755210876465
F6P,1fsa,A,5xz7,A,2,[16],[16],F6P,F6P,12.453748042666524,2.478832721710205,1.6020383834838867,0.7273755669593811,0.6677801012992859,1.157223343849182,5.546400547027588
HEM,1aom,B,4esa,A,2,[43],[43],HEM,HEM,7.043363805721035,1.9257049560546875,1.452244997024536,0.6738484501838684,0.7436398267745972,1.421833634376526,4.132613658905029
K,3zd9,A,6cq6,B,2,[1],[1],K,K,18.642801125743027,2.412623167037964,1.681372880935669,0.6798731684684753,0.9364742636680604,1.2072349786758425,6.508721351623535
SAM,3dcm,X,6clx,B,2,[27],[27],SAM,SAM,4.951860033070661,3.5411980152130127,1.2170625925064087,0.7258884310722351,0.8201767802238464,0.9336966872215272,3.311868906021118
DGT,3au2,A,3otb,A,2,[31],[31],DGT,DGT,6.997821891461901,2.0349278450012207,1.4673422574996948,0.6922358274459839,0.8150798678398132,0.8207418322563171,4.116893291473389
CA,1bk9,A,3sqg,A,2,[1],[1],CA,CA,23.436974595640436,1.8208022117614744,1.898707389831543,0.7254096865653992,0.7332768440246582,1.1193751096725464,7.009298801422119
CA,2exh,A,3i57,A,2,[1],[1],CA,CA,65.53858311847638,1.3682968616485596,1.9278255701065063,0.5852950215339661,0.843744695186615,1.091847538948059,8.676173210144043
TTP,6n9u,H,7t18,A,2,[29],[29],TTP,TTP,1.5668541428474376,2.8299355506896973,0.8889914155006409,0.7531435489654541,0.9427828192710876,0.8578740358352661,1.3546069860458374
TTP,1w4r,A,7b0h,F,2,[29],[29],TTP,TTP,5.801075487764453,2.6487913131713867,1.617732286453247,0.7111742496490479,0.8300971984863281,1.1965817213058472,3.6713168621063232
TTP,2j87,D,6n9u,H,2,[29],[29],TTP,TTP,13.749552675566347,2.4080371856689453,1.5413168668746948,0.7040392756462097,0.6518637537956238,1.4981329441070557,5.789394378662109
TTP,2uz3,B,6n9u,H,2,[29],[29],TTP,TTP,13.776818409293082,2.35160756111145,1.519801378250122,0.7030830979347229,0.3532992005348205,1.458520531654358,5.794222831726074
TTP,2j87,D,7t18,A,2,[29],[29],TTP,TTP,8.576608739957665,2.91031551361084,0.9114879369735718,0.7539308071136475,0.8768355250358582,0.8588833212852478,4.616886138916016
CA,2zkt,B,6ob0,A,2,[1],[1],CA,CA,25.44988937292051,2.733369827270508,1.451826095581055,0.7442836165428162,0.9410550594329834,1.1206886768341064,7.179116725921631
CAA,3vzs,B,5lnq,A,2,[54],[54],CAA,CAA,28.34039968020903,2.445184230804444,1.4494446516036987,0.7013941407203674,0.5577960014343262,0.9643257260322572,7.391785144805908
SAM,1i9g,A,5o96,D,2,[27],[27],SAM,SAM,4.428743000124394,3.4379324913024902,1.4767078161239624,0.7158464789390564,0.9309456944465636,1.0160123109817505,3.0693893432617188
COM,2c3c,A,5a8w,D,2,[7],[7],COM,COM,8.042160535371988,1.6047773361206057,1.587719440460205,0.6409736275672913,0.5266985297203064,1.1215583086013794,4.45742654800415
TYD,1h7q,A,1r66,A,2,[25],[25],TYD,TYD,2.5749808338382896,2.675200700759888,1.4760748147964478,0.7198780179023743,0.7844837307929993,1.2746849060058594,2.047701597213745
NAI,1wnb,A,5kvv,A,2,[44],[44],NAI,NAI,3.893682277762743,3.877942323684693,1.182632327079773,0.7737566232681274,0.8860131502151489,0.9266602993011476,2.802484035491944
QUE,1e8w,A,1gp6,A,2,[22],[22],QUE,QUE,13.235676332428461,2.347141742706299,1.4132009744644165,0.6936867833137512,0.6440099477767944,1.510853886604309,5.696273326873779
BG6,5hg1,A,7e6i,A,2,[16],[16],BG6,BG6,57.962648853987154,2.55743408203125,1.516099214553833,0.6527625918388367,0.7161425948143005,1.2872412204742432,8.528603553771973
NAI,1t2e,A,3flk,A,2,[44],[44],NAI,NAI,3.5011965590216887,2.962027072906494,1.221576690673828,0.7221960425376892,0.9465100765228271,0.9554813504219056,2.593249082565308
SAM,5ikm,A,5twj,C,2,[27],[27],SAM,SAM,4.110716214635016,3.154937505722046,1.383854627609253,0.6769037246704102,0.6351993083953857,0.8919190764427185,2.9131875038146973
NAI,3ay6,B,3flk,A,2,[44],[44],NAI,NAI,4.364085785527551,3.2485592365264893,1.4230202436447144,0.7380365133285522,0.854849100112915,1.0993741750717163,3.0381925106048584
AMZ,1p4r,A,5nxa,C,2,[22],[22],AMZ,AMZ,48.60700382580701,2.22776460647583,1.4916166067123413,0.6764271855354309,0.3933585584163666,1.2540172338485718,8.293719291687012
DGT,3f2b,A,5hrf,A,2,[31],[31],DGT,DGT,37.75370075742308,2.2465970516204834,1.540157437324524,0.6395388841629028,0.7166926860809326,1.147539138793945,7.905921459197998
NAI,1wnb,A,6ktk,C,2,[44],[44],NAI,NAI,3.990161966582013,3.907174587249756,1.190427541732788,0.7645990252494812,0.798670768737793,0.8823714852333069,2.8521199226379395
NAI,1wnb,A,7p61,F,2,[44],[44],NAI,NAI,3.4089825615297897,2.984884738922119,1.3574285507202148,0.7443647384643555,0.6771640777587891,1.082525372505188,2.5423126220703125
HEM,3vp5,A,3vre,A,2,[43],[43],HEM,HEM,27.035796909492273,2.224054336547852,1.7124223709106443,0.710652768611908,0.9015904068946838,1.0102262496948242,7.299909591674805
CAC,1wmb,A,2z3i,A,2,[5],[5],CAC,CAC,24.765881111956755,2.7138144969940186,1.394180417060852,0.7227925062179565,0.9149898290634156,1.1214191913604736,7.123616695404053
SAM,3e23,A,3nk7,B,2,[27],[27],SAM,SAM,4.101259473281832,3.3029825687408447,1.3908472061157229,0.7090716361999512,0.8537666201591492,0.9946392774581908,2.9084348678588867
CA,1e7d,A,4mhv,A,2,[1],[1],CA,CA,36.90807176392433,2.4748575687408447,1.515872359275818,0.652929961681366,0.9983139038085938,1.0516146421432495,7.868170738220215
NAI,1wnb,A,4cuk,A,2,[44],[44],NAI,NAI,3.9505903509157347,3.8394017219543457,1.1181248426437378,0.7498208284378052,0.8543938994407654,0.8886469602584839,2.8318445682525635
SAM,4fak,A,5erg,B,2,[27],[27],SAM,SAM,4.3174314519018155,3.357582330703736,1.4070569276809692,0.6927428245544434,0.9726752638816832,0.969204843044281,3.0155069828033447
SAM,3ai9,X,3ku1,A,2,[27],[20],SAM,SAM,4.167528850652169,3.263946056365967,1.4010488986968994,0.7058866024017334,0.8045331239700317,1.068654179573059,2.941606044769287
PGW,4jta,Q,6tp3,A,2,[51],[22],PGW,PGW,41.784318267007954,2.1337380409240723,1.1449931859970093,0.7378402352333069,0.981892466545105,0.912580132484436,8.068913459777832
PC,1b09,A,2x6b,A,2,[11],[11],PC,PC,58.725823175407555,2.064759492874145,1.535502552986145,0.6901543736457825,0.6175211071968079,1.226464867591858,8.544942855834961
M6P,3c0o,A,4zev,A,2,[16],[16],M6P,M6P,11.471912177336744,2.20972204208374,1.78262197971344,0.6005890369415283,0.863523006439209,1.2768677473068235,5.342752933502197
NAI,2gwl,A,6ct6,B,2,[44],[44],NAI,NAI,4.233556479233069,2.9662795066833496,1.534187912940979,0.7160488963127136,0.5933778285980225,1.081563115119934,2.974349021911621
SAM,2yvl,A,4fak,A,2,[27],[27],SAM,SAM,4.113254528263159,3.343055248260498,1.4259932041168213,0.6760977506637573,0.9670433402061462,0.9314616918563844,2.914462089538574
HEM,6wk3,D,7dvr,A,2,[43],[43],HEM,HEM,18.540916365117067,2.001870632171631,1.4606566429138184,0.7024561166763306,0.8018224835395813,1.125447392463684,6.49625825881958
SAM,3dxy,A,5hw4,A,2,[27],[27],SAM,SAM,3.803269097276672,2.9596076011657715,1.4167537689208984,0.7373971939086914,0.7596675753593445,1.1889702081680298,2.7553393840789795
DGT,2pyj,B,4lrl,C,2,[31],[31],DGT,DGT,24.307225850821332,2.1524810791015625,1.5438830852508545,0.6814559698104858,0.8748148083686829,0.8758792281150818,7.085162162780762
NAI,4uun,B,5bwm,B,2,[44],[44],NAI,NAI,4.014730438981116,2.9752345085144043,1.4319710731506348,0.7102586030960083,0.9137927293777466,1.1090991497039795,2.8646504878997803
F6P,3n1c,A,5xz7,A,2,[16],[16],F6P,F6P,12.363402518361028,3.066089153289795,1.6866743564605713,0.7538926601409912,0.6760345697402954,1.052356481552124,5.528408527374268
CA,1j0h,A,2xco,A,2,[1],[1],CA,CA,35.976906664655544,2.7809886932373047,1.1547003984451294,0.6896172165870667,0.7151607275009155,0.8614673614501953,7.824995040893555
SAM,1rjd,C,3gyq,A,2,[27],[27],SAM,SAM,3.9450852157833887,3.2787435054779053,1.4597153663635254,0.7301143407821655,0.596709668636322,1.0863410234451294,2.829014778137207
CA,1bvn,P,7bvh,A,2,[1],[1],CA,CA,55.47265520608809,1.991140365600586,1.5047836303710938,0.6922168731689453,0.7588366270065308,0.9926533102989196,8.472644805908203
SAM,3bxo,A,4fak,A,2,[27],[27],SAM,SAM,4.538823905487718,3.320154428482056,1.3811028003692627,0.690259575843811,0.8360505700111389,0.9978233575820924,3.121864557266236
SAM,1cma,B,3iv6,A,2,[27],[27],SAM,SAM,22.100514933310926,2.698838233947754,1.6497716903686523,0.7071504592895508,0.9249980449676514,1.212350845336914,6.884785175323486
CAA,4nbu,B,5ab6,D,2,[54],[54],CAA,CAA,13.595638104924909,2.563598394393921,1.4571815729141235,0.7175811529159546,0.8103790283203125,1.110007643699646,5.761928558349609
TTP,2j87,D,7b0h,F,2,[29],[29],TTP,TTP,5.611599642336408,2.741415500640869,1.420850396156311,0.7094780802726746,0.8515982031822205,1.2117143869400024,3.5945065021514893
CA,3a09,A,3m34,A,2,[1],[1],CA,CA,45.524102120935815,2.572493314743042,1.5449631214141846,0.7277116775512695,0.7873035669326782,1.1684348583221436,8.198980331420898
NAI,1wnb,A,2a92,C,2,[44],[44],NAI,NAI,4.137828239117864,3.940483570098877,1.1031156778335571,0.7541429996490479,0.9129542708396912,0.9694012999534608,2.9267778396606445
SAM,2egv,A,4b17,A,2,[27],[27],SAM,SAM,4.400690249149249,3.279481887817383,1.3992682695388794,0.6832761168479919,0.8803313970565796,0.989360213279724,3.0558884143829346
CA,1hql,A,4u49,B,2,[1],[1],CA,CA,11.769270142874744,2.3510329723358154,1.4160958528518677,0.7227706909179688,0.7408931851387024,1.0897849798202517,5.406368732452393
CA,4e2o,A,5hkj,A,2,[1],[1],CA,CA,21.36126591633385,2.249619722366333,1.6654876470565796,0.676064133644104,0.8770212531089783,1.2403428554534912,6.8113532066345215
K,3crl,B,3fd5,B,2,[1],[1],K,K,35.92613064369228,2.732794523239136,1.5710101127624512,0.7385171055793762,0.4331905841827392,1.2720344066619873,7.822590351104736
DGT,3f2b,A,4lrl,C,2,[31],[31],DGT,DGT,40.935127389308526,2.2622387409210205,1.881099224090576,0.6308388710021973,0.7932499647140503,1.0477890968322754,8.036718368530273
CA,1qh4,D,2xco,A,2,[1],[1],CA,CA,24.98368630598882,2.0971179008483887,1.4204962253570557,0.6217781901359558,0.7910879850387573,1.0319315195083618,7.141524791717529
F6P,1fsa,A,4lc9,A,2,[16],[16],F6P,F6P,11.804853531288062,2.6076443195343018,1.5577973127365112,0.7453794479370117,0.7727551460266113,0.998626947402954,5.413865089416504
CA,3n0a,A,6org,A,2,[1],[1],CA,CA,26.11663881621787,2.37195086479187,1.544158101081848,0.6775814294815063,0.8955063819885254,1.0508277416229248,7.2311930656433105
SAM,2glu,A,3ai9,X,2,[20],[27],SAM,SAM,3.6306444334926224,3.3163154125213623,1.3164472579956057,0.6997697949409485,0.8200936317443848,0.9626524448394777,2.6635897159576416
SAM,1sqf,A,4fak,A,2,[27],[27],SAM,SAM,4.424206700339051,3.4316556453704834,1.3052911758422852,0.7066089510917664,0.9623831510543824,0.9749561548233032,3.0672097206115723
CAA,3vzs,B,5ab6,D,2,[54],[54],CAA,CAA,13.1103658732793,2.490913152694702,1.5940148830413818,0.7312989234924316,0.8886891007423401,0.9760800004005432,5.672937393188477
TTP,1cr1,A,7t18,A,2,[29],[29],TTP,TTP,12.465464396158803,2.3499412536621094,1.4635660648345947,0.6713557243347168,0.9042998552322388,1.1644967794418335,5.548723220825195
SIA,2v73,A,6y6a,M,2,[21],[21],SIA,SIA,56.79959789365586,2.3519177436828613,1.6362959146499634,0.6782299876213074,0.9815611839294434,1.144578218460083,8.502985000610352
CA,3zyj,B,4how,A,2,[1],[1],CA,CA,44.296125189453086,2.0294055938720703,1.4143502712249756,0.6520520448684692,0.5942259430885315,0.9017572999000548,8.158247947692871
NAI,1wnb,A,4q9n,A,2,[44],[44],NAI,NAI,4.176773307550646,3.756067276000977,1.22145414352417,0.7396114468574524,0.8271369934082031,0.9809579253196716,2.9462087154388428
SIA,4fvv,B,6g47,A,2,[21],[21],SIA,SIA,28.60665304394249,2.169487953186035,1.5337600708007812,0.6632496118545532,0.923011302947998,1.1024901866912842,7.409772872924805
NAI,1wnb,A,2dkn,A,2,[44],[44],NAI,NAI,4.084644390856082,3.696166753768921,1.1987788677215576,0.7394986748695374,0.6835340261459351,0.9458184838294984,2.900069236755371
F6P,3pr3,A,5k55,A,2,[16],[16],F6P,F6P,12.217603160285897,2.756378650665283,1.6394134759902954,0.7354324460029602,0.9048742055892944,1.1166270971298218,5.4990644454956055
PC,1b09,A,1o72,A,2,[11],[11],PC,PC,6.788016738448849,2.475830554962158,1.3724631071090698,0.7272623181343079,0.9017902612686156,1.1182037591934204,4.043370246887207
SAM,3a25,A,5twj,C,2,[27],[27],SAM,SAM,4.452115692895298,3.3147072792053223,1.4604754447937012,0.7011871933937073,0.8918070197105408,0.8725044131278992,3.0805978775024414
SAM,3okx,A,6rie,O,2,[27],[27],SAM,SAM,11.913129359908192,2.3102402687072754,1.8491454124450684,0.6763619184494019,0.9021585583686828,1.205360770225525,5.436525821685791
SIA,2v73,A,4k6u,B,2,[20],[21],SIA,SIA,16.648382228786907,2.526542901992798,1.567359447479248,0.7455121874809265,0.9683849215507508,1.0801877975463867,6.247426986694336
SAM,1g60,A,5twj,C,2,[27],[27],SAM,SAM,3.922650510569726,3.175593852996826,1.4550986289978027,0.6929395198822021,0.6119993925094604,0.909822940826416,2.8174595832824707
F6P,3n1c,A,3pr3,A,2,[16],[16],F6P,F6P,6.901937424487788,2.637625932693481,1.4751991033554075,0.7267796993255615,0.7665938138961792,1.0926804542541504,4.083518505096436
F6P,2axn,A,3n1c,A,2,[16],[16],F6P,F6P,38.10436215532293,3.094074010848999,1.3173305988311768,0.7097781300544739,0.7869368195533752,1.107226848602295,7.921186447143555
CA,1ajo,B,3gdc,A,2,[1],[1],CA,CA,24.26066210261247,2.4885833263397217,1.3825836181640625,0.6632019877433777,0.7733032703399658,1.2434415817260742,7.08120059967041
SAM,1nbh,A,3dcm,X,2,[27],[27],SAM,SAM,4.272507898396229,3.503426551818848,1.364431381225586,0.713495671749115,0.8631587028503418,1.0150411128997805,2.993522882461548
SAM,4njg,A,6rie,O,2,[27],[27],SAM,SAM,10.65336523523384,2.802839994430542,1.6657743453979492,0.6707130074501038,0.947279155254364,1.0347869396209717,5.15817403793335
CA,1g1i,A,1m56,A,2,[1],[1],CA,CA,40.692946770220715,1.4604322910308838,1.5794472694396973,0.637122392654419,0.7391888499259949,1.2476612329483032,8.027338981628418
K,3crl,B,6npl,A,2,[1],[1],K,K,42.44820583615938,2.1895976066589355,1.646299123764038,0.656262993812561,0.8558236956596375,1.2046961784362793,8.09335708618164
NAI,1o0s,A,1wnb,A,2,[44],[44],NAI,NAI,3.872859595072839,3.692662715911865,1.2415077686309814,0.7450572848320007,0.8966599702835083,0.8747511506080627,2.7916808128356934
SF4,4g38,A,7mi4,A,2,[8],[8],SF4,SF4,3.31442656724425,2.331194877624512,1.4013540744781494,0.5993778109550476,0.9007089734077454,1.22609281539917,2.489349842071533
COM,2c3c,A,5a0y,A,2,[7],[7],COM,COM,6.612070095319994,1.8861722946166992,1.7115049362182615,0.6706516742706299,0.5285865664482117,1.2288804054260254,3.980280637741089
TTP,2ja1,A,6n9u,H,2,[29],[29],TTP,TTP,10.293552981978076,2.138885498046875,1.5831648111343384,0.7248619794845581,0.7476130723953247,1.160396695137024,5.07232666015625
NAI,1wnb,A,4n54,A,2,[44],[44],NAI,NAI,4.134336490705359,3.910488128662109,1.1185588836669922,0.7607472538948059,0.9215107560157776,0.8943414092063904,2.925030469894409
SAM,1x1a,A,2qmm,A,2,[19],[27],SAM,SAM,3.0795286222585343,3.394552707672119,1.020032525062561,0.7229375243186951,0.9833199381828308,0.8337214589118958,2.354464530944824
SAM,2egv,A,4pgh,D,2,[27],[27],SAM,SAM,4.569504263911089,3.1771631240844727,1.3723280429840088,0.6716155409812927,0.9045063853263856,1.0501030683517456,3.1363484859466557
DGT,2pyj,B,3otb,A,2,[31],[31],DGT,DGT,11.749461255007486,2.49322772026062,1.541367769241333,0.6997883319854736,0.8776655197143555,1.109876275062561,5.402184963226318
DGT,3otb,A,5hrf,A,2,[31],[31],DGT,DGT,6.652704395344188,2.673069715499878,1.415610432624817,0.746914267539978,0.9222292304039,1.068595051765442,3.994969367980957
CA,2vqr,A,6oau,A,2,[1],[1],CA,CA,10.876209664775468,2.2674202919006348,1.5494683980941772,0.7208502888679504,0.5487183332443237,1.0773663520812988,5.209858417510986
SAM,2b9e,A,5o96,D,2,[27],[27],SAM,SAM,4.5489611289231044,3.298285007476806,1.3580071926116943,0.6902041435241699,0.9007097482681274,0.9632949829101562,3.126657009124756
CA,4g2s,B,4w8j,A,2,[1],[1],CA,CA,126.44876352677251,2.371840476989746,1.5109068155288696,0.6768596768379211,0.9767570495605468,1.6464766263961792,9.26712417602539
COM,2c3c,A,5n1q,A,2,[7],[7],COM,COM,47.28658809749104,1.902660608291626,1.8819488286972048,0.6802019476890564,0.6954346895217896,1.313289999961853,8.254390716552734
SF4,2b3x,A,4c1n,A,2,[8],[8],SF4,SF4,1.4213333845994405,2.10733962059021,1.430694341659546,0.6236761212348938,0.6355348229408264,1.066935658454895,1.244454860687256
NAI,2gwl,A,4uup,A,2,[44],[44],NAI,NAI,4.361248940917537,3.171506881713867,1.5279730558395386,0.7198611497879028,0.8733360767364502,1.1117703914642334,3.0368173122406006
NAI,4fju,A,4n54,A,2,[44],[44],NAI,NAI,3.329734078684987,3.1274948120117188,1.3277757167816162,0.7257293462753296,0.9026194214820862,0.9350040555000304,2.4979748725891118
PC,3lkf,A,4bbj,A,2,[11],[11],PC,PC,51.79169370041479,2.5660462379455566,1.5253896713256836,0.6698431968688965,0.970384120941162,1.1948776245117188,8.381659507751465
CA,2ea7,A,4gnk,B,2,[1],[1],CA,CA,32.27380717687473,1.9951996803283687,1.6723908185958862,0.6129410266876221,0.8530280590057373,1.1437125205993652,7.634469032287598
TTP,1w4r,A,7t18,A,2,[29],[29],TTP,TTP,8.419580993248488,2.898770809173584,0.8770850300788879,0.7301152348518372,0.8704110980033875,0.8469848036766052,4.570994853973389
SAM,1nt2,A,4fak,A,2,[27],[27],SAM,SAM,4.4003980456704666,3.403441429138184,1.332960844039917,0.7194887399673462,0.9873442649841307,0.9178546071052552,3.055747509002685
NAI,5bwm,B,8ab3,A,2,[44],[44],NAI,NAI,4.009564358510499,3.060861825942993,1.6367331743240356,0.7143469452857971,0.8072643876075745,1.1232349872589111,2.8620193004608154
NAI,5wjs,A,7uyy,A,2,[44],[44],NAI,NAI,4.115519649556637,3.720049381256104,1.2450584173202517,0.7498085498809814,0.816437304019928,0.950564742088318,2.9155991077423096
SAM,5bw4,B,5vm8,B,2,[27],[27],SAM,SAM,4.4444654518009115,3.518716812133789,1.493201494216919,0.6992878913879395,0.8129547238349915,0.93019300699234,3.0769331455230717
SF4,2b76,B,4c1n,A,2,[8],[8],SF4,SF4,12.95076405621468,2.6432747840881348,1.427151083946228,0.5675244331359863,0.9244654774665833,0.8593816757202148,5.642846584320068
NAI,3q2i,A,4fju,A,2,[44],[44],NAI,NAI,3.3897064881961567,3.241830348968506,1.3803133964538574,0.7384291291236877,0.7794309854507446,0.9693912267684937,2.53157639503479
NAI,3flk,A,6a3j,C,2,[36],[44],NAI,NAI,2.8070249470946984,3.255891799926758,1.208675503730774,0.7386820316314697,0.9618209600448608,1.000533938407898,2.1917853355407715
SF4,1l9g,A,4c1n,A,2,[8],[8],SF4,SF4,22.775164446103137,2.1323611736297607,1.5032958984375,0.5836469531059265,0.9811559319496156,0.9903488159179688,6.948909282684326
SAM,5hfj,C,5hw4,A,2,[27],[27],SAM,SAM,2.6326935290630433,2.9111287593841557,1.49096417427063,0.7161102294921875,0.8863778114318848,1.245703101158142,2.084031820297241
F6P,3n1c,A,4lc9,A,2,[16],[16],F6P,F6P,5.73385085472995,2.853811740875244,1.6093785762786863,0.701660692691803,0.906287968158722,1.0242079496383667,3.644276857376098
SAM,2npn,A,3fpj,B,2,[27],[27],SAM,SAM,3.745634913820395,3.074429750442505,1.5231188535690308,0.7350700497627258,0.8528075814247131,1.087399125099182,2.7249631881713867
SAM,1v2x,A,3ku1,A,2,[27],[27],SAM,SAM,4.743519666338329,3.3190903663635254,1.3922220468521118,0.7218969464302063,0.8771665096282959,1.0760033130645752,3.217359066009521
NAI,1jki,A,7uyy,A,2,[44],[44],NAI,NAI,4.29166701166581,3.702652931213379,1.239674687385559,0.739926815032959,0.8805127143859863,0.9113649129867554,3.002915620803833
CA,3g20,B,4adg,C,2,[1],[1],CA,CA,25.488120040991983,2.524658679962158,1.403505563735962,0.6924117207527161,0.9140697121620178,1.1834712028503418,7.182155609130859
CAC,1x1t,A,2z3i,A,2,[5],[5],CAC,CAC,23.97699161297358,2.8129355907440186,1.5075504779815674,0.7437933087348938,0.9125049114227296,1.1148021221160889,7.05683183670044
PC,4bbj,A,5tcd,A,2,[11],[11],PC,PC,49.510589960607234,2.4700207710266118,1.667988657951355,0.7144284248352051,0.7219953536987305,1.1080946922302246,8.319626808166504
CA,1f2o,A,7aj0,A,2,[1],[1],CA,CA,23.88318016725477,2.648521661758423,1.366796374320984,0.7617660760879517,0.5172979831695557,1.0058680772781372,7.048683166503906
CA,4l9d,B,7wdt,A,2,[1],[1],CA,CA,69.68096488668415,2.2553274631500244,1.8311474323272705,0.6378659009933472,0.9582993984222412,1.1409108638763428,8.7449951171875
NAI,3flk,A,6b9u,A,2,[44],[44],NAI,NAI,4.065184083282389,3.2335212230682373,1.50052809715271,0.74745112657547,0.896722674369812,1.0450260639190674,2.8902459144592285
NAI,1wnb,A,4uun,B,2,[44],[44],NAI,NAI,4.139453450285624,3.849827289581299,1.166845440864563,0.7676087617874146,0.858124852180481,0.937882661819458,2.927590847015381
NAI,1wnb,A,3uh1,A,2,[44],[44],NAI,NAI,3.625390637689634,3.688693046569824,1.198748230934143,0.7580474615097046,0.8845090866088867,0.8860748410224915,2.6607608795166016
1GP,4rgq,B,6dgm,B,2,[10],[10],1GP,1GP,8.899581553759239,2.4709298610687256,1.4374442100524902,0.7156079411506653,0.6170418858528137,1.1715281009674072,4.7088775634765625
F6P,1fsa,A,1t10,A,2,[16],[16],F6P,F6P,14.566074730041684,2.3691623210906982,1.553161382675171,0.7409037351608276,0.9533096551895142,1.014854073524475,5.929345607757568
NAI,5z20,F,7uyy,A,2,[44],[44],NAI,NAI,3.919580194118604,3.839670181274414,1.177902102470398,0.7399147152900696,0.7417135238647461,0.8815993666648865,2.815875291824341
DGT,2iry,A,2pyj,B,2,[31],[31],DGT,DGT,10.111154744454849,2.1837916374206543,1.602805495262146,0.7044277191162109,0.6834179759025574,1.104670524597168,5.027635097503662
NAI,6vly,A,7uyy,A,2,[44],[44],NAI,NAI,4.299022156184665,3.825958251953125,1.165461540222168,0.7351523637771606,0.7741687297821045,0.9319533705711364,3.00651478767395
K,3fd5,B,4jay,A,2,[1],[1],K,K,18.5904056625895,2.532389879226685,1.5544705390930176,0.6458883881568909,0.8357692360877991,1.25685715675354,6.502323150634766
SIA,3r4s,A,4nfd,A,2,[21],[21],SIA,SIA,25.079785254343463,2.3417558670043945,1.815630555152893,0.7143769264221191,0.6887186169624329,1.2496767044067385,7.149355411529541
CAA,4nbu,B,5lnq,A,2,[54],[54],CAA,CAA,25.568201110454748,2.828291893005371,1.6029679775238037,0.7244307994842529,0.9106292128562928,1.0457813739776611,7.188499927520752
TTP,2ja1,A,3mx2,B,2,[29],[29],TTP,TTP,44.052008851824716,2.4827427864074707,1.6211084127426147,0.6473399996757507,0.8938337564468384,1.3610053062438965,8.149930000305176
CA,1cb8,A,1fx5,A,2,[1],[1],CA,CA,22.17407166427616,2.1861555576324463,1.4345340728759766,0.7025826573371887,0.887934684753418,1.1260173320770264,6.891907215118408
CA,1h30,A,6mqr,L,2,[1],[1],CA,CA,39.990345911934675,2.484486818313598,1.6728568077087402,0.6708447933197021,0.97722589969635,1.0839852094650269,7.999613761901855
CA,2gwr,A,2vhd,A,2,[1],[1],CA,CA,11.83099309974094,2.4956722259521484,1.6767369508743286,0.6407723426818848,0.804431676864624,1.493671417236328,5.419356346130371
K,1d7r,A,3zd9,A,2,[1],[1],K,K,34.834296156844104,2.93510365486145,1.3358031511306765,0.7235419154167175,0.9295189380645752,1.0095325708389282,7.769564628601074
F6P,3m5p,A,5k55,A,2,[16],[16],F6P,F6P,15.66688680413754,2.5085113048553467,1.4289417266845703,0.6972994208335876,0.8660563230514526,1.015813946723938,6.10392951965332
CA,4lks,A,6d5b,B,2,[1],[1],CA,CA,13.617026044752427,2.780759334564209,1.1624798774719238,0.7877544164657593,0.9768786430358888,0.9042481780052184,5.765766620635986
F6P,1fsa,A,3o8o,B,2,[16],[16],F6P,F6P,10.16532056641501,2.357295513153076,1.3884161710739136,0.6583923697471619,0.9430587291717528,1.1281087398529053,5.040991306304932
CA,2rex,D,5w0r,A,2,[1],[1],CA,CA,31.032263265207494,2.6000311374664307,1.5166829824447632,0.6730999946594238,0.8232412338256836,1.1597576141357422,7.562893390655518
TTP,7b0h,F,7t18,A,2,[29],[29],TTP,TTP,1.205088739860968,3.061976432800293,0.7396851181983948,0.7425372004508972,0.9016650915145874,0.8498219847679138,1.0754834413528442
F6P,3n1c,A,3o8o,B,2,[16],[16],F6P,F6P,11.346514215218749,2.815351247787476,1.4664065837860107,0.678621232509613,0.8710669279098511,1.345425009727478,5.315394401550293
SF4,2b3x,A,5ztb,B,2,[8],[8],SF4,SF4,18.1916457417905,2.288702964782715,1.7186223268508911,0.6335035562515259,0.8980587720870972,1.91583263874054,6.452849864959717
SIA,4nfd,A,6g47,A,2,[21],[21],SIA,SIA,31.21914119844467,2.6640830039978027,1.488695740699768,0.7393585443496704,0.9789280295372008,1.0468599796295166,7.5739426612854
F6P,1fsa,A,3n1c,A,2,[16],[16],F6P,F6P,17.35672805417622,2.707315444946289,1.457250714302063,0.7394421696662903,0.4681292176246643,1.1210347414016724,6.344592094421387
K,2qv6,A,3crl,B,2,[1],[1],K,K,42.12449718543146,2.482595443725586,1.5968765020370483,0.7134348154067993,0.7295882701873779,1.185041069984436,8.08151626586914
F6P,5k55,A,5xz7,A,2,[16],[16],F6P,F6P,4.796510689563025,2.435689926147461,1.6336427927017212,0.7286848425865173,0.8191707134246826,1.1225157976150513,3.241649866104126
F6P,1fsa,A,3m5p,A,2,[16],[16],F6P,F6P,8.992448037865497,2.4517979621887207,1.585349440574646,0.7298917770385742,0.8029975295066833,1.0545791387557983,4.7347493171691895
IPE,1x07,A,3k4y,A,2,[14],[14],IPE,IPE,9.14464773343161,3.413928985595703,0.9172837138175964,0.771521806716919,0.8107103109359741,0.8240645527839661,4.776607990264893
SIA,2wbv,B,4nfd,A,2,[21],[21],SIA,SIA,17.705990071220505,2.508068561553955,1.464756727218628,0.7784105539321899,0.6678304076194763,1.1899402141571045,6.390672206878662
F6P,1fsa,A,3pr3,A,2,[16],[16],F6P,F6P,6.494570321237772,2.30447006225586,1.4488698244094849,0.7164188027381897,0.5732535123825073,1.156465768814087,3.937398910522461
GOA,3l24,B,3r3z,A,2,[5],[5],GOA,GOA,5.55972825795017,2.5141372680664062,1.5203468799591064,0.7050305604934692,0.8294360041618347,1.0103837251663208,3.573152542114258
COM,1e6y,A,2c3c,A,2,[7],[7],COM,COM,9.154175645582281,2.038086414337158,1.704240083694458,0.6502653956413269,0.7496882081031799,1.0730267763137815,4.779206275939941
TTP,2uz3,B,7b0h,F,2,[29],[29],TTP,TTP,6.468232435747531,2.936129093170166,1.5135310888290403,0.6925296783447266,0.95258629322052,1.234104871749878,3.927702903747559
K,1d7r,A,3fd5,B,2,[1],[1],K,K,25.795719401700083,2.5142626762390137,1.3489943742752075,0.7355788946151733,0.549853503704071,1.272819757461548,7.206369876861572
K,1gup,A,4jay,A,2,[1],[1],K,K,30.920725694128727,2.2858715057373047,1.3006490468978882,0.6190969347953796,0.8895403742790222,1.7440224885940552,7.55625057220459
DGT,3f2b,A,3otb,A,2,[31],[31],DGT,DGT,48.89294897212994,2.16340970993042,1.9695382118225095,0.6724700927734375,0.7370899319648743,1.1743910312652588,8.302003860473633
SIA,4fvv,B,4k6u,B,2,[20],[21],SIA,SIA,23.890572251822476,2.495491743087769,1.3283627033233645,0.6704046130180359,0.8953510522842407,1.861492395401001,7.0493268966674805
SIA,4k6u,B,6y6a,M,2,[21],[20],SIA,SIA,22.451401088660184,2.451822519302368,1.902863621711731,0.5919007062911987,0.9935094118118286,1.6520744562149048,6.918468952178955
K,2ib8,D,3zd9,A,2,[1],[1],K,K,28.307602548978842,2.376800537109375,1.4173046350479126,0.735688328742981,0.5349695682525635,1.006952881813049,7.389552116394043
TTP,2ja1,A,7b0h,F,2,[29],[29],TTP,TTP,10.911729183917345,2.7485463619232178,1.6321710348129272,0.7118611931800842,0.8717916011810303,1.1198601722717283,5.217994689941406
K,1d7r,A,2fxi,A,2,[1],[1],K,K,27.412231682135037,3.054828643798828,1.422690510749817,0.7579203248023987,0.9558408856391908,1.0597455501556396,7.327077388763428
SIA,4d62,A,4nfd,A,2,[21],[21],SIA,SIA,22.183764107191635,2.40512752532959,1.5253005027770996,0.7663645148277283,0.8530410528182983,1.2233898639678955,6.892843246459961
SIA,6g47,A,6y6a,M,2,[21],[21],SIA,SIA,36.28026950510183,2.2162084579467773,2.0161776542663574,0.5866454243659973,0.807408332824707,1.4386743307113647,7.83925199508667
F6P,1t10,A,6ayu,A,2,[16],[16],F6P,F6P,14.191238353979948,2.4639651775360107,1.3309828042984009,0.7344073057174683,0.8501796126365662,1.250109314918518,5.86627197265625
K,1gup,A,3crl,B,2,[1],[1],K,K,19.884053431721743,2.570133686065674,1.5340328216552734,0.7028171420097351,0.8239876627922058,1.1598273515701294,6.653733730316162
F6P,4lc9,A,5k55,A,2,[16],[16],F6P,F6P,13.063314161487144,2.4936776161193848,1.38993501663208,0.7414715886116028,0.7917343974113464,1.0690724849700928,5.664109706878662
TTP,2uz3,B,3mx2,B,2,[29],[29],TTP,TTP,41.87254476619967,2.421981811523437,1.6533559560775757,0.6694320440292358,0.7422186732292175,1.3928130865097046,8.072197914123535
K,1gup,A,2qv6,A,2,[1],[1],K,K,42.920991683149126,2.517465114593506,1.5188841819763184,0.6784235239028931,0.7164024710655212,0.98668110370636,8.110390663146973
SIA,2v73,A,4nfd,A,2,[21],[21],SIA,SIA,9.374810839056048,2.623434543609619,1.5354764461517334,0.7284035682678223,0.882911741733551,1.1845611333847046,4.838659286499023
K,1d7r,A,4jay,A,2,[1],[1],K,K,22.76059303466857,2.4077134132385254,1.4389959573745728,0.7071206569671631,0.9048689603805542,1.0151941776275637,6.94755220413208
SIA,4d62,A,4fvv,B,2,[21],[21],SIA,SIA,23.17494775363984,2.5919723510742188,1.4175702333450315,0.6883488297462463,0.8709005117416382,1.450870394706726,6.985677242279053
SIA,3r4s,A,4d62,A,2,[21],[21],SIA,SIA,30.283140950617067,2.254021406173706,1.3594456911087036,0.701985776424408,0.8593936562538147,1.3188436031341553,7.517571926116943
SIA,4fvv,B,4nfd,A,2,[21],[21],SIA,SIA,13.308694446497537,2.390477418899536,1.546620488166809,0.7355450987815857,0.8752968907356262,1.2112010717391968,5.709755420684815
SIA,3r4s,A,4k6u,B,2,[20],[21],SIA,SIA,30.68085938439598,1.681413650512695,1.5392136573791504,0.6289075016975403,0.9794735312461852,1.6406322717666626,7.541841506958008
SIA,4k6u,B,4nfd,A,2,[21],[20],SIA,SIA,23.587729531548398,2.734408378601074,1.2506273984909058,0.6895008683204651,0.8471305966377258,1.605112910270691,7.022722244262695
SIA,4fvv,B,6y6a,M,2,[21],[21],SIA,SIA,23.661842901276827,2.202676773071289,1.4615020751953125,0.6571521759033203,0.9867534041404724,1.3358222246170044,7.029277324676514
SIA,4d62,A,6y6a,M,2,[21],[21],SIA,SIA,22.3576943241898,2.0818934440612797,1.495257019996643,0.6948681473731995,0.6796896457672119,1.1917484998703003,6.909544944763184
SIA,2wbv,B,6y6a,M,2,[21],[21],SIA,SIA,45.97883795607968,2.518851518630981,1.4239487648010254,0.6904816627502441,0.8910355567932129,1.6887738704681396,8.213610649108887
SIA,2wbv,B,4fvv,B,2,[21],[21],SIA,SIA,22.37359851928922,2.5778188705444336,1.4864948987960815,0.6417489647865295,0.957414984703064,1.2597177028656006,6.911063194274902
SIA,3r4s,A,6g47,A,2,[21],[21],SIA,SIA,28.419587329892984,2.160250425338745,1.3765182495117188,0.6993873715400696,0.918491542339325,1.2373936176300049,7.39716100692749
SIA,4nfd,A,6y6a,M,2,[21],[21],SIA,SIA,10.938037983460648,2.13016128540039,1.3020113706588743,0.6061658263206482,0.9630101919174194,1.25187087059021,5.224003314971924
TTP,3mx2,B,6n9u,H,3,[29],[29],TTP,TTP,78.10896654874841,4.051907539367676,0.778055727481842,0.7628386616706848,0.969252109527588,0.8428614139556885,8.865041732788086
SKM,4fos,A,4y0a,A,3,[12],[12],SKM,SKM,15.134933167137588,2.812739849090576,1.876282215118408,0.7368181943893433,0.8311024904251099,1.1213077306747437,6.021473407745361
K,2gj8,D,3zd9,A,3,[1],[1],K,K,19.298302721596887,2.822716236114502,1.45343017578125,0.7047200202941895,0.755937933921814,1.2813090085983276,6.5868330001831055
TYD,3wag,B,6vlo,A,3,[25],[25],TYD,TYD,2.4976918638801444,2.766418933868408,1.4223668575286863,0.7224701642990112,0.8659906387329102,1.344243049621582,1.998522520065308
PD2,4nhy,A,4nrq,A,3,[12],[12],PD2,PD2,0.7982520328492023,3.8733139038085938,0.6217958927154541,0.7660403847694397,0.9815855622291564,0.8479079604148865,0.739241898059845
TYD,4rii,A,5h56,B,3,[25],[25],TYD,TYD,14.881211799222582,3.3061976432800293,1.4261609315872192,0.7726333737373352,0.8995679616928101,1.0121523141860962,5.980903148651123
CYT,5ere,A,5ko6,A,3,[8],[8],CYT,CYT,52.68523234598544,2.513144969940185,1.6489778757095337,0.7233735918998718,0.6494051218032837,1.1322765350341797,8.404727935791016
RBF,1kyv,E,4iil,A,3,[27],[27],RBF,RBF,7.971239531461958,2.727414846420288,1.5544421672821045,0.6782665848731995,0.8265805244445801,1.163895845413208,4.435553550720215
TYD,3oti,A,5h56,B,3,[25],[25],TYD,TYD,14.959032426181306,3.242112874984741,1.3551995754241943,0.7276728749275208,0.8894486427307129,1.0412495136260986,5.993434429168701
NAI,2vhw,E,3afo,A,3,[44],[44],NAI,NAI,5.289823220313738,3.0457653999328613,1.6916399002075195,0.6972160339355469,0.932289719581604,1.2588465213775637,3.459702014923096
TYD,2v54,A,4rii,A,3,[25],[25],TYD,TYD,15.295917870095757,3.100032329559326,1.5651278495788574,0.7638805508613586,0.7993595004081726,0.9874258041381836,6.046792984008789
SKM,3doo,A,4y0a,A,3,[12],[12],SKM,SKM,18.48769297247191,2.9746365547180176,1.4733093976974487,0.7572011351585388,0.8727174401283264,1.0779482126235962,6.489712238311768
F6P,1t10,A,5htk,A,3,[16],[16],F6P,F6P,36.609706340127524,2.729581832885742,1.857612490653992,0.7266778349876404,0.918554425239563,1.1299642324447632,7.8545241355896
0O2,4qrh,B,6gfm,A,3,[40],[40],0O2,0O2,36.86694707324055,2.5879101753234863,1.859117031097412,0.7087855935096741,0.6562212705612183,1.160836100578308,7.866300106048584
SF4,5ztb,B,6bxk,A,3,[8],[8],SF4,SF4,9.511202125776077,2.6127071380615234,1.5508314371109009,0.6777962446212769,0.815028190612793,1.502683401107788,4.874739170074463
SIA,4d62,A,6g47,A,3,[21],[21],SIA,SIA,26.615384400497526,2.670199394226074,1.459204912185669,0.7209387421607971,0.6845303177833557,1.1906455755233765,7.26890754699707
RUB,3a9c,B,8thm,B,3,[18],[18],RUB,RUB,15.491629457095602,2.3426754474639893,1.6528524160385132,0.710580587387085,0.8475010395050049,1.2259259223937988,6.077143669128418
TYD,4lxq,B,4rii,A,3,[25],[25],TYD,TYD,9.878442230770185,2.9844720363616943,1.6577059030532837,0.754974901676178,0.6511357426643372,1.3352456092834473,4.969424724578857
F6P,2axn,A,3pr3,A,3,[16],[16],F6P,F6P,40.72809005288692,2.8560233116149902,1.55977201461792,0.676170289516449,0.9145718216896056,1.213537096977234,8.028705596923828
SAM,1x1a,A,2hma,A,3,[27],[27],SAM,SAM,7.521152940307577,3.166289806365967,1.2597697973251345,0.6948854327201843,0.8571786880493164,1.2261677980422974,4.2926130294799805
TYD,3hjn,A,4rii,A,3,[25],[25],TYD,TYD,15.006432996082967,3.2016477584838867,1.5427485704421997,0.7672527432441711,0.8803325295448303,0.9778664112091064,6.001029014587402
SAM,1nbh,A,5hg0,B,3,[27],[27],SAM,SAM,2.8345759590870463,3.2254281044006348,1.0615967512130735,0.7690684199333191,0.9204817414283752,0.9602066278457642,2.208546638488769
BG6,2puw,B,7e6i,A,3,[16],[16],BG6,BG6,26.121509669769637,2.5136611461639404,1.7261276245117188,0.68260657787323,0.8104726076126099,0.9609882831573486,7.231566429138184
NAI,5k4w,C,7p61,F,3,[44],[44],NAI,NAI,4.00886622813031,3.090130567550659,1.0701282024383545,0.724313497543335,0.8451262712478638,1.049267292022705,2.861663579940796
NAI,1t2e,A,6vw7,D,3,[27],[44],NAI,NAI,4.347637559378973,3.2249317169189453,1.414812684059143,0.747258722782135,0.8176105618476868,1.096503973007202,3.0302114486694336
F6P,1t10,A,2r66,A,3,[16],[16],F6P,F6P,22.039012347187892,2.94170880317688,1.6121251583099363,0.740077793598175,0.9788805842399596,1.060200572013855,6.878805160522461
NAI,6b9u,A,7p61,F,3,[44],[44],NAI,NAI,4.314158676681301,2.8285908699035645,1.016081929206848,0.7088529467582703,0.8936969637870789,0.9923182725906372,3.0139100551605225
AMZ,1p4r,A,2r84,B,3,[22],[22],AMZ,AMZ,63.60499340516172,2.561027765274048,1.7831875085830688,0.6567355394363403,0.6792126297950745,1.2513400316238403,8.641396522521973
TYD,3lv8,A,4lei,A,3,[25],[25],TYD,TYD,15.552905545906725,3.127065420150757,1.3866760730743408,0.7510406970977783,0.9318667054176332,1.010927677154541,6.086550712585449
NAI,3afo,A,5z20,F,3,[44],[44],NAI,NAI,5.250270469068174,2.716865539550781,1.6007301807403564,0.6823589205741882,0.9186671376228333,1.3816041946411133,3.442739248275757
BG6,2poc,B,7e6i,A,3,[16],[16],BG6,BG6,25.29841663486898,2.364546298980713,1.7119170427322388,0.6845839023590088,0.8009836673736572,1.069372534751892,7.167011737823486
SKM,4p4g,A,4y0a,A,3,[12],[12],SKM,SKM,16.00305690462554,2.8614890575408936,1.4588006734848022,0.7187348008155823,0.9029067158699036,1.081592082977295,6.154298305511475
SF4,3zxs,A,4cej,B,3,[8],[8],SF4,SF4,68.92884348457063,2.1254849433898926,1.8136348724365237,0.6429609060287476,0.3378966748714447,1.597968578338623,8.733036041259766
NAI,6vly,A,7p61,F,3,[44],[44],NAI,NAI,5.339463431983608,3.2157680988311768,1.5037078857421875,0.732996940612793,0.6735957860946655,1.2010600566864014,3.4808671474456787
03S,5ei5,A,7trr,A,3,[4],[4],03S,03S,10.488149241392597,3.083498239517212,1.6188290119171145,0.7226510643959045,0.9555544257164,1.1115543842315674,5.119129657745361
F6P,1t10,A,3o8o,B,3,[16],[16],F6P,F6P,16.28643798329321,2.328845500946045,1.4035727977752686,0.6631301045417786,0.8700186014175415,1.141278624534607,6.195756912231445
SF4,1h0h,A,4cej,B,3,[8],[8],SF4,SF4,3.9719660196034394,1.5615336894989014,1.4257885217666626,0.5177336931228638,0.7710214853286743,1.570637822151184,2.842811107635498
NAI,2a92,C,4p53,A,3,[44],[44],NAI,NAI,3.324366775504092,3.0943119525909424,1.3314507007598877,0.7439780831336975,0.6431995630264282,0.8884026408195496,2.494952917098999
NAI,6tg9,B,8ab3,A,3,[44],[44],NAI,NAI,9.39374211059273,3.027066707611084,1.3585962057113647,0.740018367767334,0.8495824337005615,1.0683388710021973,4.843697547912598
2HP,1gxu,A,3c46,A,3,[5],[5],2HP,2HP,18.708080786924956,2.0903234481811523,1.6590040922164917,0.6404507756233215,0.8410020470619202,1.3427176475524902,6.516660213470459
SAM,2yqz,A,6ift,A,3,[27],[27],SAM,SAM,1.0906292647628857,4.593809127807617,0.7245458364486694,0.8250683546066284,0.996768057346344,0.7437355518341064,0.983379065990448
TYD,3lv8,A,3oti,A,3,[25],[25],TYD,TYD,14.758895703421025,3.1729671955108643,1.4473299980163574,0.7643173336982727,0.918695628643036,0.9782243967056274,5.961047649383545
TYD,3wag,B,5h56,B,3,[25],[25],TYD,TYD,14.606055912827896,3.206355571746826,1.5317295789718628,0.7574992775917053,0.861092746257782,0.9908758401870728,5.935959815979004
NAI,4eue,A,6tg9,B,3,[44],[44],NAI,NAI,8.224295004663066,3.0454766750335693,1.3391108512878418,0.7333226799964905,0.8736417293548584,1.2345736026763916,4.512819290161133
F6P,4lc9,A,5xz7,A,3,[16],[16],F6P,F6P,8.59244719068271,2.916076421737671,1.2241365909576416,0.725501298904419,0.9677929878234864,0.931325912475586,4.621471881866455
CYT,5efo,B,5ere,A,3,[8],[8],CYT,CYT,52.050800447609205,2.692894458770752,1.657393455505371,0.7209879755973816,0.5877692699432373,1.1509078741073608,8.38841724395752
TYD,1pn3,A,5h56,B,3,[25],[25],TYD,TYD,14.823305085899339,3.062859058380127,1.4828009605407717,0.7583438754081726,0.8479385375976562,1.0558526515960691,5.971527576446533
SF4,3egw,A,4r0v,A,3,[8],[8],SF4,SF4,6.692062444960779,2.3170762062072754,1.5642399787902832,0.629258930683136,0.6245976686477661,1.6070483922958374,4.009128570556641
SKM,2ev9,B,4y0a,A,3,[12],[12],SKM,SKM,17.563353989673892,2.803938150405884,1.680076241493225,0.7492818832397461,0.7780128121376038,1.0163131952285769,6.371994495391846
TYD,1r66,A,4lei,A,3,[25],[25],TYD,TYD,3.140750388985328,2.8550260066986084,1.6114418506622314,0.7436962127685547,0.834867000579834,1.2335010766983032,2.3900845050811768
BG6,5hj5,B,7e6i,A,3,[16],[16],BG6,BG6,34.62067304459871,3.262296199798584,1.1883864402770996,0.7356453537940979,0.9709767699241638,0.9252598285675048,7.758886337280273
TYD,3lv8,A,4rii,A,3,[25],[25],TYD,TYD,15.412760813333595,3.2279253005981445,1.3692125082015991,0.7593910694122314,0.8773144483566284,1.0081745386123655,6.064969062805176
RBF,1kyv,E,4d1y,A,3,[27],[27],RBF,RBF,26.86904789112728,3.229766368865967,1.2560477256774902,0.7272529006004333,0.9370188117027284,0.969080686569214,7.287697792053223
ENO,4jb0,A,6jhb,B,3,[13],[13],ENO,ENO,5.5090554264707,3.4314212799072266,1.0369973182678225,0.7575231790542603,0.960849106311798,0.7831546068191528,3.552154064178467
F6P,1t10,A,5xz7,A,3,[16],[16],F6P,F6P,10.964375340883826,2.7084922790527344,1.4040316343307495,0.7213720083236694,0.964922308921814,1.1432902812957764,5.230003356933594
NAI,4y9d,A,7p61,F,3,[44],[27],NAI,NAI,4.957489075654946,3.0685853958129883,1.47906494140625,0.7718048691749573,0.7435091137886047,1.0660337209701538,3.3143858909606934
CA,4tx8,A,7ym0,A,3,[1],[1],CA,CA,3.9304263829662296,3.303865671157837,1.5189127922058103,0.7752565145492554,0.6502037048339844,1.1586387157440186,2.8214688301086426
TTP,3mx2,B,7b0h,F,3,[29],[29],TTP,TTP,68.45803902789417,3.908713817596436,0.6268208026885986,0.7476858496665955,0.936910092830658,0.8742209672927856,8.725433349609375
NAI,4p53,A,8ab3,A,3,[44],[44],NAI,NAI,3.079158284637737,3.2892115116119385,1.3642699718475342,0.7765747904777527,0.5451116561889648,0.9059990644454956,2.354248046875
NAI,1ahi,A,4p53,A,3,[44],[44],NAI,NAI,4.413000752761828,3.3291025161743164,1.4342120885849,0.7585538029670715,0.8250975608825684,1.034129023551941,3.061819553375244
SF4,2e7z,A,6bxk,A,3,[8],[8],SF4,SF4,15.849317168964134,2.3407199382781982,1.713016390800476,0.6426646113395691,0.7021068334579468,1.1013652086257937,6.131425857543945
PD2,2w2i,C,4nrq,A,3,[12],[12],PD2,PD2,2.522370097290629,3.828613519668579,0.5866643190383911,0.7578645348548889,0.9384244084358216,0.8834028244018555,2.014291286468506
NAI,4eue,A,7p61,F,3,[44],[44],NAI,NAI,4.145325910621982,2.829768180847168,1.0371090173721311,0.7104737758636475,0.8745436668395996,1.095952391624451,2.9305269718170166
NAI,3x2f,A,4p53,A,3,[44],[44],NAI,NAI,3.2604376171032454,3.3763747215271,1.40226149559021,0.7462186217308044,0.8386725187301636,0.9551044702529908,2.458770751953125
NAI,1t2e,A,6tg9,B,3,[44],[44],NAI,NAI,10.080921108382674,3.1466071605682373,1.498110294342041,0.7588361501693726,0.8237716555595398,1.0998491048812866,5.020148754119873
NAI,2dte,A,7p61,F,3,[44],[44],NAI,NAI,4.077779295618315,3.024374008178711,1.069493055343628,0.718936026096344,0.8918382525444031,0.998325765132904,2.896606922149658
TYD,4lei,A,5h56,B,3,[25],[25],TYD,TYD,15.232517581169846,3.129033327102661,1.401274561882019,0.7594029903411865,0.9082423448562622,1.04377543926239,6.03685998916626
CA,1f2n,C,2ygm,B,3,[1],[1],CA,CA,48.08883041340627,2.248495101928711,1.6917270421981812,0.7098902463912964,0.6795891523361206,1.100024700164795,8.278498649597168
HEM,2r7a,A,2xvz,A,3,[43],[43],HEM,HEM,19.618013225878254,2.7411506175994877,1.3700358867645264,0.709987998008728,0.9875165820121764,0.9714544415473938,6.623676300048828
NAI,2aqh,A,4p53,A,3,[44],[44],NAI,NAI,4.4925586243529825,3.425816059112549,1.4732030630111694,0.7462900876998901,0.7146351933479309,1.07336688041687,3.099907159805298
SKM,3pgj,A,4y0a,A,3,[12],[12],SKM,SKM,17.385549887318653,2.858589172363281,1.5336320400238037,0.7660710215568542,0.72575843334198,1.086655616760254,6.3484392166137695
SF4,2xdq,A,7z7s,B,3,[8],[8],SF4,SF4,8.81221620011805,2.4550552368164062,1.4993257522583008,0.6469020843505859,0.966719925403595,0.9322214126586914,4.684305191040039
NAI,1ahi,A,6vw7,D,3,[27],[44],NAI,NAI,4.863223954690368,3.263700008392334,1.5081326961517334,0.7416151762008667,0.8721067309379578,1.1019257307052612,3.271984577178955
NAI,1jki,A,4p53,A,3,[44],[44],NAI,NAI,4.336186132416632,3.272302865982056,1.4614194631576538,0.7532501816749573,0.8295612335205078,1.020395278930664,3.024644136428833
AMZ,1p4r,A,2r7k,A,3,[22],[22],AMZ,AMZ,58.44942127385682,2.502943515777588,1.6288650035858154,0.7341924905776978,0.7590716481208801,1.0155737400054932,8.539067268371582
SAM,5hfj,C,5hg0,B,3,[27],[27],SAM,SAM,3.029563751560196,3.239746570587158,1.1708521842956543,0.7501080632209778,0.9609468579292296,0.8392250537872314,2.325145959854126
K,2fxi,A,3zd9,A,3,[1],[1],K,K,25.48168950983831,2.506566286087036,1.530184268951416,0.7295491099357605,0.9303236603736876,1.0165934562683103,7.181644916534424
NAI,4yac,A,6tg9,B,3,[44],[27],NAI,NAI,5.244060471865062,2.8513054847717285,1.484859824180603,0.7655086517333984,0.8888300061225891,1.0294016599655151,3.440068006515503
NAI,3uh1,A,4p53,A,3,[44],[44],NAI,NAI,3.293256994451434,3.176494598388672,1.441031813621521,0.7642842531204224,0.8658143877983093,0.985826015472412,2.477389097213745
TYD,4lei,A,6vlo,A,3,[25],[25],TYD,TYD,3.028390047192963,2.631138324737549,1.6369709968566897,0.7474793791770935,0.8428272604942322,1.2419615983963013,2.3244545459747314
SF4,2vpw,A,4cej,B,3,[8],[8],SF4,SF4,4.83635805906395,1.5164388418197632,2.207271814346313,0.5435778498649597,0.7904525995254517,1.109787940979004,3.259801387786865
NAI,1jki,A,3afo,A,3,[44],[44],NAI,NAI,4.593683911956709,2.796889305114746,1.5297194719314575,0.6461228132247925,0.8765436410903931,1.3900985717773438,3.1477205753326416
CA,1u8c,B,2hih,A,3,[1],[1],CA,CA,36.98953779941336,2.2377729415893555,1.3443230390548706,0.6678242683410645,0.5648221969604492,1.0897647142410278,7.871866703033447
NAI,1t2e,A,3afo,A,3,[44],[44],NAI,NAI,4.97576772204019,2.9319472312927246,1.5328700542449951,0.7014124393463135,0.8282714486122131,1.2826197147369385,3.3225460052490234
F6P,3pr3,A,5xz7,A,3,[16],[16],F6P,F6P,9.724282603559555,2.86838436126709,1.582917332649231,0.752463698387146,0.8870487809181213,1.0705313682556152,4.930107116699219
BG6,2puw,B,5hj5,B,3,[16],[16],BG6,BG6,39.65692558536229,2.6279070377349854,1.352061152458191,0.6657047867774963,0.7581697106361389,1.184988021850586,7.98618221282959
SF4,3crv,A,3ml1,A,3,[8],[8],SF4,SF4,19.30392366049764,2.677351951599121,1.4749133586883545,0.6876761317253113,0.7304568290710449,1.2493692636489868,6.587487697601318
PD2,2jig,A,4nrq,A,3,[12],[12],PD2,PD2,1.7043835460015069,3.920842170715332,0.7118096351623535,0.8143699169158936,0.9727615118026732,0.9315106868743896,1.4561924934387207
CA,1dfx,A,4ihb,E,3,[1],[1],CA,CA,21.148413885333735,3.2926244735717773,0.9605223536491394,0.7897099256515503,0.9689764976501464,0.8721571564674377,6.789563655853272
DGT,2iry,A,3otb,A,3,[31],[31],DGT,DGT,9.669342641375934,2.67690372467041,1.4196770191192627,0.7320696115493774,0.8305666446685791,1.1170631647109983,4.915946006774902
TYD,2v54,A,4lei,A,3,[25],[25],TYD,TYD,15.950146415284852,3.1190121173858643,1.3147807121276855,0.7685931324958801,0.9230266213417052,1.1286804676055908,6.146457195281982
F6P,3o8o,B,3pr3,A,3,[16],[16],F6P,F6P,9.533651797887835,2.575523376464844,1.3965436220169067,0.7091749310493469,0.7831391096115112,1.1059367656707764,4.880629539489746
SF4,5ktn,A,7lhr,A,3,[8],[8],SF4,SF4,14.268095691990407,2.616687536239624,1.636821150779724,0.7243576645851135,0.8590653538703918,1.198696851730347,5.879363536834717
SF4,6elq,X,7z7s,B,3,[8],[8],SF4,SF4,8.412264892989649,2.095435619354248,1.6334484815597534,0.666161835193634,0.9022979140281676,1.05696439743042,4.568837642669678
NAI,2a92,C,3afo,A,3,[44],[44],NAI,NAI,5.176363958263176,2.9340882301330566,1.2797415256500244,0.6754099130630493,0.8611434102058411,1.4388421773910522,3.41080641746521
CA,3c7g,A,3ikw,A,3,[1],[1],CA,CA,20.899411215128154,2.235994815826416,1.5636439323425293,0.7286707162857056,0.7525773644447327,1.327895164489746,6.763692378997803
CA,1j0h,A,4jrf,A,3,[1],[1],CA,CA,19.325945091881998,2.2452359199523926,1.5790657997131348,0.666504442691803,0.6882340312004089,0.9828811883926392,6.590050220489502
NAI,4fw8,A,6tg9,B,3,[44],[44],NAI,NAI,7.659752971688593,3.011324167251587,1.387812614440918,0.7063825726509094,0.8716384768486023,1.2060223817825315,4.337406635284424
TYD,3rsc,A,5h56,B,3,[25],[25],TYD,TYD,13.175185849419508,3.126079797744751,1.4335099458694458,0.7587826251983643,0.7364171147346497,1.0447263717651367,5.68503999710083
SF4,4cej,B,6tg9,B,3,[8],[8],SF4,SF4,57.17761087987003,2.189497947692871,1.6532151699066162,0.6114318370819092,0.8270479440689087,1.2640299797058103,8.511408805847168
SF4,1oao,C,5ztb,B,3,[8],[8],SF4,SF4,15.337075264748417,2.32181167602539,1.845985054969788,0.5601542592048645,0.9927701950073242,1.1206085681915283,6.053214550018311
F6P,2axn,A,5xz7,A,3,[16],[16],F6P,F6P,36.541715176470625,2.7553982734680176,1.7098280191421509,0.6992035508155823,0.607479453086853,0.9834179878234864,7.85138988494873
TYD,2v54,A,3oti,A,3,[25],[25],TYD,TYD,14.505038768204512,3.264228343963623,1.4088555574417114,0.7458286881446838,0.876997709274292,1.0479211807250977,5.919206619262695
CA,2fkc,A,2ost,A,3,[1],[1],CA,CA,0.1013130684467724,3.683191299438477,0.6580256819725037,0.8024040460586548,0.9952210783958436,0.7841863632202148,0.1002969294786453
NAI,4p53,A,4yac,A,3,[27],[44],NAI,NAI,4.128290875911093,3.407593250274658,1.347046971321106,0.7524707913398743,0.8511578440666199,1.0420764684677124,2.922003030776977
F6P,3m5p,A,5xz7,A,3,[16],[16],F6P,F6P,8.809059372138654,2.7136223316192627,1.55716073513031,0.7392029762268066,0.8906434178352356,1.1409456729888916,4.683413028717041
BG6,5hj5,B,6d24,A,3,[16],[16],BG6,BG6,33.514351951851765,3.193758487701416,1.0843405723571775,0.7499691843986511,0.904984712600708,0.8894709944725037,7.701907634735107
NAI,4p53,A,5wjs,A,3,[44],[44],NAI,NAI,4.288736028739468,3.389317274093628,1.301135540008545,0.7447417974472046,0.8675686120986938,1.0861146450042725,3.0014803409576416
SF4,3a04,A,4c1n,A,3,[8],[8],SF4,SF4,46.744011870733694,2.591293334960937,1.6788028478622437,0.6471166014671326,0.8655931353569031,1.0961971282958984,8.237699508666992
NAI,4p53,A,6b9u,A,3,[44],[44],NAI,NAI,4.518786273132921,3.3698532581329346,1.382716417312622,0.7403460144996643,0.8057610392570496,1.0755406618118286,3.112371921539306
CA,1j24,A,4z0n,A,3,[1],[1],CA,CA,24.05054019856343,2.495455503463745,1.4253205060958862,0.7115349769592285,0.8882271647453308,1.139562964439392,7.063189029693604
SF4,3pdi,A,7lhr,A,3,[8],[8],SF4,SF4,11.123456800071555,2.7641372680664062,1.4657691717147827,0.6412397623062134,0.9374924302101136,1.0775855779647827,5.265926361083984
CA,3ik2,A,4h19,A,3,[1],[1],CA,CA,46.17213945966157,2.932581901550293,1.4497506618499756,0.769437849521637,0.7592464685440063,1.001093506813049,8.219758033752441
SAM,3t7s,A,5hg0,B,3,[27],[27],SAM,SAM,2.402545501534829,3.279561996459961,1.0472851991653442,0.7481748461723328,0.95231294631958,0.9302327036857604,1.93713903427124
NAI,4p53,A,5k4w,C,3,[44],[44],NAI,NAI,4.034473449597541,3.2718963623046875,1.343835473060608,0.7388286590576172,0.6206604242324829,1.069277048110962,2.874688148498535
TYD,5h56,B,6vlo,A,3,[25],[25],TYD,TYD,16.172020955068508,2.434813976287842,1.9139786958694456,0.6890455484390259,0.8071326613426208,1.287872552871704,6.179125785827637
TYD,1r66,A,3wag,B,3,[25],[25],TYD,TYD,2.7893623635492393,2.9902617931365967,1.4103835821151731,0.7262389659881592,0.9121670722961426,1.1622586250305176,2.181001901626587
BG6,2poc,B,5hj5,B,3,[16],[16],BG6,BG6,40.028936910854746,2.495612621307373,1.3549232482910156,0.6727554202079773,0.6963794827461243,1.052815318107605,8.0011568069458
F6P,2r66,A,3pr3,A,3,[16],[16],F6P,F6P,19.967675267113812,2.9841768741607666,1.6415352821350098,0.7665278315544128,0.7731367349624634,1.0387221574783323,6.663071155548096
SF4,5ktn,A,6elq,X,3,[8],[8],SF4,SF4,2.5927454230459483,2.1223807334899902,1.7510771751403809,0.5938619375228882,0.9917826056480408,1.3106565475463867,2.058919906616211
NAI,4yai,A,6tg9,B,3,[44],[44],NAI,NAI,8.726382202850509,2.958270072937012,1.380669355392456,0.732308566570282,0.6109827756881714,1.1303749084472656,4.659940242767334
NAI,5wjs,A,6vw7,D,3,[27],[44],NAI,NAI,3.890173450987005,2.993229866027832,1.2909998893737793,0.7389916181564331,0.9295030236244202,1.0087429285049438,2.800665855407715
TYD,3wag,B,4e2x,A,3,[25],[25],TYD,TYD,20.030185523549864,2.8185577392578125,1.5386415719985962,0.7306025624275208,0.834601104259491,1.0115925073623655,6.670017242431641
F6P,3m5p,A,3o8o,B,3,[16],[16],F6P,F6P,14.527376392503143,2.4230852127075195,1.473157286643982,0.6853745579719543,0.8362690806388855,1.1288877725601196,5.9229230880737305
NAI,4y9d,A,6vw7,D,3,[27],[27],NAI,NAI,5.197838396436268,3.221991539001465,1.5288621187210083,0.7385997176170349,0.8906015753746033,1.1194360256195068,3.420116901397705
F6P,3pr3,A,5htk,A,3,[16],[16],F6P,F6P,39.04136574396697,2.797004461288452,1.6207306385040283,0.7428478598594666,0.8594421744346619,1.0117301940917969,7.960905075073242
SF4,4cej,B,6bxk,A,3,[8],[8],SF4,SF4,71.28092869811108,2.050954818725586,1.5229977369308472,0.5958638787269592,0.6832372546195984,1.5434757471084597,8.769699096679688
F6P,5htk,A,5xz7,A,3,[16],[16],F6P,F6P,35.157057437465674,2.6561684608459477,1.537771701812744,0.7400572299957275,0.6726477742195129,1.0589483976364136,7.785506725311279
NAI,3adp,A,6tg9,B,3,[44],[44],NAI,NAI,7.7701192824951,2.9353744983673096,1.3749847412109375,0.7610862255096436,0.8757656812667847,1.094333529472351,4.372575759887695
TYD,4e2x,A,4lei,A,3,[25],[25],TYD,TYD,15.487772285873564,3.016279697418213,1.5780189037322998,0.752135157585144,0.8512790203094482,1.1538174152374268,6.076550006866455
TYD,1r66,A,5h56,B,3,[25],[25],TYD,TYD,16.343287828612468,2.68257474899292,1.6089879274368286,0.6911752223968506,0.7903795838356018,1.1170862913131714,6.2039666175842285
BU3,4j6r,L,5i5m,B,3,[6],[6],BU3,BU3,58.623365200364404,1.831716775894165,1.4003645181655884,0.5711351037025452,0.3357546031475067,0.978023886680603,8.542770385742188
F6P,2r66,A,5xz7,A,3,[16],[16],F6P,F6P,13.720642883497218,2.6800034046173096,1.56634521484375,0.7502310276031494,0.9723661541938782,1.121295928955078,5.784262657165527
SKM,2hk9,A,4y0a,A,3,[12],[12],SKM,SKM,16.261973565113202,2.7639002799987797,1.4210169315338137,0.7199498414993286,0.8661842942237854,1.1337950229644775,6.19221305847168
NAI,1t2e,A,7p61,F,3,[44],[44],NAI,NAI,4.420346493679058,3.343880176544189,1.1338121891021729,0.7393776774406433,0.6191369295120239,1.0559862852096558,3.0653538703918457
SAM,2q6o,A,2zif,B,3,[27],[27],SAM,SAM,7.3075112208008495,3.0003256797790527,1.28229558467865,0.7536875009536743,0.8478572964668274,0.8935578465461731,4.222161769866943
NAI,4cuk,A,7p61,F,3,[44],[44],NAI,NAI,3.8030964808308005,2.956669330596924,1.108823299407959,0.7231590151786804,0.801423966884613,0.9967591166496276,2.755248785018921
F6P,3m5p,A,5htk,A,3,[16],[16],F6P,F6P,39.267258441721665,2.692267417907715,1.587756633758545,0.7189832925796509,0.940386950969696,1.058787226676941,7.970254421234131
NAI,3afo,A,4yai,A,3,[44],[44],NAI,NAI,4.852974531686263,2.846126079559326,1.5645290613174438,0.7029175758361816,0.9314780235290528,1.2446376085281372,3.2673418521881104
CA,1uy1,A,1x33,C,3,[1],[1],CA,CA,20.513718028575475,2.3522543907165527,1.5576634407043457,0.7704947590827942,0.8613795042037964,1.1973761320114136,6.722785472869873
CA,1h30,A,6u2f,A,3,[1],[1],CA,CA,60.07417901869846,1.966057062149048,1.403052806854248,0.6291550993919373,0.853471040725708,1.057224988937378,8.572940826416016
K,2fxi,A,2gj8,D,3,[1],[1],K,K,10.03727599552581,3.7375783920288086,0.9529482126235962,0.7887340188026428,0.9809191226959229,0.7811645269393921,5.009301662445068
TYD,3oti,A,4e2x,A,3,[25],[25],TYD,TYD,18.496743358613475,2.915416717529297,1.543459415435791,0.7485318183898926,0.7847217321395874,1.009615182876587,6.490827083587647
SF4,3egw,A,4c1n,A,3,[8],[8],SF4,SF4,3.9111496847963285,2.033313751220703,1.669373869895935,0.5705893039703369,0.7597034573554993,1.4494026899337769,2.811521530151367
SF4,4g9p,A,6de6,B,3,[8],[8],SF4,SF4,33.96225264116007,3.312300205230713,1.1007362604141235,0.7177436351776123,0.9342862963676452,0.924413800239563,7.725321292877197
SF4,2e7z,A,3crv,A,3,[8],[8],SF4,SF4,21.378097371283566,2.4385440349578857,1.6479147672653198,0.7088086605072021,0.8344352841377258,1.089259147644043,6.813063621520996
CA,4cid,A,6ncr,A,3,[1],[1],CA,CA,66.67478573199185,2.874020338058472,1.4867924451828003,0.7153359651565552,0.8039081692695618,1.212833046913147,8.69579029083252
SAM,2ejt,A,5hg0,B,3,[27],[27],SAM,SAM,3.4288077763874325,3.1405415534973145,1.3398518562316897,0.75551837682724,0.9653376340866088,1.0627543926239014,2.553322553634644
TYD,2v54,A,3wag,B,3,[25],[25],TYD,TYD,15.282761830016192,3.1425604820251465,1.4750847816467283,0.7607479095458984,0.873455822467804,0.9958325028419496,6.044735908508301
CA,1ajo,B,4a6o,A,3,[1],[1],CA,CA,8.065486043076126,2.5103652477264404,1.754830002784729,0.6509859561920166,0.983045220375061,1.3186912536621094,4.464582920074463
CA,1hpl,A,3ppv,A,3,[1],[1],CA,CA,12.677155000799104,3.072746753692627,1.633379578590393,0.7115971446037292,0.8861561417579651,1.124201774597168,5.590275764465332
SAM,2ejt,A,2hma,A,3,[27],[27],SAM,SAM,6.691814002835891,3.3747706413269043,1.3678436279296875,0.7540231347084045,0.6209931969642639,1.0711023807525637,4.009039402008057
SAM,2hma,A,3m6w,A,3,[27],[27],SAM,SAM,6.90680462866214,3.45261549949646,0.912345826625824,0.7750259041786194,0.9825061559677124,1.063084602355957,4.085221767425537
SF4,4c1n,A,6qkg,B,3,[8],[8],SF4,SF4,4.582188351782833,1.8489257097244265,1.5462987422943115,0.5789775848388672,0.9721012711524964,1.1518033742904663,3.142318725585937
SAM,2q6o,A,2wa2,A,3,[27],[27],SAM,SAM,9.946537262938035,3.162985324859619,1.442998290061951,0.7062291502952576,0.8238294720649719,1.0810006856918335,4.986598491668701
NAI,3ay6,B,6tg9,B,3,[44],[44],NAI,NAI,7.566573493233129,3.142141342163086,1.287814021110535,0.7395296096801758,0.862622857093811,1.1662304401397705,4.307370185852051
SF4,4hea,1,7z7s,B,3,[8],[8],SF4,SF4,17.427924520997582,2.6148500442504883,1.3204683065414429,0.7004836797714233,0.849729597568512,1.2256526947021484,6.354080677032471
SAM,2hma,A,4qtu,B,3,[27],[27],SAM,SAM,5.874059480944524,3.1026978492736816,1.4140315055847168,0.7176042199134827,0.8499482274055481,1.1105464696884155,3.7004141807556152
F6P,1t10,A,2axn,A,3,[16],[16],F6P,F6P,34.2983102803075,2.4797017574310303,1.659896731376648,0.719848096370697,0.7715363502502441,1.1549843549728394,7.74257755279541
NAI,4uun,B,7p61,F,3,[44],[44],NAI,NAI,3.875268983392964,3.367713928222656,1.406194806098938,0.7405027151107788,0.6938916444778442,1.12661612033844,2.792932510375977
TYD,1r66,A,4rii,A,3,[25],[25],TYD,TYD,2.595549114426504,2.9209060668945312,1.5109652280807495,0.7344889640808105,0.9215375185012816,1.188619613647461,2.06068754196167
SF4,1h0h,A,6bxk,A,3,[8],[8],SF4,SF4,21.834488445312935,2.3569095134735107,1.6786296367645264,0.6143186688423157,0.9152127504348756,1.2493093013763428,6.858752727508545
TYD,4e2x,A,5h56,B,3,[25],[25],TYD,TYD,11.163861405222947,2.825723171234131,1.7329801321029663,0.7554149031639099,0.9187489151954652,1.0173568725585938,5.274964332580566
NAI,3afo,A,3ay6,B,3,[44],[44],NAI,NAI,4.913679557127822,2.806711196899414,1.539233922958374,0.7043553590774536,0.9058781862258912,1.3193597793579102,3.2947466373443604
CA,3a47,A,6dfq,C,3,[1],[1],CA,CA,50.875416184081814,2.332888603210449,1.3682305812835691,0.7257294058799744,0.95361989736557,0.8711376190185547,8.357300758361816
CA,5hxm,A,6u66,B,3,[1],[1],CA,CA,58.723525992126035,2.229628562927246,1.591690182685852,0.7364221811294556,0.7929145097732544,1.2965298891067505,8.544894218444824
CA,3ppv,A,6u2f,A,3,[1],[1],CA,CA,36.91586874083759,2.7073092460632324,1.5673179626464844,0.7350155711174011,0.7862367630004883,1.00960111618042,7.86852502822876
NAI,5z20,F,6tg9,B,3,[44],[44],NAI,NAI,7.462280834907975,2.7862110137939453,1.451284885406494,0.7456450462341309,0.8017072677612305,1.1127625703811646,4.27337121963501
M6P,4zev,A,7kma,B,3,[16],[16],M6P,M6P,6.82720491418266,2.840547800064087,1.4859758615493774,0.733893096446991,0.8554062247276306,1.1593132019042969,4.057242393493652
F6P,2r66,A,3m5p,A,3,[16],[16],F6P,F6P,27.41528870216895,2.9829673767089844,1.7596487998962402,0.730615496635437,0.7912449240684509,0.9821333289146424,7.327295780181885
NAI,3uh1,A,6vw7,D,3,[27],[44],NAI,NAI,3.8296806696377557,2.897865295410156,1.22174334526062,0.7205568552017212,0.9080544710159302,0.9788541793823242,2.7691750526428223
TYD,4e2x,A,4rii,A,3,[25],[25],TYD,TYD,14.318070762428162,2.5761044025421143,1.7940722703933716,0.7689815163612366,0.5981383919715881,0.9882291555404664,5.887831687927246
SF4,3crv,A,7p61,F,3,[8],[8],SF4,SF4,30.05893221744407,2.631746292114258,1.523231863975525,0.706077516078949,0.7733920812606812,1.121561050415039,7.503677845001221
NAI,3uh1,A,6tg9,B,3,[44],[44],NAI,NAI,8.514197250103821,2.8083903789520264,1.339434266090393,0.7505947947502136,0.8490691781044006,0.9372166991233826,4.5987396240234375
NAI,4fw8,A,7p61,F,3,[44],[44],NAI,NAI,3.8483603511417583,2.9486758708953857,1.0727715492248535,0.7268472909927368,0.8989717960357666,0.9907048940658568,2.778928518295288
SF4,1gn9,A,6fwr,A,3,[8],[8],SF4,SF4,44.55866100844778,2.3014919757843018,1.7803099155426023,0.6607220768928528,0.5046725273132324,1.179434061050415,8.167110443115234
TYD,3hjn,A,4lei,A,3,[25],[25],TYD,TYD,15.263239049775937,3.105191707611084,1.5986191034317017,0.7884054780006409,0.8669455051422119,0.9783669114112854,6.041679382324219
TYD,4lei,A,4lxq,B,3,[25],[25],TYD,TYD,10.166699297745842,2.952460527420044,1.586129069328308,0.7012298107147217,0.93283212184906,1.2961852550506592,5.041330337524414
TYD,3oti,A,4lxq,B,3,[25],[25],TYD,TYD,8.800262628790842,2.8112261295318604,1.5314419269561768,0.7154433131217957,0.8348698616027832,1.184774398803711,4.680925369262695
SF4,3ml1,A,5ktn,A,3,[8],[8],SF4,SF4,3.422532193181361,2.423672199249268,1.3981248140335083,0.6382434368133545,0.7914549112319946,1.4843881130218506,2.5498409271240234
TYD,3oth,A,5h56,B,3,[25],[25],TYD,TYD,14.737252096911098,3.117398977279663,1.5172940492630005,0.732001006603241,0.803135335445404,1.0020124912261963,5.957513809204102
TYD,4rii,A,6vlo,A,3,[25],[25],TYD,TYD,2.686907724438921,2.6595168113708496,1.5721619129180908,0.6789997816085815,0.9350987672805786,1.4979065656661987,2.117858648300171
TYD,3hjn,A,3wag,B,3,[25],[25],TYD,TYD,15.884016414485508,3.014714241027832,1.5674173831939695,0.746486246585846,0.8231908082962036,0.9971888661384584,6.1366119384765625
SF4,2ynm,C,6fwr,A,3,[8],[8],SF4,SF4,34.616723952912665,2.0112595558166504,1.567745327949524,0.6167819499969482,0.9055944085121156,1.306098222732544,7.758687973022461
TYD,3hjn,A,3oti,A,3,[25],[25],TYD,TYD,15.072189401461303,3.119943618774414,1.457067370414734,0.7585811018943787,0.8771817088127136,0.9797366857528688,6.01151704788208
F6P,2axn,A,3m5p,A,3,[16],[16],F6P,F6P,40.27268015708296,2.8112597465515137,1.624314785003662,0.663428008556366,0.931100845336914,1.1032580137252808,8.010848045349121
SF4,4fhc,A,6bxk,A,3,[8],[8],SF4,SF4,7.268834861381325,2.321467876434326,1.500800371170044,0.7131728529930115,0.6415604948997498,1.201054573059082,4.209221363067627
TYD,1r66,A,3oti,A,3,[25],[25],TYD,TYD,2.876288709799128,2.8526525497436523,1.7277415990829468,0.7310274243354797,0.8789637088775635,1.203886866569519,2.2337870597839355
TYD,4g2t,A,5h56,B,3,[25],[25],TYD,TYD,14.535614952841101,3.267493963241577,1.5442301034927368,0.7759881019592285,0.8682330846786499,1.0277011394500732,5.924292087554932
TYD,3oti,A,6vlo,A,3,[25],[25],TYD,TYD,3.2907771987100327,2.736321926116944,1.5818250179290771,0.7074278593063354,0.9287173748016356,1.384732723236084,2.475985527038574
TYD,4lxq,B,5h56,B,3,[25],[25],TYD,TYD,12.131654699870818,2.80124568939209,1.3268035650253296,0.7209684252738953,0.8880864977836609,1.1579676866531372,5.4815850257873535
TYD,1rrv,A,5h56,B,3,[25],[25],TYD,TYD,14.69101382879124,3.2697815895080566,1.469341278076172,0.7592688202857971,0.931589424610138,1.0895050764083862,5.949943542480469
TYD,3lv8,A,3wag,B,3,[25],[25],TYD,TYD,15.442601853111109,3.0054807662963867,1.4030423164367676,0.7467774748802185,0.880341649055481,0.9390380382537842,6.069584369659424
TYD,3wag,B,4lxq,B,3,[25],[25],TYD,TYD,17.510126980795466,2.386228084564209,1.741475224494934,0.7156662940979004,0.7394054532051086,0.917205810546875,6.3649749755859375
SIA,2wbv,B,4d62,A,3,[21],[21],SIA,SIA,33.67843670438945,2.358656406402588,1.6882884502410889,0.6350489258766174,0.9518588781356812,1.5925557613372805,7.710540771484375
SIA,4d62,A,4k6u,B,3,[20],[21],SIA,SIA,32.79068059184384,2.590078115463257,1.5266389846801758,0.6984087824821472,0.8395180106163025,1.1235021352767944,7.6630425453186035
2GP,1gmp,A,2aad,A,4,[24],[24],2GP,2GP,0.8556087585187561,3.440063953399658,0.686589241027832,0.8083095550537109,0.9922406077384948,0.7750809788703918,0.7881720662117004
SKM,2hk9,A,3sef,C,4,[12],[12],SKM,SKM,1.7761487184406335,4.818301200866699,0.5715364813804626,0.8449665904045105,0.952832579612732,0.7185834050178528,1.508259415626526
AZM,3ml5,A,4g7a,B,4,[13],[13],AZM,AZM,0.2884449238093645,4.743642807006836,0.2496107369661331,0.8974030017852783,0.99636310338974,0.6945428252220154,0.2803581357002258
VO4,1rpt,A,3gp5,A,4,[4],[5],VO4,VO4,2.99063261777707,4.094406127929688,0.6930586099624634,0.8676093816757202,0.9811810851097108,0.6852259039878845,2.302145481109619
TEM,1blc,A,6nvu,A,4,[11],[11],TEM,TEM,3.3082506538068914,4.545305252075195,0.5562875270843506,0.8470677733421326,0.9899149537086488,0.7414711117744446,2.4858644008636475
TYD,3rsc,A,4lei,A,4,[25],[25],TYD,TYD,1.2012394498928949,4.636608123779297,0.6497616767883301,0.8491998910903931,0.8540502190589905,0.8282380104064941,1.0724165439605713
M0E,3vmr,A,5hld,A,4,[77],[84],M0E,M0E,70.23082767575474,2.27944016456604,1.3865771293640137,0.7041324377059937,0.8811472654342651,1.0155742168426514,8.753596305847168
SKM,2hk9,A,3doo,A,4,[12],[12],SKM,SKM,3.609536498105381,4.896823406219482,0.5837684869766235,0.8638215065002441,0.9886072278022766,0.7123486995697021,2.6522111892700195
DOR,3mjm,A,4bjh,A,4,[11],[11],DOR,DOR,1.0087316549939545,4.763385772705078,0.4859571158885956,0.8673895001411438,0.9879384636878968,0.745678186416626,0.916301429271698
AZM,3ml5,A,4x5s,A,4,[13],[13],AZM,AZM,0.29193024445608373,4.781842708587647,0.2590565681457519,0.9024683237075806,0.9972429871559144,0.6875304579734802,0.2836496531963348
DDN,1vq2,A,2hvw,A,4,[20],[20],DDN,DDN,1.5167052199376125,4.943582057952881,0.3585329353809356,0.8820142149925232,0.9463571310043336,0.6605444550514221,1.3169610500335691
NXL,6d3g,C,6mkq,A,4,[17],[17],NXL,NXL,0.9859456420417435,4.497328281402588,0.5280939936637878,0.836115837097168,0.9467148184776306,0.7256687879562378,0.8974608778953552
M0E,3vmr,A,5hlb,A,4,[77],[84],M0E,M0E,77.85811001032265,2.2509655952453613,1.6786317825317385,0.6596919298171997,0.9171223640441896,1.0288145542144775,8.861801147460938
NXL,6d3g,C,6fm7,A,4,[17],[17],NXL,NXL,1.1853770941627149,4.215733528137207,0.628447413444519,0.8164350986480713,0.9292162656784058,0.7566192150115967,1.05975604057312
CAP,5mac,A,8cmy,C,4,[21],[21],CAP,CAP,9.297638938911067,4.600806713104248,0.685900092124939,0.8576940894126892,0.8400646448135376,0.8559424877166748,4.818018913269043
PCG,5e16,A,5h5o,A,4,[23],[23],PCG,PCG,1.4895007367033015,4.6877641677856445,0.5217245817184448,0.8859931230545044,0.9522828459739684,0.7554929256439209,1.2964016199111938
TYD,3oti,A,4rii,A,4,[25],[25],TYD,TYD,0.9788324723128331,4.702828884124756,0.5767741203308105,0.8365346193313599,0.9733096957206726,0.7467206120491028,0.891563355922699
FDA,3swo,A,7e8p,D,4,[53],[53],FDA,FDA,1.4908783312399296,3.628184795379639,1.041261911392212,0.7955570220947266,0.9767245054244996,0.9689244031906128,1.2974450588226318
BTM,6ax9,A,8h4p,A,4,[14],[14],BTM,BTM,2.639582833592696,4.123462677001953,0.5871453881263733,0.8131394982337952,0.9859127998352052,0.8215866684913635,2.088346481323242
BMP,1dqx,A,4muz,A,4,[22],[22],BMP,BMP,0.9096092281217585,4.846765041351318,0.4798087179660797,0.862550675868988,0.8961794376373291,0.7785516381263733,0.8337688446044922
CAA,1ee0,A,5ab6,D,4,[54],[54],CAA,CAA,14.029491456169868,3.430009365081787,1.1205365657806396,0.7123426198959351,0.9718541502952576,0.949622392654419,5.838447093963623
PCG,5e16,A,8evb,B,4,[23],[23],PCG,PCG,1.2948566051689154,4.046319484710693,0.8533723950386047,0.8175041675567627,0.9504085779190063,0.795318603515625,1.1464126110076904
TTP,1cr1,A,1w4r,A,4,[29],[29],TTP,TTP,12.673930880552941,4.476950168609619,0.7527918219566345,0.8229531049728394,0.997818887233734,0.8005019426345825,5.589648723602295
VN4,2rar,A,4hgp,A,4,[4],[4],VN4,VN4,2.9273032440771956,4.928414344787598,0.5184483528137207,0.8817741870880127,0.9746697545051576,0.6967024803161621,2.264434576034546
SKM,3sef,C,4p4g,A,4,[12],[12],SKM,SKM,2.71248566274062,4.286685466766357,0.8255617022514343,0.7558907866477966,0.9997310042381288,0.9211671352386476,2.1337177753448486
LPA,2art,A,5t8u,B,4,[12],[12],LPA,LPA,1.631733506293604,4.454580783843994,0.4833568036556244,0.8606262803077698,0.9902688264846802,0.7803913354873657,1.4028291702270508
DAN,1sli,A,2f25,A,4,[20],[20],DAN,DAN,1.7548215552499977,4.65510368347168,0.5779879093170166,0.8825827836990356,0.9661027789115906,0.7829720377922058,1.4928525686264038
PCG,5e16,A,7pzb,A,4,[23],[23],PCG,PCG,1.3650677635049877,4.466845512390137,0.524522602558136,0.8838318586349487,0.9896578192710876,0.8183158040046692,1.2011083364486694
FDA,4x28,A,7e8p,D,4,[53],[53],FDA,FDA,1.6055043180746862,3.548511505126953,0.8858758807182312,0.7998998165130615,0.9571834802627563,0.8711712956428528,1.3833990097045898
GTS,3erg,A,4jed,A,4,[23],[23],GTS,GTS,2.3207179432331317,4.705811023712158,0.8152786493301392,0.8492569923400879,0.9923912286758424,0.6902586817741394,1.8835898637771609
F6P,3m5p,A,4lc9,A,4,[16],[16],F6P,F6P,1.6741840569202422,3.831941604614258,0.8787258863449097,0.7902525663375854,0.989206612110138,0.7631552219390869,1.4340908527374268
FPP,3aq0,C,6lcd,A,4,[9],[24],FPP,FPP,7.757932635334302,2.998692512512207,0.9101398587226868,0.7530206441879272,0.9129533767700196,0.8111745715141296,4.368713855743408
GTS,2gsr,A,3erg,A,4,[23],[23],GTS,GTS,1.836309885545761,4.324309349060059,0.6928111910820007,0.8086130619049072,0.9636698365211488,0.7832450270652771,1.5514209270477295
DIH,2p4s,A,3of3,A,4,[19],[19],DIH,DIH,1.2085470815449013,4.252519130706787,0.659333348274231,0.8034379482269287,0.953985631465912,0.7192250490188599,1.0782370567321775
2GP,1fut,A,1gmp,A,4,[24],[24],2GP,2GP,23.576673188319944,2.628581523895264,1.5443618297576904,0.7375590801239014,0.7540992498397827,1.1403062343597412,7.02174186706543
LAD,1e1t,A,4up7,A,4,[32],[32],LAD,LAD,0.5070555359875969,4.27323055267334,0.3466659784317016,0.7720978260040283,0.9919066429138184,0.7446025013923645,0.4825857579708099
2V9,4otg,A,5wnj,A,4,[33],[33],2V9,2V9,0.9015828209589312,4.821604251861572,0.6416994333267212,0.8671927452087402,0.9357202649116516,0.7806537747383118,0.8270201086997986
HAR,1hqf,A,5zee,B,4,[13],[13],HAR,HAR,1.4527783459987174,5.170203685760498,0.4223956167697906,0.901278555393219,0.9947241544723512,0.7280210852622986,1.2684942483901978
L3A,3neh,A,3s2j,A,4,[15],[15],L3A,L3A,0.9821514614583028,5.011329650878906,0.4167094230651855,0.8918116092681885,0.989638090133667,0.7013638019561768,0.8943160772323608
BMP,1dqx,A,4luj,A,4,[22],[22],BMP,BMP,0.9748703953964567,4.816615581512451,0.5126125812530518,0.8521027565002441,0.9999412298202516,0.7665014266967773,0.8882750868797302
PCG,5c8w,B,5e16,A,4,[23],[23],PCG,PCG,0.5624936778997658,4.823385715484619,0.4224466383457184,0.8806635141372681,0.9984974265098572,0.7626064419746399,0.5325387120246887
CAA,3vzs,B,4nbu,B,4,[54],[54],CAA,CAA,2.698523420750002,5.078836917877197,0.4746290147304535,0.864915668964386,0.9766873121261596,0.7862661480903625,2.125068664550781
PYV,3nef,A,3nj1,A,4,[22],[22],PYV,PYV,1.5550493937737262,5.016651153564453,0.4714600741863251,0.9017490148544312,1.0,0.8107317686080933,1.34577476978302
BMP,4dbe,A,4luj,A,4,[22],[22],BMP,BMP,0.26532190009304507,5.128137588500977,0.3946835100650787,0.8937875628471375,1.0,0.769985556602478,0.2584642767906189
TYD,2v54,A,5h56,B,4,[25],[25],TYD,TYD,1.1608275364012786,4.898898124694824,0.4723161458969116,0.8589321374893188,0.9996646046638488,0.7090965509414673,1.0400909185409546
LBV,5llw,B,6fht,B,4,[43],[43],LBV,LBV,0.9854422468844637,4.500242233276367,0.499560534954071,0.8301388621330261,0.9982828497886658,0.8350623846054077,0.897043764591217
HDS,1exw,A,1qz3,A,4,[19],[19],HDS,HDS,14.803232489146266,3.861337184906006,0.7759973406791687,0.8265522718429565,0.9904756546020508,0.767005980014801,5.968267440795898
FDA,3pfd,C,7e8p,D,4,[53],[53],FDA,FDA,2.1524992770308535,3.4345061779022217,0.9733999371528624,0.795738697052002,0.9194915294647216,0.8853684067726135,1.771239995956421
TYD,3oth,A,4lei,A,4,[25],[25],TYD,TYD,1.2934792342940606,4.756741523742676,0.6322634816169739,0.8426867723464966,0.9891021251678468,0.8851877450942993,1.1453328132629397
PYV,3nr4,A,3oji,B,4,[22],[22],PYV,PYV,3.0273852814385265,5.064033031463623,0.393890231847763,0.9038578867912292,1.0,0.7368457317352295,2.3238625526428223
KPL,5ayv,B,6k1r,A,4,[10],[10],KPL,KPL,6.242486071160786,4.779943943023682,0.5578280687332153,0.82437664270401,0.8986383080482483,0.7339932918548584,3.843307018280029
AZM,3ml5,A,5jn8,C,4,[13],[13],AZM,AZM,0.5377324256273323,4.777166843414307,0.2699958682060241,0.8945318460464478,0.9992244243621826,0.6997523307800293,0.5102923512458801
SKM,2hk9,A,4p4g,A,4,[12],[12],SKM,SKM,2.477474161578749,4.8083672523498535,0.6154236793518066,0.8473215699195862,0.997843861579895,0.8379837274551392,1.9855574369430544
LBV,6et7,A,6fht,B,4,[43],[43],LBV,LBV,2.0944636602270665,4.555811882019043,0.5392147898674011,0.8265180587768555,0.9747700095176696,0.8219560384750366,1.7317540645599363
1GP,4nae,A,6jo3,A,4,[10],[10],1GP,1GP,1.2578183693128853,4.862163543701172,0.5423544049263,0.8529979586601257,0.9954704642295836,0.7700186371803284,1.1172842979431152
PQQ,1flg,A,6oc6,A,4,[24],[24],PQQ,PQQ,0.9450425806059684,4.635436534881592,0.4998593628406524,0.8908007740974426,0.9651861786842346,0.9175500869750975,0.8634434938430786
M0E,2olv,B,3vmr,A,4,[84],[84],M0E,M0E,1.329165075390885,3.472217559814453,0.8196865916252136,0.7314228415489197,0.9880459904670716,0.8190249800682068,1.1732242107391355
SKM,2ev9,B,3sef,C,4,[12],[12],SKM,SKM,0.6994877513200913,4.847163677215576,0.4917998909950256,0.8482498526573181,0.8817639946937561,0.919355571269989,0.65375816822052
PYV,3nef,A,3nr4,A,4,[22],[22],PYV,PYV,3.7971774415722512,4.976622581481934,0.4739567041397095,0.8899917006492615,0.9999663829803468,0.7896254658699036,2.752140760421753
M0E,2olv,B,3vma,A,4,[77],[84],M0E,M0E,13.13555759106249,4.234345436096191,0.6247455477714539,0.8163242340087891,0.9923781752586364,0.7906045317649841,5.677649021148682
SHR,1e5q,A,3uh1,A,4,[19],[19],SHR,SHR,7.760919442494913,4.443698406219482,0.6808335185050964,0.8147766590118408,0.8935508728027344,0.7089542746543884,4.3696608543396
BMP,1dqx,A,4dbe,A,4,[22],[22],BMP,BMP,1.034716888932088,4.779575824737549,0.4951987564563751,0.8528074026107788,0.8436551690101624,0.7799340486526489,0.9376922845840454
MLY,2r58,A,2rhu,A,4,[12],[12],MLY,MLY,32.91328359409226,4.327045440673828,0.4567953050136566,0.8314707279205322,0.9924519658088684,0.8597203493118286,7.669719219207764
NXL,6d3g,C,6w2z,B,4,[17],[17],NXL,NXL,1.144315789269514,4.485618591308594,0.4698385894298553,0.8360369205474854,0.996283769607544,0.7314591407775879,1.02681565284729
CAP,1rbl,A,5c2g,A,4,[21],[21],CAP,CAP,1.2640228800464752,4.846749305725098,0.5179390907287598,0.883855938911438,0.968441367149353,0.8554007411003113,1.1221771240234375
CPR,1b3o,A,1nfb,A,4,[22],[22],CPR,CPR,0.9515967783254521,5.390133857727051,0.3436986804008484,0.9263207912445068,1.0,0.8274841904640198,0.8689114451408386
RBF,1hze,A,3ddy,A,4,[27],[27],RBF,RBF,2.7153178765806216,4.124852180480957,0.7108266353607178,0.8590731024742126,0.915338933467865,0.7615348696708679,2.135469913482666
SKM,2ev9,B,2hk9,A,4,[12],[12],SKM,SKM,1.7562783408009066,4.8064045906066895,0.6251433491706848,0.8432056903839111,0.9989632964134216,0.7703759074211121,1.4939067363739014
NXL,6lc8,A,6mkq,A,4,[17],[17],NXL,NXL,0.8793689738566949,4.003109455108643,0.7822163701057434,0.8322113752365112,0.8291986584663391,0.7670045495033264,0.808290421962738
SKM,3pgj,A,4fos,A,4,[12],[12],SKM,SKM,2.7526717404067726,4.785760402679443,0.5831317901611328,0.8471983671188354,0.8758030533790588,0.7316392660140991,2.158505916595459
PCG,7pzb,A,8evb,B,4,[23],[23],PCG,PCG,1.7308775418293012,3.591210126876831,0.9025134444236756,0.7885223627090454,0.975749969482422,0.8300449252128601,1.475488543510437
CAA,1xpl,A,5ab6,D,4,[54],[54],CAA,CAA,14.460285650236036,3.626687049865722,1.1304174661636353,0.7606847882270813,0.9745175242424012,0.9072917699813844,5.911740303039551
CAP,1gk8,A,5hqm,A,4,[21],[21],CAP,CAP,1.238363868015385,4.9658637046813965,0.5533750057220459,0.8810535073280334,0.9409518241882324,0.7902997732162476,1.1019076108932495
SIA,2v73,A,3r4s,A,4,[21],[21],SIA,SIA,54.85935478124468,3.967851638793945,0.6634090542793274,0.8187298774719238,0.8929293155670166,0.7725313901901245,8.458202362060547
M0E,3vma,A,3vmr,A,4,[84],[77],M0E,M0E,72.21668662148802,2.329200506210327,1.6188122034072876,0.686366856098175,0.7928705811500549,1.0619431734085083,8.78370189666748
TTP,1mc3,A,2ggq,A,4,[29],[29],TTP,TTP,3.7783141243698046,4.469628810882568,0.5981431603431702,0.8095781803131104,0.9943581223487854,0.7464068531990051,2.742218017578125
CPR,1b3o,A,1jcn,A,4,[22],[22],CPR,CPR,1.1700170960246916,5.420551300048828,0.2828753292560577,0.9296631217002868,1.0,0.8345007300376892,1.0474622249603271
BTM,8h4p,A,8h6u,A,4,[14],[14],BTM,BTM,4.545119616441717,3.990565776824951,0.6871415376663208,0.8054816722869873,0.987797200679779,0.7878133058547974,3.124841690063477
VN4,4erc,A,4ri5,A,4,[4],[4],VN4,VN4,2.093251354874339,4.573439598083496,0.6164063215255737,0.8387355208396912,0.9824259877204896,0.6743180751800537,1.73092520236969
PCG,5c8w,B,8evb,B,4,[23],[23],PCG,PCG,1.5702765910835799,4.135529041290283,0.9064388275146484,0.8324800133705139,0.962843120098114,0.7929973006248474,1.3571642637252808
TYD,4lei,A,4rii,A,4,[25],[25],TYD,TYD,1.2060586986864201,4.732091903686523,0.6140313148498535,0.8502487540245056,0.9928265810012816,0.7930189967155457,1.0762559175491333
SKM,3doo,A,4p4g,A,4,[12],[12],SKM,SKM,4.438129320324583,4.672486305236816,0.736312210559845,0.8219761848449707,0.9906209707260132,0.7327567338943481,3.07389497756958
F6P,1t10,A,4lc9,A,4,[16],[16],F6P,F6P,4.81698883097627,3.7313196659088135,0.9297228455543518,0.7588723301887512,0.97476464509964,0.7980223894119263,3.250990390777588
PCG,5h5o,A,8evb,B,4,[23],[23],PCG,PCG,2.7351679370295536,3.931765079498291,0.9238227605819702,0.8067556023597717,0.955984354019165,0.8407330513000488,2.147728204727173
FDA,3atq,A,4cy8,A,4,[53],[53],FDA,FDA,0.8462065594881913,4.826304912567139,0.4078167676925659,0.8469951152801514,0.9384164214134216,0.6884100437164307,0.780186653137207
BMP,4df1,A,4luj,A,4,[22],[22],BMP,BMP,0.25008296544761643,4.99576997756958,0.4840455949306488,0.8715435862541199,0.9998505115509032,0.756611704826355,0.2439814060926437
AZM,3ml5,A,4xiw,C,4,[13],[13],AZM,AZM,0.6589579405234628,4.686746597290039,0.3547434210777282,0.8956610560417175,0.9974688291549684,0.7085694074630737,0.6182198524475098
FDA,3sf6,A,7e8p,D,4,[53],[53],FDA,FDA,1.5724168893611452,3.641887426376343,0.9897714257240297,0.7924265265464783,0.9744817018508912,0.950151801109314,1.3587627410888672
SKM,2hk9,A,3pgj,A,4,[12],[12],SKM,SKM,2.434426605550484,4.8662214279174805,0.6051176190376282,0.850689172744751,0.939163625240326,0.7229428887367249,1.957811713218689
SKM,3sef,C,4fos,A,4,[12],[12],SKM,SKM,1.8047339068374542,4.363637924194336,0.745207667350769,0.7752189040184021,0.9702475666999816,0.7983078360557556,1.5288221836090088
LPA,2art,A,5ij6,A,4,[12],[12],LPA,LPA,1.680254026276606,4.599478721618652,0.439289391040802,0.8767876625061035,0.9787968993186952,0.7683693766593933,1.438542366027832
RBF,1hze,A,3a35,A,4,[27],[27],RBF,RBF,2.651377204992715,4.2286763191223145,0.711815595626831,0.8586965799331665,0.9295601844787598,0.7673627138137817,2.095722198486328
PQQ,1yiq,A,7wmk,A,4,[24],[24],PQQ,PQQ,1.2084007635857703,4.36302661895752,0.6455223560333252,0.8797626495361328,0.997111678123474,0.9530471563339232,1.0781205892562866
PQQ,4mh1,B,6oc6,A,4,[24],[24],PQQ,PQQ,0.9153024617265217,4.421241760253906,0.6588789820671082,0.8772634267807007,0.9807599782943726,0.9588602781295776,0.838549792766571
SKM,3pgj,A,4p4g,A,4,[12],[12],SKM,SKM,3.205442300665875,4.7138261795043945,0.7721191644668579,0.8423230648040771,0.910310685634613,0.8272468447685242,2.427364587783813
CAP,6ftl,A,8cmy,C,4,[21],[21],CAP,CAP,9.284005596278098,4.888637542724609,0.6353906989097595,0.8610998392105103,0.9779741764068604,0.8338717222213745,4.814355373382568
CAP,1rbl,A,3kdo,C,4,[21],[21],CAP,CAP,1.2976128115448171,5.061862945556641,0.4550060629844665,0.8940390348434448,0.949783444404602,0.8142511248588562,1.148572564125061
M0E,2olv,B,5hld,A,4,[77],[84],M0E,M0E,13.271717502492066,4.333440780639648,0.6800634860992432,0.8309327363967896,0.996345043182373,0.7741641998291016,5.702938556671143
1GP,2f6x,A,4mm1,A,4,[10],[10],1GP,1GP,1.1293246027093882,4.931238174438477,0.4782355427742004,0.8584876656532288,0.9720717668533324,0.8024228811264038,1.0147287845611572
FDA,4iv6,B,7e8p,D,4,[53],[53],FDA,FDA,1.857575509350769,3.5978200435638428,1.20128333568573,0.8155163526535034,0.9802075028419496,0.9789784550666808,1.5665727853775024
BMP,3ve7,A,4luj,A,4,[22],[22],BMP,BMP,0.19762215476948025,5.169700622558594,0.3222960829734802,0.9010812640190125,0.9996540546417236,0.7697914838790894,0.193792387843132
CAP,1gk8,A,5mac,A,4,[21],[21],CAP,CAP,1.360192499325148,4.801919937133789,0.5454729795455933,0.8749859929084778,0.9853109121322632,0.795292854309082,1.1973322629928589
PQQ,4mae,A,7wmk,A,4,[24],[24],PQQ,PQQ,1.0276601139993102,4.460085868835449,0.6385355591773987,0.8853172063827515,0.999963402748108,0.9908584356307985,0.9318931698799132
BMP,1dqx,A,4df1,A,4,[22],[22],BMP,BMP,0.9548175584718184,4.7963643074035645,0.5314896702766418,0.8609310984611511,0.8471896648406982,0.7533181309700012,0.8715960383415222
PQQ,4cvb,A,7wmk,A,4,[24],[24],PQQ,PQQ,0.9182317747483182,5.150350093841553,0.1447745412588119,0.9244664311408995,1.0,0.8542971014976501,0.8410077691078186
CAP,3kdo,C,8cmy,C,4,[21],[21],CAP,CAP,9.341221372778573,4.841824531555176,0.6005553603172302,0.8643141984939575,0.8987955451011658,0.8194498419761658,4.829695701599121
SKM,2ev9,B,4p4g,A,4,[12],[12],SKM,SKM,3.1665626822180313,4.588489055633545,0.6802179217338562,0.8122929334640503,0.9115558862686156,0.809765636920929,2.405003309249878
NXL,6bpf,A,6mkq,A,4,[17],[17],NXL,NXL,1.280456301996539,4.747406005859375,0.4246353209018707,0.8637040257453918,0.9521467685699464,0.7102054953575134,1.1351103782653809
CAP,3kdo,C,5hqm,A,4,[21],[21],CAP,CAP,1.174224355501922,4.91502046585083,0.4978426694869995,0.882073163986206,0.9993653297424316,0.7954322099685669,1.050832986831665
CAP,1rbl,A,8cmy,C,4,[21],[21],CAP,CAP,9.236259362664622,5.078263282775879,0.5552729964256287,0.8766943216323853,0.9712603092193604,0.8314177393913269,4.801484107971191
FDA,4m9a,B,7e8p,D,4,[53],[53],FDA,FDA,1.654218016832039,3.5338897705078125,1.0531306266784668,0.7964199185371399,0.987212061882019,0.9009192585945128,1.4194157123565674
PQQ,5xm3,A,7wmk,A,4,[24],[24],PQQ,PQQ,0.7921878508404914,4.382828235626221,0.765047550201416,0.8899778127670288,0.9980440735816956,1.0190659761428833,0.734038233757019
CAP,5hqm,A,8cmy,C,4,[21],[21],CAP,CAP,9.07506727407757,4.654675006866455,0.6630595922470093,0.8339176774024963,0.8922926783561707,0.8437684774398804,4.757554531097412
CYT,5efo,B,5ko6,A,4,[8],[8],CYT,CYT,1.035458391332273,4.2375688552856445,0.6440742611885071,0.8272557854652405,0.9612825512886048,0.7712311148643494,0.9383012056350708
DAN,2f25,A,4x47,A,4,[20],[20],DAN,DAN,1.5263268165482533,4.65024471282959,0.5650163292884827,0.8837049603462219,0.9613438248634338,0.7533780336380005,1.324209213256836
PQQ,1w6s,C,4mh1,B,4,[24],[24],PQQ,PQQ,1.1705350207910297,4.294376373291016,0.6558143496513367,0.8692891597747803,0.9625531435012816,0.9904209971427916,1.047877311706543
TYD,1rrv,A,3oti,A,4,[25],[25],TYD,TYD,1.604420476809448,4.714751243591309,0.6358774900436401,0.8494336009025574,0.9368844628334044,0.7751803994178772,1.3825942277908323
PYV,3nj1,A,3oji,B,4,[22],[22],PYV,PYV,3.5894232313824626,5.040004730224609,0.4728883504867553,0.9032607674598694,1.0,0.74318927526474,2.641335964202881
NXL,6bpf,A,6d3g,C,4,[17],[17],NXL,NXL,0.7201362140720957,4.622279644012451,0.4720680713653564,0.8528370261192322,0.9738750457763672,0.7210742831230164,0.6717603206634521
PQQ,1kv9,A,6oc6,A,4,[24],[24],PQQ,PQQ,0.9509667166632749,4.567601203918457,0.5769279599189758,0.904333770275116,0.9948420524597168,0.935107409954071,0.8683860898017883
TTP,1cr1,A,2ja1,A,4,[29],[29],TTP,TTP,3.2224043297240734,4.579881191253662,0.7087060213088989,0.8401995897293091,0.9294326901435852,0.7741948366165161,2.437078952789306
CAP,5hqm,A,6ftl,A,4,[21],[21],CAP,CAP,0.4042089490994971,4.931215763092041,0.6093136668205261,0.867193877696991,0.9880091547966005,0.7915411591529846,0.388505220413208
CAP,1gk8,A,5c2g,A,4,[21],[21],CAP,CAP,0.4600669701888344,4.79800271987915,0.520075261592865,0.8753345608711243,0.9871095418930054,0.787190854549408,0.4398317635059356
SKM,4fos,A,4p4g,A,4,[12],[12],SKM,SKM,2.3093775059847954,4.964598655700684,0.4845841825008392,0.8755820989608765,0.9997743964195251,0.8119287490844727,1.8761123418807983
CAA,5ab6,D,5lnq,A,4,[54],[54],CAA,CAA,7.534170341858933,4.346363067626953,0.5898125171661377,0.841171383857727,0.997280478477478,0.7411531805992126,4.296850204467773
FDA,3ukk,A,4cy8,A,4,[53],[53],FDA,FDA,0.9461719318150152,4.459655284881592,0.4839700758457184,0.7963525652885437,0.9384859204292296,0.7020062804222107,0.8643861413002014
PQQ,1lrw,A,7wmk,A,4,[24],[24],PQQ,PQQ,1.320877348129049,4.346542835235596,0.7310089468955994,0.8820807933807373,0.995530128479004,1.0248228311538696,1.166762351989746
SKM,2ev9,B,3doo,A,4,[12],[12],SKM,SKM,2.2255407985098397,4.820018291473389,0.7282505035400391,0.8446543216705322,0.9198158979415894,0.787949800491333,1.82040274143219
PQQ,1yiq,A,6oc6,A,4,[24],[24],PQQ,PQQ,0.7449177455978491,4.609054565429688,0.5908962488174438,0.9045220613479614,0.9983569979667664,0.9302955865859984,0.6932744979858398
SIA,2wbv,B,6g47,A,4,[21],[21],SIA,SIA,25.087168647294444,3.71253514289856,0.575553834438324,0.8182754516601562,0.9954309463500975,0.9061209559440612,7.1499552726745605
BTM,6ax9,A,8h72,A,4,[14],[14],BTM,BTM,4.152727909299266,4.055076599121094,0.840919554233551,0.8212478756904602,0.9886270761489868,0.9823277592658995,2.934224367141724
IPE,3krf,D,4dxj,A,4,[14],[14],IPE,IPE,1.817923622412868,4.440964221954346,0.6123958230018616,0.8687689900398254,0.9769710302352904,0.8745438456535339,1.5382766723632812
SKM,2hk9,A,4fos,A,4,[12],[12],SKM,SKM,1.0227611601424689,4.897727966308594,0.5300809741020203,0.8627753257751465,0.998280704021454,0.8141113519668579,0.9278629422187804
TTP,1cr1,A,2j87,D,4,[29],[29],TTP,TTP,12.304193320479305,4.395078182220459,0.7617157101631165,0.8064097166061401,0.9954704642295836,0.8174958825111389,5.516538143157959
GTS,1r5a,A,3erg,A,4,[23],[23],GTS,GTS,2.647111901791469,4.691136837005615,0.7072767019271851,0.8679248094558716,0.947091281414032,0.741125226020813,2.0930564403533936
SIA,2wbv,B,4k6u,B,4,[20],[21],SIA,SIA,26.273593423418628,3.912352800369263,0.6962154507637024,0.8960200548171997,0.9982812404632568,0.9119535088539124,7.243173599243164
PQQ,4aah,A,7wmk,A,4,[24],[24],PQQ,PQQ,1.0428334720487642,4.288345336914063,0.6955205798149109,0.8742935061454773,0.981558084487915,1.003428936004639,0.94435316324234
SKM,2ev9,B,3pgj,A,4,[12],[12],SKM,SKM,0.45265497179970493,4.954104423522949,0.5347251892089844,0.8594169020652771,0.8658421039581299,0.8923580646514893,0.4330526292324066
TYD,1rrv,A,4lei,A,4,[25],[25],TYD,TYD,1.6574493609615426,4.844563007354736,0.5837075114250183,0.8782602548599243,0.902469038963318,0.7085511088371277,1.4217941761016846
TYD,1pn3,A,3oti,A,4,[25],[25],TYD,TYD,1.6736100918587244,4.800038814544678,0.5728167295455933,0.8578546047210693,0.922196626663208,0.779796838760376,1.4336696863174438
TYD,1h7q,A,6b5e,B,4,[25],[25],TYD,TYD,26.431911833172354,4.152702808380127,0.9422903060913086,0.7905031442642212,0.9823509454727172,0.7941601276397705,7.255153656005859
F6P,1t10,A,3m5p,A,4,[16],[16],F6P,F6P,5.318089542462034,4.666820526123047,0.4347616732120514,0.8728930354118347,0.972001850605011,0.7245906591415405,3.471770763397217
F6P,3o8o,B,5xz7,A,4,[16],[16],F6P,F6P,1.238022553617746,4.844460487365723,0.376562088727951,0.8769495487213135,0.928748369216919,0.7610931992530823,1.101637363433838
PQQ,1w6s,C,7wmk,A,4,[24],[24],PQQ,PQQ,1.3205750019632108,4.324841976165772,0.7262753248214722,0.8717620968818665,0.9986183047294616,1.0404144525527954,1.166526436805725
LPA,2art,A,5iby,A,4,[12],[12],LPA,LPA,1.5970701188666065,4.53804874420166,0.4539547562599182,0.8742306232452393,0.9953057169914246,0.7659111022949219,1.3771324157714844
VN4,3e81,A,4hgp,A,4,[4],[4],VN4,VN4,2.3651379326386444,5.017423152923584,0.4292066097259521,0.8653225898742676,0.999407947063446,0.7265158295631409,1.9127469062805176
BMP,1dqx,A,3ve7,A,4,[22],[22],BMP,BMP,0.9109836031105469,4.747798919677734,0.488687127828598,0.8524598479270935,0.9255804419517516,0.7629543542861938,0.8349234461784363
FDA,4xvx,B,7e8p,D,4,[53],[53],FDA,FDA,2.06806927806915,3.4826979637146,0.9851768016815186,0.8106263875961304,0.946140706539154,0.8108935356140137,1.7136703729629517
F6P,5k55,A,6ayu,A,4,[16],[16],F6P,F6P,3.6426674497350167,3.77593445777893,0.8453271985054016,0.7726689577102661,0.9805063009262084,0.7948548793792725,2.6700551509857178
PQQ,1flg,A,1w6s,C,4,[24],[24],PQQ,PQQ,0.6426881664511492,4.536893844604492,0.6089988350868225,0.9023687243461608,0.9419031739234924,0.9408020973205566,0.6038776636123657
CAA,1xpl,A,5lnq,A,4,[54],[54],CAA,CAA,11.551182146185964,3.74878191947937,0.9010177850723268,0.7656223177909851,0.9907891750335692,0.8950893878936768,5.3598833084106445
CAP,1rbl,A,5hqm,A,4,[21],[21],CAP,CAP,1.4396012445133133,4.88227128982544,0.5462049841880798,0.8693046569824219,0.9863243103027344,0.8327078819274902,1.2584365606307983
TYD,3rsc,A,4rii,A,4,[25],[25],TYD,TYD,1.3717103360839726,4.67124605178833,0.668212890625,0.8517167568206787,0.7884361147880554,0.8534567952156067,1.2062480449676514
TYD,4g2t,A,4lei,A,4,[25],[25],TYD,TYD,1.0349164083121705,4.773784160614014,0.5199787020683289,0.85218745470047,0.990858256816864,0.7634403705596924,0.937856137752533
TYD,1epz,A,4mzu,F,4,[25],[25],TYD,TYD,1.8100245480909385,3.870337009429932,0.8700225949287415,0.8486021757125854,0.9524590969085692,0.8881418108940125,1.5326170921325684
CAP,5hqm,A,5nv3,A,4,[21],[21],CAP,CAP,1.3260857669004769,4.76994514465332,0.5881257057189941,0.8422301411628723,0.988347351551056,0.8330448865890503,1.170824408531189
PQQ,1kv9,A,7wmk,A,4,[24],[24],PQQ,PQQ,0.5538699272691278,4.355554103851318,0.6875214576721191,0.8880874514579773,0.9941987991333008,0.9234057664871216,0.5248026847839355
CAP,1rbl,A,5mac,A,4,[21],[21],CAP,CAP,1.1926983850725952,4.822793483734131,0.5429090261459351,0.8816331624984741,0.9684310555458068,0.8482999205589294,1.0656039714813232
TYD,3oth,A,3oti,A,4,[25],[25],TYD,TYD,1.3488472068301147,4.764164924621582,0.4708776473999023,0.8402926921844482,0.99002867937088,0.8646817803382874,1.1885323524475098
CAP,5c2g,A,8cmy,C,4,[21],[21],CAP,CAP,9.256230803126794,4.694817543029785,0.6483207941055298,0.8649295568466187,0.8655679821968079,0.8651001453399658,4.806875705718994
PQQ,1w6s,C,6zcv,A,4,[24],[24],PQQ,PQQ,0.8739106282996502,4.52886962890625,0.5956740379333496,0.8911352157592773,0.9349011778831482,0.9650948643684388,0.8036764860153198
PQQ,2d0v,A,7wmk,A,4,[24],[24],PQQ,PQQ,1.0745937258352845,4.333016395568848,0.7422184348106384,0.8830226063728333,0.9944062232971193,1.011697769165039,0.970323383808136
FDA,3v76,A,4cy8,A,4,[53],[53],FDA,FDA,1.3308182306891392,4.565705299377441,0.5065973401069641,0.8128722310066223,0.9768927693367004,0.7122562527656555,1.1745120286941528
FDA,4cy8,A,4tlx,A,4,[53],[53],FDA,FDA,1.3754805565049126,4.550656795501709,0.5698828101158142,0.8171923160552979,0.9731270670890808,0.7357936501502991,1.2091625928878784
CAP,1gk8,A,3kdo,C,4,[21],[21],CAP,CAP,1.4056483507877322,5.066918849945068,0.4427215158939361,0.8942198157310486,0.9818944334983826,0.799505352973938,1.2324142456054688
VN4,2rar,A,3e81,A,4,[4],[4],VN4,VN4,2.1772963652301662,4.753082275390625,0.5546656250953674,0.8588978052139282,0.996789574623108,0.6947063207626343,1.787996530532837
PC,5egh,B,5tcd,A,4,[11],[11],PC,PC,3.3465112889809845,4.787547111511231,0.4809678196907043,0.861802875995636,0.9949998259544371,0.7067872285842896,2.5074052810668945
PQQ,1w6s,C,1yiq,A,4,[24],[24],PQQ,PQQ,0.8487980763790299,4.399514198303223,0.6476933360099792,0.8741857409477234,0.9969934821128844,0.9346494674682616,0.7823890447616577
F6P,3pr3,A,4lc9,A,4,[16],[16],F6P,F6P,1.9056434024339515,3.913907527923584,0.914012849330902,0.787519097328186,0.9707177877426147,0.7515224814414978,1.6006219387054443
CAA,1ee0,A,5lnq,A,4,[54],[54],CAA,CAA,6.9742970948779055,3.2687785625457764,1.309490203857422,0.7004351019859314,0.9499658346176147,1.0173834562301636,4.108739852905273
PQQ,4cvb,A,6oc6,A,4,[24],[24],PQQ,PQQ,1.0959132426495117,4.360854148864746,0.648436427116394,0.8809128403663635,0.9936496019363404,0.9324131011962892,0.9876728653907776
M0E,2olv,B,5hlb,A,4,[77],[84],M0E,M0E,14.010101601049728,4.33770227432251,0.7078431248664856,0.8278229832649231,0.9902733564376832,0.793481707572937,5.835086345672607
GTS,1v2a,B,3erg,A,4,[23],[23],GTS,GTS,3.0320020899405207,4.721020221710205,0.7035674452781677,0.8679643869400024,0.9903279542922974,0.7772173881530762,2.3265819549560547
F6P,1fsa,A,6ayu,A,4,[16],[16],F6P,F6P,4.036099409074185,3.804377317428589,0.8696900606155396,0.7704012393951416,0.9863590002059937,0.7865111231803894,2.8755135536193848
BTM,8h6u,A,8h72,A,4,[14],[14],BTM,BTM,2.7236302612371786,4.39045524597168,0.7170424461364746,0.839844822883606,0.8954625725746155,0.91174054145813,2.1406078338623047
PQQ,4mh1,B,7wmk,A,4,[24],[24],PQQ,PQQ,0.7916389565084538,4.844276428222656,0.4053398072719574,0.9160756468772888,0.9910799264907836,0.8415107727050781,0.73356693983078
TYD,3oti,A,4lei,A,4,[25],[25],TYD,TYD,1.2605184351918692,4.779919147491455,0.6531793475151062,0.8599162697792053,0.9987120032310486,0.768260657787323,1.119414210319519
PQQ,6oc6,A,8gy2,A,4,[24],[24],PQQ,PQQ,1.498530123375988,4.550165176391602,0.597359299659729,0.8991320133209229,0.999605655670166,0.988242506980896,1.3032362461090088
TYD,1epz,A,5tpv,B,4,[25],[25],TYD,TYD,2.3241788667022902,3.9858455657958975,1.010934352874756,0.8610820174217224,0.8806846737861633,0.882688045501709,1.885869145393372
SKM,3doo,A,3sef,C,4,[12],[12],SKM,SKM,2.3175588332616646,4.742225170135498,0.6239203810691833,0.8322901129722595,0.9601593613624572,0.7579404711723328,1.881508231163025
SIA,3phz,A,4fvv,B,4,[21],[20],SIA,SIA,22.25666135605974,3.254190683364868,0.9230810403823853,0.7984937429428101,0.9691400527954102,0.9743785262107848,6.89986515045166
IPE,3krf,D,4lls,A,4,[14],[14],IPE,IPE,1.394961561568194,4.786929607391357,0.4004212617874145,0.8793200850486755,0.9824714064598083,0.8195306658744812,1.2241915464401243
DGT,3au2,A,5hrf,A,4,[31],[31],DGT,DGT,2.5455044421296797,4.333488464355469,0.5556769967079163,0.8127126097679138,0.8492701053619385,0.7048926949501038,2.029017210006714
1GP,4jej,A,4nae,A,4,[10],[10],1GP,1GP,1.5515672273622527,4.7820892333984375,0.5114910006523132,0.8414508700370789,0.9973881244659424,0.7619613409042358,1.3431659936904907
PQQ,6dam,A,7wmk,A,4,[24],[24],PQQ,PQQ,1.1050981977690921,4.4072699546813965,0.613496720790863,0.8898216485977173,0.9967198371887208,0.985349714756012,0.9951269030570984
PQQ,1kv9,A,1w6s,C,4,[24],[24],PQQ,PQQ,1.1548131431620752,4.351893901824951,0.6556869149208069,0.8670060038566589,0.9984139800071716,0.9220877289772034,1.0352599620819092
NXL,6d3g,C,6lc8,A,4,[17],[17],NXL,NXL,1.1194468515907325,4.252570152282715,0.620180070400238,0.8279248476028442,0.8869491219520569,0.7465007901191711,1.0067468881607056
PQQ,1kb0,A,6oc6,A,4,[24],[24],PQQ,PQQ,0.9470342946261245,4.615686893463135,0.6182776689529419,0.9076299667358398,0.99934184551239,0.9465757012367249,0.8651058077812195
TYD,3wag,B,4rii,A,4,[25],[25],TYD,TYD,2.245021707720109,4.685486793518066,0.5714436173439026,0.8426821827888489,0.93768972158432,0.7543200254440308,1.8334158658981323
1GP,4jej,A,4mm1,A,4,[10],[10],1GP,1GP,1.6260955550052762,5.170415878295898,0.4213079214096069,0.8923349380493164,0.98224538564682,0.7750614881515503,1.3986600637435913
SKM,3doo,A,3pgj,A,4,[12],[12],SKM,SKM,1.6194915059611783,4.886464595794678,0.6679758429527283,0.8610571622848511,0.9405174255371094,0.8133460879325867,1.393771409988403
TTP,6n9u,H,7b0h,F,4,[29],[29],TTP,TTP,27.24395526644991,3.826064825057984,0.7891099452972412,0.7625265717506409,0.9498183727264404,0.7466267347335815,7.315000534057617
1GP,4mm1,A,4nae,A,4,[10],[10],1GP,1GP,1.1415637214795544,4.782627582550049,0.4952796399593353,0.8465136885643005,0.9932824969291688,0.7516805529594421,1.0245991945266724
CAP,1gk8,A,8cmy,C,4,[21],[21],CAP,CAP,9.22558149960218,4.929911136627197,0.5882815718650818,0.8646854758262634,0.9711450934410096,0.8456568717956543,4.798596858978272
TYD,3rsc,A,3wag,B,4,[25],[25],TYD,TYD,2.4328431692873767,4.272467613220215,0.664696216583252,0.7791040539741516,0.939746916294098,0.9469194412231444,1.9567874670028689
PQQ,6zcv,A,7wmk,A,4,[24],[24],PQQ,PQQ,1.2574300967346825,4.494458198547363,0.625371515750885,0.897573709487915,0.9863943457603456,0.9624149203300476,1.1169779300689695
NXL,6fm7,A,6mkq,A,4,[17],[17],NXL,NXL,1.0031069719213794,3.9236769676208496,0.8375489711761475,0.8187918663024902,0.932629644870758,0.7777143120765686,0.9116579294204712
SKM,3doo,A,4fos,A,4,[12],[12],SKM,SKM,4.047754684095963,4.878271102905273,0.5654404163360596,0.8655799031257629,0.9952310919761658,0.7115378379821777,2.88142466545105
FDA,4cy8,A,4jnq,A,4,[53],[53],FDA,FDA,1.3444859705602443,4.6570305824279785,0.5106521844863892,0.8342640995979309,0.9815664291381836,0.6860430836677551,1.1851449012756348
TYD,3wag,B,4g2t,A,4,[25],[25],TYD,TYD,2.2032737666261917,4.682698249816895,0.5375988483428955,0.8412029147148132,0.9871429800987244,0.737962543964386,1.8054776191711424
PQQ,1kb0,A,1w6s,C,4,[24],[24],PQQ,PQQ,0.5853564277763496,4.405038356781006,0.6318994164466858,0.8667439818382263,0.9978360533714294,0.929331123828888,0.5529869794845581
PQQ,1flg,A,7wmk,A,4,[24],[24],PQQ,PQQ,0.9370517378925521,4.377628326416016,0.6170257925987244,0.8848776817321777,0.9969674944877625,0.9449494481086732,0.8567681312561035
PQQ,7wmk,A,8gy2,A,4,[24],[24],PQQ,PQQ,1.6088002720591144,4.3014421463012695,0.7026109099388123,0.8704550862312317,0.9916517734527588,0.9967631697654724,1.385845422744751
TYD,1pn3,A,3wag,B,4,[25],[25],TYD,TYD,2.582294964254953,4.726934909820557,0.6593858003616333,0.8511351943016052,0.93500554561615,0.7438026666641235,2.0523242950439453
RBF,2cc8,A,2vxa,A,4,[27],[27],RBF,RBF,4.850947166114252,4.56599760055542,0.5228257179260254,0.8883334398269653,0.9973739981651306,0.7163774967193604,3.266422748565674
FDA,3r7k,A,7e8p,D,4,[53],[53],FDA,FDA,1.4509573285231154,3.471013069152832,1.2029776573181152,0.7446684837341309,0.98011714220047,1.0414671897888184,1.2671056985855105
TYD,1rrv,A,4rii,A,4,[25],[25],TYD,TYD,2.0376518149197373,4.667370319366455,0.6876786947250366,0.8395542502403259,0.989302694797516,0.7747052907943726,1.6927319765090942
SIA,3phz,A,3r4s,A,4,[21],[20],SIA,SIA,21.962568250835393,3.552656888961792,0.7662927508354187,0.8366068601608276,0.9649715423583984,0.915579915046692,6.871340274810791
TYD,3oth,A,4rii,A,4,[25],[25],TYD,TYD,1.1836001537860208,4.8986334800720215,0.5104259848594666,0.8614999055862427,0.9544299244880676,0.8040761351585388,1.058335542678833
SKM,2aa9,A,3slh,D,4,[12],[12],SKM,SKM,0.5763500073309168,4.532968997955322,0.5272011756896973,0.8652213215827942,0.9898900389671326,0.823178768157959,0.5449422597885132
IPE,3krf,D,4jzb,A,4,[14],[14],IPE,IPE,1.5492678318310025,4.486340522766113,0.5080272555351257,0.8787963390350342,0.9930692911148072,0.8754708766937256,1.3414424657821655
CAP,5nv3,A,8cmy,C,4,[21],[21],CAP,CAP,9.182212782733052,4.928138732910156,0.541034996509552,0.8659375309944153,0.9805453419685364,0.8484049439430237,4.786837100982666
PQQ,1w6s,C,8gy2,A,4,[24],[24],PQQ,PQQ,1.4561778875082685,4.4063639640808105,0.7035234570503235,0.8795076608657837,0.9988642334938048,0.9395798444747924,1.271085262298584
PQQ,1w6s,C,4cvb,A,4,[24],[24],PQQ,PQQ,1.3017335802145722,4.240401744842529,0.7407942414283752,0.8652428984642029,0.9902878999710084,1.0241144895553589,1.1517999172210691
TTP,1cr1,A,2uz3,B,4,[29],[29],TTP,TTP,12.338200123197382,4.551384449005127,0.6878217458724976,0.8376694917678833,0.991792380809784,0.7606796026229858,5.523363590240479
PQQ,6oc6,A,6zcv,A,4,[24],[24],PQQ,PQQ,0.705383826267787,4.732485294342041,0.4599544703960418,0.9033347368240356,0.9759154915809632,0.898179829120636,0.6589056849479675
FDA,4n5f,A,7e8p,D,4,[53],[53],FDA,FDA,1.643342412529727,3.580211639404297,1.0391565561294556,0.7936549782752991,0.9884752035140992,0.8893177509307861,1.4114009141921997
PQQ,6oc6,A,7wmk,A,4,[24],[24],PQQ,PQQ,1.019502843634867,4.383391857147217,0.6643005609512329,0.882278323173523,0.9963709712028505,0.957116961479187,0.925180435180664
PQQ,1kb0,A,7wmk,A,4,[24],[24],PQQ,PQQ,1.0934556892835603,4.362127304077148,0.710869550704956,0.881710410118103,0.9540657997131348,0.9552345275878906,0.9856763482093812
FDA,3rha,A,4cy8,A,4,[53],[53],FDA,FDA,0.9788500023541696,4.568120956420898,0.5107663869857788,0.8068674206733704,0.9953922629356384,0.7076341509819031,0.8915778994560242
FDA,3oib,A,7e8p,D,4,[53],[53],FDA,FDA,1.876420221625575,3.438992500305176,1.1239680051803589,0.7652897238731384,0.9774255156517028,0.9513548612594604,1.5799543857574463
SIA,4k6u,B,6g47,A,4,[21],[20],SIA,SIA,13.897610321013833,4.056966781616211,0.4835383594036102,0.898404061794281,0.9946695566177368,0.8870201706886292,5.815481185913086
SIA,2v73,A,4fvv,B,4,[21],[21],SIA,SIA,46.301982266026776,4.017422676086426,0.6760618090629578,0.8265597820281982,0.9009351134300232,0.7700955867767334,8.22386360168457
