Unnamed: 0,ligand_id,tar_protein,tar_chain,src_protein,src_chain,cath_degree,src_ligand_n_atoms,tar_ligand_n_atoms,src_ligand,tar_ligand,ligand_rmsd,embedding_similarity,corr_rmsd,entropy,atom_type_fraction,radius_of_gyration,experiment,success_ligand_rmsd<1,success_ligand_rmsd<2,success_ligand_rmsd<4
0,PYR,apoc6b5ea69aa,A,apo0305834168,A,0,[6],[6],PYR,PYR,5.609866142272949,2.1613895893096924,1.6035566329956057,0.7339137196540833,0.926313817501068,1.0540601015090942,apo_apo,False,False,False
1,FE2,apoea8e7659af,A,apo37cf2e80a1,A,0,[1],[1],FE2,FE2,3.695117950439453,2.135039567947388,1.6158297061920166,0.6959467530250549,0.8709980249404907,1.416476130485535,apo_apo,False,False,True
2,SAM,apo0c4f651c46,A,apo218b3ecdc8,A,0,[27],[27],SAM,SAM,7.150136947631836,1.4788682460784912,1.5949875116348269,0.6501088738441467,0.6944394707679749,1.2198666334152222,apo_apo,False,False,False
3,CU1,apo3d60f5c576,A,apo5def8d15d8,A,0,[1],[1],CU1,CU1,2.562294244766236,2.6759636402130127,1.4951289892196655,0.7834585309028625,0.6616383790969849,1.0847572088241575,apo_apo,False,False,True
4,IPE,apoba69899eaa,A,apo76b71509fd,A,0,[14],[14],IPE,IPE,6.543251991271973,2.2781927585601807,1.6057428121566772,0.7079980969429016,0.7642154097557068,1.1403886079788208,apo_apo,False,False,False
5,MN,apoe56eec81b4,A,apo932ec07ee7,A,0,[1],[1],MN,MN,1.4020744562149048,2.101508378982544,1.4799659252166748,0.7109671235084534,0.8216034770011902,1.0724000930786133,apo_apo,False,True,True
6,PYR,apoc6b5ea69aa,A,apoa0b87ab07c,A,0,[5],[6],PYR,PYR,5.154810428619385,2.041705369949341,1.599149465560913,0.6948446035385132,0.7190002202987671,1.224313735961914,apo_apo,False,False,False
7,PYR,apoc6b5ea69aa,A,apoa4422865fc,A,0,[6],[6],PYR,PYR,7.976846218109131,1.7372453212738037,1.5632654428482056,0.6656184196472168,0.5370913743972778,1.054120421409607,apo_apo,False,False,False
8,FE2,apo80526afb52,A,apo1c765845fe,A,0,[1],[1],FE2,FE2,1.3488916158676147,2.316340923309326,1.4672633409500122,0.740257740020752,0.7842842936515808,1.023334503173828,apo_apo,False,True,True
9,CU,apo16ec605a9d,A,apo3c541d6d49,A,0,[1],[1],CU,CU,1.471226930618286,2.257254123687744,1.548112154006958,0.7309551239013672,0.5137109756469727,1.1612613201141355,apo_apo,False,True,True
10,PYR,apoa0b87ab07c,A,apo0305834168,A,0,[6],[5],PYR,PYR,5.193889141082764,2.883630752563477,1.439393162727356,0.7392833232879639,0.9178838729858398,1.004432201385498,apo_apo,False,False,False
11,MN,apo2736d9c612,A,apoc476e130f7,A,0,[1],[1],MN,MN,2.24226450920105,2.5091676712036133,1.4927990436553955,0.7466611862182617,0.8447340726852417,1.029780626296997,apo_apo,False,False,True
12,AKG,apoe86394f4a0,A,apoa06a38fda5,A,0,[10],[10],AKG,AKG,5.862997055053711,2.3995418548583984,1.8605159521102903,0.713839054107666,0.7893322110176086,1.2337021827697754,apo_apo,False,False,False
13,CU,apo82ac663794,A,apo3c541d6d49,A,0,[1],[1],CU,CU,1.451618194580078,2.310060739517212,1.5651583671569824,0.7230585813522339,0.6557475924491882,1.0515962839126587,apo_apo,False,True,True
14,SAM,apofd7fa63b48,A,apoe4100df4a7,A,0,[17],[27],SAM,SAM,6.9889817237854,2.4704928398132324,1.553936243057251,0.7241678237915039,0.773454487323761,1.136680006980896,apo_apo,False,False,False
15,COA,apo577a70e23b,A,apo8a016eb0da,A,0,[48],[48],COA,COA,4.501612663269043,2.7195873260498047,1.5285803079605105,0.7120848298072815,0.90828275680542,1.2026416063308716,apo_apo,False,False,False
16,AES,apod56a7b01eb,A,apo4af3935b8e,A,0,[13],[13],AES,AES,7.669160842895508,2.190512180328369,1.5372002124786377,0.7042827010154724,0.8838281631469727,1.1120988130569458,apo_apo,False,False,False
17,OXY,apo2c3a0c55e6,A,apofab7035337,A,0,[2],[1],OXY,OXY,7.412387371063232,2.45190978050232,1.3685637712478638,0.7739963531494141,0.7737265825271606,0.9817822575569152,apo_apo,False,False,False
18,FE,apo1289eb47dc,A,apof812dd602f,A,0,[1],[1],FE,FE,7.108054637908936,2.6287379264831543,1.484728217124939,0.6895056366920471,0.7031731009483337,1.3065202236175537,apo_apo,False,False,False
19,FE,apoeb7baac587,A,apoa97fe99429,A,0,[1],[1],FE,FE,1.744199514389038,2.20377254486084,1.709496021270752,0.7577328085899353,0.7214586734771729,1.0371288061141968,apo_apo,False,True,True
20,NI,apof290017a5d,A,apo3c0ee48c2a,A,0,[1],[1],NI,NI,0.6867988109588623,2.4545257091522217,1.314683437347412,0.7318910956382751,0.8559041619300842,1.033995270729065,apo_apo,True,True,True
21,SAM,apoe4100df4a7,A,apo218b3ecdc8,A,0,[27],[17],SAM,SAM,1.6717400550842283,4.311281204223633,0.7624287009239197,0.8031446933746338,0.9970316886901855,0.7604691982269287,apo_apo,False,True,True
22,FE2,apoc49b4bd58c,A,apo37cf2e80a1,A,0,[1],[1],FE2,FE2,7.080406665802002,2.3216958045959477,1.750542402267456,0.7054499983787537,0.657685399055481,1.110259771347046,apo_apo,False,False,False
23,CO,apoa708248ee5,A,apo634102baf3,A,0,[1],[1],CO,CO,8.33237361907959,2.2418417930603027,1.4640520811080933,0.7066157460212708,0.6457770466804504,1.212199091911316,apo_apo,False,False,False
24,FE,apoa76603c89f,A,apo4c752695c4,A,0,[1],[1],FE,FE,2.179253339767456,2.5182085037231445,1.5980138778686523,0.6973933577537537,0.8494635224342346,1.347551941871643,apo_apo,False,False,True
25,ADP,apo4a7118351f,A,apoe12bfd702d,A,0,[27],[27],ADP,ADP,6.685520648956299,2.789272785186768,1.5141832828521729,0.7064157724380493,0.857063353061676,1.3586390018463137,apo_apo,False,False,False
26,OXY,apo2c3a0c55e6,A,apocaef52ba11,A,0,[2],[1],OXY,OXY,7.21941614151001,2.3632025718688965,1.4976400136947632,0.7366094589233398,0.5852163434028625,1.0828710794448853,apo_apo,False,False,False
27,FE2,apo3adfbe03e8,A,apo80526afb52,A,0,[1],[1],FE2,FE2,1.5598305463790894,2.396890163421631,1.4320122003555298,0.6838852763175964,0.7386759519577026,1.0383448600769043,apo_apo,False,True,True
28,FE,apo0d054537d5,A,apoa97fe99429,A,0,[1],[1],FE,FE,0.3919053077697754,2.4539871215820312,1.4586880207061768,0.7170146703720093,0.8709770441055298,0.9640987515449524,apo_apo,True,True,True
29,CO,apo7f5816a39c,A,apo634102baf3,A,0,[1],[1],CO,CO,8.168980598449707,2.9090917110443115,1.3237173557281494,0.6756433248519897,0.9633393287658693,0.8475337028503418,apo_apo,False,False,False
30,FE2,apo37cf2e80a1,A,apo1c765845fe,A,0,[1],[1],FE2,FE2,2.870030641555786,2.4011754989624023,1.606007099151611,0.7361984848976135,0.8034387230873108,1.0819474458694458,apo_apo,False,False,True
31,FE,apo6361ca5c40,A,apo8720488000,A,0,[1],[1],FE,FE,0.9641996622085572,2.50966215133667,1.4673073291778564,0.736471951007843,0.7561541199684143,1.0144118070602417,apo_apo,True,True,True
32,FE2,apo42db5ab941,A,apo80526afb52,A,0,[1],[1],FE2,FE2,2.155810594558716,2.3441314697265625,1.5229071378707886,0.7012113928794861,0.5964387059211731,1.1319464445114136,apo_apo,False,False,True
33,FE,apof30a35524c,A,apo0d054537d5,A,0,[1],[1],FE,FE,1.9742465019226076,2.403871774673462,1.5013325214385986,0.7233474850654602,0.584043562412262,0.975613534450531,apo_apo,False,True,True
34,AKG,apo754fdde920,A,apoa06a38fda5,A,0,[10],[10],AKG,AKG,5.7033233642578125,2.211902141571045,1.601964235305786,0.7231652140617371,0.7422712445259094,1.1462798118591309,apo_apo,False,False,False
35,CU,apo3c541d6d49,A,apo561904df3e,A,0,[1],[1],CU,CU,1.0298811197280884,2.2284364700317383,1.5747320652008057,0.6970886588096619,0.7074949145317078,1.3921523094177246,apo_apo,False,True,True
36,BMA,apo7acc86e0e7,A,apo8f0025a8ed,A,0,[12],[12],BMA,BMA,6.095180034637451,2.3698644638061523,1.5893234014511108,0.7016587257385254,0.8036332130432129,1.0798851251602173,apo_apo,False,False,False
37,SAM,apofd7fa63b48,A,apo89ae69e16b,A,0,[27],[27],SAM,SAM,7.102570533752441,2.381187677383423,1.6799240112304688,0.6957845687866211,0.9005314707756042,1.087541103363037,apo_apo,False,False,False
38,AMP,apofff8bca9bc,A,apof731c02ff6,A,0,[23],[22],AMP,AMP,5.332808971405029,2.288397789001465,1.6726837158203125,0.7110782265663147,0.6153203248977661,1.049676537513733,apo_apo,False,False,False
39,FE,apod5332d15e2,A,apoa97fe99429,A,0,[1],[1],FE,FE,1.5332162380218506,1.9023292064666748,1.823385238647461,0.6967051029205322,0.8002048134803772,1.0884559154510498,apo_apo,False,True,True
40,MN,apo4108a8db6c,A,apoc476e130f7,A,0,[1],[1],MN,MN,1.9598593711853027,2.7347054481506348,1.447292447090149,0.724138617515564,0.8906265497207642,1.243146896362305,apo_apo,False,True,True
41,CA,apo75788ed7ad,A,apo3b61ae9cd2,A,0,[1],[1],CA,CA,7.876566886901855,1.8223426342010496,1.624009370803833,0.7124198079109192,0.8397628664970398,1.153144359588623,apo_apo,False,False,False
42,SAM,apofd7fa63b48,A,apo7d270341fc,A,0,[26],[27],SAM,SAM,7.048640727996826,2.4956061840057373,1.4677850008010864,0.7220921516418457,0.8974765539169312,1.2269611358642578,apo_apo,False,False,False
43,SAM,apofd7fa63b48,A,apo865b191f3d,A,0,[27],[27],SAM,SAM,7.096998691558838,2.708804130554199,1.56945538520813,0.7332249879837036,0.930059015750885,1.1703898906707764,apo_apo,False,False,False
44,FE2,apoc49b4bd58c,A,apo80526afb52,A,0,[1],[1],FE2,FE2,7.090976715087891,2.330968379974365,1.4803956747055054,0.7323646545410156,0.8317574262619019,1.0696361064910889,apo_apo,False,False,False
45,SAM,apofd7fa63b48,A,apo0c4f651c46,A,0,[27],[27],SAM,SAM,6.597637176513672,1.984253168106079,1.483839511871338,0.6562398672103882,0.8725218176841736,1.2727700471878052,apo_apo,False,False,False
46,CU,apo27cbc40f27,A,apo3c541d6d49,A,0,[1],[1],CU,CU,0.508184015750885,2.4661030769348145,1.5689473152160645,0.7459864616394043,0.7183482646942139,1.0060166120529177,apo_apo,True,True,True
47,FE,apoe86394f4a0,A,apod5332d15e2,A,0,[1],[1],FE,FE,2.623931884765625,2.386812210083008,1.4503366947174072,0.7296268343925476,0.8512371182441711,1.1024607419967651,apo_apo,False,False,True
48,SAM,apob0da859712,A,apo218b3ecdc8,A,0,[27],[27],SAM,SAM,3.2654268741607666,3.5341529846191406,1.214982271194458,0.7375997304916382,0.9766024947166444,0.970491111278534,apo_apo,False,False,True
49,CU1,apo3d60f5c576,A,apo3454353519,A,0,[1],[1],CU1,CU1,2.58564567565918,2.81403923034668,1.7799184322357178,0.7549139857292175,0.799975574016571,1.26820170879364,apo_apo,False,False,True
50,COA,apo577a70e23b,A,apo53f0c8aada,A,0,[48],[48],COA,COA,7.7006516456604,2.652792930603028,1.685793161392212,0.7380292415618896,0.9452990293502808,1.2630090713500977,apo_apo,False,False,False
51,AMP,apo31667e1c97,A,apof731c02ff6,A,0,[23],[23],AMP,AMP,5.692430019378662,2.540922164916992,1.4634690284729004,0.7249409556388855,0.8832905888557434,1.0984737873077393,apo_apo,False,False,False
52,FE,apoe86394f4a0,A,apoa97fe99429,A,0,[1],[1],FE,FE,1.6970348358154297,2.6814041137695312,1.4122295379638672,0.7145848870277405,0.8594570159912109,1.131770372390747,apo_apo,False,True,True
53,GTP,apo3a68bb90dc,A,apo141a89905f,A,0,[32],[32],GTP,GTP,5.670225143432617,2.038602828979492,1.5615774393081665,0.7160592079162598,0.909216582775116,1.2215882539749146,apo_apo,False,False,False
54,CO,apo634102baf3,A,apo7a12359999,A,0,[1],[1],CO,CO,7.045637130737305,2.452483654022217,1.483812689781189,0.6473801732063293,0.9602638483047484,1.2108148336410522,apo_apo,False,False,False
55,SAM,apoe4100df4a7,A,apo218b3ecdc8,A,0,[27],[17],SAM,SAM,1.6717417240142822,4.311278820037842,0.7624297738075256,0.8031439185142517,0.9970316290855408,0.7604690194129944,apo_apo,False,True,True
56,SAH,apoa53a2dbad6,A,apoe236bd5263,A,0,[26],[26],SAH,SAH,1.486721396446228,4.788510322570801,0.4890260696411133,0.8410419821739197,0.8775027990341187,0.6670933961868286,apo_apo,False,True,True
57,NAD,apoc79cad30a3,A,apo5399548934,A,0,[44],[44],NAD,NAD,5.059502124786377,2.708718776702881,1.413522243499756,0.6825841069221497,0.8700946569442749,1.17889404296875,apo_apo,False,False,False
58,AMP,apo6031cfefc9,A,apof731c02ff6,A,0,[23],[22],AMP,AMP,5.554013729095459,2.671990394592285,1.4745888710021973,0.7587626576423645,0.8044928312301636,1.0908030271530151,apo_apo,False,False,False
59,MN,apo11a8643c4e,A,apo932ec07ee7,A,0,[1],[1],MN,MN,8.695876121520996,1.3473296165466309,1.7135618925094604,0.5692822933197021,0.4589767754077911,1.760769963264465,apo_apo,False,False,False
60,MN,apof4dfee2fcd,A,apo929965e108,A,0,[1],[1],MN,MN,6.454721450805664,2.128323554992676,1.4308373928070068,0.6915968656539917,0.8218651413917542,1.2387416362762451,apo_apo,False,False,False
61,CO,apo634102baf3,A,apo826f3f2afa,A,0,[1],[1],CO,CO,7.031938076019287,2.2998275756835938,1.5936014652252195,0.7068130373954773,0.6848872900009155,1.176993489265442,apo_apo,False,False,False
62,MN,apob52d99e27a,A,apoa08ef001a8,A,0,[1],[1],MN,MN,1.9601120948791504,2.400353193283081,1.5623393058776855,0.7576822638511658,0.6191624999046326,0.973417580127716,apo_apo,False,True,True
63,AMP,apob5350c771e,A,apofff8bca9bc,A,1,[22],[23],AMP,AMP,4.185613632202148,2.3822615146636963,1.589596152305603,0.7243689298629761,0.8678590059280396,1.221318244934082,apo_apo,False,False,False
64,E4P,apo3827182a20,A,apo518eed0988,A,1,[12],[12],E4P,E4P,2.730260372161865,2.6265039443969727,1.5296621322631836,0.7441178560256958,0.8687728643417358,1.1545287370681765,apo_apo,False,False,True
65,ACO,apo4a65dbb781,A,apo63599a476b,A,1,[51],[51],ACO,ACO,8.670876502990723,2.5009684562683105,1.4300497770309448,0.6440178751945496,0.8992172479629517,1.1202105283737185,apo_apo,False,False,False
66,NVA,apo5b5f7505e1,A,apo9374f3f29e,A,1,[7],[8],NVA,NVA,8.182180404663086,1.9882984161376955,1.4694286584854126,0.6749793291091919,0.2831994295120239,1.1897203922271729,apo_apo,False,False,False
67,GTP,apo3a68bb90dc,A,apo9fb2d1f03d,A,1,[32],[32],GTP,GTP,5.736127853393555,2.597433567047119,1.5826575756072998,0.6505208015441895,0.7945603132247925,1.4821752309799194,apo_apo,False,False,False
68,PO3,apoffabde935b,A,apo357d306a87,A,1,[4],[4],PO3,PO3,4.049136161804199,2.234325647354126,1.5833648443222046,0.7564409375190735,0.7190964818000793,1.1478573083877563,apo_apo,False,False,False
69,CTP,apo1182c7949c,A,apo02fd55da58,A,1,[29],[29],CTP,CTP,2.7073895931243896,2.9044508934021,1.7216241359710691,0.7436780333518982,0.6811545491218567,1.1304298639297483,apo_apo,False,False,True
70,APR,apod89ecce343,A,apof5de2d448c,A,1,[36],[18],APR,APR,7.38106107711792,2.4893383979797363,1.5674643516540527,0.6888997554779053,0.8239687085151672,1.3347562551498413,apo_apo,False,False,False
71,AMP,apo31667e1c97,A,apo81026162f7,A,1,[23],[23],AMP,AMP,6.940508842468262,2.4582881927490234,1.5448788404464722,0.7050342559814453,0.8826179504394531,1.2502368688583374,apo_apo,False,False,False
72,AMP,apo9bfef3aac4,A,apoc9cfbbc27e,A,1,[23],[22],AMP,AMP,6.180940628051758,2.408897638320923,1.859400987625122,0.6800559163093567,0.6917362213134766,1.0876526832580566,apo_apo,False,False,False
73,APR,apo0ccbcef8ff,A,apo10ffc1123f,A,1,[36],[36],APR,APR,4.247922897338867,2.5917561054229736,1.3668699264526367,0.7420591711997986,0.888728141784668,0.9256323575973512,apo_apo,False,False,False
74,OXY,apo661b32cc25,A,apocaef52ba11,A,1,[2],[2],OXY,OXY,2.503435611724853,2.2876546382904053,1.5166360139846802,0.7017452716827393,0.8537449240684509,1.2398303747177124,apo_apo,False,False,True
75,ACO,apo707c2444cb,A,apo63599a476b,A,1,[51],[48],ACO,ACO,4.711965084075928,2.562295913696289,1.4691694974899292,0.6937558054924011,0.862438440322876,1.1875618696212769,apo_apo,False,False,False
76,FE,apof812dd602f,A,apo78d677d71f,A,1,[1],[1],FE,FE,7.202123641967773,2.319143295288086,1.4267125129699707,0.6708529591560364,0.4979181587696075,1.3170675039291382,apo_apo,False,False,False
77,MG,apoe861c1ceeb,A,apo7b8e856a60,A,1,[1],[1],MG,MG,1.527023434638977,2.620923519134521,1.601781725883484,0.6833944916725159,0.9210027456283568,1.1823885440826416,apo_apo,False,True,True
78,AMP,apofff8bca9bc,A,apo31667e1c97,A,1,[23],[22],AMP,AMP,2.982456684112549,2.3934192657470703,1.3763189315795898,0.6915356516838074,0.9145808219909668,1.3196463584899902,apo_apo,False,False,True
79,APC,apo002721cb9d,A,apod5332d15e2,A,1,[31],[31],APC,APC,5.311655521392822,2.3681349754333496,1.7197076082229614,0.6722396612167358,0.9469775557518004,1.0707687139511108,apo_apo,False,False,False
80,AMP,apof731c02ff6,A,apo9bfef3aac4,A,1,[22],[23],AMP,AMP,7.3958258628845215,2.310786724090576,1.7190908193588257,0.7127676010131836,0.3789216578006744,1.1785848140716553,apo_apo,False,False,False
81,AMP,apo81026162f7,A,apo9bfef3aac4,A,1,[22],[23],AMP,AMP,5.787811279296875,2.684462070465088,1.463258147239685,0.6653639674186707,0.8573431968688965,1.16727614402771,apo_apo,False,False,False
82,CU,apo82ac663794,A,apo561904df3e,A,1,[1],[1],CU,CU,1.1900153160095217,2.2449193000793457,1.637656331062317,0.6879197955131531,0.6615621447563171,1.159495830535889,apo_apo,False,True,True
83,CO,apo7f5816a39c,A,apoa7721c0af3,A,1,[1],[1],CO,CO,7.779656410217285,1.8217406272888184,1.6515729427337646,0.6582873463630676,0.9135106205940248,1.2876255512237549,apo_apo,False,False,False
84,APR,apo0ccbcef8ff,A,apod89ecce343,A,1,[18],[36],APR,APR,7.42265510559082,2.581286668777466,1.5164151191711426,0.7335112690925598,0.6526626348495483,1.2186914682388306,apo_apo,False,False,False
85,GDD,apo9f0646f37b,A,apo8bb1929ceb,A,1,[39],[39],GDD,GDD,4.634033679962158,2.8603403568267822,1.4988199472427368,0.7125672698020935,0.9350115656852722,1.194823980331421,apo_apo,False,False,False
86,CO,apo826f3f2afa,A,apo7a12359999,A,1,[1],[1],CO,CO,2.965625047683716,2.272752285003662,1.68764066696167,0.6537193655967712,0.5543602705001831,1.1788233518600464,apo_apo,False,False,True
87,MG,apoe861c1ceeb,A,apob7b299a860,A,1,[1],[1],MG,MG,3.0030195713043213,2.3086581230163574,1.6147218942642212,0.6217418909072876,0.9052229523658752,1.2966327667236328,apo_apo,False,False,True
88,ADP,apo4a7118351f,A,apofe46173242,A,1,[27],[27],ADP,ADP,2.649540424346924,2.857534408569336,1.3140813112258911,0.7041965126991272,0.8721082210540771,1.0590791702270508,apo_apo,False,False,True
89,ACO,apo4a65dbb781,A,apo52a5d4138d,A,1,[51],[51],ACO,ACO,4.088495254516602,2.9559171199798584,1.519635796546936,0.6971920132637024,0.9422844648361206,0.996440291404724,apo_apo,False,False,False
90,MG,apo14d744eaef,A,apoe861c1ceeb,A,1,[1],[1],MG,MG,5.965433120727539,1.731231451034546,2.0257720947265625,0.6351260542869568,0.8069149255752563,1.143301248550415,apo_apo,False,False,False
91,PYR,apoa0b87ab07c,A,apoa4422865fc,A,1,[6],[5],PYR,PYR,7.325022220611572,2.3985400199890137,1.6307107210159302,0.7346308827400208,0.6815495491027832,1.017243266105652,apo_apo,False,False,False
92,MG,apoca70b75c08,A,apob7b299a860,A,1,[1],[1],MG,MG,4.925180912017822,2.622680187225342,1.5014225244522097,0.7168789505958557,0.8594979047775269,1.157279372215271,apo_apo,False,False,False
93,ADP,apo86507552c8,A,apob754340d0d,A,1,[27],[27],ADP,ADP,3.201913595199585,3.151299238204956,1.393581748008728,0.7485827803611755,0.6964077353477478,1.1090595722198486,apo_apo,False,False,True
94,RBF,apo9e85e46298,A,apo5d61b7f6bc,A,1,[27],[27],RBF,RBF,7.237233638763428,2.7737460136413574,1.542472243309021,0.721977710723877,0.9251885414123536,0.9705922603607178,apo_apo,False,False,False
95,ACP,apob3738e2c2c,A,apof1a565f5fa,A,1,[31],[31],ACP,ACP,2.947838306427002,3.030023097991944,1.5307283401489258,0.7498208284378052,0.7528436779975891,1.1136027574539185,apo_apo,False,False,True
96,PYR,apo0305834168,A,apoa4422865fc,A,1,[6],[6],PYR,PYR,7.78633975982666,2.538975238800049,1.598387598991394,0.6830312609672546,0.7722909450531006,1.1467176675796509,apo_apo,False,False,False
97,CU,apocf2e397038,A,apo27cbc40f27,A,1,[1],[1],CU,CU,0.2180846631526947,2.7166008949279785,1.3839954137802124,0.7609807252883911,0.4257020056247711,0.9118107557296752,apo_apo,False,False,False
98,ACO,apo4d4153c641,A,apo707c2444cb,A,1,[48],[51],ACO,ACO,2.7784066200256348,3.1347479820251465,1.3447104692459106,0.7230992913246155,0.8330923914909363,1.2272834777832031,apo_apo,False,False,True
99,ATP,apod4392cef85,A,apo9e6b4afa13,A,1,[31],[31],ATP,ATP,7.237780094146728,2.2203097343444824,1.6662620306015017,0.7223374247550964,0.961452841758728,1.0690574645996094,apo_apo,False,False,False
100,GDP,apo11d986f878,A,apoc42d5dc4b8,A,1,[28],[28],GDP,GDP,5.237433433532715,2.5973892211914062,1.5310699939727783,0.7319634556770325,0.4553423821926117,1.1308916807174685,apo_apo,False,False,False
101,CU,apo16ec605a9d,A,apo27cbc40f27,A,1,[1],[1],CU,CU,0.6069318652153015,2.785578966140747,1.3469784259796145,0.7062877416610718,0.4508863687515259,1.0832993984222412,apo_apo,False,False,False
102,GTP,apofe57346899,A,apo3a68bb90dc,A,1,[32],[32],GTP,GTP,5.695441722869873,2.3337411880493164,1.4876158237457275,0.6961027979850769,0.7742627263069153,1.3251458406448364,apo_apo,False,False,False
103,CTP,apoab1dde69c6,A,apo02fd55da58,A,1,[29],[29],CTP,CTP,3.556884765625,2.8839006423950195,1.3272294998168943,0.7203876376152039,0.8930829763412476,1.0727930068969729,apo_apo,False,False,True
104,AMP,apo43b8eb62f6,A,apoc9cfbbc27e,A,1,[23],[23],AMP,AMP,7.414223194122314,2.593806028366089,1.5073368549346924,0.7048202157020569,0.797852098941803,1.0703363418579102,apo_apo,False,False,False
105,AMP,apob5350c771e,A,apof76d61a07e,A,1,[23],[23],AMP,AMP,6.043738842010498,2.5973188877105717,1.9805703163146973,0.7056015133857727,0.7748327255249023,1.1884092092514038,apo_apo,False,False,False
106,CTP,apo9b8c5442fb,A,apo02fd55da58,A,1,[29],[29],CTP,CTP,3.425607204437256,3.056035041809082,1.3922348022460938,0.6930143237113953,0.8809124827384949,1.140560269355774,apo_apo,False,False,True
107,GDP,apoc424f1c171,A,apo74272096bc,A,1,[28],[28],GDP,GDP,2.6049554347991943,2.8928065299987797,1.4657480716705322,0.6945405006408691,0.8612428307533264,1.2007042169570925,apo_apo,False,False,True
108,OXY,apofab7035337,A,apocaef52ba11,A,1,[2],[2],OXY,OXY,2.832310199737549,2.175166368484497,1.67304265499115,0.7550211548805237,0.5460548996925354,1.0130285024642944,apo_apo,False,False,True
109,ADP,apo206dd52b94,A,apo7fdf0220e6,A,1,[27],[27],ADP,ADP,5.7247514724731445,2.650096893310547,1.594579577445984,0.6763859391212463,0.8188947439193726,1.298598051071167,apo_apo,False,False,False
110,APR,apo10ffc1123f,A,apof5de2d448c,A,1,[36],[36],APR,APR,4.261457920074463,2.6515183448791504,1.536407232284546,0.7271692156791687,0.8050163984298706,1.2129937410354614,apo_apo,False,False,False
111,COA,apofdd79e76b6,A,apo53f0c8aada,A,1,[48],[48],COA,COA,7.788881778717041,2.654106378555298,1.6194276809692385,0.6895103454589844,0.950597047805786,1.1949511766433716,apo_apo,False,False,False
112,COA,apo8a016eb0da,A,apo53f0c8aada,A,1,[48],[48],COA,COA,7.729918479919434,2.6588480472564697,1.586319923400879,0.7224238514900208,0.5881906151771545,1.1785118579864502,apo_apo,False,False,False
113,MG,apof887ac382f,A,apodcdae1d5e0,A,1,[1],[1],MG,MG,0.8773759007453918,2.772186756134033,1.4734407663345337,0.745474636554718,0.4629206359386444,1.011957049369812,apo_apo,False,False,False
114,MG,apoa95f261b95,A,apod52f6358a3,A,1,[1],[1],MG,MG,2.708848237991333,2.545138359069824,1.5360664129257202,0.7383537292480469,0.6833255887031555,1.144830584526062,apo_apo,False,False,True
115,FE,apoc3d0196062,A,apod3ecc70b32,A,1,[1],[1],FE,FE,1.657381892204285,2.627149820327759,1.3123594522476196,0.7486943602561951,0.7762148976325989,0.896586000919342,apo_apo,False,True,True
116,FE,apoa76603c89f,A,apod3ecc70b32,A,1,[1],[1],FE,FE,2.4269845485687256,2.219641923904419,1.5232943296432495,0.7405779957771301,0.4623920917510986,1.0697739124298096,apo_apo,False,False,False
117,CO,apoa708248ee5,A,apoa7721c0af3,A,1,[1],[1],CO,CO,6.5983099937438965,2.452412366867065,1.5296849012374878,0.7685405611991882,0.7747095823287964,1.0841944217681885,apo_apo,False,False,False
118,ADP,apo86507552c8,A,apo0b0f172b8c,A,1,[27],[27],ADP,ADP,2.449707269668579,2.9736521244049072,1.547135353088379,0.6888822317123413,0.7888994216918945,1.2274643182754517,apo_apo,False,False,True
119,AMP,apofff8bca9bc,A,apoacde4420e4,A,1,[23],[22],AMP,AMP,2.7248523235321045,2.6726033687591557,1.5042024850845337,0.7358815670013428,0.8447337746620178,1.069744348526001,apo_apo,False,False,True
120,FE,apo40888f554b,A,apoca3573a363,A,1,[1],[1],FE,FE,2.2504079341888428,1.644215703010559,1.4631304740905762,0.5777225494384766,0.7492961287498474,0.8536680936813354,apo_apo,False,False,True
121,ACO,apo52a5d4138d,A,apo707c2444cb,A,1,[48],[51],ACO,ACO,3.19816517829895,3.3627049922943115,1.4236444234848022,0.7292670607566833,0.9218982458114624,1.1313674449920654,apo_apo,False,False,True
122,NAD,apo027b404733,A,apo1a92a18e19,A,1,[44],[44],NAD,NAD,8.186025619506836,4.2351579666137695,0.728044867515564,0.7689436078071594,0.8258221745491028,0.7106819152832031,apo_apo,False,False,False
123,AMP,apo9bfef3aac4,A,apo594bfe1d35,A,1,[22],[22],AMP,AMP,7.37623929977417,2.287252187728882,1.5514992475509644,0.6745206713676453,0.5226079225540161,1.165121078491211,apo_apo,False,False,False
124,ZN,apof471c2e230,A,apofc7258d0ff,A,1,[1],[1],ZN,ZN,7.282691955566406,2.0809547901153564,1.591760516166687,0.6959367394447327,0.4075565934181213,1.061153531074524,apo_apo,False,False,False
125,COA,apo034597ae6f,A,apo53f0c8aada,A,1,[48],[48],COA,COA,7.331427574157715,2.4424595832824707,1.7196966409683228,0.7268406748771667,0.8447282314300537,1.103618860244751,apo_apo,False,False,False
126,FE,apo78d677d71f,A,apod5332d15e2,A,1,[1],[1],FE,FE,2.380361795425415,2.554800510406494,1.4737269878387451,0.7220644354820251,0.7847568392753601,1.0948718786239624,apo_apo,False,False,True
127,CU,apo561904df3e,A,apo842947d060,A,1,[1],[1],CU,CU,8.475940704345703,2.3946688175201416,1.41462504863739,0.6160915493965149,0.8697220683097839,1.300661563873291,apo_apo,False,False,False
128,ADP,apo86507552c8,A,apo054baf1219,A,1,[27],[27],ADP,ADP,2.184608221054077,3.150421619415283,1.302247405052185,0.7298790812492371,0.7389145493507385,0.9852969646453856,apo_apo,False,False,True
129,ZN,apo2ef4097b74,A,apo04b5c3c1eb,A,1,[1],[1],ZN,ZN,7.995711326599121,1.4185822010040283,1.523357629776001,0.6164078116416931,0.6285536289215088,1.9694499969482424,apo_apo,False,False,False
130,FE,apo6361ca5c40,A,apoe20cde3507,A,1,[1],[1],FE,FE,1.2928863763809204,2.3127999305725098,1.497128963470459,0.7129719853401184,0.8310424089431763,1.0727696418762207,apo_apo,False,True,True
131,MN,apo290959f359,A,apof4dfee2fcd,A,1,[1],[1],MN,MN,2.659042835235596,2.3637912273406982,1.4542338848114014,0.6876267194747925,0.5613694190979004,1.3790843486785889,apo_apo,False,False,True
132,AMP,apo43b8eb62f6,A,apo81026162f7,A,1,[23],[23],AMP,AMP,6.607254981994629,2.756422758102417,1.5447475910186768,0.69832444190979,0.830808162689209,1.0643917322158811,apo_apo,False,False,False
133,ADP,apo87cf43f9a7,A,apob7b299a860,A,1,[27],[27],ADP,ADP,2.5444564819335938,2.8649349212646484,1.4511374235153198,0.6974490284919739,0.787147045135498,1.2103536128997805,apo_apo,False,False,True
134,AMP,apo6031cfefc9,A,apob5350c771e,A,1,[23],[22],AMP,AMP,5.130660533905029,2.4898972511291504,1.4164388179779053,0.7487359046936035,0.4876192808151245,1.0223116874694824,apo_apo,False,False,False
135,AMP,apob5350c771e,A,apoacde4420e4,A,1,[23],[23],AMP,AMP,5.396243095397949,2.4369606971740723,1.7009252309799194,0.6794040203094482,0.7565991878509521,1.339253067970276,apo_apo,False,False,False
136,GAL,apo7061dca62c,A,apoef6a70afe6,A,1,[12],[12],GAL,GAL,4.4916839599609375,2.325594902038574,1.5478578805923462,0.7135749459266663,0.6891710758209229,1.245879054069519,apo_apo,False,False,False
137,MG,apo89440a8c89,A,apo8b15831cd4,A,1,[1],[1],MG,MG,4.008698463439941,2.490423679351806,1.4974846839904783,0.6891912817955017,0.7640553116798401,1.535583734512329,apo_apo,False,False,False
138,5GP,apo96b90e26b3,A,apofaf8b26195,A,1,[24],[24],5GP,5GP,3.9419467449188232,3.0373685359954834,1.5061802864074707,0.7597360014915466,0.5996225476264954,1.0805363655090332,apo_apo,False,False,True
139,CU,apo184e9055c0,A,apo842947d060,A,1,[1],[1],CU,CU,8.376060485839844,2.221863985061645,1.6564756631851196,0.6779571175575256,0.7601119875907898,1.1527003049850464,apo_apo,False,False,False
140,FE,apo0d054537d5,A,apof812dd602f,A,1,[1],[1],FE,FE,7.132760047912598,2.635060310363769,1.5533283948898315,0.6519523859024048,0.906990647315979,1.0904446840286257,apo_apo,False,False,False
141,UDP,apob2e0f8db00,A,apod2359bd57e,A,1,[25],[25],UDP,UDP,3.1730899810791016,3.388343572616577,1.4282066822052002,0.6950499415397644,0.9211729764938354,1.335863709449768,apo_apo,False,False,True
142,AMP,apob5350c771e,A,apo43b8eb62f6,A,1,[23],[23],AMP,AMP,6.044793605804443,2.684483528137207,1.691723108291626,0.6950226426124573,0.9216541647911072,1.1326144933700562,apo_apo,False,False,False
143,UDP,apo5ced6e3fa7,A,apof9d3cdb3e6,A,1,[25],[25],UDP,UDP,2.6629037857055664,3.280712604522705,1.1594067811965942,0.7425752282142639,0.9688374400138856,0.8184064626693726,apo_apo,False,False,True
144,FE,apof812dd602f,A,apoc9f78f2906,A,1,[1],[1],FE,FE,7.361226558685303,2.2021594047546387,1.5004812479019165,0.6712216734886169,0.4693612456321716,1.2371898889541626,apo_apo,False,False,False
145,ADP,apo87cf43f9a7,A,apoa8e70695a2,A,1,[27],[27],ADP,ADP,1.670764446258545,2.8714394569396973,1.4523730278015137,0.7093845009803772,0.8381600379943848,1.275322437286377,apo_apo,False,True,True
146,UDP,apob2e0f8db00,A,apo5ced6e3fa7,A,1,[25],[25],UDP,UDP,2.912617921829224,3.159919023513794,1.491572022438049,0.7345777153968811,0.7868438959121704,1.2709039449691772,apo_apo,False,False,True
147,CU,apoa1055b5623,A,apo27cbc40f27,A,1,[1],[1],CU,CU,0.9927434921264648,2.683993339538574,1.4137338399887085,0.7494218349456787,0.4495755434036255,0.9274213910102844,apo_apo,False,False,False
148,MG,apoc188dec860,A,apo23256d05b9,A,1,[1],[1],MG,MG,6.528425216674805,2.412863254547119,1.301234483718872,0.708357036113739,0.9692558646202089,0.827610969543457,apo_apo,False,False,False
149,FE,apo78d677d71f,A,apoca3573a363,A,1,[1],[1],FE,FE,1.4139326810836792,1.9764820337295528,1.4221830368041992,0.6584450006484985,0.6489658951759338,1.2426022291183472,apo_apo,False,True,True
150,AMP,apofff8bca9bc,A,apo594bfe1d35,A,1,[22],[22],AMP,AMP,3.592707633972168,2.589228391647339,1.4141757488250732,0.7010960578918457,0.431596040725708,1.0834800004959106,apo_apo,False,False,False
151,NAD,apob53e931f19,A,apof6b573ee02,A,1,[44],[44],NAD,NAD,3.3340742588043213,2.6366937160491943,1.2813231945037842,0.6791305541992188,0.863214373588562,1.109595775604248,apo_apo,False,False,True
152,AMP,apo5c44ba9907,A,apo81026162f7,A,1,[23],[23],AMP,AMP,7.010517120361328,3.0405983924865723,1.1503801345825195,0.7276003360748291,0.778821587562561,0.961113691329956,apo_apo,False,False,False
153,FE,apof812dd602f,A,apocaef52ba11,A,1,[1],[1],FE,FE,7.304043292999268,2.2245278358459477,1.4288842678070068,0.7231362462043762,0.7275636196136475,1.0742651224136353,apo_apo,False,False,False
154,FE,apo1289eb47dc,A,apocaef52ba11,A,1,[1],[1],FE,FE,1.145066738128662,2.5374131202697754,1.285140872001648,0.6790730357170105,0.9100462198257446,1.0231690406799316,apo_apo,False,True,True
155,FE,apo0d054537d5,A,apoe20cde3507,A,1,[1],[1],FE,FE,1.6658419370651243,2.1492908000946045,1.585540533065796,0.6994473934173584,0.8372438549995422,1.0420315265655518,apo_apo,False,True,True
156,AMP,apo5c44ba9907,A,apoc9cfbbc27e,A,1,[23],[23],AMP,AMP,7.327304363250732,2.5069267749786377,1.7848880290985107,0.6962093114852905,0.8128648400306702,1.252758502960205,apo_apo,False,False,False
157,UDP,apod2359bd57e,A,apof9d3cdb3e6,A,1,[25],[25],UDP,UDP,3.5526199340820312,3.472106456756592,1.1989495754241943,0.7063509821891785,0.9511316418647766,0.9885414242744446,apo_apo,False,False,True
158,ACO,apo4d4153c641,A,apo4a65dbb781,A,1,[51],[51],ACO,ACO,4.140047550201416,2.902394294738769,1.4532201290130615,0.7128174901008606,0.8516227006912231,1.0316648483276367,apo_apo,False,False,False
159,CA,apo3c97569c3d,A,apoc96706ab80,A,1,[1],[1],CA,CA,5.54051399230957,2.453604221343994,1.4799615144729614,0.7396367788314819,0.843688428401947,1.0238513946533203,apo_apo,False,False,False
160,CO,apoa708248ee5,A,apo7a12359999,A,1,[1],[1],CO,CO,7.473682403564453,2.458012819290161,1.525686264038086,0.6681715846061707,0.9419994354248048,1.2516283988952637,apo_apo,False,False,False
161,CO,apo7f5816a39c,A,apo826f3f2afa,A,1,[1],[1],CO,CO,7.473584175109863,2.426390647888184,1.6326754093170166,0.6726360321044922,0.7063445448875427,1.1856083869934082,apo_apo,False,False,False
162,NAD,apof6b573ee02,A,apoa1dc0e4236,A,1,[44],[44],NAD,NAD,3.0180466175079346,2.827227830886841,1.5440773963928225,0.6781626343727112,0.5327586531639099,1.402064085006714,apo_apo,False,False,True
163,AEF,apo5782713f1a,A,apodefc2db112,A,2,[10],[10],AEF,AEF,6.483549118041992,2.481935501098633,1.495213270187378,0.6994571685791016,0.9270979762077332,1.4574434757232666,apo_apo,False,False,False
164,OXY,apo2c3a0c55e6,A,apo661b32cc25,A,2,[2],[1],OXY,OXY,7.420828342437744,2.385916233062744,1.5179758071899414,0.7695627212524414,0.6627934575080872,1.1004583835601809,apo_apo,False,False,False
165,SAM,apofd7fa63b48,A,apo218b3ecdc8,A,2,[27],[27],SAM,SAM,6.977810859680176,2.5905890464782715,1.575506329536438,0.7336655855178833,0.7240219116210938,1.2105728387832642,apo_apo,False,False,False
166,SAM,apo865b191f3d,A,apob0da859712,A,2,[27],[27],SAM,SAM,3.030202865600586,3.5744428634643555,1.1705427169799805,0.7635499835014343,0.9027503132820128,0.9736272096633912,apo_apo,False,False,True
167,TCE,apoe73fa7dd4d,A,apo31a67e5bf9,A,2,[16],[16],TCE,TCE,7.310135841369629,2.841594696044922,1.450121521949768,0.728486180305481,0.736352801322937,1.197787880897522,apo_apo,False,False,False
168,APC,apod5332d15e2,A,apod6b7a84689,A,2,[31],[31],APC,APC,5.30546236038208,2.7286839485168457,1.448084592819214,0.6995413899421692,0.8743140697479248,1.2825829982757568,apo_apo,False,False,False
169,AMP,apofff8bca9bc,A,apof76d61a07e,A,2,[23],[22],AMP,AMP,3.441281318664551,2.905579090118408,1.2167977094650269,0.7359998226165771,0.8562278747558594,0.8445631265640259,apo_apo,False,False,True
170,ADE,apo0dc9dba73c,A,apo67359c8433,A,2,[10],[10],ADE,ADE,2.7990190982818604,2.479823112487793,1.4048131704330444,0.719774067401886,0.8431900143623352,1.2003542184829712,apo_apo,False,False,True
171,APR,apo10ffc1123f,A,apof4a6fc1f1a,A,2,[36],[36],APR,APR,6.679904937744141,2.5937418937683105,1.5395864248275757,0.7075385451316833,0.6423777341842651,1.187213897705078,apo_apo,False,False,False
172,BEF,apo01f8b0c9d5,A,apo8023553e96,A,2,[4],[4],BEF,BEF,3.757635116577149,3.4064927101135254,1.1001874208450315,0.777556300163269,0.7281503677368164,0.8975825309753418,apo_apo,False,False,True
173,UDP,apob2e0f8db00,A,apob2e8d96712,A,2,[24],[25],UDP,UDP,7.377101898193359,2.913739919662476,1.503737449645996,0.761932373046875,0.5355785489082336,1.0918514728546145,apo_apo,False,False,False
174,ADP,apo206dd52b94,A,apoaae8bb1967,A,2,[27],[27],ADP,ADP,2.324097156524658,3.0579962730407715,1.5994231700897217,0.7091673016548157,0.7907615900039673,1.1881049871444702,apo_apo,False,False,True
175,APR,apod89ecce343,A,apof4a6fc1f1a,A,2,[36],[18],APR,APR,7.71176290512085,2.5978708267211914,1.350441813468933,0.7207745313644409,0.4954213201999664,1.056290626525879,apo_apo,False,False,False
176,ACO,apo4d4153c641,A,apo63599a476b,A,2,[51],[51],ACO,ACO,5.004269599914551,3.028721809387207,1.4605350494384766,0.7130273580551147,0.8489768505096436,1.148942470550537,apo_apo,False,False,False
177,INS,apo90fdb95fca,A,apo21a159c82c,A,2,[12],[12],INS,INS,5.232973575592041,2.580245018005371,1.474871277809143,0.730671763420105,0.774000883102417,1.066207766532898,apo_apo,False,False,False
178,ADP,apo206dd52b94,A,apo9bb44e5c1a,A,2,[27],[27],ADP,ADP,2.359632730484009,3.978162527084351,1.3830498456954956,0.7445411086082458,0.9940503239631652,0.9766992926597596,apo_apo,False,False,True
179,APR,apo0ccbcef8ff,A,apof5de2d448c,A,2,[36],[36],APR,APR,2.539482355117798,3.550173282623291,1.3220292329788208,0.7810224890708923,0.9878065586090088,0.955100953578949,apo_apo,False,False,True
180,SAM,apo7d270341fc,A,apob0da859712,A,2,[27],[26],SAM,SAM,2.9659423828125,3.4914705753326416,1.1482669115066528,0.7267360687255859,0.9665595293045044,0.9273725748062134,apo_apo,False,False,True
181,SAM,apo693998296e,A,apob0da859712,A,2,[27],[27],SAM,SAM,3.070155382156372,3.5015556812286377,1.1599853038787842,0.7327228784561157,0.959288477897644,0.992188572883606,apo_apo,False,False,True
182,GTP,apofe57346899,A,apo9fb2d1f03d,A,2,[32],[32],GTP,GTP,6.935390949249268,2.118385076522827,1.558810114860535,0.6650382280349731,0.8060937523841858,1.3997142314910889,apo_apo,False,False,False
183,ACO,apo4a65dbb781,A,apo707c2444cb,A,2,[48],[51],ACO,ACO,8.560796737670898,2.54712462425232,1.5204951763153076,0.6197649836540222,0.8437175750732422,1.0807011127471924,apo_apo,False,False,False
184,MG,apof332234357,A,apo10a488fa47,A,2,[1],[1],MG,MG,7.721585273742676,2.6881234645843506,1.4934626817703247,0.6992713212966919,0.5760984420776367,1.1394180059432983,apo_apo,False,False,False
185,ADP,apo079bdcf57e,A,apo0bdd215b0a,A,2,[27],[27],ADP,ADP,3.4586308002471924,3.776408910751343,0.817901074886322,0.7533432841300964,0.9534262418746948,0.8011130690574646,apo_apo,False,False,True
186,APR,apof5de2d448c,A,apof4a6fc1f1a,A,2,[36],[36],APR,APR,3.124940872192383,3.5050182342529297,1.0169647932052612,0.756065309047699,0.9787402749061584,0.9225648045539856,apo_apo,False,False,True
187,UDP,apob2e8d96712,A,apof9d3cdb3e6,A,2,[25],[24],UDP,UDP,7.490655422210693,3.00554633140564,1.0688111782073977,0.7421029806137085,0.81444251537323,1.0619847774505615,apo_apo,False,False,False
188,IMP,apobf3baf3064,A,apo3792abad1e,A,2,[23],[23],IMP,IMP,5.189027786254883,2.920478343963623,0.8117884397506714,0.7328102588653564,0.9788445234298706,0.8101781606674194,apo_apo,False,False,False
189,ANP,apo470c3179a7,A,apo642faee836,A,2,[31],[31],ANP,ANP,2.344571590423584,2.925899028778076,1.6154824495315552,0.6873341202735901,0.8526855707168579,1.1275204420089722,apo_apo,False,False,True
190,GTP,apofe57346899,A,apo9fb2d1f03d,A,2,[32],[32],GTP,GTP,6.935388088226318,2.1183900833129883,1.558807611465454,0.6650388240814209,0.8060979843139648,1.399717092514038,apo_apo,False,False,False
191,ADP,apo4a7118351f,A,apo0bdd215b0a,A,2,[27],[27],ADP,ADP,1.964576244354248,4.031107425689697,0.7613385319709778,0.7874196767807007,0.9252738356590272,0.7512747049331665,apo_apo,False,True,True
192,AMP,apo5c44ba9907,A,apofff8bca9bc,A,2,[22],[23],AMP,AMP,4.546680450439453,2.648204803466797,1.4629237651824951,0.7554832696914673,0.7822650074958801,1.119178295135498,apo_apo,False,False,False
193,BEF,apo8023553e96,A,apod277ffbc14,A,2,[4],[4],BEF,BEF,5.159975051879883,3.309878349304199,0.8301935791969299,0.7663032412528992,0.8094754219055176,0.8599100112915039,apo_apo,False,False,False
194,NAD,apo4e1ed20f48,A,apo153f70d5d9,A,2,[44],[44],NAD,NAD,1.858676195144653,3.9018054008483887,1.2009882926940918,0.7546786665916443,0.8824666142463684,0.9057841300964355,apo_apo,False,True,True
195,SAM,apo89ae69e16b,A,apob0da859712,A,2,[27],[27],SAM,SAM,3.5124223232269287,3.3558177947998047,1.0494974851608276,0.7238579392433167,0.993815004825592,0.9577705264091492,apo_apo,False,False,True
196,ACO,apo52a5d4138d,A,apo63599a476b,A,2,[51],[51],ACO,ACO,6.827841758728027,2.530353307723999,1.7834672927856443,0.6609764695167542,0.8986135721206665,1.3019630908966064,apo_apo,False,False,False
197,CO,apo7f5816a39c,A,apo7a12359999,A,2,[1],[1],CO,CO,7.3942131996154785,2.144590377807617,1.6740334033966064,0.6981585025787354,0.821012556552887,1.2074426412582395,apo_apo,False,False,False
198,ADP,apoaae8bb1967,A,apo0b0f172b8c,A,2,[27],[27],ADP,ADP,1.8903244733810425,2.946998119354248,1.6460731029510498,0.703112781047821,0.7992941737174988,1.2367395162582395,apo_apo,False,True,True
199,GTP,apofe57346899,A,apo141a89905f,A,2,[32],[32],GTP,GTP,4.9309587478637695,1.6164779663085938,1.5623244047164917,0.6766973733901978,0.5868760943412781,1.5564621686935425,apo_apo,False,False,False
200,AMP,apo43b8eb62f6,A,apo31667e1c97,A,2,[23],[23],AMP,AMP,6.037017822265625,2.764010190963745,1.715479612350464,0.7323114275932312,0.924138605594635,1.320014715194702,apo_apo,False,False,False
201,FE2,apoea8e7659af,A,apo80526afb52,A,2,[1],[1],FE2,FE2,2.0788888931274414,2.2255101203918457,1.5676947832107544,0.6869974136352539,0.6738823056221008,1.2069741487503052,apo_apo,False,False,True
202,SAM,apofd7fa63b48,A,apoa049c7a917,A,2,[27],[27],SAM,SAM,6.989524364471436,2.6644418239593506,1.5162962675094604,0.7377101182937622,0.946860134601593,1.2269829511642456,apo_apo,False,False,False
203,ADP,apoe3fc838d6b,A,apoaae8bb1967,A,2,[27],[27],ADP,ADP,2.881126165390014,2.991201877593994,1.494710922241211,0.7263908982276917,0.8978284597396851,1.1225467920303345,apo_apo,False,False,True
204,GDP,apo84a68ef5a8,A,apo3792abad1e,A,2,[28],[28],GDP,GDP,3.068898916244507,2.833981990814209,1.4443156719207764,0.7460688352584839,0.7980092167854309,1.160404920578003,apo_apo,False,False,True
205,UDP,apo5ced6e3fa7,A,apob2e8d96712,A,2,[24],[25],UDP,UDP,7.389975547790527,3.1271448135375977,1.332295298576355,0.7207795977592468,0.7275366187095642,1.101881504058838,apo_apo,False,False,False
206,CU,apo82ac663794,A,apo27cbc40f27,A,2,[1],[1],CU,CU,1.0292545557022097,2.509554862976074,1.5893036127090454,0.7019508481025696,0.649774432182312,1.034921169281006,apo_apo,False,True,True
207,GDP,apo74272096bc,A,apo3792abad1e,A,2,[28],[28],GDP,GDP,3.309288263320923,2.7364063262939453,1.5787867307662964,0.7141266465187073,0.6997707486152649,1.1842310428619385,apo_apo,False,False,True
208,AMP,apo6031cfefc9,A,apo43b8eb62f6,A,2,[23],[22],AMP,AMP,5.798975944519043,2.9102354049682617,1.46055269241333,0.7650567889213562,0.6717386841773987,1.1050066947937012,apo_apo,False,False,False
209,COA,apo8a016eb0da,A,apo5f5f6032c2,A,2,[48],[48],COA,COA,6.548449993133545,1.8296003341674805,1.7493573427200315,0.6505362391471863,0.6930354833602905,1.36527419090271,apo_apo,False,False,False
210,COA,apo034597ae6f,A,apofe063bf0b9,A,2,[27],[48],COA,COA,5.898744106292725,2.65316104888916,1.529289960861206,0.7047356367111206,0.8206492066383362,1.2481547594070437,apo_apo,False,False,False
211,UDP,apob2e8d96712,A,apod2359bd57e,A,2,[25],[24],UDP,UDP,7.129195213317871,3.183038711547852,1.4754263162612915,0.762968897819519,0.8939446210861206,1.0450557470321655,apo_apo,False,False,False
212,G6P,apo9cef52fd55,A,apo7ee30bef80,A,3,[16],[16],G6P,G6P,7.511786460876465,3.255618095397949,1.1755956411361694,0.7857483625411987,0.9294412732124328,0.8747283816337585,apo_apo,False,False,False
213,FE2,apo42db5ab941,A,apoc49b4bd58c,A,3,[1],[1],FE2,FE2,7.625904083251953,3.157440185546875,0.8338088393211365,0.80192631483078,0.8906859755516052,0.8491340279579163,apo_apo,False,False,False
214,G4P,apofc4cf5dde7,A,apo69859213e6,A,3,[36],[36],G4P,G4P,8.473773002624512,2.8032093048095703,1.508537769317627,0.7447391152381897,0.655737578868866,1.0620510578155518,apo_apo,False,False,False
215,CU,apo1b68d02ea9,A,apo561904df3e,A,3,[1],[1],CU,CU,2.337217092514038,2.2415318489074707,1.4064937829971311,0.7426892518997192,0.4160852432250976,0.9760606288909912,apo_apo,False,False,False
216,APC,apo002721cb9d,A,apod6b7a84689,A,3,[31],[31],APC,APC,4.070366859436035,2.7346019744873047,1.6487987041473389,0.7018685936927795,0.8109131455421448,1.1914499998092651,apo_apo,False,False,False
217,XMP,apo88004a8edf,A,apo8b15831cd4,A,3,[24],[24],XMP,XMP,5.399593353271484,2.687692642211914,1.6617486476898191,0.7261061072349548,0.5685075521469116,1.1341880559921265,apo_apo,False,False,False
218,APR,apo0ccbcef8ff,A,apof4a6fc1f1a,A,3,[36],[36],APR,APR,2.122233390808105,3.8785691261291504,0.7869030833244324,0.812598466873169,0.7879495620727539,0.7856929302215576,apo_apo,False,False,True
219,G6P,apof49b725b8f,A,apo9cef52fd55,A,3,[16],[16],G6P,G6P,7.473751544952393,3.233696937561035,1.2103853225708008,0.7707450985908508,0.946806013584137,0.9019473195075988,apo_apo,False,False,False
220,ADP,apocfd5ffd601,A,apo1b53e3ba2c,A,3,[27],[27],ADP,ADP,2.9532742500305176,3.0483639240264893,1.4909253120422363,0.7335309982299805,0.7334627509117126,1.1540051698684692,apo_apo,False,False,True
221,NAD,apob53e931f19,A,apob46e214dc0,A,3,[44],[44],NAD,NAD,3.179614543914795,3.330855369567871,1.380831956863403,0.7111058831214905,0.759069561958313,1.0577964782714844,apo_apo,False,False,True
222,GDP,apo84a68ef5a8,A,apoc42d5dc4b8,A,3,[28],[28],GDP,GDP,2.758284091949463,3.0045530796051025,1.412856936454773,0.6860910654067993,0.8493604063987732,1.2535163164138794,apo_apo,False,False,True
223,NAD,apo027b404733,A,apo629ce742cb,A,3,[44],[44],NAD,NAD,8.201845169067383,4.236701011657715,0.9527289867401124,0.7575109601020813,0.9964138865470886,0.7745392918586731,apo_apo,False,False,False
224,CA,apo77caab6a59,A,apo98735045ef,A,3,[1],[1],CA,CA,6.104493141174316,2.694617748260498,1.4793890714645386,0.7543637752532959,0.7509424686431885,1.1448745727539062,apo_apo,False,False,False
225,CU,apo1b68d02ea9,A,apo561904df3e,A,3,[1],[1],CU,CU,2.3372137546539307,2.241533041000366,1.4064964056015017,0.742688000202179,0.4160836935043335,0.9760612845420836,apo_apo,False,False,False
226,AMP,apo31667e1c97,A,apoacde4420e4,A,3,[23],[23],AMP,AMP,4.2313408851623535,2.866607666015625,1.4925501346588137,0.7254214882850647,0.9009248614311218,1.119398832321167,apo_apo,False,False,False
227,E64,apo3ae6e9b708,A,apoa7e1da284c,A,4,[25],[25],E64,E64,1.765102505683899,5.084122657775879,0.417291909456253,0.9110345840454102,0.9990321397781372,0.7662718296051025,apo_apo,False,True,True
228,E64,apo2eab38a814,A,apoa7e1da284c,A,4,[25],[25],E64,E64,2.2906813621521,5.013198852539063,0.4187561571598053,0.9086095094680786,0.977375864982605,0.7309922575950623,apo_apo,False,False,True
229,1N1,apo2ef231ad36,A,apob9e7c54442,A,4,[33],[33],1N1,1N1,1.5117117166519165,4.416950702667236,0.6088405251502991,0.7823273539543152,0.999822199344635,0.7426161766052246,apo_apo,False,True,True
230,L3A,apoaa2d77cccf,A,apof9e4ef0a2c,A,4,[15],[15],L3A,L3A,0.8656286001205444,5.02505350112915,0.4731432795524597,0.8904862403869629,0.9946969151496888,0.7235339283943176,apo_apo,True,True,True
231,N32,apo30723f937f,A,apo54edd4adf1,A,4,[31],[31],N32,N32,0.6315301060676575,5.097719669342041,0.410142183303833,0.9155527949333192,0.9999101161956788,0.7694981694221497,apo_apo,True,True,True
232,CTP,apo9b8c5442fb,A,apoab1dde69c6,A,4,[29],[29],CTP,CTP,2.103902101516724,4.566409111022949,0.5203776955604553,0.8265771865844727,0.9943535923957824,0.7197401523590088,apo_apo,False,False,True
233,SAM,apo89ae69e16b,A,apoa049c7a917,A,4,[27],[27],SAM,SAM,2.005561351776123,4.462699890136719,0.694225013256073,0.8169659972190857,0.9985686540603638,0.7225580215454102,apo_apo,False,False,True
234,0LI,apo79f1b4f0ae,A,apodea31b255f,A,4,[39],[39],0LI,0LI,1.2334332466125488,4.800344467163086,0.4881389737129211,0.8719533681869507,0.993898630142212,0.7252253293991089,apo_apo,False,True,True
235,CPR,apoef50d79b8c,A,apo318c479944,A,4,[22],[22],CPR,CPR,0.986352562904358,5.039812088012695,0.6065554022789001,0.8745966553688049,0.9992333650588988,0.8231019377708435,apo_apo,True,True,True
236,APR,apo10ffc1123f,A,apod89ecce343,A,4,[18],[36],APR,APR,7.414630889892578,4.56141471862793,0.6609275341033936,0.8625701665878296,0.998579442501068,0.7123407125473022,apo_apo,False,False,False
237,AR6,apo6dd2c61d59,A,apo85fe52a995,A,4,[36],[36],AR6,AR6,1.3277955055236816,4.33111572265625,0.7380127310752869,0.8586259484291077,0.91378515958786,0.8710745573043823,apo_apo,False,True,True
238,PBZ,apo9c273fbc25,A,apo8b7db8a7e6,A,4,[10],[10],PBZ,PBZ,1.8179306983947756,4.795032978057861,0.4007231593132019,0.8835353851318359,0.9989924430847168,0.6641747355461121,apo_apo,False,True,True
239,CTP,apo1182c7949c,A,apoab1dde69c6,A,4,[29],[29],CTP,CTP,1.320077657699585,4.585310459136963,0.6738168001174927,0.8469645380973816,0.980458915233612,0.8060967326164246,apo_apo,False,True,True
240,NAD,apo2d811e6df0,A,apoa1dc0e4236,A,4,[44],[44],NAD,NAD,2.12947416305542,4.361230373382568,0.9076547026634216,0.7938887476921082,0.8210006952285767,0.7864516377449036,apo_apo,False,False,True
241,NAP,apo07931d71fc,A,apo609c4e958d,A,4,[48],[48],NAP,NAP,2.502277135848999,4.610630989074707,0.6772375106811523,0.8258533477783203,0.908827006816864,0.7245666980743408,apo_apo,False,False,True
242,1N1,apo2ef231ad36,A,apo31b74076ce,A,4,[33],[33],1N1,1N1,1.141945719718933,5.094459533691406,0.3908527791500091,0.8885722756385803,1.0,0.7817590236663818,apo_apo,False,True,True
243,SAM,apoe4100df4a7,A,apo7d270341fc,A,4,[26],[17],SAM,SAM,0.7946821451187134,4.376038074493408,0.6319206953048706,0.8118771314620972,0.986898958683014,0.7361662983894348,apo_apo,True,True,True
244,AR6,apo6dd2c61d59,A,apoe68095a123,A,4,[36],[36],AR6,AR6,1.2933363914489746,4.185314655303955,0.7462592720985413,0.8448596596717834,0.9030104279518129,0.8593851327896118,apo_apo,False,True,True
245,NDP,apo362fa2b55d,A,apocbfde54817,A,4,[48],[48],NDP,NDP,1.6978795528411863,4.020650863647461,0.8613241910934448,0.729001522064209,0.989145815372467,0.8679946660995483,apo_apo,False,True,True
246,NAI,apoad92680901,A,apo131ef01eab,A,4,[44],[44],NAI,NAI,2.2878849506378174,4.541945457458496,0.6846067309379578,0.810875415802002,0.97857266664505,0.7440098524093628,apo_apo,False,False,True
247,NAP,apo98e01292e0,A,apo1260edba4f,A,4,[48],[48],NAP,NAP,2.591195583343506,4.736536979675293,0.6054707169532776,0.8425320982933044,0.9930687546730042,0.6980083584785461,apo_apo,False,False,True
248,CTP,apo1182c7949c,A,apo9b8c5442fb,A,4,[29],[29],CTP,CTP,2.4685025215148926,4.368053436279297,0.5769163370132446,0.7859100699424744,0.9953370094299316,0.756116509437561,apo_apo,False,False,True
249,F6P,apo72a4b9d979,A,apo442de7048d,A,4,[16],[16],F6P,F6P,3.06119704246521,4.95905876159668,0.5335476994514465,0.8898879885673523,0.9675686955451964,0.7407183051109314,apo_apo,False,False,True
250,AR6,apo85fe52a995,A,apof09f83ff21,A,4,[36],[36],AR6,AR6,1.233768105506897,4.272346019744873,0.7010985612869263,0.8540589809417725,0.9713274240493774,0.8468212485313416,apo_apo,False,True,True
251,DUP,apo006be77c2f,A,apo9106e29267,A,4,[28],[28],DUP,DUP,7.199163436889648,4.558319091796875,0.6138910055160522,0.8877899646759033,0.9967796206474304,0.7735894918441772,apo_apo,False,False,False
252,NAI,apob2ac301348,A,apo7dcb3916e0,A,4,[44],[44],NAI,NAI,2.1572020053863525,4.538442611694336,0.7733035683631897,0.8216556310653687,0.9526676535606384,0.7848075032234192,apo_apo,False,False,True
253,SAH,apoc9c8b989fc,A,apo6d0abdee21,A,4,[26],[26],SAH,SAH,3.107130527496338,4.503932476043701,0.8207672834396362,0.7983400225639343,0.9390618801116944,0.7260687947273254,apo_apo,False,False,True
254,ATP,apo555414d6d7,A,apo5ba3e55577,A,4,[31],[31],ATP,ATP,2.2266499996185303,4.040323734283447,0.8805135488510132,0.7535281181335449,0.9366257190704346,0.8471049666404724,apo_apo,False,False,True
255,AR6,apo85fe52a995,A,apoe68095a123,A,4,[36],[36],AR6,AR6,0.8755881786346436,5.133363246917725,0.3392123281955719,0.9065105319023132,1.0,0.7314978241920471,apo_apo,True,True,True
256,ZN,apo2b79158eb9,A,apo47c1929c94,A,4,[1],[1],ZN,ZN,8.16538143157959,2.2201919555664062,1.4435032606124878,0.6839818358421326,0.9177658557891846,1.1171947717666626,apo_apo,False,False,False
257,ADP,apo079bdcf57e,A,apob776397807,A,4,[27],[27],ADP,ADP,1.5598020553588867,4.639723300933838,0.7168177366256714,0.8333030939102173,0.9862004518508912,0.779464840888977,apo_apo,False,True,True
258,SAM,apo7d270341fc,A,apoa049c7a917,A,4,[27],[26],SAM,SAM,1.1000181436538696,4.539578914642334,0.7977733612060547,0.8198765516281128,0.9960340857505798,0.7790805101394653,apo_apo,False,True,True
259,AR6,apof09f83ff21,A,apoe68095a123,A,4,[36],[36],AR6,AR6,1.0619280338287354,4.269002914428711,0.752601683139801,0.8485797643661499,0.969907283782959,0.859184980392456,apo_apo,False,True,True
260,NAP,apodfb84bd676,A,apo609c4e958d,A,4,[48],[48],NAP,NAP,1.7457168102264404,4.6838059425354,0.675258457660675,0.8324180841445923,0.8629796504974365,0.7680948972702026,apo_apo,False,True,True
261,GTP,apo3a68bb90dc,A,apoc031984eba,A,4,[32],[32],GTP,GTP,2.562541246414185,3.793074369430542,0.620675802230835,0.6820709705352783,0.9545931816101074,0.8027778267860413,apo_apo,False,False,True
262,MG,apo7b8e856a60,A,apob754340d0d,A,4,[1],[1],MG,MG,2.0700082778930664,4.205594062805176,0.7609346508979797,0.8004434704780579,0.9718018174171448,0.8134071230888367,apo_apo,False,False,True
263,NAI,apob2ac301348,A,apo131ef01eab,A,4,[44],[44],NAI,NAI,2.177385091781616,4.549574851989746,0.6974998712539673,0.8119999766349792,0.978204309940338,0.7379481196403503,apo_apo,False,False,True
264,SAM,apo89ae69e16b,A,apo7d270341fc,A,4,[26],[27],SAM,SAM,1.6224334239959717,4.5272369384765625,0.6026172637939453,0.8247300386428833,0.9842965006828308,0.7401707172393799,apo_apo,False,True,True
265,NAP,apodfb84bd676,A,apo9e87a48572,A,4,[48],[48],NAP,NAP,3.4763824939727783,4.545466423034668,0.672071635723114,0.8205816149711609,0.9916325807571412,0.7386548519134521,apo_apo,False,False,True
266,NDP,apocc56e816c8,A,apo362fa2b55d,A,4,[48],[48],NDP,NDP,2.31815242767334,4.517683982849121,0.7147553563117981,0.8179322481155396,0.8802404403686523,0.7166789174079895,apo_apo,False,False,True
267,SAM,apo89ae69e16b,A,apof296d86dde,A,4,[27],[27],SAM,SAM,8.071920394897461,4.237335205078125,0.6894716620445251,0.7610628604888916,0.9844999313354492,0.8379080295562744,apo_apo,False,False,False
268,NDP,apocbfde54817,A,apoa45cd51704,A,4,[48],[48],NDP,NDP,3.006115198135376,4.118369102478027,0.789757251739502,0.7396013140678406,0.9678630828857422,0.919122576713562,apo_apo,False,False,True
269,GNP,apo802414577e,A,apo10682e65ac,A,4,[32],[32],GNP,GNP,1.1410210132598877,4.506987571716309,0.6244547367095947,0.8117437958717346,0.995408535003662,0.7495819330215454,apo_apo,False,True,True
270,GNP,apob33d1dca91,A,apo4a6feb34ed,A,4,[32],[32],GNP,GNP,2.631922721862793,4.923323631286621,0.4152860641479492,0.8517194986343384,0.9996126294136048,0.6640715003013611,apo_apo,False,False,True
271,FE,apo8720488000,A,apoa97fe99429,A,4,[1],[1],FE,FE,0.2355353236198425,4.398580551147461,0.5269549489021301,0.8681800961494446,0.998392939567566,0.8219538331031799,apo_apo,True,True,True
272,SAM,apo865b191f3d,A,apof296d86dde,A,4,[27],[27],SAM,SAM,8.050851821899414,4.618594646453857,0.5436624884605408,0.8296870589256287,0.9937349557876588,0.7886303067207336,apo_apo,False,False,False
273,ADP,apoee517947cd,A,apo0b0f172b8c,A,4,[27],[27],ADP,ADP,3.5461058616638184,3.7100868225097656,0.9961454272270204,0.7068145275115967,0.9827828407287598,1.0052746534347534,apo_apo,False,False,True
274,BEF,apo01f8b0c9d5,A,apod277ffbc14,A,4,[4],[4],BEF,BEF,3.3531386852264404,4.6939473152160645,0.7710521817207336,0.8245390057563782,0.988150715827942,0.7471845149993896,apo_apo,False,False,True
275,ANP,apo2ed66decb4,A,apo5ae68c8b06,A,4,[31],[31],ANP,ANP,1.3266710042953491,4.207968711853027,0.6890186071395874,0.8193440437316895,0.9664812684059144,0.8481162190437317,apo_apo,False,True,True
276,UDP,apob2e0f8db00,A,apof9d3cdb3e6,A,4,[25],[25],UDP,UDP,2.0512595176696777,4.118410587310791,0.8757758140563965,0.8006780743598938,0.9700973629951476,0.8903104066848755,apo_apo,False,False,True
277,AKG,apoe86394f4a0,A,apo754fdde920,A,4,[10],[10],AKG,AKG,2.014594554901123,4.190060615539551,0.7383179068565369,0.8518604636192322,0.9822003841400146,0.7813885807991028,apo_apo,False,False,True
278,ATP,apo9d918a6814,A,apo140b30aef4,A,4,[31],[31],ATP,ATP,6.128421306610107,3.822950601577759,0.8660691976547241,0.7934931516647339,0.9824020266532898,0.758995532989502,apo_apo,False,False,False
279,SAM,apo7d270341fc,A,apo693998296e,A,4,[27],[26],SAM,SAM,0.9271821975708008,4.569261074066162,0.5346607565879822,0.8140730261802673,0.8971388339996338,0.7095755338668823,apo_apo,True,True,True
280,SAM,apo89ae69e16b,A,apo0c4f651c46,A,4,[27],[27],SAM,SAM,6.920989990234375,0.8391873836517334,1.7126210927963257,0.5698440670967102,0.8316422700881958,2.0565671920776367,apo_apo,False,False,False
281,SAM,apoe4100df4a7,A,apof296d86dde,A,4,[27],[17],SAM,SAM,8.041106224060059,4.212928771972656,0.6687313914299011,0.7683406472206116,0.9875504970550536,0.8120125532150269,apo_apo,False,False,False
282,ADP,apo59a84e4b85,A,apo19a4c9adc3,A,4,[27],[27],ADP,ADP,3.9202322959899902,4.185863494873047,0.8773603439331055,0.825632631778717,0.9276810884475708,0.7288933992385864,apo_apo,False,False,True
283,ATP,apoa217000f69,A,apo1f5288135c,A,4,[31],[31],ATP,ATP,6.544242858886719,2.25393009185791,1.5902281999588013,0.6504773497581482,0.814574122428894,1.302031636238098,apo_apo,False,False,False
284,ANP,apo3c9b6396a1,A,apoc5f443f46e,A,4,[31],[27],ANP,ANP,1.5767459869384766,4.616609573364258,0.5385975241661072,0.85944002866745,0.9121562242507936,0.8019018769264221,apo_apo,False,True,True
285,UDP,apo5ced6e3fa7,A,apod2359bd57e,A,4,[25],[25],UDP,UDP,2.757070779800415,4.209021091461182,0.7104852199554443,0.8045422434806824,0.9951779842376708,0.8659502863883972,apo_apo,False,False,True
286,CU,apo16ec605a9d,A,apocf2e397038,A,4,[1],[1],CU,CU,0.3206603527069092,4.426976203918457,0.6077563762664795,0.8553929328918457,0.9810909628868104,0.7119578123092651,apo_apo,True,True,True
0,FUC,apo84a68ef5a8,A,2ygq,A,0,[10],[10],FUC,FUC,7.986912250518799,2.5647494792938232,1.648175835609436,0.707057774066925,0.5430030822753906,1.4800184965133667,apo_holo,False,False,False
1,FE,6l3w,A,apoc9f78f2906,A,0,[1],[1],FE,FE,0.6236377358436584,2.051422595977783,1.4435391426086426,0.724994421005249,0.3908644616603851,0.9360498785972596,apo_holo,False,False,False
2,FE2,apoc49b4bd58c,A,4oj8,B,0,[1],[1],FE2,FE2,7.391463279724121,2.8723068237304688,1.3055614233016968,0.7375636100769043,0.7488268613815308,1.0189462900161743,apo_holo,False,False,False
3,ZN,4mvt,A,apofa0c1c8df1,A,0,[1],[1],ZN,ZN,1.9542515277862549,2.4628491401672363,1.4423861503601074,0.6694139838218689,0.9407312273979188,1.319571852684021,apo_holo,False,True,True
4,FPS,apo8bc48c83c6,A,4u82,A,0,[24],[20],FPS,FPS,5.562167644500732,2.25174880027771,1.7443090677261353,0.6560086011886597,0.7764948606491089,1.3102846145629885,apo_holo,False,False,False
5,OAA,3msu,B,apof4a6fc1f1a,A,0,[9],[9],OAA,OAA,7.050191879272461,2.478610754013061,1.705349087715149,0.6879650950431824,0.7685974836349487,1.4188036918640137,apo_holo,False,False,False
6,AR6,apo85fe52a995,A,8bau,A,0,[36],[36],AR6,AR6,4.616445064544678,2.331995010375977,1.5003631114959717,0.6959159970283508,0.9030097126960754,1.1878489255905151,apo_holo,False,False,False
7,AKG,4hg3,A,apo754fdde920,A,0,[10],[9],AKG,AKG,5.052974700927734,2.4111075401306152,1.3903825283050537,0.7213447690010071,0.7002862095832825,1.173420786857605,apo_holo,False,False,False
8,PMB,apo8a6ee92d4c,A,3oxh,A,0,[11],[11],PMB,PMB,6.776890754699707,2.297173023223877,1.502464771270752,0.6983928680419922,0.7975473403930664,1.0598913431167605,apo_holo,False,False,False
9,ATP,3vnq,A,apo11c2714ce6,A,0,[31],[31],ATP,ATP,3.9909398555755615,2.288705348968506,1.5413154363632202,0.738310694694519,0.8031625747680664,1.1890668869018557,apo_holo,False,False,True
10,PNS,2lml,A,apo36a4b7f8ef,A,0,[21],[21],PNS,PNS,6.5861334800720215,2.0032224655151367,1.4968769550323486,0.6878577470779419,0.9578065276145936,1.06092631816864,apo_holo,False,False,False
11,COA,apo577a70e23b,A,1xvt,A,0,[48],[48],COA,COA,4.544669151306152,2.525637149810791,1.6230955123901367,0.7612578272819519,0.8148652911186218,1.115788817405701,apo_holo,False,False,False
12,CO,2xvz,A,apo634102baf3,A,0,[1],[1],CO,CO,6.83748722076416,2.1778132915496826,1.4739766120910645,0.7483833432197571,0.8015461564064026,0.995875895023346,apo_holo,False,False,False
13,GTP,2v55,D,apo141a89905f,A,0,[32],[32],GTP,GTP,5.9456281661987305,2.443697929382324,1.4630725383758545,0.7511485815048218,0.58367919921875,1.0448473691940308,apo_holo,False,False,False
14,WO4,apobe40f57703,A,3cg3,A,0,[5],[5],WO4,WO4,5.26364803314209,2.5302176475524902,1.6092469692230225,0.6995013356208801,0.5810136795043945,1.0957562923431396,apo_holo,False,False,False
15,WO4,apobe40f57703,A,3cg1,A,0,[5],[5],WO4,WO4,6.048155307769775,2.620551347732544,1.6451127529144287,0.6744776368141174,0.8138392567634583,1.0968111753463743,apo_holo,False,False,False
16,PNS,4h2y,D,apo36a4b7f8ef,A,0,[21],[21],PNS,PNS,5.462900161743164,2.1808536052703857,1.1173158884048462,0.6550053358078003,0.9634363651275636,0.8744425773620605,apo_holo,False,False,False
17,OAA,2h12,B,apof4a6fc1f1a,A,0,[9],[9],OAA,OAA,2.616371154785156,2.1412346363067627,1.648356556892395,0.7152685523033142,0.8436343669891357,1.2714722156524658,apo_holo,False,False,True
18,WO4,apobe40f57703,A,3cfz,A,0,[5],[5],WO4,WO4,5.027782440185547,2.4860165119171143,1.707916259765625,0.6818942427635193,0.7385382652282715,1.104701280593872,apo_holo,False,False,False
19,FE2,apo37cf2e80a1,A,4r88,B,0,[1],[1],FE2,FE2,2.683488130569458,2.687001466751098,1.5749882459640503,0.705097496509552,0.7872442603111267,1.256971836090088,apo_holo,False,False,True
20,NDP,4b7f,A,apocbfde54817,A,0,[48],[48],NDP,NDP,7.063048362731934,2.1300528049468994,1.9475477933883667,0.5933020710945129,0.8741245269775391,1.346877098083496,apo_holo,False,False,False
21,CU1,apo5def8d15d8,A,4m1p,A,0,[1],[1],CU1,CU1,7.847710609436035,2.4159767627716064,1.6326380968093872,0.6750433444976807,0.6086573600769043,1.4149894714355469,apo_holo,False,False,False
22,AKG,4qkb,A,apoa06a38fda5,A,0,[10],[10],AKG,AKG,5.509889125823975,2.1828320026397705,1.463068604469299,0.7090445160865784,0.7108473777770996,1.1308194398880005,apo_holo,False,False,False
23,OXY,apofab7035337,A,4yu3,A,0,[2],[2],OXY,OXY,1.1404725313186646,2.8324732780456543,1.6105090379714966,0.7471288442611694,0.8221814632415771,1.0553669929504397,apo_holo,False,True,True
24,AR6,apoe68095a123,A,8bau,A,0,[36],[36],AR6,AR6,3.4862117767333984,2.527313232421875,1.4405903816223145,0.7589120268821716,0.7504002451896667,1.0276063680648804,apo_holo,False,False,True
25,FE,apo0d054537d5,A,6wb6,A,0,[1],[1],FE,FE,2.3386480808258057,2.3532040119171143,1.5527606010437012,0.7010312676429749,0.8858788013458252,0.99122416973114,apo_holo,False,False,True
26,COA,1kru,A,apo034597ae6f,A,0,[48],[48],COA,COA,6.977409362792969,2.421173095703125,1.7055270671844482,0.6448885202407837,0.8918601870536804,1.1112321615219116,apo_holo,False,False,False
27,AKG,1nx4,C,apo754fdde920,A,0,[10],[10],AKG,AKG,1.5491554737091064,4.189609527587891,0.7943373322486877,0.8664702773094177,0.9841607213020324,0.87537682056427,apo_holo,False,True,True
28,PYR,apo0305834168,A,3di1,B,0,[5],[6],PYR,PYR,5.1366705894470215,2.666190385818481,1.445045828819275,0.727652370929718,0.8443388342857361,1.1507848501205444,apo_holo,False,False,False
29,PNS,4h2w,D,apo36a4b7f8ef,A,0,[21],[21],PNS,PNS,5.750958442687988,2.361017227172852,1.5351531505584717,0.6716200113296509,0.9887022376060486,1.0377142429351809,apo_holo,False,False,False
30,CO,apo7f5816a39c,A,4q0p,A,0,[1],[1],CO,CO,7.552742004394531,2.3324108123779297,1.561724305152893,0.7468200922012329,0.446347028017044,1.225070238113403,apo_holo,False,False,False
31,CO,apoa708248ee5,A,4q0p,A,0,[1],[1],CO,CO,7.431315898895264,2.2041332721710205,1.3905812501907349,0.7116564512252808,0.9132970571517944,1.3096275329589844,apo_holo,False,False,False
32,NDP,apo362fa2b55d,A,6rjr,A,0,[48],[48],NDP,NDP,7.072248458862305,2.739089012145996,1.3817867040634155,0.693021833896637,0.9088199138641356,1.1494874954223633,apo_holo,False,False,False
33,ANP,apo5ae68c8b06,A,7x4n,E,0,[31],[31],ANP,ANP,2.0353798866271973,3.061065435409546,1.4879934787750244,0.7307251691818237,0.5340166687965393,1.1524348258972168,apo_holo,False,False,True
34,AKG,3bn1,A,apoe86394f4a0,A,0,[10],[10],AKG,AKG,2.4691412448883057,2.9670541286468506,1.495768666267395,0.7311985492706299,0.8370641469955444,1.1523445844650269,apo_holo,False,False,True
35,ZN,apo5ce07ebf0e,A,2i2r,L,0,[1],[1],ZN,ZN,7.650505542755127,2.3494322299957275,1.432331919670105,0.7521011829376221,0.9343055486679076,1.235921025276184,apo_holo,False,False,False
36,GAL,apo7061dca62c,A,7byv,A,0,[12],[12],GAL,GAL,7.216213703155518,2.18928337097168,1.3401492834091189,0.7330528497695923,0.8347630500793457,1.0870802402496338,apo_holo,False,False,False
37,WO4,apobe40f57703,A,2hcm,A,0,[5],[5],WO4,WO4,5.4308905601501465,2.619722843170166,1.6130881309509275,0.6789079308509827,0.9231215715408324,1.1804893016815186,apo_holo,False,False,False
38,SAM,apofd7fa63b48,A,3ou7,A,0,[27],[27],SAM,SAM,6.332822322845459,2.3914122581481934,1.5752378702163696,0.7277228236198425,0.924330234527588,1.268571853637695,apo_holo,False,False,False
39,ZN,apo2b03c46658,A,3bvo,A,0,[1],[1],ZN,ZN,0.75895094871521,2.20850133895874,1.515007495880127,0.7159982323646545,0.2935183346271515,1.1223673820495603,apo_holo,False,False,False
40,COA,1kru,A,apo8a016eb0da,A,0,[48],[48],COA,COA,6.946716785430908,2.4707632064819336,1.4715632200241089,0.7535570859909058,0.7466564774513245,1.152629256248474,apo_holo,False,False,False
41,MN,apo74272096bc,A,5avp,A,0,[1],[1],MN,MN,1.8102140426635744,2.1559975147247314,1.502458930015564,0.7153792977333069,0.6492137312889099,1.1984047889709473,apo_holo,False,True,True
42,RBF,apo9e85e46298,A,5kbw,B,0,[27],[27],RBF,RBF,4.191131114959717,2.7205214500427246,1.3996144533157349,0.7627155184745789,0.7743751406669617,1.061598539352417,apo_holo,False,False,False
43,SAH,3orh,A,apoa53a2dbad6,A,0,[26],[26],SAH,SAH,1.3057379722595217,4.425883293151856,0.6960688233375549,0.7902286052703857,0.9910221099853516,0.7923158407211304,apo_holo,False,True,True
44,FAD,apo5399548934,A,6gna,A,0,[53],[53],FAD,FAD,4.216127395629883,2.537419319152832,1.5450869798660278,0.6745585799217224,0.860055685043335,0.9763615131378174,apo_holo,False,False,False
45,BMA,5swi,B,apo7acc86e0e7,A,0,[12],[12],BMA,BMA,5.309211254119873,2.2508933544158936,1.5273572206497192,0.6849546432495117,0.7848916053771973,1.1586790084838867,apo_holo,False,False,False
46,MN,apoc169d5ed6a,A,5c5u,B,0,[1],[1],MN,MN,2.983783483505249,2.5052947998046875,1.526208996772766,0.7815916538238525,0.8400432467460632,0.987644374370575,apo_holo,False,False,True
47,ZN,apo0c61404c84,A,4gua,A,0,[1],[1],ZN,ZN,7.919360637664795,2.0800843238830566,1.623176097869873,0.5900797843933105,0.35672527551651,2.0778615474700928,apo_holo,False,False,False
48,AKG,1nx4,C,apoe86394f4a0,A,0,[10],[10],AKG,AKG,1.5956542491912842,4.073832511901856,0.7135846018791199,0.8524478673934937,0.9910967350006104,0.8492521643638611,apo_holo,False,True,True
49,NDP,apocc56e816c8,A,4b7f,A,0,[48],[48],NDP,NDP,5.496894836425781,2.362759590148926,1.750563383102417,0.6938766837120056,0.8673836588859558,1.3473244905471802,apo_holo,False,False,False
50,MN,apoc476e130f7,A,4chg,A,0,[1],[1],MN,MN,2.6487064361572266,2.6793291568756104,1.4860080480575562,0.7484238743782043,0.9415435194969176,1.1203268766403198,apo_holo,False,False,True
51,AYE,8bs3,A,apof8eb140bc8,A,0,[4],[4],AYE,AYE,7.746864318847656,1.4892163276672363,1.3569400310516355,0.5875614285469055,0.8652522563934326,1.522491455078125,apo_holo,False,False,False
52,CU1,apo3454353519,A,4m1p,A,0,[1],[1],CU1,CU1,5.917965412139893,2.4064955711364746,1.5306323766708374,0.7016168236732483,0.8757243156433105,0.9671661257743835,apo_holo,False,False,False
53,FE2,apo80526afb52,A,5zur,B,0,[1],[1],FE2,FE2,3.148317337036133,2.221775531768799,1.5031236410140991,0.6998066902160645,0.8709369897842407,1.0584659576416016,apo_holo,False,False,True
54,ATP,apod4392cef85,A,6tdz,C,0,[31],[31],ATP,ATP,7.3262038230896,2.183174133300781,1.573047161102295,0.7084968686103821,0.9382646083831788,1.1276253461837769,apo_holo,False,False,False
55,CO,3dwc,B,apoa7721c0af3,A,0,[1],[1],CO,CO,1.7016034126281738,2.3709399700164795,1.4123386144638062,0.7086354494094849,0.4086142182350158,1.295961618423462,apo_holo,False,False,False
56,COA,1kru,A,apofe063bf0b9,A,0,[27],[48],COA,COA,7.357248306274414,2.4733142852783203,1.4986116886138916,0.7127017378807068,0.5186272263526917,1.2825363874435425,apo_holo,False,False,False
57,NAD,4han,A,apo1a92a18e19,A,0,[44],[44],NAD,NAD,6.393601417541504,2.4920568466186523,1.5483108758926392,0.6854656338691711,0.9277781248092652,1.0618829727172852,apo_holo,False,False,False
58,FMN,apo14e959aa0c,A,6cmz,A,0,[31],[31],FMN,FMN,7.425527572631836,2.7958688735961914,1.505142331123352,0.6837003827095032,0.651450514793396,1.0723719596862793,apo_holo,False,False,False
59,SAM,3kkz,A,apo218b3ecdc8,A,0,[27],[27],SAM,SAM,1.6239410638809204,4.530807971954346,0.8038479089736938,0.8096690773963928,0.9896873235702516,0.786944568157196,apo_holo,False,True,True
60,FE2,5zur,B,apo1c765845fe,A,0,[1],[1],FE2,FE2,0.8683397173881531,2.4236645698547363,1.5955837965011597,0.7197045683860779,0.8373522758483887,1.063393473625183,apo_holo,True,True,True
61,CO,3dwc,B,apo7a12359999,A,0,[1],[1],CO,CO,1.639269232749939,2.1525728702545166,1.2981630563735962,0.7325308322906494,0.7110324501991272,0.930013120174408,apo_holo,False,True,True
62,HEM,apo85b5bbc350,A,2ibj,A,0,[43],[43],HEM,HEM,5.92025089263916,2.316959381103516,1.5475586652755735,0.7397603988647461,0.7795894742012024,1.04728364944458,apo_holo,False,False,False
63,NAD,apob53e931f19,A,4han,A,0,[44],[44],NAD,NAD,6.079042434692383,1.9471275806427,1.5305380821228027,0.6312631368637085,0.9352797269821168,1.4625775814056396,apo_holo,False,False,False
64,MN,apo3bc73680d0,A,4ilk,A,0,[1],[1],MN,MN,2.916586399078369,2.700376510620117,1.5539470911026,0.7145637273788452,0.7402762770652771,1.019070386886597,apo_holo,False,False,True
65,PYR,apoc6b5ea69aa,A,3noj,A,0,[6],[6],PYR,PYR,5.083203315734863,2.377272605895996,1.6346601247787476,0.7176766395568848,0.638354480266571,1.304041624069214,apo_holo,False,False,False
66,FE,1xvx,A,apof812dd602f,A,0,[1],[1],FE,FE,7.30220890045166,2.077601432800293,1.599283218383789,0.7107842564582825,0.762924313545227,1.1364960670471191,apo_holo,False,False,False
67,AR6,apof09f83ff21,A,8bau,A,0,[36],[36],AR6,AR6,5.760735034942627,2.5934555530548096,1.7639951705932615,0.6965959668159485,0.7308564186096191,1.243895411491394,apo_holo,False,False,False
68,ACO,4isx,A,apo707c2444cb,A,0,[48],[51],ACO,ACO,4.018472671508789,2.6466636657714844,1.4623290300369265,0.7351177930831909,0.9110947847366332,1.2359511852264404,apo_holo,False,False,False
69,CA,2bl0,C,apo78da5fe39b,A,0,[1],[1],CA,CA,8.176676750183105,2.162303924560547,1.427308201789856,0.6612241864204407,0.8959575891494751,1.174207329750061,apo_holo,False,False,False
70,AKG,4oj8,B,apo754fdde920,A,0,[10],[10],AKG,AKG,1.231329083442688,4.241393089294434,0.834988534450531,0.8619804978370667,0.9370748400688172,0.8465036153793335,apo_holo,False,True,True
71,PYR,apo0305834168,A,3noj,A,0,[6],[6],PYR,PYR,6.046742916107178,2.6033475399017334,1.4761310815811155,0.7115416526794434,0.92753267288208,1.1455957889556885,apo_holo,False,False,False
72,FE,6gq8,A,apoeb7baac587,A,0,[1],[1],FE,FE,1.1241981983184814,2.257784843444824,1.4036191701889038,0.7309188842773438,0.7733336687088013,1.073118805885315,apo_holo,False,True,True
73,SO3,1yt8,A,apo1ea8151124,A,0,[4],[4],SO3,SO3,6.089481830596924,2.4634742736816406,1.608733296394348,0.7004386186599731,0.4813199341297149,1.0608890056610107,apo_holo,False,False,False
74,AKG,apoe86394f4a0,A,4xgi,A,0,[10],[10],AKG,AKG,2.803795099258423,2.490743637084961,1.6170445680618286,0.737207293510437,0.907202124595642,1.1825937032699585,apo_holo,False,False,True
75,RBF,apo5d61b7f6bc,A,5kbw,B,0,[27],[27],RBF,RBF,6.31512975692749,2.3124701976776123,1.5612986087799072,0.714187502861023,0.9749661087989808,1.0119370222091677,apo_holo,False,False,False
76,ZN,2glz,A,apo0f3b337454,A,0,[1],[1],ZN,ZN,2.061638355255127,1.7420868873596191,1.6412503719329834,0.674961507320404,0.6331920027732849,1.5034301280975342,apo_holo,False,False,True
77,CO,3dwc,B,apo7f5816a39c,A,0,[1],[1],CO,CO,7.317840576171875,2.358344316482544,1.4431812763214111,0.6954846382141113,0.8525426983833313,1.2118664979934692,apo_holo,False,False,False
78,ZN,apo5ce07ebf0e,A,2emk,A,0,[1],[1],ZN,ZN,5.877468109130859,2.528326272964477,1.4661673307418823,0.655611515045166,0.8032683730125427,1.3633136749267578,apo_holo,False,False,False
79,FE2,3gcf,A,apo37cf2e80a1,A,0,[1],[1],FE2,FE2,3.6862192153930655,1.985644817352295,1.580906867980957,0.6740085482597351,0.8528324365615845,1.2908538579940796,apo_holo,False,False,True
80,CA,2n8y,A,apof433deac01,A,0,[1],[1],CA,CA,8.16602897644043,2.469999074935913,1.5632368326187134,0.6861522197723389,0.859074056148529,1.059216856956482,apo_holo,False,False,False
81,PYR,apoc6b5ea69aa,A,3di1,B,0,[5],[6],PYR,PYR,5.327816009521484,2.1393117904663086,1.7185454368591309,0.6865332722663879,0.6627352237701416,1.236749291419983,apo_holo,False,False,False
82,FE,apoca3573a363,A,6wb6,A,0,[1],[1],FE,FE,1.3947025537490845,1.3583252429962158,1.663360834121704,0.6195573806762695,0.520099937915802,1.0766828060150146,apo_holo,False,True,True
83,PYR,apoc6b5ea69aa,A,4plf,B,0,[6],[6],PYR,PYR,5.1568474769592285,1.985584020614624,1.677641749382019,0.6848461031913757,0.5984735488891602,0.9318200945854188,apo_holo,False,False,False
84,ZN,2en2,A,apo0f3b337454,A,0,[1],[1],ZN,ZN,1.1975600719451904,1.9711544513702397,1.38239586353302,0.6983354091644287,0.6070196032524109,0.9582353234291076,apo_holo,False,True,True
85,TTP,4xjc,A,apo07a533bd13,A,0,[29],[29],TTP,TTP,7.080657958984375,2.5765247344970703,1.2638293504714966,0.7113967537879944,0.9285233020782472,0.957749605178833,apo_holo,False,False,False
86,SAM,apofd7fa63b48,A,1i9g,A,0,[27],[27],SAM,SAM,6.969860076904297,2.5489284992218018,1.5172104835510254,0.7379248738288879,0.868065595626831,1.1730889081954956,apo_holo,False,False,False
87,PYR,apo0305834168,A,4plf,B,0,[6],[6],PYR,PYR,5.60418176651001,2.7089736461639404,1.4292137622833252,0.6943007707595825,0.4422388076782226,1.1557899713516235,apo_holo,False,False,False
88,ATP,apo4cb460f936,A,4v02,A,0,[31],[9],ATP,ATP,3.5222480297088623,2.5863497257232666,1.4715979099273682,0.7075046896934509,0.8000074625015259,1.1380271911621094,apo_holo,False,False,True
89,FE2,3vb0,A,apo37cf2e80a1,A,0,[1],[1],FE2,FE2,3.166820764541626,2.2051398754119877,1.7524573802947998,0.6755898594856262,0.7512507438659668,1.1594260931015017,apo_holo,False,False,True
90,COA,1a59,A,apo8a016eb0da,A,0,[48],[46],COA,COA,5.985747337341309,2.383743524551392,1.5017940998077393,0.7222141623497009,0.8454592227935791,1.0588706731796265,apo_holo,False,False,False
91,NI,1xm5,A,apof290017a5d,A,0,[1],[1],NI,NI,1.0013912916183472,2.499675273895264,1.455923080444336,0.7654505968093872,0.7704747915267944,1.101944088935852,apo_holo,False,True,True
92,FE2,apoea8e7659af,A,5zur,B,0,[1],[1],FE2,FE2,0.8624736070632935,1.932356357574463,1.588956594467163,0.728803277015686,0.7333887815475464,1.0512926578521729,apo_holo,True,True,True
93,ANP,apo5ae68c8b06,A,5ljw,A,0,[31],[31],ANP,ANP,3.643643617630005,2.874462842941284,1.4934344291687012,0.7253821492195129,0.7018185257911682,1.1650649309158323,apo_holo,False,False,True
94,COA,1kru,A,apo53f0c8aada,A,0,[48],[48],COA,COA,7.349762439727783,2.589878559112549,1.3923696279525757,0.7201040387153625,0.927200436592102,1.432780623435974,apo_holo,False,False,False
95,ZN,apo3003e17aa4,A,6iq1,B,0,[1],[1],ZN,ZN,6.356114387512207,2.4458324909210205,1.732255458831787,0.619488000869751,0.9740869998931884,1.199276566505432,apo_holo,False,False,False
96,CA,apo04004f1962,A,2bl0,B,0,[1],[1],CA,CA,8.151955604553223,2.4627509117126465,1.4867011308670044,0.7112603187561035,0.8496410250663757,1.049110770225525,apo_holo,False,False,False
97,MG,2p88,A,apo4abe47b9c1,A,0,[1],[1],MG,MG,7.308626651763916,1.7354695796966553,1.628990650177002,0.7107670903205872,0.9563575387001038,0.9749556183815002,apo_holo,False,False,False
98,NDP,apocc56e816c8,A,6rjr,A,0,[48],[48],NDP,NDP,5.957404136657715,2.316354513168335,1.6830555200576782,0.6867464780807495,0.6371402740478516,1.1634466648101809,apo_holo,False,False,False
99,PYR,apo0305834168,A,5lu4,A,0,[6],[6],PYR,PYR,7.938495635986328,1.8149936199188232,1.4448250532150269,0.5494566559791565,0.6345289349555969,0.9609284996986388,apo_holo,False,False,False
100,AR6,apo6dd2c61d59,A,8bau,A,0,[36],[36],AR6,AR6,5.844458103179932,2.5389068126678467,1.7291938066482544,0.7260072231292725,0.8255758285522461,1.1080522537231443,apo_holo,False,False,False
101,SAM,apofd7fa63b48,A,3dou,A,0,[27],[27],SAM,SAM,6.9781646728515625,2.5890085697174072,1.5340670347213743,0.7251192331314087,0.910275399684906,1.3907382488250732,apo_holo,False,False,False
102,SAM,apofd7fa63b48,A,3kkz,A,0,[27],[27],SAM,SAM,7.072509288787842,2.705078125,1.6277062892913818,0.7536272406578064,0.8519017696380615,1.2322231531143188,apo_holo,False,False,False
103,ATP,1b0u,A,apod4392cef85,A,0,[31],[31],ATP,ATP,7.64375638961792,2.180936336517334,1.698002815246582,0.7310196757316589,0.8971425890922546,1.0181893110275269,apo_holo,False,False,False
104,OXY,apocaef52ba11,A,4yu3,A,0,[2],[2],OXY,OXY,1.6739476919174194,2.4916887283325195,1.4299966096878052,0.7162458300590515,0.8219943642616272,1.1099215745925903,apo_holo,False,True,True
105,HEM,apo7c333aef82,A,7bwh,A,0,[43],[43],HEM,HEM,6.7118000984191895,2.33052134513855,1.4106501340866089,0.6769654750823975,0.9409605264663696,1.3838844299316406,apo_holo,False,False,False
106,SAM,apofd7fa63b48,A,5zw4,A,0,[27],[27],SAM,SAM,7.021652221679688,2.491266250610352,1.5652960538864136,0.7228107452392578,0.5291239023208618,1.2241215705871582,apo_holo,False,False,False
107,NAD,apo4e1ed20f48,A,4han,A,0,[44],[44],NAD,NAD,6.455969333648682,2.495877742767334,1.5146028995513916,0.6905598640441895,0.927748203277588,1.0496717691421509,apo_holo,False,False,False
108,ANP,3zfd,A,apo5ae68c8b06,A,0,[31],[31],ANP,ANP,2.382856130599976,3.2122318744659424,1.422185301780701,0.742472231388092,0.7292980551719666,1.1454063653945925,apo_holo,False,False,True
109,COA,apo577a70e23b,A,3nfd,E,0,[27],[48],COA,COA,4.226617813110352,2.501107931137085,1.575908064842224,0.7192656397819519,0.6874746084213257,1.3328101634979248,apo_holo,False,False,False
110,FE2,apo37cf2e80a1,A,4oj8,B,0,[1],[1],FE2,FE2,3.090296506881714,2.1768369674682617,1.6427605152130127,0.720576822757721,0.522190511226654,1.2888787984848022,apo_holo,False,False,True
111,FE2,apo3adfbe03e8,A,4oj8,B,0,[1],[1],FE2,FE2,0.519023060798645,3.1895580291748047,0.794583797454834,0.7498728036880493,0.8206053376197815,0.7270560264587402,apo_holo,True,True,True
112,FE2,4oj8,B,apo1c765845fe,A,0,[1],[1],FE2,FE2,0.2360061556100845,4.275481224060059,0.6802302002906799,0.8461195826530457,0.8282017707824707,0.8148442506790161,apo_holo,True,True,True
113,CO,4q0p,A,apo7a12359999,A,0,[1],[1],CO,CO,2.2531135082244877,2.2868125438690186,1.57124662399292,0.7181950807571411,0.7214990258216858,0.9814625978469848,apo_holo,False,False,True
114,ACO,apo4d4153c641,A,4isx,A,0,[51],[51],ACO,ACO,6.054368019104004,2.4468860626220703,1.427964448928833,0.7062979936599731,0.8790958523750305,1.1850411891937256,apo_holo,False,False,False
115,AMP,2gm3,A,apof731c02ff6,A,0,[23],[23],AMP,AMP,3.916066646575928,2.687253475189209,1.456484317779541,0.7065484523773193,0.9448868632316588,1.2380285263061523,apo_holo,False,False,True
116,AKG,apoe86394f4a0,A,4hg3,A,0,[9],[10],AKG,AKG,4.791435718536377,2.570594310760498,1.5577553510665894,0.733066201210022,0.4363937377929687,1.2240318059921265,apo_holo,False,False,False
117,COA,3fsb,A,apo5f5f6032c2,A,0,[48],[48],COA,COA,5.158867835998535,1.8556933403015137,1.7907811403274536,0.5766361355781555,0.7785830497741699,1.2980409860610962,apo_holo,False,False,False
118,ZN,2nly,A,apob3d01b685b,A,0,[1],[1],ZN,ZN,5.642958164215088,1.972830295562744,1.4975459575653076,0.6768963932991028,0.8005943298339844,1.2260055541992188,apo_holo,False,False,False
119,BMA,5a7v,A,apo7acc86e0e7,A,0,[12],[12],BMA,BMA,4.3360981941223145,2.1319408416748047,1.5325137376785278,0.7000839710235596,0.8838897943496704,1.2659741640090942,apo_holo,False,False,False
120,FE2,apoc49b4bd58c,A,5j92,B,0,[1],[1],FE2,FE2,6.910665988922119,2.976289987564087,1.498875379562378,0.7211548089981079,0.9073594808578492,1.0309799909591677,apo_holo,False,False,False
121,NI,1xm5,A,apo3c0ee48c2a,A,0,[1],[1],NI,NI,1.0294816493988037,2.6683177947998047,1.5182316303253174,0.7333375215530396,0.8362493515014648,1.1724125146865845,apo_holo,False,True,True
122,CU1,apo3d60f5c576,A,4m1p,A,0,[1],[1],CU1,CU1,6.187359809875488,2.3075764179229736,1.728458046913147,0.7344962954521179,0.6214907765388489,1.220994234085083,apo_holo,False,False,False
123,FMN,3a20,A,apo14e959aa0c,A,0,[31],[31],FMN,FMN,6.821630001068115,2.684667587280273,1.5645860433578491,0.718485414981842,0.7211632132530212,1.025853395462036,apo_holo,False,False,False
124,FE2,apo42db5ab941,A,4oj8,B,0,[1],[1],FE2,FE2,0.8343610763549805,3.391667366027832,0.7805823087692261,0.7393287420272827,0.9108096957206726,0.8300100564956665,apo_holo,True,True,True
125,NDP,4b7f,A,apoa45cd51704,A,0,[48],[48],NDP,NDP,5.231168746948242,2.549185514450073,1.4726208448410034,0.7388458847999573,0.802950382232666,1.0463217496871948,apo_holo,False,False,False
126,GTP,apo141a89905f,A,6y09,A,0,[32],[32],GTP,GTP,5.488697052001953,2.370239019393921,1.3906075954437256,0.6791861057281494,0.8046780824661255,1.2321913242340088,apo_holo,False,False,False
127,FE,apoc3d0196062,A,5ylb,A,0,[1],[1],FE,FE,1.1974135637283323,2.6732606887817383,1.4783470630645752,0.7459831237792969,0.7474371790885925,1.0375566482543943,apo_holo,False,True,True
128,GAL,4wwh,A,apo3d1f8a197b,A,0,[12],[12],GAL,GAL,5.768632411956787,2.5659213066101074,1.381657958030701,0.7331998944282532,0.8342405557632446,1.0853450298309326,apo_holo,False,False,False
129,FE,3ogh,B,apod5332d15e2,A,0,[1],[1],FE,FE,4.510568141937256,2.0736570358276367,1.4963579177856443,0.6432032585144043,0.8424575924873352,1.184165358543396,apo_holo,False,False,False
130,TPP,apof887ac382f,A,4tkr,B,0,[26],[26],TPP,TPP,4.04999589920044,2.442296028137207,1.4898852109909058,0.7282575964927673,0.8544057011604309,1.1543142795562744,apo_holo,False,False,False
131,CA,apoa09988b249,A,3i57,A,0,[1],[1],CA,CA,7.634868144989014,2.2932047843933105,1.5936237573623655,0.6899421811103821,0.9154269099235536,1.3730589151382446,apo_holo,False,False,False
132,ACO,4isx,A,apo63599a476b,A,0,[51],[51],ACO,ACO,5.9297404289245605,2.5963246822357178,1.829578161239624,0.6764404773712158,0.9392904043197632,1.358879566192627,apo_holo,False,False,False
133,FE2,apoc49b4bd58c,A,3vb0,A,0,[1],[1],FE2,FE2,7.084917545318604,2.5915324687957764,1.5262765884399414,0.7354733347892761,0.8456749320030212,1.0216081142425537,apo_holo,False,False,False
134,FE,1ahj,A,apod5ee9bbf48,A,0,[1],[1],FE,FE,1.950809121131897,2.4021639823913574,1.7772318124771118,0.7210823893547058,0.4057673513889313,1.1792796850204468,apo_holo,False,False,False
135,AKG,apo754fdde920,A,4xgi,A,0,[10],[10],AKG,AKG,2.9913878440856934,2.490638017654419,1.5917190313339231,0.7186962366104126,0.8951641321182251,1.0469681024551392,apo_holo,False,False,True
136,CO,3dwc,B,apoa708248ee5,A,0,[1],[1],CO,CO,7.492364883422852,2.2192413806915283,1.5560543537139893,0.7151700258255005,0.7292076945304871,1.1191705465316772,apo_holo,False,False,False
137,FMN,3a20,A,apo07b15fae34,A,0,[31],[31],FMN,FMN,9.39252471923828,2.1872377395629883,1.4092075824737549,0.6985346078872681,0.5695786476135254,1.366737961769104,apo_holo,False,False,False
138,FE,1b06,A,apo0d054537d5,A,0,[1],[1],FE,FE,1.820414423942566,2.6401193141937256,1.2212525606155396,0.7496325969696045,0.8713666200637817,0.9488410949707032,apo_holo,False,True,True
139,ATP,5k3j,A,apoea7fb5a6df,A,0,[31],[31],ATP,ATP,6.295548915863037,2.3217313289642334,1.5419821739196775,0.7048953771591187,0.8845978379249573,1.0235286951065063,apo_holo,False,False,False
140,FE,1xvx,A,apod5ee9bbf48,A,0,[1],[1],FE,FE,1.5675225257873535,2.642342329025269,1.3457735776901243,0.7125683426856995,0.8842222094535828,0.9528648257255554,apo_holo,False,True,True
141,MN,apof4dfee2fcd,A,5c5u,B,0,[1],[1],MN,MN,3.061887264251709,2.1961488723754883,1.5775495767593384,0.71517014503479,0.7918847799301147,1.1331603527069092,apo_holo,False,False,True
142,FAD,1zdl,A,apo5399548934,A,0,[53],[53],FAD,FAD,4.148392200469971,2.8299965858459477,1.5805003643035889,0.7017008662223816,0.5664258599281311,1.1052439212799072,apo_holo,False,False,False
143,FE,3o32,A,apod3ecc70b32,A,0,[1],[1],FE,FE,1.3259450197219849,2.5081419944763184,1.8328745365142824,0.7270073294639587,0.791695773601532,1.060439109802246,apo_holo,False,True,True
144,SAH,2efj,A,apoa53a2dbad6,A,0,[26],[26],SAH,SAH,1.3755534887313845,4.26688289642334,0.6736529469490051,0.7724679708480835,0.984618067741394,0.7122722864151001,apo_holo,False,True,True
145,FE2,apo37cf2e80a1,A,5j92,B,0,[1],[1],FE2,FE2,3.4698195457458496,2.413666009902954,1.4371881484985352,0.7383385300636292,0.8541988134384155,1.1622519493103027,apo_holo,False,False,True
146,CA,apoa09988b249,A,6sau,B,0,[1],[1],CA,CA,7.265353679656982,2.3304214477539062,1.3361769914627075,0.6878219842910767,0.903829038143158,0.915618360042572,apo_holo,False,False,False
147,HEM,1gks,A,apo6b214a8989,A,0,[43],[43],HEM,HEM,6.187070846557617,2.565193653106689,1.917616367340088,0.6940097212791443,0.6807765364646912,1.145147442817688,apo_holo,False,False,False
148,FE,apof30a35524c,A,4f9j,A,0,[1],[1],FE,FE,1.4664205312728882,2.4785525798797607,1.5859583616256714,0.7233806848526001,0.7637202739715576,0.9180999398231506,apo_holo,False,True,True
149,CO,3hdi,A,apo634102baf3,A,0,[1],[1],CO,CO,5.960359573364258,2.1491990089416504,1.585695505142212,0.6544265151023865,0.6992976069450378,1.4874217510223389,apo_holo,False,False,False
150,COA,apo034597ae6f,A,3fsb,A,0,[48],[48],COA,COA,6.873106002807617,2.4256527423858643,1.5304019451141355,0.659320056438446,0.9057666063308716,1.1755143404006958,apo_holo,False,False,False
151,CA,4yzo,C,apo94db66462d,A,0,[1],[1],CA,CA,7.910136699676514,2.3753442764282227,1.3836568593978882,0.7009589672088623,0.8744987845420837,1.1354520320892334,apo_holo,False,False,False
152,ZN,2emx,A,apob3d01b685b,A,0,[1],[1],ZN,ZN,1.3044832944869995,2.091419219970703,1.464642882347107,0.6546663045883179,0.7173600196838379,0.7643406987190247,apo_holo,False,True,True
153,FE2,apo42db5ab941,A,3vb0,A,0,[1],[1],FE2,FE2,0.483957827091217,2.698256015777588,1.4085909128189087,0.6912814378738403,0.798819899559021,1.1041967868804932,apo_holo,True,True,True
154,GTP,3ldu,A,apo141a89905f,A,0,[32],[32],GTP,GTP,5.226677894592285,2.485917091369629,1.5511325597763062,0.6722033023834229,0.856948733329773,1.3313952684402466,apo_holo,False,False,False
155,COA,apofe063bf0b9,A,6es9,A,0,[27],[27],COA,COA,8.101996421813965,2.673637866973877,1.4364681243896484,0.7126262187957764,0.8669629096984863,1.0785900354385376,apo_holo,False,False,False
156,FE,2hvb,B,apo1289eb47dc,A,0,[1],[1],FE,FE,1.1372106075286863,2.2931854724884038,1.7080148458480835,0.6900820732116699,0.828239381313324,1.2136741876602173,apo_holo,False,True,True
157,HEM,apo7c333aef82,A,2i89,A,0,[43],[43],HEM,HEM,6.734941005706787,2.573451042175293,1.611927151679993,0.7259383201599121,0.912315309047699,1.196595311164856,apo_holo,False,False,False
158,MG,apo26d0058c1c,A,6efg,D,0,[1],[1],MG,MG,7.119307994842529,2.150868654251098,1.40800940990448,0.7103515267372131,0.928380012512207,0.9446638226509094,apo_holo,False,False,False
159,AKG,3bn1,A,apo754fdde920,A,0,[10],[10],AKG,AKG,2.4321601390838623,2.7626171112060547,1.431265354156494,0.7223932147026062,0.8848975896835327,1.1684865951538086,apo_holo,False,False,True
160,ATP,3zs7,A,apo4376cacdc1,A,0,[31],[31],ATP,ATP,5.124614238739014,2.332748413085937,1.5800325870513916,0.6747950911521912,0.7724495530128479,1.12605619430542,apo_holo,False,False,False
161,AKG,apoe86394f4a0,A,4oj8,B,0,[10],[10],AKG,AKG,1.9414312839508057,4.135032653808594,0.6989158987998962,0.8489893674850464,0.9767693281173706,0.8371955156326294,apo_holo,False,True,True
162,ADP,1q9s,A,apo0bdd215b0a,A,0,[27],[27],ADP,ADP,6.18321418762207,2.3491194248199463,1.665923833847046,0.7263523936271667,0.7829460501670837,1.1725643873214722,apo_holo,False,False,False
163,PYR,apoc6b5ea69aa,A,5lu4,A,0,[6],[6],PYR,PYR,8.399693489074707,1.7961645126342771,1.637460231781006,0.695228099822998,0.7047014236450195,1.0815825462341309,apo_holo,False,False,False
164,HEM,1aw3,A,apoc403b8778c,A,0,[43],[43],HEM,HEM,7.134807586669922,2.335536479949951,1.3792260885238647,0.703682541847229,0.962647557258606,1.3285024166107178,apo_holo,False,False,False
165,COA,1kru,A,apofdd79e76b6,A,0,[48],[48],COA,COA,6.855074405670166,2.1902029514312744,1.631251573562622,0.6616926789283752,0.8743511438369751,1.1445574760437012,apo_holo,False,False,False
166,COA,apo577a70e23b,A,5xuk,A,0,[40],[48],COA,COA,5.569540500640869,2.6123125553131104,1.761805534362793,0.722885251045227,0.9174854159355164,1.3258421421051023,apo_holo,False,False,False
167,COA,1a59,A,apofe063bf0b9,A,0,[27],[46],COA,COA,4.536179065704346,2.134280204772949,1.5347474813461304,0.7296651005744934,0.635716438293457,1.1832318305969238,apo_holo,False,False,False
168,NDP,4e37,B,apoa45cd51704,A,0,[48],[48],NDP,NDP,4.360623836517334,2.1490626335144043,1.6065528392791748,0.7061399817466736,0.7057592868804932,1.0930469036102295,apo_holo,False,False,False
169,CO,1v29,A,apo634102baf3,A,0,[1],[1],CO,CO,5.421084880828857,2.338750123977661,1.65823495388031,0.6698786616325378,0.894422173500061,1.2370089292526243,apo_holo,False,False,False
170,ACO,apo52a5d4138d,A,4isx,A,0,[51],[51],ACO,ACO,6.8840508460998535,2.993224620819092,1.4236892461776731,0.743084728717804,0.913853108882904,1.0365861654281616,apo_holo,False,False,False
171,FE,apo6361ca5c40,A,3gvy,C,0,[1],[1],FE,FE,1.1385204792022705,2.4708712100982666,1.474201798439026,0.6925532221794128,0.8094170689582825,0.962891161441803,apo_holo,False,True,True
172,MN,2x7j,A,apo62e3e4bb3a,A,0,[1],[1],MN,MN,1.7185330390930176,2.556204080581665,1.4800307750701904,0.7592242360115051,0.635487973690033,1.0391584634780884,apo_holo,False,True,True
173,MN,1za0,A,apoc169d5ed6a,A,0,[1],[1],MN,MN,1.5037513971328735,2.4308674335479736,1.5995506048202517,0.763110339641571,0.7704079747200012,0.9609635472297668,apo_holo,False,True,True
174,NDP,apocc56e816c8,A,6rjn,A,0,[48],[48],NDP,NDP,7.215235233306885,2.461187601089477,1.8395962715148928,0.6940745711326599,0.8754984736442566,1.118457555770874,apo_holo,False,False,False
175,NDP,apo362fa2b55d,A,4e37,B,0,[48],[48],NDP,NDP,6.545246601104736,2.3534224033355717,1.3727978467941284,0.6871497631072998,0.7979518175125122,1.2241647243499756,apo_holo,False,False,False
176,HEM,1awp,A,apoc403b8778c,A,0,[43],[43],HEM,HEM,7.168181896209717,2.0020971298217773,1.465848445892334,0.7114647626876831,0.9508619904518129,1.3451919555664062,apo_holo,False,False,False
177,CA,apoae10171db2,A,7xrx,A,0,[1],[1],CA,CA,7.223426818847656,2.007648706436157,1.6556658744812012,0.700941264629364,0.9394112229347228,1.1142804622650146,apo_holo,False,False,False
178,COA,3flv,A,apo8a016eb0da,A,0,[48],[31],COA,COA,5.309898376464844,2.1847481727600098,1.5762324333190918,0.727810263633728,0.86910080909729,1.1847270727157593,apo_holo,False,False,False
179,MN,apoe56eec81b4,A,3dx5,A,0,[1],[1],MN,MN,1.9662925004959104,2.789758682250977,1.3997846841812134,0.7581236958503723,0.8912789821624756,0.9320584535598756,apo_holo,False,True,True
180,NDP,apoa45cd51704,A,6rjn,A,0,[48],[48],NDP,NDP,5.848141193389893,2.412704467773437,1.3022680282592771,0.6985339522361755,0.9103310108184814,1.3711490631103516,apo_holo,False,False,False
181,FE,1xvx,A,apo0d054537d5,A,0,[1],[1],FE,FE,1.5973256826400757,2.4623255729675293,1.3232336044311523,0.7006983160972595,0.8726621866226196,0.911849081516266,apo_holo,False,True,True
182,NDP,apo362fa2b55d,A,6rjn,A,0,[48],[48],NDP,NDP,6.681938648223877,2.2570080757141118,1.559455156326294,0.6571061015129089,0.8056123852729797,1.5353864431381226,apo_holo,False,False,False
183,COA,3flv,A,apofe063bf0b9,A,0,[27],[31],COA,COA,5.494794845581055,2.1706128120422363,1.6912065744400024,0.7295389771461487,0.8476867079734802,1.1669541597366333,apo_holo,False,False,False
184,CO,3dwc,B,apo826f3f2afa,A,0,[1],[1],CO,CO,1.5474783182144165,2.3667328357696533,1.487508773803711,0.7348013520240784,0.8999586701393127,1.0783871412277222,apo_holo,False,True,True
185,COA,1kru,A,apo8a016eb0da,A,0,[48],[48],COA,COA,6.946716785430908,2.4707629680633545,1.4715628623962402,0.7535569071769714,0.7466569542884827,1.152629852294922,apo_holo,False,False,False
186,ROP,apo6749bc7a67,A,4wgf,A,1,[5],[5],ROP,ROP,3.732659101486206,2.978090047836304,1.5253658294677734,0.7758017182350159,0.6919500231742859,1.1287742853164673,apo_holo,False,False,True
187,5GP,3n1s,J,apofaf8b26195,A,1,[24],[24],5GP,5GP,3.063947916030884,2.911285877227783,1.637546181678772,0.7699122428894043,0.7137975692749023,1.2037757635116575,apo_holo,False,False,True
188,CU,5nns,A,apo561904df3e,A,1,[1],[1],CU,CU,0.7267017364501953,2.338956356048584,1.458358645439148,0.7002832889556885,0.8240088820457458,1.0298656225204468,apo_holo,True,True,True
189,AMP,2ak3,A,apob5350c771e,A,1,[23],[23],AMP,AMP,5.952041149139404,2.2978854179382324,1.4495389461517334,0.7009317874908447,0.6510503888130188,1.0552912950515747,apo_holo,False,False,False
190,ACO,apo707c2444cb,A,5hgz,A,1,[51],[48],ACO,ACO,3.6207008361816406,3.251814126968384,1.341594099998474,0.7289455533027649,0.9178621768951416,1.0875333547592163,apo_holo,False,False,True
191,ADP,6k8z,B,apofe46173242,A,1,[27],[27],ADP,ADP,2.4686834812164307,2.8380746841430664,1.4038031101226809,0.7338353991508484,0.8732773661613464,1.0853124856948853,apo_holo,False,False,True
192,ADP,4gt8,A,apo19a4c9adc3,A,1,[27],[27],ADP,ADP,3.647281169891357,3.117570638656616,1.359744668006897,0.7380656599998474,0.5168297290802002,0.9542907476425172,apo_holo,False,False,True
193,GDP,apob52d99e27a,A,4hi0,E,1,[28],[28],GDP,GDP,2.8862338066101074,3.1970221996307373,1.4409438371658323,0.709693193435669,0.6143221259117126,0.988989233970642,apo_holo,False,False,True
194,UDP,4d11,C,apod2359bd57e,A,1,[25],[25],UDP,UDP,3.0604071617126465,3.3474936485290527,1.3446794748306274,0.7348492741584778,0.915325164794922,1.2302298545837402,apo_holo,False,False,True
195,NAD,5dt9,A,apo1a92a18e19,A,1,[44],[44],NAD,NAD,0.9536973237991332,4.719391345977783,0.6666024327278137,0.8389558792114258,0.9813480377197266,0.6880301237106323,apo_holo,True,True,True
196,ACP,apob3738e2c2c,A,6pnx,B,1,[31],[31],ACP,ACP,3.2102644443511963,3.0866856575012207,1.3627796173095703,0.7319365739822388,0.776114284992218,1.266827940940857,apo_holo,False,False,True
197,HEM,2nrl,A,apo9dae1e84f2,A,1,[43],[43],HEM,HEM,6.127611637115479,2.7784619331359863,1.456909418106079,0.7323489785194397,0.7521450519561768,1.2617273330688477,apo_holo,False,False,False
198,COA,1f7l,A,apo53f0c8aada,A,1,[48],[48],COA,COA,7.835953235626221,2.6533234119415283,1.5919493436813354,0.7214003205299377,0.8485665321350098,1.233782172203064,apo_holo,False,False,False
199,COA,1yli,B,apo8a016eb0da,A,1,[48],[48],COA,COA,3.298621654510498,2.901688814163208,1.311126708984375,0.7275466918945312,0.8646617531776428,1.1563204526901243,apo_holo,False,False,True
200,ACO,apo4a65dbb781,A,4ava,A,1,[51],[51],ACO,ACO,3.967329978942871,2.740968704223633,1.432495355606079,0.7100253105163574,0.8793318271636963,1.1209479570388794,apo_holo,False,False,True
201,UD1,2oi6,B,apo0b2a70f297,A,1,[39],[39],UD1,UD1,5.967738151550293,2.8413472175598145,1.3967328071594238,0.6801683902740479,0.544455885887146,0.9741717576980592,apo_holo,False,False,False
202,ACO,apo707c2444cb,A,7ovu,A,1,[51],[48],ACO,ACO,3.741564989089966,3.330446243286133,1.3092889785766602,0.731781542301178,0.8983457684516907,1.179213047027588,apo_holo,False,False,True
203,MG,apoe4ece57f47,A,8cqx,A,1,[1],[1],MG,MG,5.046954154968262,2.535898208618164,1.4737892150878906,0.7364164590835571,0.8763982653617859,1.2434234619140625,apo_holo,False,False,False
204,GDP,apo11d986f878,A,7m6j,A,1,[28],[28],GDP,GDP,4.195936679840088,2.426438808441162,1.5747119188308716,0.7469382882118225,0.7526069283485413,1.1039979457855225,apo_holo,False,False,False
205,GDD,2zu8,A,apo8bb1929ceb,A,1,[39],[39],GDD,GDD,3.58469295501709,3.3042452335357666,1.2970688343048096,0.7400646209716797,0.7235159277915955,1.0462112426757812,apo_holo,False,False,True
206,ZN,apoad8bb950b4,A,4n0g,A,1,[1],[1],ZN,ZN,6.197783470153809,2.1612682342529297,1.499340534210205,0.69053715467453,0.6548686027526855,1.1044495105743408,apo_holo,False,False,False
207,AMP,3ber,A,apo9bfef3aac4,A,1,[22],[23],AMP,AMP,7.710960865020752,2.310332536697388,1.508175015449524,0.7153078317642212,0.602782130241394,1.0315320491790771,apo_holo,False,False,False
208,ADP,apobbc2cab405,A,4bql,A,1,[27],[27],ADP,ADP,2.3434855937957764,3.0217747688293457,1.3957273960113523,0.7010841369628906,0.7747442126274109,1.2180814743041992,apo_holo,False,False,True
209,NDP,apo362fa2b55d,A,4b7f,A,1,[48],[48],NDP,NDP,6.16733980178833,2.620501756668091,1.5070582628250122,0.7134124040603638,0.7817805409431458,1.1390844583511353,apo_holo,False,False,False
210,FE2,3vb0,A,apo80526afb52,A,1,[1],[1],FE2,FE2,1.7716195583343506,2.503467082977295,1.6240899562835691,0.7016341090202332,0.7951241731643677,1.0923293828964231,apo_holo,False,True,True
211,ZN,2emk,A,apoe7f1f93dd6,A,1,[1],[1],ZN,ZN,2.1391537189483643,2.743473529815674,0.9885523319244384,0.716408371925354,0.7921823859214783,0.7479856610298157,apo_holo,False,False,True
212,ACO,apo707c2444cb,A,6v3t,A,1,[51],[48],ACO,ACO,3.206563234329224,3.131047248840332,1.3862648010253906,0.7238169312477112,0.8452761173248291,1.1266587972640991,apo_holo,False,False,True
213,ANP,1jpa,A,apo470c3179a7,A,1,[31],[10],ANP,ANP,2.801062822341919,3.18966007232666,1.286774754524231,0.7362184524536133,0.9323623180389404,1.3239338397979736,apo_holo,False,False,True
214,UDP,apo5ced6e3fa7,A,4d11,C,1,[25],[25],UDP,UDP,2.636868953704834,3.3532538414001465,1.4100110530853271,0.7519403696060181,0.9116874933242798,1.098253846168518,apo_holo,False,False,True
215,UDP,apob2e0f8db00,A,3hbn,A,1,[25],[25],UDP,UDP,2.2162129878997803,3.137268543243408,1.5259974002838137,0.7294267416000366,0.8477871417999268,1.146591067314148,apo_holo,False,False,True
216,CO,3hdi,A,apoa7721c0af3,A,1,[1],[1],CO,CO,6.566209316253662,1.741596221923828,1.6503517627716064,0.6465886235237122,0.8128256797790527,1.8571537733078003,apo_holo,False,False,False
217,ATP,2j9l,C,apo140b30aef4,A,1,[31],[31],ATP,ATP,5.965548038482666,2.709601402282715,1.4432610273361206,0.7171331644058228,0.7765306234359741,1.1274851560592651,apo_holo,False,False,False
218,HEM,apo85b5bbc350,A,4i8v,A,1,[43],[43],HEM,HEM,6.181163311004639,2.343869924545288,1.4804494380950928,0.7126342058181763,0.6311334371566772,1.0425630807876587,apo_holo,False,False,False
219,PO3,apoffabde935b,A,4buc,A,1,[4],[4],PO3,PO3,7.425140380859375,2.0736865997314453,1.53254234790802,0.7321966290473938,0.7710649967193604,0.954031467437744,apo_holo,False,False,False
220,UPG,apo0ad2e3670d,A,7va8,A,1,[36],[36],UPG,UPG,2.956535816192627,3.26454496383667,1.4245002269744873,0.7288450598716736,0.891533613204956,1.1369484663009644,apo_holo,False,False,True
221,UPG,apo0ad2e3670d,A,3vtf,A,1,[36],[36],UPG,UPG,6.403128147125244,2.71909236907959,1.810616135597229,0.6447833776473999,0.9790710210800172,1.570665955543518,apo_holo,False,False,False
222,ADP,4gt8,A,apofb23f4d7f3,A,1,[27],[27],ADP,ADP,8.901651382446289,2.4071621894836426,1.640963077545166,0.6891574263572693,0.9277647733688354,1.2799110412597656,apo_holo,False,False,False
223,ZN,apoca6698fd95,A,5wvu,A,1,[1],[1],ZN,ZN,1.4319101572036743,1.6764633655548096,1.490799069404602,0.715898871421814,0.2685937285423279,1.150193452835083,apo_holo,False,False,False
224,CO,3hdi,A,apo826f3f2afa,A,1,[1],[1],CO,CO,3.15821385383606,1.9500725269317627,1.6832215785980225,0.6442418694496155,0.9733780026435852,1.553343653678894,apo_holo,False,False,True
225,COA,5xuk,A,apo5f5f6032c2,A,1,[48],[40],COA,COA,5.946130275726318,2.385149955749512,1.6667430400848389,0.6250255107879639,0.892441987991333,1.5328534841537476,apo_holo,False,False,False
226,CTP,1coz,A,apo1182c7949c,A,1,[29],[29],CTP,CTP,1.7925907373428345,3.17616605758667,1.4638640880584717,0.707382321357727,0.695764422416687,1.0157850980758667,apo_holo,False,True,True
227,GDP,apo74272096bc,A,7m6j,A,1,[28],[28],GDP,GDP,3.072788715362549,2.8709805011749268,1.647867202758789,0.7199612259864807,0.7875895500183105,0.9708624482154846,apo_holo,False,False,True
228,ADE,apo67359c8433,A,3rys,A,1,[10],[10],ADE,ADE,2.3929402828216557,2.773031949996948,1.5363805294036863,0.7454299926757812,0.6857738494873047,1.0915507078170776,apo_holo,False,False,True
229,ANP,2db3,A,apoc5f443f46e,A,1,[31],[31],ANP,ANP,2.707228183746338,3.049130439758301,1.4016128778457642,0.7248752117156982,0.7824082970619202,1.1477315425872805,apo_holo,False,False,True
230,AKG,1ea0,A,apo754fdde920,A,1,[10],[10],AKG,AKG,5.734049320220947,2.704563617706299,1.1989333629608154,0.6561962962150574,0.971746861934662,1.0106052160263062,apo_holo,False,False,False
231,FE2,apo3adfbe03e8,A,3gcf,A,1,[1],[1],FE2,FE2,0.3977791965007782,2.301490545272827,1.4001379013061523,0.7017960548400879,0.7376930117607117,1.110032081604004,apo_holo,True,True,True
232,PLP,1hkv,A,apoeb69e6eac7,A,1,[15],[15],PLP,PLP,2.3904526233673096,3.4103965759277344,1.3679744005203247,0.7298270463943481,0.8790253400802612,0.9865607619285583,apo_holo,False,False,True
233,ATP,6tdz,C,apoeb7baac587,A,1,[31],[31],ATP,ATP,2.3270373344421387,2.9418110847473145,1.3561198711395264,0.7136483788490295,0.8361419439315796,1.0611118078231812,apo_holo,False,False,True
234,UPG,apo913fcafedf,A,7va8,A,1,[36],[36],UPG,UPG,3.876312017440796,3.219659805297852,1.3938528299331665,0.7324599027633667,0.8831592798233032,1.1394155025482178,apo_holo,False,False,True
235,ADE,apo0dc9dba73c,A,3rys,A,1,[10],[10],ADE,ADE,6.422390937805176,2.241707324981689,1.5273183584213257,0.7292565703392029,0.8934934735298157,1.0196254253387451,apo_holo,False,False,False
236,ADP,apoee517947cd,A,4p7a,A,1,[27],[27],ADP,ADP,2.887455463409424,2.869945764541626,1.319131851196289,0.6535312533378601,0.875178873538971,1.226220965385437,apo_holo,False,False,True
237,GAL,apo7061dca62c,A,3urm,A,1,[12],[12],GAL,GAL,5.7495646476745605,2.368196964263916,1.4810909032821655,0.7297565340995789,0.675601065158844,1.1808639764785769,apo_holo,False,False,False
238,AMP,apob5350c771e,A,4k46,A,1,[23],[23],AMP,AMP,5.877250671386719,2.4739532470703125,1.6393383741378784,0.7430222034454346,0.8448246717453003,0.986957848072052,apo_holo,False,False,False
239,COA,1yli,B,apofe063bf0b9,A,1,[27],[48],COA,COA,4.598999977111816,2.9334418773651123,1.4816884994506836,0.7398782968521118,0.5777729749679565,1.1292117834091189,apo_holo,False,False,False
240,ADP,4p7a,A,apof8f4d8fb70,A,1,[27],[27],ADP,ADP,3.004608154296875,2.881121158599853,1.354664325714111,0.7560739517211914,0.6162550449371338,1.024856686592102,apo_holo,False,False,True
241,GTP,apofe57346899,A,6y09,A,1,[32],[32],GTP,GTP,5.627366542816162,2.6948437690734863,1.417134165763855,0.7261570692062378,0.8246268033981323,1.2133255004882812,apo_holo,False,False,False
242,CO,1v29,A,apo7f5816a39c,A,1,[1],[1],CO,CO,7.519500732421875,2.264122724533081,1.5498095750808716,0.7152822017669678,0.7450589537620544,1.2188221216201782,apo_holo,False,False,False
243,MGP,3gdh,A,apod9f72bfb05,A,1,[33],[33],MGP,MGP,4.972326755523682,2.667358160018921,1.4856019020080566,0.7017154097557068,0.7913861870765686,1.1294516324996948,apo_holo,False,False,False
244,ACP,4ueu,A,apob3738e2c2c,A,1,[31],[31],ACP,ACP,3.110671281814575,3.1284520626068115,1.4128942489624023,0.7450864315032959,0.7125400900840759,1.1853561401367188,apo_holo,False,False,True
245,FMN,6b8s,B,apo07b15fae34,A,1,[31],[31],FMN,FMN,9.401182174682615,3.0093913078308105,1.6396702527999878,0.6986418962478638,0.856829047203064,1.174078106880188,apo_holo,False,False,False
246,ADP,4bql,A,apoab11a022fa,A,1,[27],[27],ADP,ADP,5.350293159484863,2.8763294219970703,1.3539882898330688,0.7090913653373718,0.7364094257354736,1.3202329874038696,apo_holo,False,False,False
247,SO3,apo1ea8151124,A,2vq2,A,1,[4],[4],SO3,SO3,7.374905109405518,2.722018003463745,1.5645074844360352,0.7343541979789734,0.6341682076454163,1.209431529045105,apo_holo,False,False,False
248,ZN,2em4,A,apo6c6445cc60,A,1,[1],[1],ZN,ZN,3.5063438415527344,2.0966200828552246,1.8018001317977903,0.7065287232398987,0.401168942451477,0.9375138878822328,apo_holo,False,False,False
249,HEM,2ve3,A,apoc403b8778c,A,1,[43],[43],HEM,HEM,7.810749530792236,2.175527572631836,1.6265597343444824,0.6656543016433716,0.7669157981872559,1.491237998008728,apo_holo,False,False,False
250,FES,apoe30fe6eec6,A,6vsh,C,1,[4],[4],FES,FES,2.463576555252075,2.038520336151123,1.8237484693527224,0.6214113831520081,0.9789385199546814,0.946373164653778,apo_holo,False,False,True
251,HEM,apo7c333aef82,A,4h8q,A,1,[43],[43],HEM,HEM,6.525201797485352,2.010983467102051,1.6088838577270508,0.7411963939666748,0.7182742953300476,1.0770033597946167,apo_holo,False,False,False
252,GTP,apo9fb2d1f03d,A,6y09,A,1,[32],[32],GTP,GTP,5.887300968170166,2.5761685371398926,1.4553223848342896,0.6939531564712524,0.8480377197265625,1.2982617616653442,apo_holo,False,False,False
253,FE2,apo80526afb52,A,4oj8,B,1,[1],[1],FE2,FE2,1.730538010597229,2.439943790435791,1.6624048948287964,0.7511360049247742,0.7650213837623596,1.1321861743927002,apo_holo,False,True,True
254,AMP,1kht,B,apofff8bca9bc,A,1,[22],[23],AMP,AMP,3.359797716140747,2.532244205474853,1.4705352783203125,0.7305382490158081,0.7334217429161072,0.9932658076286316,apo_holo,False,False,True
255,IMP,4af0,A,apo3792abad1e,A,1,[23],[23],IMP,IMP,4.24104118347168,2.812032699584961,1.4758570194244385,0.7304340600967407,0.4052688777446747,1.2087807655334473,apo_holo,False,False,False
256,FE2,apoea8e7659af,A,3vb0,A,1,[1],[1],FE2,FE2,0.7731432318687439,2.42313003540039,1.5016785860061646,0.7337267398834229,0.665137529373169,0.8836507797241211,apo_holo,True,True,True
257,NAD,1nfb,A,apob53e931f19,A,1,[44],[44],NAD,NAD,6.62839937210083,2.910006284713745,1.5021942853927612,0.7378515005111694,0.7071924209594727,1.141124606132507,apo_holo,False,False,False
258,UPG,3vtf,A,apo913fcafedf,A,1,[36],[36],UPG,UPG,6.050150394439697,2.9194743633270264,1.5952948331832886,0.6784339547157288,0.802199125289917,1.3826714754104614,apo_holo,False,False,False
259,ZN,apo5712a2ba9a,A,2em2,A,1,[1],[1],ZN,ZN,1.0194529294967651,3.3180665969848637,0.9345232248306274,0.7063397765159607,0.8752944469451904,0.8198153376579285,apo_holo,False,True,True
260,BGC,apod830862360,A,5do8,B,1,[12],[12],BGC,BGC,5.332789421081543,2.668320655822754,1.582715630531311,0.7068324089050293,0.5469722747802734,0.9628023505210876,apo_holo,False,False,False
261,NAD,1nfb,A,apoc5944f2aa6,A,1,[44],[44],NAD,NAD,6.636538505554199,2.9100136756896973,1.502063512802124,0.7379369735717773,0.7074387073516846,1.1410975456237793,apo_holo,False,False,False
262,HEM,2nrl,A,apoc403b8778c,A,1,[43],[43],HEM,HEM,6.77304744720459,2.183499336242676,1.4558919668197632,0.7039679288864136,0.9870176315307616,1.202355146408081,apo_holo,False,False,False
263,PLP,1i2k,A,apo744b815250,A,1,[15],[15],PLP,PLP,1.1448233127593994,3.4072537422180176,1.3285809755325315,0.7233623266220093,0.8341729640960693,1.1668885946273804,apo_holo,False,True,True
264,ANP,apo30e14ad9b2,A,7x4n,E,1,[31],[31],ANP,ANP,2.8304152488708496,3.06282114982605,1.5193054676055908,0.7249695658683777,0.8856948614120483,1.1588242053985596,apo_holo,False,False,True
265,FE,apod3ecc70b32,A,6wb6,A,1,[1],[1],FE,FE,3.623445272445679,2.5661606788635254,1.4892876148223877,0.7201964259147644,0.7511284947395325,1.068236231803894,apo_holo,False,False,True
266,AMP,2dcl,A,apo31667e1c97,A,1,[23],[23],AMP,AMP,7.002316474914551,2.8669326305389404,1.609333038330078,0.7418951392173767,0.7420175671577454,1.1320850849151611,apo_holo,False,False,False
267,UDP,apof9d3cdb3e6,A,7bv3,B,1,[25],[25],UDP,UDP,3.0834672451019287,3.429519891738892,1.3667702674865725,0.7467737793922424,0.8076727390289307,1.2096539735794067,apo_holo,False,False,True
268,CA,apocfb896e73d,A,3vm7,A,1,[1],[1],CA,CA,5.928008079528809,2.289433002471924,1.636199712753296,0.7283657193183899,0.9020727872848512,0.979068636894226,apo_holo,False,False,False
269,ACO,apo4a65dbb781,A,5hgz,A,1,[51],[51],ACO,ACO,3.809303760528565,2.82183051109314,1.4247387647628784,0.7056042551994324,0.8451518416404724,1.115140438079834,apo_holo,False,False,True
270,FE,3cei,A,apod3ecc70b32,A,1,[1],[1],FE,FE,1.6110923290252686,2.723419189453125,1.3957735300064087,0.7639604210853577,0.694675624370575,0.8829341530799866,apo_holo,False,True,True
271,PYR,apoa0b87ab07c,A,3noj,A,1,[6],[5],PYR,PYR,6.329605579376221,2.428988218307495,1.5991798639297483,0.7529934644699097,0.8292874693870544,1.0633878707885742,apo_holo,False,False,False
272,ACO,4ava,A,apo707c2444cb,A,1,[48],[51],ACO,ACO,3.4140431880950928,3.155550003051758,1.3433557748794556,0.7516183257102966,0.8603742122650146,0.971691370010376,apo_holo,False,False,True
273,UDP,2iya,A,apof9d3cdb3e6,A,1,[25],[25],UDP,UDP,3.179128170013428,3.342482566833496,1.30260169506073,0.7444244027137756,0.7511897087097168,1.1924192905426023,apo_holo,False,False,True
274,ATP,3hgm,A,apoeb7baac587,A,1,[31],[31],ATP,ATP,2.810108423233032,2.808624029159546,1.4724408388137815,0.7201020121574402,0.9059799909591676,1.2215428352355957,apo_holo,False,False,True
275,FE2,apo42db5ab941,A,4r88,B,1,[1],[1],FE2,FE2,1.9338184595108032,2.761232614517212,1.456691026687622,0.7138774394989014,0.5089098215103149,1.0871661901474,apo_holo,False,True,True
276,PYR,apoa0b87ab07c,A,4plf,B,1,[6],[5],PYR,PYR,3.5538077354431152,2.777223587036133,1.408072590827942,0.7568299174308777,0.8027797341346741,1.0050517320632937,apo_holo,False,False,True
277,CMP,2zmf,A,apo2be292d1b8,A,1,[22],[22],CMP,CMP,4.7478227615356445,2.29685640335083,1.6572258472442627,0.7132347822189331,0.8474521636962891,1.1172419786453247,apo_holo,False,False,False
278,IMP,apobf3baf3064,A,4af0,A,1,[23],[23],IMP,IMP,2.748334646224976,3.3247456550598145,1.474637150764465,0.7414680123329163,0.691922664642334,1.2146954536437988,apo_holo,False,False,True
279,ADE,2qlu,A,apo67359c8433,A,1,[10],[10],ADE,ADE,3.315554141998291,2.9112606048583984,1.3209068775177002,0.7490201592445374,0.8228422403335571,1.0869988203048706,apo_holo,False,False,True
280,UDP,2iya,A,apob2e0f8db00,A,1,[25],[25],UDP,UDP,2.451883316040039,3.2421131134033203,1.398250699043274,0.727344810962677,0.868231475353241,1.1692546606063845,apo_holo,False,False,True
281,AKG,1ea0,A,apoe86394f4a0,A,1,[10],[10],AKG,AKG,8.179703712463379,2.3861145973205566,1.2060457468032837,0.6297409534454346,0.9354935884475708,1.0289965867996216,apo_holo,False,False,False
282,UDP,apof9d3cdb3e6,A,5v0t,E,1,[25],[25],UDP,UDP,2.716475009918213,3.385169982910156,1.224948525428772,0.7618053555488586,0.8379572629928589,0.9375855326652528,apo_holo,False,False,True
283,FE2,apo42db5ab941,A,3gcf,A,1,[1],[1],FE2,FE2,0.2885632514953613,2.321615219116211,1.399250626564026,0.6614677309989929,0.8515605330467224,1.0125117301940918,apo_holo,True,True,True
284,UDP,4a7x,C,apof9d3cdb3e6,A,1,[25],[25],UDP,UDP,3.660620927810669,2.989774465560913,1.4984480142593384,0.7054488658905029,0.8875353336334229,1.1882352828979492,apo_holo,False,False,True
285,SAM,apo693998296e,A,4njg,A,1,[27],[27],SAM,SAM,2.837714672088623,3.009902000427246,1.4262993335723877,0.7442598342895508,0.4153834879398346,1.2437841892242432,apo_holo,False,False,False
286,5GP,1lvg,A,apofaf8b26195,A,1,[24],[24],5GP,5GP,2.9437451362609863,2.9548184871673584,1.5383261442184448,0.7506780624389648,0.4627237915992737,1.2111448049545288,apo_holo,False,False,False
287,BGC,1q33,A,apo7b80be3b7c,A,1,[12],[12],BGC,BGC,4.847999095916748,2.7838709354400635,1.3190878629684448,0.7105167508125305,0.9287033081054688,1.1272566318511963,apo_holo,False,False,False
288,NAD,apoc143b1cb78,A,5ilg,A,1,[44],[44],NAD,NAD,2.836402416229248,2.9071712493896484,1.2413686513900757,0.6914204955101013,0.6306491494178772,1.1019283533096311,apo_holo,False,False,True
289,GDP,apob52d99e27a,A,2atv,A,1,[28],[28],GDP,GDP,2.8874080181121826,3.377993583679199,1.3021862506866455,0.7292667627334595,0.8852392435073853,1.1722426414489746,apo_holo,False,False,True
290,AKG,1llw,A,apo754fdde920,A,1,[10],[10],AKG,AKG,5.314176559448242,2.539963722229004,1.3465250730514526,0.6521595120429993,0.9152013063430786,1.053572416305542,apo_holo,False,False,False
291,BGC,1q33,A,apoed536cc502,A,1,[12],[12],BGC,BGC,4.468663692474365,2.865960597991944,1.466232180595398,0.7106472849845886,0.8870580792427063,1.059182047843933,apo_holo,False,False,False
292,ZN,apoe45816cc65,A,6tbz,A,1,[1],[1],ZN,ZN,5.891831398010254,2.5720674991607666,1.6163831949234009,0.763499915599823,0.586633563041687,1.1187618970870972,apo_holo,False,False,False
293,CTP,1coz,A,apoab1dde69c6,A,1,[29],[29],CTP,CTP,2.514598846435547,3.2338881492614746,1.2557553052902222,0.7350248098373413,0.8975920677185059,1.0309213399887085,apo_holo,False,False,True
294,MG,2iii,A,apo828c556ee1,A,1,[1],[1],MG,MG,6.471675872802734,2.8524465560913086,1.2483397722244265,0.7432871460914612,0.92094224691391,0.9821848273277284,apo_holo,False,False,False
295,PLP,apo744b815250,A,3nzp,B,1,[15],[15],PLP,PLP,1.1974152326583862,3.515933990478516,1.4136474132537842,0.7530816197395325,0.8175833225250244,1.0599745512008667,apo_holo,False,True,True
296,AKG,4hg3,A,apoa06a38fda5,A,1,[10],[9],AKG,AKG,6.65937614440918,2.8912601470947266,1.5436605215072632,0.721781849861145,0.9297596216201782,1.2262314558029177,apo_holo,False,False,False
297,GDP,apo11d986f878,A,3ref,B,1,[28],[28],GDP,GDP,5.279380798339844,2.5739681720733643,1.4782103300094604,0.7055824398994446,0.7296897768974304,1.1038697957992554,apo_holo,False,False,False
298,UDP,3hbn,A,apof9d3cdb3e6,A,1,[25],[25],UDP,UDP,2.6788864135742188,3.5445337295532227,1.1697627305984497,0.7200542688369751,0.9378610253334044,1.1023235321044922,apo_holo,False,False,True
299,PYR,3di1,B,apoa4422865fc,A,1,[6],[5],PYR,PYR,6.990220069885254,2.2889466285705566,1.7166917324066162,0.7083445191383362,0.8318092823028564,1.171691656112671,apo_holo,False,False,False
300,CU,apo9445e9c6b7,A,4eis,A,1,[1],[1],CU,CU,2.047207355499268,3.120408058166504,1.560942769050598,0.7621431350708008,0.4434461593627929,1.0834099054336548,apo_holo,False,False,False
301,ANP,apo78557a75c0,A,8gbj,D,1,[31],[31],ANP,ANP,2.489643096923828,3.197484970092773,1.4600188732147217,0.727597713470459,0.8250202536582947,1.1512937545776367,apo_holo,False,False,True
302,AKG,1ea0,A,apoa06a38fda5,A,1,[10],[10],AKG,AKG,3.454125165939331,2.312366485595703,1.6346832513809204,0.6500636339187622,0.8479955792427063,1.529383659362793,apo_holo,False,False,True
303,CTP,1coz,A,apo02fd55da58,A,1,[29],[29],CTP,CTP,2.5544607639312744,2.6911840438842773,1.492361307144165,0.7371849417686462,0.6237425804138184,1.0985623598098757,apo_holo,False,False,True
304,COA,2oi6,B,apofdd79e76b6,A,1,[48],[48],COA,COA,8.820178031921387,2.902523994445801,1.4392755031585691,0.7088007926940918,0.9340447783470154,1.0249382257461548,apo_holo,False,False,False
305,ZN,1dq3,A,apo6d5c264df9,A,1,[1],[1],ZN,ZN,7.979784965515137,2.345731496810913,1.5388630628585815,0.6868927478790283,0.9809557795524596,0.9242265224456788,apo_holo,False,False,False
306,ATP,7pup,A,apo5ba3e55577,A,1,[31],[31],ATP,ATP,2.352137565612793,3.02030873298645,1.4034640789031982,0.7022545337677002,0.7205519676208496,1.1477203369140625,apo_holo,False,False,True
307,COA,1yli,B,apo034597ae6f,A,1,[48],[48],COA,COA,4.792732238769531,2.714745044708252,1.5429832935333252,0.6961476802825928,0.5383366942405701,1.234041690826416,apo_holo,False,False,False
308,ACO,apo4a65dbb781,A,4jwp,A,1,[51],[51],ACO,ACO,3.799605846405029,2.9289846420288086,1.5184719562530518,0.7033968567848206,0.909334361553192,1.016779541969299,apo_holo,False,False,True
309,AMP,3l2p,A,apoacde4420e4,A,1,[23],[22],AMP,AMP,2.974926471710205,3.013568878173828,1.448675274848938,0.7476599216461182,0.8953296542167664,1.003289818763733,apo_holo,False,False,True
310,COA,apo636957bc5d,A,1yli,B,1,[48],[48],COA,COA,4.856371402740479,2.853989601135254,1.3474148511886597,0.7205646634101868,0.8511560559272766,1.125001311302185,apo_holo,False,False,False
311,UDP,apob2e0f8db00,A,4pqg,A,1,[25],[25],UDP,UDP,2.7081093788146973,3.368077516555786,1.4066075086593628,0.6973762512207031,0.9650306105613708,1.1842082738876345,apo_holo,False,False,True
312,NDP,1lqa,A,apoa45cd51704,A,1,[48],[48],NDP,NDP,3.229729413986206,3.422427177429199,1.349127173423767,0.7513375878334045,0.795769989490509,1.0084922313690186,apo_holo,False,False,True
313,ZN,2eoq,A,apo6c6445cc60,A,1,[1],[1],ZN,ZN,2.443627119064331,2.05712890625,1.5252091884613037,0.6674383878707886,0.715599000453949,1.0753779411315918,apo_holo,False,False,True
314,AMP,2ak3,A,apoc9cfbbc27e,A,1,[23],[23],AMP,AMP,7.429482460021973,2.837285041809082,1.4435452222824097,0.6776391267776489,0.7703795433044434,1.3562839031219482,apo_holo,False,False,False
315,5GP,3tr0,A,apofaf8b26195,A,1,[24],[24],5GP,5GP,2.9416956901550293,2.9999489784240723,1.3958611488342283,0.7520743012428284,0.7965834140777588,1.0966930389404297,apo_holo,False,False,True
316,CU,5foh,A,apo1b68d02ea9,A,1,[1],[1],CU,CU,1.1595476865768433,3.015098094940185,1.4931848049163818,0.768439769744873,0.4216298162937164,0.9983128905296326,apo_holo,False,False,False
317,CA,apo4adddf66c2,A,6jt5,A,1,[1],[1],CA,CA,6.547941207885742,2.089801073074341,1.5270365476608276,0.7362135648727417,0.8902836441993713,1.0514971017837524,apo_holo,False,False,False
318,MN,3aam,A,apo1fa03510cf,A,1,[1],[1],MN,MN,7.579118251800537,2.650791645050049,1.4836344718933103,0.7288416028022766,0.8448609709739685,1.1495094299316406,apo_holo,False,False,False
319,AMP,1ct9,A,apoc9cfbbc27e,A,1,[23],[23],AMP,AMP,7.004228591918945,3.1972546577453613,1.528762936592102,0.7431169748306274,0.5902630090713501,1.080754041671753,apo_holo,False,False,False
320,COA,1f7l,A,apo5f5f6032c2,A,1,[48],[48],COA,COA,5.980831146240234,2.263190507888794,1.7502589225769043,0.6111183762550354,0.8016324043273926,1.4730688333511353,apo_holo,False,False,False
321,FE,1b06,A,apoa76603c89f,A,1,[1],[1],FE,FE,1.002048373222351,2.7031033039093018,1.749035120010376,0.7390488386154175,0.8541926741600037,1.105054497718811,apo_holo,False,True,True
322,CU,apo27cbc40f27,A,6km8,A,1,[1],[1],CU,CU,0.6957830786705017,2.2210066318511963,1.4949015378952026,0.7125966548919678,0.4707964956760406,1.274358153343201,apo_holo,False,False,False
323,NAP,1zgd,A,apo2a4512b289,A,1,[48],[48],NAP,NAP,2.6503608226776123,3.558977603912353,1.3250361680984497,0.7306337356567383,0.8138020038604736,1.0963642597198486,apo_holo,False,False,True
324,ADP,4p7a,A,apofb23f4d7f3,A,1,[27],[27],ADP,ADP,8.909826278686523,2.2845749855041504,1.540727615356445,0.6729012131690979,0.8786459565162659,1.0987447500228882,apo_holo,False,False,False
325,NDP,1lqa,A,apocc56e816c8,A,1,[48],[48],NDP,NDP,2.931004285812378,3.5960755348205566,1.2700884342193604,0.7402011752128601,0.8204091787338257,1.0300920009613037,apo_holo,False,False,True
326,AMP,apofff8bca9bc,A,4k46,A,1,[23],[22],AMP,AMP,4.138579845428467,2.7247958183288574,1.6393249034881592,0.731438934803009,0.6400025486946106,1.0042741298675537,apo_holo,False,False,False
327,HEM,apo85b5bbc350,A,3vre,A,1,[43],[43],HEM,HEM,6.120214462280273,2.8716745376586914,1.517547607421875,0.7157999873161316,0.8493483066558838,1.259761095046997,apo_holo,False,False,False
328,COA,1yvk,A,apo53f0c8aada,A,1,[48],[48],COA,COA,7.6601057052612305,2.882857322692871,1.4731903076171875,0.7024111747741699,0.9078840017318726,1.1319926977157593,apo_holo,False,False,False
329,ACO,apo4a65dbb781,A,6ao7,A,1,[51],[51],ACO,ACO,4.009618759155273,2.965122699737549,1.488694190979004,0.6883952021598816,0.8676908612251282,1.2105486392974854,apo_holo,False,False,False
330,ANP,5xd6,A,apoca4d1f1902,A,1,[31],[31],ANP,ANP,3.429325819015503,3.0493533611297607,1.428647756576538,0.7141267657279968,0.7918381690979004,1.1201261281967163,apo_holo,False,False,True
331,FMN,4ab4,A,apo07b15fae34,A,1,[31],[31],FMN,FMN,9.411097526550291,2.70878267288208,1.4712588787078855,0.7110167145729065,0.5285223722457886,1.2001827955245972,apo_holo,False,False,False
332,ACP,apob3738e2c2c,A,8oqx,A,1,[31],[31],ACP,ACP,2.9847731590271,2.8638601303100586,1.530105471611023,0.7212799191474915,0.8136220574378967,1.094429612159729,apo_holo,False,False,True
333,PLP,1i2k,A,apoeb69e6eac7,A,1,[15],[15],PLP,PLP,1.871460199356079,3.174747467041016,1.4356465339660645,0.7366551160812378,0.8089586496353149,1.170427918434143,apo_holo,False,True,True
334,GDP,2gjs,A,apo74272096bc,A,1,[28],[28],GDP,GDP,2.8470892906188965,3.447442054748535,1.2586380243301392,0.741954505443573,0.9451879858970642,1.0898211002349854,apo_holo,False,False,True
335,GAL,4kzk,A,apoef6a70afe6,A,1,[12],[12],GAL,GAL,4.034390449523926,2.6551592350006104,1.6137616634368896,0.726719081401825,0.7241851687431335,1.2941890954971311,apo_holo,False,False,False
336,COA,3nfd,E,apo5f5f6032c2,A,1,[48],[27],COA,COA,4.134080410003662,2.1873040199279785,1.857079029083252,0.5953522324562073,0.911235511302948,1.3895775079727173,apo_holo,False,False,False
337,COA,1f7l,A,apo636957bc5d,A,1,[48],[48],COA,COA,5.505415916442871,2.7436535358428955,1.668756127357483,0.7196388244628906,0.8570124506950378,1.00996732711792,apo_holo,False,False,False
338,GDP,1kao,A,apo74272096bc,A,1,[28],[28],GDP,GDP,2.847688913345337,3.322316169738769,1.4359453916549685,0.7249941229820251,0.916533887386322,1.0491855144500732,apo_holo,False,False,True
339,COA,3cgb,A,apo8a016eb0da,A,1,[48],[48],COA,COA,4.081987380981445,2.4916322231292725,1.617619872093201,0.715601921081543,0.6580153107643127,1.1181060075759888,apo_holo,False,False,False
340,ADP,5lu4,A,apo19a4c9adc3,A,1,[27],[27],ADP,ADP,2.6110434532165527,2.6636199951171875,1.6558221578598022,0.6973243355751038,0.7355868220329285,1.0289709568023682,apo_holo,False,False,True
341,SAM,2fb2,A,apo0c4f651c46,A,1,[27],[27],SAM,SAM,5.45381498336792,0.9901602268218994,1.5746636390686035,0.6488389372825623,0.9542173147201538,1.4001665115356443,apo_holo,False,False,False
342,UDP,apof9d3cdb3e6,A,5tvg,A,1,[25],[25],UDP,UDP,2.669114112854004,3.3611671924591064,1.1828099489212036,0.76827073097229,0.88941490650177,0.8819220662117004,apo_holo,False,False,True
343,ATP,apo261b6b96e3,A,3hgm,A,1,[31],[31],ATP,ATP,3.2440311908721924,3.2938389778137207,0.8370189070701599,0.7548529505729675,0.9853734970092772,0.7671244740486145,apo_holo,False,False,True
344,COA,1q6y,A,apo53f0c8aada,A,1,[48],[48],COA,COA,7.634612083435059,2.565708637237549,1.639693260192871,0.7316142320632935,0.5199628472328186,1.0800647735595703,apo_holo,False,False,False
345,GTP,apoe8aabedcc3,A,4du6,A,1,[32],[32],GTP,GTP,7.396377086639404,2.5321195125579834,1.456122636795044,0.7134762406349182,0.8257607221603394,1.143517255783081,apo_holo,False,False,False
346,PYR,5lu4,A,apoa4422865fc,A,1,[6],[6],PYR,PYR,8.605289459228516,2.5393097400665283,1.644523024559021,0.6620476245880127,0.9129925966262816,1.4678189754486084,apo_holo,False,False,False
347,GTP,apo3a68bb90dc,A,4du6,A,1,[32],[32],GTP,GTP,7.559418678283691,2.5579607486724854,1.3987185955047607,0.7120494842529297,0.9138213992118835,1.2083605527877808,apo_holo,False,False,False
348,GDP,2cjw,A,apo11d986f878,A,1,[28],[28],GDP,GDP,5.255306720733643,2.6412057876586914,1.4819200038909912,0.7050793766975403,0.782335638999939,1.1471658945083618,apo_holo,False,False,False
349,ANP,3zfd,A,apo2ed66decb4,A,1,[31],[31],ANP,ANP,1.868414163589477,2.850433111190796,1.320720911026001,0.6764795780181885,0.376057893037796,1.1801856756210327,apo_holo,False,False,False
350,CO,2xvz,A,apo826f3f2afa,A,1,[1],[1],CO,CO,3.257667303085327,2.2691755294799805,1.878475785255432,0.7496219277381897,0.8181547522544861,1.064886212348938,apo_holo,False,False,True
351,ADE,apo0dc9dba73c,A,2qlu,A,1,[10],[10],ADE,ADE,4.081222534179688,2.42166519165039,1.5880380868911743,0.7175539135932922,0.8523450493812561,1.098091721534729,apo_holo,False,False,False
352,UDP,apob2e0f8db00,A,4a7x,C,1,[25],[25],UDP,UDP,3.180905342102051,2.913188934326172,1.483862042427063,0.733819305896759,0.8071265816688538,1.1790306568145752,apo_holo,False,False,True
353,ACO,apo4a65dbb781,A,6v3t,A,1,[51],[51],ACO,ACO,3.784834146499634,2.8570003509521484,1.4568308591842651,0.7337765097618103,0.9168025851249696,1.0647855997085571,apo_holo,False,False,True
354,FMN,apo07b15fae34,A,8pm1,A,1,[31],[31],FMN,FMN,9.399479866027832,2.6412124633789062,1.4209625720977783,0.7058058381080627,0.914923369884491,1.3201005458831787,apo_holo,False,False,False
355,AKG,1llw,A,apoa06a38fda5,A,1,[10],[10],AKG,AKG,2.562103033065796,2.607524871826172,1.5678961277008057,0.6641845703125,0.9366368055343628,1.2205147743225098,apo_holo,False,False,True
356,COA,2oi6,B,apofe063bf0b9,A,1,[27],[48],COA,COA,7.474339962005615,2.424685001373291,1.5543544292449951,0.6741974949836731,0.858701765537262,1.197707176208496,apo_holo,False,False,False
357,ANP,2db3,A,apo78557a75c0,A,1,[31],[31],ANP,ANP,2.0455684661865234,3.3114054203033447,1.3244084119796753,0.7400755882263184,0.7119268774986267,1.045771837234497,apo_holo,False,False,True
358,FMN,apo07b15fae34,A,7oo9,A,1,[31],[31],FMN,FMN,9.403236389160156,2.203624725341797,1.585111379623413,0.7035365104675293,0.7835137248039246,1.1425392627716064,apo_holo,False,False,False
359,PLP,apoeb69e6eac7,A,5yyc,A,1,[15],[15],PLP,PLP,2.5559117794036865,3.430168628692627,1.2694655656814575,0.7070611119270325,0.7917433977127075,1.103506565093994,apo_holo,False,False,True
360,ATP,2j9l,C,apo555414d6d7,A,1,[31],[31],ATP,ATP,2.9011776447296143,2.761390209197998,1.6078356504440308,0.6975244283676147,0.7530203461647034,1.150589108467102,apo_holo,False,False,True
361,CO,3hdi,A,apo7a12359999,A,1,[1],[1],CO,CO,3.091540813446045,1.981018304824829,1.552130103111267,0.7076911330223083,0.6946631669998169,1.1955606937408447,apo_holo,False,False,True
362,HEM,apoc403b8778c,A,5li6,A,1,[43],[43],HEM,HEM,7.302801609039307,2.354612350463867,1.517872929573059,0.6544104218482971,0.7331529259681702,1.4838074445724487,apo_holo,False,False,False
363,FE,2boy,A,apocaef52ba11,A,1,[1],[1],FE,FE,1.621212363243103,2.3559465408325195,1.4942928552627563,0.6782239675521851,0.6261888742446899,1.116262674331665,apo_holo,False,True,True
364,ACO,apo4a65dbb781,A,3mgd,B,1,[51],[51],ACO,ACO,3.821357011795044,2.787683486938477,1.412893772125244,0.7080013751983643,0.8823160529136658,1.1829872131347656,apo_holo,False,False,True
365,CU,apo27cbc40f27,A,6l4c,B,1,[1],[1],CU,CU,0.4880218207836151,2.2408971786499023,1.5886684656143188,0.7395849227905273,0.3511435091495514,1.1098260879516602,apo_holo,False,False,False
366,NDP,1zdl,A,apof747a224a1,A,1,[48],[48],NDP,NDP,3.5753815174102783,3.399681806564331,1.3416365385055542,0.7419888973236084,0.7453667521476746,0.8411701321601868,apo_holo,False,False,True
367,UDP,2acv,A,apof9d3cdb3e6,A,1,[25],[25],UDP,UDP,3.0945966243743896,3.29534649848938,1.4111686944961548,0.719068706035614,0.7903745770454407,1.1874088048934937,apo_holo,False,False,True
368,AKG,1ofd,A,apoe86394f4a0,A,1,[10],[10],AKG,AKG,7.566679000854492,2.084686517715454,1.5066125392913818,0.5831419825553894,0.541690468788147,1.375602126121521,apo_holo,False,False,False
369,AMP,1kht,B,apofff8bca9bc,A,1,[22],[23],AMP,AMP,3.3597986698150635,2.5322418212890625,1.4705363512039185,0.7305381298065186,0.7334221005439758,0.9932652711868286,apo_holo,False,False,True
370,AMP,1ct9,A,apofff8bca9bc,A,1,[22],[23],AMP,AMP,3.071014165878296,2.704076766967773,1.4090358018875122,0.7335591316223145,0.4564566910266876,0.96969872713089,apo_holo,False,False,False
371,MN,apob2e0f8db00,A,2x7j,A,1,[1],[1],MN,MN,1.753669023513794,3.2863636016845703,1.3043792247772217,0.7443984746932983,0.8655604124069214,0.9932035207748412,apo_holo,False,True,True
372,ACO,apo707c2444cb,A,6ao7,A,1,[51],[48],ACO,ACO,3.3519492149353027,3.324889659881592,1.3856033086776731,0.7124971747398376,0.8838826417922974,1.2204567193984983,apo_holo,False,False,True
373,UDP,2acv,A,apob2e0f8db00,A,1,[25],[25],UDP,UDP,2.344547986984253,2.910806179046631,1.566023588180542,0.7245025038719177,0.5448002219200134,1.1716291904449463,apo_holo,False,False,True
374,NAD,7dkm,A,apo1a92a18e19,A,1,[44],[44],NAD,NAD,0.6924991011619568,4.787403583526611,0.6177806854248047,0.8522045016288757,0.9828643202781676,0.7091392874717712,apo_holo,True,True,True
375,CU,apo16ec605a9d,A,4qi8,A,1,[1],[1],CU,CU,0.759303092956543,2.8680219650268555,1.436499834060669,0.7172901630401611,0.4635713398456573,0.9404035806655884,apo_holo,False,False,False
376,CTP,1coz,A,apo9b8c5442fb,A,1,[29],[29],CTP,CTP,1.991510510444641,3.0069539546966557,1.526847243309021,0.7080395817756653,0.7735076546669006,0.995706021785736,apo_holo,False,True,True
377,AKG,1nx4,C,apoa06a38fda5,A,1,[10],[10],AKG,AKG,5.608985900878906,2.305708646774292,1.7555229663848877,0.684806227684021,0.9345266222953796,1.435997724533081,apo_holo,False,False,False
378,NAP,1zgd,A,apo609c4e958d,A,1,[48],[48],NAP,NAP,2.9053022861480717,3.638306140899658,1.3107826709747314,0.7383363246917725,0.8234330415725708,1.052935242652893,apo_holo,False,False,True
379,COA,3ubm,B,apo53f0c8aada,A,1,[48],[48],COA,COA,7.669965744018555,2.5898361206054688,1.4949836730957031,0.7224394083023071,0.8316644430160522,1.162846565246582,apo_holo,False,False,False
380,GDP,apob52d99e27a,A,3zbq,A,1,[28],[28],GDP,GDP,3.784648180007935,2.873753547668457,1.4202488660812378,0.7311840057373047,0.6592751145362854,1.0365090370178225,apo_holo,False,False,True
381,GDP,apob52d99e27a,A,2nzj,B,1,[28],[28],GDP,GDP,2.899355173110962,3.3055169582366943,1.3019037246704102,0.7285962700843811,0.8963849544525146,1.1516741514205933,apo_holo,False,False,True
382,FAD,apo5399548934,A,2pg0,A,1,[53],[53],FAD,FAD,4.85888671875,2.567716598510742,1.3857762813568115,0.6830064654350281,0.9232633709907532,1.259355068206787,apo_holo,False,False,False
383,CU,4qi8,A,apo1b68d02ea9,A,1,[1],[1],CU,CU,0.6459769010543823,2.917485237121582,1.4302290678024292,0.7430468797683716,0.3973397314548492,0.9445005059242249,apo_holo,False,False,False
384,OXL,3flk,A,apod8620c3ec6,A,1,[6],[6],OXL,OXL,2.643327236175537,2.939964056015014,1.2973915338516235,0.714454710483551,0.9202975630760192,1.1967878341674805,apo_holo,False,False,True
385,ADP,apo1b53e3ba2c,A,5lu4,A,1,[27],[27],ADP,ADP,3.0021255016326904,2.4134321212768555,1.557055115699768,0.7043333053588867,0.7797892689704895,1.039521336555481,apo_holo,False,False,True
386,CA,apof433deac01,A,7w6b,A,1,[1],[1],CA,CA,8.359919548034668,2.8571102619171143,1.0841587781906128,0.7115839123725891,0.9859843254089355,0.8469594120979309,apo_holo,False,False,False
387,AMP,3fwz,A,apofff8bca9bc,A,1,[22],[23],AMP,AMP,2.905237197875977,2.924583911895752,1.4390740394592283,0.7274397611618042,0.7261272072792053,1.0788153409957886,apo_holo,False,False,True
388,PYR,3noj,A,apoa4422865fc,A,1,[6],[6],PYR,PYR,8.151677131652832,2.770491600036621,1.3840153217315674,0.7307387590408325,0.9436699748039246,1.0296220779418943,apo_holo,False,False,False
389,COA,1yli,B,apo5f5f6032c2,A,1,[48],[48],COA,COA,8.911341667175293,2.653017520904541,1.334547758102417,0.6202846765518188,0.9187421798706056,1.212711215019226,apo_holo,False,False,False
390,UDP,apob2e0f8db00,A,5v0t,E,1,[25],[25],UDP,UDP,2.7382469177246094,3.202216625213623,1.3964658975601196,0.7468409538269043,0.8133529424667358,1.22335684299469,apo_holo,False,False,True
391,HEM,apo7c333aef82,A,5zur,B,1,[43],[43],HEM,HEM,7.358887195587158,2.10280704498291,1.6381644010543823,0.7157279253005981,0.737030029296875,1.0736411809921265,apo_holo,False,False,False
392,ACO,apo4a65dbb781,A,2h5m,A,1,[51],[51],ACO,ACO,4.225015163421631,2.550048828125,1.5769051313400269,0.6578165292739868,0.9313031435012816,1.1229557991027832,apo_holo,False,False,False
393,FE,3cei,A,apod5332d15e2,A,1,[1],[1],FE,FE,1.0078725814819336,2.159979820251465,1.6280049085617063,0.717159628868103,0.7190656065940857,1.0438072681427002,apo_holo,False,True,True
394,ACO,3mgd,B,apo707c2444cb,A,1,[48],[51],ACO,ACO,3.543619394302368,3.3693556785583496,1.3675659894943235,0.7310037016868591,0.9367082118988036,1.1699470281600952,apo_holo,False,False,True
395,SAM,apo7d270341fc,A,4njg,A,1,[27],[26],SAM,SAM,3.5872631072998047,3.0112109184265137,1.4193496704101562,0.6735900044441223,0.9558340311050416,1.5072791576385498,apo_holo,False,False,True
396,GDP,2qag,C,apo11d986f878,A,1,[28],[28],GDP,GDP,4.193352222442627,2.608278274536133,1.57097589969635,0.687317967414856,0.7855519652366638,1.1239149570465088,apo_holo,False,False,False
397,AMP,1kht,B,apoc9cfbbc27e,A,1,[23],[23],AMP,AMP,7.227121829986572,3.025333881378174,1.4764481782913208,0.6953229308128357,0.8505222797393799,1.231455683708191,apo_holo,False,False,False
398,BMA,5a7v,A,apo8f0025a8ed,A,1,[12],[12],BMA,BMA,3.536121129989624,2.1261839866638184,1.5146249532699585,0.7360213994979858,0.7189569473266602,1.1124794483184814,apo_holo,False,False,True
399,UDP,apob2e0f8db00,A,7bv3,B,1,[25],[25],UDP,UDP,2.37510085105896,3.08801794052124,1.4942272901535034,0.7361891865730286,0.7792497873306274,1.217865824699402,apo_holo,False,False,True
400,PLP,3csw,C,apoeb69e6eac7,A,1,[15],[16],PLP,PLP,2.2724056243896484,3.2873973846435547,1.4885003566741943,0.7445855736732483,0.8510897159576416,1.1880404949188232,apo_holo,False,False,True
401,AMP,3fiu,A,apoc9cfbbc27e,A,1,[23],[23],AMP,AMP,6.856654644012451,3.419272422790528,1.0889965295791626,0.7532260417938232,0.9546887278556824,0.8775496482849121,apo_holo,False,False,False
402,SAM,apoe4100df4a7,A,4njg,A,1,[27],[17],SAM,SAM,3.2376534938812256,3.2692933082580566,1.3232272863388062,0.7205315828323364,0.9155586361885072,1.3817421197891235,apo_holo,False,False,True
403,ATP,5nro,A,apo140b30aef4,A,1,[31],[31],ATP,ATP,6.222990036010742,2.938206434249878,1.5577293634414673,0.6958156228065491,0.727803647518158,1.1226691007614136,apo_holo,False,False,False
404,FE2,apo80526afb52,A,4r88,B,1,[1],[1],FE2,FE2,1.1827340126037598,2.5203287601470947,1.5886225700378418,0.750041127204895,0.5185405611991882,1.0856066942214966,apo_holo,False,True,True
405,CO,1v29,A,apo7a12359999,A,1,[1],[1],CO,CO,5.513551712036133,2.1148643493652344,1.469670653343201,0.704576313495636,0.6328070759773254,1.5297694206237793,apo_holo,False,False,False
406,UDP,apob2e0f8db00,A,7zer,A,1,[25],[25],UDP,UDP,2.4689998626708984,3.183642864227295,1.6045429706573486,0.754992663860321,0.7236104607582092,1.1256215572357178,apo_holo,False,False,True
407,AKG,1ofd,A,apo754fdde920,A,1,[10],[10],AKG,AKG,5.00908088684082,2.4766345024108887,1.899106860160828,0.6146447658538818,0.9660124182701112,1.287299633026123,apo_holo,False,False,False
408,COA,apo53f0c8aada,A,5xuk,A,1,[40],[48],COA,COA,7.756314754486084,2.6836233139038086,1.5484991073608398,0.714766800403595,0.7810063362121582,1.2353360652923584,apo_holo,False,False,False
409,ACO,apo4a65dbb781,A,7ovu,A,1,[51],[51],ACO,ACO,3.847764253616333,2.784331798553467,1.596057653427124,0.6796289086341858,0.7878094911575317,1.1271765232086182,apo_holo,False,False,True
410,NDP,apocc56e816c8,A,4ijr,A,1,[48],[48],NDP,NDP,2.942544460296631,3.6106927394866943,1.2932686805725098,0.7561243772506714,0.8105595111846924,0.9648250937461852,apo_holo,False,False,True
411,NAD,apof6b573ee02,A,5ilg,A,1,[44],[44],NAD,NAD,2.7593369483947754,2.674366950988769,1.4764419794082642,0.6919630765914917,0.7494466304779053,1.3542298078536987,apo_holo,False,False,True
412,HEM,apo9dae1e84f2,A,4kvj,A,1,[43],[43],HEM,HEM,6.21946907043457,1.957939624786377,1.6264145374298096,0.7625754475593567,0.7987794280052185,0.8208456635475159,apo_holo,False,False,False
413,MG,2ox4,C,apob7f67423d9,A,1,[1],[1],MG,MG,3.5673556327819824,2.8178985118865967,1.5240519046783447,0.7420833110809326,0.797531247138977,1.0522358417510986,apo_holo,False,False,True
414,ACO,apo707c2444cb,A,4jwp,A,1,[51],[48],ACO,ACO,3.224761486053467,3.317403793334961,1.4253606796264648,0.7380586266517639,0.9269765615463256,1.0655879974365234,apo_holo,False,False,True
415,MG,2yjg,A,apodcdae1d5e0,A,1,[1],[1],MG,MG,7.965087890625,2.816927909851074,1.1831814050674438,0.7352795600891113,0.9201427698135376,0.8033655285835266,apo_holo,False,False,False
416,SAM,2fb2,A,apoa049c7a917,A,1,[27],[27],SAM,SAM,2.163397312164306,2.8655548095703125,1.4603583812713623,0.7433328032493591,0.8094225525856018,1.155825138092041,apo_holo,False,False,True
417,UDP,2d7i,A,apo5ced6e3fa7,A,1,[25],[25],UDP,UDP,2.6773061752319336,3.4960217475891118,1.2381290197372437,0.7594473958015442,0.9140386581420898,1.0673809051513672,apo_holo,False,False,True
418,NAD,1lvl,A,apo1a92a18e19,A,1,[44],[44],NAD,NAD,3.54401969909668,4.083392143249512,0.684330403804779,0.8077629208564758,0.9937291741371156,0.7044719457626343,apo_holo,False,False,True
419,FMN,1qxo,A,apo07b15fae34,A,1,[31],[31],FMN,FMN,9.406436920166016,2.2431464195251465,1.4225192070007324,0.669514000415802,0.9293361306190492,1.609645962715149,apo_holo,False,False,False
420,COA,2gf6,A,apofe063bf0b9,A,1,[27],[48],COA,COA,4.267570495605469,2.736244201660156,1.5415302515029907,0.7530773282051086,0.8723117709159851,1.0832669734954834,apo_holo,False,False,False
421,COA,2oi6,B,apo53f0c8aada,A,1,[48],[48],COA,COA,6.968945503234863,2.1840360164642334,1.7788220643997192,0.6928191781044006,0.666814923286438,1.421844720840454,apo_holo,False,False,False
422,MG,apoc188dec860,A,3ks6,A,1,[1],[1],MG,MG,4.106707572937012,2.697606086730957,1.756554126739502,0.7312020063400269,0.921756386756897,1.275557279586792,apo_holo,False,False,False
423,MN,2x7j,A,apoc169d5ed6a,A,1,[1],[1],MN,MN,2.9140655994415283,3.088141441345215,1.5907084941864014,0.743135929107666,0.9581900835037231,1.0237783193588257,apo_holo,False,False,True
424,BMA,5swi,B,apo8f0025a8ed,A,1,[12],[12],BMA,BMA,4.370940208435059,1.990772247314453,1.7022151947021484,0.7175812721252441,0.7663164138793945,0.9930969476699828,apo_holo,False,False,False
425,FE2,apoea8e7659af,A,5j92,B,1,[1],[1],FE2,FE2,0.7543452382087708,2.5338339805603027,1.2124323844909668,0.675069272518158,0.9081228375434875,0.9076321721076964,apo_holo,True,True,True
426,CO,3hdi,A,apo7f5816a39c,A,1,[1],[1],CO,CO,7.343590259552002,2.0446503162384038,1.794053316116333,0.6238881349563599,0.50534987449646,1.0210272073745728,apo_holo,False,False,False
427,UDP,2d7i,A,apod2359bd57e,A,1,[25],[25],UDP,UDP,3.4978606700897217,3.380195617675781,1.3656136989593506,0.7418046593666077,0.9221130609512328,1.0354843139648438,apo_holo,False,False,True
428,MG,apo09d9f66b80,A,3txa,A,1,[1],[1],MG,MG,4.411766052246094,2.317772150039673,1.566087007522583,0.7098552584648132,0.6410620808601379,1.033059000968933,apo_holo,False,False,False
429,AMP,2gm3,A,apob5350c771e,A,1,[23],[23],AMP,AMP,5.354150295257568,2.4575071334838867,1.592373967170715,0.7040567398071289,0.9124863743782043,1.29837965965271,apo_holo,False,False,False
430,ADP,6q45,F,apo391862021f,A,1,[27],[27],ADP,ADP,8.742557525634766,0.6450803279876709,1.5734814405441284,0.6239139437675476,0.7932875752449036,0.9390432834625244,apo_holo,False,False,False
431,AMP,1ct9,A,apo81026162f7,A,1,[23],[23],AMP,AMP,6.926609516143799,2.894938945770264,1.6044294834136963,0.7106871008872986,0.9246010184288024,1.2402969598770142,apo_holo,False,False,False
432,FE2,4r88,B,apo1c765845fe,A,1,[1],[1],FE2,FE2,1.021862506866455,2.918152332305908,1.3690693378448486,0.746114194393158,0.7407503128051758,0.9735509157180786,apo_holo,False,True,True
433,AKG,1ofd,A,apoa06a38fda5,A,1,[10],[10],AKG,AKG,2.93008804321289,2.7832674980163574,1.4690436124801636,0.6662542223930359,0.9604113101959229,1.3365730047225952,apo_holo,False,False,True
434,FE2,apoea8e7659af,A,4r88,B,1,[1],[1],FE2,FE2,0.8401015400886536,2.183101892471313,1.5287268161773682,0.7080652117729187,0.4910288453102112,0.9828611612319946,apo_holo,False,False,False
435,SAM,2fb2,A,apo89ae69e16b,A,1,[27],[27],SAM,SAM,2.605814218521118,3.0362753868103027,1.4665393829345703,0.7102247476577759,0.8214678764343262,1.2381922006607056,apo_holo,False,False,True
436,AMP,2gm3,A,apof76d61a07e,A,1,[23],[23],AMP,AMP,4.079071044921875,3.051454782485962,1.7450741529464722,0.7520908713340759,0.9352365136146544,1.100053310394287,apo_holo,False,False,False
437,FE2,apoea8e7659af,A,4oj8,B,1,[1],[1],FE2,FE2,0.4147944152355194,2.518988132476806,1.285556674003601,0.6911474466323853,0.7998338937759399,0.9502176642417908,apo_holo,True,True,True
438,GDP,2atv,A,apo11d986f878,A,1,[28],[28],GDP,GDP,5.014991283416748,2.4878628253936768,1.5675337314605713,0.7223528027534485,0.6644017696380615,1.143102526664734,apo_holo,False,False,False
439,GDP,2nzj,B,apo74272096bc,A,1,[28],[28],GDP,GDP,2.8728787899017334,3.339660167694092,1.3048590421676636,0.7428069710731506,0.9214820265769958,1.0713409185409546,apo_holo,False,False,True
440,ACO,2h5m,A,apo707c2444cb,A,1,[48],[51],ACO,ACO,3.871102333068848,2.8519034385681152,1.4730523824691772,0.7244951725006104,0.8994632363319397,1.1345984935760498,apo_holo,False,False,True
441,COA,apo636957bc5d,A,5xuk,A,1,[40],[48],COA,COA,4.904356002807617,2.732846975326538,1.6331672668457031,0.7178910374641418,0.9040307998657228,1.0147106647491455,apo_holo,False,False,False
442,GDP,2ery,B,apo11d986f878,A,1,[28],[28],GDP,GDP,5.378977298736572,2.7799065113067627,1.37324321269989,0.7109190821647644,0.8106229901313782,1.20760977268219,apo_holo,False,False,False
443,SAM,apob0da859712,A,4njg,A,1,[27],[27],SAM,SAM,3.11402440071106,2.911137580871582,1.64083993434906,0.7378966808319092,0.750999927520752,1.1729079484939575,apo_holo,False,False,True
444,AKG,1llw,A,apoe86394f4a0,A,1,[10],[10],AKG,AKG,5.9266767501831055,2.2462592124938965,1.6239782571792605,0.6393693685531616,0.8011628985404968,1.203823804855347,apo_holo,False,False,False
445,COA,3cgb,A,apofe063bf0b9,A,1,[27],[48],COA,COA,4.926029205322266,2.642280578613281,1.587342619895935,0.6744316220283508,0.9235194325447084,1.1410257816314695,apo_holo,False,False,False
446,AKG,4oj8,B,apoa06a38fda5,A,1,[10],[10],AKG,AKG,5.63167667388916,2.2005903720855717,1.466550588607788,0.6937075257301331,0.6503978371620178,1.271997332572937,apo_holo,False,False,False
447,BGC,1q33,A,apoe626d8308e,A,1,[12],[12],BGC,BGC,3.315024852752685,2.384521961212158,1.6133849620819092,0.720916211605072,0.8647676110267639,1.0027318000793457,apo_holo,False,False,True
448,AMP,3ber,A,apo81026162f7,A,1,[23],[23],AMP,AMP,7.179170608520508,3.048245668411255,1.4484331607818604,0.726539671421051,0.9139333963394164,1.2431926727294922,apo_holo,False,False,False
449,NAP,2zat,A,apo08731c6428,A,2,[48],[48],NAP,NAP,2.824249744415283,3.580186367034912,1.3363683223724363,0.7462001442909241,0.7917500734329224,0.9732255339622498,apo_holo,False,False,True
450,GTP,apo9fb2d1f03d,A,4du6,A,2,[32],[32],GTP,GTP,7.569770812988281,2.203237533569336,1.3680270910263062,0.6687518358230591,0.768208920955658,1.5507426261901855,apo_holo,False,False,False
451,DFP,1ci9,A,apo093df4e44f,A,2,[10],[10],DFP,DFP,1.894981861114502,2.5237233638763428,1.5767468214035034,0.7036281824111938,0.9373093843460084,1.1879762411117554,apo_holo,False,True,True
452,APR,apo10ffc1123f,A,2hjr,B,2,[36],[36],APR,APR,6.783332347869873,2.7598791122436523,1.3939002752304075,0.7167083024978638,0.7776858806610107,1.2194057703018188,apo_holo,False,False,False
453,NDP,apo362fa2b55d,A,3kgy,A,2,[48],[48],NDP,NDP,2.7416679859161377,3.5612637996673584,1.3690228462219238,0.7290286421775818,0.9411056041717528,1.0567927360534668,apo_holo,False,False,True
454,ADP,3kb1,A,apo0bdd215b0a,A,2,[27],[27],ADP,ADP,1.5615440607070925,4.085299015045166,0.8665046691894531,0.7820827960968018,0.9198856949806212,0.7567587494850159,apo_holo,False,True,True
455,NAD,apof6b573ee02,A,3gvh,A,2,[44],[44],NAD,NAD,3.3810315132141118,2.7692301273345947,1.53468120098114,0.7091863751411438,0.4385687410831451,1.1979515552520752,apo_holo,False,False,False
456,B4P,apo6fd37a5c14,A,3loo,B,2,[53],[53],B4P,B4P,5.922397136688232,2.26969838142395,1.623390555381775,0.674625039100647,0.9105809926986694,1.0207878351211548,apo_holo,False,False,False
457,BEF,5he9,A,apo8023553e96,A,2,[4],[4],BEF,BEF,4.111667156219482,2.6853601932525635,1.547660231590271,0.6665753126144409,0.7498627305030823,1.2050330638885498,apo_holo,False,False,False
458,FE2,apo3adfbe03e8,A,3vf1,A,2,[1],[1],FE2,FE2,0.2010821104049682,2.3721728324890137,1.4417225122451782,0.7167923450469971,0.8622074127197266,1.016068458557129,apo_holo,True,True,True
459,ADP,apocfd5ffd601,A,5wdh,A,2,[27],[27],ADP,ADP,2.217494249343872,3.1882174015045166,1.4802953004837036,0.7854892015457153,0.5968979597091675,0.9402008056640624,apo_holo,False,False,True
460,ALF,1qf9,A,apo7690fe221f,A,2,[5],[5],ALF,ALF,5.51029109954834,2.639244794845581,1.4232131242752075,0.703694224357605,0.7008365392684937,1.1383652687072754,apo_holo,False,False,False
461,ADP,apo0bdd215b0a,A,5ik2,E,2,[27],[27],ADP,ADP,1.5987030267715454,3.993387222290039,0.7377824187278748,0.7658001184463501,0.8539531230926514,0.8198124170303345,apo_holo,False,True,True
462,SAM,4ax8,A,apob0da859712,A,2,[27],[27],SAM,SAM,8.073385238647461,2.863978862762451,1.2251874208450315,0.7383674383163452,0.8147250413894653,1.120423674583435,apo_holo,False,False,False
463,AMP,4hxv,A,apo9bfef3aac4,A,2,[22],[23],AMP,AMP,7.514853000640869,2.497271776199341,1.6286261081695557,0.6544085144996643,0.8230759501457214,1.2806055545806885,apo_holo,False,False,False
464,ZN,apo19ec63c2ba,A,3r2n,D,2,[1],[1],ZN,ZN,1.0589921474456787,2.0512142181396484,1.330949783325195,0.5949454307556152,0.969641387462616,1.6161655187606812,apo_holo,False,True,True
465,NAI,apoad92680901,A,3flk,A,2,[44],[44],NAI,NAI,2.5213935375213623,3.3135790824890137,1.2272967100143433,0.6876314878463745,0.8989423513412476,1.25304913520813,apo_holo,False,False,True
466,COA,1cm0,A,apofdd79e76b6,A,2,[48],[48],COA,COA,4.320736885070801,3.0279946327209477,1.4492528438568115,0.7334194183349609,0.6694507598876953,1.073757529258728,apo_holo,False,False,False
467,GTP,apo9fb2d1f03d,A,3ldu,A,2,[32],[32],GTP,GTP,6.497124671936035,2.858551263809204,1.456053614616394,0.6928959488868713,0.945852756500244,1.2792255878448486,apo_holo,False,False,False
468,NDP,3cse,A,apocbfde54817,A,2,[48],[48],NDP,NDP,2.9149608612060547,3.399482727050781,1.39757239818573,0.7169216871261597,0.9086516499519348,1.1075915098190308,apo_holo,False,False,True
469,ADE,2qes,A,apo67359c8433,A,2,[10],[10],ADE,ADE,1.0358030796051023,2.5162339210510254,1.4624137878417969,0.7146549224853516,0.7503740191459656,1.2082090377807615,apo_holo,False,True,True
470,AMP,apo6031cfefc9,A,2ak3,A,2,[23],[22],AMP,AMP,5.449240684509277,2.765744924545288,1.6203314065933228,0.7331626415252686,0.8777052164077759,1.131770372390747,apo_holo,False,False,False
471,GDP,apoeddcee1cd9,A,2ery,B,2,[28],[28],GDP,GDP,1.3268808126449585,3.786378145217896,1.0828518867492676,0.7518503665924072,0.9714213609695436,0.8364266753196716,apo_holo,False,True,True
472,COA,apo034597ae6f,A,3f8k,A,2,[48],[48],COA,COA,3.024821519851685,2.760213851928711,1.4309505224227903,0.7426650524139404,0.8420946002006531,1.1401982307434082,apo_holo,False,False,True
473,ANP,apo78557a75c0,A,5ljw,A,2,[31],[31],ANP,ANP,3.3136239051818848,3.013784170150757,1.573633074760437,0.7561474442481995,0.5536977648735046,1.0849146842956543,apo_holo,False,False,True
474,ACO,4ava,A,apo63599a476b,A,2,[51],[51],ACO,ACO,5.233466148376465,2.54768967628479,1.4017888307571411,0.6739159822463989,0.9200300574302672,1.220314860343933,apo_holo,False,False,False
475,SAM,4njg,A,apof296d86dde,A,2,[27],[27],SAM,SAM,8.095728874206543,2.792307615280152,1.5710678100585938,0.6874018907546997,0.5752637386322021,1.3693076372146606,apo_holo,False,False,False
476,NAP,1eyy,A,apodfb84bd676,A,2,[48],[31],NAP,NAP,2.4302773475646973,3.722546577453613,1.1955074071884155,0.744490385055542,0.9028414487838744,0.9622936248779296,apo_holo,False,False,True
477,ACO,5hgz,A,apo63599a476b,A,2,[51],[51],ACO,ACO,5.555724620819092,2.7372584342956543,1.3772752285003662,0.7191380262374878,0.63229900598526,1.259024977684021,apo_holo,False,False,False
478,AMP,3fiu,A,apo594bfe1d35,A,2,[22],[23],AMP,AMP,3.1732962131500244,2.9342381954193115,1.54677152633667,0.7248399257659912,0.8882338404655457,1.1268537044525146,apo_holo,False,False,True
479,GDD,apo9f0646f37b,A,2zu8,A,2,[39],[39],GDD,GDD,4.767782688140869,2.9085042476654053,1.3655558824539185,0.6907716393470764,0.91141939163208,1.322449803352356,apo_holo,False,False,False
480,ALF,3zq6,B,apo7690fe221f,A,2,[5],[5],ALF,ALF,4.617187023162842,2.7103590965271,1.508297324180603,0.7117412090301514,0.874985933303833,1.1002002954483032,apo_holo,False,False,False
481,MG,apo1dd9f3e9ed,A,2kwi,A,2,[1],[1],MG,MG,2.4592905044555664,3.021216869354248,1.4045181274414062,0.770368218421936,0.7970262765884399,1.0701631307601929,apo_holo,False,False,True
482,ADP,1o51,A,apob7b299a860,A,2,[27],[27],ADP,ADP,3.735518932342529,2.836004734039306,1.3716750144958496,0.7451518177986145,0.7740141153335571,1.211312174797058,apo_holo,False,False,True
483,BEF,6ww6,B,apo8023553e96,A,2,[4],[4],BEF,BEF,3.964676141738892,3.4352827072143555,0.9174156785011292,0.7727190256118774,0.989835262298584,0.8570848703384399,apo_holo,False,False,True
484,ATP,apod4392cef85,A,3ke5,A,2,[31],[31],ATP,ATP,7.750361919403076,2.2397780418396,1.4621076583862305,0.7432326078414917,0.8717115521430969,1.1551289558410645,apo_holo,False,False,False
485,5GP,apo96b90e26b3,A,3n1s,J,2,[24],[24],5GP,5GP,3.892001628875733,2.8010945320129395,1.6008172035217283,0.7490637898445129,0.704850435256958,1.1580760478973389,apo_holo,False,False,True
486,ACO,3mgd,B,apo63599a476b,A,2,[51],[51],ACO,ACO,5.622598171234131,2.932224750518799,1.416042685508728,0.7371655106544495,0.8451663851737976,1.2730352878570557,apo_holo,False,False,False
487,NAP,3jz4,A,apo9e87a48572,A,2,[48],[48],NAP,NAP,4.203428268432617,3.9296562671661377,1.0577353239059448,0.7499049305915833,0.844792366027832,0.8817262053489685,apo_holo,False,False,False
488,MN,apob52d99e27a,A,4ipi,A,2,[1],[1],MN,MN,2.882152318954468,2.9004814624786377,1.295098900794983,0.7103210687637329,0.8128172159194946,1.2162632942199707,apo_holo,False,False,True
489,PYR,4plf,B,apoa4422865fc,A,2,[6],[6],PYR,PYR,7.282995223999023,2.954738140106201,1.3535596132278442,0.6898345947265625,0.6700227856636047,1.1671953201293943,apo_holo,False,False,False
490,SAM,3ai9,X,apo693998296e,A,2,[27],[20],SAM,SAM,1.899436354637146,3.102398633956909,1.3237823247909546,0.6809769868850708,0.9563894271850586,1.1453680992126465,apo_holo,False,True,True
491,AMP,3ber,A,apo43b8eb62f6,A,2,[23],[23],AMP,AMP,2.869694948196411,3.157118320465088,1.2456144094467163,0.7449383735656738,0.8386745452880859,0.9682103991508484,apo_holo,False,False,True
492,ZN,1ta9,B,apoa52e2b87bc,A,2,[1],[1],ZN,ZN,2.532303094863892,2.3089888095855717,1.4281061887741089,0.683322548866272,0.446376085281372,1.1727174520492554,apo_holo,False,False,False
493,AMP,2ak3,A,apo594bfe1d35,A,2,[22],[23],AMP,AMP,6.084079265594482,2.4823665618896484,1.529438853263855,0.7123715877532959,0.5749368667602539,1.0427603721618652,apo_holo,False,False,False
494,NAP,5tqm,A,apo08731c6428,A,2,[48],[48],NAP,NAP,3.0064077377319336,3.80729866027832,1.4346425533294678,0.7692563533782959,0.954791784286499,1.017851948738098,apo_holo,False,False,True
495,COA,3f8k,A,apofdd79e76b6,A,2,[48],[48],COA,COA,4.665571689605713,3.0128865242004395,1.38616144657135,0.7159941792488098,0.8926404714584351,1.1101837158203125,apo_holo,False,False,False
496,ADE,apo0dc9dba73c,A,3bsf,A,2,[10],[10],ADE,ADE,2.141298532485962,2.3134684562683105,1.5935094356536863,0.7129068970680237,0.810862123966217,1.246683120727539,apo_holo,False,False,True
497,FMN,3gr3,A,apo07b15fae34,A,2,[31],[31],FMN,FMN,9.411969184875488,2.253265857696533,1.9642245769500728,0.6950148940086365,0.4775656163692474,1.2773362398147583,apo_holo,False,False,False
498,GDP,apoeddcee1cd9,A,4ei7,A,2,[28],[28],GDP,GDP,2.551943778991699,2.964920997619629,1.4447815418243408,0.7375956177711487,0.573258638381958,1.0584137439727783,apo_holo,False,False,True
499,PLP,2zsj,A,apoeb69e6eac7,A,2,[15],[15],PLP,PLP,2.4794909954071045,3.4157114028930664,1.391862392425537,0.7521980404853821,0.8488481044769287,1.1485111713409424,apo_holo,False,False,True
500,AMP,apo5c44ba9907,A,4k46,A,2,[23],[23],AMP,AMP,5.714114665985107,2.838822841644287,1.6229861974716189,0.7345930337905884,0.7889992594718933,1.1464842557907104,apo_holo,False,False,False
501,NAI,apob2ac301348,A,3flk,A,2,[44],[44],NAI,NAI,2.4774861335754395,3.300147294998169,1.25334894657135,0.6906620264053345,0.8948906064033508,1.2355602979660034,apo_holo,False,False,True
502,COA,1cm0,A,apo8a016eb0da,A,2,[48],[48],COA,COA,3.774730443954468,2.9286351203918457,1.4046214818954468,0.7149632573127747,0.7081683874130249,1.1095703840255735,apo_holo,False,False,True
503,ADP,2is6,A,apofe46173242,A,2,[27],[27],ADP,ADP,2.816624641418457,2.931394100189209,1.3945679664611816,0.7036715745925903,0.786784291267395,1.1912190914154053,apo_holo,False,False,True
504,AMP,apo6031cfefc9,A,2gm3,A,2,[23],[22],AMP,AMP,3.406256437301636,3.1279947757720947,1.7141650915145874,0.7162706255912781,0.7274380922317505,1.097643494606018,apo_holo,False,False,True
505,ACO,2h5m,A,apo63599a476b,A,2,[51],[51],ACO,ACO,4.838074207305908,2.70852279663086,1.4495478868484497,0.694582462310791,0.8781798481941223,1.2162359952926636,apo_holo,False,False,False
506,COA,1cm0,A,apo5f5f6032c2,A,2,[48],[48],COA,COA,6.49330472946167,2.225537061691284,1.6210383176803589,0.5536638498306274,0.8125541806221008,1.5937594175338743,apo_holo,False,False,False
507,ATP,1csn,A,apobc912f7d4f,A,2,[31],[31],ATP,ATP,5.448956489562988,2.0679757595062256,1.5678317546844482,0.7091916799545288,0.7255719900131226,1.1721316576004028,apo_holo,False,False,False
508,HEM,3dhr,A,apo4df2a9b82d,A,2,[43],[43],HEM,HEM,5.877683162689209,2.3911471366882324,1.5848205089569092,0.6911138892173767,0.6537429094314575,1.275690674781799,apo_holo,False,False,False
509,NAD,1gv0,A,apof6b573ee02,A,2,[44],[44],NAD,NAD,3.261917352676392,2.748609781265259,1.359862208366394,0.7103668451309204,0.6159772276878357,1.042164325714111,apo_holo,False,False,True
510,ACO,6v3t,A,apo63599a476b,A,2,[51],[51],ACO,ACO,5.276495456695557,2.9204649925231934,1.488550901412964,0.704540491104126,0.7776555418968201,1.1386610269546509,apo_holo,False,False,False
511,APR,2hjr,B,apof5de2d448c,A,2,[36],[36],APR,APR,2.5898361206054688,3.4903252124786377,1.1184704303741455,0.7687218189239502,0.8357413411140442,0.9676558375358582,apo_holo,False,False,True
512,SAH,2zvb,A,apob3273e7dd2,A,2,[26],[26],SAH,SAH,5.053431987762451,2.917512893676758,1.4052395820617676,0.6576505899429321,0.9651491045951844,1.366858959197998,apo_holo,False,False,False
513,HEC,apo4a09d18f2d,A,7aba,A,2,[43],[43],HEC,HEC,6.627866268157959,2.4755752086639404,1.455291748046875,0.6974475383758545,0.837773323059082,0.9791854619979858,apo_holo,False,False,False
514,NDP,apof747a224a1,A,8b9z,P,2,[48],[48],NDP,NDP,3.095728874206543,3.832031488418579,1.220450758934021,0.7382773160934448,0.8125311732292175,0.8648836612701416,apo_holo,False,False,True
515,COA,apofe063bf0b9,A,7k0a,A,2,[48],[27],COA,COA,4.653854846954346,2.949103593826294,1.5536043643951416,0.7198030948638916,0.8438663482666016,1.1491203308105469,apo_holo,False,False,False
516,AMP,2dcl,A,apofff8bca9bc,A,2,[22],[23],AMP,AMP,6.57169771194458,2.703007698059082,1.4499746561050415,0.736469566822052,0.544021487236023,1.1962172985076904,apo_holo,False,False,False
517,COA,apo034597ae6f,A,3ubm,B,2,[48],[48],COA,COA,5.796707630157471,2.5334010124206543,1.6749080419540403,0.7103863954544067,0.932370662689209,1.355105757713318,apo_holo,False,False,False
518,AMP,1ct9,A,apo43b8eb62f6,A,2,[23],[23],AMP,AMP,3.511799097061157,2.8269505500793457,1.431222677230835,0.7258602380752563,0.6390184164047241,1.160801649093628,apo_holo,False,False,True
519,NAP,4m7u,A,apo1260edba4f,A,2,[48],[48],NAP,NAP,3.9813199043273926,3.659821510314941,1.328552484512329,0.711585521697998,0.9621266722679138,1.0689626932144165,apo_holo,False,False,True
520,APR,apod89ecce343,A,2hjr,B,2,[36],[18],APR,APR,8.001059532165527,2.5708675384521484,1.644958257675171,0.7301182746887207,0.5476391315460205,1.0648738145828247,apo_holo,False,False,False
521,AKG,3bn1,A,apoa06a38fda5,A,2,[10],[10],AKG,AKG,5.434471130371094,3.627671003341675,0.9345691204071044,0.7888674736022949,0.974460244178772,0.8175060153007507,apo_holo,False,False,False
522,ACP,apof1a565f5fa,A,8oqx,A,2,[31],[31],ACP,ACP,2.718095064163208,2.9426915645599365,1.398056149482727,0.7293155789375305,0.7790064215660095,1.1176835298538208,apo_holo,False,False,True
523,ACO,7ovu,A,apo63599a476b,A,2,[51],[51],ACO,ACO,4.9086222648620605,2.8465585708618164,1.6709152460098269,0.7379236817359924,0.9236031770706176,1.0747809410095217,apo_holo,False,False,False
524,SAM,2f8l,A,apo218b3ecdc8,A,2,[27],[27],SAM,SAM,1.7009373903274536,4.618045330047607,0.7793715596199036,0.8314474821090698,0.9854008555412292,0.7973663806915283,apo_holo,False,True,True
525,COA,apo636957bc5d,A,3f8k,A,2,[48],[48],COA,COA,3.8836278915405273,2.9278886318206787,1.5268323421478271,0.743414044380188,0.9083884954452516,1.124499797821045,apo_holo,False,False,True
526,NAD,apoea4a306902,A,3ju8,A,2,[44],[44],NAD,NAD,2.893498659133911,3.131042003631592,1.4581409692764282,0.7471736073493958,0.7954503893852234,1.013153076171875,apo_holo,False,False,True
527,ATP,apo4cb460f936,A,2vt3,B,2,[31],[9],ATP,ATP,4.746007919311523,2.7091224193573,1.441486358642578,0.7203357815742493,0.894452691078186,0.98742014169693,apo_holo,False,False,False
528,AMP,apofff8bca9bc,A,4hxv,A,2,[23],[22],AMP,AMP,4.2818779945373535,2.484893560409546,1.548149824142456,0.7730181813240051,0.773828387260437,1.1012976169586182,apo_holo,False,False,False
529,NAI,3flk,A,apo131ef01eab,A,2,[44],[44],NAI,NAI,2.8418710231781006,3.196160078048706,1.2685731649398804,0.6985253691673279,0.8559470772743225,1.256704568862915,apo_holo,False,False,True
530,UDP,apob2e8d96712,A,7zer,A,2,[25],[24],UDP,UDP,7.290048122406006,3.2853689193725586,1.198568344116211,0.7591415643692017,0.9400739073753356,0.9941431879997252,apo_holo,False,False,False
531,CA,4b97,A,apo858a2f6cdf,A,2,[1],[1],CA,CA,7.446399211883545,2.216870784759521,1.4597499370574951,0.6922159194946289,0.6600557565689087,1.3885835409164429,apo_holo,False,False,False
532,AMP,3l2p,A,apof76d61a07e,A,2,[23],[22],AMP,AMP,2.5186774730682373,2.9909439086914062,1.3626917600631714,0.7436445951461792,0.8746435046195984,0.9773573279380798,apo_holo,False,False,True
533,OXY,apo2c3a0c55e6,A,4yu3,A,2,[2],[1],OXY,OXY,7.40253210067749,2.1596834659576416,1.6934641599655151,0.7170791029930115,0.7166486382484436,1.0660035610198977,apo_holo,False,False,False
534,ADP,4gt8,A,apofe46173242,A,2,[27],[27],ADP,ADP,3.041587352752685,2.9434871673583984,1.5090583562850952,0.7319082021713257,0.8675451874732971,1.1408318281173706,apo_holo,False,False,True
535,GDP,2qa5,B,apo3792abad1e,A,2,[28],[28],GDP,GDP,1.2824392318725586,3.556222438812256,1.2704696655273438,0.7108381390571594,0.9550473093986512,0.8724808692932129,apo_holo,False,True,True
536,ANP,apo642faee836,A,7x4n,E,2,[31],[31],ANP,ANP,3.454392194747925,3.621087312698364,0.8012114763259888,0.7163414359092712,0.9899332523345948,0.7643486261367798,apo_holo,False,False,True
537,HEM,apo7c333aef82,A,2nrm,A,2,[43],[43],HEM,HEM,6.996855735778809,2.649585723876953,1.565263271331787,0.7246624827384949,0.8983472585678101,1.3248153924942017,apo_holo,False,False,False
538,UDP,apob2e8d96712,A,4pqg,A,2,[25],[24],UDP,UDP,7.405133247375488,3.145310878753662,1.38256573677063,0.7391968965530396,0.905142903327942,1.071902632713318,apo_holo,False,False,False
539,UDP,2d7i,A,apob2e8d96712,A,2,[24],[25],UDP,UDP,7.411767482757568,2.9840941429138184,1.2849855422973633,0.7307134866714478,0.8824791312217712,1.1594843864440918,apo_holo,False,False,False
540,MG,apoac42c0305e,A,4gi2,A,2,[1],[1],MG,MG,6.915786266326904,1.9687376022338867,1.6756197214126587,0.7144685387611389,0.5473681092262268,1.076951026916504,apo_holo,False,False,False
541,AMP,3l2p,A,apo43b8eb62f6,A,2,[23],[22],AMP,AMP,6.249355316162109,2.7428438663482666,1.500186562538147,0.7165610790252686,0.8684262633323669,1.0390545129776,apo_holo,False,False,False
542,COA,1scu,A,apo8a016eb0da,A,2,[48],[48],COA,COA,2.93387508392334,2.8067336082458496,1.508569359779358,0.7233392000198364,0.9133946299552916,0.9528169631958008,apo_holo,False,False,True
543,NDP,4l4x,A,apof747a224a1,A,2,[48],[48],NDP,NDP,3.3910181522369385,3.678215980529785,1.188442945480347,0.7410633563995361,0.8014649152755737,0.8097361326217651,apo_holo,False,False,True
544,COA,apo034597ae6f,A,6mgg,C,2,[48],[48],COA,COA,6.875869274139404,2.7720065116882324,1.5472259521484375,0.670910656452179,0.92296302318573,1.08861243724823,apo_holo,False,False,False
545,SAM,3ai9,X,apof296d86dde,A,2,[27],[20],SAM,SAM,8.082382202148438,3.141818046569824,1.4078344106674194,0.6840612888336182,0.8239684700965881,1.130075454711914,apo_holo,False,False,False
546,BGC,apoc8cf0d8714,A,5do8,B,2,[12],[12],BGC,BGC,6.461069107055664,3.236783981323242,1.015674710273743,0.7278304100036621,0.8171197772026062,0.8663625121116638,apo_holo,False,False,False
547,ADE,apo67359c8433,A,3le7,A,2,[10],[10],ADE,ADE,5.064582347869873,2.736720561981201,1.566009283065796,0.7331225275993347,0.8151607513427734,1.025676131248474,apo_holo,False,False,False
548,NDP,2xw7,A,apof747a224a1,A,2,[48],[48],NDP,NDP,3.952227115631104,3.0492753982543945,1.5290066003799438,0.7539790272712708,0.757817804813385,0.9997853636741638,apo_holo,False,False,True
549,ACO,4jwp,A,apo63599a476b,A,2,[51],[51],ACO,ACO,4.892646312713623,2.802368640899658,1.623714804649353,0.7601122856140137,0.8325064182281494,1.0666249990463257,apo_holo,False,False,False
550,CO,3hdi,A,apoa708248ee5,A,2,[1],[1],CO,CO,7.394284725189209,1.913969039916992,1.542881965637207,0.7067007422447205,0.8209049105644226,1.1925873756408691,apo_holo,False,False,False
551,ADP,apo59a84e4b85,A,8cqx,A,2,[27],[27],ADP,ADP,2.5115866661071777,3.166804313659668,1.4493447542190552,0.7202259302139282,0.8001071214675903,1.133529782295227,apo_holo,False,False,True
552,AMP,apo5c44ba9907,A,5b8h,A,2,[23],[23],AMP,AMP,6.405488014221191,3.1157383918762207,0.9975433945655824,0.7577390074729919,0.9471685290336608,0.8672410845756531,apo_holo,False,False,False
553,CU,apo1b68d02ea9,A,6km8,A,2,[1],[1],CU,CU,0.537232518196106,2.2879133224487305,1.4188847541809082,0.7007690668106079,0.9514098167419434,1.0008984804153442,apo_holo,True,True,True
554,MN,apoe475318e4a,A,4ilk,A,2,[1],[1],MN,MN,5.204897880554199,3.32155704498291,1.2936077117919922,0.7637878060340881,0.9203996062278748,1.0800316333770752,apo_holo,False,False,False
555,SAM,apob0da859712,A,4uw0,A,2,[27],[27],SAM,SAM,8.095307350158691,2.791482448577881,1.358637809753418,0.7018670439720154,0.7232347130775452,1.1765514612197876,apo_holo,False,False,False
556,NAD,2jg7,A,apo9a3af22267,A,2,[44],[44],NAD,NAD,2.851403951644897,4.063363552093506,1.0030256509780884,0.7742398977279663,0.8088884353637695,0.8405483365058899,apo_holo,False,False,True
557,NAP,apo9e87a48572,A,5eyg,B,2,[48],[48],NAP,NAP,5.901647567749023,2.526313781738281,1.1538357734680176,0.735429048538208,0.8968316912651062,0.8313918113708496,apo_holo,False,False,False
558,UDP,2acv,A,apob2e8d96712,A,2,[24],[25],UDP,UDP,7.313827991485596,3.285055160522461,1.2105644941329956,0.7491363883018494,0.9390191435813904,1.060164213180542,apo_holo,False,False,False
559,CU,apoa1055b5623,A,6km8,A,2,[1],[1],CU,CU,0.5384455919265747,2.055474042892456,1.4369940757751465,0.6996955871582031,0.902256190776825,1.0122944116592407,apo_holo,True,True,True
560,UDP,apob2e8d96712,A,5tvg,A,2,[25],[24],UDP,UDP,7.458348751068115,3.1788783073425293,1.339042901992798,0.7336307168006897,0.757377564907074,1.1319431066513062,apo_holo,False,False,False
561,NAP,4m7u,A,apof18e996437,A,2,[48],[48],NAP,NAP,4.504556655883789,3.804513454437256,1.2855820655822754,0.7639127373695374,0.9820939898490906,1.005223274230957,apo_holo,False,False,False
562,UDP,2iya,A,apob2e8d96712,A,2,[24],[25],UDP,UDP,7.3263115882873535,3.3374686241149902,1.2612954378128052,0.7743825912475586,0.8952911496162415,0.9622966647148132,apo_holo,False,False,False
563,NAP,4m7u,A,apo9e87a48572,A,2,[48],[48],NAP,NAP,5.29013729095459,3.738256931304932,1.3463866710662842,0.7336907982826233,0.816486656665802,0.9515795111656188,apo_holo,False,False,False
564,UDP,apob2e8d96712,A,5v0t,E,2,[25],[24],UDP,UDP,7.465903282165527,3.192610263824463,1.3850324153900146,0.7470144629478455,0.6626225709915161,1.0449888706207275,apo_holo,False,False,False
565,CU,6l4c,C,apo561904df3e,A,2,[1],[1],CU,CU,1.786754488945007,1.7199034690856934,1.781455397605896,0.6716820001602173,0.8102016448974609,0.9588488936424256,apo_holo,False,True,True
566,COA,1xvt,A,apo034597ae6f,A,2,[48],[48],COA,COA,5.10320520401001,2.700502395629883,1.5837430953979492,0.7137849926948547,0.8522073030471802,1.2724082469940186,apo_holo,False,False,False
567,COA,apofe063bf0b9,A,5gcn,A,2,[48],[27],COA,COA,5.651641845703125,2.9141969680786133,1.6585893630981443,0.7378067970275879,0.7573045492172241,1.1129964590072632,apo_holo,False,False,False
568,AMP,2dcl,A,apo9bfef3aac4,A,2,[22],[23],AMP,AMP,7.1292805671691895,2.440878868103028,1.602587342262268,0.6781178116798401,0.7376450300216675,1.0805248022079468,apo_holo,False,False,False
569,CO,2xvz,A,apo7a12359999,A,2,[1],[1],CO,CO,3.031433343887329,2.1430811882019043,1.7012795209884644,0.6806702613830566,0.7119372487068176,0.911437213420868,apo_holo,False,False,True
570,AMP,4hxv,A,apoacde4420e4,A,2,[23],[23],AMP,AMP,4.187858581542969,2.771664619445801,1.4301475286483765,0.740980327129364,0.6423454880714417,1.2031261920928955,apo_holo,False,False,False
571,ANP,apo470c3179a7,A,3vpd,A,2,[31],[31],ANP,ANP,3.158416271209717,3.1854047775268555,1.5283076763153076,0.7395910024642944,0.8706724643707275,1.1386271715164185,apo_holo,False,False,True
572,GDP,2v40,A,apo1db48c5f0c,A,2,[28],[28],GDP,GDP,1.5415915250778198,3.7180447578430176,0.7471156120300293,0.7870603203773499,0.9953860640525818,0.8353970050811768,apo_holo,False,True,True
573,NAD,apo86f36ad70f,A,3ju8,A,2,[44],[44],NAD,NAD,1.953045129776001,3.9300529956817623,1.19563627243042,0.7649399638175964,0.9487692713737488,0.8834852576255798,apo_holo,False,True,True
574,COA,1yvk,A,apo034597ae6f,A,2,[48],[48],COA,COA,4.268520832061768,2.7866692543029785,1.4460448026657104,0.7276291847229004,0.8442888259887695,1.077244997024536,apo_holo,False,False,False
575,UDP,3hbn,A,apob2e8d96712,A,2,[24],[25],UDP,UDP,7.38550853729248,3.1837832927703857,1.2656818628311155,0.7539752125740051,0.7046733498573303,0.9641044735908508,apo_holo,False,False,False
576,COA,apo034597ae6f,A,2bue,A,2,[48],[48],COA,COA,4.433812618255615,2.675903797149658,1.445156216621399,0.7106669545173645,0.783362090587616,1.217471718788147,apo_holo,False,False,False
577,SAM,apofd7fa63b48,A,4ax8,A,2,[27],[27],SAM,SAM,8.110028266906738,2.351377010345459,1.5429177284240725,0.7283474802970886,0.5484210252761841,1.2244681119918823,apo_holo,False,False,False
578,GDP,1dj3,A,apoc424f1c171,A,2,[28],[28],GDP,GDP,2.3597452640533447,3.1094582080841064,1.429113268852234,0.7584985494613647,0.8319250345230103,1.0327317714691162,apo_holo,False,False,True
579,OXY,apo661b32cc25,A,4yu3,A,2,[2],[2],OXY,OXY,1.828904151916504,2.483889579772949,1.4932760000228882,0.7358865737915039,0.8301510214805603,1.1512494087219238,apo_holo,False,True,True
580,ANP,3zfd,A,apo642faee836,A,2,[31],[31],ANP,ANP,3.366978883743286,3.591247081756592,0.787404477596283,0.7015935778617859,0.9845209121704102,0.7792847156524658,apo_holo,False,False,True
581,ANP,3zfd,A,apo54083b9d41,A,2,[31],[31],ANP,ANP,2.451233148574829,3.4135336875915527,1.0300936698913574,0.6768041849136353,0.912824273109436,1.0166760683059692,apo_holo,False,False,True
582,NAP,5vkt,A,apo08731c6428,A,2,[48],[48],NAP,NAP,2.7140724658966064,3.7624878883361816,1.4568915367126465,0.7809723019599915,0.9415163397789,1.0458059310913086,apo_holo,False,False,True
583,NDP,5dul,C,apof747a224a1,A,2,[48],[48],NDP,NDP,3.1109464168548584,3.586984157562256,1.3249006271362305,0.740327000617981,0.75191730260849,0.939078450202942,apo_holo,False,False,True
584,AMP,2dcl,A,apof76d61a07e,A,2,[23],[23],AMP,AMP,6.578703880310059,2.71899938583374,1.5733977556228638,0.7873783707618713,0.8883161544799805,0.9064118266105652,apo_holo,False,False,False
585,ANP,3ew9,A,apo470c3179a7,A,2,[31],[31],ANP,ANP,2.371813535690308,3.201695442199707,1.4721068143844604,0.7440411448478699,0.8068684935569763,1.0266979932785034,apo_holo,False,False,True
586,ACO,6ao7,A,apo63599a476b,A,2,[51],[51],ACO,ACO,4.69719123840332,2.703806161880493,1.7187782526016235,0.71722412109375,0.9035512804985046,1.223509430885315,apo_holo,False,False,False
587,MG,apo10bc5c3173,A,2qlw,B,2,[1],[1],MG,MG,6.928114891052246,2.842514514923096,1.5154708623886108,0.6969881057739258,0.943581998348236,1.218996524810791,apo_holo,False,False,False
588,GTP,apofe57346899,A,3ldu,A,2,[32],[32],GTP,GTP,5.485053539276123,1.8754682540893557,1.6874665021896362,0.6203027963638306,0.3208674788475036,1.1511361598968506,apo_holo,False,False,False
589,NDP,3ing,A,apof747a224a1,A,2,[48],[48],NDP,NDP,3.0520472526550293,3.55847692489624,1.3277835845947266,0.722908079624176,0.6112520098686218,0.9790381789207458,apo_holo,False,False,True
590,SAM,4ax8,A,apo218b3ecdc8,A,2,[27],[27],SAM,SAM,1.7936787605285645,4.452528476715088,0.7312329411506653,0.7977375388145447,0.903830111026764,0.7700674533843994,apo_holo,False,True,True
591,FE,2boy,A,apo40888f554b,A,2,[1],[1],FE,FE,1.106673240661621,2.6657681465148926,1.4443378448486328,0.7599139213562012,0.4647067785263061,0.8972207307815552,apo_holo,False,False,False
592,COA,1yvk,A,apo5f5f6032c2,A,2,[48],[48],COA,COA,6.813660144805908,2.45546293258667,1.72682785987854,0.6266747713088989,0.7955779433250427,1.264699935913086,apo_holo,False,False,False
593,NDP,2xw7,A,apoa45cd51704,A,2,[48],[48],NDP,NDP,3.692906141281128,3.64778208732605,1.4243847131729126,0.7373553514480591,0.971194863319397,0.9112617373466492,apo_holo,False,False,True
594,COA,2bue,A,apo8a016eb0da,A,2,[48],[48],COA,COA,3.9827842712402335,3.0311648845672607,1.4349312782287598,0.7436828017234802,0.959559977054596,0.9769458174705504,apo_holo,False,False,True
595,GDP,2v40,A,apoc42d5dc4b8,A,2,[28],[28],GDP,GDP,0.8666009902954102,3.7873106002807617,0.8309537768363953,0.7745922803878784,0.9294121861457824,0.7699136137962341,apo_holo,True,True,True
596,PLP,2bht,A,apo744b815250,A,2,[15],[15],PLP,PLP,1.5789647102355957,3.496253967285156,1.3607162237167358,0.772616982460022,0.5142093300819397,0.9672430157661438,apo_holo,False,True,True
597,SAM,3ai9,X,apoa049c7a917,A,2,[27],[20],SAM,SAM,2.0358448028564453,3.18601131439209,1.2415462732315063,0.6934531927108765,0.9221236705780028,1.0859975814819336,apo_holo,False,False,True
598,PLP,2d1f,A,apoeb69e6eac7,A,2,[15],[15],PLP,PLP,2.4715633392333984,3.4783425331115723,1.3186408281326294,0.7500213980674744,0.8143102526664734,1.160301923751831,apo_holo,False,False,True
599,ADP,3rfc,A,apo0bdd215b0a,A,2,[27],[27],ADP,ADP,1.7703657150268557,3.0897717475891118,1.4052716493606567,0.7406017184257507,0.7504491806030273,1.0516142845153809,apo_holo,False,True,True
600,COA,apofe063bf0b9,A,5ayv,B,2,[48],[27],COA,COA,4.555429458618164,2.655446529388428,1.625477910041809,0.7247928977012634,0.7974280714988708,1.199021577835083,apo_holo,False,False,False
601,NAI,3flk,A,apo7dcb3916e0,A,2,[44],[44],NAI,NAI,2.966280937194824,3.3494155406951904,1.388973832130432,0.7368521690368652,0.8745542168617249,1.1924424171447754,apo_holo,False,False,True
602,NDP,2xw7,A,apocbfde54817,A,2,[48],[48],NDP,NDP,2.7928009033203125,3.324726104736328,1.3689053058624268,0.6728693842887878,0.7393398880958557,1.1352306604385376,apo_holo,False,False,True
603,MG,apo5c2dcc7d84,A,5da9,A,3,[1],[1],MG,MG,2.2509727478027344,2.259305238723755,1.6543508768081665,0.7137504816055298,0.7915366888046265,1.0502994060516355,apo_holo,False,False,True
604,PO3,apo357d306a87,A,4buc,A,3,[4],[4],PO3,PO3,7.154271125793457,3.1600542068481445,1.152344822883606,0.778298556804657,0.9557381868362428,0.935950756072998,apo_holo,False,False,False
605,NAI,apo7dcb3916e0,A,7p61,F,3,[44],[44],NAI,NAI,2.733794689178467,2.8787527084350586,1.5060428380966189,0.7251829504966736,0.8394073247909546,1.2231305837631226,apo_holo,False,False,True
606,G6P,5v0t,E,apo9cef52fd55,A,3,[16],[16],G6P,G6P,4.285708427429199,2.895209312438965,1.474013328552246,0.7876939177513123,0.5603600740432739,1.0531747341156006,apo_holo,False,False,False
607,GDP,apoc424f1c171,A,7m6j,A,3,[28],[28],GDP,GDP,2.0976240634918213,3.1674675941467285,1.3225234746932983,0.7258365750312805,0.8270388245582581,1.045399188995361,apo_holo,False,False,True
608,MG,2vjy,A,apoa2d14d94b7,A,3,[1],[1],MG,MG,6.047293663024902,2.866955280303955,1.8810652494430544,0.7119867205619812,0.8217769861221313,1.342244029045105,apo_holo,False,False,False
609,ATP,2vt3,B,apoea7fb5a6df,A,3,[31],[31],ATP,ATP,3.786922693252564,2.813421726226806,1.4760501384735107,0.7330515384674072,0.8432831168174744,1.0163294076919556,apo_holo,False,False,True
610,NAD,apoc5944f2aa6,A,4nk5,A,3,[44],[44],NAD,NAD,3.0823616981506348,3.231915235519409,1.5908827781677246,0.7298097014427185,0.6111977696418762,1.0937979221343994,apo_holo,False,False,True
611,NAD,5hvn,A,apo629ce742cb,A,3,[44],[44],NAD,NAD,2.726520538330078,3.1102294921875,1.4084209203720093,0.7604724764823914,0.7672123312950134,1.0097566843032837,apo_holo,False,False,True
612,ATP,2yj4,B,apoe41ca1ba54,A,3,[31],[31],ATP,ATP,3.7122981548309326,2.788457155227661,1.6336374282836914,0.7484893202781677,0.4406227767467499,1.103477954864502,apo_holo,False,False,False
613,APR,apo0ccbcef8ff,A,2hjr,B,3,[36],[36],APR,APR,2.2923707962036133,3.830075263977051,0.7938675880432129,0.8093010783195496,0.7928506135940552,0.7672849297523499,apo_holo,False,False,True
614,NAD,3u31,A,apo75dbd6715e,A,3,[44],[44],NAD,NAD,3.7535457611083984,4.027964115142822,0.8991954922676086,0.822236180305481,0.9773608446121216,0.8088902235031128,apo_holo,False,False,True
615,NAI,apoad92680901,A,7p61,F,3,[44],[44],NAI,NAI,2.579425573348999,2.83642053604126,1.5816904306411743,0.7188916206359863,0.6326313614845276,1.1894723176956177,apo_holo,False,False,True
616,NAD,apoea4a306902,A,4xgi,A,3,[44],[44],NAD,NAD,3.322359323501587,3.209659576416016,1.3463811874389648,0.7104294300079346,0.9099809527397156,1.0594549179077148,apo_holo,False,False,True
617,ADP,apoee517947cd,A,4fey,A,3,[27],[27],ADP,ADP,2.9922592639923096,2.3127031326293945,1.47112774848938,0.6677432060241699,0.6599332094192505,1.2755755186080933,apo_holo,False,False,True
618,NAP,apo3732d0c452,A,6v6y,A,3,[48],[48],NAP,NAP,1.6520044803619385,4.571286678314209,0.6413587927818298,0.8336989879608154,0.9976350665092468,0.7333317995071411,apo_holo,False,True,True
619,AKG,4qkb,A,apo754fdde920,A,3,[10],[10],AKG,AKG,1.9536657333374023,3.8317837715148926,0.8750791549682617,0.8377175331115723,0.9264819622039796,0.8397480249404907,apo_holo,False,True,True
620,NAD,apoc5944f2aa6,A,3uxy,C,3,[44],[44],NAD,NAD,3.062702178955078,3.203606367111206,1.402269959449768,0.7230581045150757,0.8435646295547485,1.0860998630523682,apo_holo,False,False,True
621,NAI,apo131ef01eab,A,7p61,F,3,[44],[44],NAI,NAI,2.858423948287964,2.8430821895599365,1.4752081632614136,0.6928898096084595,0.6998480558395386,1.2537479400634766,apo_holo,False,False,True
622,XYP,3ma0,A,apoea155d49a4,A,3,[10],[10],XYP,XYP,3.5238499641418457,2.844539165496826,1.4847460985183716,0.7450516223907471,0.9065293073654176,0.8999410271644592,apo_holo,False,False,True
623,AMP,3fwz,A,apoacde4420e4,A,3,[23],[23],AMP,AMP,2.0487217903137207,2.6817739009857178,1.5784956216812134,0.7251304388046265,0.8031048774719238,1.1331031322479248,apo_holo,False,False,True
624,NAI,apob2ac301348,A,7p61,F,3,[44],[44],NAI,NAI,2.5612382888793945,2.931551694869995,1.463456392288208,0.7120106220245361,0.7500635385513306,1.1570920944213867,apo_holo,False,False,True
625,NAD,apo2d811e6df0,A,3zok,A,3,[44],[44],NAD,NAD,2.579077243804932,3.0186972618103027,1.395536184310913,0.7513711452484131,0.5427459478378296,0.9703925251960754,apo_holo,False,False,True
626,COA,apo636957bc5d,A,6mgg,C,3,[48],[48],COA,COA,3.595867156982422,3.917694807052612,0.9285789132118224,0.7743381857872009,0.9808403253555298,0.866196870803833,apo_holo,False,False,True
627,BEF,apo01f8b0c9d5,A,5he9,A,3,[4],[4],BEF,BEF,2.0749447345733643,3.106799840927124,1.4075037240982056,0.7605918645858765,0.851876437664032,1.0657716989517212,apo_holo,False,False,True
628,BEF,5he9,A,apod277ffbc14,A,3,[4],[4],BEF,BEF,3.6018426418304443,3.289144277572632,1.3501057624816897,0.7351515293121338,0.891941487789154,1.1216906309127808,apo_holo,False,False,True
629,GDP,2bov,A,apo84a68ef5a8,A,3,[28],[28],GDP,GDP,2.8730947971343994,3.2043492794036865,1.5303359031677246,0.7087612748146057,0.9122418165206908,1.2898308038711548,apo_holo,False,False,True
630,COA,1q6y,A,apofdd79e76b6,A,3,[48],[48],COA,COA,3.57385516166687,3.775622844696045,0.7862985134124756,0.7746789455413818,0.9709939360618592,0.8328107595443726,apo_holo,False,False,True
631,CA,4lt6,A,apof5865c43b6,A,3,[1],[1],CA,CA,8.524070739746094,2.2078206539154053,1.634523630142212,0.6690558195114136,0.9252092242240906,1.261089563369751,apo_holo,False,False,False
632,NAD,5eks,A,apo629ce742cb,A,3,[44],[44],NAD,NAD,3.163429021835327,3.1582484245300293,1.4858561754226685,0.7537216544151306,0.7443762421607971,1.024300456047058,apo_holo,False,False,True
633,PYR,apoa0b87ab07c,A,5lu4,A,3,[6],[5],PYR,PYR,2.6655712127685547,3.292164802551269,0.9980356097221376,0.720384955406189,0.7906293869018555,0.8976750373840332,apo_holo,False,False,True
634,NAD,apoc79cad30a3,A,5eks,A,3,[44],[44],NAD,NAD,2.4854543209075928,3.0049943923950195,1.2579363584518433,0.7073019742965698,0.841489851474762,1.0482114553451538,apo_holo,False,False,True
635,GDP,apoc424f1c171,A,8dkt,A,3,[28],[28],GDP,GDP,1.8190962076187132,3.1418373584747314,1.4604395627975464,0.7386314868927002,0.7915273904800415,0.9482335448265076,apo_holo,False,True,True
636,AKG,apoe86394f4a0,A,4qkb,A,3,[10],[10],AKG,AKG,2.0786592960357666,3.704345226287842,0.7903887629508972,0.8319457769393921,0.9226697087287904,0.8471094965934753,apo_holo,False,False,True
637,COA,apo636957bc5d,A,5ayv,B,3,[48],[48],COA,COA,5.530704975128174,3.986172437667847,1.094393014907837,0.7661503553390503,0.96830153465271,0.9045909643173218,apo_holo,False,False,False
638,XYP,4ywh,A,apoea155d49a4,A,3,[10],[10],XYP,XYP,3.3395180702209477,2.845386266708374,1.301891803741455,0.7155755758285522,0.9065688848495485,0.9788283109664916,apo_holo,False,False,True
639,MG,2rex,D,apo5c2dcc7d84,A,3,[1],[1],MG,MG,1.3993909358978271,2.97451400756836,1.5464341640472412,0.7101060152053833,0.8738765716552734,1.2490063905715942,apo_holo,False,True,True
640,NAD,5koi,A,apo027b404733,A,3,[44],[44],NAD,NAD,8.199889183044434,4.218461990356445,0.7561306357383728,0.7866647243499756,0.9907084107398988,0.7638290524482727,apo_holo,False,False,False
641,GDP,apo84a68ef5a8,A,3zbq,A,3,[28],[28],GDP,GDP,3.364647626876831,3.0441250801086426,1.3360114097595217,0.757759690284729,0.908556878566742,1.00767719745636,apo_holo,False,False,True
642,GDP,apo84a68ef5a8,A,4ei7,A,3,[28],[28],GDP,GDP,3.376944065093994,3.1130154132843018,1.3019245862960815,0.7335469722747803,0.9740038514137268,0.9857572317123412,apo_holo,False,False,True
643,CO,2xvz,A,apo7f5816a39c,A,3,[1],[1],CO,CO,7.068180084228516,2.4901022911071777,1.538715362548828,0.7136515974998474,0.4862081408500671,1.2645004987716677,apo_holo,False,False,False
644,GTP,apo3a68bb90dc,A,3ldu,A,3,[32],[32],GTP,GTP,2.734680414199829,3.112175703048706,1.498361349105835,0.718058168888092,0.8031719923019409,1.15574049949646,apo_holo,False,False,True
645,MG,2gfq,A,apob29343600f,A,3,[1],[1],MG,MG,5.65218448638916,2.3751087188720703,1.4466688632965088,0.6476388573646545,0.8360544443130493,1.4191203117370603,apo_holo,False,False,False
646,NAD,apob53e931f19,A,1v9l,A,3,[44],[44],NAD,NAD,3.322839975357056,3.2510571479797363,1.3498493432998655,0.7230754494667053,0.8976978063583374,1.0510649681091309,apo_holo,False,False,True
647,NAD,apo4e1ed20f48,A,3okf,A,3,[44],[44],NAD,NAD,2.7530195713043213,3.063062191009521,1.3986873626708984,0.7382071614265442,0.7281870245933533,0.9931105375289916,apo_holo,False,False,True
648,ATP,3hgm,A,apoe41ca1ba54,A,3,[31],[31],ATP,ATP,3.36176872253418,2.7699899673461914,1.404420018196106,0.7047708034515381,0.8967952728271484,1.1499522924423218,apo_holo,False,False,True
649,NAD,apoea4a306902,A,6ah9,A,3,[44],[44],NAD,NAD,3.334820032119751,3.2901384830474854,1.5059287548065186,0.7482543587684631,0.8348577618598938,1.0205096006393433,apo_holo,False,False,True
650,NAD,apo86f36ad70f,A,5eks,A,3,[44],[44],NAD,NAD,2.589571475982666,3.0167250633239746,1.3537548780441284,0.7208120226860046,0.8391919732093811,0.9792320728302002,apo_holo,False,False,True
651,GTP,apoe8aabedcc3,A,3ldu,A,3,[32],[32],GTP,GTP,2.6116108894348145,3.088932991027832,1.3956031799316406,0.6924371719360352,0.8754509687423706,1.2801306247711182,apo_holo,False,False,True
652,GDP,4ei7,A,apo1db48c5f0c,A,3,[28],[28],GDP,GDP,1.9589909315109253,3.1939268112182617,1.5516475439071655,0.7218939661979675,0.8086361289024353,1.123651146888733,apo_holo,False,True,True
653,NAD,apo1def35ccd9,A,5u4q,B,3,[44],[44],NAD,NAD,2.941239833831787,3.293386459350586,1.3744491338729858,0.7175173163414001,0.7945139408111572,1.1162601709365845,apo_holo,False,False,True
654,COA,1q6y,A,apo5f5f6032c2,A,3,[48],[48],COA,COA,8.887319564819336,3.498152732849121,0.8957014083862305,0.6958479285240173,0.9307848811149596,0.9828498363494872,apo_holo,False,False,False
655,GDP,apo84a68ef5a8,A,4ei7,A,3,[28],[28],GDP,GDP,3.3769476413726807,3.1130151748657227,1.3019250631332395,0.7335473895072937,0.9740038514137268,0.9857566952705384,apo_holo,False,False,True
656,GNP,2rex,D,apo7b8e856a60,A,4,[32],[32],GNP,GNP,1.070581078529358,4.943720817565918,0.5661730170249939,0.8569328784942627,0.9116842150688172,0.7345678806304932,apo_holo,False,True,True
657,GNP,4zi2,A,apo4a6feb34ed,A,4,[32],[32],GNP,GNP,2.018960475921631,5.019386291503906,0.4663756191730499,0.8688949346542358,0.8920674920082092,0.7143981456756592,apo_holo,False,False,True
658,SAH,apob3273e7dd2,A,4xcx,A,4,[26],[26],SAH,SAH,0.8250597715377808,4.697357177734375,0.5986555218696594,0.8195551037788391,0.9956450462341307,0.7855170369148254,apo_holo,True,True,True
659,B4P,apo6fd37a5c14,A,3a74,A,4,[53],[53],B4P,B4P,4.235363483428955,3.402382135391236,1.007017731666565,0.7371699810028076,0.9627783298492432,0.9854503870010376,apo_holo,False,False,False
660,GNP,apob33d1dca91,A,2kwi,A,4,[32],[32],GNP,GNP,2.814979791641236,4.733875751495361,0.5532199740409851,0.8163785934448242,0.995376706123352,0.721360981464386,apo_holo,False,False,True
661,UDP,2iya,A,apod2359bd57e,A,4,[25],[25],UDP,UDP,3.208942413330078,3.963491439819336,0.8854578137397766,0.7759378552436829,0.9334492683410645,0.830578625202179,apo_holo,False,False,True
662,TPP,3ahc,A,apof887ac382f,A,4,[26],[26],TPP,TPP,1.0122075080871582,4.139559268951416,0.7902078032493591,0.7928719520568848,0.911884307861328,0.8771129846572876,apo_holo,False,True,True
663,TPP,2x7j,A,apof887ac382f,A,4,[26],[26],TPP,TPP,1.222436547279358,4.473966598510742,0.7430987358093262,0.8446177840232849,0.9924679398536682,0.7871251702308655,apo_holo,False,True,True
664,ACO,apo52a5d4138d,A,5hgz,A,4,[51],[51],ACO,ACO,3.2378664016723637,4.520690441131592,0.6009979844093323,0.8262568712234497,0.996438443660736,0.7181704044342041,apo_holo,False,False,True
665,SAM,3dou,A,apo865b191f3d,A,4,[27],[27],SAM,SAM,1.2374876737594604,4.515964031219482,0.7171355485916138,0.8099130988121033,0.8172942996025085,0.714806079864502,apo_holo,False,True,True
666,ANP,1jpa,A,apo5ae68c8b06,A,4,[31],[10],ANP,ANP,0.5358489155769348,4.3835225105285645,0.650470495223999,0.8487303853034973,0.9855495691299438,0.8166988492012024,apo_holo,True,True,True
667,NAP,1ps9,A,apo07931d71fc,A,4,[48],[48],NAP,NAP,6.4566802978515625,3.472055435180664,0.6676243543624878,0.7346450090408325,0.9913544058799744,0.8319914937019348,apo_holo,False,False,False
668,HAR,apo6d56bfe79a,A,5zee,B,4,[13],[13],HAR,HAR,1.2518196105957031,5.250074863433838,0.3051111996173858,0.921140432357788,0.9971126914024352,0.6913030743598938,apo_holo,False,True,True
669,SAM,2f8l,A,apo0c4f651c46,A,4,[27],[27],SAM,SAM,7.133671760559082,1.7200443744659424,1.5560302734375,0.6571263074874878,0.807770311832428,1.3386030197143557,apo_holo,False,False,False
670,E64,1aec,A,apoa7e1da284c,A,4,[25],[25],E64,E64,1.345805287361145,5.044150352478027,0.4104050695896148,0.907522201538086,0.9986608028411864,0.7553772926330566,apo_holo,False,True,True
671,GNP,5di3,B,apo10682e65ac,A,4,[32],[32],GNP,GNP,0.6979838609695435,4.816102504730225,0.5125787854194641,0.8376846313476562,0.9101023077964784,0.7086545825004578,apo_holo,True,True,True
672,GNP,apob33d1dca91,A,5xkt,A,4,[32],[32],GNP,GNP,1.5436218976974487,4.460872173309326,0.6403010487556458,0.8209777474403381,0.9862547516822816,0.7022808194160461,apo_holo,False,True,True
673,E64,2bdz,A,apoa7e1da284c,A,4,[25],[25],E64,E64,1.5291460752487185,4.946323394775391,0.4433827102184295,0.8990199565887451,0.997741997241974,0.730303943157196,apo_holo,False,True,True
674,E64,5a24,A,apoa7e1da284c,A,4,[25],[18],E64,E64,0.9658082723617554,5.039287567138672,0.3486714959144592,0.9090697169303894,0.9966166019439696,0.7305793762207031,apo_holo,True,True,True
675,GTP,apo3a68bb90dc,A,2v55,D,4,[32],[32],GTP,GTP,1.0306257009506226,4.702536582946777,0.6073723435401917,0.8158484697341919,0.9018594026565552,0.7950626611709595,apo_holo,False,True,True
676,GTP,apoc031984eba,A,6y09,A,4,[32],[32],GTP,GTP,2.5410311222076416,4.037233829498291,0.7134225964546204,0.7083482146263123,0.9814951419830322,0.7941059470176697,apo_holo,False,False,True
677,NAP,2rcy,A,apof18e996437,A,4,[48],[48],NAP,NAP,2.643564224243164,4.345696449279785,0.8718411326408386,0.797274112701416,0.9761745929718018,0.8068764209747314,apo_holo,False,False,True
678,CPR,apoef50d79b8c,A,1nfb,A,4,[22],[22],CPR,CPR,0.7853614091873169,5.008569717407227,0.6302191019058228,0.8665215969085693,0.9999884366989136,0.8325570225715637,apo_holo,True,True,True
679,BAT,apo2b03c46658,A,1rm8,A,4,[32],[32],BAT,BAT,4.128321170806885,4.091928482055664,0.5787655115127563,0.8466638326644897,0.971355438232422,0.6694389581680298,apo_holo,False,False,False
680,GCS,2vzs,A,apo842ddea2cc,A,4,[12],[12],GCS,GCS,6.036961555480957,1.9064712524414065,1.6450755596160889,0.6777624487876892,0.7629647850990295,1.211965560913086,apo_holo,False,False,False
681,AKG,4xgi,A,apoa06a38fda5,A,4,[10],[10],AKG,AKG,1.7333197593688965,4.802135467529297,0.649701714515686,0.8551715612411499,0.9684847593307496,0.7071027159690857,apo_holo,False,True,True
682,GNP,5de3,A,apo4a6feb34ed,A,4,[32],[32],GNP,GNP,2.081780433654785,4.947408199310303,0.4368306696414947,0.8587723970413208,0.913770854473114,0.7016068696975708,apo_holo,False,False,True
683,UDP,apo5ced6e3fa7,A,3hbn,A,4,[25],[25],UDP,UDP,1.2558763027191162,4.154481410980225,0.9186488389968872,0.8102998733520508,0.987647294998169,0.9147813320159912,apo_holo,False,True,True
684,BTM,8h4p,A,apod5fdabad00,A,4,[14],[14],BTM,BTM,3.707743406295776,3.418165683746338,0.5271942019462585,0.7565645575523376,0.9834234118461608,0.8078591823577881,apo_holo,False,False,True
685,E64,2pre,A,apoa7e1da284c,A,4,[25],[25],E64,E64,1.4281377792358398,5.025122165679932,0.428282082080841,0.9128554463386536,0.998939037322998,0.762454628944397,apo_holo,False,True,True
686,ACO,apo4d4153c641,A,6ao7,A,4,[51],[51],ACO,ACO,1.992336988449097,4.713200569152832,0.5477078557014465,0.8378599882125854,0.9988165497779846,0.8184011578559875,apo_holo,False,True,True
687,BEF,apo01f8b0c9d5,A,6ww6,B,4,[4],[4],BEF,BEF,1.7860509157180786,4.766119480133057,0.6916487216949463,0.8347286581993103,0.9707995057106018,0.7308925986289978,apo_holo,False,True,True
688,NAI,apob2ac301348,A,5itv,A,4,[44],[44],NAI,NAI,2.263794422149658,4.693751811981201,0.7893807291984558,0.8390268087387085,0.98257714509964,0.733525276184082,apo_holo,False,False,True
689,GTB,apob12dbe12e2,A,5agy,A,4,[30],[30],GTB,GTB,1.9894877672195437,4.450310707092285,0.5684838891029358,0.8718293905258179,0.9998946189880372,0.7252377271652222,apo_holo,False,True,True
690,NDP,1xkq,A,apocbfde54817,A,4,[48],[48],NDP,NDP,1.3486734628677368,4.21027421951294,0.7449061274528503,0.7503488659858704,0.9935703277587892,0.9206059575080872,apo_holo,False,True,True
691,ACO,apo4d4153c641,A,3mgd,B,4,[51],[51],ACO,ACO,3.3794848918914795,4.333550453186035,0.6831844449043274,0.8218380212783813,0.9908323287963868,0.8121612668037415,apo_holo,False,False,True
692,E64,3bcn,A,apoa7e1da284c,A,4,[25],[25],E64,E64,2.384580135345459,4.921807765960693,0.5169833302497864,0.9012748599052428,0.9978647828102112,0.7665354013442993,apo_holo,False,False,True
693,ACO,apo52a5d4138d,A,3mgd,B,4,[51],[51],ACO,ACO,3.3468241691589355,4.335753917694092,0.7516116499900818,0.8036260008811951,0.9798509478569032,0.8026895523071289,apo_holo,False,False,True
694,BMP,3ve7,A,apo703c3715e1,A,4,[22],[22],BMP,BMP,0.6281916499137878,4.759251594543457,0.4936133325099945,0.8466761708259583,0.9999504089355468,0.7316526770591736,apo_holo,True,True,True
695,5GP,apo96b90e26b3,A,3tr0,A,4,[24],[24],5GP,5GP,1.6624597311019895,4.753971099853516,0.6839631795883179,0.846514105796814,0.9976791739463806,0.7340901494026184,apo_holo,False,True,True
696,NAI,apo131ef01eab,A,6cdf,A,4,[44],[44],NAI,NAI,1.901117205619812,4.618404865264893,0.7089201807975769,0.8208727240562439,0.9747979640960692,0.7541749477386475,apo_holo,False,True,True
697,G6P,5v0t,E,apo7ee30bef80,A,4,[16],[16],G6P,G6P,7.848100185394287,4.627702236175537,0.7355040907859802,0.8600845336914062,0.9806145429611206,0.8129489421844482,apo_holo,False,False,False
698,ANP,apo54083b9d41,A,8gbj,D,4,[31],[31],ANP,ANP,3.360994577407837,3.7593376636505127,1.102827787399292,0.7442626357078552,0.7685098052024841,1.0397753715515137,apo_holo,False,False,True
699,NDP,1xhl,A,apo362fa2b55d,A,4,[48],[48],NDP,NDP,1.5588616132736206,4.389709949493408,0.8901267051696777,0.7963827848434448,0.9811007380485536,0.7543157339096069,apo_holo,False,True,True
700,COA,5ayv,B,apofdd79e76b6,A,4,[48],[48],COA,COA,5.690042972564697,4.276564598083496,0.7700367569923401,0.8029375076293945,0.9960309863090516,0.7169202566146851,apo_holo,False,False,False
701,GNP,2rex,D,apo10682e65ac,A,4,[32],[32],GNP,GNP,0.8702006936073303,5.054384231567383,0.4918206632137298,0.8735889196395874,0.858979344367981,0.7190365791320801,apo_holo,True,True,True
702,G6P,apof49b725b8f,A,5v0t,E,4,[16],[16],G6P,G6P,7.814420223236084,4.6290388107299805,0.764054536819458,0.8689262866973877,0.9454228281974792,0.8124895095825195,apo_holo,False,False,False
703,B12,apo574bedef13,A,3bul,A,4,[91],[91],B12,B12,2.885333776473999,3.974280595779419,0.8030462265014648,0.7565770149230957,0.9885727763175964,0.8305240273475647,apo_holo,False,False,True
704,SAH,apo6d4cb02c4d,A,4o29,A,4,[26],[26],SAH,SAH,1.6099891662597656,4.455281734466553,0.6344515681266785,0.7998313307762146,0.9920738339424132,0.7230865955352783,apo_holo,False,True,True
705,SAH,3wst,I,apoe236bd5263,A,4,[26],[26],SAH,SAH,1.5524154901504517,4.499626636505127,0.6451824903488159,0.7999492883682251,0.9006166458129883,0.6863752007484436,apo_holo,False,True,True
706,SAM,2b25,A,apo89ae69e16b,A,4,[27],[26],SAM,SAM,1.4114885330200195,4.573330879211426,0.7162535190582275,0.8253128528594971,0.9724470376968384,0.7353529334068298,apo_holo,False,True,True
707,SAM,3tka,A,apoa049c7a917,A,4,[27],[27],SAM,SAM,1.0289320945739746,4.862157821655273,0.5936582684516907,0.8770879507064819,0.9955409169197084,0.7302345037460327,apo_holo,False,True,True
708,GNP,3ftq,B,apo10682e65ac,A,4,[32],[32],GNP,GNP,1.144423484802246,4.719110012054443,0.5953054428100586,0.8483619689941406,0.9938471913337708,0.7261548042297363,apo_holo,False,True,True
709,E64,3ioq,A,apoa7e1da284c,A,4,[25],[25],E64,E64,1.1813993453979492,4.997878551483154,0.4561929106712341,0.905016541481018,0.9916998744010924,0.7409355640411377,apo_holo,False,True,True
710,ACO,apo4d4153c641,A,7ovu,A,4,[51],[51],ACO,ACO,1.7442635297775269,4.3700056076049805,0.6694775819778442,0.8042992949485779,0.9773459434509276,0.7811011075973511,apo_holo,False,True,True
711,TPP,2vk1,A,apof887ac382f,A,4,[26],[26],TPP,TPP,1.1523010730743408,4.533003807067871,0.7679681181907654,0.8530768156051636,0.9737042784690856,0.8067858219146729,apo_holo,False,True,True
712,SAH,apob3273e7dd2,A,3wst,I,4,[26],[26],SAH,SAH,1.2707473039627075,4.452091217041016,0.6397374868392944,0.8030908107757568,0.9914411902427672,0.7422279119491577,apo_holo,False,True,True
713,NAD,1v9l,A,apo65784df30c,A,4,[44],[44],NAD,NAD,1.4236940145492554,4.449826240539551,0.7747209668159485,0.8385118842124939,0.8417015671730042,0.7459877133369446,apo_holo,False,True,True
714,ACO,apo4d4153c641,A,2h5m,A,4,[51],[51],ACO,ACO,2.9839060306549072,4.256752967834473,0.7200572490692139,0.8070012927055359,0.9959996342658995,0.7858032584190369,apo_holo,False,False,True
715,UDP,apob2e0f8db00,A,4d11,C,4,[25],[25],UDP,UDP,1.872367262840271,4.070533752441406,0.809357225894928,0.7862260341644287,0.8210052847862244,0.8100177645683289,apo_holo,False,True,True
716,GNP,apob33d1dca91,A,3q85,B,4,[32],[32],GNP,GNP,1.2849828004837036,4.806929588317871,0.4144955277442932,0.8324753642082214,0.9991759657859802,0.6639053225517273,apo_holo,False,True,True
717,NAI,apob2ac301348,A,4ilk,A,4,[44],[44],NAI,NAI,1.145728349685669,4.693666934967041,0.7607847452163696,0.8362765908241272,0.9864235520362854,0.7136080265045166,apo_holo,False,True,True
718,NAD,1geg,E,apo2d811e6df0,A,4,[44],[44],NAD,NAD,2.1213245391845703,4.698055744171143,0.8252562880516052,0.8352127075195312,0.9005456566810608,0.7587226033210754,apo_holo,False,False,True
719,ACO,2h5m,A,apo52a5d4138d,A,4,[51],[51],ACO,ACO,3.5377042293548584,4.008846759796143,0.8651362061500549,0.7737950682640076,0.9805595874786376,0.8269349336624146,apo_holo,False,False,True
720,SAH,5zw3,B,apoe236bd5263,A,4,[26],[26],SAH,SAH,1.7863404750823977,4.769139289855957,0.7013406753540039,0.8516274094581604,0.9414257407188416,0.7277275919914246,apo_holo,False,True,True
721,NAP,apo98e01292e0,A,4hp8,B,4,[48],[48],NAP,NAP,2.1981515884399414,4.62819242477417,0.653796911239624,0.8250916600227356,0.952380359172821,0.6917770504951477,apo_holo,False,False,True
722,B12,1xrs,B,apo574bedef13,A,4,[91],[91],B12,B12,1.8726798295974727,4.028557300567627,0.6882100701332092,0.7459843158721924,0.9953307509422302,0.800329864025116,apo_holo,False,True,True
723,NDP,5gud,E,apoa45cd51704,A,4,[48],[48],NDP,NDP,2.8141589164733887,4.333623886108398,0.7041499614715576,0.77814120054245,0.9263946413993835,0.7563365697860718,apo_holo,False,False,True
724,1N1,apo2ef231ad36,A,4xey,B,4,[33],[33],1N1,1N1,1.5357123613357544,4.766716480255127,0.5093607306480408,0.8490158915519714,0.9792259931564332,0.7636572122573853,apo_holo,False,True,True
725,NDP,apocc56e816c8,A,4tqg,A,4,[48],[48],NDP,NDP,2.374159336090088,4.423839092254639,0.8935356736183167,0.8187128305435181,0.944882035255432,0.8065890073776245,apo_holo,False,False,True
726,GNP,2rex,D,apo4a6feb34ed,A,4,[32],[32],GNP,GNP,2.1594066619873047,5.054389476776123,0.4918217658996582,0.8735897541046143,0.8589785695075989,0.7190367579460144,apo_holo,False,False,True
727,NAD,1uxg,A,apoae6cbf986c,A,4,[44],[44],NAD,NAD,2.3868508338928223,4.673438549041748,0.7417031526565552,0.8306417465209961,0.9558339715003968,0.7450664639472961,apo_holo,False,False,True
728,NAI,4plt,B,apo7dcb3916e0,A,4,[44],[44],NAI,NAI,1.9641447067260744,4.518868923187256,0.7545833587646484,0.8184049725532532,0.9680643677711488,0.7541138529777527,apo_holo,False,True,True
729,ADP,apo4a7118351f,A,5ik2,E,4,[27],[27],ADP,ADP,1.954156994819641,4.108667850494385,0.7948904037475586,0.7686670422554016,0.9712735414505004,0.8898433446884155,apo_holo,False,True,True
730,SAM,2b25,A,apo693998296e,A,4,[27],[26],SAM,SAM,1.3079279661178589,4.690001010894775,0.7749239802360535,0.8333469033241272,0.7993454933166504,0.7747588753700256,apo_holo,False,True,True
731,GNP,apo802414577e,A,5di3,B,4,[32],[32],GNP,GNP,1.2322605848312378,4.564840793609619,0.7186977863311768,0.8144039511680603,0.983677327632904,0.7594122290611267,apo_holo,False,True,True
732,GNP,2kwi,A,apo802414577e,A,4,[32],[32],GNP,GNP,2.69575834274292,4.505030632019043,0.6206455230712891,0.8142626285552979,0.9935811161994934,0.7605957984924316,apo_holo,False,False,True
733,PLP,1vef,A,apo744b815250,A,4,[15],[15],PLP,PLP,0.9715425968170166,5.040285587310791,0.4605610370635986,0.9065512418746948,0.9977459907531738,0.696027934551239,apo_holo,True,True,True
734,GNP,5xkt,A,apo7b8e856a60,A,4,[32],[32],GNP,GNP,1.1352213621139526,4.55602502822876,0.6904887557029724,0.8265169858932495,0.9973257184028624,0.7357968688011169,apo_holo,False,True,True
735,GDP,1kao,A,apoc42d5dc4b8,A,4,[28],[28],GDP,GDP,1.1297136545181274,4.721739768981934,0.5375117659568787,0.827782154083252,0.9815380573272704,0.7050567269325256,apo_holo,False,True,True
736,SAM,2b25,A,apo865b191f3d,A,4,[27],[26],SAM,SAM,1.4633318185806274,4.725241184234619,0.7496898174285889,0.8400164246559143,0.8767543435096741,0.7903011441230774,apo_holo,False,True,True
737,SAH,5gm2,B,apoe236bd5263,A,4,[26],[26],SAH,SAH,1.468265175819397,4.83212947845459,0.5534218549728394,0.8391598463058472,0.9943203926086426,0.7117182612419128,apo_holo,False,True,True
738,SAM,2f8l,A,apoa049c7a917,A,4,[27],[27],SAM,SAM,1.387526273727417,4.620037078857422,0.6877917051315308,0.8470277190208435,0.9977722764015198,0.7587711811065674,apo_holo,False,True,True
739,NAD,4id9,B,apo457bf466f7,A,4,[44],[44],NAD,NAD,1.4350594282150269,4.49250602722168,0.7210716605186462,0.8020923733711243,0.8211734890937805,0.7667791247367859,apo_holo,False,True,True
740,SAM,apo89ae69e16b,A,4ax8,A,4,[27],[27],SAM,SAM,2.0474114418029785,4.592663764953613,0.6198166608810425,0.8134419918060303,0.9831157326698304,0.7463536858558655,apo_holo,False,False,True
741,NDP,1xkq,A,apo362fa2b55d,A,4,[48],[48],NDP,NDP,1.48055899143219,4.373651504516602,0.8702600598335266,0.8011237382888794,0.9756535291671752,0.7446271181106567,apo_holo,False,True,True
742,NAP,4hp8,B,apod11bd27099,A,4,[48],[48],NAP,NAP,1.9377779960632324,4.710208415985107,0.6228150725364685,0.840411901473999,0.9814103841781616,0.7008262276649475,apo_holo,False,True,True
743,SAM,2f8l,A,apo865b191f3d,A,4,[27],[27],SAM,SAM,1.3233542442321775,4.698638916015625,0.6746423840522766,0.8348061442375183,0.9959900975227356,0.7091659307479858,apo_holo,False,True,True
744,TPP,apof887ac382f,A,4qq8,C,4,[26],[26],TPP,TPP,1.308747410774231,4.493641376495361,0.6813170313835144,0.8473396301269531,0.9388105273246764,0.791768491268158,apo_holo,False,True,True
745,GDP,2atv,A,apo75788ed7ad,A,4,[28],[28],GDP,GDP,5.377926349639893,4.18273401260376,0.5673633217811584,0.7916452288627625,0.9904031157493592,0.8114431500434875,apo_holo,False,False,False
746,PLP,1fg3,A,apof9e78ea330,A,4,[15],[15],PLP,PLP,1.0313935279846191,4.3828325271606445,0.7253857254981995,0.8250360488891602,0.9741371273994446,0.7653425335884094,apo_holo,False,True,True
747,GTP,apo3a68bb90dc,A,6y09,A,4,[32],[32],GTP,GTP,0.8974881768226624,4.696681022644043,0.4085723161697387,0.8118751049041748,0.9916229248046876,0.7451452612876892,apo_holo,True,True,True
748,TPP,2vjy,A,apof887ac382f,A,4,[26],[26],TPP,TPP,1.0506460666656494,4.532792091369629,0.7533156871795654,0.8546294569969177,0.9839082956314088,0.8136109113693237,apo_holo,False,True,True
749,ADP,apo59a84e4b85,A,5ik2,E,4,[27],[27],ADP,ADP,3.0798380374908447,3.915514707565308,0.8794876337051392,0.7831631898880005,0.9483287930488586,0.8348061442375183,apo_holo,False,False,True
750,NAD,3aw9,A,apob46e214dc0,A,4,[44],[44],NAD,NAD,0.7515465021133423,4.879958152770996,0.5842046141624451,0.8503071665763855,0.9991931319236756,0.7132202982902527,apo_holo,True,True,True
751,ACO,apo52a5d4138d,A,6v3t,A,4,[51],[51],ACO,ACO,2.626394033432007,4.582860946655273,0.5743587613105774,0.8222960233688354,0.9947798252105712,0.7715002298355103,apo_holo,False,False,True
752,ADP,apoee517947cd,A,3k1j,A,4,[27],[27],ADP,ADP,3.7202343940734863,3.82208251953125,0.65171217918396,0.7374059557914734,0.9898093938827516,0.8993872404098511,apo_holo,False,False,True
753,ADP,apo87cf43f9a7,A,2zts,C,4,[27],[27],ADP,ADP,1.829410433769226,4.3773603439331055,0.6874347925186157,0.8290280103683472,0.9033799767494202,0.7294620275497437,apo_holo,False,True,True
754,SAM,3ai9,X,apob0da859712,A,4,[27],[20],SAM,SAM,0.764865517616272,4.113314628601074,0.6644930243492126,0.8131135702133179,0.9941321015357972,0.7811816334724426,apo_holo,True,True,True
755,NAI,4ilk,A,apo7dcb3916e0,A,4,[44],[44],NAI,NAI,2.165769100189209,4.672304153442383,0.7047714591026306,0.8437373042106628,0.977564811706543,0.7307458519935608,apo_holo,False,False,True
756,ACP,6pnx,B,apof1a565f5fa,A,4,[31],[31],ACP,ACP,1.7937713861465454,4.879188537597656,0.5081822276115417,0.8596426248550415,0.9983234405517578,0.7564225196838379,apo_holo,False,True,True
757,SAM,3tka,A,apof296d86dde,A,4,[27],[27],SAM,SAM,8.073836326599121,4.413171768188477,0.6594099402427673,0.8051683306694031,0.9704577922821044,0.8486077785491943,apo_holo,False,False,False
758,PLP,1yaa,A,apo744b815250,A,4,[15],[15],PLP,PLP,1.380887150764465,4.371842384338379,0.8749415874481201,0.8558301329612732,0.8507886528968811,0.7407773733139038,apo_holo,False,True,True
759,GNP,apo802414577e,A,4zi2,A,4,[32],[32],GNP,GNP,0.9687951803207396,4.639288902282715,0.6492514610290527,0.8247097134590149,0.9964529871940612,0.743580162525177,apo_holo,True,True,True
760,SAM,apo693998296e,A,4ax8,A,4,[27],[27],SAM,SAM,1.1134893894195557,4.627260684967041,0.4933868646621704,0.8161413073539734,0.9958027005195618,0.692658543586731,apo_holo,False,True,True
761,SAM,3kkz,A,apoa049c7a917,A,4,[27],[27],SAM,SAM,0.8824065327644348,4.594341278076172,0.7479532957077026,0.8298627138137817,0.9608965516090392,0.7608056664466858,apo_holo,True,True,True
762,NAD,apo97c04553d4,A,3oa2,B,4,[44],[44],NAD,NAD,1.3938206434249878,4.32012939453125,0.6612660884857178,0.7851774096488953,0.821493923664093,0.7463106513023376,apo_holo,False,True,True
763,NAP,3dtt,B,apo9e87a48572,A,4,[48],[48],NAP,NAP,3.831202268600464,4.734707832336426,0.5948385000228882,0.8323569893836975,0.9770399928092957,0.7025933265686035,apo_holo,False,False,True
764,UDP,apo5ced6e3fa7,A,7bv3,A,4,[25],[25],UDP,UDP,1.142958164215088,3.7675609588623047,0.8820933103561401,0.7765418291091919,0.9466210603713988,0.8397131562232971,apo_holo,False,True,True
765,ADP,apo1c1e92fd85,A,6q45,F,4,[27],[27],ADP,ADP,8.15324878692627,4.12482500076294,0.6835236549377441,0.7932279706001282,0.9900060892105104,0.800601065158844,apo_holo,False,False,False
766,SAH,2eg5,E,apoe236bd5263,A,4,[26],[26],SAH,SAH,0.9719783663749696,4.547679424285889,0.6395829916000366,0.8129451274871826,0.965083658695221,0.7275058031082153,apo_holo,True,True,True
767,UPG,apo913fcafedf,A,5i1f,A,4,[36],[36],UPG,UPG,1.990958333015442,4.2535319328308105,0.849372923374176,0.8243927955627441,0.9827662110328674,0.8376712203025818,apo_holo,False,True,True
768,NAD,2ag5,A,apoc79cad30a3,A,4,[44],[44],NAD,NAD,2.314868450164795,4.453581809997559,0.8134729862213135,0.8078990578651428,0.996321439743042,0.77878338098526,apo_holo,False,False,True
769,NAI,apob2ac301348,A,4itu,A,4,[44],[44],NAI,NAI,2.220547676086426,4.762451648712158,0.6669185757637024,0.85065758228302,0.9201288819313048,0.7275214791297913,apo_holo,False,False,True
770,GNP,apob33d1dca91,A,4zi2,A,4,[32],[32],GNP,GNP,1.184152364730835,4.791854381561279,0.5697991251945496,0.8297804594039917,0.8582563996315002,0.6965324282646179,apo_holo,False,True,True
771,PYR,apoa0b87ab07c,A,3di1,B,4,[5],[5],PYR,PYR,1.460307002067566,4.918492317199707,0.605746328830719,0.8793893456459045,0.994297206401825,0.7754213213920593,apo_holo,False,True,True
772,SAM,1i9g,A,apo693998296e,A,4,[27],[27],SAM,SAM,1.3478034734725952,4.688390254974365,0.7616609930992126,0.8265894055366516,0.9263145923614502,0.7703103423118591,apo_holo,False,True,True
773,BEF,6ww6,B,apod277ffbc14,A,4,[4],[4],BEF,BEF,3.74927020072937,4.844655990600586,0.6936292052268982,0.8504465818405151,0.9886741638183594,0.7124301195144653,apo_holo,False,False,True
774,NAD,apod4ce60d0a9,A,4za2,D,4,[44],[44],NAD,NAD,1.2288992404937744,4.869783401489258,0.6472362279891968,0.847851574420929,0.9922789931297302,0.772057056427002,apo_holo,False,True,True
775,GNP,1wf3,A,apo10682e65ac,A,4,[32],[32],GNP,GNP,1.0419933795928955,4.8704915046691895,0.4558295607566833,0.8596503734588623,0.9975574612617492,0.692706823348999,apo_holo,False,True,True
776,NAP,apo2a4512b289,A,4hp8,B,4,[48],[48],NAP,NAP,2.048821449279785,4.374793529510498,0.6805180311203003,0.7995259761810303,0.9409450888633728,0.7283912301063538,apo_holo,False,False,True
777,GNP,3ftq,B,apo4a6feb34ed,A,4,[32],[32],GNP,GNP,2.0723798274993896,4.719111442565918,0.5953060984611511,0.8483623266220093,0.9938469529151917,0.7261549234390259,apo_holo,False,False,True
778,ANP,3c41,J,apo54083b9d41,A,4,[31],[31],ANP,ANP,3.584754228591919,3.263789653778076,1.2235243320465088,0.6869289875030518,0.9075965285301208,1.0011488199234009,apo_holo,False,False,True
779,UDP,apod2359bd57e,A,5tvg,A,4,[25],[25],UDP,UDP,2.78314208984375,4.33641529083252,0.74979168176651,0.8180502653121948,0.9919902086257936,0.8522484302520752,apo_holo,False,False,True
780,NAD,apod4ce60d0a9,A,4plf,B,4,[44],[44],NAD,NAD,2.024452447891236,4.543807029724121,0.9353241324424744,0.8284881711006165,0.8322647213935852,0.7669004201889038,apo_holo,False,False,True
781,ACO,apo52a5d4138d,A,4ava,A,4,[51],[51],ACO,ACO,1.544625759124756,4.572104454040527,0.6265240907669067,0.8352972269058228,0.9958451390266418,0.7557159662246704,apo_holo,False,True,True
782,NDP,apo362fa2b55d,A,4imp,A,4,[48],[48],NDP,NDP,1.3161005973815918,4.398817539215088,0.7457287907600403,0.802964448928833,0.9826225638389589,0.7077746391296387,apo_holo,False,True,True
783,NAP,1yb5,A,apo3732d0c452,A,4,[48],[48],NAP,NAP,1.572493553161621,4.962433338165283,0.5777817964553833,0.867998480796814,0.8921719193458557,0.7279863357543945,apo_holo,False,True,True
784,UDP,2iya,A,apo5ced6e3fa7,A,4,[25],[25],UDP,UDP,0.4650739729404449,3.616976737976074,0.965955913066864,0.7557416558265686,0.9254436492919922,0.8431814312934875,apo_holo,True,True,True
785,GNP,5de3,A,apo7b8e856a60,A,4,[32],[32],GNP,GNP,0.946285605430603,4.8618574142456055,0.593113124370575,0.8477070927619934,0.8583415150642395,0.7064270377159119,apo_holo,True,True,True
786,GNP,apo802414577e,A,3q85,B,4,[32],[32],GNP,GNP,0.7824318408966064,4.531671524047852,0.6488076448440552,0.8157710433006287,0.9954938888549804,0.7288568019866943,apo_holo,True,True,True
787,COA,1scu,A,apofdd79e76b6,A,4,[48],[48],COA,COA,1.3908263444900513,4.699875831604004,0.6991015672683716,0.8342887163162231,0.8365415334701538,0.7015876173973083,apo_holo,False,True,True
788,UDP,2d7i,A,apof9d3cdb3e6,A,4,[25],[25],UDP,UDP,1.999690651893616,4.568864345550537,0.8066629767417908,0.8538608551025391,0.9112491011619568,0.7566596865653992,apo_holo,False,True,True
789,NDP,apocc56e816c8,A,3ing,A,4,[48],[48],NDP,NDP,2.333846092224121,4.150814533233643,0.8192986249923706,0.7824331521987915,0.9114017486572266,0.8393383026123047,apo_holo,False,False,True
790,PLP,3if2,A,apoeb69e6eac7,A,4,[15],[16],PLP,PLP,2.166664123535156,4.621402263641357,0.7322127819061279,0.8535812497138977,0.8782297372817993,0.7326643466949463,apo_holo,False,False,True
791,GNP,3q85,B,apo4a6feb34ed,A,4,[32],[32],GNP,GNP,1.972356200218201,5.090425491333008,0.2982312142848968,0.8815536499023438,0.9932191371917723,0.6612628102302551,apo_holo,False,True,True
792,ADP,apo4fda4ccb98,A,5ean,A,4,[27],[27],ADP,ADP,3.370246648788452,3.4703903198242188,1.132665753364563,0.6655935645103455,0.9424111247062684,1.1222807168960571,apo_holo,False,False,True
793,SAM,3tka,A,apo0c4f651c46,A,4,[27],[27],SAM,SAM,6.797080039978027,1.6588146686553955,1.8993077278137207,0.6140986084938049,0.8032739162445068,1.3649200201034546,apo_holo,False,False,False
794,GDP,2atv,A,apo1db48c5f0c,A,4,[28],[28],GDP,GDP,1.180566430091858,4.469882011413574,0.8630183339118958,0.8231784105300903,0.9916492700576782,0.7750245332717896,apo_holo,False,True,True
795,GNP,apob33d1dca91,A,5di3,B,4,[32],[32],GNP,GNP,1.2539981603622437,4.740764141082764,0.5805866122245789,0.8289032578468323,0.8735555410385132,0.7097968459129333,apo_holo,False,True,True
796,GNP,1wf3,A,apo4a6feb34ed,A,4,[32],[32],GNP,GNP,2.083559513092041,4.870494842529297,0.4558307528495788,0.859650731086731,0.9975571036338806,0.6927067041397095,apo_holo,False,False,True
797,UDP,apo5ced6e3fa7,A,4pqg,A,4,[25],[25],UDP,UDP,0.9049833416938782,4.436115741729736,0.7836605906486511,0.8327872157096863,0.9997724294662476,0.8698150515556335,apo_holo,True,True,True
798,SAH,1zg3,A,apob3273e7dd2,A,4,[26],[26],SAH,SAH,1.176910161972046,4.418806552886963,0.7859339714050293,0.787359893321991,0.9681047797203064,0.7790699601173401,apo_holo,False,True,True
799,GNP,5di3,B,apo4a6feb34ed,A,4,[32],[32],GNP,GNP,2.1428651809692383,4.816101551055908,0.5125757455825806,0.8376843333244324,0.9101042151451112,0.7086539268493652,apo_holo,False,False,True
800,GDP,apo75788ed7ad,A,5wds,A,4,[28],[28],GDP,GDP,5.408268928527832,4.229591369628906,0.5650810599327087,0.7945874929428101,0.9919826984405518,0.8053935170173645,apo_holo,False,False,False
801,NAD,apo34235ab0e3,A,5cee,A,4,[44],[44],NAD,NAD,2.288639068603516,4.375178337097168,0.8779391646385193,0.8175633549690247,0.9660921096801758,0.7848356366157532,apo_holo,False,False,True
802,GNP,3ftq,B,apo7b8e856a60,A,4,[32],[32],GNP,GNP,1.1145457029342651,4.687933444976807,0.6603310108184814,0.8457478880882263,0.9898462891578674,0.7420792579650879,apo_holo,False,True,True
803,GNP,apo802414577e,A,5de3,A,4,[32],[32],GNP,GNP,1.2195758819580078,4.608963489532471,0.6444602012634277,0.8115531802177429,0.9956291913986206,0.7546709179878235,apo_holo,False,True,True
804,GNP,1wf3,A,apo802414577e,A,4,[32],[32],GNP,GNP,0.6521969437599182,4.637182235717773,0.6260471343994141,0.83545982837677,0.9972094893455504,0.736951470375061,apo_holo,True,True,True
805,NDP,apocbfde54817,A,8b9z,P,4,[48],[48],NDP,NDP,1.3097835779190063,4.25925350189209,0.6799327731132507,0.7539986371994019,0.98961341381073,0.945913314819336,apo_holo,False,True,True
806,GNP,5de3,A,apo10682e65ac,A,4,[32],[32],GNP,GNP,0.3715071976184845,4.947409152984619,0.4368314445018768,0.8587723970413208,0.913771152496338,0.7016070485115051,apo_holo,True,True,True
807,ADP,apobbc2cab405,A,3zq6,B,4,[27],[27],ADP,ADP,2.9277029037475586,3.822521209716797,0.939579427242279,0.7542657256126404,0.9158679246902466,0.7899064421653748,apo_holo,False,False,True
808,ACO,apo4d4153c641,A,4jwp,A,4,[51],[51],ACO,ACO,1.6856324672698977,4.679155826568604,0.5090378522872925,0.8557670712471008,0.99685138463974,0.736345648765564,apo_holo,False,True,True
809,GDP,2bov,A,apoc42d5dc4b8,A,4,[28],[28],GDP,GDP,1.0851495265960691,4.728079319000244,0.545631468296051,0.8238155841827393,0.9728496074676514,0.7147237658500671,apo_holo,False,True,True
810,UDP,2acv,A,apod2359bd57e,A,4,[25],[25],UDP,UDP,3.288560152053833,3.9987387657165527,1.004280686378479,0.7817056179046631,0.9775387048721312,0.8361954689025879,apo_holo,False,False,True
811,ACO,apo52a5d4138d,A,6ao7,A,4,[51],[51],ACO,ACO,1.5868762731552124,4.619170665740967,0.6560550928115845,0.8221317529678345,0.9917306900024414,0.807861328125,apo_holo,False,True,True
812,NAD,apo9a3af22267,A,4xgi,A,4,[44],[44],NAD,NAD,1.3919577598571775,4.430932521820068,0.7635482549667358,0.8313902020454407,0.9936723709106444,0.7392269968986511,apo_holo,False,True,True
813,ANP,4lrj,A,apo5ae68c8b06,A,4,[31],[31],ANP,ANP,1.524250626564026,3.866166591644287,0.7307465672492981,0.8056259155273438,0.9660605788230896,0.8249133229255676,apo_holo,False,True,True
814,NAI,apo131ef01eab,A,6ct6,B,4,[44],[44],NAI,NAI,2.0850977897644043,4.5665812492370605,0.7220573425292969,0.8138688206672668,0.9623979926109314,0.7744179964065552,apo_holo,False,False,True
815,SAM,1i9g,A,apo865b191f3d,A,4,[27],[27],SAM,SAM,1.4970039129257202,4.744874954223633,0.7659518122673035,0.8352330923080444,0.9519179463386536,0.7677631378173828,apo_holo,False,True,True
816,NAD,2c20,A,apo0af790f4c7,A,4,[44],[44],NAD,NAD,0.9365283250808716,4.351712226867676,0.6500822305679321,0.7655907273292542,0.8064848780632019,0.7675934433937073,apo_holo,True,True,True
817,PLP,2x3l,B,apo17221bab63,A,4,[15],[15],PLP,PLP,1.0591237545013428,4.656555652618408,0.7392818927764893,0.855981707572937,0.9877738356590272,0.7412161827087402,apo_holo,False,True,True
818,NAD,1lss,A,apoc79cad30a3,A,4,[44],[44],NAD,NAD,4.0738959312438965,4.50872278213501,0.7408148050308228,0.8277904391288757,0.9820386171340942,0.7357144355773926,apo_holo,False,False,False
819,ACO,apo4d4153c641,A,6v3t,A,4,[51],[51],ACO,ACO,2.57330322265625,4.561659812927246,0.4871204197406769,0.8410570025444031,0.9897205233573914,0.7149800062179565,apo_holo,False,False,True
820,GTP,apoe8aabedcc3,A,2v55,D,4,[32],[32],GTP,GTP,1.3057972192764282,4.532265663146973,0.8078662753105164,0.815496027469635,0.8741855621337891,0.8464940190315247,apo_holo,False,True,True
821,UTP,5ve7,A,apo357b71c76e,A,4,[29],[29],UTP,UTP,1.622063159942627,4.2155303955078125,0.803246021270752,0.8141102194786072,0.9689590334892272,0.8814405798912048,apo_holo,False,True,True
822,NAP,apo609c4e958d,A,5uzx,A,4,[48],[48],NAP,NAP,2.332829713821411,4.59824800491333,0.839381754398346,0.822360098361969,0.9917920231819152,0.7646613717079163,apo_holo,False,False,True
823,GNP,5xkt,A,apo10682e65ac,A,4,[32],[32],GNP,GNP,0.9972842335700988,4.574132919311523,0.5136997699737549,0.8315619230270386,0.9892958402633668,0.7094863653182983,apo_holo,True,True,True
824,NAI,apo131ef01eab,A,4plt,B,4,[44],[44],NAI,NAI,2.070094585418701,4.693064212799072,0.6589947938919067,0.8302915692329407,0.9770768880844116,0.7580760717391968,apo_holo,False,False,True
825,ACO,apo4d4153c641,A,4ava,A,4,[51],[51],ACO,ACO,2.086132526397705,4.4774169921875,0.5942873954772949,0.8404195308685303,0.9982029795646667,0.7480353116989136,apo_holo,False,False,True
826,NDP,apo362fa2b55d,A,4tqg,A,4,[48],[48],NDP,NDP,1.3123230934143066,4.372648239135742,0.8104007244110107,0.7963731288909912,0.8488196730613708,0.7180802226066589,apo_holo,False,True,True
827,GNP,4zi2,A,apo10682e65ac,A,4,[32],[32],GNP,GNP,1.0380500555038452,5.019392013549805,0.4663758277893066,0.8688962459564209,0.8920571804046631,0.7143975496292114,apo_holo,False,True,True
828,NDP,1xhl,A,apocbfde54817,A,4,[48],[48],NDP,NDP,1.352422833442688,4.300599098205566,0.7529485821723938,0.7624468207359314,0.9947242736816406,0.8670127987861633,apo_holo,False,True,True
829,SAM,apo7d270341fc,A,4ax8,A,4,[27],[26],SAM,SAM,0.959172785282135,4.583588600158691,0.5912197232246399,0.8132572174072266,0.9179425835609436,0.7314159274101257,apo_holo,True,True,True
830,SAH,3vse,A,apo6d0abdee21,A,4,[26],[26],SAH,SAH,2.996664762496948,4.428586006164551,0.7970262169837952,0.8262795805931091,0.9357278943061828,0.7237114906311035,apo_holo,False,False,True
831,GNP,3q85,B,apo7b8e856a60,A,4,[32],[32],GNP,GNP,0.7332313656806946,4.999815464019775,0.4522849023342132,0.8618461489677429,0.9992077946662904,0.6811285614967346,apo_holo,True,True,True
832,ADP,apo3b3fcbeec8,A,5gza,A,4,[27],[27],ADP,ADP,1.3741804361343384,3.6276893615722656,0.735859751701355,0.7509481310844421,0.9087035655975342,0.78360515832901,apo_holo,False,True,True
833,HEC,1cyc,A,apo4a09d18f2d,A,4,[43],[43],HEC,HEC,6.543838977813721,3.7303152084350586,0.893454372882843,0.7453358173370361,0.995164692401886,0.7825213670730591,apo_holo,False,False,False
834,SAM,apo7d270341fc,A,5zw4,A,4,[27],[26],SAM,SAM,1.2024625539779663,4.7066330909729,0.7455443143844604,0.8343498110771179,0.9776812195777892,0.7705066800117493,apo_holo,False,True,True
835,UDP,3hbn,A,apod2359bd57e,A,4,[25],[25],UDP,UDP,3.373091220855713,4.112790107727051,0.961799383163452,0.7891320586204529,0.9589778780937196,0.9623908400535583,apo_holo,False,False,True
836,UDP,apod2359bd57e,A,7zer,A,4,[25],[25],UDP,UDP,3.0398168563842773,3.961223840713501,0.8110111355781555,0.7812086343765259,0.9480204582214355,0.8553135395050049,apo_holo,False,False,True
837,ACP,4ueu,A,apof1a565f5fa,A,4,[31],[31],ACP,ACP,2.19918155670166,5.003127574920654,0.4536587297916412,0.8761525750160217,0.9998886585235596,0.8030446171760559,apo_holo,False,False,True
838,SAM,apo865b191f3d,A,5zw4,A,4,[27],[27],SAM,SAM,1.39700186252594,4.7049174308776855,0.7749155759811401,0.8347225785255432,0.8456815481185913,0.7354122400283813,apo_holo,False,True,True
839,UDP,apod2359bd57e,A,7bv3,B,4,[25],[25],UDP,UDP,3.2105188369750977,3.9118926525115967,0.8687303066253662,0.780493438243866,0.967890739440918,0.8578964471817017,apo_holo,False,False,True
840,UDP,apo5ced6e3fa7,A,7zer,A,4,[25],[25],UDP,UDP,1.5542635917663574,3.682774066925049,0.9711942672729492,0.7710968852043152,0.9103856086730956,0.8343147039413452,apo_holo,False,True,True
841,ACO,apo52a5d4138d,A,7ovu,A,4,[51],[51],ACO,ACO,1.8427568674087524,4.448112487792969,0.6510223150253296,0.8044279217720032,0.9725983738899232,0.7845273613929749,apo_holo,False,True,True
842,SAM,3dou,A,apo7d270341fc,A,4,[26],[27],SAM,SAM,0.9458855390548706,4.532625198364258,0.6698706746101379,0.8176323175430298,0.971829116344452,0.7193572521209717,apo_holo,True,True,True
843,ADP,3ug7,A,apo9bb44e5c1a,A,4,[27],[27],ADP,ADP,2.000304937362671,4.250831127166748,0.722531259059906,0.8094266653060913,0.9455099701881408,0.8142995238304138,apo_holo,False,False,True
844,ADP,3kb1,A,apo9bb44e5c1a,A,4,[27],[27],ADP,ADP,2.340301275253296,4.233767509460449,0.6754599213600159,0.7804050445556641,0.9918416738510132,0.7797598838806152,apo_holo,False,False,True
845,UDP,apod2359bd57e,A,5v0t,E,4,[25],[25],UDP,UDP,2.949906349182129,4.271175861358643,0.7744688391685486,0.824788510799408,0.9941191673278807,0.8434414863586426,apo_holo,False,False,True
846,UPG,apo0ad2e3670d,A,5i1f,A,4,[36],[36],UPG,UPG,1.0803619623184204,4.134991645812988,0.854630708694458,0.8146651387214661,0.98680579662323,0.8694927096366882,apo_holo,False,True,True
847,GTP,2v55,D,apoc031984eba,A,4,[32],[32],GTP,GTP,2.814119815826416,4.021982192993164,0.775260865688324,0.7063822746276855,0.7307099103927612,0.800477921962738,apo_holo,False,False,True
848,ATP,4v02,A,apo392e0dfe7a,A,4,[31],[31],ATP,ATP,2.422418594360352,3.852191925048828,0.7942900061607361,0.7169891595840454,0.976688802242279,0.8409591317176819,apo_holo,False,False,True
849,ADP,apo1c1e92fd85,A,4d26,A,4,[27],[27],ADP,ADP,8.191692352294922,3.6876533031463614,0.840051531791687,0.7387168407440186,0.909859538078308,0.7780199646949768,apo_holo,False,False,False
850,ADP,3kb1,A,apob754340d0d,A,4,[27],[27],ADP,ADP,3.195364236831665,4.066542148590088,0.5608965754508972,0.7403222322463989,0.97946435213089,0.7961152195930481,apo_holo,False,False,True
851,TPP,3ai7,A,apof887ac382f,A,4,[26],[26],TPP,TPP,0.885458767414093,4.039910793304443,0.8035612106323242,0.7806954979896545,0.9443668127059937,0.8752515912055969,apo_holo,True,True,True
852,ACO,apo4a65dbb781,A,4isx,A,4,[51],[51],ACO,ACO,6.985008716583252,4.344290733337402,0.588959813117981,0.876071572303772,0.9351419806480408,0.7602054476737976,apo_holo,False,False,False
853,ADP,apo4a7118351f,A,3h4m,A,4,[27],[27],ADP,ADP,1.689470648765564,4.247196674346924,0.7777530550956726,0.7904031872749329,0.9855636954307556,0.8452008962631226,apo_holo,False,True,True
854,UDP,2d7i,A,apob2e0f8db00,A,4,[25],[25],UDP,UDP,2.033484935760498,4.219676017761231,0.8983666896820068,0.7859487533569336,0.8742750883102417,0.799034059047699,apo_holo,False,False,True
855,MG,2p88,A,apo01d88becfc,A,4,[1],[1],MG,MG,0.7049562931060791,4.732190608978272,0.6519909501075745,0.8657991290092468,0.9543280005455016,0.815151035785675,apo_holo,True,True,True
856,TPP,apof887ac382f,A,6efg,D,4,[26],[26],TPP,TPP,1.0989892482757568,4.502983570098877,0.7520822882652283,0.8496648669242859,0.9916366934776306,0.807010293006897,apo_holo,False,True,True
857,FE,4ffk,A,apoa97fe99429,A,4,[1],[1],FE,FE,0.1244509741663932,4.621242523193359,0.3552827537059784,0.891474723815918,0.9983789324760436,0.8050410151481628,apo_holo,True,True,True
0,FUC,2nzy,C,2ygq,A,0,[10],[10],FUC,FUC,7.698304653167725,2.6627840995788574,1.6288241147994995,0.7028194069862366,0.6365565061569214,1.4342565536499023,holo_holo_subset,False,False,False
1,FE,6l3w,A,6rxn,A,0,[1],[1],FE,FE,0.8778165578842163,1.8753883838653564,1.558575987815857,0.7325953841209412,0.4107171893119812,0.8929457664489746,holo_holo_subset,False,False,False
2,FE2,1ey2,A,4oj8,B,0,[1],[1],FE2,FE2,1.2457536458969116,2.429996490478516,1.475655198097229,0.682485818862915,0.789986252784729,1.0393468141555786,holo_holo_subset,False,True,True
3,ZN,4mvt,A,7s01,D,0,[1],[1],ZN,ZN,0.9733490943908693,2.01316499710083,1.3418655395507812,0.611748456954956,0.9239070415496826,0.81765216588974,holo_holo_subset,True,True,True
4,FPS,3sae,A,4u82,A,0,[24],[20],FPS,FPS,4.783009052276611,2.564777135848999,1.4709415435791016,0.6697970032691956,0.7704522609710693,1.6041773557662964,holo_holo_subset,False,False,False
5,OAA,3msu,B,4ros,A,0,[9],[9],OAA,OAA,7.140117168426514,2.763612747192383,1.4832757711410522,0.6854545474052429,0.7780554890632629,1.362232685089111,holo_holo_subset,False,False,False
6,PYR,2h9d,A,2vpa,A,0,[6],[6],PYR,PYR,5.561121940612793,2.160137414932251,1.505218267440796,0.730402946472168,0.9198907613754272,1.2343343496322632,holo_holo_subset,False,False,False
7,AR6,4iqy,A,8bau,A,0,[36],[36],AR6,AR6,6.787527084350586,2.318124771118164,1.5530216693878174,0.7408477067947388,0.8580974340438843,1.200664520263672,holo_holo_subset,False,False,False
8,AKG,4hg3,A,4xcb,A,0,[10],[9],AKG,AKG,4.879963874816895,2.696824073791504,1.5047683715820312,0.7394479513168335,0.6540810465812683,1.188767671585083,holo_holo_subset,False,False,False
9,PMB,1bh9,B,3oxh,A,0,[11],[11],PMB,PMB,6.089804172515869,2.425667285919189,1.5562530755996704,0.6949824094772339,0.8365252614021301,1.1170876026153564,holo_holo_subset,False,False,False
10,ATP,3vnq,A,4x2d,A,0,[31],[31],ATP,ATP,4.0197367668151855,2.5046093463897705,1.6593067646026611,0.7436250448226929,0.6630222797393799,1.098801612854004,holo_holo_subset,False,False,False
11,FE2,2de6,B,4m33,A,0,[1],[1],FE2,FE2,1.6379586458206177,2.3141472339630127,1.2399922609329224,0.6383139491081238,0.8566389083862305,1.4759434461593628,holo_holo_subset,False,True,True
12,PNS,2lml,A,7x0f,C,0,[21],[21],PNS,PNS,6.229062080383301,3.828932285308838,0.6756524443626404,0.7784180045127869,0.9773802161216736,0.7720354199409485,holo_holo_subset,False,False,False
13,COA,1khr,A,1xvt,A,0,[48],[48],COA,COA,4.70928955078125,2.5654282569885254,1.66375470161438,0.7013919949531555,0.9308952689170836,1.1863054037094116,holo_holo_subset,False,False,False
14,CO,2xvz,A,4uob,A,0,[1],[1],CO,CO,6.989499568939209,1.9661355018615725,1.710040807723999,0.7130115628242493,0.5433923602104187,0.8923792839050293,holo_holo_subset,False,False,False
15,GTP,2v55,D,6oix,C,0,[32],[32],GTP,GTP,5.308719158172607,2.3330090045928955,1.4848078489303589,0.7533267736434937,0.816679835319519,1.040384292602539,holo_holo_subset,False,False,False
16,WO4,1lgp,A,3cg3,A,0,[5],[5],WO4,WO4,4.538244247436523,2.106551170349121,1.7140885591506958,0.6568824052810669,0.5548727512359619,1.0446239709854126,holo_holo_subset,False,False,False
17,WO4,1lgp,A,3cg1,A,0,[5],[5],WO4,WO4,6.290431499481201,2.675828456878662,1.5505417585372925,0.6735446453094482,0.6514939665794373,1.19497811794281,holo_holo_subset,False,False,False
18,SAM,4qtu,B,6ift,A,0,[27],[27],SAM,SAM,1.1768921613693235,4.728664875030518,0.6424398422241211,0.8456112742424011,0.940771222114563,0.7555668950080872,holo_holo_subset,False,True,True
19,PNS,4h2y,D,7x0f,C,0,[21],[21],PNS,PNS,3.418751001358032,3.971825122833252,0.7747752070426941,0.7938718199729919,0.998246729373932,0.807496964931488,holo_holo_subset,False,False,True
20,OAA,2h12,B,4ros,A,0,[9],[9],OAA,OAA,2.527437925338745,2.35573673248291,1.519565463066101,0.6939318180084229,0.6126769185066223,1.2170675992965698,holo_holo_subset,False,False,True
21,WO4,1lgp,A,3cfz,A,0,[5],[5],WO4,WO4,5.4890899658203125,2.3412325382232666,1.5488362312316897,0.6969993710517883,0.7317072749137878,0.9971440434455872,holo_holo_subset,False,False,False
22,FE2,4m33,A,4r88,B,0,[1],[1],FE2,FE2,2.56514310836792,2.401169538497925,1.90414297580719,0.7066037654876709,0.7553372383117676,1.106459140777588,holo_holo_subset,False,False,True
23,NDP,4b7f,A,5c37,A,0,[48],[48],NDP,NDP,8.651043891906738,2.676842212677002,1.4375271797180176,0.6625460386276245,0.96013343334198,1.1196832656860352,holo_holo_subset,False,False,False
24,CU1,2n0m,A,4m1p,A,0,[1],[1],CU1,CU1,6.319509983062744,2.4079043865203857,1.4363957643508911,0.6796133518218994,0.8702118396759033,0.9114060401916504,holo_holo_subset,False,False,False
25,AKG,4qkb,A,5xvv,B,0,[10],[10],AKG,AKG,5.512645244598389,2.2930853366851807,1.538068771362305,0.7064851522445679,0.6037895679473877,1.121824026107788,holo_holo_subset,False,False,False
26,OXY,4ako,A,4yu3,A,0,[2],[2],OXY,OXY,1.0880475044250488,2.823216438293457,1.656383395195007,0.7447046041488647,0.7717990279197693,1.0390516519546509,holo_holo_subset,False,True,True
27,AR6,6lh4,A,8bau,A,0,[36],[36],AR6,AR6,3.742367029190064,2.6624526977539062,1.4071221351623535,0.7606450319290161,0.8031640648841858,1.1191260814666748,holo_holo_subset,False,False,True
28,FE,2amu,A,6wb6,A,0,[1],[1],FE,FE,1.3974940776824951,1.9083261489868164,1.5663474798202517,0.6624965071678162,0.9050526022911072,1.1497851610183716,holo_holo_subset,False,True,True
29,CU1,1k0v,A,2n0m,A,0,[1],[1],CU1,CU1,1.3289196491241455,2.7918810844421387,1.5440635681152344,0.7642751932144165,0.649552583694458,1.1719443798065186,holo_holo_subset,False,True,True
30,COA,1kru,A,2ahv,A,0,[48],[48],COA,COA,6.873526096343994,2.4214928150177,1.4976890087127686,0.6530562043190002,0.8918398022651672,1.1992528438568115,holo_holo_subset,False,False,False
31,AKG,1nx4,C,4xcb,A,0,[10],[10],AKG,AKG,1.4778478145599363,4.195871829986572,0.7911900281906128,0.8542619347572327,0.992239236831665,0.864007830619812,holo_holo_subset,False,True,True
32,PYR,2vpa,A,3di1,B,0,[5],[6],PYR,PYR,5.131583213806152,2.636874198913574,1.5527422428131104,0.7432392239570618,0.788936972618103,1.0598455667495728,holo_holo_subset,False,False,False
33,IPE,3krf,D,8jya,B,0,[14],[14],IPE,IPE,5.100347518920898,2.469698429107666,1.5338492393493652,0.7036488056182861,0.7600651979446411,1.3761086463928225,holo_holo_subset,False,False,False
34,PNS,4h2w,D,7x0f,C,0,[21],[21],PNS,PNS,3.3978166580200195,4.023165702819824,0.7372531294822693,0.7953017354011536,0.9987367987632751,0.8002634048461914,holo_holo_subset,False,False,True
35,MN,1gsl,A,6oiw,A,0,[1],[1],MN,MN,1.9690454006195068,2.242856979370117,1.5592612028121948,0.6809371113777161,0.7099208235740662,1.032033085823059,holo_holo_subset,False,True,True
36,CO,3l0s,A,4q0p,A,0,[1],[1],CO,CO,7.343447208404541,2.767320394515991,1.546968698501587,0.7571817636489868,0.866280198097229,1.1749123334884644,holo_holo_subset,False,False,False
37,PYR,2h9d,A,2nuy,A,0,[5],[6],PYR,PYR,5.366668701171875,2.0358786582946777,1.7972246408462524,0.7243488430976868,0.4596714973449707,1.0188900232315063,holo_holo_subset,False,False,False
38,PYR,2h9d,A,5w5r,A,0,[6],[6],PYR,PYR,7.454034805297852,1.8798232078552248,1.681326150894165,0.679507315158844,0.7037764191627502,1.0473846197128296,holo_holo_subset,False,False,False
39,CO,4d07,A,4q0p,A,0,[1],[1],CO,CO,7.338625431060791,2.587963104248047,1.5070990324020386,0.737068772315979,0.8309786319732666,1.0177804231643677,holo_holo_subset,False,False,False
40,NDP,3anl,A,6rjr,A,0,[48],[48],NDP,NDP,7.114543914794922,2.63138198852539,1.5146198272705078,0.7240599989891052,0.9285457730293274,1.066001534461975,holo_holo_subset,False,False,False
41,ANP,5gz9,A,7x4n,E,0,[31],[31],ANP,ANP,1.3445751667022705,3.0790581703186035,1.2889946699142456,0.7185035347938538,0.61525559425354,1.06641948223114,holo_holo_subset,False,True,True
42,AKG,3bn1,A,3nnf,A,0,[10],[10],AKG,AKG,2.771707057952881,2.965762138366699,1.4567341804504397,0.7303595542907715,0.6950624585151672,1.2006205320358276,holo_holo_subset,False,False,True
43,ZN,1mh2,A,2i2r,L,0,[1],[1],ZN,ZN,7.626779079437256,2.4232287406921387,1.5691919326782229,0.744755744934082,0.968884289264679,1.2509669065475464,holo_holo_subset,False,False,False
44,GAL,2j5z,A,7byv,A,0,[12],[12],GAL,GAL,7.481392860412598,2.151766538619995,1.5755090713500977,0.7208089828491211,0.9290304780006408,1.1125311851501465,holo_holo_subset,False,False,False
45,FE2,3ven,A,7eyr,C,0,[1],[1],FE2,FE2,1.5631933212280271,2.3900279998779297,1.4630910158157349,0.7302892804145813,0.6905871033668518,1.1361830234527588,holo_holo_subset,False,True,True
46,WO4,1lgp,A,2hcm,A,0,[5],[5],WO4,WO4,5.598224639892578,2.5448036193847656,1.5935014486312866,0.662201464176178,0.6375623345375061,1.015261173248291,holo_holo_subset,False,False,False
47,SAM,1cma,B,3ou7,A,0,[27],[27],SAM,SAM,6.923652648925781,2.6993210315704346,1.5349740982055664,0.7180696129798889,0.9516245126724244,1.32289719581604,holo_holo_subset,False,False,False
48,CU,1cur,A,6kob,A,0,[1],[1],CU,CU,0.4135865569114685,2.084606647491455,1.5049282312393188,0.6920157670974731,0.3654126822948456,0.7865219712257385,holo_holo_subset,False,False,False
49,ZN,1dth,A,3bvo,A,0,[1],[1],ZN,ZN,0.4281466603279114,2.1840944290161133,1.6011934280395508,0.709248423576355,0.2804466784000397,1.0721522569656372,holo_holo_subset,False,False,False
50,COA,1kru,A,4ubt,A,0,[48],[48],COA,COA,6.986920833587647,2.570720672607422,1.4499000310897827,0.7358459234237671,0.7856366634368896,1.253144145011902,holo_holo_subset,False,False,False
51,RBF,1kyv,E,5kbw,B,0,[27],[27],RBF,RBF,4.282691478729248,2.6539201736450195,1.4002267122268677,0.764549970626831,0.7417949438095093,1.0410174131393433,holo_holo_subset,False,False,False
52,SAH,3orh,A,6cu5,A,0,[26],[26],SAH,SAH,0.907598078250885,4.485800743103027,0.6287239789962769,0.796403169631958,0.9991484880447388,0.8063884377479553,holo_holo_subset,True,True,True
53,PYR,2nuy,A,2vpa,A,0,[6],[5],PYR,PYR,5.182056903839111,2.761230945587158,1.493204951286316,0.7582924365997314,0.8741219639778137,0.9692553877830504,holo_holo_subset,False,False,False
54,FAD,2ed4,A,6gna,A,0,[53],[53],FAD,FAD,4.161550045013428,2.4033217430114746,1.6485041379928589,0.6910515427589417,0.8517281413078308,1.0385843515396118,holo_holo_subset,False,False,False
55,BMA,5swi,B,5wvp,A,0,[12],[12],BMA,BMA,5.409615993499756,2.371710062026977,1.611020803451538,0.7107021808624268,0.6654863357543945,1.2098222970962524,holo_holo_subset,False,False,False
56,MN,3ib7,A,5c5u,B,0,[1],[1],MN,MN,3.157543897628784,2.4535765647888184,1.5394072532653809,0.7574310302734375,0.8281182050704956,1.0099164247512815,holo_holo_subset,False,False,True
57,ZN,1x0t,A,4gua,A,0,[1],[1],ZN,ZN,8.003314018249512,2.308427572250366,1.5396894216537476,0.6872255802154541,0.8455596566200256,1.4852203130722046,holo_holo_subset,False,False,False
58,MN,2qgi,A,3zvx,A,0,[1],[1],MN,MN,0.8011404275894165,2.4047951698303223,1.4547933340072632,0.7317129373550415,0.6665819883346558,1.060543656349182,holo_holo_subset,True,True,True
59,AKG,1nx4,C,3nnf,A,0,[10],[10],AKG,AKG,1.469120979309082,4.184515953063965,0.7441229820251465,0.8536589741706848,0.9827864170074464,0.8345550298690796,holo_holo_subset,False,True,True
60,AKG,3nnf,A,5xvv,B,0,[10],[10],AKG,AKG,5.970346927642822,2.3733954429626465,1.5319654941558838,0.6854217052459717,0.8706409335136414,1.3349730968475342,holo_holo_subset,False,False,False
61,NDP,1o8c,A,4b7f,A,0,[48],[48],NDP,NDP,6.302537441253662,2.159058094024658,1.5746312141418457,0.6986269950866699,0.7892954349517822,1.121105670928955,holo_holo_subset,False,False,False
62,MN,3zvx,A,4chg,A,0,[1],[1],MN,MN,2.7677505016326904,2.568155527114868,1.7809675931930542,0.7706422805786133,0.9310914278030396,1.0202436447143557,holo_holo_subset,False,False,True
63,AYE,8bs3,A,8st9,C,0,[4],[4],AYE,AYE,8.28399658203125,1.353694200515747,1.6226375102996826,0.647871196269989,0.95324045419693,1.055535078048706,holo_holo_subset,False,False,False
64,CU1,2ccw,A,4m1p,A,0,[1],[1],CU1,CU1,5.8622002601623535,2.564715623855591,1.5165492296218872,0.6755461692810059,0.8954246044158936,1.1402674913406372,holo_holo_subset,False,False,False
65,FE2,3ven,A,5zur,B,0,[1],[1],FE2,FE2,3.128204345703125,2.2205259799957275,1.5270965099334717,0.7028020620346069,0.8565747737884521,1.048324465751648,holo_holo_subset,False,False,True
66,ATP,2e5y,A,6tdz,C,0,[31],[31],ATP,ATP,6.271756649017334,2.4328126907348637,1.4552191495895386,0.7032637596130371,0.9577532410621644,1.0740798711776731,holo_holo_subset,False,False,False
67,CO,3dwc,B,4ob3,A,0,[1],[1],CO,CO,6.454529285430908,2.274258613586426,1.503598690032959,0.7037299871444702,0.919252872467041,1.2131032943725586,holo_holo_subset,False,False,False
68,COA,1kru,A,4x0o,E,0,[27],[48],COA,COA,7.288961887359619,2.5951476097106934,1.3737173080444336,0.7085310816764832,0.5117937326431274,1.2355573177337646,holo_holo_subset,False,False,False
69,NAD,4han,A,7f8d,A,0,[44],[44],NAD,NAD,6.678843975067139,2.3230385780334477,1.519808650016785,0.7117253541946411,0.8956756591796875,1.1203484535217283,holo_holo_subset,False,False,False
70,CU,1oac,B,6kob,A,0,[1],[1],CU,CU,1.2769769430160522,2.1189284324646,1.550542235374451,0.7283733487129211,0.8710607886314392,1.102027177810669,holo_holo_subset,False,True,True
71,FMN,5v57,A,6cmz,A,0,[31],[31],FMN,FMN,6.860954284667969,2.8841538429260254,1.375676512718201,0.6826125383377075,0.9132468700408936,1.1158874034881592,holo_holo_subset,False,False,False
72,SAM,1cma,B,2uyq,A,0,[17],[27],SAM,SAM,6.940545082092285,2.6212306022644043,1.655573487281799,0.7001969218254089,0.7879266738891602,1.2525135278701782,holo_holo_subset,False,False,False
73,SAM,3kkz,A,6ift,A,0,[27],[27],SAM,SAM,1.066399097442627,4.591004371643066,0.8085715174674988,0.8304522037506104,0.9399706721305848,0.7740532755851746,holo_holo_subset,False,True,True
74,COA,1khr,A,4ubt,A,0,[48],[48],COA,COA,6.902851104736328,2.659773349761963,1.2506781816482544,0.7088533043861389,0.7719501256942749,1.282756805419922,holo_holo_subset,False,False,False
75,FE2,5zur,B,7eyr,C,0,[1],[1],FE2,FE2,1.0492689609527588,2.400135040283203,1.6207231283187866,0.7173807621002197,0.8304476737976074,1.0683317184448242,holo_holo_subset,False,True,True
76,CO,3dwc,B,7s0w,B,0,[1],[1],CO,CO,1.5802658796310425,2.1684911251068115,1.3387919664382937,0.7366960644721985,0.6699802279472351,0.946908175945282,holo_holo_subset,False,True,True
77,HEM,1bcf,A,2ibj,A,0,[43],[43],HEM,HEM,6.163527011871338,2.2548699378967285,1.6198269128799438,0.765175998210907,0.6101895570755005,1.026641845703125,holo_holo_subset,False,False,False
78,NAD,1nr5,B,4han,A,0,[44],[44],NAD,NAD,5.120433330535889,1.9974396228790283,1.6685575246810913,0.6631191372871399,0.8431597948074341,1.1050245761871338,holo_holo_subset,False,False,False
79,MN,1hql,A,4ilk,A,0,[1],[1],MN,MN,1.5494520664215088,1.983937740325928,1.9428014755249023,0.68735671043396,0.7302099466323853,1.2234240770339966,holo_holo_subset,False,True,True
80,PYR,2h9d,A,3noj,A,0,[6],[6],PYR,PYR,5.439719200134277,2.143425464630127,1.563233494758606,0.6950718760490417,0.4210485219955444,1.363774061203003,holo_holo_subset,False,False,False
81,AES,3tgw,B,4dq5,A,0,[13],[13],AES,AES,7.994579792022705,2.3242297172546387,1.4213752746582031,0.6941766142845154,0.9197914600372314,1.1485246419906616,holo_holo_subset,False,False,False
82,FE,1xvx,A,3fvz,A,0,[1],[1],FE,FE,7.8349528312683105,2.2193775177001958,1.5390485525131226,0.6977744102478027,0.7509635090827942,0.9853637218475342,holo_holo_subset,False,False,False
83,AR6,5zdb,A,8bau,A,0,[36],[36],AR6,AR6,5.819216728210449,2.598341703414917,1.5062144994735718,0.7111161947250366,0.865225613117218,1.311362385749817,holo_holo_subset,False,False,False
84,ACO,4isx,A,4jvt,A,0,[48],[51],ACO,ACO,5.994678974151611,2.708590507507324,1.6332807540893557,0.7726370096206665,0.7792353630065918,1.1685338020324707,holo_holo_subset,False,False,False
85,OXY,1oqu,C,4ako,A,0,[2],[1],OXY,OXY,7.413037300109863,2.4681224822998047,1.5252363681793213,0.7755680084228516,0.7610262632369995,0.9732834100723268,holo_holo_subset,False,False,False
86,CA,2bl0,C,2yfr,A,0,[1],[1],CA,CA,8.33652400970459,2.136056423187256,1.56465744972229,0.6286941170692444,0.9642308950424194,1.0017001628875732,holo_holo_subset,False,False,False
87,FE,2q4a,B,3fvz,A,0,[1],[1],FE,FE,7.850489139556885,2.4647226333618164,1.2345725297927856,0.7392657995223999,0.8624700307846069,1.006702184677124,holo_holo_subset,False,False,False
88,AKG,4oj8,B,4xcb,A,0,[10],[10],AKG,AKG,1.121406316757202,4.258764743804932,0.7880699038505554,0.8481987714767456,0.9458693265914916,0.8667073249816895,holo_holo_subset,False,True,True
89,PYR,2vpa,A,3noj,A,0,[6],[6],PYR,PYR,6.705066680908203,2.602362632751465,1.4504135847091677,0.7479699850082397,0.9293851852416992,0.961201310157776,holo_holo_subset,False,False,False
90,FE,7vx0,B,8avl,A,0,[1],[1],FE,FE,1.735044002532959,2.484848976135254,1.3874257802963257,0.7475638389587402,0.8169772028923035,1.1346670389175415,holo_holo_subset,False,True,True
91,FE,6gq8,A,7vx0,B,0,[1],[1],FE,FE,1.6121647357940674,2.321844577789306,1.43979012966156,0.7240291237831116,0.7319623827934265,1.0430480241775513,holo_holo_subset,False,True,True
92,SO3,1yt8,A,2hz1,A,0,[4],[4],SO3,SO3,7.21688985824585,2.620330572128296,1.583333969116211,0.7007894515991211,0.6723973751068115,1.2632803916931152,holo_holo_subset,False,False,False
93,AKG,3nnf,A,4xgi,A,0,[10],[10],AKG,AKG,2.398353338241577,2.4879262447357178,1.3760673999786377,0.7296539545059204,0.919839322566986,1.169489860534668,holo_holo_subset,False,False,True
94,NI,3skd,A,5i8s,A,0,[1],[1],NI,NI,0.5284889340400696,2.42352557182312,1.478055119514465,0.750255823135376,0.7732659578323364,0.956290602684021,holo_holo_subset,True,True,True
95,RBF,2cc8,A,5kbw,B,0,[27],[27],RBF,RBF,6.267112255096436,2.3087973594665527,1.6101332902908323,0.7003679275512695,0.9864932894706726,1.0017530918121338,holo_holo_subset,False,False,False
96,ZN,2glz,A,5lhd,C,0,[1],[1],ZN,ZN,2.326241970062256,1.9361252784729004,1.4528396129608154,0.6652738451957703,0.3764857351779938,1.1432640552520752,holo_holo_subset,False,False,False
97,CO,3dwc,B,3l0s,A,0,[1],[1],CO,CO,7.317546844482422,2.3721399307250977,1.4784640073776243,0.693449079990387,0.854576826095581,1.193477988243103,holo_holo_subset,False,False,False
98,ZN,1mh2,A,2emk,A,0,[1],[1],ZN,ZN,5.525623321533203,2.5794787406921387,1.515715479850769,0.6338195204734802,0.8036214709281921,1.2209161520004272,holo_holo_subset,False,False,False
99,FE2,3gcf,A,4m33,A,0,[1],[1],FE2,FE2,2.711831331253052,2.088875293731689,1.3989121913909912,0.6659034490585327,0.7997618913650513,1.3879339694976809,holo_holo_subset,False,False,True
100,CA,2n8y,A,4f9j,A,0,[1],[1],CA,CA,8.168074607849121,2.493628978729248,1.5325820446014404,0.6896103024482727,0.8770748972892761,1.045580506324768,holo_holo_subset,False,False,False
101,PYR,2h9d,A,3di1,B,0,[5],[6],PYR,PYR,5.545680522918701,2.351485252380371,1.5788047313690186,0.6965867280960083,0.8653701543807983,1.173849105834961,holo_holo_subset,False,False,False
102,FE,3pqi,A,6wb6,A,0,[1],[1],FE,FE,2.84710955619812,1.80741822719574,1.481595754623413,0.5789216160774231,0.8206574320793152,1.1977821588516235,holo_holo_subset,False,False,True
103,SAM,2uyq,A,6ift,A,0,[27],[17],SAM,SAM,1.0399127006530762,4.299314022064209,0.8952053785324097,0.7959092855453491,0.9811305403709412,0.7622005939483643,holo_holo_subset,False,True,True
104,FE2,1ey2,A,4m33,A,0,[1],[1],FE2,FE2,2.140570878982544,2.4016361236572266,1.6084173917770386,0.7254490256309509,0.6572543382644653,1.1669803857803345,holo_holo_subset,False,False,True
105,CO,4d07,A,4uob,A,0,[1],[1],CO,CO,8.080057144165039,2.357243299484253,1.7044200897216797,0.7265539169311523,0.7049217224121094,1.1880289316177368,holo_holo_subset,False,False,False
106,PYR,2h9d,A,4plf,B,0,[6],[6],PYR,PYR,4.975589275360107,1.8023247718811035,1.323905110359192,0.707424521446228,0.7743504047393799,0.913897693157196,holo_holo_subset,False,False,False
107,ZN,2en2,A,5lhd,C,0,[1],[1],ZN,ZN,0.9449427127838136,2.0330286026000977,1.2819780111312866,0.7035180926322937,0.6676821708679199,0.8927245736122131,holo_holo_subset,True,True,True
108,TTP,4xjc,A,7t18,A,0,[29],[29],TTP,TTP,7.105400085449219,2.703973293304444,1.6739856004714966,0.6767329573631287,0.8647972345352173,1.0818299055099487,holo_holo_subset,False,False,False
109,SAM,1cma,B,1i9g,A,0,[27],[27],SAM,SAM,6.857072830200195,2.6333770751953125,1.632435321807861,0.7397969365119934,0.9047613143920898,1.1814441680908203,holo_holo_subset,False,False,False
110,FE,3e13,X,5guw,B,0,[1],[1],FE,FE,2.303605794906616,2.559213161468506,1.49661386013031,0.7208412885665894,0.6771889328956604,1.2047113180160522,holo_holo_subset,False,False,True
111,ADP,2uvq,A,8fny,A,0,[27],[27],ADP,ADP,6.566471576690674,2.5424346923828125,1.7528332471847534,0.7112658023834229,0.8935451507568359,1.325390338897705,holo_holo_subset,False,False,False
112,PYR,2vpa,A,4plf,B,0,[6],[6],PYR,PYR,5.761354446411133,2.834564208984375,1.502328872680664,0.7010616064071655,0.8518506288528442,1.1650254726409912,holo_holo_subset,False,False,False
113,ATP,2jk8,A,4v02,A,0,[31],[9],ATP,ATP,3.228973627090454,2.56427001953125,1.676750421524048,0.7015367746353149,0.8455467224121094,1.0574524402618408,holo_holo_subset,False,False,True
114,FE2,3vb0,A,4m33,A,0,[1],[1],FE2,FE2,1.998797059059143,2.3478779792785645,1.4929591417312622,0.6865128874778748,0.8111074566841125,1.040241837501526,holo_holo_subset,False,True,True
115,COA,1a59,A,4ubt,A,0,[48],[46],COA,COA,5.72393274307251,2.3697452545166016,1.510071039199829,0.7273098230361938,0.8657195568084717,1.0490046739578247,holo_holo_subset,False,False,False
116,NI,1xm5,A,3skd,A,0,[1],[1],NI,NI,1.6314712762832642,2.623778343200684,1.3633742332458496,0.7525671720504761,0.7743157744407654,1.094034194946289,holo_holo_subset,False,True,True
117,OXY,1oqu,C,4qur,A,0,[2],[1],OXY,OXY,7.422454357147217,2.102940082550049,1.5071333646774292,0.6769482493400574,0.6519677042961121,1.0918300151824951,holo_holo_subset,False,False,False
118,FE2,2de6,B,5zur,B,0,[1],[1],FE2,FE2,0.9138036966323853,1.9023902416229248,1.5491451025009155,0.7042703032493591,0.7278447151184082,1.0294674634933472,holo_holo_subset,True,True,True
119,FE2,3acl,A,3ven,A,0,[1],[1],FE2,FE2,2.2159886360168457,2.2515642642974854,1.721279263496399,0.7537451982498169,0.7117961645126343,1.081351399421692,holo_holo_subset,False,False,True
120,FE,2amu,A,8avl,A,0,[1],[1],FE,FE,0.6549458503723145,2.53398871421814,1.5470669269561768,0.743088960647583,0.7434956431388855,0.9765172600746156,holo_holo_subset,True,True,True
121,ANP,5gz9,A,5ljw,A,0,[31],[31],ANP,ANP,2.3668289184570312,3.0934529304504395,1.5111571550369265,0.7463932037353516,0.7917453646659851,1.0877037048339844,holo_holo_subset,False,False,True
122,COA,1kru,A,5kl9,A,0,[48],[48],COA,COA,7.312003135681152,2.3999242782592773,1.4339380264282229,0.7026172876358032,0.960266649723053,1.321091651916504,holo_holo_subset,False,False,False
123,ZN,5n0c,A,6iq1,B,0,[1],[1],ZN,ZN,2.241211175918579,1.8288373947143557,1.6673710346221924,0.6209007501602173,0.5280659198760986,1.7725762128829956,holo_holo_subset,False,False,True
124,CA,1tah,B,2bl0,B,0,[1],[1],CA,CA,8.314443588256836,2.5837831497192383,1.5611467361450195,0.7110475897789001,0.8514361381530762,1.1338913440704346,holo_holo_subset,False,False,False
125,MG,2p88,A,3cc2,T,0,[1],[1],MG,MG,7.536931037902832,2.119991540908813,1.7918787002563477,0.7442460060119629,0.8087989687919617,1.0652095079421997,holo_holo_subset,False,False,False
126,NDP,1o8c,A,6rjr,A,0,[48],[48],NDP,NDP,5.896555423736572,2.564680814743042,1.3973907232284546,0.6939502954483032,0.7891339063644409,1.1764661073684692,holo_holo_subset,False,False,False
127,CO,3l0s,A,4uob,A,0,[1],[1],CO,CO,8.090600967407227,2.8153088092803955,1.055458903312683,0.6731852293014526,0.9570492506027222,0.7769016027450562,holo_holo_subset,False,False,False
128,PYR,2vpa,A,5lu4,A,0,[6],[6],PYR,PYR,7.749898910522461,1.625580668449402,1.5122424364089966,0.5669612288475037,0.8777804374694824,0.9492729902267456,holo_holo_subset,False,False,False
129,AR6,3sig,A,8bau,A,0,[36],[36],AR6,AR6,5.75911808013916,2.4955201148986816,1.5994926691055298,0.7337213754653931,0.8221967220306396,1.225519061088562,holo_holo_subset,False,False,False
130,SAM,1cma,B,3dou,A,0,[27],[27],SAM,SAM,6.682884693145752,2.5282907485961914,1.5972754955291748,0.7407828569412231,0.9265355467796326,1.0982229709625244,holo_holo_subset,False,False,False
131,SAM,1cma,B,3kkz,A,0,[27],[27],SAM,SAM,6.975670337677002,2.488492488861084,1.5587257146835327,0.7036781907081604,0.9576472640037536,1.3152167797088623,holo_holo_subset,False,False,False
132,FE2,4m33,A,7eyr,C,0,[1],[1],FE2,FE2,0.6249387860298157,2.6215405464172363,1.4054964780807495,0.7134153842926025,0.5233721137046814,1.032162070274353,holo_holo_subset,True,True,True
133,ATP,1b0u,A,2e5y,A,0,[31],[31],ATP,ATP,7.761003017425537,2.4083681106567383,1.423933744430542,0.7450421452522278,0.8941024541854858,0.9494351744651794,holo_holo_subset,False,False,False
134,FE,1do6,A,1wb7,A,0,[1],[1],FE,FE,0.5753231644630432,2.4612886905670166,1.536455750465393,0.7241960763931274,0.7116655111312866,1.0201042890548706,holo_holo_subset,True,True,True
135,FE2,1e5s,A,3ven,A,0,[1],[1],FE2,FE2,1.695999026298523,2.40372896194458,1.526374340057373,0.6884868741035461,0.7080047130584717,1.275107741355896,holo_holo_subset,False,True,True
136,OXY,4qur,A,4yu3,A,0,[2],[2],OXY,OXY,1.5706665515899658,2.3083648681640625,1.5966224670410156,0.7349246144294739,0.8592999577522278,1.0496798753738403,holo_holo_subset,False,True,True
137,HEM,1aom,B,7bwh,A,0,[43],[43],HEM,HEM,6.785297870635986,1.8751013278961184,1.3610854148864746,0.7034332752227783,0.92084401845932,1.2224489450454712,holo_holo_subset,False,False,False
138,SAM,1cma,B,5zw4,A,0,[27],[27],SAM,SAM,6.8336710929870605,2.549278974533081,1.6488245725631714,0.7250456809997559,0.6164566874504089,1.173069953918457,holo_holo_subset,False,False,False
139,NAD,3czm,B,4han,A,0,[44],[44],NAD,NAD,6.481823444366455,2.4704036712646484,1.504132628440857,0.6646469831466675,0.6283390522003174,1.1440825462341309,holo_holo_subset,False,False,False
140,ANP,3zfd,A,5gz9,A,0,[31],[31],ANP,ANP,1.5412417650222778,3.1539828777313232,1.4110932350158691,0.7326866388320923,0.7014060020446777,1.0647735595703125,holo_holo_subset,False,True,True
141,COA,1khr,A,3nfd,E,0,[27],[48],COA,COA,5.079448699951172,2.561433792114258,1.4037079811096191,0.7208786010742188,0.8887701034545898,1.293513298034668,holo_holo_subset,False,False,False
142,FE2,4m33,A,4oj8,B,0,[1],[1],FE2,FE2,2.423147678375244,2.206746816635132,1.6743109226226809,0.7110884189605713,0.7625012397766113,1.2109051942825315,holo_holo_subset,False,False,True
143,FE2,3acl,A,4oj8,B,0,[1],[1],FE2,FE2,0.7357974648475647,3.239419221878052,1.0069174766540527,0.7485322952270508,0.8637831807136536,0.7328759431838989,holo_holo_subset,True,True,True
144,FE,1nf6,F,2amu,A,0,[1],[1],FE,FE,0.6627716422080994,2.3124489784240723,1.5586037635803225,0.7292599081993103,0.4271822869777679,1.076077222824097,holo_holo_subset,False,False,False
145,FE2,4oj8,B,7eyr,C,0,[1],[1],FE2,FE2,0.1799173653125763,4.299758434295654,0.697754979133606,0.8458828926086426,0.8411372303962708,0.8105272054672241,holo_holo_subset,True,True,True
146,CO,4q0p,A,7s0w,B,0,[1],[1],CO,CO,1.137456297874451,2.2820255756378174,1.539184808731079,0.7132772207260132,0.6939157247543335,1.0138708353042605,holo_holo_subset,False,True,True
147,ACO,1b87,A,4isx,A,0,[51],[51],ACO,ACO,3.4957146644592285,2.731331825256348,1.502464771270752,0.7104309797286987,0.8736960887908936,1.169090747833252,holo_holo_subset,False,False,True
148,AMP,2gm3,A,5dy9,E,0,[23],[23],AMP,AMP,3.771134376525879,2.870903491973877,1.50825834274292,0.7342135310173035,0.9152746200561525,1.1356183290481567,holo_holo_subset,False,False,True
149,AKG,3nnf,A,4hg3,A,0,[9],[10],AKG,AKG,4.321578025817871,2.588240623474121,1.5500428676605225,0.7369290590286255,0.4240453839302063,1.185896396636963,holo_holo_subset,False,False,False
150,AKG,4xcb,A,5xvv,B,0,[10],[10],AKG,AKG,5.870979309082031,2.311001777648926,1.5465322732925415,0.6412398815155029,0.776195764541626,1.384339690208435,holo_holo_subset,False,False,False
151,COA,3fsb,A,6qfb,C,0,[48],[48],COA,COA,7.534331321716309,2.197509765625,1.6678264141082764,0.6003119945526123,0.8427397012710571,1.5291786193847656,holo_holo_subset,False,False,False
152,ZN,2nly,A,5aja,B,0,[1],[1],ZN,ZN,6.578254222869873,2.3694138526916504,1.7347750663757324,0.7395814657211304,0.7103458046913147,1.227696657180786,holo_holo_subset,False,False,False
153,BMA,5a7v,A,5wvp,A,0,[12],[12],BMA,BMA,3.5147554874420166,2.0605483055114746,1.495812177658081,0.7205203175544739,0.9376899600028992,1.1183041334152222,holo_holo_subset,False,False,True
154,FE2,1ey2,A,5j92,B,0,[1],[1],FE2,FE2,1.180384635925293,2.325888156890869,1.412725567817688,0.6482067704200745,0.8832311034202576,1.0248945951461792,holo_holo_subset,False,True,True
155,NI,1xm5,A,5i8s,A,0,[1],[1],NI,NI,0.9234981536865234,2.6052565574646,1.5533894300460815,0.7371684908866882,0.7594978213310242,1.11815345287323,holo_holo_subset,True,True,True
156,CU1,1k0v,A,4m1p,A,0,[1],[1],CU1,CU1,6.112618446350098,2.395453929901123,1.577478051185608,0.7461280226707458,0.9338051080703736,1.168649435043335,holo_holo_subset,False,False,False
157,CU,6kob,A,6ryx,A,0,[1],[1],CU,CU,1.3870437145233154,2.205111503601074,1.4914219379425049,0.6989840865135193,0.6914860606193542,1.2420172691345217,holo_holo_subset,False,True,True
158,FMN,3a20,A,5v57,A,0,[31],[31],FMN,FMN,2.60891056060791,2.760606288909912,1.4204100370407104,0.7192071080207825,0.7842217087745667,1.0042170286178589,holo_holo_subset,False,False,True
159,FE2,1e5s,A,4oj8,B,0,[1],[1],FE2,FE2,0.6250655651092529,3.3570470809936523,0.7799612879753113,0.741710901260376,0.9277091026306152,0.8010319471359253,holo_holo_subset,True,True,True
160,NDP,4b7f,A,5vg6,B,0,[48],[48],NDP,NDP,5.694218158721924,2.550051212310791,1.5312808752059937,0.7398561835289001,0.9339740872383118,1.0572030544281006,holo_holo_subset,False,False,False
161,MN,2qgi,A,3zvx,A,0,[1],[1],MN,MN,0.8011355400085449,2.4047961235046387,1.454793930053711,0.7317125797271729,0.6665814518928528,1.0605448484420776,holo_holo_subset,True,True,True
162,GTP,6oix,C,6y09,A,0,[32],[32],GTP,GTP,4.666059494018555,2.1696314811706543,1.4075747728347778,0.6870344877243042,0.6529890894889832,1.1424709558486938,holo_holo_subset,False,False,False
163,FE,3ak3,B,5ylb,A,0,[1],[1],FE,FE,1.0397969484329224,2.670826196670532,1.3633160591125488,0.7375236749649048,0.7557497620582581,1.1165390014648438,holo_holo_subset,False,True,True
164,GAL,4wwh,A,5cb7,B,0,[12],[12],GAL,GAL,5.426163196563721,2.698394298553467,1.4949736595153809,0.7392826676368713,0.9677468538284302,0.962019681930542,holo_holo_subset,False,False,False
165,FE,3ogh,B,3vth,A,0,[1],[1],FE,FE,1.6673696041107178,2.0151572227478027,1.5539531707763672,0.7124584913253784,0.6710203289985657,1.1400736570358276,holo_holo_subset,False,True,True
166,TPP,4c7x,A,4tkr,B,0,[26],[26],TPP,TPP,3.8060240745544434,2.281924247741699,1.725823163986206,0.7470348477363586,0.7950614094734192,1.0407874584197998,holo_holo_subset,False,False,True
167,BMA,5wvp,A,6l6a,A,0,[12],[12],BMA,BMA,5.121881008148193,2.376067638397217,1.3912895917892456,0.7427141666412354,0.4755445420742035,1.0868607759475708,holo_holo_subset,False,False,False
168,SAM,1cma,B,3fpj,B,0,[27],[27],SAM,SAM,7.027806282043457,2.152217388153076,1.6540608406066897,0.7118337750434875,0.5368752479553223,1.1240646839141846,holo_holo_subset,False,False,False
169,CA,1w3w,A,3i57,A,0,[1],[1],CA,CA,8.302154541015625,2.306508302688598,1.6120655536651611,0.684307873249054,0.9226232767105104,1.1320784091949463,holo_holo_subset,False,False,False
170,ACO,4isx,A,8g1e,A,0,[51],[51],ACO,ACO,7.112020492553711,2.258010149002075,1.795230507850647,0.6218876242637634,0.9125255942344666,1.5856285095214844,holo_holo_subset,False,False,False
171,FE2,1ey2,A,3vb0,A,0,[1],[1],FE2,FE2,2.598945140838623,2.5112195014953613,1.6014803647994995,0.6590719819068909,0.8776851296424866,1.171162724494934,holo_holo_subset,False,False,True
172,AMP,4e6n,A,5dy9,E,0,[23],[22],AMP,AMP,5.877832412719727,2.3037123680114746,1.6672276258468628,0.7423725128173828,0.4538266956806183,0.9166556000709534,holo_holo_subset,False,False,False
173,FE,3vth,A,8avl,A,0,[1],[1],FE,FE,1.5909154415130615,2.1297831535339355,1.643104076385498,0.656807005405426,0.8426898121833801,1.1706115007400513,holo_holo_subset,False,True,True
174,FE,1ahj,A,4bfk,B,0,[1],[1],FE,FE,2.236154079437256,2.52908992767334,1.6412615776062012,0.7354608178138733,0.5946112275123596,1.1919801235198977,holo_holo_subset,False,False,True
175,AKG,4xcb,A,4xgi,A,0,[10],[10],AKG,AKG,3.0195581912994385,2.31886625289917,1.5058196783065796,0.702107310295105,0.9136350154876708,1.259116530418396,holo_holo_subset,False,False,True
176,MN,2e6c,A,3zvx,A,0,[1],[1],MN,MN,0.3085299134254455,2.6858139038085938,1.5252032279968262,0.7598509192466736,0.939548909664154,1.064543604850769,holo_holo_subset,True,True,True
177,CO,3dwc,B,4d07,A,0,[1],[1],CO,CO,7.5181355476379395,2.4617366790771484,1.4626322984695437,0.7401928901672363,0.801048219203949,0.9708535671234132,holo_holo_subset,False,False,False
178,CA,4esv,C,4yl9,D,0,[1],[1],CA,CA,7.668827056884766,1.932856798171997,1.5055546760559082,0.7034931182861328,0.969330370426178,1.1536797285079956,holo_holo_subset,False,False,False
179,FMN,3a20,A,7epe,A,0,[31],[31],FMN,FMN,2.5204875469207764,2.765339136123657,1.3871099948883057,0.7182356715202332,0.7624111771583557,1.042100429534912,holo_holo_subset,False,False,True
180,FE,1b06,A,2amu,A,0,[1],[1],FE,FE,1.7487714290618896,2.5953071117401123,1.19834303855896,0.7557823657989502,0.8758596777915955,0.9243115782737732,holo_holo_subset,False,True,True
181,ATP,5k3j,A,7xf0,C,0,[31],[31],ATP,ATP,6.487335681915283,2.299691677093506,1.7207670211791992,0.689814567565918,0.80489581823349,1.2058180570602417,holo_holo_subset,False,False,False
182,FE,1xvx,A,4bfk,B,0,[1],[1],FE,FE,1.6639190912246704,2.6020894050598145,1.3440279960632324,0.7140624523162842,0.8944838047027588,0.907483458518982,holo_holo_subset,False,True,True
183,SAM,1cma,B,3mte,A,0,[26],[27],SAM,SAM,6.98019552230835,2.595935344696045,1.5076980590820312,0.7004085183143616,0.9086425304412842,1.3215175867080688,holo_holo_subset,False,False,False
184,MN,3pif,D,5c5u,B,0,[1],[1],MN,MN,2.1937003135681152,1.955153465270996,1.5162113904953003,0.6929359436035156,0.679492175579071,1.1055554151535034,holo_holo_subset,False,False,True
185,SAM,1cma,B,3t7s,A,0,[27],[27],SAM,SAM,7.0459818840026855,2.74088716506958,1.7336182594299316,0.6947117447853088,0.8537389039993286,1.3033486604690552,holo_holo_subset,False,False,False
186,FAD,1zdl,A,2ed4,A,0,[53],[53],FAD,FAD,4.153881072998047,2.814303159713745,1.5609304904937744,0.7138159871101379,0.5539575815200806,1.1042207479476929,holo_holo_subset,False,False,False
187,FE,3o32,A,3qc3,A,0,[1],[1],FE,FE,2.151580333709717,2.6955113410949707,1.6203138828277588,0.7138167023658752,0.825315535068512,1.325964093208313,holo_holo_subset,False,False,True
188,SAH,2efj,A,6cu5,A,0,[26],[26],SAH,SAH,0.9429221749305724,4.287572860717773,0.706160843372345,0.7708160877227783,0.98190438747406,0.716731071472168,holo_holo_subset,True,True,True
189,FE2,4m33,A,5j92,B,0,[1],[1],FE2,FE2,0.1336259096860885,2.552652359008789,1.5633492469787598,0.7036784887313843,0.9047966599464417,1.0551555156707764,holo_holo_subset,True,True,True
190,CA,1w3w,A,6sau,B,0,[1],[1],CA,CA,7.395096778869629,2.014505624771118,1.6127376556396484,0.7003291249275208,0.7147239446640015,1.1593283414840698,holo_holo_subset,False,False,False
191,FE2,1ey2,A,3ven,A,0,[1],[1],FE2,FE2,7.056552886962891,2.0092601776123047,1.5422667264938354,0.7184317708015442,0.7867245078086853,1.300357699394226,holo_holo_subset,False,False,False
192,HEM,1gks,A,3sik,A,0,[43],[43],HEM,HEM,5.993936061859131,2.391767978668213,2.1586949825286865,0.6797115206718445,0.7319273352622986,1.1159162521362305,holo_holo_subset,False,False,False
193,SAM,1cma,B,4qtu,B,0,[27],[27],SAM,SAM,6.3853759765625,2.560711145401001,1.486666560173035,0.6994336247444153,0.9320093989372252,1.230471968650818,holo_holo_subset,False,False,False
194,FE,1nf6,F,4f9j,A,0,[1],[1],FE,FE,1.1955052614212036,2.305701732635498,1.420589804649353,0.7670603394508362,0.7793781757354736,0.9003490805625916,holo_holo_subset,False,True,True
195,CO,3hdi,A,4uob,A,0,[1],[1],CO,CO,8.073259353637695,2.19602632522583,1.6919691562652588,0.6644870638847351,0.654259979724884,1.2352153062820437,holo_holo_subset,False,False,False
196,COA,2ahv,A,3fsb,A,0,[48],[48],COA,COA,6.708709239959717,2.231861352920532,1.5874388217926023,0.6804673671722412,0.6694037318229675,1.0122039318084717,holo_holo_subset,False,False,False
197,CA,4yzo,C,5oyl,D,0,[1],[1],CA,CA,7.510178565979004,2.4801063537597656,1.6006864309310913,0.7054797410964966,0.6743340492248535,1.207123875617981,holo_holo_subset,False,False,False
198,ZN,2emx,A,5aja,B,0,[1],[1],ZN,ZN,1.0408010482788086,2.1152772903442383,1.5827624797821045,0.6626482009887695,0.798462986946106,0.7635727524757385,holo_holo_subset,False,True,True
199,FE2,1e5s,A,3vb0,A,0,[1],[1],FE2,FE2,0.534159779548645,2.761233329772949,1.42396879196167,0.709862470626831,0.8013772964477539,1.1011526584625244,holo_holo_subset,True,True,True
200,CU,4eir,A,6kob,A,0,[1],[1],CU,CU,1.906151294708252,2.176180362701416,1.378454089164734,0.7352035641670227,0.8065535426139832,1.0301213264465332,holo_holo_subset,False,True,True
201,FE,3nnf,A,3vth,A,0,[1],[1],FE,FE,2.8937690258026123,2.558626174926758,1.6819003820419312,0.7374567985534668,0.5926383137702942,1.0138624906539917,holo_holo_subset,False,False,True
202,GTP,3ldu,A,6oix,C,0,[32],[32],GTP,GTP,5.090269088745117,2.374863624572754,1.4802480936050415,0.6803419589996338,0.7189752459526062,1.315535068511963,holo_holo_subset,False,False,False
203,SAM,4fak,A,6ift,A,0,[27],[27],SAM,SAM,2.9952733516693115,3.526263236999512,1.316468596458435,0.7390744686126709,0.96632182598114,0.9791221618652344,holo_holo_subset,False,False,True
204,ANP,4w7s,B,5gz9,A,0,[31],[31],ANP,ANP,2.4113595485687256,3.015777349472046,1.3380749225616455,0.7118818163871765,0.94070565700531,1.120988368988037,holo_holo_subset,False,False,True
205,COA,4x0o,E,6es9,A,0,[27],[27],COA,COA,8.08684253692627,2.7242989540100098,1.443015694618225,0.7302881479263306,0.8348096013069153,1.085138201713562,holo_holo_subset,False,False,False
206,CU1,1k0v,A,2ccw,A,0,[1],[1],CU1,CU1,2.52069091796875,2.846455812454224,1.44404399394989,0.7488301396369934,0.7009351253509521,1.0988399982452393,holo_holo_subset,False,False,True
207,FE,2hvb,B,2q4a,B,0,[1],[1],FE,FE,1.0835224390029907,2.3305702209472656,1.6271963119506836,0.7015528082847595,0.7612735629081726,1.1667499542236328,holo_holo_subset,False,True,True
208,COA,1khr,A,5kl9,A,0,[48],[48],COA,COA,8.018864631652832,2.596453905105591,1.372613787651062,0.7293557524681091,0.7735936045646667,1.303746223449707,holo_holo_subset,False,False,False
209,AMP,4qei,A,5dy9,E,0,[23],[23],AMP,AMP,4.566995620727539,2.317915201187134,1.6507433652877808,0.731765627861023,0.9024962186813354,1.0718533992767334,holo_holo_subset,False,False,False
210,HEM,1aom,B,2i89,A,0,[43],[43],HEM,HEM,6.844305038452148,2.2921230792999268,1.441009521484375,0.69350266456604,0.8614161610603333,1.0833340883255005,holo_holo_subset,False,False,False
211,MG,2a07,J,6efg,D,0,[1],[1],MG,MG,6.504175662994385,2.4655144214630127,1.5137895345687866,0.67313551902771,0.9472270011901855,1.3845322132110596,holo_holo_subset,False,False,False
212,FE2,3ven,A,7eyr,C,0,[1],[1],FE2,FE2,1.5631918907165527,2.390033006668091,1.4630910158157349,0.7302882671356201,0.6905882954597473,1.1361860036849976,holo_holo_subset,False,True,True
213,FE,3nnf,A,8avl,A,0,[1],[1],FE,FE,1.135150909423828,2.7799620628356934,1.3984509706497192,0.7132927179336548,0.7817942500114441,1.0792337656021118,holo_holo_subset,False,True,True
214,AKG,3bn1,A,4xcb,A,0,[10],[10],AKG,AKG,1.951699495315552,2.7280306816101074,1.425665020942688,0.7334257960319519,0.7883440852165222,1.1744568347930908,holo_holo_subset,False,True,True
215,ATP,3zs7,A,5k3i,A,0,[31],[31],ATP,ATP,6.951377868652344,2.000915050506592,1.6610151529312134,0.730398952960968,0.8571934700012207,1.0259541273117063,holo_holo_subset,False,False,False
216,GTP,1plk,A,6oix,C,0,[32],[32],GTP,GTP,5.044585704803467,2.329220533370972,1.601340651512146,0.6781278848648071,0.879199206829071,1.2366821765899658,holo_holo_subset,False,False,False
217,AKG,3nnf,A,4oj8,B,0,[10],[10],AKG,AKG,1.815077304840088,4.1886820793151855,0.6954702138900757,0.8460104465484619,0.9847888350486756,0.8255136013031006,holo_holo_subset,False,True,True
218,ADP,1q9s,A,5gsz,A,0,[27],[27],ADP,ADP,6.330854415893555,2.3662569522857666,1.5950157642364502,0.7103694677352905,0.9098173379898072,1.214645504951477,holo_holo_subset,False,False,False
219,PYR,2h9d,A,5lu4,A,0,[6],[6],PYR,PYR,8.100053787231445,1.4846491813659668,1.741020679473877,0.6340582966804504,0.3569724559783935,1.299296736717224,holo_holo_subset,False,False,False
220,CO,4uob,A,7s0w,B,0,[1],[1],CO,CO,6.941432476043701,2.3982748985290527,1.6173486709594729,0.7263962626457214,0.6452067494392395,1.2009837627410889,holo_holo_subset,False,False,False
221,HEM,1aw3,A,3u8p,A,0,[43],[43],HEM,HEM,4.314996719360352,2.345342874526977,1.3910363912582395,0.6671707034111023,0.9323134422302246,1.3392345905303955,holo_holo_subset,False,False,False
222,COA,1kru,A,5hbr,A,0,[48],[48],COA,COA,6.920735836029053,2.294114112854004,1.4782496690750122,0.6458175778388977,0.8387731909751892,1.180333971977234,holo_holo_subset,False,False,False
223,SAH,6cu5,A,6cx6,B,0,[26],[26],SAH,SAH,1.155799150466919,4.81749439239502,0.5265836715698242,0.8477151989936829,0.875757098197937,0.6787175536155701,holo_holo_subset,False,True,True
224,COA,1khr,A,5xuk,A,0,[40],[48],COA,COA,5.337947845458984,2.644548892974853,1.6944153308868408,0.7180387377738953,0.8943566083908081,1.2599287033081057,holo_holo_subset,False,False,False
225,COA,1a59,A,4x0o,E,0,[27],[46],COA,COA,5.481833934783936,2.076784610748291,1.613508701324463,0.6964985728263855,0.9386778473854064,1.0778567790985107,holo_holo_subset,False,False,False
226,NDP,4e37,B,5vg6,B,0,[48],[48],NDP,NDP,4.041782379150391,2.28810453414917,1.4836047887802124,0.6987970471382141,0.4706965386867523,1.2344597578048706,holo_holo_subset,False,False,False
227,NAD,2dvm,A,2ed4,A,0,[44],[44],NAD,NAD,4.536777973175049,2.57693862915039,1.7623454332351685,0.6848567724227905,0.5205623507499695,1.0391677618026731,holo_holo_subset,False,False,False
228,CO,1v29,A,4uob,A,0,[1],[1],CO,CO,5.0650129318237305,2.072042465209961,1.4611634016036987,0.6846289038658142,0.8655802607536316,1.1846773624420166,holo_holo_subset,False,False,False
229,AMP,1uuy,A,5dy9,E,0,[23],[22],AMP,AMP,5.136160850524902,2.635503053665161,1.4919620752334597,0.7381881475448608,0.8256579637527466,1.0832520723342896,holo_holo_subset,False,False,False
230,ACO,3dr8,A,4isx,A,0,[51],[51],ACO,ACO,6.935707092285156,3.002821207046509,1.4350571632385254,0.7489689588546753,0.9017438292503356,1.042458415031433,holo_holo_subset,False,False,False
231,MN,2bow,A,6oiw,A,0,[1],[1],MN,MN,2.430959701538086,2.0890560150146484,1.597965121269226,0.6854953765869141,0.8736538290977478,1.1577024459838867,holo_holo_subset,False,False,True
232,FE,1do6,A,3gvy,C,0,[1],[1],FE,FE,0.888772189617157,2.3367838859558105,1.543944239616394,0.6869860291481018,0.4545183777809143,1.0548279285430908,holo_holo_subset,False,False,False
233,MN,2x7j,A,3ww1,A,0,[1],[1],MN,MN,1.7573459148406982,2.541626214981079,1.4331672191619873,0.7630573511123657,0.6846392154693604,1.052604913711548,holo_holo_subset,False,True,True
234,MN,1za0,A,3ib7,A,0,[1],[1],MN,MN,0.9804664254188538,2.55783748626709,1.5968596935272217,0.763515293598175,0.8586034774780273,0.9455830454826356,holo_holo_subset,True,True,True
235,NDP,1o8c,A,6rjn,A,0,[48],[48],NDP,NDP,7.310142993927002,2.547224521636963,1.602512240409851,0.6878674626350403,0.8821032047271729,1.1552996635437012,holo_holo_subset,False,False,False
236,NDP,3anl,A,4e37,B,0,[48],[48],NDP,NDP,6.171705722808838,2.3290669918060303,1.4820114374160769,0.6753028631210327,0.8006893992424011,1.2309132814407349,holo_holo_subset,False,False,False
237,HEM,1awp,A,3u8p,A,0,[43],[43],HEM,HEM,3.998603820800781,2.255370855331421,1.480642318725586,0.6839982271194458,0.8379281163215637,1.5020503997802734,holo_holo_subset,False,False,True
238,MN,3pif,D,3qb5,K,0,[1],[1],MN,MN,6.593162059783936,2.2550384998321533,1.482844352722168,0.7081177234649658,0.8623351454734802,1.3287068605422974,holo_holo_subset,False,False,False
239,CO,4uob,A,6bnn,A,0,[1],[1],CO,CO,6.893089771270752,2.1800971031188965,1.5432239770889282,0.7062179446220398,0.7737814784049988,1.2034891843795776,holo_holo_subset,False,False,False
240,CA,2g42,B,7xrx,A,0,[1],[1],CA,CA,5.397082328796387,2.1997475624084477,1.506350040435791,0.6283926367759705,0.7938140034675598,1.598490595817566,holo_holo_subset,False,False,False
241,COA,3flv,A,4ubt,A,0,[48],[31],COA,COA,5.222761154174805,2.016831398010254,1.5722298622131348,0.7325183153152466,0.8587902784347534,1.1233365535736084,holo_holo_subset,False,False,False
242,MN,1gsl,A,3dx5,A,0,[1],[1],MN,MN,2.2504587173461914,2.818353176116944,1.3807735443115234,0.7669382095336914,0.8871564865112305,0.9092816710472108,holo_holo_subset,False,False,True
243,MN,1s4o,A,4bif,A,0,[1],[1],MN,MN,1.726876974105835,2.580469846725464,1.7509695291519165,0.7406012415885925,0.686360776424408,1.059815526008606,holo_holo_subset,False,True,True
244,NDP,5vg6,B,6rjn,A,0,[48],[48],NDP,NDP,6.351059436798096,2.369217872619629,1.4575647115707395,0.7128389477729797,0.8644675612449646,1.3282701969146729,holo_holo_subset,False,False,False
245,FE,1xvx,A,2amu,A,0,[1],[1],FE,FE,1.550320029258728,2.460713148117065,1.3273884057998655,0.6952704787254333,0.8625682592391968,0.9138079285621644,holo_holo_subset,False,True,True
246,NDP,3anl,A,6rjn,A,0,[48],[48],NDP,NDP,6.652498722076416,2.0198729038238525,1.6246970891952517,0.71840500831604,0.7527590394020081,1.3406721353530884,holo_holo_subset,False,False,False
247,COA,3flv,A,4x0o,E,0,[27],[31],COA,COA,5.81544828414917,2.120721340179444,1.3434937000274658,0.7081735134124756,0.8756790161132812,1.1111341714859009,holo_holo_subset,False,False,False
248,CO,3dwc,B,6bnn,A,0,[1],[1],CO,CO,0.8815786242485046,2.3099560737609863,1.496453046798706,0.7312636375427246,0.8679903149604797,1.0015840530395508,holo_holo_subset,True,True,True
249,ROP,4gyl,A,4wgf,A,1,[5],[5],ROP,ROP,3.0489251613616943,3.0169997215271,1.3980469703674316,0.7690889239311218,0.8745840787887573,1.1314481496810913,holo_holo_subset,False,False,True
250,5GP,3n1s,J,4z87,A,1,[24],[24],5GP,5GP,1.925378680229187,2.7475504875183105,1.561227560043335,0.7399414777755737,0.652076005935669,1.2208082675933838,holo_holo_subset,False,True,True
251,CU,5nns,A,6ryx,A,1,[1],[1],CU,CU,0.4935673177242279,2.270283937454224,1.5273091793060305,0.706087052822113,0.7433220744132996,1.0394773483276367,holo_holo_subset,True,True,True
252,AMP,2ak3,A,2vfk,A,1,[23],[23],AMP,AMP,4.322123050689697,2.3667209148406982,1.4314669370651243,0.7098590731620789,0.7660223841667175,1.2022886276245115,holo_holo_subset,False,False,False
253,AMP,2vfk,A,4e6n,A,1,[22],[23],AMP,AMP,4.95084285736084,2.3278183937072754,1.3380414247512815,0.7313596606254578,0.770757257938385,1.0239614248275757,holo_holo_subset,False,False,False
254,E4P,1iri,A,3s1u,C,1,[12],[12],E4P,E4P,3.471660852432251,2.830280303955078,1.575346827507019,0.7526457905769348,0.8191860914230347,1.1733441352844238,holo_holo_subset,False,False,True
255,ACO,4jvt,A,5hgz,A,1,[51],[48],ACO,ACO,3.620914936065674,3.2073850631713867,1.3747235536575315,0.7286243438720703,0.8551830649375916,1.1181761026382446,holo_holo_subset,False,False,True
256,ADP,6k8z,B,6ks6,g,1,[27],[27],ADP,ADP,2.4016802310943604,2.792637348175049,1.398213505744934,0.7205796837806702,0.8118603825569153,1.080708384513855,holo_holo_subset,False,False,True
257,ADP,4gt8,A,5m32,h,1,[27],[27],ADP,ADP,2.395272731781006,3.0511250495910645,1.2896840572357178,0.7247487306594849,0.6602030992507935,0.9851015210151672,holo_holo_subset,False,False,True
258,GDP,1s4o,A,4hi0,E,1,[28],[28],GDP,GDP,2.9778695106506348,3.2009592056274414,1.5261240005493164,0.7142024040222168,0.6781269311904907,0.9842683672904968,holo_holo_subset,False,False,True
259,ACO,1hm8,A,8g1e,A,1,[51],[51],ACO,ACO,6.246940612792969,1.966139316558838,1.761842131614685,0.56380695104599,0.970573365688324,1.4052993059158323,holo_holo_subset,False,False,False
260,UDP,4d11,C,5e9u,A,1,[25],[25],UDP,UDP,2.893106460571289,3.4587321281433105,1.370785355567932,0.7475109696388245,0.899124264717102,1.225483536720276,holo_holo_subset,False,False,True
261,NVA,1jdx,A,2bte,A,1,[7],[8],NVA,NVA,8.143003463745117,1.9244712591171265,1.6022578477859497,0.6425840258598328,0.4776796996593475,1.245928168296814,holo_holo_subset,False,False,False
262,GTP,1plk,A,1s49,A,1,[32],[32],GTP,GTP,6.820644378662109,2.270416498184204,1.3907756805419922,0.6990839242935181,0.8711228370666504,1.2996301651000977,holo_holo_subset,False,False,False
263,NAD,5dt9,A,7f8d,A,1,[44],[44],NAD,NAD,0.7153007984161377,4.73907470703125,0.6231075525283813,0.8401688933372498,0.984539806842804,0.6887460350990295,holo_holo_subset,True,True,True
264,ACP,5c41,A,6pnx,B,1,[31],[31],ACP,ACP,3.2624104022979736,2.9701132774353027,1.4279175996780396,0.7265108823776245,0.6901111006736755,1.193110466003418,holo_holo_subset,False,False,True
265,HEM,2nrl,A,4e6k,A,1,[43],[43],HEM,HEM,6.106910228729248,2.710871934890747,1.444623351097107,0.7373966574668884,0.7734848856925964,1.2381542921066284,holo_holo_subset,False,False,False
266,COA,1f7l,A,5kl9,A,1,[48],[48],COA,COA,7.832895755767822,2.667548418045044,1.6132675409317017,0.7122203707695007,0.866667628288269,1.2413886785507202,holo_holo_subset,False,False,False
267,PO3,1v0w,A,2wy2,D,1,[4],[4],PO3,PO3,4.017612457275391,2.190404891967773,1.7003557682037354,0.7540628910064697,0.5433096289634705,1.1188362836837769,holo_holo_subset,False,False,False
268,CTP,1i52,A,6qxn,A,1,[29],[29],CTP,CTP,3.1067686080932617,2.7448620796203613,1.5535041093826294,0.7217704653739929,0.7258153557777405,1.1743091344833374,holo_holo_subset,False,False,True
269,COA,1yli,B,4ubt,A,1,[48],[48],COA,COA,3.3408045768737797,2.9582247734069824,1.3283119201660156,0.7313501834869385,0.876289427280426,1.14673113822937,holo_holo_subset,False,False,True
270,APR,1vhz,A,3ewp,A,1,[36],[18],APR,APR,7.320534229278564,2.509511947631836,1.4723422527313232,0.7074846029281616,0.7912574410438538,1.2426676750183103,holo_holo_subset,False,False,False
271,ACO,1hm8,A,4ava,A,1,[51],[51],ACO,ACO,4.133159637451172,2.7178642749786377,1.4217685461044312,0.7131943702697754,0.8762561082839966,1.107308030128479,holo_holo_subset,False,False,False
272,UD1,2oi6,B,3q8x,D,1,[39],[39],UD1,UD1,5.891284465789795,2.688226222991944,1.3951904773712158,0.6836397647857666,0.5123767852783203,0.9058106541633606,holo_holo_subset,False,False,False
273,ACO,4jvt,A,7ovu,A,1,[51],[48],ACO,ACO,3.319425582885742,3.271645784378052,1.3619928359985352,0.7289469838142395,0.8984783291816711,1.1592168807983398,holo_holo_subset,False,False,True
274,AMP,4qei,A,5l6v,I,1,[23],[23],AMP,AMP,6.973801612854004,2.3420958518981934,1.4841570854187012,0.6688344478607178,0.8638566732406616,1.2880834341049194,holo_holo_subset,False,False,False
275,MG,2f7t,A,8cqx,A,1,[1],[1],MG,MG,5.062531471252441,2.672693490982056,1.6344438791275024,0.7239323258399963,0.8867418169975281,1.0258567333221436,holo_holo_subset,False,False,False
276,GDP,2ydc,A,7m6j,A,1,[28],[28],GDP,GDP,4.717733383178711,2.4559850692749023,1.4834551811218262,0.6950126886367798,0.818587601184845,1.1291632652282717,holo_holo_subset,False,False,False
277,GDD,2zu8,A,3oy7,A,1,[39],[39],GDD,GDD,3.4101996421813965,3.299485683441162,1.2431225776672363,0.7204673886299133,0.8412051796913147,0.9919106364250184,holo_holo_subset,False,False,True
278,AMP,6bkf,A,6r8u,A,1,[23],[22],AMP,AMP,6.9425225257873535,2.719299793243408,1.6367928981781006,0.7022364735603333,0.5526926517486572,1.1024857759475708,holo_holo_subset,False,False,False
279,ZN,2vrd,A,4n0g,A,1,[1],[1],ZN,ZN,6.240485668182373,2.2385823726654053,1.6234521865844729,0.7073577642440796,0.4838323295116424,1.2021536827087402,holo_holo_subset,False,False,False
280,AMP,3ber,A,6bkf,A,1,[22],[23],AMP,AMP,3.4034454822540283,2.6092140674591064,1.3215992450714111,0.7025406360626221,0.8047060370445251,1.0054516792297363,holo_holo_subset,False,False,True
281,ADP,2awn,D,4bql,A,1,[27],[27],ADP,ADP,2.306028366088867,3.0092592239379883,1.3883904218673706,0.7053182125091553,0.7711122632026672,1.1642999649047852,holo_holo_subset,False,False,True
282,NDP,3anl,A,4b7f,A,1,[48],[48],NDP,NDP,6.072442531585693,2.330873489379883,1.4331313371658323,0.7063174247741699,0.8722355961799622,1.125648021697998,holo_holo_subset,False,False,False
283,APR,1q17,C,1v8m,A,1,[36],[36],APR,APR,4.145513534545898,2.52296781539917,1.187891721725464,0.746484100818634,0.9382259249687196,0.8879863619804382,holo_holo_subset,False,False,False
284,FE2,3vb0,A,3ven,A,1,[1],[1],FE2,FE2,1.9865037202835083,2.3542282581329346,1.710094332695007,0.7063212394714355,0.7633641958236694,1.0758260488510132,holo_holo_subset,False,True,True
285,ZN,2emk,A,5k16,B,1,[1],[1],ZN,ZN,0.6030834317207336,2.6635587215423584,0.960489809513092,0.715167224407196,0.7881855368614197,0.7382156848907471,holo_holo_subset,True,True,True
286,ACO,4jvt,A,6v3t,A,1,[51],[48],ACO,ACO,3.271550416946411,3.029003858566284,1.3998682498931885,0.7370989918708801,0.8446474075317383,1.1090400218963623,holo_holo_subset,False,False,True
287,ANP,1jpa,A,3ih0,A,1,[31],[10],ANP,ANP,2.666604995727539,3.171279191970825,1.3329304456710815,0.7318081259727478,0.9346327185630798,1.305217981338501,holo_holo_subset,False,False,True
288,UDP,2wtx,D,4d11,C,1,[25],[25],UDP,UDP,2.646087884902954,3.4643890857696533,1.3205976486206057,0.7641410827636719,0.8623469471931458,1.1113944053649902,holo_holo_subset,False,False,True
289,UDP,2p73,A,3hbn,A,1,[25],[25],UDP,UDP,2.5498359203338623,3.1682586669921875,1.6313210725784302,0.7436473369598389,0.8081875443458557,1.111242175102234,holo_holo_subset,False,False,True
290,CO,3hdi,A,4ob3,A,1,[1],[1],CO,CO,6.360527515411377,1.8356280326843264,1.600082278251648,0.6410079598426819,0.8866439461708069,1.7322059869766235,holo_holo_subset,False,False,False
291,OXY,1oxy,A,4qur,A,1,[2],[2],OXY,OXY,0.8296024203300476,2.2458200454711914,1.376958250999451,0.6813459396362305,0.4788270890712738,1.1065973043441772,holo_holo_subset,False,False,False
292,ATP,2j9l,C,5o6m,D,1,[31],[31],ATP,ATP,5.9093427658081055,2.649802923202514,1.488897681236267,0.729146420955658,0.7068986892700195,1.0569560527801514,holo_holo_subset,False,False,False
293,HEM,1bcf,A,4i8v,A,1,[43],[43],HEM,HEM,5.982784748077393,2.521334171295166,1.4157118797302246,0.7173615097999573,0.6141198873519897,1.1250180006027222,holo_holo_subset,False,False,False
294,PO3,1v0w,A,4buc,A,1,[4],[4],PO3,PO3,7.404068470001221,2.2014718055725098,1.573991775512695,0.7530437111854553,0.7364930510520935,1.0510408878326416,holo_holo_subset,False,False,False
295,UPG,2icy,B,7va8,A,1,[36],[36],UPG,UPG,3.356386661529541,3.277677297592163,1.3465944528579712,0.761876106262207,0.8256756663322449,1.1370874643325806,holo_holo_subset,False,False,True
296,UPG,2icy,B,3vtf,A,1,[36],[36],UPG,UPG,6.252535343170166,2.827692031860352,1.6998252868652344,0.6824895143508911,0.9319955110549928,1.1957212686538696,holo_holo_subset,False,False,False
297,ADP,4gt8,A,6ro1,A,1,[27],[27],ADP,ADP,2.3093228340148926,3.0275261402130127,1.331660270690918,0.7186792492866516,0.7131829857826233,1.1254072189331057,holo_holo_subset,False,False,True
298,ZN,4adn,A,5wvu,A,1,[1],[1],ZN,ZN,1.908076286315918,2.4145193099975586,1.4203598499298096,0.7319708466529846,0.4480362832546234,1.1087535619735718,holo_holo_subset,False,False,False
299,CO,3hdi,A,6bnn,A,1,[1],[1],CO,CO,3.083655834197998,1.8953828811645508,1.5022364854812622,0.7007415294647217,0.6615909934043884,1.430253982543945,holo_holo_subset,False,False,True
300,COA,5xuk,A,6qfb,C,1,[48],[40],COA,COA,4.95849609375,2.199066162109375,1.3880581855773926,0.589133620262146,0.9251482486724854,0.9971117973327636,holo_holo_subset,False,False,False
301,ACO,4jvt,A,8g1e,A,1,[51],[48],ACO,ACO,6.297976016998291,1.6409237384796145,1.602177619934082,0.5863249897956848,0.8178802728652954,0.963616907596588,holo_holo_subset,False,False,False
302,CTP,1coz,A,1i52,A,1,[29],[29],CTP,CTP,2.1570165157318115,3.1195430755615234,1.3856663703918457,0.7176657915115356,0.8306738138198853,1.115037202835083,holo_holo_subset,False,False,True
303,PLP,1hkv,A,4r8d,A,1,[15],[15],PLP,PLP,1.4427107572555542,3.496115207672119,1.343746304512024,0.7328556776046753,0.7671787142753601,1.0334826707839966,holo_holo_subset,False,True,True
304,ADE,2qtt,A,3rys,A,1,[10],[10],ADE,ADE,2.309073209762573,2.5906310081481934,1.3478566408157349,0.7331499457359314,0.6011104583740234,1.1252026557922363,holo_holo_subset,False,False,True
305,FE,3fvz,A,3g77,A,1,[1],[1],FE,FE,7.797461986541748,2.509557008743286,1.4030070304870603,0.7497085332870483,0.7905621528625488,1.0306541919708252,holo_holo_subset,False,False,False
306,ANP,2db3,A,3fxx,A,1,[31],[31],ANP,ANP,2.5848350524902344,3.246811866760254,1.389714598655701,0.7222063541412354,0.807104766368866,1.1629537343978882,holo_holo_subset,False,False,True
307,AKG,1ea0,A,4xcb,A,1,[10],[10],AKG,AKG,5.5451741218566895,2.664216995239258,1.4785159826278689,0.6552764773368835,0.9123440980911256,1.1156666278839111,holo_holo_subset,False,False,False
308,FE2,3acl,A,3gcf,A,1,[1],[1],FE2,FE2,0.4214636981487274,2.341545343399048,1.4105546474456787,0.7195044159889221,0.7598956227302551,1.0930593013763428,holo_holo_subset,True,True,True
309,PLP,1hkv,A,4r8d,A,1,[15],[15],PLP,PLP,1.4427136182785034,3.4961116313934326,1.3437474966049194,0.7328563332557678,0.7671786546707153,1.033481478691101,holo_holo_subset,False,True,True
310,MG,5iky,A,6kyk,C,1,[1],[1],MG,MG,1.7786915302276611,2.646517753601074,1.3866477012634275,0.6375478506088257,0.5626182556152344,1.3227580785751345,holo_holo_subset,False,True,True
311,AMP,4e6n,A,4qei,A,1,[23],[22],AMP,AMP,1.9691544771194456,2.4364824295043945,1.6792553663253784,0.7123651504516602,0.7044817209243774,1.2815641164779663,holo_holo_subset,False,True,True
312,APC,1jgt,B,3vth,A,1,[31],[31],APC,APC,5.637364387512207,2.4312758445739746,1.4325037002563477,0.6504536271095276,0.5186735391616821,1.1449134349822998,holo_holo_subset,False,False,False
313,ATP,6tdz,C,7vx0,B,1,[31],[31],ATP,ATP,2.3439810276031494,2.985540866851806,1.3240010738372805,0.7135893702507019,0.8567789793014526,1.06395161151886,holo_holo_subset,False,False,True
314,AMP,5dy9,E,6bkf,A,1,[22],[23],AMP,AMP,3.2723388671875,2.330008029937744,1.6053383350372314,0.7178424000740051,0.897050678730011,1.2368084192276,holo_holo_subset,False,False,True
315,AMP,5l6v,I,6bkf,A,1,[22],[23],AMP,AMP,6.892608165740967,2.5646562576293945,1.7366201877593994,0.6545591354370117,0.4655576050281524,1.2415788173675537,holo_holo_subset,False,False,False
316,CU,1oac,B,6ryx,A,1,[1],[1],CU,CU,2.082670927047729,2.3833975791931152,1.370404601097107,0.680502712726593,0.808333158493042,1.2475485801696775,holo_holo_subset,False,False,True
317,CO,3l0s,A,4ob3,A,1,[1],[1],CO,CO,7.902628898620605,1.9861323833465576,1.4451889991760254,0.6448566317558289,0.8372723460197449,1.5605957508087158,holo_holo_subset,False,False,False
318,UPG,4r7p,A,7va8,A,1,[36],[36],UPG,UPG,3.5366358757019043,3.245651960372925,1.401134014129639,0.7330685257911682,0.8846800327301025,1.1283341646194458,holo_holo_subset,False,False,True
319,ADE,1j1r,A,3rys,A,1,[10],[10],ADE,ADE,6.289370536804199,2.384008407592773,1.5181763172149658,0.7361181974411011,0.8799540400505066,1.1417938470840454,holo_holo_subset,False,False,False
320,APR,1q17,C,1vhz,A,1,[18],[36],APR,APR,7.3469319343566895,2.450308561325073,1.6012771129608154,0.7674854397773743,0.6601546406745911,1.1102962493896484,holo_holo_subset,False,False,False
321,GDD,2gt4,A,3oy7,A,1,[39],[39],GDD,GDD,4.801774978637695,3.0693235397338867,1.4440349340438845,0.7408441305160522,0.931451678276062,1.1435621976852417,holo_holo_subset,False,False,False
322,ADP,2hyd,A,4p7a,A,1,[27],[27],ADP,ADP,2.861314058303833,2.932264566421509,1.4175703525543213,0.7379591464996338,0.7860479950904846,1.0120795965194702,holo_holo_subset,False,False,True
323,GAL,2j5z,A,3urm,A,1,[12],[12],GAL,GAL,5.5941691398620605,2.2471091747283936,1.5380419492721558,0.7524686455726624,0.925320029258728,1.084911584854126,holo_holo_subset,False,False,False
324,AMP,2vfk,A,4k46,A,1,[23],[23],AMP,AMP,4.260129451751709,2.623320817947388,1.5594849586486816,0.6752505302429199,0.8927789330482483,1.3312454223632812,holo_holo_subset,False,False,False
325,CO,6bnn,A,7s0w,B,1,[1],[1],CO,CO,0.7874566316604614,2.371884822845459,1.443940043449402,0.6982341408729553,0.8919112086296082,1.283344268798828,holo_holo_subset,True,True,True
326,COA,1yli,B,4x0o,E,1,[27],[48],COA,COA,4.374309062957764,2.860208034515381,1.5720213651657104,0.7350029945373535,0.6710073351860046,1.1676995754241943,holo_holo_subset,False,False,False
327,MG,5iky,A,5zlp,J,1,[1],[1],MG,MG,2.802258014678955,2.3031859397888184,1.698161482810974,0.657252848148346,0.8700119853019714,1.3798596858978271,holo_holo_subset,False,False,True
328,ADP,4p7a,A,4s1h,A,1,[27],[27],ADP,ADP,3.0176777839660645,2.898990631103516,1.3167390823364258,0.7486276030540466,0.5141304135322571,1.0695152282714844,holo_holo_subset,False,False,True
329,GTP,1a8r,A,6y09,A,1,[32],[32],GTP,GTP,5.662294387817383,2.478219985961914,1.544636368751526,0.7242143154144287,0.6825623512268066,1.1990004777908323,holo_holo_subset,False,False,False
330,CO,1v29,A,3l0s,A,1,[1],[1],CO,CO,7.688008308410644,1.9340722560882568,1.3763723373413086,0.6663479208946228,0.817802906036377,1.4081908464431765,holo_holo_subset,False,False,False
331,MGP,3gdh,A,6fbz,A,1,[33],[33],MGP,MGP,4.73081111907959,2.65682315826416,1.4873994588851929,0.7035053968429565,0.8414380550384521,1.0457699298858645,holo_holo_subset,False,False,False
332,ACP,4ueu,A,5c41,A,1,[31],[31],ACP,ACP,3.1039867401123047,3.1431143283843994,1.3613488674163818,0.7552652955055237,0.7897565960884094,1.2097017765045166,holo_holo_subset,False,False,True
333,FMN,6b8s,B,7epe,A,1,[31],[31],FMN,FMN,1.5424809455871582,3.4309778213500977,1.3003298044204712,0.735660970211029,0.8634178638458252,1.0752131938934326,holo_holo_subset,False,True,True
334,ADP,4bql,A,5grf,B,1,[27],[27],ADP,ADP,5.354580402374268,2.816646099090576,1.436787724494934,0.7187221050262451,0.7228260040283203,1.2567991018295288,holo_holo_subset,False,False,False
335,ADP,2uvq,A,6ks6,g,1,[27],[27],ADP,ADP,2.6096203327178955,2.9278507232666016,1.37786066532135,0.7221837043762207,0.8307999968528748,1.035351037979126,holo_holo_subset,False,False,True
336,SO3,2hz1,A,2vq2,A,1,[4],[4],SO3,SO3,7.536922454833984,2.434447288513184,1.506692886352539,0.7330282926559448,0.5117994546890259,1.0465015172958374,holo_holo_subset,False,False,False
337,ZN,2em4,A,4ztx,A,1,[1],[1],ZN,ZN,7.451916217803955,2.105509757995605,1.7369773387908936,0.6588688492774963,0.685120701789856,1.1031084060668943,holo_holo_subset,False,False,False
338,ACO,1hm8,A,3dr8,A,1,[51],[51],ACO,ACO,4.129485607147217,2.986693859100342,1.361933946609497,0.7245908975601196,0.8766244649887085,1.1079165935516355,holo_holo_subset,False,False,False
339,MG,5hbr,A,5iky,A,1,[1],[1],MG,MG,5.00459098815918,2.2170095443725586,1.7853670120239258,0.6014708876609802,0.8976250290870667,1.2662523984909058,holo_holo_subset,False,False,False
340,HEM,2ve3,A,3u8p,A,1,[43],[43],HEM,HEM,4.072223663330078,2.456727266311645,1.582249402999878,0.6269417405128479,0.7542865872383118,1.7320729494094849,holo_holo_subset,False,False,False
341,FES,3i39,X,6vsh,C,1,[4],[4],FES,FES,3.2568464279174805,1.9991796016693115,1.51220965385437,0.5918912887573242,0.9003536701202393,0.989959478378296,holo_holo_subset,False,False,True
342,HEM,1aom,B,4h8q,A,1,[43],[43],HEM,HEM,5.968978404998779,2.324138641357422,1.6782348155975342,0.6408042907714844,0.9509179592132568,1.111162185668945,holo_holo_subset,False,False,False
343,GTP,1s49,A,6y09,A,1,[32],[32],GTP,GTP,5.887330055236816,2.5761258602142334,1.4550398588180542,0.6941352486610413,0.8480291366577148,1.2978663444519043,holo_holo_subset,False,False,False
344,FE2,3ven,A,4oj8,B,1,[1],[1],FE2,FE2,1.917473077774048,2.5049965381622314,1.6362876892089844,0.7517765760421753,0.727851152420044,1.1282634735107422,holo_holo_subset,False,True,True
345,PYR,2nuy,A,5w5r,A,1,[6],[5],PYR,PYR,7.309791564941406,2.53448224067688,1.703980803489685,0.7314480543136597,0.6363816857337952,1.100561261177063,holo_holo_subset,False,False,False
346,IMP,4af0,A,5i34,A,1,[23],[23],IMP,IMP,4.701448917388916,2.7727222442626958,1.5652505159378052,0.7490791082382202,0.611801266670227,1.1745481491088867,holo_holo_subset,False,False,False
347,FE2,2de6,B,3vb0,A,1,[1],[1],FE2,FE2,0.7075296640396118,2.4616920948028564,1.4530209302902222,0.7179980874061584,0.723431408405304,0.9566487073898317,holo_holo_subset,True,True,True
348,NAD,1nfb,A,1nr5,B,1,[44],[44],NAD,NAD,6.578671455383301,2.75138783454895,1.3673756122589111,0.7327815890312195,0.5715269446372986,1.0091683864593506,holo_holo_subset,False,False,False
349,ANP,2oid,A,4w7s,B,1,[31],[31],ANP,ANP,2.625726222991944,3.2144575119018555,1.5569626092910769,0.7385641932487488,0.6238943338394165,1.1344155073165894,holo_holo_subset,False,False,True
350,UPG,3vtf,A,4r7p,A,1,[36],[36],UPG,UPG,6.322540760040283,2.7565484046936035,1.569094181060791,0.686572253704071,0.9676453471183776,1.3407899141311646,holo_holo_subset,False,False,False
351,MG,1ppx,A,5zlp,J,1,[1],[1],MG,MG,5.760096073150635,2.5615553855896,1.5373181104660034,0.7206254601478577,0.8762115836143494,1.1470420360565186,holo_holo_subset,False,False,False
352,ZN,1e7d,A,2em2,A,1,[1],[1],ZN,ZN,0.4320459067821502,3.31331729888916,0.9849931001663208,0.7091808915138245,0.8684849143028259,0.8604408502578735,holo_holo_subset,True,True,True
353,BGC,4qs7,A,5do8,B,1,[12],[12],BGC,BGC,4.391119003295898,2.649422645568848,1.4380038976669312,0.724035382270813,0.7127351760864258,0.9984503388404846,holo_holo_subset,False,False,False
354,NAD,1nfb,A,1nrx,A,1,[44],[44],NAD,NAD,6.586911201477051,2.78791880607605,1.4032716751098633,0.7453751564025879,0.5456026196479797,1.029294490814209,holo_holo_subset,False,False,False
355,HEM,2nrl,A,3u8p,A,1,[43],[43],HEM,HEM,3.938955783843994,2.5926194190979004,1.1820225715637207,0.6284895539283752,0.7761093378067017,1.252169489860535,holo_holo_subset,False,False,True
356,ADP,2fsn,B,8a3v,A,1,[27],[27],ADP,ADP,2.8672027587890625,3.006457805633545,1.500512719154358,0.7614709734916687,0.6760466694831848,0.9723376631736756,holo_holo_subset,False,False,True
357,RBF,1kyv,E,2cc8,A,1,[27],[27],RBF,RBF,7.29669189453125,2.7330031394958496,1.5505672693252563,0.7192444801330566,0.8866969347000122,0.9556254148483276,holo_holo_subset,False,False,False
358,PLP,1i2k,A,2yku,A,1,[15],[15],PLP,PLP,1.056063532829285,3.409067153930664,1.3238645792007446,0.7359307408332825,0.7851207852363586,1.1170260906219482,holo_holo_subset,False,True,True
359,ACP,5c41,A,7kjc,A,1,[31],[31],ACP,ACP,3.0116496086120605,3.0262703895568848,1.4703216552734375,0.7354558706283569,0.7467643618583679,1.193513035774231,holo_holo_subset,False,False,True
360,ANP,1zy5,A,7x4n,E,1,[31],[31],ANP,ANP,2.7035117149353027,3.0474205017089844,1.4064555168151855,0.7161873579025269,0.8243109583854675,1.114216923713684,holo_holo_subset,False,False,True
361,PYR,2vpa,A,5w5r,A,1,[6],[6],PYR,PYR,7.733481884002685,2.599912166595459,1.4875411987304688,0.693974494934082,0.8601644039154053,1.0516760349273682,holo_holo_subset,False,False,False
362,FE,3qc3,A,6wb6,A,1,[1],[1],FE,FE,4.992693901062012,2.2036619186401367,1.44834566116333,0.6348481774330139,0.9394000172615052,1.317544937133789,holo_holo_subset,False,False,False
363,CU,1nwo,A,4eir,A,1,[1],[1],CU,CU,1.7696573734283447,2.960966110229492,1.456751585006714,0.7475126385688782,0.4655969142913818,1.081647276878357,holo_holo_subset,False,False,False
364,AMP,2dcl,A,4qei,A,1,[23],[23],AMP,AMP,6.720594882965088,2.8584675788879395,1.354377031326294,0.7454642653465271,0.8911787867546082,1.305417537689209,holo_holo_subset,False,False,False
365,UDP,5ggi,B,7bv3,B,1,[25],[25],UDP,UDP,2.9238572120666504,3.3439807891845703,1.283369541168213,0.7256275415420532,0.7976921200752258,1.2211978435516355,holo_holo_subset,False,False,True
366,CA,2jhi,F,3vm7,A,1,[1],[1],CA,CA,5.780610084533691,2.1518476009368896,1.3672916889190674,0.7278458476066589,0.7408698797225952,1.0561773777008057,holo_holo_subset,False,False,False
367,ACO,1hm8,A,5hgz,A,1,[51],[51],ACO,ACO,4.036222457885742,2.804147243499756,1.4201005697250366,0.7270650863647461,0.8935718536376953,1.0510478019714355,holo_holo_subset,False,False,False
368,FE,3cei,A,3qc3,A,1,[1],[1],FE,FE,2.35752534866333,2.694547176361084,1.4109447002410889,0.700568675994873,0.6020650863647461,1.238418698310852,holo_holo_subset,False,False,True
369,ACO,1b87,A,4jvt,A,1,[48],[51],ACO,ACO,2.691859722137451,3.2177605628967285,1.420201063156128,0.7243016958236694,0.8569770455360413,1.1973237991333008,holo_holo_subset,False,False,True
370,PYR,2nuy,A,3noj,A,1,[6],[5],PYR,PYR,6.106510162353516,2.751945972442627,1.4027341604232788,0.746897280216217,0.8839398622512817,1.181986927986145,holo_holo_subset,False,False,False
371,ACO,4ava,A,4jvt,A,1,[48],[51],ACO,ACO,3.4280571937561035,3.1527581214904785,1.3519011735916138,0.7583174109458923,0.8551990389823914,0.981931746006012,holo_holo_subset,False,False,True
372,ATP,2e5y,A,4fg9,B,1,[31],[31],ATP,ATP,7.278396129608154,1.903324604034424,1.678930163383484,0.7021644711494446,0.7668562531471252,1.1212208271026611,holo_holo_subset,False,False,False
373,UDP,2iya,A,5ggi,B,1,[25],[25],UDP,UDP,3.090049982070923,3.3286921977996826,1.3344162702560425,0.7455281615257263,0.7817612290382385,1.1756879091262815,holo_holo_subset,False,False,True
374,ATP,3hgm,A,7vx0,B,1,[31],[31],ATP,ATP,3.08221435546875,2.8809821605682373,1.3898192644119265,0.7249775528907776,0.9016592502593994,1.0629440546035769,holo_holo_subset,False,False,True
375,FE2,1e5s,A,4r88,B,1,[1],[1],FE2,FE2,1.5731525421142578,2.8026318550109863,1.4935662746429443,0.7171557545661926,0.6722193956375122,1.0624252557754517,holo_holo_subset,False,True,True
376,GDP,2ydc,A,3o47,A,1,[28],[28],GDP,GDP,5.208309650421143,2.735191345214844,1.5948525667190552,0.6637215614318848,0.5898244380950928,1.268978714942932,holo_holo_subset,False,False,False
377,CU,1cur,A,4eir,A,1,[1],[1],CU,CU,2.308861255645752,3.118678569793701,1.4368853569030762,0.762688159942627,0.4741740226745605,1.092480182647705,holo_holo_subset,False,False,False
378,PYR,2nuy,A,4plf,B,1,[6],[5],PYR,PYR,3.521829128265381,2.8506338596343994,1.4526578187942505,0.7684688568115234,0.7289758324623108,1.0212186574935913,holo_holo_subset,False,False,True
379,GTP,1a8r,A,1plk,A,1,[32],[32],GTP,GTP,7.261177539825439,2.26926064491272,1.4676250219345093,0.6892849206924438,0.900904893875122,1.2079514265060425,holo_holo_subset,False,False,False
380,CMP,2zmf,A,7e3w,B,1,[22],[22],CMP,CMP,4.717207431793213,2.174748659133911,1.5277304649353027,0.7216099500656128,0.7946041226387024,1.1576423645019531,holo_holo_subset,False,False,False
381,IMP,1p17,B,4af0,A,1,[23],[23],IMP,IMP,2.5799314975738525,3.250101089477539,1.499550461769104,0.7520512938499451,0.7239927053451538,1.1086056232452393,holo_holo_subset,False,False,True
382,ADE,2qlu,A,2qtt,A,1,[10],[10],ADE,ADE,3.3726918697357178,2.952548027038574,1.3705379962921145,0.7559382915496826,0.8085141181945801,1.0626723766326904,holo_holo_subset,False,False,True
383,UDP,2iya,A,2p73,A,1,[25],[25],UDP,UDP,2.4711740016937256,3.1074955463409424,1.439340353012085,0.7524353265762329,0.7936795949935913,1.1230027675628662,holo_holo_subset,False,False,True
384,AKG,1ea0,A,3nnf,A,1,[10],[10],AKG,AKG,8.18906021118164,2.4168758392333984,1.185942530632019,0.6546241641044617,0.873898446559906,0.9576538801193236,holo_holo_subset,False,False,False
385,CTP,6ckk,A,6qxn,A,1,[29],[29],CTP,CTP,3.4446723461151123,2.9423141479492188,1.3137575387954712,0.7349730730056763,0.8600310683250427,1.0764000415802002,holo_holo_subset,False,False,True
386,AMP,3uq6,A,6r8u,A,1,[23],[23],AMP,AMP,7.015746593475342,3.015978574752808,1.5366634130477903,0.6981292963027954,0.6343192458152771,1.2303543090820312,holo_holo_subset,False,False,False
387,UDP,5ggi,B,5v0t,E,1,[25],[25],UDP,UDP,2.889764308929444,3.241271495819092,1.2124159336090088,0.7569230794906616,0.956692397594452,0.839216411113739,holo_holo_subset,False,False,True
388,FE2,1e5s,A,3gcf,A,1,[1],[1],FE2,FE2,0.4952852129936218,2.371039390563965,1.3924421072006226,0.6841154098510742,0.768897533416748,1.0320950746536257,holo_holo_subset,True,True,True
389,UDP,4a7x,C,5ggi,B,1,[25],[25],UDP,UDP,3.467479944229126,2.8945770263671875,1.6250581741333008,0.7142615914344788,0.7933859825134277,1.2023833990097046,holo_holo_subset,False,False,True
390,SAM,3sxj,A,4njg,A,1,[27],[27],SAM,SAM,2.8917880058288574,3.101630210876465,1.5451862812042236,0.6962494254112244,0.7629717588424683,1.3284354209899902,holo_holo_subset,False,False,True
391,5GP,1lvg,A,4z87,A,1,[24],[24],5GP,5GP,3.269742965698242,2.974531650543213,1.5262070894241333,0.7334976196289062,0.6262084245681763,1.1614211797714231,holo_holo_subset,False,False,True
392,BGC,1q33,A,6jj7,A,1,[12],[12],BGC,BGC,4.723109722137451,2.7339932918548584,1.457560658454895,0.7311747074127197,0.955500066280365,1.1254035234451294,holo_holo_subset,False,False,False
393,NAD,4xzj,A,5ilg,A,1,[44],[44],NAD,NAD,2.8385047912597656,2.9579081535339355,1.2414700984954834,0.6884773969650269,0.9072881937026978,1.1596829891204834,holo_holo_subset,False,False,True
394,AMP,2vfk,A,4ini,B,1,[23],[23],AMP,AMP,5.467544555664063,2.532647132873535,1.6671098470687866,0.6813530921936035,0.803925633430481,1.2405555248260498,holo_holo_subset,False,False,False
395,GDP,1s4o,A,2atv,A,1,[28],[28],GDP,GDP,2.9180209636688232,3.3693535327911377,1.304949402809143,0.7195812463760376,0.9013302326202391,1.2201305627822876,holo_holo_subset,False,False,True
396,AKG,1llw,A,4xcb,A,1,[10],[10],AKG,AKG,8.198984146118164,2.465918779373169,1.0912939310073853,0.6224899291992188,0.9554097652435304,0.8781977295875549,holo_holo_subset,False,False,False
397,BGC,1q33,A,7x0h,A,1,[12],[12],BGC,BGC,4.243910312652588,2.6093058586120605,1.821277141571045,0.7436753511428833,0.8019002079963684,1.0559825897216797,holo_holo_subset,False,False,False
398,ZN,2aig,P,6tbz,A,1,[1],[1],ZN,ZN,5.869234085083008,2.6135921478271484,1.6083835363388062,0.745139479637146,0.5882086157798767,1.1415817737579346,holo_holo_subset,False,False,False
399,CTP,1coz,A,6ckk,A,1,[29],[29],CTP,CTP,2.372330904006958,3.235406875610352,1.174912452697754,0.7365401387214661,0.8891044855117798,1.0375953912734983,holo_holo_subset,False,False,True
400,MG,2iii,A,5zw3,B,1,[1],[1],MG,MG,6.472982406616211,2.8882923126220703,1.2995789051055908,0.748901903629303,0.9141455888748168,0.9738699197769164,holo_holo_subset,False,False,False
401,CTP,3k8d,A,6qxn,A,1,[29],[29],CTP,CTP,2.9331271648406982,3.0138866901397705,1.4208766222000122,0.7093168497085571,0.8858923316001892,1.1135543584823608,holo_holo_subset,False,False,True
402,PLP,2yku,A,3nzp,B,1,[15],[15],PLP,PLP,1.1979401111602783,3.4388015270233154,1.3384056091308594,0.7348449230194092,0.8370780944824219,1.0588490962982178,holo_holo_subset,False,True,True
403,ADE,2qtt,A,3rys,A,1,[10],[10],ADE,ADE,2.3090760707855225,2.590632915496826,1.3478554487228394,0.7331483960151672,0.6011101603507996,1.1252071857452393,holo_holo_subset,False,False,True
404,AKG,4hg3,A,5xvv,B,1,[10],[9],AKG,AKG,6.060524940490723,2.9777114391326904,1.6024034023284912,0.7280631065368652,0.8564017415046692,0.9852471351623536,holo_holo_subset,False,False,False
405,GDP,2ydc,A,3ref,B,1,[28],[28],GDP,GDP,5.112105846405029,2.6055893898010254,1.4255634546279907,0.7250743508338928,0.7351436614990234,1.116690993309021,holo_holo_subset,False,False,False
406,UDP,3hbn,A,5ggi,B,1,[25],[25],UDP,UDP,2.628126859664917,3.554020881652832,1.2116273641586304,0.7345197796821594,0.9002944827079773,1.084896445274353,holo_holo_subset,False,False,True
407,PYR,3di1,B,5w5r,A,1,[6],[5],PYR,PYR,7.638671875,2.728777885437012,1.551135540008545,0.698585033416748,0.8568907380104065,1.102846384048462,holo_holo_subset,False,False,False
408,CU,2h3x,C,4eis,A,1,[1],[1],CU,CU,2.1999707221984863,3.0922229290008545,1.488301396369934,0.7669228911399841,0.4598810076713562,1.1095404624938965,holo_holo_subset,False,False,False
409,OXY,4ako,A,4qur,A,1,[2],[2],OXY,OXY,1.5548089742660522,2.3103764057159424,1.4490010738372805,0.6824091076850891,0.4229827225208282,1.1985005140304563,holo_holo_subset,False,False,False
410,ANP,2oid,A,8gbj,D,1,[31],[31],ANP,ANP,2.382903814315796,3.1749415397644043,1.4631174802780151,0.7341269254684448,0.7367244958877563,1.0951218605041504,holo_holo_subset,False,False,True
411,AKG,1ea0,A,5xvv,B,1,[10],[10],AKG,AKG,3.04622745513916,2.7150049209594727,1.7360715866088867,0.7081499695777893,0.6563562750816345,1.1704673767089844,holo_holo_subset,False,False,True
412,ADP,1lkx,C,4ydu,C,1,[27],[27],ADP,ADP,5.421515941619873,2.323827743530273,1.3651654720306396,0.6914825439453125,0.7825797200202942,1.2799097299575806,holo_holo_subset,False,False,False
413,APR,1v8m,A,3ewp,A,1,[36],[36],APR,APR,4.255856513977051,2.5961503982543945,1.6670575141906738,0.730901300907135,0.8505255579948425,1.1612547636032104,holo_holo_subset,False,False,False
414,CTP,1coz,A,6qxn,A,1,[29],[29],CTP,CTP,2.6335666179656982,2.767704486846924,1.541060447692871,0.740373969078064,0.717390239238739,1.0955848693847656,holo_holo_subset,False,False,True
415,COA,5hbr,A,5kl9,A,1,[48],[48],COA,COA,7.763002395629883,2.6912055015563965,1.5463539361953735,0.7016152739524841,0.9368633031845092,1.1781816482543943,holo_holo_subset,False,False,False
416,COA,2oi6,B,5hbr,A,1,[48],[48],COA,COA,8.81485366821289,2.893615245819092,1.420454978942871,0.7036471366882324,0.938872456550598,1.024922013282776,holo_holo_subset,False,False,False
417,ZN,1dq3,A,4xgl,A,1,[1],[1],ZN,ZN,6.972201824188232,2.640329122543335,1.5213298797607422,0.6818264722824097,0.9571228623390198,1.0404994487762451,holo_holo_subset,False,False,False
418,ATP,7pup,A,8hh1,D,1,[31],[31],ATP,ATP,2.211095094680786,3.119784355163574,1.458521604537964,0.7436134219169617,0.8080477714538574,1.0420911312103271,holo_holo_subset,False,False,True
419,COA,1yli,B,2ahv,A,1,[48],[48],COA,COA,5.174881458282471,2.7282607555389404,1.5773451328277588,0.6981444954872131,0.445573478937149,1.3246039152145386,holo_holo_subset,False,False,False
420,ACO,1hm8,A,4jwp,A,1,[51],[51],ACO,ACO,3.9662139415740967,2.9718501567840576,1.3707934617996216,0.721691906452179,0.870218813419342,1.1169376373291016,holo_holo_subset,False,False,True
421,AMP,3l2p,A,6aic,A,1,[23],[22],AMP,AMP,2.654991149902344,2.932805299758911,1.3917797803878784,0.7316939830780029,0.868902325630188,0.9817542433738708,holo_holo_subset,False,False,True
422,COA,1p5r,A,1yli,B,1,[48],[48],COA,COA,4.974289894104004,2.7745184898376465,1.4536820650100708,0.7405232787132263,0.9378843307495116,1.1280579566955566,holo_holo_subset,False,False,False
423,UDP,2p73,A,4pqg,A,1,[25],[25],UDP,UDP,2.694913625717163,3.4498066902160645,1.3665348291397097,0.7005993127822876,0.9681988954544068,1.087721586227417,holo_holo_subset,False,False,True
424,COA,4ubt,A,5kl9,A,1,[48],[48],COA,COA,7.688412189483643,2.613399028778076,1.438368558883667,0.6949517726898193,0.5138442516326904,1.3137365579605105,holo_holo_subset,False,False,False
425,MG,4c7x,A,4e6m,A,1,[1],[1],MG,MG,1.1312799453735352,2.703651428222656,1.509608268737793,0.7456081509590149,0.576003909111023,0.9774689078330994,holo_holo_subset,False,True,True
426,NDP,1lqa,A,5vg6,B,1,[48],[48],NDP,NDP,2.532996892929077,3.4121694564819336,1.3273077011108398,0.7431203126907349,0.8107360005378723,1.0279178619384766,holo_holo_subset,False,False,True
427,ZN,2eoq,A,4ztx,A,1,[1],[1],ZN,ZN,3.0645594596862797,2.0018599033355717,1.614844799041748,0.7068768739700317,0.3342642784118652,0.9575915932655334,holo_holo_subset,False,False,False
428,MG,3fzi,A,6zhh,A,1,[1],[1],MG,MG,3.2024097442626958,2.615677833557129,1.4197560548782349,0.7254767417907715,0.858730137348175,1.1452003717422483,holo_holo_subset,False,False,True
429,AMP,2ak3,A,6r8u,A,1,[23],[23],AMP,AMP,6.859660625457764,2.652660846710205,1.3363521099090576,0.6682783365249634,0.4822124242782593,1.2148258686065674,holo_holo_subset,False,False,False
430,5GP,3tr0,A,4z87,A,1,[24],[24],5GP,5GP,3.245546340942383,2.80208420753479,1.4338533878326416,0.74443119764328,0.7781603336334229,1.1058942079544067,holo_holo_subset,False,False,True
431,CU,5foh,A,5yt7,A,1,[1],[1],CU,CU,0.6231287717819214,2.656378746032715,1.4922467470169067,0.7366335391998291,0.3874399960041046,0.8676581382751465,holo_holo_subset,False,False,False
432,FE,3ak3,B,3qc3,A,1,[1],[1],FE,FE,2.2642242908477783,2.7132604122161865,1.4584826231002808,0.7379230856895447,0.8328691720962524,1.2043519020080566,holo_holo_subset,False,False,True
433,CA,4r83,A,6jt5,A,1,[1],[1],CA,CA,6.950467586517334,2.3494551181793213,1.3911718130111694,0.7005277276039124,0.8742539286613464,1.0876915454864502,holo_holo_subset,False,False,False
434,MN,3aam,A,3oun,B,1,[1],[1],MN,MN,7.634294033050537,2.530975103378296,1.5092512369155884,0.7468370795249939,0.5463067293167114,1.0421403646469116,holo_holo_subset,False,False,False
435,AMP,1ct9,A,6r8u,A,1,[23],[23],AMP,AMP,6.964570999145508,3.0760693550109863,1.6077766418457031,0.7190973162651062,0.5485377907752991,1.0742307901382446,holo_holo_subset,False,False,False
436,FE,3e13,X,3qc3,A,1,[1],[1],FE,FE,1.6610697507858276,2.5503532886505127,1.7215275764465332,0.7283228635787964,0.7758951187133789,1.4161545038223269,holo_holo_subset,False,True,True
437,COA,1f7l,A,6qfb,C,1,[48],[48],COA,COA,5.674974918365479,2.623715400695801,1.4780843257904053,0.631410539150238,0.9014811515808104,1.207172989845276,holo_holo_subset,False,False,False
438,FE,1b06,A,3e13,X,1,[1],[1],FE,FE,0.8784103989601135,2.76025652885437,1.6148635149002075,0.7202883362770081,0.897260844707489,1.0123015642166138,holo_holo_subset,True,True,True
439,CU,4eir,A,6km8,A,1,[1],[1],CU,CU,2.710852861404419,2.364100933074951,1.4958908557891846,0.7048638463020325,0.466804951429367,1.147477149963379,holo_holo_subset,False,False,False
440,NAP,1zgd,A,3ngl,A,1,[48],[48],NAP,NAP,2.6055710315704346,3.571599006652832,1.3333958387374878,0.7377763986587524,0.8136484026908875,1.0807113647460938,holo_holo_subset,False,False,True
441,CO,4d07,A,4ob3,A,1,[1],[1],CO,CO,7.268563747406006,2.324465274810791,1.4801753759384155,0.7401990294456482,0.7590661644935608,1.1699092388153076,holo_holo_subset,False,False,False
442,ADP,4p7a,A,6ro1,A,1,[27],[27],ADP,ADP,2.2997612953186035,2.9724724292755127,1.384251594543457,0.7152493596076965,0.7089075446128845,1.1309553384780884,holo_holo_subset,False,False,True
443,NDP,1lqa,A,1o8c,A,1,[48],[48],NDP,NDP,2.846932888031006,3.629959583282471,1.292973279953003,0.7364670038223267,0.8507775068283081,1.039455771446228,holo_holo_subset,False,False,True
444,AMP,4e6n,A,4k46,A,1,[23],[22],AMP,AMP,4.251174449920654,2.649289608001709,1.5430331230163574,0.7140573263168335,0.7739195227622986,1.0065077543258667,holo_holo_subset,False,False,False
445,HEM,1bcf,A,3vre,A,1,[43],[43],HEM,HEM,6.196942329406738,2.8669354915618896,1.4374562501907349,0.6782938838005066,0.8441329598426819,1.2927380800247192,holo_holo_subset,False,False,False
446,ADP,2fsn,B,6c90,A,1,[27],[27],ADP,ADP,2.147754669189453,2.813429594039917,1.470450520515442,0.7118421792984009,0.6432374119758606,1.022915959358215,holo_holo_subset,False,False,True
447,AMP,4e6n,A,6aic,A,1,[23],[22],AMP,AMP,2.739909648895264,2.533505916595459,1.6131187677383425,0.7082927823066711,0.8594725131988525,1.1089937686920166,holo_holo_subset,False,False,True
448,COA,1yvk,A,5kl9,A,1,[48],[48],COA,COA,7.70980167388916,2.742542028427124,1.4722306728363037,0.6874062418937683,0.94232839345932,1.148072600364685,holo_holo_subset,False,False,False
449,FE,3nnl,B,3pqi,A,1,[1],[1],FE,FE,1.2818207740783691,2.10308837890625,1.4297025203704834,0.5866076350212097,0.9254846572875975,0.9294826984405518,holo_holo_subset,False,True,True
450,ACO,3dr8,A,4jvt,A,1,[48],[51],ACO,ACO,3.109384298324585,3.2137629985809326,1.3965007066726685,0.7337659001350403,0.9077123403549194,1.0877865552902222,holo_holo_subset,False,False,True
451,ACO,1hm8,A,6ao7,A,1,[51],[51],ACO,ACO,4.111456871032715,2.8822832107543945,1.3882299661636353,0.6937694549560547,0.886026918888092,1.1817528009414673,holo_holo_subset,False,False,False
452,NAD,6c5c,A,7f8d,A,1,[44],[44],NAD,NAD,2.77833890914917,3.1712145805358887,1.389617085456848,0.7446437478065491,0.7023463249206543,0.9971657991409302,holo_holo_subset,False,False,True
453,ANP,5xd6,A,7o12,B,1,[31],[31],ANP,ANP,2.6573987007141118,3.1421213150024414,1.2718933820724487,0.7451465725898743,0.6788272857666016,1.0342744588851929,holo_holo_subset,False,False,True
454,AMP,6bkf,A,6kby,A,1,[22],[22],AMP,AMP,5.24032735824585,2.533832311630249,1.623186469078064,0.6771700382232666,0.6596614718437195,1.0914300680160522,holo_holo_subset,False,False,False
455,FMN,4ab4,A,7epe,A,1,[31],[31],FMN,FMN,1.627752661705017,3.174706220626831,1.2050533294677734,0.7282944321632385,0.6331967115402222,0.952085018157959,holo_holo_subset,False,True,True
456,ACP,5c41,A,8oqx,A,1,[31],[31],ACP,ACP,3.170205593109131,2.7701117992401123,1.5771520137786863,0.7163600325584412,0.8864352703094482,1.1366722583770752,holo_holo_subset,False,False,True
457,PLP,1i2k,A,4r8d,A,1,[15],[15],PLP,PLP,1.298577904701233,3.3773303031921387,1.3105117082595823,0.7434661388397217,0.8381404876708984,1.1814510822296145,holo_holo_subset,False,True,True
458,GAL,4kzk,A,5ldr,A,1,[12],[12],GAL,GAL,3.460373640060425,2.542623996734619,1.5915154218673706,0.7285448908805847,0.715921938419342,1.1273863315582275,holo_holo_subset,False,False,True
459,COA,3nfd,E,6qfb,C,1,[48],[27],COA,COA,5.437417507171631,2.350943088531494,1.662721872329712,0.6489539742469788,0.9424939155578612,1.1643059253692627,holo_holo_subset,False,False,False
460,COA,1f7l,A,1p5r,A,1,[48],[48],COA,COA,5.275094985961914,2.8115851879119877,1.4432625770568848,0.7132164239883423,0.9313240051269532,1.0391316413879397,holo_holo_subset,False,False,False
461,COA,2ahv,A,5kl9,A,1,[48],[48],COA,COA,7.365058422088623,2.34345817565918,1.4451544284820557,0.6932231783866882,0.435358464717865,1.5085039138793943,holo_holo_subset,False,False,False
462,FE,3g77,A,3vth,A,1,[1],[1],FE,FE,2.900491952896118,2.558113574981689,1.6115227937698364,0.7284298539161682,0.8655562996864319,1.0620311498641968,holo_holo_subset,False,False,True
463,COA,3cgb,A,4ubt,A,1,[48],[48],COA,COA,4.330978393554688,2.8175926208496094,1.66750967502594,0.7099474668502808,0.7895815968513489,1.206118941307068,holo_holo_subset,False,False,False
464,ADP,5lu4,A,5m32,h,1,[27],[27],ADP,ADP,2.3293566703796387,2.6529054641723637,1.5544850826263428,0.7079126238822937,0.7995836138725281,1.0885225534439087,holo_holo_subset,False,False,True
465,SAM,2fb2,A,4qtu,B,1,[27],[27],SAM,SAM,2.145172119140625,3.1185622215271,1.320157170295715,0.7067295908927917,0.8466453552246094,1.2952306270599363,holo_holo_subset,False,False,True
466,UDP,5ggi,B,5tvg,A,1,[25],[25],UDP,UDP,2.7885799407958984,3.361985921859741,1.1917724609375,0.7541162967681885,0.9404995441436768,0.8507840037345886,holo_holo_subset,False,False,True
467,ATP,1yp3,C,3hgm,A,1,[31],[31],ATP,ATP,3.03769326210022,3.475607395172119,0.9121941328048706,0.7499500513076782,0.9629212617874146,0.7469514012336731,holo_holo_subset,False,False,True
468,COA,1q6y,A,5kl9,A,1,[48],[48],COA,COA,6.221844673156738,2.6456737518310547,1.4298266172409058,0.6925185918807983,0.7604873180389404,1.1929279565811155,holo_holo_subset,False,False,False
469,GTP,1svw,A,4du6,A,1,[32],[32],GTP,GTP,7.445026397705078,2.5058341026306152,1.5258028507232666,0.7561277151107788,0.8496127724647522,1.0629905462265017,holo_holo_subset,False,False,False
470,PYR,5lu4,A,5w5r,A,1,[6],[6],PYR,PYR,8.600970268249512,2.545992374420166,1.6478817462921145,0.6888999342918396,0.9202329516410828,1.3378101587295532,holo_holo_subset,False,False,False
471,CU,6ryx,A,7r0h,A,1,[1],[1],CU,CU,8.37865161895752,2.3922901153564453,1.3449722528457642,0.7159245014190674,0.8861872553825378,1.1893346309661863,holo_holo_subset,False,False,False
472,ADP,2fsn,B,4ljy,A,1,[27],[27],ADP,ADP,2.1891837120056152,3.050471782684326,1.3860117197036743,0.7331889271736145,0.7665371894836426,0.9373979568481444,holo_holo_subset,False,False,True
473,GTP,1plk,A,4du6,A,1,[32],[32],GTP,GTP,7.304359912872314,2.446308135986328,1.4199882745742798,0.6888416409492493,0.9305770993232728,1.277408242225647,holo_holo_subset,False,False,False
474,GDP,2cjw,A,2ydc,A,1,[28],[28],GDP,GDP,5.290575981140137,2.500819683074951,1.4884968996047974,0.7176920175552368,0.7575647830963135,1.054417610168457,holo_holo_subset,False,False,False
475,ANP,3zfd,A,5dzc,A,1,[31],[31],ANP,ANP,1.8811503648757932,3.032468318939209,1.3372586965560913,0.6906213760375977,0.5227504968643188,1.1771478652954102,holo_holo_subset,False,True,True
476,CO,2xvz,A,6bnn,A,1,[1],[1],CO,CO,2.280903577804565,2.1605820655822754,1.4095011949539185,0.7302445769309998,0.7473943829536438,1.022611141204834,holo_holo_subset,False,False,True
477,ADE,1j1r,A,2qlu,A,1,[10],[10],ADE,ADE,5.33847713470459,2.571643352508545,1.455792784690857,0.7178527116775513,0.9241540431976318,1.2915773391723633,holo_holo_subset,False,False,False
478,ZN,4l3k,A,4qbg,B,1,[1],[1],ZN,ZN,7.815401077270508,1.7628943920135498,1.6837385892868042,0.6618284583091736,0.7030778527259827,1.6324986219406128,holo_holo_subset,False,False,False
479,FE,1do6,A,2b1x,A,1,[1],[1],FE,FE,0.9410955905914308,2.3586103916168213,1.4445858001708984,0.7074620127677917,0.6346226930618286,1.0174633264541626,holo_holo_subset,True,True,True
480,MN,3evk,A,3pif,D,1,[1],[1],MN,MN,3.370856523513794,2.4739136695861816,1.5532323122024536,0.6935214996337891,0.8327754735946655,1.1968724727630615,holo_holo_subset,False,False,True
481,UDP,2p73,A,4a7x,C,1,[25],[25],UDP,UDP,3.2939748764038086,3.083188056945801,1.3813903331756592,0.7361083030700684,0.8093153238296509,1.2150883674621582,holo_holo_subset,False,False,True
482,AMP,3uq6,A,5l6v,I,1,[23],[23],AMP,AMP,6.731794357299805,2.918605327606201,1.5559918880462646,0.6976975202560425,0.7855164408683777,1.189128875732422,holo_holo_subset,False,False,False
483,ACO,1hm8,A,6v3t,A,1,[51],[51],ACO,ACO,3.866698265075684,2.7770800590515137,1.4478451013565063,0.7403165102005005,0.9092045426368712,1.0325782299041748,holo_holo_subset,False,False,True
484,ADP,2awn,C,5zlp,J,1,[27],[27],ADP,ADP,3.139536142349243,2.757476329803467,1.439665913581848,0.7175363302230835,0.8205133676528931,1.1116304397583008,holo_holo_subset,False,False,True
485,FMN,7epe,A,8pm1,A,1,[31],[31],FMN,FMN,1.8631484508514404,2.8541054725646973,1.381394624710083,0.719172477722168,0.6194812655448914,0.9518449902534484,holo_holo_subset,False,True,True
486,AKG,1llw,A,5xvv,B,1,[10],[10],AKG,AKG,3.2809574604034424,2.820175170898437,1.4288567304611206,0.6663641333580017,0.800008237361908,1.1480633020401,holo_holo_subset,False,False,True
487,AMP,1uuy,A,2vfk,A,1,[23],[22],AMP,AMP,5.461210250854492,2.4958691596984863,1.626716136932373,0.7048496603965759,0.795960009098053,1.2132216691970823,holo_holo_subset,False,False,False
488,COA,2oi6,B,4x0o,E,1,[27],[48],COA,COA,7.0517258644104,2.4133572578430176,1.5637444257736206,0.6360821723937988,0.891546368598938,1.209174871444702,holo_holo_subset,False,False,False
489,ANP,2db3,A,2oid,A,1,[31],[31],ANP,ANP,1.9109477996826167,3.200402021408081,1.3425230979919434,0.7137117981910706,0.7931315302848816,1.1175843477249146,holo_holo_subset,False,True,True
490,FMN,7epe,A,7oo9,A,1,[31],[31],FMN,FMN,1.9095466136932373,2.7112820148468018,1.5130765438079834,0.7067319750785828,0.5845106244087219,0.97337406873703,holo_holo_subset,False,True,True
491,PLP,4r8d,A,5yyc,A,1,[15],[15],PLP,PLP,1.144121766090393,3.438455820083618,1.262784123420715,0.7270945310592651,0.68775874376297,1.0444456338882446,holo_holo_subset,False,True,True
492,ATP,2j9l,C,3whk,A,1,[31],[31],ATP,ATP,2.268062114715576,2.870014190673828,1.4831874370574951,0.7239552140235901,0.805640459060669,1.0704901218414309,holo_holo_subset,False,False,True
493,CO,3hdi,A,7s0w,B,1,[1],[1],CO,CO,2.818209409713745,2.303497791290283,1.6766855716705322,0.726620078086853,0.6503164768218994,1.1401653289794922,holo_holo_subset,False,False,True
494,HEM,3u8p,A,5li6,A,1,[43],[43],HEM,HEM,4.150426864624023,1.8442254066467283,1.3348073959350586,0.583916187286377,0.6150214672088623,1.606802463531494,holo_holo_subset,False,False,False
495,AMP,2vfk,A,6aic,A,1,[23],[23],AMP,AMP,4.655348300933838,2.6641762256622314,1.681892156600952,0.6962859034538269,0.9149516224861144,1.2521865367889404,holo_holo_subset,False,False,False
496,FE,2boy,A,4qur,A,1,[1],[1],FE,FE,1.651604413986206,2.311192512512207,1.5705645084381104,0.683910608291626,0.674704372882843,1.1380988359451294,holo_holo_subset,False,True,True
497,ACO,1hm8,A,3mgd,B,1,[51],[51],ACO,ACO,4.002401828765869,2.85880708694458,1.4125264883041382,0.716259241104126,0.8832822442054749,1.1652318239212036,holo_holo_subset,False,False,False
498,CU,4eir,A,6l4c,B,1,[1],[1],CU,CU,2.4713845252990723,2.0995147228240967,1.3763158321380615,0.6317716836929321,0.7861692905426025,0.9771500825881958,holo_holo_subset,False,False,True
499,NDP,1zdl,A,7w5n,A,1,[48],[48],NDP,NDP,3.4456303119659424,3.55839204788208,1.2629603147506714,0.7512603998184204,0.8047555685043335,0.9582786560058594,holo_holo_subset,False,False,True
500,UDP,2acv,A,5ggi,B,1,[25],[25],UDP,UDP,3.0684094429016118,3.298524618148804,1.3711529970169067,0.7078505754470825,0.8205860257148743,1.1844249963760376,holo_holo_subset,False,False,True
501,GAL,2j5z,A,5ldr,A,1,[12],[12],GAL,GAL,3.0470008850097656,1.925391674041748,1.4711167812347412,0.6995466351509094,0.9697534441947936,1.146322250366211,holo_holo_subset,False,False,True
502,MG,3bzn,A,7ef7,A,1,[1],[1],MG,MG,4.626565933227539,2.04348373413086,1.611604928970337,0.7123016119003296,0.5977670550346375,1.1304534673690796,holo_holo_subset,False,False,False
503,AKG,1ofd,A,3nnf,A,1,[10],[10],AKG,AKG,7.7331390380859375,2.303033828735352,1.5673878192901611,0.5934784412384033,0.5313242673873901,1.9888575077056885,holo_holo_subset,False,False,False
504,AMP,1kht,B,4e6n,A,1,[22],[23],AMP,AMP,3.364939451217652,2.7247543334960938,1.6117141246795654,0.7358542680740356,0.5469600558280945,1.1220343112945557,holo_holo_subset,False,False,True
505,AMP,1ct9,A,4e6n,A,1,[22],[23],AMP,AMP,3.0498220920562744,2.6925363540649414,1.4413573741912842,0.7194065451622009,0.4822619557380676,0.9461140632629396,holo_holo_subset,False,False,False
506,MN,2p73,A,2x7j,A,1,[1],[1],MN,MN,1.980786085128784,3.1704366207122803,1.182339787483215,0.7510335445404053,0.9454298615455629,0.8814420700073242,holo_holo_subset,False,True,True
507,ACO,4jvt,A,6ao7,A,1,[51],[48],ACO,ACO,3.2659432888031006,3.295614242553711,1.4119255542755127,0.7169024348258972,0.8550158739089966,1.2478328943252563,holo_holo_subset,False,False,True
508,5GP,1ex7,A,4z87,A,1,[24],[24],5GP,5GP,3.356039524078369,2.913224220275879,1.5028409957885742,0.7150294780731201,0.8570671677589417,1.172321319580078,holo_holo_subset,False,False,True
509,CU,1cuo,A,7r0h,A,1,[1],[1],CU,CU,8.39481258392334,2.322801351547241,1.715168595314026,0.7213215827941895,0.7439755201339722,1.0162323713302612,holo_holo_subset,False,False,False
510,UDP,2acv,A,2p73,A,1,[25],[25],UDP,UDP,2.4496803283691406,2.9940643310546875,1.4479693174362185,0.7254787683486938,0.4907247722148895,1.1668469905853271,holo_holo_subset,False,False,False
511,NAD,7dkm,A,7f8d,A,1,[44],[44],NAD,NAD,0.5599478483200073,4.755311965942383,0.5614089965820312,0.8453224897384644,0.9828109741210938,0.708352267742157,holo_holo_subset,True,True,True
512,CU,1cur,A,4qi8,A,1,[1],[1],CU,CU,0.4970425367355346,2.913456678390503,1.636096715927124,0.7548885345458984,0.4839336276054382,0.98988938331604,holo_holo_subset,False,False,False
513,CTP,1coz,A,3k8d,A,1,[29],[29],CTP,CTP,1.7137786149978638,3.0457324981689453,1.311282753944397,0.7499039769172668,0.8609460592269897,1.0996118783950806,holo_holo_subset,False,True,True
514,AKG,1nx4,C,5xvv,B,1,[10],[10],AKG,AKG,5.833138942718506,2.289818286895752,1.624428153038025,0.716981053352356,0.7546106576919556,1.3938674926757812,holo_holo_subset,False,False,False
515,NAP,1zgd,A,5h81,B,1,[48],[48],NAP,NAP,2.790512561798096,3.578880786895752,1.339663028717041,0.7572385668754578,0.8018200993537903,1.0247564315795898,holo_holo_subset,False,False,True
516,COA,3ubm,B,5kl9,A,1,[48],[48],COA,COA,7.622939586639404,2.613533973693848,1.527768850326538,0.710522472858429,0.9102172255516052,1.2494456768035889,holo_holo_subset,False,False,False
517,GDP,1s4o,A,3zbq,A,1,[28],[28],GDP,GDP,3.7841272354125977,2.86281156539917,1.4187726974487305,0.7403997182846069,0.6222647428512573,1.0581876039505005,holo_holo_subset,False,False,True
518,GDP,1s4o,A,2nzj,B,1,[28],[28],GDP,GDP,2.9715993404388428,3.2692902088165283,1.2823745012283323,0.7192118763923645,0.9366913437843324,1.161482810974121,holo_holo_subset,False,False,True
519,FAD,2ed4,A,2pg0,A,1,[53],[53],FAD,FAD,4.8996453285217285,2.469383716583252,1.4787226915359497,0.6809688210487366,0.9336779117584229,1.1737024784088137,holo_holo_subset,False,False,False
520,CU,4qi8,A,5yt7,A,1,[1],[1],CU,CU,1.0071496963500977,2.575326442718506,1.4630084037780762,0.7345948815345764,0.2942159175872803,0.8553680181503296,holo_holo_subset,False,False,False
521,OXL,3flk,A,4l80,C,1,[6],[6],OXL,OXL,2.6428680419921875,2.9990718364715576,1.3139562606811523,0.7075938582420349,0.8930842876434326,1.261398434638977,holo_holo_subset,False,False,True
522,ADP,4hlu,A,5lu4,A,1,[27],[27],ADP,ADP,3.1300323009490967,2.6410341262817383,1.7170751094818115,0.6970929503440857,0.795758843421936,1.1287086009979248,holo_holo_subset,False,False,True
523,CA,4f9j,A,7w6b,A,1,[1],[1],CA,CA,8.322552680969238,2.844521999359131,1.0352351665496826,0.7008599638938904,0.9824116826057434,0.8960189819335938,holo_holo_subset,False,False,False
524,FE,2amu,A,3fvz,A,1,[1],[1],FE,FE,7.818526268005371,2.534933090209961,1.5072240829467771,0.732232928276062,0.6242185831069946,0.9941877126693726,holo_holo_subset,False,False,False
525,AMP,3fwz,A,4e6n,A,1,[22],[23],AMP,AMP,2.7779579162597656,2.9528043270111084,1.4094136953353882,0.7274385690689087,0.7436967492103577,1.1309072971343994,holo_holo_subset,False,False,True
526,PYR,3noj,A,5w5r,A,1,[6],[6],PYR,PYR,8.151304244995117,2.685943603515625,1.3968682289123535,0.7422267198562622,0.9604815244674684,1.045511245727539,holo_holo_subset,False,False,False
527,COA,1yli,B,6qfb,C,1,[48],[48],COA,COA,6.670368194580078,1.9751319885253904,1.6007063388824463,0.6136816143989563,0.7510918378829956,1.2892043590545654,holo_holo_subset,False,False,False
528,UDP,2p73,A,5v0t,E,1,[25],[25],UDP,UDP,2.738863706588745,3.345641613006592,1.3788732290267944,0.7539523839950562,0.7711018919944763,1.0893765687942505,holo_holo_subset,False,False,True
529,HEM,1aom,B,5zur,B,1,[43],[43],HEM,HEM,7.4568915367126465,2.2874770164489746,1.540677547454834,0.7045631408691406,0.7894952297210693,1.2599506378173828,holo_holo_subset,False,False,False
530,ACO,1hm8,A,2h5m,A,1,[51],[51],ACO,ACO,4.254537582397461,2.711707592010498,1.51102876663208,0.6784788966178894,0.9461123943328856,1.1288491487503052,holo_holo_subset,False,False,False
531,UDP,2p73,A,5e9u,A,1,[25],[25],UDP,UDP,2.747509717941284,3.178581714630127,1.4234596490859983,0.7494813203811646,0.8072476983070374,1.1384018659591677,holo_holo_subset,False,False,True
532,FE,3cei,A,3vth,A,1,[1],[1],FE,FE,2.69731068611145,2.199739933013916,1.6034541130065918,0.7362135052680969,0.6995303630828857,1.0149754285812378,holo_holo_subset,False,False,True
533,ACO,3mgd,B,4jvt,A,1,[48],[51],ACO,ACO,3.544331789016724,3.321733236312866,1.353492021560669,0.731352686882019,0.9278353452682496,1.1602396965026855,holo_holo_subset,False,False,True
534,AMP,2vfk,A,3uq6,A,1,[23],[23],AMP,AMP,5.788036823272705,2.716230869293213,1.770676851272583,0.744321346282959,0.8497893214225769,0.9806232452392578,holo_holo_subset,False,False,False
535,UDP,2wtx,D,5ggi,B,1,[25],[25],UDP,UDP,2.6979470252990723,3.3116743564605717,1.1966136693954468,0.7467806339263916,0.9648644924163818,0.8724325895309448,holo_holo_subset,False,False,True
536,FE,3fvz,A,6rxn,A,1,[1],[1],FE,FE,7.731900691986084,1.6921842098236084,1.5604203939437866,0.6885073781013489,0.3865991532802582,1.0666075944900513,holo_holo_subset,False,False,False
537,ADP,2awn,C,6ks6,E,1,[27],[27],ADP,ADP,2.1182632446289062,2.875593423843384,1.5505951642990112,0.7249341011047363,0.7294458150863647,1.0208196640014648,holo_holo_subset,False,False,True
538,SAM,3mte,A,4njg,A,1,[27],[26],SAM,SAM,3.240853786468506,3.2348248958587646,1.3726187944412231,0.694840133190155,0.9057903289794922,1.48724365234375,holo_holo_subset,False,False,True
539,UDP,2p73,A,2wtx,D,1,[25],[25],UDP,UDP,3.2265515327453613,3.1735517978668213,1.4684127569198608,0.7567355036735535,0.8256179690361023,1.099951982498169,holo_holo_subset,False,False,True
540,GDP,2qag,C,2ydc,A,1,[28],[28],GDP,GDP,4.276371955871582,2.591933250427246,1.524221420288086,0.688308835029602,0.8229109644889832,1.1035847663879397,holo_holo_subset,False,False,False
541,AMP,1kht,B,6r8u,A,1,[23],[23],AMP,AMP,7.183319568634033,3.0652880668640137,1.4266276359558103,0.6913511753082275,0.9067766666412354,1.3383606672286987,holo_holo_subset,False,False,False
542,CU,1a4a,A,4eir,A,1,[1],[1],CU,CU,2.1922411918640137,3.147568702697754,1.3822933435440063,0.7620700597763062,0.629291296005249,1.0860391855239868,holo_holo_subset,False,False,True
543,BMA,5a7v,A,6l6a,A,1,[12],[12],BMA,BMA,3.412364959716797,2.1405179500579834,1.4442089796066284,0.7117101550102234,0.7366406321525574,1.179682970046997,holo_holo_subset,False,False,True
544,UDP,2p73,A,7bv3,B,1,[25],[25],UDP,UDP,2.43906831741333,3.2322347164154053,1.4436181783676147,0.743951678276062,0.6743218302726746,1.1278469562530518,holo_holo_subset,False,False,True
545,PLP,3csw,C,4r8d,A,1,[15],[16],PLP,PLP,1.0691306591033936,3.5692975521087646,1.359255075454712,0.7769762873649597,0.8177372813224792,1.0756210088729858,holo_holo_subset,False,True,True
546,AMP,3fiu,A,6r8u,A,1,[23],[23],AMP,AMP,6.861631393432617,3.3454232215881348,1.03006112575531,0.7336636781692505,0.9450002312660216,0.893184244632721,holo_holo_subset,False,False,False
547,MG,1svw,A,6igj,A,1,[1],[1],MG,MG,6.527573585510254,2.491929292678833,1.5370832681655884,0.6800099611282349,0.8960954546928406,1.3368817567825315,holo_holo_subset,False,False,False
548,SAM,2uyq,A,4njg,A,1,[27],[17],SAM,SAM,3.30893874168396,3.1139700412750244,1.393964171409607,0.7248035669326782,0.8520223498344421,1.3561334609985352,holo_holo_subset,False,False,True
549,FE,3g77,A,3pqi,A,1,[1],[1],FE,FE,2.410215139389038,1.937854528427124,1.4601075649261477,0.6596998572349548,0.783380925655365,1.2352248430252075,holo_holo_subset,False,False,True
550,ATP,5nro,A,5o6m,D,1,[31],[31],ATP,ATP,6.105650424957275,2.926632165908813,1.6375250816345217,0.7220919728279114,0.5734557509422302,1.1051024198532104,holo_holo_subset,False,False,False
551,AMP,4e6n,A,6kby,A,1,[22],[22],AMP,AMP,3.243384838104248,2.5990183353424072,1.40311598777771,0.6958909630775452,0.7422605752944946,1.1091670989990234,holo_holo_subset,False,False,True
552,FE2,3ven,A,4r88,B,1,[1],[1],FE2,FE2,1.6773240566253662,2.5216188430786133,1.717861294746399,0.7542520761489868,0.6458985209465027,1.0747551918029783,holo_holo_subset,False,True,True
553,CO,1v29,A,7s0w,B,1,[1],[1],CO,CO,3.647378444671631,2.120495557785034,1.4261462688446045,0.7009893655776978,0.555877685546875,1.345513105392456,holo_holo_subset,False,False,True
554,ANP,1zy5,A,4w7s,B,1,[31],[31],ANP,ANP,2.5790233612060547,2.932497978210449,1.494615912437439,0.7118304371833801,0.5494627952575684,1.0454819202423096,holo_holo_subset,False,False,True
555,NAD,1nr5,B,1qs2,A,1,[44],[44],NAD,NAD,3.4161806106567383,2.6742560863494877,1.3775516748428345,0.686529278755188,0.8774417638778687,1.1260926723480225,holo_holo_subset,False,False,True
556,UDP,2p73,A,7zer,A,1,[25],[25],UDP,UDP,2.5724990367889404,3.185030221939087,1.408520221710205,0.7489714026451111,0.6360902786254883,1.073269605636597,holo_holo_subset,False,False,True
557,AKG,1ofd,A,4xcb,A,1,[10],[10],AKG,AKG,5.683871746063232,2.35616135597229,1.721917748451233,0.6497501134872437,0.8403832316398621,1.3087396621704102,holo_holo_subset,False,False,False
558,COA,5kl9,A,5xuk,A,1,[40],[48],COA,COA,7.783604145050049,2.731475353240967,1.6167587041854858,0.7171835899353027,0.8626830577850342,1.238228678703308,holo_holo_subset,False,False,False
559,ACO,1hm8,A,7ovu,A,1,[51],[51],ACO,ACO,4.012187480926514,2.850768804550171,1.4159077405929563,0.6972343921661377,0.8659036159515381,1.100354552268982,holo_holo_subset,False,False,False
560,NDP,1o8c,A,4ijr,A,1,[48],[48],NDP,NDP,2.8759002685546875,3.551798105239868,1.2894797325134275,0.7503556609153748,0.8863505721092224,0.9736545085906982,holo_holo_subset,False,False,True
561,NAD,1qs2,A,5ilg,A,1,[44],[44],NAD,NAD,2.805428504943848,3.039745092391968,1.4013748168945312,0.7183697819709778,0.8276535272598267,1.2004390954971311,holo_holo_subset,False,False,True
562,HEM,4e6k,A,4kvj,A,1,[43],[43],HEM,HEM,6.049192905426025,2.249417304992676,1.6755300760269165,0.752742350101471,0.7608942985534668,1.0087603330612185,holo_holo_subset,False,False,False
563,MG,2ox4,C,6cc9,B,1,[1],[1],MG,MG,2.9289891719818115,2.816896438598633,1.3634647130966189,0.6893360614776611,0.8738292455673218,1.1410489082336426,holo_holo_subset,False,False,True
564,ACO,4jvt,A,4jwp,A,1,[51],[48],ACO,ACO,3.1007118225097656,3.1915738582611084,1.4140568971633911,0.7432098984718323,0.8673699498176575,1.070244312286377,holo_holo_subset,False,False,True
565,AMP,1k9y,A,5l6v,I,1,[23],[23],AMP,AMP,6.96134614944458,2.9681944847106934,1.6402273178100586,0.7078403830528259,0.719150722026825,1.119420051574707,holo_holo_subset,False,False,False
566,MG,2yjg,A,4e6m,A,1,[1],[1],MG,MG,7.890287399291992,2.85791540145874,1.2658230066299438,0.7329520583152771,0.5908048152923584,0.8547629714012146,holo_holo_subset,False,False,False
567,SAM,2fb2,A,4gc9,A,1,[27],[27],SAM,SAM,2.114329099655152,2.977919101715088,1.360818862915039,0.7345400452613831,0.802219569683075,1.2504091262817385,holo_holo_subset,False,False,True
568,FE,3fvz,A,4qur,A,1,[1],[1],FE,FE,7.846137523651123,1.733833074569702,1.5427381992340088,0.7197180390357971,0.5734084248542786,1.0212655067443848,holo_holo_subset,False,False,False
569,UDP,2d7i,A,2wtx,D,1,[25],[25],UDP,UDP,2.690108060836792,3.564575672149658,1.2122812271118164,0.7645471096038818,0.928432047367096,1.065447211265564,holo_holo_subset,False,False,True
570,FE,2q4a,B,4qur,A,1,[1],[1],FE,FE,1.1620142459869385,2.574962615966797,1.368558049201965,0.7052645087242126,0.8364430665969849,1.066537857055664,holo_holo_subset,False,True,True
571,NAD,1lvl,A,7f8d,A,1,[44],[44],NAD,NAD,3.52415132522583,4.102347373962402,0.6922686100006104,0.8086119294166565,0.9923679232597352,0.7050987482070923,holo_holo_subset,False,False,True
572,FMN,1qxo,A,7epe,A,1,[31],[31],FMN,FMN,5.299922943115234,2.475923538208008,1.614303708076477,0.6836760640144348,0.7768411040306091,1.130139708518982,holo_holo_subset,False,False,False
573,COA,2gf6,A,4x0o,E,1,[27],[48],COA,COA,6.038612842559815,2.641145706176758,1.5835154056549072,0.738777220249176,0.9488605260849,1.2061660289764404,holo_holo_subset,False,False,False
574,COA,2oi6,B,5kl9,A,1,[48],[48],COA,COA,7.0625481605529785,2.151658535003662,1.762266993522644,0.6984745860099792,0.6327158212661743,1.4148601293563845,holo_holo_subset,False,False,False
575,FE,2amu,A,2b1x,A,1,[1],[1],FE,FE,0.567807137966156,2.2055652141571045,1.4468092918395996,0.6781284809112549,0.8488737344741821,0.987076222896576,holo_holo_subset,True,True,True
576,MG,1svw,A,3ks6,A,1,[1],[1],MG,MG,3.479351043701172,2.703263521194458,1.844752073287964,0.7502016425132751,0.8658992648124695,1.2584233283996582,holo_holo_subset,False,False,True
577,MN,2x7j,A,3ib7,A,1,[1],[1],MN,MN,1.4552797079086304,2.879600524902344,1.0545945167541504,0.747868001461029,0.9264969825744628,0.821559727191925,holo_holo_subset,False,True,True
578,BMA,5swi,B,6l6a,A,1,[12],[12],BMA,BMA,4.857348442077637,2.2344977855682373,1.4559062719345093,0.7184601426124573,0.8308268785476685,1.0164785385131836,holo_holo_subset,False,False,False
579,FE2,2de6,B,5j92,B,1,[1],[1],FE2,FE2,0.9752479791641236,2.4730381965637207,1.2333813905715942,0.6654070019721985,0.9131478667259216,0.8723958134651184,holo_holo_subset,True,True,True
580,CO,3hdi,A,3l0s,A,1,[1],[1],CO,CO,2.2055859565734863,2.43175745010376,1.4376362562179563,0.6345356702804565,0.5068470239639282,1.93360447883606,holo_holo_subset,False,False,True
581,UDP,2d7i,A,5e9u,A,1,[25],[25],UDP,UDP,2.7254531383514404,3.3412282466888428,1.382523536682129,0.7519983053207397,0.830860435962677,1.1442259550094604,holo_holo_subset,False,False,True
582,MG,1hyo,B,3txa,A,1,[1],[1],MG,MG,3.808407306671143,2.312029838562012,1.7214751243591309,0.7192755341529846,0.6885385513305664,1.0702078342437744,holo_holo_subset,False,False,True
583,AMP,2gm3,A,2vfk,A,1,[23],[23],AMP,AMP,4.797133922576904,2.387215137481689,1.648426175117493,0.7289745211601257,0.7986173033714294,1.2610390186309814,holo_holo_subset,False,False,False
584,AMP,1k9y,A,6r8u,A,1,[23],[23],AMP,AMP,6.92282247543335,2.421583414077759,1.8733834028244016,0.6692754030227661,0.8849362134933472,1.124527931213379,holo_holo_subset,False,False,False
585,UDP,5e9u,A,5ggi,B,1,[25],[25],UDP,UDP,2.8045475482940674,3.352081298828125,1.3738409280776978,0.7096518874168396,0.8171021938323975,1.2073209285736084,holo_holo_subset,False,False,True
586,ADP,6q45,F,7nvm,e,1,[27],[27],ADP,ADP,2.836377620697021,2.895504951477051,1.2785409688949585,0.6894438862800598,0.8695314526557922,1.2424027919769287,holo_holo_subset,False,False,True
587,AMP,1ct9,A,5l6v,I,1,[23],[23],AMP,AMP,7.014524459838867,3.124353408813477,1.5198984146118164,0.7380910515785217,0.7116063237190247,1.0017515420913696,holo_holo_subset,False,False,False
588,FE2,4r88,B,7eyr,C,1,[1],[1],FE2,FE2,0.8275361657142639,2.865205764770508,1.4738975763320925,0.7559313774108887,0.7160733938217163,0.9230566024780272,holo_holo_subset,True,True,True
589,AKG,1ofd,A,5xvv,B,1,[10],[10],AKG,AKG,6.624265193939209,2.111608028411865,1.4925135374069214,0.5747569799423218,0.8588501811027527,1.377501130104065,holo_holo_subset,False,False,False
590,FE2,2de6,B,4r88,B,1,[1],[1],FE2,FE2,0.8290820121765137,2.194896697998047,1.306581974029541,0.703313410282135,0.5594163537025452,1.0596764087677002,holo_holo_subset,True,True,True
591,ACO,1b87,A,1hm8,A,1,[51],[51],ACO,ACO,4.062324047088623,2.8241395950317383,1.3463555574417114,0.7255107164382935,0.8052099347114563,1.069591403007507,holo_holo_subset,False,False,False
592,SAM,2fb2,A,3fpj,B,1,[27],[27],SAM,SAM,2.661283016204834,3.109522819519043,1.391689658164978,0.707403838634491,0.879849374294281,1.2400565147399902,holo_holo_subset,False,False,True
593,AMP,2gm3,A,4ini,B,1,[23],[23],AMP,AMP,2.4640111923217773,3.016946315765381,1.5725975036621094,0.7215828895568848,0.8496302366256714,1.110411286354065,holo_holo_subset,False,False,True
594,FE2,2de6,B,4oj8,B,1,[1],[1],FE2,FE2,0.6440329551696777,2.4761650562286377,1.2756236791610718,0.6692988276481628,0.8219326734542847,0.8949375152587891,holo_holo_subset,True,True,True
595,GDP,2atv,A,2ydc,A,1,[28],[28],GDP,GDP,5.017488956451416,2.524031400680542,1.5416259765625,0.7161691784858704,0.63337242603302,1.1250892877578735,holo_holo_subset,False,False,False
596,ACO,2h5m,A,4jvt,A,1,[48],[51],ACO,ACO,3.48234486579895,2.893846035003662,1.444403052330017,0.7288850545883179,0.8668660521507263,1.1691365242004397,holo_holo_subset,False,False,True
597,COA,1p5r,A,5xuk,A,1,[40],[48],COA,COA,4.581546783447266,2.813413143157959,1.4155181646347046,0.7077587842941284,0.92536723613739,1.0212030410766602,holo_holo_subset,False,False,False
598,GDP,2ery,B,2ydc,A,1,[28],[28],GDP,GDP,5.352860450744629,2.6967289447784424,1.3462135791778564,0.7098475098609924,0.8141502141952515,1.209566354751587,holo_holo_subset,False,False,False
599,SAM,4fak,A,4njg,A,1,[27],[27],SAM,SAM,3.60425329208374,2.6724233627319336,1.5124272108078003,0.7236701250076294,0.8019911646842957,1.0688536167144775,holo_holo_subset,False,False,True
600,AKG,1llw,A,3nnf,A,1,[10],[10],AKG,AKG,6.269671440124512,2.4033923149108887,1.6004780530929563,0.6055942177772522,0.8275194764137268,1.2164275646209717,holo_holo_subset,False,False,False
601,CA,1n3o,A,3a9g,A,1,[1],[1],CA,CA,5.498630046844482,2.31939435005188,1.5333058834075928,0.7440328598022461,0.8269069194793701,0.9900724291801452,holo_holo_subset,False,False,False
602,COA,3cgb,A,4x0o,E,1,[27],[48],COA,COA,4.617146968841553,2.6392316818237305,1.5551855564117432,0.6922763586044312,0.9038153290748596,1.1291415691375732,holo_holo_subset,False,False,False
603,CO,4d07,A,7s0w,B,1,[1],[1],CO,CO,7.323766231536865,2.0591859817504883,1.7688125371932983,0.6953291893005371,0.8641310930252075,1.257313251495361,holo_holo_subset,False,False,False
604,CO,3l0s,A,6bnn,A,1,[1],[1],CO,CO,7.2532477378845215,2.2540104389190674,1.8121086359024048,0.6303309798240662,0.6645392775535583,1.2550544738769531,holo_holo_subset,False,False,False
605,AKG,4oj8,B,5xvv,B,1,[10],[10],AKG,AKG,5.727278232574463,2.363687515258789,1.4156516790390017,0.7159485220909119,0.8673581480979919,1.3433070182800293,holo_holo_subset,False,False,False
606,BGC,1q33,A,2e9l,A,1,[12],[12],BGC,BGC,3.0443992614746094,2.365752696990967,1.5129287242889404,0.7272707223892212,0.9166754484176636,0.9923956990242004,holo_holo_subset,False,False,True
607,AMP,3ber,A,5l6v,I,1,[23],[23],AMP,AMP,7.071152687072754,3.027430534362793,1.375266194343567,0.7242103219032288,0.9006482362747192,1.052180290222168,holo_holo_subset,False,False,False
608,NAD,1qs2,A,4nr0,B,1,[44],[44],NAD,NAD,3.055164098739624,2.820162296295166,1.506290078163147,0.7043988108634949,0.4936191737651825,1.2133827209472656,holo_holo_subset,False,False,False
609,NAP,2zat,A,5xv0,F,2,[48],[48],NAP,NAP,2.894008159637451,3.5717012882232666,1.490936040878296,0.7456147074699402,0.760354220867157,0.9930611252784728,holo_holo_subset,False,False,True
610,GTP,1s49,A,4du6,A,2,[32],[32],GTP,GTP,7.569433689117432,2.2043910026550293,1.36762535572052,0.6686609983444214,0.7684261202812195,1.5512466430664062,holo_holo_subset,False,False,False
611,AEF,3bra,A,4n7c,A,2,[10],[10],AEF,AEF,6.538851261138916,2.3970425128936768,1.4296518564224243,0.7093966603279114,0.9508664608001708,1.2132835388183594,holo_holo_subset,False,False,False
612,OXY,1oqu,C,1oxy,A,2,[2],[1],OXY,OXY,7.424336433410644,2.289943218231201,1.4511154890060425,0.7735312581062317,0.8351424336433411,1.0387468338012695,holo_holo_subset,False,False,False
613,DFP,1ci9,A,2gzs,A,2,[10],[10],DFP,DFP,1.9336916208267207,2.545102834701538,1.5559916496276855,0.7334105968475342,0.9286651015281676,1.1595380306243896,holo_holo_subset,False,True,True
614,APR,1v8m,A,2hjr,B,2,[36],[36],APR,APR,6.804417133331299,2.7759814262390137,1.4248294830322266,0.7134071588516235,0.7941375374794006,1.272736430168152,holo_holo_subset,False,False,False
615,SAM,1cma,B,6ift,A,2,[27],[27],SAM,SAM,6.905448913574219,2.7345731258392334,1.5596778392791748,0.7201098799705505,0.9170745015144348,1.2421889305114746,holo_holo_subset,False,False,False
616,SAM,3t7s,A,4fak,A,2,[27],[27],SAM,SAM,2.9551029205322266,3.610213279724121,1.1300421953201294,0.7508627772331238,0.8446364402770996,0.9913482666015624,holo_holo_subset,False,False,True
617,TCE,3fo5,A,6gzd,A,2,[16],[16],TCE,TCE,6.588952541351318,2.14951753616333,1.5029288530349731,0.7251774668693542,0.724808394908905,1.1679502725601196,holo_holo_subset,False,False,False
618,NDP,3anl,A,3kgy,A,2,[48],[48],NDP,NDP,2.7924532890319824,3.505077600479126,1.4253826141357422,0.7089657187461853,0.8959437608718872,1.109128475189209,holo_holo_subset,False,False,True
619,ADP,3kb1,A,5gsz,A,2,[27],[27],ADP,ADP,1.5736737251281738,4.149694442749023,0.842945396900177,0.7911787033081055,0.9240185022354126,0.7506211400032043,holo_holo_subset,False,True,True
620,NAD,1qs2,A,3gvh,A,2,[44],[44],NAD,NAD,3.2943544387817383,2.934377908706665,1.3214223384857178,0.7106493711471558,0.6687273383140564,1.0159028768539429,holo_holo_subset,False,False,True
621,B4P,2zt5,A,3loo,B,2,[53],[53],B4P,B4P,6.190807342529297,2.680747032165528,1.7612920999526978,0.7184038162231445,0.9524582624435424,1.2468305826187134,holo_holo_subset,False,False,False
622,BEF,5he9,A,6zhh,A,2,[4],[4],BEF,BEF,2.353342056274414,2.7024240493774414,1.4791239500045776,0.7309848666191101,0.791168749332428,1.0912137031555176,holo_holo_subset,False,False,True
623,APC,3vth,A,4gr5,C,2,[31],[31],APC,APC,6.531595706939697,2.6709108352661133,1.5105496644973757,0.6994398236274719,0.3275032043457031,1.1154074668884275,holo_holo_subset,False,False,False
624,FE2,3acl,A,3vf1,A,2,[1],[1],FE2,FE2,0.7690731883049011,2.485787868499756,1.629720687866211,0.7465830445289612,0.776019275188446,0.9779622554779052,holo_holo_subset,True,True,True
625,ADP,1uc9,A,5wdh,A,2,[27],[27],ADP,ADP,2.204402208328247,3.178385972976685,1.4798256158828735,0.7801612615585327,0.5322346091270447,0.9808297753334044,holo_holo_subset,False,False,True
626,AMP,4e6n,A,4ini,B,2,[23],[22],AMP,AMP,3.024318218231201,2.8198883533477783,1.3091639280319214,0.7286136746406555,0.7834157347679138,0.9938530325889589,holo_holo_subset,False,False,True
627,ALF,1qf9,A,7x20,A,2,[5],[5],ALF,ALF,2.8154029846191406,2.573355436325073,1.507282018661499,0.7019054889678955,0.6417151689529419,1.1330543756484983,holo_holo_subset,False,False,True
628,ADE,1j1r,A,2qtt,A,2,[10],[10],ADE,ADE,1.4651542901992798,2.4380736351013184,1.4814242124557495,0.6784281134605408,0.8920993804931641,1.2374072074890137,holo_holo_subset,False,True,True
629,ADP,5gsz,A,5ik2,E,2,[27],[27],ADP,ADP,1.4986658096313477,3.9838438034057617,0.7095970511436462,0.7563180923461914,0.8900986909866333,0.8160340785980225,holo_holo_subset,False,True,True
630,SAM,4ax8,A,4fak,A,2,[27],[27],SAM,SAM,8.077999114990234,2.8604252338409424,1.245919942855835,0.7440623044967651,0.752456784248352,1.0983458757400513,holo_holo_subset,False,False,False
631,AMP,4hxv,A,6bkf,A,2,[22],[23],AMP,AMP,4.549725532531738,2.556813240051269,1.5374557971954346,0.6983563303947449,0.7141558527946472,0.9720768928527832,holo_holo_subset,False,False,False
632,ZN,1s3g,A,3r2n,D,2,[1],[1],ZN,ZN,0.2379776686429977,1.9123930931091309,1.4622581005096436,0.5867604613304138,0.9640502333641052,1.5161592960357666,holo_holo_subset,True,True,True
633,APR,1v8m,A,4ros,A,2,[36],[36],APR,APR,6.775356292724609,2.650517702102661,1.4818007946014404,0.7118090987205505,0.6071276068687439,1.2587320804595947,holo_holo_subset,False,False,False
634,NAI,1t2e,A,3flk,A,2,[44],[44],NAI,NAI,2.4671802520751958,3.256067276000977,1.2378307580947876,0.6953538656234741,0.8936684727668762,1.2369258403778076,holo_holo_subset,False,False,True
635,COA,1cm0,A,5hbr,A,2,[48],[48],COA,COA,4.421138286590576,3.059736967086792,1.4114056825637815,0.7249901294708252,0.6218856573104858,1.1240488290786743,holo_holo_subset,False,False,False
636,BEF,3a10,A,6zhh,A,2,[4],[4],BEF,BEF,1.5758352279663086,3.3313114643096924,0.7952951192855835,0.775684118270874,0.9204841256141664,0.8090094923973083,holo_holo_subset,False,True,True
637,GTP,1s49,A,3ldu,A,2,[32],[32],GTP,GTP,6.497014045715332,2.858592748641968,1.45597243309021,0.6928433179855347,0.9458600878715516,1.27929949760437,holo_holo_subset,False,False,False
638,NDP,3cse,A,5c37,A,2,[48],[48],NDP,NDP,2.7932021617889404,3.6895828247070312,1.3696378469467163,0.7482442259788513,0.9389989376068116,0.9669187068939208,holo_holo_subset,False,False,True
639,UDP,2p73,A,4cvm,A,2,[24],[25],UDP,UDP,7.437623500823975,3.04750919342041,1.3009772300720217,0.7276610136032104,0.9341119527816772,1.1357605457305908,holo_holo_subset,False,False,False
640,ADE,2qes,A,2qtt,A,2,[10],[10],ADE,ADE,0.6226086616516113,2.4191696643829346,1.3909425735473633,0.6937962174415588,0.7926165461540222,1.2650254964828491,holo_holo_subset,True,True,True
641,ADP,1lkx,C,2wqn,A,2,[27],[27],ADP,ADP,1.642061710357666,2.9790682792663574,1.45599627494812,0.7023948431015015,0.8348473906517029,1.2386091947555542,holo_holo_subset,False,True,True
642,AMP,1uuy,A,2ak3,A,2,[23],[22],AMP,AMP,5.708308696746826,2.882806301116944,1.5821306705474854,0.7157130837440491,0.8506332039833069,1.026378154754639,holo_holo_subset,False,False,False
643,APR,1vhz,A,4ros,A,2,[36],[18],APR,APR,8.185853958129883,2.6153852939605717,1.7584149837493896,0.7070270776748657,0.5212222933769226,1.2800639867782593,holo_holo_subset,False,False,False
644,GDP,2dgn,A,2ery,B,2,[28],[28],GDP,GDP,1.4374876022338867,3.750956773757935,0.905279576778412,0.7592768669128418,0.9907158613204956,0.7783887982368469,holo_holo_subset,False,True,True
645,ACO,1b87,A,8g1e,A,2,[51],[51],ACO,ACO,4.777888298034668,2.6408069133758545,1.687836766242981,0.649970531463623,0.918052077293396,1.2330514192581177,holo_holo_subset,False,False,False
646,COA,2ahv,A,3f8k,A,2,[48],[48],COA,COA,3.626885652542114,2.728479385375977,1.4482316970825195,0.7452358603477478,0.8460881114006042,1.1640737056732178,holo_holo_subset,False,False,True
647,ANP,2oid,A,5ljw,A,2,[31],[31],ANP,ANP,2.36716890335083,2.7732694149017334,1.5081498622894287,0.727479875087738,0.7374382019042969,1.2211230993270874,holo_holo_subset,False,False,True
648,ACO,4ava,A,8g1e,A,2,[51],[51],ACO,ACO,6.738699436187744,1.9891880750656128,1.7488012313842771,0.5176651477813721,0.377153992652893,1.3905867338180542,holo_holo_subset,False,False,False
649,INS,5ysq,B,6b5z,A,2,[12],[12],INS,INS,3.707944393157959,2.757025957107544,1.5482161045074463,0.7286137342453003,0.81352698802948,1.0798677206039429,holo_holo_subset,False,False,True
650,SAM,4njg,A,6rie,O,2,[27],[27],SAM,SAM,2.6426336765289307,3.009702205657959,1.4880675077438354,0.6762401461601257,0.9274927377700806,1.313048243522644,holo_holo_subset,False,False,True
651,NAP,1eyy,A,2y05,A,2,[48],[31],NAP,NAP,2.4148356914520264,3.719208240509033,1.2113527059555054,0.7456040382385254,0.8218141794204712,0.9557147026062012,holo_holo_subset,False,False,True
652,ACO,5hgz,A,8g1e,A,2,[51],[51],ACO,ACO,5.36783504486084,2.4863083362579346,1.740078091621399,0.631713330745697,0.907284379005432,1.4331952333450315,holo_holo_subset,False,False,False
653,AMP,3fiu,A,6kby,A,2,[22],[23],AMP,AMP,3.261568784713745,2.9732601642608643,1.524736762046814,0.7366987466812134,0.928061842918396,1.0924187898635864,holo_holo_subset,False,False,True
654,GDD,2gt4,A,2zu8,A,2,[39],[39],GDD,GDD,4.803269863128662,2.945025682449341,1.3952088356018066,0.6678613424301147,0.9569624662399292,1.3570239543914795,holo_holo_subset,False,False,False
655,ALF,3zq6,B,7x20,A,2,[5],[5],ALF,ALF,2.879167079925537,2.7187654972076416,1.364212989807129,0.71888267993927,0.8321662545204163,1.1175481081008911,holo_holo_subset,False,False,True
656,MG,2fco,A,2kwi,A,2,[1],[1],MG,MG,3.0614919662475586,3.045001268386841,1.607250452041626,0.7453122735023499,0.8204641342163086,1.0233948230743408,holo_holo_subset,False,False,True
657,ADP,1o51,A,5zlp,J,2,[27],[27],ADP,ADP,3.456848621368408,2.7867588996887207,1.4291750192642212,0.752494215965271,0.7774562835693359,1.08062744140625,holo_holo_subset,False,False,True
658,BEF,6ww6,B,6zhh,A,2,[4],[4],BEF,BEF,1.606830596923828,3.4109578132629395,0.8555727005004883,0.7769919633865356,0.8707624673843384,0.7942392826080322,holo_holo_subset,False,True,True
659,ATP,2e5y,A,3ke5,A,2,[31],[31],ATP,ATP,7.922112464904785,2.041224241256714,1.5964078903198242,0.7441767454147339,0.9166437983512878,1.3589140176773071,holo_holo_subset,False,False,False
660,5GP,1ex7,A,3n1s,J,2,[24],[24],5GP,5GP,3.041552782058716,2.960172653198242,1.5420498847961426,0.7402779459953308,0.4727224111557007,1.1385797262191772,holo_holo_subset,False,False,False
661,ADP,1lkx,C,4edh,B,2,[27],[27],ADP,ADP,1.852886438369751,4.092762470245361,0.6500338315963745,0.7743263840675354,0.9854055047035216,0.8080708384513855,holo_holo_subset,False,True,True
662,ACO,3mgd,B,8g1e,A,2,[51],[51],ACO,ACO,5.80963945388794,2.4432690143585205,1.551886796951294,0.6260136365890503,0.8724462985992432,1.317224621772766,holo_holo_subset,False,False,False
663,APR,1q17,C,3ewp,A,2,[36],[36],APR,APR,2.6663591861724854,3.4697105884552,1.2230138778686523,0.7732547521591187,0.9722548723220824,0.8912609815597534,holo_holo_subset,False,False,True
664,NAP,3jz4,A,4zqb,B,2,[48],[48],NAP,NAP,2.923372745513916,4.014309883117676,1.0303375720977783,0.7541990280151367,0.8719601631164551,0.9118109345436096,holo_holo_subset,False,False,True
665,SAM,3mte,A,4fak,A,2,[27],[26],SAM,SAM,2.9540975093841557,3.518929004669189,1.2279807329177856,0.7259481549263,0.9346156120300292,0.9692889451980592,holo_holo_subset,False,False,True
666,MN,1s4o,A,4ipi,A,2,[1],[1],MN,MN,1.9114892482757568,2.8085484504699707,1.3528165817260742,0.6991837024688721,0.7166063189506531,1.2458186149597168,holo_holo_subset,False,True,True
667,PYR,4plf,B,5w5r,A,2,[6],[6],PYR,PYR,7.3406982421875,2.87000060081482,1.3903493881225586,0.7008764147758484,0.7506487369537354,1.1195557117462158,holo_holo_subset,False,False,False
668,SAM,3ai9,X,3sxj,A,2,[27],[20],SAM,SAM,1.9391943216323853,3.25600004196167,1.3124573230743408,0.7105893492698669,0.9463254809379578,1.0856330394744873,holo_holo_subset,False,True,True
669,AMP,3ber,A,3uq6,A,2,[23],[23],AMP,AMP,2.884499311447144,3.127072811126709,1.235879898071289,0.7411132454872131,0.8492699265480042,0.9837781190872192,holo_holo_subset,False,False,True
670,ZN,1ta9,B,5g0j,A,2,[1],[1],ZN,ZN,0.7894891500473022,2.5260815620422363,1.7559621334075928,0.6697424054145813,0.7272424101829529,1.3118736743927002,holo_holo_subset,True,True,True
671,AMP,2ak3,A,6kby,A,2,[22],[23],AMP,AMP,5.957973957061768,2.377748489379883,1.5925058126449585,0.6806991100311279,0.6702300310134888,1.1288045644760132,holo_holo_subset,False,False,False
672,NAP,5tqm,A,5xv0,F,2,[48],[48],NAP,NAP,2.9427504539489746,3.824342012405396,1.4383361339569092,0.7691582441329956,0.9410800933837892,1.034828782081604,holo_holo_subset,False,False,True
673,COA,3f8k,A,5hbr,A,2,[48],[48],COA,COA,4.684960842132568,2.9676239490509038,1.3507721424102783,0.7043842077255249,0.9039562940597534,1.1065469980239868,holo_holo_subset,False,False,False
674,ADE,1j1r,A,3bsf,A,2,[10],[10],ADE,ADE,3.0014901161193848,2.5573673248291016,1.4734134674072266,0.7297374606132507,0.8676764965057373,1.151096224784851,holo_holo_subset,False,False,True
675,FMN,3gr3,A,7epe,A,2,[31],[31],FMN,FMN,2.3463006019592285,2.6987528800964355,1.551125407218933,0.6510303020477295,0.7176849842071533,1.0320358276367188,holo_holo_subset,False,False,True
676,SAM,3sxj,A,4fak,A,2,[27],[27],SAM,SAM,2.93276047706604,3.55826997756958,1.2081997394561768,0.7460255026817322,0.9072337746620178,0.985734760761261,holo_holo_subset,False,False,True
677,GDP,2dgn,A,4ei7,A,2,[28],[28],GDP,GDP,2.4958741664886475,3.081859588623047,1.4022932052612305,0.7312487959861755,0.6421631574630737,1.0760257244110107,holo_holo_subset,False,False,True
678,PLP,2zsj,A,4r8d,A,2,[15],[15],PLP,PLP,2.026116371154785,3.378272533416748,1.3946192264556885,0.7551286816596985,0.8212176561355591,1.1300503015518188,holo_holo_subset,False,False,True
679,AMP,1k9y,A,4k46,A,2,[23],[23],AMP,AMP,6.190089702606201,2.763129711151123,1.587966799736023,0.7228643894195557,0.9058956503868104,1.123707294464111,holo_holo_subset,False,False,False
680,ACO,1hm8,A,4jvt,A,2,[48],[51],ACO,ACO,4.256685733795166,2.669182300567627,1.3745204210281372,0.7170297503471375,0.8823373317718506,1.0584443807601929,holo_holo_subset,False,False,False
681,NAI,2a92,C,3flk,A,2,[44],[44],NAI,NAI,2.4503402709960938,3.294051170349121,1.300840139389038,0.7181150317192078,0.8574653267860413,1.2218050956726074,holo_holo_subset,False,False,True
682,COA,1cm0,A,4ubt,A,2,[48],[48],COA,COA,3.939724922180176,3.0124826431274414,1.3729978799819946,0.7259600162506104,0.8536087870597839,1.10325026512146,holo_holo_subset,False,False,True
683,ADP,2is6,A,6ks6,g,2,[27],[27],ADP,ADP,2.6913633346557617,3.047230958938598,1.4285016059875488,0.707599937915802,0.8615943193435669,1.1924567222595217,holo_holo_subset,False,False,True
684,MG,2onr,A,6rd4,X,2,[1],[1],MG,MG,7.541365146636963,2.667827606201172,1.6217719316482544,0.6922231912612915,0.9391735196113586,1.2223557233810425,holo_holo_subset,False,False,False
685,AMP,1uuy,A,2gm3,A,2,[23],[22],AMP,AMP,3.4212915897369385,3.125584602355957,1.577342867851257,0.7055726647377014,0.5953363180160522,1.0889956951141355,holo_holo_subset,False,False,True
686,ACO,2h5m,A,8g1e,A,2,[51],[51],ACO,ACO,6.141256332397461,2.405730962753296,1.9599121809005735,0.5823255777359009,0.985724151134491,1.1809455156326294,holo_holo_subset,False,False,False
687,COA,1cm0,A,6qfb,C,2,[48],[48],COA,COA,6.468104839324951,2.268883228302002,1.758927583694458,0.6252643465995789,0.5065638422966003,1.3062783479690552,holo_holo_subset,False,False,False
688,ATP,1csn,A,1xdp,A,2,[31],[31],ATP,ATP,5.155137062072754,2.372359037399292,1.5142977237701416,0.7280522584915161,0.592138409614563,1.2585021257400513,holo_holo_subset,False,False,False
689,HEM,3dhr,A,7dvr,A,2,[43],[43],HEM,HEM,6.30689001083374,2.426581859588623,1.6791164875030518,0.6738749146461487,0.7465248703956604,1.368285059928894,holo_holo_subset,False,False,False
690,NAD,1gv0,A,1qs2,A,2,[44],[44],NAD,NAD,3.3791909217834477,2.974382877349853,1.2719007730484009,0.7031922936439514,0.7989248037338257,1.0396050214767456,holo_holo_subset,False,False,True
691,ADP,2awn,A,5gsz,A,2,[27],[27],ADP,ADP,3.428129196166992,3.821484088897705,0.6581247448921204,0.7421005964279175,0.974205732345581,0.7873783111572266,holo_holo_subset,False,False,True
692,ACO,6v3t,A,8g1e,A,2,[51],[51],ACO,ACO,5.053884983062744,2.3546438217163086,1.5073676109313965,0.6072827577590942,0.8657774329185486,1.6409882307052612,holo_holo_subset,False,False,False
693,APR,3ewp,A,4ros,A,2,[36],[36],APR,APR,3.0311288833618164,3.576784133911133,0.9175331592559814,0.7627382874488831,0.9741458296775818,0.932929515838623,holo_holo_subset,False,False,True
694,APR,2hjr,B,3ewp,A,2,[36],[36],APR,APR,2.824293613433838,3.5244085788726807,1.0399476289749146,0.7714154124259949,0.8412495851516724,0.9460963010787964,holo_holo_subset,False,False,True
695,SAH,2zvb,A,3ofk,A,2,[26],[26],SAH,SAH,4.395354747772217,2.9155421257019043,1.5564541816711426,0.6463086009025574,0.910537600517273,1.4904128313064575,holo_holo_subset,False,False,False
696,HEC,1gjq,A,7aba,A,2,[43],[43],HEC,HEC,6.337886333465576,2.04731822013855,1.4642159938812256,0.6678029894828796,0.6956130266189575,1.3479552268981934,holo_holo_subset,False,False,False
697,NDP,7w5n,A,8b9z,P,2,[48],[48],NDP,NDP,3.318547010421753,3.962703704833984,1.127796292304993,0.7580564022064209,0.8342785239219666,0.9108980894088744,holo_holo_subset,False,False,True
698,COA,4x0o,E,7k0a,A,2,[48],[27],COA,COA,4.588895320892334,3.1234283447265625,1.5634125471115112,0.7023539543151855,0.8926540017127991,1.2044302225112915,holo_holo_subset,False,False,False
699,AMP,2dcl,A,4e6n,A,2,[22],[23],AMP,AMP,6.936142921447754,2.127469539642334,1.391882061958313,0.7310068607330322,0.2393866181373596,1.074289321899414,holo_holo_subset,False,False,False
700,COA,2ahv,A,3ubm,B,2,[48],[48],COA,COA,5.488579273223877,2.636570692062378,1.6910285949707031,0.7206115126609802,0.8785634636878967,1.3410991430282593,holo_holo_subset,False,False,False
701,UDP,4cvm,A,5ggi,B,2,[25],[24],UDP,UDP,7.463442325592041,3.189141035079956,1.3151828050613403,0.7657409906387329,0.8844369053840637,1.036811351776123,holo_holo_subset,False,False,False
702,AMP,1ct9,A,3uq6,A,2,[23],[23],AMP,AMP,3.4486093521118164,2.841789484024048,1.4209355115890503,0.7288854122161865,0.6883965730667114,1.0514496564865112,holo_holo_subset,False,False,True
703,NAP,4m7u,A,5l3z,A,2,[48],[48],NAP,NAP,3.90133547782898,3.6625919342041016,1.3364810943603516,0.7122051119804382,0.966120183467865,1.066636085510254,holo_holo_subset,False,False,True
704,APR,1vhz,A,2hjr,B,2,[36],[18],APR,APR,7.821144580841064,2.737307071685791,1.5539966821670532,0.7203145027160645,0.7969563007354736,1.1235333681106567,holo_holo_subset,False,False,False
705,AKG,3bn1,A,5xvv,B,2,[10],[10],AKG,AKG,5.332284450531006,3.682260513305664,0.9045799970626832,0.7855660915374756,0.9596731066703796,0.8027642369270325,holo_holo_subset,False,False,False
706,ACP,7kjc,A,8oqx,A,2,[31],[31],ACP,ACP,2.657451868057251,2.9344301223754883,1.480483055114746,0.7461892366409302,0.7735814452171326,1.0849894285202026,holo_holo_subset,False,False,True
707,ACO,7ovu,A,8g1e,A,2,[51],[51],ACO,ACO,5.306580543518066,2.052653789520264,1.755120873451233,0.5803685784339905,0.7969574332237244,1.1803414821624756,holo_holo_subset,False,False,False
708,SAM,2f8l,A,6ift,A,2,[27],[27],SAM,SAM,1.096481442451477,4.658305644989014,0.7404927611351013,0.8425616025924683,0.9543268084526062,0.7914108037948608,holo_holo_subset,False,True,True
709,COA,1p5r,A,3f8k,A,2,[48],[48],COA,COA,4.088589191436768,2.9270472526550293,1.5757907629013062,0.7414743900299072,0.7352443933486938,1.2236791849136353,holo_holo_subset,False,False,False
710,NAD,1nr5,A,3ju8,A,2,[44],[44],NAD,NAD,2.651916980743408,3.068567276000977,1.3902528285980225,0.7570256590843201,0.7420326471328735,0.9486035108566284,holo_holo_subset,False,False,True
711,IMP,1p17,B,5i34,A,2,[23],[23],IMP,IMP,5.437799453735352,3.0044198036193848,1.099892497062683,0.743861198425293,0.9410693645477296,0.82876056432724,holo_holo_subset,False,False,False
712,ATP,2jk8,A,2vt3,B,2,[31],[9],ATP,ATP,5.602662563323975,2.823718309402466,1.579331398010254,0.7168958187103271,0.922349750995636,1.0809931755065918,holo_holo_subset,False,False,False
713,AMP,4e6n,A,4hxv,A,2,[23],[22],AMP,AMP,3.944824457168579,2.479508876800537,1.5779213905334473,0.7407486438751221,0.8421341180801392,1.2241129875183103,holo_holo_subset,False,False,True
714,NAI,3flk,A,4fw8,A,2,[44],[44],NAI,NAI,2.8647003173828125,3.2669425010681152,1.2449297904968262,0.7190164923667908,0.8882108330726624,1.1664501428604126,holo_holo_subset,False,False,True
715,UDP,4cvm,A,7zer,A,2,[25],[24],UDP,UDP,7.280871868133545,3.2276735305786133,1.2340153455734253,0.760920524597168,0.930509865283966,0.9789524674415588,holo_holo_subset,False,False,False
716,CA,4b97,A,6fzv,A,2,[1],[1],CA,CA,8.19954776763916,2.4536008834838867,1.426581859588623,0.6659888029098511,0.9263695478439332,1.4015411138534546,holo_holo_subset,False,False,False
717,AMP,3l2p,A,4ini,B,2,[23],[22],AMP,AMP,2.487663507461548,2.9106783866882324,1.3444277048110962,0.7493232488632202,0.8847078680992126,0.99601012468338,holo_holo_subset,False,False,True
718,OXY,1oqu,C,4yu3,A,2,[2],[1],OXY,OXY,7.464554309844971,2.1331629753112797,1.6860151290893557,0.7394389510154724,0.7606518268585205,1.0609782934188845,holo_holo_subset,False,False,False
719,ADP,4gt8,A,6ks6,g,2,[27],[27],ADP,ADP,2.8186519145965576,2.946303606033325,1.4668723344802856,0.7495691776275635,0.6643832921981812,1.1324347257614136,holo_holo_subset,False,False,True
720,ANP,3ih0,A,7ph3,A,2,[31],[31],ANP,ANP,2.2909741401672363,3.022472620010376,1.4419294595718384,0.6978121995925903,0.8566174507141113,1.2404669523239136,holo_holo_subset,False,False,True
721,GDP,2qa5,B,5i34,A,2,[28],[28],GDP,GDP,1.4941874742507937,3.490393877029419,1.1908111572265625,0.7126448154449463,0.9341243505477904,0.8334445953369141,holo_holo_subset,False,True,True
722,ANP,7ph3,A,7x4n,E,2,[31],[31],ANP,ANP,3.251596450805664,3.6450424194335938,0.7664675116539001,0.7236899137496948,0.9838745594024658,0.7650485634803772,holo_holo_subset,False,False,True
723,GTP,1a8r,A,1s49,A,2,[32],[32],GTP,GTP,6.92571496963501,2.2726666927337646,1.4892864227294922,0.6759099364280701,0.6269288063049316,1.4511975049972534,holo_holo_subset,False,False,False
724,HEM,1aom,B,2nrm,A,2,[43],[43],HEM,HEM,6.366359710693359,2.084336280822754,1.5462037324905396,0.6890212893486023,0.7238219976425171,1.3748795986175537,holo_holo_subset,False,False,False
725,ADP,2uvq,A,5gsz,A,2,[27],[27],ADP,ADP,1.8995710611343384,4.022271633148193,0.705976665019989,0.7792043089866638,0.9010136127471924,0.751517117023468,holo_holo_subset,False,True,True
726,AMP,1k9y,A,4e6n,A,2,[22],[23],AMP,AMP,4.415345668792725,2.2497236728668213,1.521039366722107,0.7496349215507507,0.7481321096420288,1.1090079545974731,holo_holo_subset,False,False,False
727,UDP,4cvm,A,4pqg,A,2,[25],[24],UDP,UDP,7.378896236419678,3.131190061569214,1.3744497299194336,0.7384666204452515,0.9353609681129456,1.0679959058761597,holo_holo_subset,False,False,False
728,UDP,2d7i,A,4cvm,A,2,[24],[25],UDP,UDP,7.395988464355469,3.0014376640319824,1.2629289627075195,0.7235402464866638,0.9022867679595948,1.155060648918152,holo_holo_subset,False,False,False
729,MG,1t0f,A,4gi2,A,2,[1],[1],MG,MG,6.582251071929932,2.046828508377075,1.5576335191726685,0.6762847900390625,0.7608316540718079,1.311814308166504,holo_holo_subset,False,False,False
730,AMP,3l2p,A,3uq6,A,2,[23],[22],AMP,AMP,6.0359787940979,2.7636520862579346,1.3645713329315186,0.7275932431221008,0.9132076501846312,1.1263667345046997,holo_holo_subset,False,False,False
731,COA,1scu,A,4ubt,A,2,[48],[48],COA,COA,2.920042037963867,2.960469961166382,1.519450545310974,0.7275681495666504,0.9075878858566284,0.9689297676086426,holo_holo_subset,False,False,True
732,BEF,6zhh,A,7lza,A,2,[4],[4],BEF,BEF,1.545596718788147,3.387150287628174,0.8505791425704956,0.7772369384765625,0.832504391670227,0.8394752740859985,holo_holo_subset,False,True,True
733,NDP,4l4x,A,7w5n,A,2,[48],[48],NDP,NDP,3.641244649887085,3.964850664138794,1.0786330699920654,0.7642561197280884,0.8527267575263977,0.90240478515625,holo_holo_subset,False,False,True
734,COA,2ahv,A,6mgg,C,2,[48],[48],COA,COA,7.2313714027404785,3.1776387691497803,1.7521361112594604,0.6887195706367493,0.938826620578766,1.1627377271652222,holo_holo_subset,False,False,False
735,SAM,3ai9,X,6rie,O,2,[27],[20],SAM,SAM,2.951798677444458,3.1753478050231934,1.4241502285003662,0.6542681455612183,0.9198095202445984,1.0813716650009155,holo_holo_subset,False,False,True
736,BGC,3n92,A,5do8,B,2,[12],[12],BGC,BGC,6.383752822875977,3.207114219665528,1.1216124296188354,0.7227402329444885,0.8315609693527222,0.8805127739906311,holo_holo_subset,False,False,False
737,ADE,2qtt,A,3le7,A,2,[10],[10],ADE,ADE,4.936284065246582,2.637321949005127,1.5963038206100464,0.7449575662612915,0.7751701474189758,0.9856580495834352,holo_holo_subset,False,False,False
738,NAD,3czm,B,5kj5,B,2,[44],[44],NAD,NAD,1.955428957939148,3.884580850601196,1.1646322011947632,0.7456390261650085,0.8839579224586487,0.9188048839569092,holo_holo_subset,False,True,True
739,SAM,3fpj,B,4fak,A,2,[27],[27],SAM,SAM,3.40970778465271,3.543896198272705,1.1388753652572632,0.7234868407249451,0.985787034034729,0.9822279810905457,holo_holo_subset,False,False,True
740,NDP,2xw7,A,7w5n,A,2,[48],[48],NDP,NDP,3.3299269676208496,3.631901741027832,1.2784582376480105,0.7421160936355591,0.9225407838821412,0.9351882338523864,holo_holo_subset,False,False,True
741,ACO,4jwp,A,8g1e,A,2,[51],[51],ACO,ACO,8.770936965942383,2.8079490661621094,1.511599898338318,0.6371259689331055,0.9168409705162048,1.2543120384216309,holo_holo_subset,False,False,False
742,CO,3hdi,A,4d07,A,2,[1],[1],CO,CO,7.4010796546936035,2.4352235794067383,1.5211445093154907,0.6907564997673035,0.8556656837463379,1.481569528579712,holo_holo_subset,False,False,False
743,ADP,2awn,B,8cqx,A,2,[27],[27],ADP,ADP,2.2098073959350586,3.179504156112671,1.4072848558425903,0.733780026435852,0.7804551124572754,1.0465145111083984,holo_holo_subset,False,False,True
744,AMP,1k9y,A,5b8h,A,2,[23],[23],AMP,AMP,6.380244731903076,3.116873264312744,1.0357109308242798,0.7561299204826355,0.9589223265647888,0.8746609091758728,holo_holo_subset,False,False,False
745,ACO,3dr8,A,8g1e,A,2,[51],[51],ACO,ACO,6.582449436187744,1.9037387371063232,1.6116050481796265,0.5404613614082336,0.8158342242240906,1.3382395505905151,holo_holo_subset,False,False,False
746,AMP,4e6n,A,4hxv,A,2,[23],[22],AMP,AMP,3.94482421875,2.4795095920562744,1.577922224998474,0.7407486438751221,0.8421340584754944,1.2241122722625732,holo_holo_subset,False,False,True
747,CO,3l0s,A,7s0w,B,2,[1],[1],CO,CO,7.324735164642334,2.4056568145751958,1.416747808456421,0.6889439225196838,0.9418019652366638,1.279242992401123,holo_holo_subset,False,False,False
748,CU,5yt7,A,6km8,A,2,[1],[1],CU,CU,0.8890841603279114,2.3724944591522217,1.3856316804885864,0.6950991153717041,0.914376735687256,0.9990860223770142,holo_holo_subset,True,True,True
749,MN,4d0t,A,4ilk,A,2,[1],[1],MN,MN,4.978437900543213,3.303917169570923,1.3737319707870483,0.7767810821533203,0.7846078276634216,0.8810840845108032,holo_holo_subset,False,False,False
750,ADP,2wqn,A,6c90,A,2,[27],[27],ADP,ADP,2.1015751361846924,3.0684657096862797,1.310787796974182,0.7070297598838806,0.8037441372871399,1.232097864151001,holo_holo_subset,False,False,True
751,SAM,4fak,A,4uw0,A,2,[27],[27],SAM,SAM,8.141027450561523,3.006408214569092,1.4091122150421145,0.7168745994567871,0.7154446840286255,1.1558988094329834,holo_holo_subset,False,False,False
752,GTP,1a8r,A,6oix,C,2,[32],[32],GTP,GTP,4.847979545593262,1.7511754035949707,1.3666956424713137,0.6748616695404053,0.6660287976264954,1.4231022596359253,holo_holo_subset,False,False,False
753,NAD,2jg7,A,3nrc,A,2,[44],[44],NAD,NAD,2.851383924484253,4.080648899078369,0.9829202890396118,0.7721836566925049,0.8407472968101501,0.8413163423538208,holo_holo_subset,False,False,True
754,NAP,4zqb,B,5eyg,B,2,[48],[48],NAP,NAP,6.474828720092773,2.757985115051269,1.3826677799224854,0.691999614238739,0.866568386554718,0.9876708388328552,holo_holo_subset,False,False,False
755,UDP,2acv,A,4cvm,A,2,[24],[25],UDP,UDP,7.312309741973877,3.248168706893921,1.2400813102722168,0.7530151009559631,0.866034746170044,1.0375304222106934,holo_holo_subset,False,False,False
756,CU,1a4a,A,6km8,A,2,[1],[1],CU,CU,1.0069831609725952,2.4644925594329834,1.5285683870315552,0.6996926665306091,0.821922779083252,1.1531614065170288,holo_holo_subset,False,True,True
757,UDP,4cvm,A,5tvg,A,2,[25],[24],UDP,UDP,7.417954444885254,3.1097397804260254,1.3570194244384766,0.7324971556663513,0.8178507089614868,1.059881567955017,holo_holo_subset,False,False,False
758,AMP,3uq6,A,4qei,A,2,[23],[23],AMP,AMP,3.7235615253448486,2.494877338409424,1.6254165172576904,0.6915066838264465,0.9418383240699768,1.1684030294418335,holo_holo_subset,False,False,True
759,NAP,4m7u,A,6k3g,B,2,[48],[48],NAP,NAP,4.430888652801514,3.79365873336792,1.297885179519653,0.7534133195877075,0.97971373796463,0.9989722967147828,holo_holo_subset,False,False,False
760,FE2,2de6,B,3ven,A,2,[1],[1],FE2,FE2,2.2996652126312256,2.1047091484069824,1.58720600605011,0.6469131112098694,0.6949905753135681,0.9873621463775636,holo_holo_subset,False,False,True
761,UDP,2iya,A,4cvm,A,2,[24],[25],UDP,UDP,7.330501556396484,3.356935977935791,1.320057034492493,0.7831581830978394,0.8877246975898743,0.9752770066261292,holo_holo_subset,False,False,False
762,NAP,4m7u,A,4zqb,B,2,[48],[48],NAP,NAP,4.370072364807129,3.745864391326904,1.353790283203125,0.7264261841773987,0.9451473951339722,0.9692606329917908,holo_holo_subset,False,False,False
763,SAM,1cma,B,4gc9,A,2,[27],[27],SAM,SAM,7.141162395477295,2.769758939743042,1.614306092262268,0.7176250219345093,0.9022623300552368,1.1181257963180542,holo_holo_subset,False,False,False
764,ADP,1ng9,A,2wqn,A,2,[27],[27],ADP,ADP,2.194122314453125,2.9609603881835938,1.3114632368087769,0.730143666267395,0.5137221813201904,1.1732195615768433,holo_holo_subset,False,False,True
765,UDP,4cvm,A,5v0t,E,2,[25],[24],UDP,UDP,7.432200908660889,3.158119440078736,1.4200621843338013,0.7424838542938232,0.7568318843841553,1.0177994966506958,holo_holo_subset,False,False,False
766,GDP,2nzy,C,5i34,A,2,[28],[28],GDP,GDP,3.269789457321167,2.869269847869873,1.5412240028381348,0.7268299460411072,0.9057475924491882,1.161993384361267,holo_holo_subset,False,False,True
767,UDP,2wtx,D,4cvm,A,2,[24],[25],UDP,UDP,7.429771423339844,3.0822200775146484,1.3848508596420288,0.7333399653434753,0.7606943249702454,1.0490164756774902,holo_holo_subset,False,False,False
768,CU,6l4c,C,6ryx,A,2,[1],[1],CU,CU,1.702260971069336,1.6761882305145264,1.5933743715286257,0.6893839836120605,0.7688889503479004,0.9502087235450744,holo_holo_subset,False,True,True
769,COA,1xvt,A,2ahv,A,2,[48],[48],COA,COA,5.683023929595947,2.3724684715271,1.4176287651062012,0.7123167514801025,0.8921988010406494,0.8341151475906372,holo_holo_subset,False,False,False
770,COA,4x0o,E,5gcn,A,2,[48],[27],COA,COA,5.677976131439209,3.0415005683898926,1.5725606679916382,0.7458136081695557,0.8282297849655151,1.088841438293457,holo_holo_subset,False,False,False
771,AMP,2dcl,A,6bkf,A,2,[22],[23],AMP,AMP,6.809581756591797,2.798786401748657,1.521209716796875,0.7763535380363464,0.5286072492599487,0.947989284992218,holo_holo_subset,False,False,False
772,CO,2xvz,A,7s0w,B,2,[1],[1],CO,CO,2.667313814163208,2.0434670448303223,1.8025304079055784,0.6812794804573059,0.6244457960128784,1.039435625076294,holo_holo_subset,False,False,True
773,AMP,4hxv,A,6aic,A,2,[23],[23],AMP,AMP,4.021549224853516,2.9039440155029297,1.5890439748764038,0.7449129819869995,0.6846315264701843,1.277185559272766,holo_holo_subset,False,False,False
774,ANP,3ih0,A,3vpd,A,2,[31],[31],ANP,ANP,3.145945310592652,3.1853413581848145,1.500827074050903,0.7460430264472961,0.8097413182258606,1.091426968574524,holo_holo_subset,False,False,True
775,GDP,2v40,A,6cy5,B,2,[28],[28],GDP,GDP,0.9229320883750916,3.954416036605835,0.7237542867660522,0.8079246878623962,0.997064769268036,0.7574138045310974,holo_holo_subset,True,True,True
776,NAD,1guz,A,3ju8,A,2,[44],[44],NAD,NAD,1.9762060642242432,3.933943033218384,1.1549615859985352,0.7620968222618103,0.9186429977416992,0.911510705947876,holo_holo_subset,False,True,True
777,COA,1yvk,A,2ahv,A,2,[48],[48],COA,COA,4.27180290222168,2.7799389362335205,1.4302541017532349,0.7420657277107239,0.8096482157707214,1.1173406839370728,holo_holo_subset,False,False,False
778,UDP,3hbn,A,4cvm,A,2,[24],[25],UDP,UDP,7.374003887176514,3.124321937561035,1.2410780191421509,0.7558278441429138,0.6760492920875549,0.9424258470535278,holo_holo_subset,False,False,False
779,COA,2ahv,A,2bue,A,2,[48],[48],COA,COA,3.7722184658050537,2.739841222763061,1.419471263885498,0.7078836560249329,0.6833578944206238,1.380092978477478,holo_holo_subset,False,False,True
780,CU,1oac,B,4eir,A,2,[1],[1],CU,CU,1.7407163381576538,2.5203378200531006,1.4711344242095947,0.6825047135353088,0.8828748464584351,1.2678650617599487,holo_holo_subset,False,True,True
781,SAM,1cma,B,4ax8,A,2,[27],[27],SAM,SAM,8.071125984191895,2.310203313827514,1.7026463747024536,0.7028777599334717,0.6125091314315796,1.2573834657669067,holo_holo_subset,False,False,False
782,GDP,1dj3,A,2xkb,C,2,[28],[28],GDP,GDP,2.297776699066162,3.120360374450684,1.4240248203277588,0.7470493316650391,0.8509215116500854,1.0347442626953125,holo_holo_subset,False,False,True
783,OXY,1oxy,A,4yu3,A,2,[2],[2],OXY,OXY,2.2189950942993164,2.4300849437713623,1.4885727167129517,0.7055803537368774,0.6894773840904236,1.000001311302185,holo_holo_subset,False,False,True
784,ANP,3zfd,A,7ph3,A,2,[31],[31],ANP,ANP,3.2004313468933105,3.613389492034912,0.6718348860740662,0.709048867225647,0.9815263152122498,0.7862156629562378,holo_holo_subset,False,False,True
785,ANP,3zfd,A,4cej,A,2,[31],[31],ANP,ANP,1.4291716814041138,3.2772369384765625,1.022303819656372,0.6555079817771912,0.9611088633537292,1.1712219715118408,holo_holo_subset,False,True,True
786,NAP,5vkt,A,5xv0,F,2,[48],[48],NAP,NAP,2.6409358978271484,3.816515445709229,1.43849515914917,0.7778156995773315,0.9724496006965636,1.038930058479309,holo_holo_subset,False,False,True
787,NDP,5dul,C,7w5n,A,2,[48],[48],NDP,NDP,3.3822360038757324,3.845099449157715,1.283460021018982,0.7555519938468933,0.6615097522735596,0.8977259397506714,holo_holo_subset,False,False,True
788,AMP,1uuy,A,3uq6,A,2,[23],[22],AMP,AMP,5.606889247894287,2.931404829025269,1.4627013206481934,0.7643088102340698,0.5048143267631531,1.0093395709991455,holo_holo_subset,False,False,False
789,AMP,2dcl,A,4ini,B,2,[23],[23],AMP,AMP,6.518637180328369,2.800673007965088,1.524402379989624,0.7951648235321045,0.8465498685836792,0.9424810409545898,holo_holo_subset,False,False,False
790,ANP,3ew9,A,3ih0,A,2,[31],[31],ANP,ANP,2.0912082195281982,3.286625862121582,1.403965711593628,0.7263176441192627,0.8007433414459229,1.1119649410247805,holo_holo_subset,False,False,True
791,ACO,6ao7,A,8g1e,A,2,[51],[51],ACO,ACO,8.749008178710938,2.67146635055542,1.4518979787826538,0.6791125535964966,0.6258957386016846,1.1645162105560305,holo_holo_subset,False,False,False
792,MG,1ze1,A,2qlw,B,2,[1],[1],MG,MG,6.631039142608643,2.8200385570526123,1.4674806594848633,0.6956648230552673,0.9113882184028624,1.1449391841888428,holo_holo_subset,False,False,False
793,GTP,1a8r,A,3ldu,A,2,[32],[32],GTP,GTP,5.520531177520752,1.9892632961273196,1.803100824356079,0.6230274438858032,0.4489657878875732,1.066173434257507,holo_holo_subset,False,False,False
794,NDP,3ing,A,7w5n,A,2,[48],[48],NDP,NDP,3.5778439044952397,3.793266296386719,1.2194125652313232,0.7475853562355042,0.8869016170501709,0.9303301572799684,holo_holo_subset,False,False,True
795,SAM,4ax8,A,6ift,A,2,[27],[27],SAM,SAM,0.9396058320999146,4.447956085205078,0.7048016786575317,0.8016706705093384,0.9268892407417296,0.7653048038482666,holo_holo_subset,True,True,True
796,FE,2boy,A,3nnl,B,2,[1],[1],FE,FE,0.6569436192512512,2.5994973182678223,1.5020558834075928,0.7693116664886475,0.5509177446365356,0.9254189133644104,holo_holo_subset,True,True,True
797,COA,4ubt,A,6qfb,C,2,[48],[48],COA,COA,6.713701248168945,2.186650037765503,1.774293303489685,0.5897393822669983,0.8616668581962585,1.2980252504348757,holo_holo_subset,False,False,False
798,COA,1yvk,A,6qfb,C,2,[48],[48],COA,COA,6.651268482208252,2.3810744285583496,1.8491414785385127,0.6073704361915588,0.9460721611976624,1.6509218215942385,holo_holo_subset,False,False,False
799,NDP,2xw7,A,5vg6,B,2,[48],[48],NDP,NDP,2.6180243492126465,3.656913995742798,1.4400267601013184,0.7448549866676331,0.9674622416496276,0.9412164688110352,holo_holo_subset,False,False,True
800,COA,2bue,A,4ubt,A,2,[48],[48],COA,COA,3.919668436050415,3.147899866104126,1.4158306121826172,0.7599866986274719,0.918630599975586,0.9977059364318848,holo_holo_subset,False,False,True
801,GDP,2v40,A,3o47,A,2,[28],[28],GDP,GDP,1.037866234779358,3.870548248291016,0.8813937306404114,0.7661505341529846,0.945912539958954,0.8067301511764526,holo_holo_subset,False,True,True
802,PLP,2bht,A,2yku,A,2,[15],[15],PLP,PLP,1.631131291389465,3.543099403381348,1.355292797088623,0.7678118944168091,0.5742961764335632,1.007312893867493,holo_holo_subset,False,True,True
803,SAM,3ai9,X,4gc9,A,2,[27],[20],SAM,SAM,2.0018317699432373,3.2686829566955566,1.2461692094802856,0.6988038420677185,0.8978367447853088,1.0740060806274414,holo_holo_subset,False,False,True
804,COA,2ahv,A,4x0o,E,2,[27],[48],COA,COA,4.759090423583984,2.625462770462036,1.5938912630081177,0.7043493986129761,0.7682096362113953,1.0890380144119265,holo_holo_subset,False,False,False
805,PLP,2d1f,A,4r8d,A,2,[15],[15],PLP,PLP,2.15142560005188,3.4607629776000977,1.3522679805755615,0.7473472952842712,0.8177158236503601,1.162680983543396,holo_holo_subset,False,False,True
806,ADP,3rfc,A,5gsz,A,2,[27],[27],ADP,ADP,1.5646545886993408,3.0642805099487305,1.367037653923035,0.7365937232971191,0.7115763425827026,1.0584527254104614,holo_holo_subset,False,True,True
807,COA,4x0o,E,5ayv,B,2,[48],[27],COA,COA,4.418657779693604,2.5601422786712646,1.596484661102295,0.7241038680076599,0.7304984331130981,1.1238901615142822,holo_holo_subset,False,False,False
808,UDP,4cvm,A,5e9u,A,2,[25],[24],UDP,UDP,7.353127479553223,3.1845250129699707,1.3548128604888916,0.7319550514221191,0.9296284317970276,1.1033867597579956,holo_holo_subset,False,False,False
809,NAI,3flk,A,6vly,A,2,[44],[44],NAI,NAI,2.956638097763061,3.333008289337158,1.3633956909179688,0.7333793044090271,0.8853207230567932,1.167949914932251,holo_holo_subset,False,False,True
810,GTP,1a8r,A,1s49,A,2,[32],[32],GTP,GTP,6.92571496963501,2.2726693153381348,1.4892832040786743,0.6759094595909119,0.6269248127937317,1.4511982202529907,holo_holo_subset,False,False,False
811,NDP,2xw7,A,5c37,A,2,[48],[48],NDP,NDP,2.901696920394897,3.6046319007873535,1.3433313369750977,0.740256667137146,0.933496356010437,0.9859610795974731,holo_holo_subset,False,False,True
812,MG,2xwb,F,5da9,A,3,[1],[1],MG,MG,2.9060347080230717,2.389511585235596,1.5431299209594729,0.6813161373138428,0.8595796823501587,1.1505868434906006,holo_holo_subset,False,False,True
813,G6P,6bzc,A,7q0s,A,3,[16],[16],G6P,G6P,7.5103888511657715,3.220876693725586,1.027920484542847,0.7759743928909302,0.9407864212989808,0.9510117769241332,holo_holo_subset,False,False,False
814,FE2,1e5s,A,1ey2,A,3,[1],[1],FE2,FE2,1.7495856285095217,2.301210641860962,1.4578241109848022,0.6896924376487732,0.5712105631828308,1.3877766132354736,holo_holo_subset,False,True,True
815,PO3,2wy2,D,4buc,A,3,[4],[4],PO3,PO3,7.424426555633545,3.0194737911224365,1.4086072444915771,0.7494110465049744,0.9216759204864502,1.0559539794921875,holo_holo_subset,False,False,False
816,G4P,3n75,A,5a9y,A,3,[36],[36],G4P,G4P,7.09583854675293,2.4674549102783203,1.6393344402313232,0.7319796681404114,0.7396202087402344,1.189708232879639,holo_holo_subset,False,False,False
817,NAI,6vly,A,7p61,F,3,[44],[44],NAI,NAI,2.7677576541900635,2.9407639503479004,1.401561260223389,0.7097543478012085,0.6314635276794434,1.2908283472061155,holo_holo_subset,False,False,True
818,G6P,5v0t,E,6bzc,A,3,[16],[16],G6P,G6P,4.331519603729248,2.9671411514282227,1.2398757934570312,0.7821049690246582,0.8177282810211182,1.1089471578598022,holo_holo_subset,False,False,False
819,GDP,2xkb,C,7m6j,A,3,[28],[28],GDP,GDP,1.9756399393081665,3.155727863311768,1.4529454708099363,0.6995658278465271,0.8287926912307739,1.0228931903839111,holo_holo_subset,False,True,True
820,MG,2vjy,A,7tbv,A,3,[1],[1],MG,MG,8.520134925842285,2.9663586616516118,1.3664296865463257,0.7015460729598999,0.9533135294914246,0.9493599534034728,holo_holo_subset,False,False,False
821,ATP,2vt3,B,7xf0,C,3,[31],[31],ATP,ATP,3.7514686584472656,2.737801074981689,1.5366383790969849,0.7167932391166687,0.8473249077796936,1.052616000175476,holo_holo_subset,False,False,True
822,NAD,1nrx,A,4nk5,A,3,[44],[44],NAD,NAD,3.075761079788208,3.276872158050537,1.52150297164917,0.7610334753990173,0.5534800291061401,1.0266987085342407,holo_holo_subset,False,False,True
823,NAD,5hvn,A,6smz,C,3,[44],[44],NAD,NAD,2.6549432277679443,3.1524229049682617,1.4287513494491575,0.7600499391555786,0.7671645879745483,1.023884654045105,holo_holo_subset,False,False,True
824,CU,5yt7,A,6ryx,A,3,[1],[1],CU,CU,3.109527587890625,2.50068473815918,1.4581596851348877,0.749271035194397,0.7554159164428711,1.0688916444778442,holo_holo_subset,False,False,True
825,ATP,2yj4,B,7jgr,D,3,[31],[31],ATP,ATP,4.284040927886963,2.826210021972656,1.3959590196609497,0.745962381362915,0.6319656372070312,1.0286787748336792,holo_holo_subset,False,False,False
826,APC,1jgt,B,4gr5,C,3,[31],[31],APC,APC,4.013569355010986,2.8488523960113525,1.4749730825424194,0.7225545644760132,0.6700243949890137,1.1923385858535769,holo_holo_subset,False,False,False
827,APR,1q17,C,2hjr,B,3,[36],[36],APR,APR,1.9887371063232424,3.860244512557984,0.7670402526855469,0.8078241348266602,0.8665831089019775,0.7694796919822693,holo_holo_subset,False,True,True
828,XMP,2ywc,A,7ef7,A,3,[24],[24],XMP,XMP,5.754819393157959,2.8311071395874023,1.6377427577972412,0.7130292654037476,0.7152869701385498,1.2227702140808103,holo_holo_subset,False,False,False
829,APR,1q17,C,4ros,A,3,[36],[36],APR,APR,1.891344785690308,3.927549362182617,0.7566940188407898,0.8160048127174377,0.8443103432655334,0.7802516222000122,holo_holo_subset,False,True,True
830,NAD,3u31,A,5env,A,3,[44],[44],NAD,NAD,3.225961446762085,3.994420528411865,0.915253221988678,0.8199061751365662,0.9617208242416382,0.8189389109611511,holo_holo_subset,False,False,True
831,NAI,1t2e,A,7p61,F,3,[44],[44],NAI,NAI,2.6552813053131104,2.979804992675781,1.5264068841934204,0.6960071325302124,0.6386668086051941,1.2412129640579224,holo_holo_subset,False,False,True
832,NAD,1nr5,A,4xgi,A,3,[44],[44],NAD,NAD,3.134148597717285,3.144980907440185,1.3897380828857422,0.7192851305007935,0.7597880363464355,0.99507474899292,holo_holo_subset,False,False,True
833,ADP,2hyd,A,4fey,A,3,[27],[27],ADP,ADP,3.282172918319702,2.5651450157165527,1.3478366136550903,0.7286443114280701,0.6612316966056824,1.0229061841964722,holo_holo_subset,False,False,True
834,G6P,3nb0,C,6bzc,A,3,[16],[16],G6P,G6P,7.477858543395996,3.274317741394043,1.154151201248169,0.7735825181007385,0.8922903537750244,0.9847581386566162,holo_holo_subset,False,False,False
835,NAP,5gxe,A,6v6y,A,3,[48],[48],NAP,NAP,1.6661550998687744,4.556595325469971,0.6654548048973083,0.8321698904037476,0.9966061115264891,0.7360367774963379,holo_holo_subset,False,True,True
836,AKG,4qkb,A,4xcb,A,3,[10],[10],AKG,AKG,1.8028689622879028,3.92899751663208,0.8120083212852478,0.85677170753479,0.9453168511390686,0.8636327981948853,holo_holo_subset,False,True,True
837,NAD,1nrx,A,3uxy,C,3,[44],[44],NAD,NAD,3.0539841651916504,3.0824708938598637,1.374436378479004,0.7305130958557129,0.7820835113525391,1.0557295083999634,holo_holo_subset,False,False,True
838,NAI,4fw8,A,7p61,F,3,[44],[44],NAI,NAI,2.6991872787475586,2.8590543270111084,1.4825791120529177,0.6639423370361328,0.8363407254219055,1.386631965637207,holo_holo_subset,False,False,True
839,XYP,3ma0,A,7zgz,X,3,[10],[10],XYP,XYP,3.42856502532959,2.8197710514068604,1.5029428005218506,0.7423103451728821,0.9430867433547974,0.9364925026893616,holo_holo_subset,False,False,True
840,ADP,1uc9,A,4hlu,A,3,[27],[27],ADP,ADP,3.2019619941711426,3.211753368377685,1.5466300249099731,0.7472729682922363,0.7769686579704285,1.0673474073410034,holo_holo_subset,False,False,True
841,NAD,1nr5,B,5vp5,A,3,[44],[44],NAD,NAD,2.9855549335479736,3.374547004699707,1.3436272144317627,0.7201788425445557,0.8216477036476135,1.05855393409729,holo_holo_subset,False,False,True
842,AMP,3fwz,A,6aic,A,3,[23],[23],AMP,AMP,2.0925755500793457,2.9173688888549805,1.3870974779129028,0.7324244379997253,0.8610283732414246,1.0113487243652344,holo_holo_subset,False,False,True
843,NAI,2a92,C,7p61,F,3,[44],[44],NAI,NAI,2.5473742485046387,3.020629405975342,1.3740471601486206,0.7208459973335266,0.8302400708198547,1.1068780422210691,holo_holo_subset,False,False,True
844,NAD,3om9,A,3zok,A,3,[44],[44],NAD,NAD,2.4673006534576416,3.106224298477173,1.3880633115768433,0.7498547434806824,0.6121714115142822,1.0412695407867432,holo_holo_subset,False,False,True
845,COA,1p5r,A,6mgg,C,3,[48],[48],COA,COA,3.87907338142395,3.916834592819214,1.0469036102294922,0.780749499797821,0.9632109999656676,0.8536417484283447,holo_holo_subset,False,False,True
846,BEF,3a10,A,5he9,A,3,[4],[4],BEF,BEF,2.1528728008270264,2.979722499847412,1.2984380722045898,0.7563789486885071,0.8832787275314331,1.0758979320526123,holo_holo_subset,False,False,True
847,GDP,3ieu,A,4ei7,A,3,[28],[28],GDP,GDP,2.0369489192962646,3.296931266784668,1.35046124458313,0.7526772618293762,0.6403329968452454,1.011402606964111,holo_holo_subset,False,False,True
848,BEF,5he9,A,7lza,A,3,[4],[4],BEF,BEF,1.682389497756958,3.457829475402832,1.4237515926361084,0.7562637329101562,0.9033419489860536,1.0970072746276855,holo_holo_subset,False,True,True
849,GDP,2bov,A,2nzy,C,3,[28],[28],GDP,GDP,3.0590264797210693,3.346860647201538,1.4505714178085327,0.7227922677993774,0.922042727470398,1.2736666202545166,holo_holo_subset,False,False,True
850,COA,1q6y,A,5hbr,A,3,[48],[48],COA,COA,3.566909074783325,3.757232666015625,0.7669455409049988,0.7757835388183594,0.9608944058418274,0.8288497924804688,holo_holo_subset,False,False,True
851,CA,4lt6,A,6u2f,A,3,[1],[1],CA,CA,8.340909004211426,2.330996036529541,1.3783268928527832,0.6249216198921204,0.9001446962356567,1.1737116575241089,holo_holo_subset,False,False,False
852,GDP,2nzy,C,3o47,A,3,[28],[28],GDP,GDP,2.6315951347351074,3.1523611545562744,1.573924899101257,0.6846641302108765,0.9141254425048828,1.253713846206665,holo_holo_subset,False,False,True
853,NAD,5eks,A,6smz,C,3,[44],[44],NAD,NAD,2.7951912879943848,3.183778524398804,1.620144963264465,0.7635654211044312,0.7664018869400024,1.013763427734375,holo_holo_subset,False,False,True
854,PYR,2nuy,A,5lu4,A,3,[6],[5],PYR,PYR,2.84295916557312,3.222482204437256,1.0449851751327517,0.7174796462059021,0.9215123653411864,0.8468670845031738,holo_holo_subset,False,False,True
855,NAD,2dvm,A,5eks,A,3,[44],[44],NAD,NAD,2.326181650161743,2.909869909286499,1.3603830337524414,0.7296543717384338,0.8178637027740479,1.0163131952285769,holo_holo_subset,False,False,True
856,GDP,2xkb,C,8dkt,A,3,[28],[28],GDP,GDP,1.906632781028748,3.1520512104034424,1.4426929950714111,0.710752010345459,0.7208530902862549,0.979727864265442,holo_holo_subset,False,True,True
857,AKG,3nnf,A,4qkb,A,3,[10],[10],AKG,AKG,2.0620248317718506,3.7422165870666495,0.7031148672103882,0.8411551713943481,0.97241473197937,0.8584015965461731,holo_holo_subset,False,False,True
858,COA,1p5r,A,5ayv,B,3,[48],[48],COA,COA,5.56543493270874,3.963815927505493,1.1003795862197876,0.7825174331665039,0.9827735424041748,0.8787792921066284,holo_holo_subset,False,False,False
859,XYP,4ywh,A,7zgz,X,3,[10],[10],XYP,XYP,3.0541090965271,2.6876182556152344,1.4714199304580688,0.7219400405883789,0.9278470873832704,0.97089946269989,holo_holo_subset,False,False,True
860,MG,2rex,D,2xwb,F,3,[1],[1],MG,MG,4.197644710540772,2.6194183826446533,1.4914809465408323,0.6922017931938171,0.5870411396026611,1.3257087469100952,holo_holo_subset,False,False,False
861,NAD,5koi,A,6c5c,A,3,[44],[44],NAD,NAD,3.130501508712769,3.311105489730835,1.502559781074524,0.7257720828056335,0.628724992275238,1.0772135257720947,holo_holo_subset,False,False,True
862,GDP,2nzy,C,3zbq,A,3,[28],[28],GDP,GDP,3.433280229568481,3.0232036113739014,1.328618049621582,0.7403128147125244,0.8432745337486267,1.012162208557129,holo_holo_subset,False,False,True
863,GDP,2nzy,C,4ei7,A,3,[28],[28],GDP,GDP,3.678729772567749,3.105566501617432,1.3305214643478394,0.7340385317802429,0.9615743160247804,0.9744730591773988,holo_holo_subset,False,False,True
864,CO,2xvz,A,3l0s,A,3,[1],[1],CO,CO,7.322837352752685,2.324422597885132,1.5242805480957031,0.691533088684082,0.7813130021095276,1.2831469774246216,holo_holo_subset,False,False,False
865,GTP,1plk,A,3ldu,A,3,[32],[32],GTP,GTP,2.637617826461792,2.954625606536865,1.489396333694458,0.691746175289154,0.9222778677940368,1.3583089113235474,holo_holo_subset,False,False,True
866,MG,2gfq,A,3b8e,A,3,[1],[1],MG,MG,3.663583993911743,2.158750057220459,1.5604931116104126,0.7131196856498718,0.5906203985214233,0.9821193814277648,holo_holo_subset,False,False,True
867,NAD,1nr5,B,1v9l,A,3,[44],[44],NAD,NAD,3.031916618347168,3.232569932937622,1.4182919263839722,0.7240866422653198,0.8717543482780457,1.0153436660766602,holo_holo_subset,False,False,True
868,NAD,3czm,B,3okf,A,3,[44],[44],NAD,NAD,2.5299553871154785,2.93991756439209,1.4294408559799194,0.7530978322029114,0.6392152309417725,0.9686530828475952,holo_holo_subset,False,False,True
869,ATP,3hgm,A,7jgr,D,3,[31],[31],ATP,ATP,3.3464903831481934,2.918872594833374,1.5040793418884275,0.7274113893508911,0.9310255646705629,1.1408319473266602,holo_holo_subset,False,False,True
870,NAD,1nr5,A,6ah9,A,3,[44],[44],NAD,NAD,3.1452126502990723,3.356696844100952,1.3968132734298706,0.725807785987854,0.8707275390625,1.072116136550903,holo_holo_subset,False,False,True
871,NAD,1guz,A,5eks,A,3,[44],[44],NAD,NAD,2.50918197631836,2.866632461547852,1.4289321899414062,0.7436032295227051,0.6941659450531006,0.9299135208129884,holo_holo_subset,False,False,True
872,NAD,6c5c,A,6smz,C,3,[44],[44],NAD,NAD,2.6322133541107178,3.275853157043457,1.2984025478363037,0.7580901980400085,0.6275716423988342,1.0240339040756226,holo_holo_subset,False,False,True
873,CA,1mve,A,4gwi,A,3,[1],[1],CA,CA,6.028839588165283,2.773597240447998,1.2892820835113523,0.7364383339881897,0.8405011892318726,1.2410730123519895,holo_holo_subset,False,False,False
874,GTP,1svw,A,3ldu,A,3,[32],[32],GTP,GTP,2.0929489135742188,2.991413354873657,1.4459270238876345,0.7451947331428528,0.8191835880279541,1.0900346040725708,holo_holo_subset,False,False,True
875,GDP,4ei7,A,6cy5,B,3,[28],[28],GDP,GDP,2.0161471366882324,3.1081485748291016,1.4549697637557983,0.7374035120010376,0.598411500453949,1.0348942279815674,holo_holo_subset,False,False,True
876,AMP,4qei,A,6aic,A,3,[23],[23],AMP,AMP,3.12359881401062,2.8347630500793457,1.4481754302978516,0.7031313180923462,0.8780930042266846,1.1658400297164917,holo_holo_subset,False,False,True
877,NAD,1nrx,B,5u4q,B,3,[44],[44],NAD,NAD,2.9391531944274902,3.2888190746307373,1.408710241317749,0.7622160315513611,0.7970495820045471,1.031161904335022,holo_holo_subset,False,False,True
878,COA,1q6y,A,6qfb,C,3,[48],[48],COA,COA,8.900728225708008,3.4396889209747314,0.8818991780281067,0.6897916197776794,0.9697787761688232,1.0083600282669067,holo_holo_subset,False,False,False
879,NAD,1nr5,A,4xgi,A,3,[44],[44],NAD,NAD,3.1341493129730225,3.144979476928711,1.389737248420715,0.7192853689193726,0.7597881555557251,0.995074450969696,holo_holo_subset,False,False,True
880,GNP,3ftq,B,6cu6,C,4,[32],[32],GNP,GNP,1.1503915786743164,4.616270542144775,0.6285836696624756,0.8407657146453857,0.9906076192855836,0.734140932559967,holo_holo_subset,False,True,True
881,GDP,2atv,A,4esv,C,4,[28],[28],GDP,GDP,3.0762314796447754,4.136276721954346,0.5741183161735535,0.8000126481056213,0.9958149194717408,0.803226888179779,holo_holo_subset,False,False,True
882,GNP,2rex,D,6kyk,C,4,[32],[32],GNP,GNP,1.00104022026062,5.056227207183838,0.4832553565502167,0.8735749125480652,0.8493445515632629,0.721092939376831,holo_holo_subset,False,True,True
883,GNP,4zi2,A,6cc9,B,4,[32],[32],GNP,GNP,1.638192057609558,4.4124627113342285,0.6878764033317566,0.7623417973518372,0.9425283074378968,0.9168480038642884,holo_holo_subset,False,True,True
884,SAH,3ofk,A,4xcx,A,4,[26],[26],SAH,SAH,0.8041070103645325,4.698155403137207,0.6404726505279541,0.8204196095466614,0.9955998063087464,0.769259512424469,holo_holo_subset,True,True,True
885,B4P,2zt5,A,3a74,A,4,[53],[53],B4P,B4P,3.9200055599212646,3.437171459197998,0.7729038596153259,0.8236168622970581,0.9623239636421204,0.8108510971069336,holo_holo_subset,False,False,True
886,GNP,1z08,C,2kwi,A,4,[32],[32],GNP,GNP,2.69312596321106,4.686313629150391,0.5643090605735779,0.8069412708282471,0.95697820186615,0.7096260190010071,holo_holo_subset,False,False,True
887,UDP,2iya,A,5e9u,A,4,[25],[25],UDP,UDP,1.6378018856048584,4.174196720123291,0.8412976861000061,0.7727518677711487,0.9593698978424072,0.8152807950973511,holo_holo_subset,False,True,True
888,TPP,3ahc,A,4c7x,A,4,[26],[26],TPP,TPP,1.051128387451172,4.242370128631592,0.8131588101387024,0.8111072778701782,0.8732154369354248,0.8888210654258728,holo_holo_subset,False,True,True
889,TPP,2x7j,A,4c7x,A,4,[26],[26],TPP,TPP,1.2443691492080688,4.4820876121521,0.7546557188034058,0.8466751575469971,0.9886355996131896,0.7947134375572205,holo_holo_subset,False,True,True
890,E64,6mis,A,6ycf,A,4,[25],[25],E64,E64,1.825419306755066,5.17247486114502,0.3322313129901886,0.9187459349632264,0.992371678352356,0.7592434883117676,holo_holo_subset,False,True,True
891,ACO,3dr8,A,5hgz,A,4,[51],[51],ACO,ACO,3.1731581687927246,4.577292442321777,0.6033082604408264,0.8348298668861389,0.9939016103744508,0.7222496271133423,holo_holo_subset,False,False,True
892,SAM,3dou,A,3t7s,A,4,[27],[27],SAM,SAM,1.1626378297805786,4.494501113891602,0.6730347871780396,0.8086575269699097,0.8262579441070557,0.7115744948387146,holo_holo_subset,False,True,True
893,ANP,1jpa,A,5gz9,A,4,[31],[10],ANP,ANP,0.4621174931526184,4.327035903930664,0.5771235823631287,0.8340592384338379,0.9834350943565368,0.8146626353263855,holo_holo_subset,True,True,True
894,NAP,1ps9,A,4r1s,A,4,[48],[48],NAP,NAP,6.452704906463623,3.38802433013916,0.6960549354553223,0.7162065505981445,0.9907991886138916,0.8242505192756653,holo_holo_subset,False,False,False
895,E64,1meg,A,6ycf,A,4,[25],[25],E64,E64,2.276238441467285,5.052402496337891,0.341158002614975,0.9004425406455994,1.0,0.7255575060844421,holo_holo_subset,False,False,True
896,HAR,1hqf,A,5zee,B,4,[13],[13],HAR,HAR,1.2613526582717896,5.1973185539245605,0.4371213614940643,0.9087105989456176,0.991641104221344,0.7046909928321838,holo_holo_subset,False,True,True
897,1N1,2y6o,A,5h2u,A,4,[33],[33],1N1,1N1,1.4830228090286257,4.38194751739502,0.4864680767059326,0.7852659225463867,0.9999501705169678,0.7714126110076904,holo_holo_subset,False,True,True
898,L3A,3neh,A,3s2j,A,4,[15],[15],L3A,L3A,0.9087157845497132,5.097031593322754,0.4244194328784942,0.8994778394699097,0.9905496835708618,0.7170153856277466,holo_holo_subset,True,True,True
899,SAM,2f8l,A,4qtu,B,4,[27],[27],SAM,SAM,1.0108777284622192,4.642978668212891,0.6017563939094543,0.8187947273254395,0.9573747515678406,0.7169927954673767,holo_holo_subset,False,True,True
900,N32,4f32,B,4jv3,A,4,[31],[31],N32,N32,0.6470558643341064,5.1002068519592285,0.3576392531394958,0.9140514731407166,0.9998013973236084,0.793965756893158,holo_holo_subset,True,True,True
901,E64,1aec,A,6ycf,A,4,[25],[25],E64,E64,1.361890435218811,5.134100437164307,0.3316493332386017,0.9143503904342652,0.9989400506019592,0.7421508431434631,holo_holo_subset,False,True,True
902,GNP,5di3,B,6cu6,C,4,[32],[32],GNP,GNP,0.6400271654129028,4.807066440582275,0.53010094165802,0.8415353894233704,0.8934058547019958,0.7098091244697571,holo_holo_subset,True,True,True
903,CTP,3k8d,A,6ckk,A,4,[29],[29],CTP,CTP,1.3221590518951416,4.714936256408691,0.5807739496231079,0.8491999506950378,0.9644896388053894,0.7262212634086609,holo_holo_subset,False,True,True
904,GNP,1z08,C,5xkt,A,4,[32],[32],GNP,GNP,1.136549472808838,4.608592987060547,0.5408839583396912,0.8336862921714783,0.9894850254058838,0.7099246978759766,holo_holo_subset,False,True,True
905,E64,2bdz,A,6ycf,A,4,[25],[25],E64,E64,1.5278995037078855,5.050976753234863,0.3342908918857574,0.9040765166282654,0.9973483085632324,0.7308441996574402,holo_holo_subset,False,True,True
906,E64,5a24,A,6ycf,A,4,[25],[18],E64,E64,0.985378086566925,5.121049880981445,0.2655257284641266,0.9131261706352234,0.9942015409469604,0.7238155007362366,holo_holo_subset,True,True,True
907,GTP,1plk,A,2v55,D,4,[32],[32],GTP,GTP,1.0676023960113523,4.328182220458984,0.6484935879707336,0.8067981600761414,0.843081533908844,0.8168390989303589,holo_holo_subset,False,True,True
908,SAM,3fpj,B,4gc9,A,4,[27],[27],SAM,SAM,1.823971152305603,4.392847061157227,0.7460235357284546,0.8087652921676636,0.9944243431091307,0.7133805751800537,holo_holo_subset,False,True,True
909,GTP,3doe,A,6y09,A,4,[32],[32],GTP,GTP,0.7441105842590332,4.990401744842529,0.5036555528640747,0.8654521703720093,0.8956781625747681,0.7043550610542297,holo_holo_subset,True,True,True
910,0LI,4tyj,A,6eg9,A,4,[39],[39],0LI,0LI,1.1035282611846924,4.760248184204102,0.574437141418457,0.8632507920265198,0.9994896054267884,0.8148165941238403,holo_holo_subset,False,True,True
911,NAP,2rcy,A,6k3g,B,4,[48],[48],NAP,NAP,2.5525224208831787,4.35215425491333,0.8675879240036011,0.7974904775619507,0.9828252792358398,0.8012874126434326,holo_holo_subset,False,False,True
912,CPR,1b3o,A,1nfb,A,4,[22],[22],CPR,CPR,0.8405619263648987,5.457737922668457,0.3144682347774505,0.9405837059020996,1.0,0.7675905823707581,holo_holo_subset,True,True,True
913,BAT,1dth,A,1rm8,A,4,[32],[32],BAT,BAT,4.142541885375977,4.096091747283936,0.567012369632721,0.8474546074867249,0.9655348658561708,0.6696118712425232,holo_holo_subset,False,False,False
914,GCS,2vzs,A,5dgr,A,4,[12],[12],GCS,GCS,6.510927200317383,2.309467315673828,1.3986490964889526,0.6993173360824585,0.6877638101577759,1.0941392183303833,holo_holo_subset,False,False,False
915,AKG,4xgi,A,5xvv,B,4,[10],[10],AKG,AKG,1.9268423318862915,4.8772292137146,0.5368576645851135,0.8672516345977783,0.976426362991333,0.705040454864502,holo_holo_subset,False,True,True
916,CPR,1b3o,A,1jcn,A,4,[22],[22],CPR,CPR,1.0369304418563845,5.457455158233643,0.2644241154193878,0.9405972361564636,1.0,0.765190064907074,holo_holo_subset,False,True,True
917,GNP,5de3,A,6cc9,B,4,[32],[32],GNP,GNP,1.7473503351211548,4.597049713134766,0.7458522319793701,0.7987313866615295,0.9156851172447203,0.8376858830451965,holo_holo_subset,False,True,True
918,APR,1v8m,A,1vhz,A,4,[18],[36],APR,APR,7.425527572631836,4.635404586791992,0.6114532947540283,0.8673961758613586,0.9696560502052308,0.6704779267311096,holo_holo_subset,False,False,False
919,AR6,3sig,A,4iqy,A,4,[36],[36],AR6,AR6,1.0066087245941162,4.283483028411865,0.7306510806083679,0.8375329375267029,0.9683369994163512,0.8540998101234436,holo_holo_subset,False,True,True
920,UDP,2wtx,D,3hbn,A,4,[25],[25],UDP,UDP,1.3555254936218262,4.068718433380127,0.9616286754608154,0.8147929906845093,0.988753378391266,0.9390411972999572,holo_holo_subset,False,True,True
921,BTM,8h4p,A,8h6u,A,4,[14],[14],BTM,BTM,3.155052661895752,3.96665620803833,0.6952656507492065,0.811122477054596,0.9884900450706482,0.7729876041412354,holo_holo_subset,False,False,True
922,PBZ,2a2q,H,5lhp,A,4,[10],[10],PBZ,PBZ,1.757588028907776,4.969418525695801,0.3590095043182373,0.8982658982276917,1.0,0.6730731129646301,holo_holo_subset,False,True,True
923,CTP,1i52,A,6ckk,A,4,[29],[29],CTP,CTP,1.361129641532898,4.662419319152832,0.6630868315696716,0.8595518469810486,0.9795427918434144,0.7779675126075745,holo_holo_subset,False,True,True
924,E64,2pre,A,6ycf,A,4,[25],[25],E64,E64,1.4492391347885132,5.107448577880859,0.323599249124527,0.9155457615852356,0.9994510412216188,0.7618755102157593,holo_holo_subset,False,True,True
925,NAD,3om9,A,4nr0,B,4,[44],[44],NAD,NAD,2.1545252799987797,4.437014579772949,0.891917884349823,0.8079094290733337,0.9194228649139404,0.7445827126502991,holo_holo_subset,False,False,True
926,NAP,4r1s,A,5h81,B,4,[48],[48],NAP,NAP,2.269081354141236,4.648645877838135,0.7104616165161133,0.8331962823867798,0.930633306503296,0.7336299419403076,holo_holo_subset,False,False,True
927,1N1,2y6o,A,2zva,A,4,[33],[33],1N1,1N1,1.1881667375564575,4.839879512786865,0.4316149055957794,0.8562505841255188,1.0,0.7792917490005493,holo_holo_subset,False,True,True
928,ACO,1b87,A,6ao7,A,4,[51],[51],ACO,ACO,1.953923583030701,4.766275882720947,0.5185207724571228,0.8474898338317871,0.9992699027061462,0.8184227347373962,holo_holo_subset,False,True,True
929,BEF,3a10,A,6ww6,B,4,[4],[4],BEF,BEF,1.7371234893798828,4.999789714813232,0.6170774698257446,0.8745906352996826,0.9873284101486206,0.7020825147628784,holo_holo_subset,False,True,True
930,NAI,2a92,C,5itv,A,4,[44],[44],NAI,NAI,2.175255060195923,4.6721391677856445,0.74338299036026,0.8291304111480713,0.9832679629325868,0.7474355101585388,holo_holo_subset,False,False,True
931,GTB,2ycd,A,5agy,A,4,[30],[30],GTB,GTB,1.8917853832244875,4.522480010986328,0.602329432964325,0.8637272119522095,0.9960047006607056,0.7192984819412231,holo_holo_subset,False,True,True
932,SAM,2uyq,A,3mte,A,4,[26],[17],SAM,SAM,0.7891861796379089,4.426691055297852,0.6113791465759277,0.820669949054718,0.9884917736053468,0.7458826899528503,holo_holo_subset,True,True,True
933,NDP,1xkq,A,5c37,A,4,[48],[48],NDP,NDP,1.3330621719360352,4.681360721588135,0.7149778008460999,0.8298683166503906,0.9983128309249878,0.7985005974769592,holo_holo_subset,False,True,True
934,AR6,3sig,A,6lh4,A,4,[36],[36],AR6,AR6,1.0366222858428955,4.266552925109863,0.7179845571517944,0.8391870856285095,0.9607030153274536,0.8536526560783386,holo_holo_subset,False,True,True
935,ACO,1b87,A,3mgd,B,4,[51],[51],ACO,ACO,3.301865339279175,4.543074131011963,0.5696893930435181,0.8453473448753357,0.9867342114448548,0.8187854886054993,holo_holo_subset,False,False,True
936,E64,3bcn,A,6ycf,A,4,[25],[25],E64,E64,2.415236711502075,4.978896617889404,0.4328794777393341,0.901569962501526,0.9969414472579956,0.7620006203651428,holo_holo_subset,False,False,True
937,ACO,3dr8,A,3mgd,B,4,[51],[51],ACO,ACO,3.2579288482666016,4.342700481414795,0.7635384798049927,0.812312662601471,0.9840275645256042,0.8099197745323181,holo_holo_subset,False,False,True
938,NDP,3anl,A,5c37,A,4,[48],[48],NDP,NDP,1.6376476287841797,4.313737392425537,0.7069979310035706,0.7895936965942383,0.9954150319099426,0.713459849357605,holo_holo_subset,False,True,True
939,BMP,3ve7,A,4luj,A,4,[22],[22],BMP,BMP,0.1824676990509033,5.229987621307373,0.3385583162307739,0.9177581071853638,1.0,0.7313027381896973,holo_holo_subset,True,True,True
940,5GP,1ex7,A,3tr0,A,4,[24],[24],5GP,5GP,1.2694827318191528,4.587756156921387,0.54119473695755,0.8180798888206482,0.9966201782226562,0.7805343866348267,holo_holo_subset,False,True,True
941,NAI,4fw8,A,6cdf,A,4,[44],[44],NAI,NAI,1.936923146247864,4.6002302169799805,0.7075031995773315,0.8169353604316711,0.9771636128425598,0.7581719160079956,holo_holo_subset,False,True,True
942,G6P,5v0t,E,7q0s,A,4,[16],[16],G6P,G6P,7.842055320739746,4.509174346923828,0.7411121726036072,0.8475642204284668,0.9347894787788392,0.818645179271698,holo_holo_subset,False,False,False
943,ANP,4cej,A,8gbj,D,4,[31],[31],ANP,ANP,2.708548784255981,3.84031081199646,0.7731730341911316,0.7552754878997803,0.9932140707969666,0.9502421021461488,holo_holo_subset,False,False,True
944,NDP,1xhl,A,3anl,A,4,[48],[48],NDP,NDP,1.551014065742493,4.399327278137207,0.8761878609657288,0.798292338848114,0.9787906408309937,0.7526259422302246,holo_holo_subset,False,True,True
945,COA,5ayv,B,5hbr,A,4,[48],[48],COA,COA,5.699497222900391,4.27341890335083,0.7331331968307495,0.8081005811691284,0.9961342811584472,0.7129750847816467,holo_holo_subset,False,False,False
946,NAI,1t2e,A,4fw8,A,4,[44],[44],NAI,NAI,2.257452249526977,4.674067974090576,0.7590735554695129,0.8336716890335083,0.9527592658996582,0.728227972984314,holo_holo_subset,False,False,True
947,GNP,2rex,D,6cu6,C,4,[32],[32],GNP,GNP,0.8685279488563538,4.957533836364746,0.4911588132381439,0.8623911738395691,0.8211219310760498,0.7145237326622009,holo_holo_subset,True,True,True
948,G6P,3nb0,C,5v0t,E,4,[16],[16],G6P,G6P,7.818850994110107,4.588625431060791,0.7294549345970154,0.870535135269165,0.955891251564026,0.8245354890823364,holo_holo_subset,False,False,False
949,B12,2xiq,A,3bul,A,4,[91],[91],B12,B12,2.083209991455078,3.97003960609436,0.8201085329055786,0.7650386095046997,0.9882616400718688,0.8499245643615723,holo_holo_subset,False,False,True
950,NAP,2dm6,B,5l3z,A,4,[48],[48],NAP,NAP,2.553049087524414,4.688410758972168,0.6160449981689453,0.8357431292533875,0.989633083343506,0.7125884294509888,holo_holo_subset,False,False,True
951,SAH,3grr,A,4o29,A,4,[26],[26],SAH,SAH,1.5206141471862793,4.457085132598877,0.6366186738014221,0.7993577122688293,0.9935215711593628,0.7285081148147583,holo_holo_subset,False,True,True
952,SAH,3wst,I,6cx6,B,4,[26],[26],SAH,SAH,1.3846691846847534,4.548992156982422,0.6620627045631409,0.812363862991333,0.94904363155365,0.7066234350204468,holo_holo_subset,False,True,True
953,SAM,2b25,A,3fpj,B,4,[27],[26],SAM,SAM,1.3141355514526367,4.603391647338867,0.7374073266983032,0.8260980248451233,0.9717678427696228,0.7446723580360413,holo_holo_subset,False,True,True
954,SAM,3tka,A,4gc9,A,4,[27],[27],SAM,SAM,0.940372884273529,4.882615566253662,0.614906907081604,0.8766456246376038,0.998452603816986,0.7352299094200134,holo_holo_subset,True,True,True
955,GNP,3ftq,B,6cu6,C,4,[32],[32],GNP,GNP,1.1503911018371582,4.616273880004883,0.6285831928253174,0.8407659530639648,0.9906087517738342,0.73414146900177,holo_holo_subset,False,True,True
956,E64,3ioq,A,6ycf,A,4,[25],[25],E64,E64,1.1889586448669434,5.097203254699707,0.3801673054695129,0.9103301763534546,0.9999884366989136,0.7382447719573975,holo_holo_subset,False,True,True
957,CTP,1i52,A,3k8d,A,4,[29],[29],CTP,CTP,1.1219724416732788,4.576408863067627,0.6874802112579346,0.8342971205711365,0.9828374981880188,0.7293155193328857,holo_holo_subset,False,True,True
958,ACO,1b87,A,7ovu,A,4,[51],[51],ACO,ACO,1.5587855577468872,4.572024345397949,0.7122504115104675,0.8410503268241882,0.9764341115951538,0.7989894151687622,holo_holo_subset,False,True,True
959,TPP,2vk1,A,4c7x,A,4,[26],[26],TPP,TPP,1.201241374015808,4.53698205947876,0.7738293409347534,0.8576647043228149,0.98442405462265,0.8037731051445007,holo_holo_subset,False,True,True
960,SAH,3ofk,A,3wst,I,4,[26],[26],SAH,SAH,1.3169453144073486,4.432703018188477,0.6486332416534424,0.7944124341011047,0.9440731406211852,0.7393233180046082,holo_holo_subset,False,True,True
961,NAD,1v9l,A,4nr0,C,4,[44],[44],NAD,NAD,1.491395354270935,4.375387191772461,0.7703145742416382,0.8396749496459961,0.8411803841590881,0.7302844524383545,holo_holo_subset,False,True,True
962,ACO,1b87,A,2h5m,A,4,[51],[51],ACO,ACO,2.9221835136413574,4.247963905334473,0.7217001914978027,0.8030757904052734,0.9962549209594728,0.7956679463386536,holo_holo_subset,False,False,True
963,UDP,2p73,A,4d11,C,4,[25],[25],UDP,UDP,2.05033016204834,4.270283222198486,0.8548879623413086,0.7991335988044739,0.8046075105667114,0.7621263861656189,holo_holo_subset,False,False,True
964,GNP,1z08,C,3q85,B,4,[32],[32],GNP,GNP,0.7639366984367371,5.046013832092285,0.398885577917099,0.8718973994255066,0.998554229736328,0.6656382083892822,holo_holo_subset,True,True,True
965,NAI,2a92,C,4ilk,A,4,[44],[44],NAI,NAI,1.1757417917251587,4.744539737701416,0.7134521007537842,0.8433762192726135,0.9733445644378662,0.7084363698959351,holo_holo_subset,False,True,True
966,NAD,1geg,E,3om9,A,4,[44],[44],NAD,NAD,2.1026599407196045,4.703479766845703,0.8220862150192261,0.8322966694831848,0.8928366899490356,0.7479313611984253,holo_holo_subset,False,False,True
967,ACO,2h5m,A,3dr8,A,4,[51],[51],ACO,ACO,3.129402875900269,4.036337375640869,0.7884067893028259,0.7747958302497864,0.759453296661377,0.8121920824050903,holo_holo_subset,False,False,True
968,SAH,5zw3,B,6cx6,B,4,[26],[26],SAH,SAH,1.3145740032196045,4.753152847290039,0.7222262620925903,0.849125325679779,0.9719139337539672,0.7366917133331299,holo_holo_subset,False,True,True
969,F6P,1t10,A,3m5p,A,4,[16],[16],F6P,F6P,3.255822896957397,4.78809928894043,0.5431711673736572,0.8822930455207825,0.961885631084442,0.7332983016967773,holo_holo_subset,False,False,True
970,AR6,4iqy,A,5zdb,A,4,[36],[36],AR6,AR6,1.0588680505752563,4.284041404724121,0.6971133947372437,0.863690972328186,0.9697067141532898,0.8420835733413696,holo_holo_subset,False,True,True
971,NAP,2dm6,B,4hp8,B,4,[48],[48],NAP,NAP,2.2044947147369385,4.618525505065918,0.6544541716575623,0.8213441967964172,0.9840744733810424,0.6997318863868713,holo_holo_subset,False,False,True
972,B12,1xrs,B,2xiq,A,4,[91],[91],B12,B12,1.9538222551345823,4.20564603805542,0.6773031949996948,0.7887118458747864,0.992397964000702,0.8384360671043396,holo_holo_subset,False,True,True
973,NDP,5gud,E,5vg6,B,4,[48],[48],NDP,NDP,2.0884830951690674,4.3980207443237305,0.709629237651825,0.7864601612091064,0.9529727101325988,0.7569145560264587,holo_holo_subset,False,False,True
974,1N1,2y6o,A,4xey,B,4,[33],[33],1N1,1N1,1.529304265975952,4.660434246063232,0.4140393733978271,0.835496187210083,0.9561448097229004,0.7493094801902771,holo_holo_subset,False,True,True
975,NDP,1o8c,A,4tqg,A,4,[48],[48],NDP,NDP,2.3549108505249023,4.470575332641602,0.8382613658905029,0.8395373821258545,0.94437438249588,0.7486333250999451,holo_holo_subset,False,False,True
976,GNP,2rex,D,6cc9,B,4,[32],[32],GNP,GNP,1.925731897354126,4.368998050689697,0.7855747938156128,0.7666260600090027,0.9480496048927308,0.962086856365204,holo_holo_subset,False,True,True
977,NAD,1uxg,A,2i9p,B,4,[44],[44],NAD,NAD,2.387164354324341,4.649071216583252,0.7494957447052002,0.8247754573822021,0.9660734534263612,0.7598190307617188,holo_holo_subset,False,False,True
978,NAI,4plt,B,6vly,A,4,[44],[44],NAI,NAI,1.9901360273361208,4.563190460205078,0.7452685832977295,0.827153205871582,0.9779629111289978,0.7536722421646118,holo_holo_subset,False,True,True
979,ADP,2uvq,A,5ik2,E,4,[27],[27],ADP,ADP,1.847441792488098,4.167770385742188,0.6530964374542236,0.7778310775756836,0.9403997659683228,0.820380449295044,holo_holo_subset,False,True,True
980,DUP,3tp1,A,6hde,B,4,[28],[28],DUP,DUP,7.208616256713867,4.583297729492188,0.6182754039764404,0.8831472396850586,0.9918251633644104,0.785018265247345,holo_holo_subset,False,False,False
981,NAI,2a92,C,6vly,A,4,[44],[44],NAI,NAI,2.1369869709014893,4.604000568389893,0.760220468044281,0.8294504284858704,0.9660272598266602,0.7672797441482544,holo_holo_subset,False,False,True
982,SAM,2b25,A,3sxj,A,4,[27],[26],SAM,SAM,1.3619614839553833,4.689730644226074,0.7949425578117371,0.8335593938827515,0.834168553352356,0.7751110196113586,holo_holo_subset,False,True,True
983,SAH,4kdr,A,5icc,A,4,[26],[26],SAH,SAH,1.0799355506896973,4.75731897354126,0.6199171543121338,0.8400692939758301,0.9900010824203492,0.6951313018798828,holo_holo_subset,False,True,True
984,GNP,2ywf,A,5di3,B,4,[32],[32],GNP,GNP,1.1488291025161743,4.726892948150635,0.4792301058769226,0.8413854241371155,0.9903679490089417,0.7040642499923706,holo_holo_subset,False,True,True
985,GNP,2kwi,A,2ywf,A,4,[32],[32],GNP,GNP,2.5802128314971924,4.612062931060791,0.5711941123008728,0.8192497491836548,0.992048680782318,0.7482743859291077,holo_holo_subset,False,False,True
986,PLP,1vef,A,2yku,A,4,[15],[15],PLP,PLP,0.9690760374069214,5.057864665985107,0.4435223042964935,0.9079067707061768,0.9976209402084352,0.6939895749092102,holo_holo_subset,True,True,True
987,GNP,5xkt,A,6kyk,C,4,[32],[32],GNP,GNP,1.1643158197402954,4.507621765136719,0.5626919269561768,0.8227164149284363,0.98374205827713,0.7135514616966248,holo_holo_subset,False,True,True
988,GDP,1kao,A,3o47,A,4,[28],[28],GDP,GDP,1.012547254562378,4.722860813140869,0.4971753656864166,0.8326661586761475,0.978866159915924,0.6866786479949951,holo_holo_subset,False,True,True
989,ATP,3whk,A,8hh1,D,4,[31],[31],ATP,ATP,2.0097193717956543,4.218225955963135,0.7115078568458557,0.7898593544960022,0.9085142016410828,0.7885759472846985,holo_holo_subset,False,False,True
990,SAM,2b25,A,3t7s,A,4,[27],[26],SAM,SAM,1.3758809566497805,4.760242938995361,0.7231531143188477,0.8437707424163818,0.8599427938461304,0.7764784693717957,holo_holo_subset,False,True,True
991,SAH,5gm2,B,6cx6,B,4,[26],[26],SAH,SAH,1.0574086904525757,4.800333023071289,0.5408229231834412,0.8340190649032593,0.9952900409698486,0.7544654011726379,holo_holo_subset,False,True,True
992,SAM,2f8l,A,4gc9,A,4,[27],[27],SAM,SAM,1.286849856376648,4.655981540679932,0.7460799217224121,0.8445679545402527,0.992979109287262,0.7727380394935608,holo_holo_subset,False,True,True
993,NAD,4id9,B,6ach,A,4,[44],[44],NAD,NAD,1.5326688289642334,4.41493034362793,0.7374518513679504,0.7923727631568909,0.804417073726654,0.7671536803245544,holo_holo_subset,False,True,True
994,SAM,3fpj,B,4ax8,A,4,[27],[27],SAM,SAM,2.0070245265960693,4.55236291885376,0.6513118743896484,0.80597323179245,0.978238880634308,0.735376238822937,holo_holo_subset,False,False,True
995,NDP,1xkq,A,3anl,A,4,[48],[48],NDP,NDP,1.4868162870407104,4.374115943908691,0.8770847916603088,0.8002305030822754,0.978214144706726,0.7419672012329102,holo_holo_subset,False,True,True
996,NAP,4hp8,B,6tlk,A,4,[48],[48],NAP,NAP,1.9625385999679563,4.730438709259033,0.6079595685005188,0.8415415287017822,0.985973060131073,0.6981101632118225,holo_holo_subset,False,True,True
997,AR6,4iqy,A,6lh4,A,4,[36],[36],AR6,AR6,0.8354881405830383,5.202829360961914,0.2194495797157287,0.9185711741447448,0.9999895095825196,0.7301602959632874,holo_holo_subset,True,True,True
998,SAM,2f8l,A,3t7s,A,4,[27],[27],SAM,SAM,1.2478517293930054,4.6240410804748535,0.702549934387207,0.8225148916244507,0.9866232872009276,0.7033372521400452,holo_holo_subset,False,True,True
999,TPP,4c7x,A,4qq8,C,4,[26],[26],TPP,TPP,1.3155949115753174,4.518930435180664,0.6528118848800659,0.8535380363464355,0.9634600281715392,0.7824336290359497,holo_holo_subset,False,True,True
1000,GDP,2atv,A,4esv,C,4,[28],[28],GDP,GDP,3.076234102249145,4.136277198791504,0.5741201639175415,0.8000128269195557,0.9958150386810304,0.8032267093658447,holo_holo_subset,False,False,True
1001,PLP,1fg3,A,4ysn,C,4,[15],[15],PLP,PLP,1.032698392868042,4.406550407409668,0.6854881048202515,0.8273084759712219,0.987834930419922,0.7636377215385437,holo_holo_subset,False,True,True
1002,GTP,1plk,A,6y09,A,4,[32],[32],GTP,GTP,0.8748363852500916,4.501188278198242,0.6090989708900452,0.8458345532417297,0.9926403760910034,0.7635963559150696,holo_holo_subset,True,True,True
1003,TPP,2vjy,A,4c7x,A,4,[26],[26],TPP,TPP,1.122111678123474,4.558465003967285,0.771329939365387,0.8614331483840942,0.988406240940094,0.8130329251289368,holo_holo_subset,False,True,True
1004,ADP,2awn,B,5ik2,E,4,[27],[27],ADP,ADP,3.045907735824585,4.036398887634277,0.776685357093811,0.7817902565002441,0.8812348246574402,0.8621796369552612,holo_holo_subset,False,False,True
1005,NAD,3aw9,A,5vp5,A,4,[44],[44],NAD,NAD,0.766426682472229,4.8445234298706055,0.5449841618537903,0.8441386818885803,0.9996142983436584,0.711571455001831,holo_holo_subset,True,True,True
1006,ACO,3dr8,A,6v3t,A,4,[51],[51],ACO,ACO,2.4636011123657227,4.529854774475098,0.5703168511390686,0.8317463994026184,0.9927929043769836,0.7141718864440918,holo_holo_subset,False,False,True
1007,ADP,2hyd,A,3k1j,A,4,[27],[27],ADP,ADP,3.73966383934021,3.841352701187134,0.6571640968322754,0.7638774514198303,0.9033775329589844,0.7778539061546326,holo_holo_subset,False,False,True
1008,ZN,1pcx,A,2j9u,B,4,[1],[1],ZN,ZN,0.184853196144104,3.240589141845703,0.6828645467758179,0.7584723830223083,0.9555078148841858,0.753722608089447,holo_holo_subset,True,True,True
1009,ADP,2awn,C,2zts,C,4,[27],[27],ADP,ADP,1.7992373704910278,4.423260688781738,0.6038917899131775,0.8206415772438049,0.9074530005455016,0.7131102085113525,holo_holo_subset,False,True,True
1010,ADP,2awn,A,2d2f,A,4,[27],[27],ADP,ADP,1.22807776927948,4.694611072540283,0.6630946397781372,0.8378694653511047,0.9779227375984192,0.7682175040245056,holo_holo_subset,False,True,True
1011,SAM,3ai9,X,4fak,A,4,[27],[20],SAM,SAM,0.7514445185661316,4.059281826019287,0.6710371375083923,0.8047769665718079,0.9932730793952942,0.7900771498680115,holo_holo_subset,True,True,True
1012,NAI,4ilk,A,6vly,A,4,[44],[44],NAI,NAI,2.1755917072296143,4.695209503173828,0.6810591816902161,0.847862958908081,0.9820106029510498,0.7292155623435974,holo_holo_subset,False,False,True
1013,SAM,3mte,A,4gc9,A,4,[27],[26],SAM,SAM,1.0387957096099854,4.496716976165772,0.7265291213989258,0.8173121809959412,0.997532308101654,0.7610796093940735,holo_holo_subset,False,True,True
1014,ACP,6pnx,B,7kjc,A,4,[31],[31],ACP,ACP,1.874416470527649,4.933136940002441,0.4226569235324859,0.8689115643501282,0.9995294809341432,0.7328845858573914,holo_holo_subset,False,True,True
1015,SAM,3tka,A,6rie,O,4,[27],[27],SAM,SAM,2.540494918823242,4.35014533996582,0.6946651339530945,0.7880295515060425,0.98831969499588,0.8514113426208496,holo_holo_subset,False,False,True
1016,PLP,1yaa,A,2yku,A,4,[15],[15],PLP,PLP,1.3543715476989746,4.359934329986572,0.8860580325126648,0.8524091243743896,0.8565147519111633,0.7488692402839661,holo_holo_subset,False,True,True
1017,GNP,2ywf,A,4zi2,A,4,[32],[32],GNP,GNP,0.8638363480567932,4.899899959564209,0.4435335695743561,0.8679618835449219,0.9966360926628112,0.682604968547821,holo_holo_subset,True,True,True
1018,AR6,5zdb,A,6lh4,A,4,[36],[36],AR6,AR6,0.8085631132125854,4.188525199890137,0.6819588541984558,0.8421029448509216,0.9478580951690674,0.8261703252792358,holo_holo_subset,True,True,True
1019,SAM,3sxj,A,4ax8,A,4,[27],[27],SAM,SAM,0.8770241141319275,4.646625995635986,0.5321223735809326,0.815275251865387,0.994349718093872,0.6953499913215637,holo_holo_subset,True,True,True
1020,SAM,3kkz,A,4gc9,A,4,[27],[27],SAM,SAM,0.901732325553894,4.615028381347656,0.7378477454185486,0.8329324126243591,0.9492462873458862,0.7674841284751892,holo_holo_subset,True,True,True
1021,NAD,2fn7,A,3oa2,B,4,[44],[44],NAD,NAD,1.3270068168640137,4.447744369506836,0.6703158617019653,0.8018487691879272,0.8417466878890991,0.7451050281524658,holo_holo_subset,False,True,True
1022,NAP,3dtt,B,4zqb,B,4,[48],[48],NAP,NAP,2.394530773162842,4.708532333374023,0.5920227766036987,0.8298547863960266,0.8845113515853882,0.7036615014076233,holo_holo_subset,False,False,True
1023,UDP,2wtx,D,7bv3,A,4,[25],[25],UDP,UDP,1.0459376573562622,3.702059984207153,0.8588780164718628,0.772493302822113,0.962691605091095,0.9398369193077089,holo_holo_subset,False,True,True
1024,ADP,1xjq,A,6q45,F,4,[27],[27],ADP,ADP,8.145251274108887,4.056602954864502,0.6992372870445251,0.7770870923995972,0.99595046043396,0.8129985928535461,holo_holo_subset,False,False,False
1025,NAP,2y05,A,5h81,B,4,[48],[48],NAP,NAP,1.5362708568572998,4.643864154815674,0.6696402430534363,0.8236126899719238,0.9487983584403992,0.7531389594078064,holo_holo_subset,False,True,True
1026,SAH,2eg5,E,6cx6,B,4,[26],[26],SAH,SAH,1.04914128780365,4.567984580993652,0.7082052230834961,0.822172224521637,0.8664796948432922,0.737284779548645,holo_holo_subset,False,True,True
1027,UPG,4r7p,A,5i1f,A,4,[36],[36],UPG,UPG,1.7893072366714478,4.240746021270752,0.9282395839691162,0.820475161075592,0.9577328562736512,0.8423141837120056,holo_holo_subset,False,True,True
1028,NAD,2ag5,A,2dvm,A,4,[44],[44],NAD,NAD,2.313575267791748,4.445937156677246,0.8009650111198425,0.8072136640548706,0.9936476349830629,0.7824267745018005,holo_holo_subset,False,False,True
1029,NAI,2a92,C,4itu,A,4,[44],[44],NAI,NAI,2.11904525756836,4.754189491271973,0.6479239463806152,0.8419133424758911,0.9140546917915344,0.7355071902275085,holo_holo_subset,False,False,True
1030,GNP,1z08,C,4zi2,A,4,[32],[32],GNP,GNP,0.8011751770973206,4.975924015045166,0.5178205966949463,0.8600956201553345,0.865932285785675,0.7034034132957458,holo_holo_subset,True,True,True
1031,PYR,2nuy,A,3di1,B,4,[5],[5],PYR,PYR,1.443359613418579,4.987998008728027,0.5909095406532288,0.8897092342376709,0.9939504861831664,0.7510696649551392,holo_holo_subset,False,True,True
1032,SAM,1i9g,A,3sxj,A,4,[27],[27],SAM,SAM,1.388532638549805,4.712553977966309,0.7909775972366333,0.831353485584259,0.9240285158157348,0.7626987099647522,holo_holo_subset,False,True,True
1033,GDP,2bov,A,3ieu,A,4,[28],[28],GDP,GDP,0.9261733293533324,4.844747543334961,0.506339430809021,0.8648853898048401,0.971316695213318,0.6991170048713684,holo_holo_subset,True,True,True
1034,BEF,6ww6,B,7lza,A,4,[4],[4],BEF,BEF,2.167588710784912,4.920580387115479,0.5696006417274475,0.8514998555183411,0.9995235204696656,0.7145821452140808,holo_holo_subset,False,False,True
1035,NAD,4m87,A,4za2,D,4,[44],[44],NAD,NAD,1.2748968601226809,4.856467247009277,0.6407301425933838,0.8440967202186584,0.9554824829101562,0.7724602818489075,holo_holo_subset,False,True,True
1036,GNP,1wf3,A,6cu6,C,4,[32],[32],GNP,GNP,1.008053421974182,4.766639709472656,0.487364262342453,0.8454661965370178,0.9972441792488098,0.6915445327758789,holo_holo_subset,False,True,True
1037,NAP,3ngl,A,4hp8,B,4,[48],[48],NAP,NAP,2.0234038829803467,4.401327133178711,0.7278349995613098,0.8065885901451111,0.951608419418335,0.7291122078895569,holo_holo_subset,False,False,True
1038,GNP,3ftq,B,6cc9,B,4,[32],[32],GNP,GNP,1.977483153343201,4.003805160522461,0.8024806380271912,0.7213824391365051,0.9897929430007936,0.938230037689209,holo_holo_subset,False,True,True
1039,ANP,3c41,J,4cej,A,4,[31],[31],ANP,ANP,3.323051929473877,3.686455249786377,0.7952275276184082,0.7371839284896851,0.9429669380187988,0.924140214920044,holo_holo_subset,False,False,True
1040,UDP,5e9u,A,5tvg,A,4,[25],[25],UDP,UDP,1.3930267095565796,4.463959693908691,0.8608884215354919,0.8441939949989319,0.9632038474082948,0.8726332187652588,holo_holo_subset,False,True,True
1041,NAD,4m87,A,4plf,B,4,[44],[44],NAD,NAD,2.0842878818511963,4.491046905517578,0.8666114807128906,0.8171943426132202,0.9202584624290466,0.7449086904525757,holo_holo_subset,False,False,True
1042,ACO,3dr8,A,4ava,A,4,[51],[51],ACO,ACO,1.2207406759262085,4.648667812347412,0.5925834774971008,0.8613768815994263,0.9946140050888062,0.7555944323539734,holo_holo_subset,False,True,True
1043,NDP,3anl,A,4imp,A,4,[48],[48],NDP,NDP,1.3346500396728516,4.384335517883301,0.7142745852470398,0.7979812026023865,0.9873993396759032,0.7029474377632141,holo_holo_subset,False,True,True
1044,NAP,1yb5,A,5gxe,A,4,[48],[48],NAP,NAP,1.545262575149536,4.978241920471191,0.6023454070091248,0.8695991635322571,0.8839532732963562,0.7366036176681519,holo_holo_subset,False,True,True
1045,UDP,2iya,A,2wtx,D,4,[25],[25],UDP,UDP,0.7313888669013977,3.620769500732422,0.8499459028244019,0.7616115212440491,0.9293825626373292,0.907116949558258,holo_holo_subset,True,True,True
1046,GNP,5de3,A,6kyk,C,4,[32],[32],GNP,GNP,0.9144880175590516,4.909632205963135,0.4721728861331939,0.8527851700782776,0.875124990940094,0.7027254104614258,holo_holo_subset,True,True,True
1047,GNP,2ywf,A,3q85,B,4,[32],[32],GNP,GNP,0.7713179588317871,4.833006381988525,0.4201971590518951,0.8571817874908447,0.9971893429756165,0.6982008814811707,holo_holo_subset,True,True,True
1048,COA,1scu,A,5hbr,A,4,[48],[48],COA,COA,1.3693883419036863,4.716429710388184,0.6737765669822693,0.8372625708580017,0.8377986550331116,0.6955915689468384,holo_holo_subset,False,True,True
1049,UDP,2d7i,A,5ggi,B,4,[25],[25],UDP,UDP,1.9290152788162231,4.570836544036865,0.7747291922569275,0.8515206575393677,0.9159455895423888,0.7631412744522095,holo_holo_subset,False,True,True
1050,NDP,1o8c,A,3ing,A,4,[48],[48],NDP,NDP,2.0615665912628174,4.15171480178833,0.7497265338897705,0.7741090655326843,0.918281614780426,0.8236798644065857,holo_holo_subset,False,False,True
1051,PLP,3if2,A,4r8d,A,4,[15],[16],PLP,PLP,0.9365134239196776,4.795631408691406,0.6199436783790588,0.8692725300788879,0.9062404036521912,0.7202860713005066,holo_holo_subset,True,True,True
1052,GNP,3q85,B,6cc9,B,4,[32],[32],GNP,GNP,1.788556694984436,4.497241973876953,0.6939359903335571,0.7768229246139526,0.9996069073677064,0.8435811400413513,holo_holo_subset,False,True,True
1053,GTP,1plk,A,3doe,A,4,[32],[32],GTP,GTP,0.8444187641143799,4.271103382110596,0.7969448566436768,0.8147673010826111,0.8766220808029175,0.8110715746879578,holo_holo_subset,True,True,True
1054,ADP,2xgj,B,5ean,A,4,[27],[27],ADP,ADP,2.9859249591827397,3.818759679794312,1.0449750423431396,0.7105914354324341,0.9387906193733216,1.0133180618286133,holo_holo_subset,False,False,True
1055,SAM,3tka,A,4qtu,B,4,[27],[27],SAM,SAM,1.0274282693862915,4.780548572540283,0.6299390196800232,0.8447953462600708,0.9591816067695618,0.7901611328125,holo_holo_subset,False,True,True
1056,MG,6kyk,C,8a3v,A,4,[1],[1],MG,MG,1.9776710271835327,4.202491283416748,0.6134377717971802,0.7932729125022888,0.9843385815620422,0.7961613535881042,holo_holo_subset,False,True,True
1057,GDP,2atv,A,6cy5,B,4,[28],[28],GDP,GDP,1.0909831523895264,4.569772243499756,0.6028673052787781,0.8342047929763794,0.9953567981719972,0.7281947135925293,holo_holo_subset,False,True,True
1058,GNP,1z08,C,5di3,B,4,[32],[32],GNP,GNP,1.068329095840454,4.846508026123047,0.4788721203804016,0.8432601094245911,0.9096469879150392,0.697257936000824,holo_holo_subset,False,True,True
1059,GNP,1wf3,A,6cc9,B,4,[32],[32],GNP,GNP,1.8118817806243896,4.479558944702148,0.8378570675849915,0.7910085320472717,0.9711809754371644,0.8439293503761292,holo_holo_subset,False,True,True
1060,UDP,2wtx,D,4pqg,A,4,[25],[25],UDP,UDP,0.8387197852134705,4.461743354797363,0.7544336915016174,0.8447141647338867,0.9990355372428894,0.8731048107147217,holo_holo_subset,True,True,True
1061,NAI,2a92,C,4fw8,A,4,[44],[44],NAI,NAI,2.1429708003997803,4.550680637359619,0.6783732175827026,0.8085636496543884,0.9593039155006408,0.7622634172439575,holo_holo_subset,False,False,True
1062,SAH,1zg3,A,3ofk,A,4,[26],[26],SAH,SAH,1.166430115699768,4.391772747039795,0.7583982944488525,0.783351480960846,0.9623110890388488,0.772055447101593,holo_holo_subset,False,True,True
1063,GNP,5di3,B,6cc9,B,4,[32],[32],GNP,GNP,1.8228858709335327,4.492133617401123,0.7888756990432739,0.7888669967651367,0.933771550655365,0.9295432567596436,holo_holo_subset,False,True,True
1064,GDP,4esv,C,5wds,A,4,[28],[28],GDP,GDP,3.191659927368164,4.16282320022583,0.5918862223625183,0.7980958223342896,0.9912018179893494,0.8014687895774841,holo_holo_subset,False,False,True
1065,NAD,4nr0,A,5cee,A,4,[44],[44],NAD,NAD,2.371908664703369,4.382641792297363,0.7623074650764465,0.824753999710083,0.9471568465232848,0.7359597086906433,holo_holo_subset,False,False,True
1066,GNP,3ftq,B,6kyk,C,4,[32],[32],GNP,GNP,1.0847129821777344,4.740626811981201,0.5812497735023499,0.8569034337997437,0.9901644587516784,0.7170318365097046,holo_holo_subset,False,True,True
1067,GNP,2ywf,A,5de3,A,4,[32],[32],GNP,GNP,1.1232529878616333,4.84615421295166,0.4722437262535095,0.8546206951141357,0.9975139498710632,0.6969686150550842,holo_holo_subset,False,True,True
1068,GNP,1wf3,A,2ywf,A,4,[32],[32],GNP,GNP,0.536497950553894,4.836770057678223,0.4309926331043243,0.863189697265625,0.9941667318344116,0.6922863125801086,holo_holo_subset,True,True,True
1069,NDP,5c37,A,8b9z,P,4,[48],[48],NDP,NDP,1.3388879299163818,4.560153961181641,0.5896660089492798,0.8095428347587585,0.999115228652954,0.7666211128234863,holo_holo_subset,False,True,True
1070,SAM,3fpj,B,3mte,A,4,[26],[27],SAM,SAM,1.6306170225143433,4.435616970062256,0.6151063442230225,0.8066650032997131,0.9899954199790956,0.7274165749549866,holo_holo_subset,False,True,True
1071,GNP,5de3,A,6cu6,C,4,[32],[32],GNP,GNP,0.2549930214881897,4.870277404785156,0.4645442366600036,0.8493080139160156,0.9119460582733154,0.7016395330429077,holo_holo_subset,True,True,True
1072,ADP,2awn,D,3zq6,B,4,[27],[27],ADP,ADP,2.927513837814331,3.858796119689941,0.7614786624908447,0.7412334084510803,0.8891741633415222,0.7944349050521851,holo_holo_subset,False,False,True
1073,ANP,3b7g,A,4w7s,B,4,[31],[31],ANP,ANP,2.951344966888428,4.292883396148682,0.654754638671875,0.7853353023529053,0.986204206943512,0.7900274395942688,holo_holo_subset,False,False,True
1074,NAP,2y05,A,4zqb,B,4,[48],[48],NAP,NAP,1.8434542417526243,4.542611598968506,0.666477620601654,0.8207777142524719,0.9635199308395386,0.744683563709259,holo_holo_subset,False,True,True
1075,NDP,1o8c,A,3anl,A,4,[48],[48],NDP,NDP,2.062908411026001,4.502023220062256,0.7027367353439331,0.8146242499351501,0.8363292813301086,0.6997542381286621,holo_holo_subset,False,False,True
1076,ACO,1b87,A,4jwp,A,4,[51],[51],ACO,ACO,1.5797768831253052,4.73845100402832,0.5233892202377319,0.8632408380508423,0.9989593029022216,0.7331620454788208,holo_holo_subset,False,True,True
1077,GDP,2bov,A,3o47,A,4,[28],[28],GDP,GDP,0.9606282114982604,4.7460103034973145,0.5454198122024536,0.8351057171821594,0.9278077483177184,0.6881974339485168,holo_holo_subset,True,True,True
1078,UDP,2acv,A,5e9u,A,4,[25],[25],UDP,UDP,1.5317349433898926,4.054219722747803,0.92199045419693,0.7695220112800598,0.9875264763832092,0.8171961903572083,holo_holo_subset,False,True,True
1079,ACO,3dr8,A,6ao7,A,4,[51],[51],ACO,ACO,1.4752609729766846,4.705265045166016,0.5849929451942444,0.837517499923706,0.999178946018219,0.8064627647399902,holo_holo_subset,False,True,True
1080,NAD,3nrc,A,4xgi,A,4,[44],[44],NAD,NAD,1.4079921245574951,4.4298176765441895,0.7706197500228882,0.8323928117752075,0.9956587553024292,0.7490442991256714,holo_holo_subset,False,True,True
1081,ANP,4lrj,A,5gz9,A,4,[31],[31],ANP,ANP,1.409810185432434,3.974813938140869,0.6777638792991638,0.8218644261360168,0.9730423092842102,0.7721708416938782,holo_holo_subset,False,True,True
1082,SAM,3fpj,B,6rie,O,4,[27],[27],SAM,SAM,2.819552183151245,4.225590229034424,0.7487115263938904,0.7651236057281494,0.9957480430603028,0.8217169642448425,holo_holo_subset,False,False,True
1083,NAI,4fw8,A,6ct6,B,4,[44],[44],NAI,NAI,2.1155781745910645,4.572035789489746,0.7222087979316711,0.8154720664024353,0.9498203992843628,0.7567073106765747,holo_holo_subset,False,False,True
1084,SAM,1i9g,A,3t7s,A,4,[27],[27],SAM,SAM,1.4091756343841553,4.78201961517334,0.7464044690132141,0.8416131734848022,0.9401904344558716,0.7720478177070618,holo_holo_subset,False,True,True
1085,NAD,2c20,A,5i9n,A,4,[44],[44],NAD,NAD,1.0189881324768066,4.438515663146973,0.7036740779876709,0.7866514921188354,0.816976010799408,0.7663744688034058,holo_holo_subset,False,True,True
1086,NDP,5c37,A,5vg6,B,4,[48],[48],NDP,NDP,2.1404404640197754,4.46427059173584,0.6700075268745422,0.8033875226974487,0.9410315155982972,0.7336911559104919,holo_holo_subset,False,False,True
1087,GNP,2ywf,A,6cu6,C,4,[32],[32],GNP,GNP,1.0752817392349243,4.825192928314209,0.4690372049808502,0.8505716919898987,0.9752819538116456,0.7116374373435974,holo_holo_subset,False,True,True
1088,GNP,1z08,C,6cc9,B,4,[32],[32],GNP,GNP,1.927120327949524,4.649585247039795,0.6959629058837891,0.7994712591171265,0.9993330240249634,0.8220982551574707,holo_holo_subset,False,True,True
1089,PLP,2x3l,B,4uqv,G,4,[15],[15],PLP,PLP,1.131638765335083,4.585801601409912,0.8022266030311584,0.8428567051887512,0.9913353323936462,0.7727577090263367,holo_holo_subset,False,True,True
1090,NAD,1lss,A,2dvm,A,4,[44],[44],NAD,NAD,4.057657718658447,4.518718242645264,0.7267453074455261,0.8325696587562561,0.9900310635566713,0.7363297343254089,holo_holo_subset,False,False,False
1091,ACO,1b87,A,6v3t,A,4,[51],[51],ACO,ACO,2.5115747451782227,4.676988124847412,0.4785653948783874,0.8616483807563782,0.992379367351532,0.7195197939872742,holo_holo_subset,False,False,True
1092,GTP,1svw,A,2v55,D,4,[32],[32],GTP,GTP,0.9973127841949464,4.789968490600586,0.7383577227592468,0.8549745678901672,0.9052572250366212,0.7505689859390259,holo_holo_subset,True,True,True
1093,UTP,5ve7,A,6g9w,B,4,[29],[29],UTP,UTP,1.2584441900253296,4.271162986755371,0.775165319442749,0.829819917678833,0.9707939624786376,0.8532271981239319,holo_holo_subset,False,True,True
1094,FE,1wb7,A,8avl,A,4,[1],[1],FE,FE,0.2288202047348022,4.398101329803467,0.4755152761936188,0.8670307397842407,0.9984182119369508,0.8319587707519531,holo_holo_subset,True,True,True
1095,NAP,5h81,B,5uzx,A,4,[48],[48],NAP,NAP,2.223022699356079,4.617825984954834,0.8144662380218506,0.8216513991355896,0.9895557165145874,0.7582998871803284,holo_holo_subset,False,False,True
1096,GNP,5xkt,A,6cu6,C,4,[32],[32],GNP,GNP,0.9549650549888612,4.53103494644165,0.525350034236908,0.8260534405708313,0.9870655536651612,0.7112065553665161,holo_holo_subset,True,True,True
1097,NAI,4fw8,A,4plt,B,4,[44],[44],NAI,NAI,2.1345181465148926,4.69741153717041,0.6765226125717163,0.8365623354911804,0.957852840423584,0.7326803207397461,holo_holo_subset,False,False,True
1098,ACO,1b87,A,4ava,A,4,[51],[51],ACO,ACO,2.0167977809906006,4.657190799713135,0.5310419797897339,0.8660740852355957,0.9989200830459596,0.7551310658454895,holo_holo_subset,False,False,True
1099,NDP,3anl,A,4tqg,A,4,[48],[48],NDP,NDP,1.346555471420288,4.286205768585205,0.8260151147842407,0.784038245677948,0.9023756980895996,0.7097128033638,holo_holo_subset,False,True,True
1100,SAM,3t7s,A,6rie,O,4,[27],[27],SAM,SAM,2.4634432792663574,4.612316131591797,0.5919288992881775,0.824533998966217,0.9946986436843872,0.8054618835449219,holo_holo_subset,False,False,True
1101,GNP,4zi2,A,6cu6,C,4,[32],[32],GNP,GNP,1.006037950515747,4.908375263214111,0.513361930847168,0.8540480136871338,0.8739815354347229,0.7038291096687317,holo_holo_subset,False,True,True
1102,NDP,1xhl,A,5c37,A,4,[48],[48],NDP,NDP,1.3292043209075928,4.66970682144165,0.6956747770309448,0.8280158638954163,0.99876070022583,0.7553882002830505,holo_holo_subset,False,True,True
1103,SAM,3mte,A,4ax8,A,4,[27],[26],SAM,SAM,0.8292418718338013,4.604031085968018,0.5988152623176575,0.8162353038787842,0.904504120349884,0.7301216721534729,holo_holo_subset,True,True,True
1104,ADP,2hyd,A,6c90,A,4,[27],[27],ADP,ADP,3.571448802947998,4.046629905700684,0.9999047517776488,0.7585576176643372,0.9764499068260192,0.8164405226707458,holo_holo_subset,False,False,True
1105,BEF,3a10,A,7lza,A,4,[4],[4],BEF,BEF,1.84074068069458,4.9719719886779785,0.5380066633224487,0.8677896857261658,0.979718029499054,0.6784602999687195,holo_holo_subset,False,True,True
1106,ANP,5dzc,A,5gz9,A,4,[31],[31],ANP,ANP,1.2924007177352903,4.260894775390625,0.569900393486023,0.8211607933044434,0.9928451180458068,0.834194004535675,holo_holo_subset,False,True,True
1107,SAH,3vse,A,5icc,A,4,[26],[26],SAH,SAH,0.9530588388442992,4.516824722290039,0.7579909563064575,0.8215678334236145,0.9286609292030334,0.7306828498840332,holo_holo_subset,True,True,True
1108,UDP,2p73,A,5ggi,B,4,[25],[25],UDP,UDP,1.778488039970398,4.236774921417236,0.8230665326118469,0.8075778484344482,0.9735245108604432,0.810028612613678,holo_holo_subset,False,True,True
1109,GNP,3q85,B,6kyk,C,4,[32],[32],GNP,GNP,0.7121926546096802,5.095833778381348,0.3539320826530456,0.8826634883880615,0.9701346158981324,0.6626564264297485,holo_holo_subset,True,True,True
1110,AKG,3nnf,A,4xcb,A,4,[10],[10],AKG,AKG,1.7931135892868042,4.314187526702881,0.677423894405365,0.8609492182731628,0.9877243638038636,0.8156126141548157,holo_holo_subset,False,True,True
1111,ADP,4ax8,A,5gza,A,4,[27],[27],ADP,ADP,1.3091025352478027,3.680639743804932,0.7919348478317261,0.7535040378570557,0.8610344529151917,0.8136416673660278,holo_holo_subset,False,True,True
1112,HEC,1cyc,A,1gjq,A,4,[43],[43],HEC,HEC,0.9893338680267334,3.7049293518066406,0.7866065502166748,0.7186383605003357,0.9954078197479248,0.738808274269104,holo_holo_subset,True,True,True
1113,ATP,4ymu,J,5o6m,D,4,[31],[31],ATP,ATP,6.1579179763793945,3.863595485687256,0.7982254028320312,0.7941381931304932,0.9601431488990784,0.7908751368522644,holo_holo_subset,False,False,False
1114,SAM,3mte,A,5zw4,A,4,[27],[26],SAM,SAM,1.2001640796661377,4.658611297607422,0.7410282492637634,0.8274186849594116,0.9914379119873048,0.767776608467102,holo_holo_subset,False,True,True
1115,UDP,3hbn,A,5e9u,A,4,[25],[25],UDP,UDP,1.3406779766082764,4.275915145874023,0.961031138896942,0.799081563949585,0.970463216304779,1.0320950746536257,holo_holo_subset,False,True,True
1116,SAM,3mte,A,3sxj,A,4,[27],[26],SAM,SAM,0.8239482641220093,4.492609977722168,0.5135327577590942,0.7916545867919922,0.8819532990455627,0.7174552083015442,holo_holo_subset,True,True,True
1117,UDP,5e9u,A,7zer,A,4,[25],[25],UDP,UDP,1.31325364112854,4.084578514099121,0.8646344542503357,0.7838495373725891,0.9831209778785706,0.7742478847503662,holo_holo_subset,False,True,True
1118,SAM,3fpj,B,4qtu,B,4,[27],[27],SAM,SAM,1.4952527284622192,4.479477882385254,0.6778883934020996,0.78598952293396,0.9783751368522644,0.7365392446517944,holo_holo_subset,False,True,True
1119,ACP,4ueu,A,7kjc,A,4,[31],[31],ACP,ACP,2.122799634933472,4.962314605712891,0.4874151647090912,0.8703771829605103,0.9340407252311708,0.7855328917503357,holo_holo_subset,False,False,True
1120,SAM,2uyq,A,6rie,O,4,[27],[17],SAM,SAM,2.570942640304565,4.254417896270752,0.7040972113609314,0.7747248411178589,0.9825329780578612,0.8179317712783813,holo_holo_subset,False,False,True
1121,SAM,3t7s,A,5zw4,A,4,[27],[27],SAM,SAM,1.2546242475509644,4.645912170410156,0.7564849257469177,0.8228797316551208,0.8478545546531677,0.7277204394340515,holo_holo_subset,False,True,True
1122,UDP,5e9u,A,7bv3,B,4,[25],[25],UDP,UDP,1.5066593885421753,4.055241584777832,0.9181960225105286,0.7675339579582214,0.9805774688720704,0.8562741279602051,holo_holo_subset,False,True,True
1123,UDP,2wtx,D,7zer,A,4,[25],[25],UDP,UDP,1.5840754508972168,3.706864833831787,1.0605747699737549,0.7758105993270874,0.9483011364936828,0.9137443900108336,holo_holo_subset,False,True,True
1124,ACO,3dr8,A,7ovu,A,4,[51],[51],ACO,ACO,1.4650768041610718,4.550321578979492,0.7542598247528076,0.8254309296607971,0.9710202217102052,0.7623974084854126,holo_holo_subset,False,True,True
1125,SAM,3dou,A,3mte,A,4,[26],[27],SAM,SAM,0.9253348112106324,4.454106330871582,0.627515435218811,0.8109918832778931,0.9734431505203248,0.7185426950454712,holo_holo_subset,True,True,True
1126,ADP,3ug7,A,4edh,B,4,[27],[27],ADP,ADP,1.5460634231567385,4.274840354919434,0.6179872751235962,0.8187857866287231,0.9648588299751282,0.7665963172912598,holo_holo_subset,False,True,True
1127,ADP,3kb1,A,4edh,B,4,[27],[27],ADP,ADP,1.76046621799469,4.294118404388428,0.6800681352615356,0.8044148087501526,0.9656705856323242,0.7430984377861023,holo_holo_subset,False,True,True
1128,UDP,5e9u,A,5v0t,E,4,[25],[25],UDP,UDP,1.2716820240020752,4.395562648773193,0.8588446378707886,0.8448433876037598,0.9875147342681884,0.8629761934280396,holo_holo_subset,False,True,True
1129,ADP,2awn,B,5m32,h,4,[27],[27],ADP,ADP,3.1312997341156006,4.161611557006836,0.9563376903533936,0.7989856600761414,0.9886283278465272,0.786678671836853,holo_holo_subset,False,False,True
1130,ANP,2wtk,C,3fxx,A,4,[31],[27],ANP,ANP,1.5537022352218628,4.780697822570801,0.5642513036727905,0.8693252801895142,0.9314013123512268,0.7870145440101624,holo_holo_subset,False,True,True
1131,UPG,2icy,B,5i1f,A,4,[36],[36],UPG,UPG,0.9627206921577454,4.051685810089111,0.8054361939430237,0.7970723509788513,0.9738293886184692,0.8999872207641602,holo_holo_subset,True,True,True
1132,GTP,2v55,D,3doe,A,4,[32],[32],GTP,GTP,1.0693063735961914,4.896557807922363,0.5691300630569458,0.8436070680618286,0.9497268199920654,0.7531822323799133,holo_holo_subset,False,True,True
1133,ATP,4v02,A,6ugd,E,4,[31],[31],ATP,ATP,1.5593373775482178,3.87252688407898,0.7712988257408142,0.7215161323547363,0.981525421142578,0.8647230267524719,holo_holo_subset,False,True,True
1134,ADP,1xjq,A,4d26,A,4,[27],[27],ADP,ADP,8.173113822937012,3.611949920654297,0.9034423232078552,0.729614794254303,0.7765783667564392,0.7829352617263794,holo_holo_subset,False,False,False
1135,ADP,3kb1,A,8a3v,A,4,[27],[27],ADP,ADP,3.18697452545166,4.064187049865723,0.5566977858543396,0.7500354051589966,0.9840476512908936,0.8099510669708252,holo_holo_subset,False,False,True
1136,TPP,3ai7,A,4c7x,A,4,[26],[26],TPP,TPP,0.9301280379295348,3.98173713684082,0.8270071744918823,0.7665668725967407,0.9492592811584472,0.9195523262023926,holo_holo_subset,True,True,True
1137,UDP,2wtx,D,5e9u,A,4,[25],[25],UDP,UDP,1.255231857299805,4.315352439880371,0.849352240562439,0.8276898860931396,0.9996054172515868,0.8921946883201599,holo_holo_subset,False,True,True
1138,ACO,1hm8,A,4isx,A,4,[51],[51],ACO,ACO,7.015309810638428,4.346879005432129,0.6329200863838196,0.871997058391571,0.9677935242652892,0.7846803069114685,holo_holo_subset,False,False,False
1139,ADP,2uvq,A,3h4m,A,4,[27],[27],ADP,ADP,1.659821391105652,4.247557163238525,0.7293132543563843,0.7904964685440063,0.9861986041069032,0.7906366586685181,holo_holo_subset,False,True,True
1140,UDP,2d7i,A,2p73,A,4,[25],[25],UDP,UDP,2.1372828483581543,4.339946746826172,0.899644136428833,0.8070521354675293,0.8478670120239258,0.7611314058303833,holo_holo_subset,False,False,True
1141,MG,2p88,A,3d46,A,4,[1],[1],MG,MG,0.6933468580245972,4.767719745635986,0.6804230809211731,0.8693701028823853,0.9436732530593872,0.8188378214836121,holo_holo_subset,True,True,True
1142,TPP,4c7x,A,6efg,D,4,[26],[26],TPP,TPP,1.1607328653335571,4.513545036315918,0.7640284299850464,0.8554957509040833,0.9935027360916138,0.8052640557289124,holo_holo_subset,False,True,True
1143,CU,1cur,A,1nwo,A,4,[1],[1],CU,CU,0.1558893024921417,4.488976955413818,0.7030675411224365,0.8592848777770996,0.9893401265144348,0.7223845720291138,holo_holo_subset,True,True,True
1144,FE,4ffk,A,8avl,A,4,[1],[1],FE,FE,0.0511739142239093,4.643204212188721,0.33792844414711,0.89000403881073,0.9991861581802368,0.8068925738334656,holo_holo_subset,True,True,True
