ligand_id,tar_protein,tar_chain,src_protein,src_chain,cath_degree,src_ligand_n_atoms,tar_ligand_n_atoms,src_ligand,tar_ligand,ligand_rmsd,embedding_similarity,corr_rmsd,entropy,atom_type_fraction,radius_of_gyration,ligand_rmsd_loss
FUC,apo84a68ef5a8,A,2ygq,A,0,[10],[10],FUC,FUC,39.6749334577051,2.5647494792938232,1.648175835609436,0.707057774066925,0.5430030822753906,1.4800184965133667,7.986912250518799
FE,6l3w,A,apoc9f78f2906,A,0,[1],[1],FE,FE,0.6651169379703693,2.051422595977783,1.4435391426086426,0.724994421005249,0.3908644616603851,0.9360498785972596,0.6236377358436584
FE2,apoc49b4bd58c,A,4oj8,B,0,[1],[1],FE2,FE2,28.335668891570748,2.8723068237304688,1.3055614233016968,0.7375636100769043,0.7488268613815308,1.0189462900161743,7.391463279724121
ZN,4mvt,A,apofa0c1c8df1,A,0,[1],[1],ZN,ZN,2.4289244618264245,2.4628491401672363,1.4423861503601074,0.6694139838218689,0.9407312273979188,1.319571852684021,1.9542515277862549
FPS,apo8bc48c83c6,A,4u82,A,0,[24],[20],FPS,FPS,12.533523573976861,2.25174880027771,1.7443090677261353,0.6560086011886597,0.7764948606491089,1.3102846145629885,5.562167644500732
OAA,3msu,B,apof4a6fc1f1a,A,0,[9],[9],OAA,OAA,23.900510103462608,2.478610754013061,1.705349087715149,0.6879650950431824,0.7685974836349487,1.4188036918640137,7.050191879272461
AR6,apo85fe52a995,A,8bau,A,0,[36],[36],AR6,AR6,8.575086759385385,2.331995010375977,1.5003631114959717,0.6959159970283508,0.9030097126960754,1.1878489255905151,4.616445064544678
AKG,4hg3,A,apo754fdde920,A,0,[10],[9],AKG,AKG,10.214167899798973,2.4111075401306152,1.3903825283050537,0.7213447690010071,0.7002862095832825,1.173420786857605,5.052974700927734
PMB,apo8a6ee92d4c,A,3oxh,A,0,[11],[11],PMB,PMB,21.025941843520457,2.297173023223877,1.502464771270752,0.6983928680419922,0.7975473403930664,1.0598913431167605,6.776890754699707
ATP,3vnq,A,apo11c2714ce6,A,0,[31],[31],ATP,ATP,6.641537544400503,2.288705348968506,1.5413154363632202,0.738310694694519,0.8031625747680664,1.1890668869018557,3.9909398555755615
PNS,2lml,A,apo36a4b7f8ef,A,0,[21],[21],PNS,PNS,19.292299337500072,2.0032224655151367,1.4968769550323486,0.6878577470779419,0.9578065276145936,1.06092631816864,6.5861334800720215
COA,apo577a70e23b,A,1xvt,A,0,[48],[48],COA,COA,8.330693916381383,2.525637149810791,1.6230955123901367,0.7612578272819519,0.8148652911186218,1.115788817405701,4.544669151306152
CO,2xvz,A,apo634102baf3,A,0,[1],[1],CO,CO,21.620425585809986,2.1778132915496826,1.4739766120910645,0.7483833432197571,0.8015461564064026,0.995875895023346,6.83748722076416
GTP,2v55,D,apo141a89905f,A,0,[32],[32],GTP,GTP,14.664733304997018,2.443697929382324,1.4630725383758545,0.7511485815048218,0.58367919921875,1.0448473691940308,5.9456281661987305
WO4,apobe40f57703,A,3cg3,A,0,[5],[5],WO4,WO4,11.11329578117056,2.5302176475524902,1.6092469692230225,0.6995013356208801,0.5810136795043945,1.0957562923431396,5.26364803314209
WO4,apobe40f57703,A,3cg1,A,0,[5],[5],WO4,WO4,15.30463815964513,2.620551347732544,1.6451127529144287,0.6744776368141174,0.8138392567634583,1.0968111753463743,6.048155307769775
PNS,4h2y,D,apo36a4b7f8ef,A,0,[21],[21],PNS,PNS,12.040511243944815,2.1808536052703857,1.1173158884048462,0.6550053358078003,0.9634363651275636,0.8744425773620605,5.462900161743164
OAA,2h12,B,apof4a6fc1f1a,A,0,[9],[9],OAA,OAA,3.5434759921346317,2.1412346363067627,1.648356556892395,0.7152685523033142,0.8436343669891357,1.2714722156524658,2.616371154785156
WO4,apobe40f57703,A,3cfz,A,0,[5],[5],WO4,WO4,10.111750702182,2.4860165119171143,1.707916259765625,0.6818942427635193,0.7385382652282715,1.104701280593872,5.027782440185547
FE2,apo37cf2e80a1,A,4r88,B,0,[1],[1],FE2,FE2,3.6677151331927234,2.687001466751098,1.5749882459640503,0.705097496509552,0.7872442603111267,1.256971836090088,2.683488130569458
NDP,4b7f,A,apocbfde54817,A,0,[48],[48],NDP,NDP,24.048909328660027,2.1300528049468994,1.9475477933883667,0.5933020710945129,0.8741245269775391,1.346877098083496,7.063048362731934
CU1,apo5def8d15d8,A,4m1p,A,0,[1],[1],CU1,CU1,36.4621534810414,2.4159767627716064,1.6326380968093872,0.6750433444976807,0.6086573600769043,1.4149894714355469,7.847710609436035
AKG,4qkb,A,apoa06a38fda5,A,0,[10],[10],AKG,AKG,12.271164967246131,2.1828320026397705,1.463068604469299,0.7090445160865784,0.7108473777770996,1.1308194398880005,5.509889125823975
OXY,apofab7035337,A,4yu3,A,0,[2],[2],OXY,OXY,1.2872837014730925,2.8324732780456543,1.6105090379714966,0.7471288442611694,0.8221814632415771,1.0553669929504397,1.1404725313186646
AR6,apoe68095a123,A,8bau,A,0,[36],[36],AR6,AR6,5.352049617273399,2.527313232421875,1.4405903816223145,0.7589120268821716,0.7504002451896667,1.0276063680648804,3.4862117767333984
FE,apo0d054537d5,A,6wb6,A,0,[1],[1],FE,FE,3.052526636940971,2.3532040119171143,1.5527606010437012,0.7010312676429749,0.8858788013458252,0.99122416973114,2.3386480808258057
COA,1kru,A,apo034597ae6f,A,0,[48],[48],COA,COA,23.084202263129864,2.421173095703125,1.7055270671844482,0.6448885202407837,0.8918601870536804,1.1112321615219116,6.977409362792969
AKG,1nx4,C,apo754fdde920,A,0,[10],[10],AKG,AKG,1.8331368763081912,4.189609527587891,0.7943373322486877,0.8664702773094177,0.9841607213020324,0.87537682056427,1.5491554737091064
PYR,apo0305834168,A,3di1,B,0,[5],[6],PYR,PYR,10.562045372252427,2.666190385818481,1.445045828819275,0.727652370929718,0.8443388342857361,1.1507848501205444,5.1366705894470215
PNS,4h2w,D,apo36a4b7f8ef,A,0,[21],[21],PNS,PNS,13.534719218717418,2.361017227172852,1.5351531505584717,0.6716200113296509,0.9887022376060486,1.0377142429351809,5.750958442687988
CO,apo7f5816a39c,A,4q0p,A,0,[1],[1],CO,CO,30.862058752926583,2.3324108123779297,1.561724305152893,0.7468200922012329,0.446347028017044,1.225070238113403,7.552742004394531
CO,apoa708248ee5,A,4q0p,A,0,[1],[1],CO,CO,28.930439113549276,2.2041332721710205,1.3905812501907349,0.7116564512252808,0.9132970571517944,1.3096275329589844,7.431315898895264
NDP,apo362fa2b55d,A,6rjr,A,0,[48],[48],NDP,NDP,24.15590380362023,2.739089012145996,1.3817867040634155,0.693021833896637,0.9088199138641356,1.1494874954223633,7.072248458862305
ANP,apo5ae68c8b06,A,7x4n,E,0,[31],[31],ANP,ANP,2.5555266386274242,3.061065435409546,1.4879934787750244,0.7307251691818237,0.5340166687965393,1.1524348258972168,2.0353798866271973
AKG,3bn1,A,apoe86394f4a0,A,0,[10],[10],AKG,AKG,3.2786981208648154,2.9670541286468506,1.495768666267395,0.7311985492706299,0.8370641469955444,1.1523445844650269,2.4691412448883057
ZN,apo5ce07ebf0e,A,2i2r,L,0,[1],[1],ZN,ZN,32.562347696391114,2.3494322299957275,1.432331919670105,0.7521011829376221,0.9343055486679076,1.235921025276184,7.650505542755127
GAL,apo7061dca62c,A,7byv,A,0,[12],[12],GAL,GAL,25.922297668234606,2.18928337097168,1.3401492834091189,0.7330528497695923,0.8347630500793457,1.0870802402496338,7.216213703155518
WO4,apobe40f57703,A,2hcm,A,0,[5],[5],WO4,WO4,11.886103039651886,2.619722843170166,1.6130881309509275,0.6789079308509827,0.9231215715408324,1.1804893016815186,5.4308905601501465
SAM,apofd7fa63b48,A,3ou7,A,0,[27],[27],SAM,SAM,17.268926897916934,2.3914122581481934,1.5752378702163696,0.7277228236198425,0.924330234527588,1.268571853637695,6.332822322845459
ZN,apo2b03c46658,A,3bvo,A,0,[1],[1],ZN,ZN,0.821282242419969,2.20850133895874,1.515007495880127,0.7159982323646545,0.2935183346271515,1.1223673820495603,0.75895094871521
COA,1kru,A,apo8a016eb0da,A,0,[48],[48],COA,COA,22.751629302790686,2.4707632064819336,1.4715632200241089,0.7535570859909058,0.7466564774513245,1.152629256248474,6.946716785430908
MN,apo74272096bc,A,5avp,A,0,[1],[1],MN,MN,2.2103313225689143,2.1559975147247314,1.502458930015564,0.7153792977333069,0.6492137312889099,1.1984047889709473,1.8102140426635744
RBF,apo9e85e46298,A,5kbw,B,0,[27],[27],RBF,RBF,7.215055457273679,2.7205214500427246,1.3996144533157349,0.7627155184745789,0.7743751406669617,1.061598539352417,4.191131114959717
SAH,3orh,A,apoa53a2dbad6,A,0,[26],[26],SAH,SAH,1.5018387622702758,4.425883293151856,0.6960688233375549,0.7902286052703857,0.9910221099853516,0.7923158407211304,1.3057379722595217
FAD,apo5399548934,A,6gna,A,0,[53],[53],FAD,FAD,7.289454114954583,2.537419319152832,1.5450869798660278,0.6745585799217224,0.860055685043335,0.9763615131378174,4.216127395629883
BMA,5swi,B,apo7acc86e0e7,A,0,[12],[12],BMA,BMA,11.31837637920254,2.2508933544158936,1.5273572206497192,0.6849546432495117,0.7848916053771973,1.1586790084838867,5.309211254119873
MN,apoc169d5ed6a,A,5c5u,B,0,[1],[1],MN,MN,4.25269584610243,2.5052947998046875,1.526208996772766,0.7815916538238525,0.8400432467460632,0.987644374370575,2.983783483505249
ZN,apo0c61404c84,A,4gua,A,0,[1],[1],ZN,ZN,38.06214945763836,2.0800843238830566,1.623176097869873,0.5900797843933105,0.35672527551651,2.0778615474700928,7.919360637664795
AKG,1nx4,C,apoe86394f4a0,A,0,[10],[10],AKG,AKG,1.8986061455619443,4.073832511901856,0.7135846018791199,0.8524478673934937,0.9910967350006104,0.8492521643638611,1.5956542491912842
NDP,apocc56e816c8,A,4b7f,A,0,[48],[48],NDP,NDP,12.206898654933406,2.362759590148926,1.750563383102417,0.6938766837120056,0.8673836588859558,1.3473244905471802,5.496894836425781
MN,apoc476e130f7,A,4chg,A,0,[1],[1],MN,MN,3.6030481073220217,2.6793291568756104,1.4860080480575562,0.7484238743782043,0.9415435194969176,1.1203268766403198,2.6487064361572266
AYE,8bs3,A,apof8eb140bc8,A,0,[4],[4],AYE,AYE,34.382591264479906,1.4892163276672363,1.3569400310516355,0.5875614285469055,0.8652522563934326,1.522491455078125,7.746864318847656
CU1,apo3454353519,A,4m1p,A,0,[1],[1],CU1,CU1,14.497587623926089,2.4064955711364746,1.5306323766708374,0.7016168236732483,0.8757243156433105,0.9671661257743835,5.917965412139893
FE2,apo80526afb52,A,5zur,B,0,[1],[1],FE2,FE2,4.594954979532355,2.221775531768799,1.5031236410140991,0.6998066902160645,0.8709369897842407,1.0584659576416016,3.148317337036133
ATP,apod4392cef85,A,6tdz,C,0,[31],[31],ATP,ATP,27.40000859585006,2.183174133300781,1.573047161102295,0.7084968686103821,0.9382646083831788,1.1276253461837769,7.3262038230896
CO,3dwc,B,apoa7721c0af3,A,0,[1],[1],CO,CO,2.0505207177222733,2.3709399700164795,1.4123386144638062,0.7086354494094849,0.4086142182350158,1.295961618423462,1.7016034126281738
COA,1kru,A,apofe063bf0b9,A,0,[27],[48],COA,COA,27.83934761537368,2.4733142852783203,1.4986116886138916,0.7127017378807068,0.5186272263526917,1.2825363874435425,7.357248306274414
NAD,4han,A,apo1a92a18e19,A,0,[44],[44],NAD,NAD,17.72849359646476,2.4920568466186523,1.5483108758926392,0.6854656338691711,0.9277781248092652,1.0618829727172852,6.393601417541504
FMN,apo14e959aa0c,A,6cmz,A,0,[31],[31],FMN,FMN,28.842909691687073,2.7958688735961914,1.505142331123352,0.6837003827095032,0.651450514793396,1.0723719596862793,7.425527572631836
SAM,3kkz,A,apo218b3ecdc8,A,0,[27],[27],SAM,SAM,1.9387889653906243,4.530807971954346,0.8038479089736938,0.8096690773963928,0.9896873235702516,0.786944568157196,1.6239410638809204
FE2,5zur,B,apo1c765845fe,A,0,[1],[1],FE2,FE2,0.9509111054444414,2.4236645698547363,1.5955837965011597,0.7197045683860779,0.8373522758483887,1.063393473625183,0.8683397173881531
CO,3dwc,B,apo7a12359999,A,0,[1],[1],CO,CO,1.9606769771503039,2.1525728702545166,1.2981630563735962,0.7325308322906494,0.7110324501991272,0.930013120174408,1.639269232749939
HEM,apo85b5bbc350,A,2ibj,A,0,[43],[43],HEM,HEM,14.511311202832589,2.316959381103516,1.5475586652755735,0.7397603988647461,0.7795894742012024,1.04728364944458,5.92025089263916
NAD,apob53e931f19,A,4han,A,0,[44],[44],NAD,NAD,15.503974050827185,1.9471275806427,1.5305380821228027,0.6312631368637085,0.9352797269821168,1.4625775814056396,6.079042434692383
MN,apo3bc73680d0,A,4ilk,A,0,[1],[1],MN,MN,4.117487080944827,2.700376510620117,1.5539470911026,0.7145637273788452,0.7402762770652771,1.019070386886597,2.916586399078369
PYR,apoc6b5ea69aa,A,3noj,A,0,[6],[6],PYR,PYR,10.338445215768767,2.377272605895996,1.6346601247787476,0.7176766395568848,0.638354480266571,1.304041624069214,5.083203315734863
FE,1xvx,A,apof812dd602f,A,0,[1],[1],FE,FE,27.067362264165613,2.077601432800293,1.599283218383789,0.7107842564582825,0.762924313545227,1.1364960670471191,7.30220890045166
AR6,apof09f83ff21,A,8bau,A,0,[36],[36],AR6,AR6,13.58899498480549,2.5934555530548096,1.7639951705932615,0.6965959668159485,0.7308564186096191,1.243895411491394,5.760735034942627
ACO,4isx,A,apo707c2444cb,A,0,[48],[51],ACO,ACO,6.718138112264405,2.6466636657714844,1.4623290300369265,0.7351177930831909,0.9110947847366332,1.2359511852264404,4.018472671508789
CA,2bl0,C,apo78da5fe39b,A,0,[1],[1],CA,CA,44.8449102538688,2.162303924560547,1.427308201789856,0.6612241864204407,0.8959575891494751,1.174207329750061,8.176676750183105
AKG,4oj8,B,apo754fdde920,A,0,[10],[10],AKG,AKG,1.40423685089795,4.241393089294434,0.834988534450531,0.8619804978370667,0.9370748400688172,0.8465036153793335,1.231329083442688
PYR,apo0305834168,A,3noj,A,0,[6],[6],PYR,PYR,15.295597497931688,2.6033475399017334,1.4761310815811155,0.7115416526794434,0.92753267288208,1.1455957889556885,6.046742916107178
FE,6gq8,A,apoeb7baac587,A,0,[1],[1],FE,FE,1.2665877668713854,2.257784843444824,1.4036191701889038,0.7309188842773438,0.7733336687088013,1.073118805885315,1.1241981983184814
SO3,1yt8,A,apo1ea8151124,A,0,[4],[4],SO3,SO3,15.572058655148652,2.4634742736816406,1.608733296394348,0.7004386186599731,0.4813199341297149,1.0608890056610107,6.089481830596924
AKG,apoe86394f4a0,A,4xgi,A,0,[10],[10],AKG,AKG,3.8962135430155533,2.490743637084961,1.6170445680618286,0.737207293510437,0.907202124595642,1.1825937032699585,2.803795099258423
RBF,apo5d61b7f6bc,A,5kbw,B,0,[27],[27],RBF,RBF,17.137997650798752,2.3124701976776123,1.5612986087799072,0.714187502861023,0.9749661087989808,1.0119370222091677,6.31512975692749
ZN,2glz,A,apo0f3b337454,A,0,[1],[1],ZN,ZN,2.597057740018576,1.7420868873596191,1.6412503719329834,0.674961507320404,0.6331920027732849,1.5034301280975342,2.061638355255127
CO,3dwc,B,apo7f5816a39c,A,0,[1],[1],CO,CO,27.283391550706,2.358344316482544,1.4431812763214111,0.6954846382141113,0.8525426983833313,1.2118664979934692,7.317840576171875
ZN,apo5ce07ebf0e,A,2emk,A,0,[1],[1],ZN,ZN,14.256937883606597,2.528326272964477,1.4661673307418823,0.655611515045166,0.8032683730125427,1.3633136749267578,5.877468109130859
FE2,3gcf,A,apo37cf2e80a1,A,0,[1],[1],FE2,FE2,5.838370607323123,1.985644817352295,1.580906867980957,0.6740085482597351,0.8528324365615845,1.2908538579940796,3.6862192153930655
CA,2n8y,A,apof433deac01,A,0,[1],[1],CA,CA,44.52648854064723,2.469999074935913,1.5632368326187134,0.6861522197723389,0.859074056148529,1.059216856956482,8.16602897644043
PYR,apoc6b5ea69aa,A,3di1,B,0,[5],[6],PYR,PYR,11.403266695787424,2.1393117904663086,1.7185454368591309,0.6865332722663879,0.6627352237701416,1.236749291419983,5.327816009521484
FE,apoca3573a363,A,6wb6,A,0,[1],[1],FE,FE,1.6207488032348223,1.3583252429962158,1.663360834121704,0.6195573806762695,0.520099937915802,1.0766828060150146,1.3947025537490845
PYR,apoc6b5ea69aa,A,4plf,B,0,[6],[6],PYR,PYR,10.64770818681858,1.985584020614624,1.677641749382019,0.6848461031913757,0.5984735488891602,0.9318200945854188,5.1568474769592285
ZN,2en2,A,apo0f3b337454,A,0,[1],[1],ZN,ZN,1.3604865034390878,1.9711544513702397,1.38239586353302,0.6983354091644287,0.6070196032524109,0.9582353234291076,1.1975600719451904
TTP,4xjc,A,apo07a533bd13,A,0,[29],[29],TTP,TTP,24.254293808344052,2.5765247344970703,1.2638293504714966,0.7113967537879944,0.9285233020782472,0.957749605178833,7.080657958984375
SAM,apofd7fa63b48,A,1i9g,A,0,[27],[27],SAM,SAM,23.0017763330996,2.5489284992218018,1.5172104835510254,0.7379248738288879,0.868065595626831,1.1730889081954956,6.969860076904297
PYR,apo0305834168,A,4plf,B,0,[6],[6],PYR,PYR,12.7488933091318,2.7089736461639404,1.4292137622833252,0.6943007707595825,0.4422388076782226,1.1557899713516235,5.60418176651001
ATP,apo4cb460f936,A,4v02,A,0,[31],[9],ATP,ATP,5.437454298748888,2.5863497257232666,1.4715979099273682,0.7075046896934509,0.8000074625015259,1.1380271911621094,3.5222480297088623
FE2,3vb0,A,apo37cf2e80a1,A,0,[1],[1],FE2,FE2,4.634476362201252,2.2051398754119877,1.7524573802947998,0.6755898594856262,0.7512507438659668,1.1594260931015017,3.166820764541626
COA,1a59,A,apo8a016eb0da,A,0,[48],[46],COA,COA,14.91123713517542,2.383743524551392,1.5017940998077393,0.7222141623497009,0.8454592227935791,1.0588706731796265,5.985747337341309
NI,1xm5,A,apof290017a5d,A,0,[1],[1],NI,NI,1.1128290206525067,2.499675273895264,1.455923080444336,0.7654505968093872,0.7704747915267944,1.101944088935852,1.0013912916183472
FE2,apoea8e7659af,A,5zur,B,0,[1],[1],FE2,FE2,0.9438808381773695,1.932356357574463,1.588956594467163,0.728803277015686,0.7333887815475464,1.0512926578521729,0.8624736070632935
ANP,apo5ae68c8b06,A,5ljw,A,0,[31],[31],ANP,ANP,5.73228340018194,2.874462842941284,1.4934344291687012,0.7253821492195129,0.7018185257911682,1.1650649309158323,3.643643617630005
COA,1kru,A,apo53f0c8aada,A,0,[48],[48],COA,COA,27.73246651508802,2.589878559112549,1.3923696279525757,0.7201040387153625,0.927200436592102,1.432780623435974,7.349762439727783
ZN,apo3003e17aa4,A,6iq1,B,0,[1],[1],ZN,ZN,17.443232481638447,2.4458324909210205,1.732255458831787,0.619488000869751,0.9740869998931884,1.199276566505432,6.356114387512207
CA,apo04004f1962,A,2bl0,B,0,[1],[1],CA,CA,44.11125417028973,2.4627509117126465,1.4867011308670044,0.7112603187561035,0.8496410250663757,1.049110770225525,8.151955604553223
MG,2p88,A,apo4abe47b9c1,A,0,[1],[1],MG,MG,27.155751752368225,1.7354695796966553,1.628990650177002,0.7107670903205872,0.9563575387001038,0.9749556183815002,7.308626651763916
NDP,apocc56e816c8,A,6rjr,A,0,[48],[48],NDP,NDP,14.736580994104933,2.316354513168335,1.6830555200576782,0.6867464780807495,0.6371402740478516,1.1634466648101809,5.957404136657715
PYR,apo0305834168,A,5lu4,A,0,[6],[6],PYR,PYR,38.508265005708616,1.8149936199188232,1.4448250532150269,0.5494566559791565,0.6345289349555969,0.9609284996986388,7.938495635986328
AR6,apo6dd2c61d59,A,8bau,A,0,[36],[36],AR6,AR6,14.064250218851763,2.5389068126678467,1.7291938066482544,0.7260072231292725,0.8255758285522461,1.1080522537231443,5.844458103179932
SAM,apofd7fa63b48,A,3dou,A,0,[27],[27],SAM,SAM,23.09247168487015,2.5890085697174072,1.5340670347213743,0.7251192331314087,0.910275399684906,1.3907382488250732,6.9781646728515625
SAM,apofd7fa63b48,A,3kkz,A,0,[27],[27],SAM,SAM,24.15894698384677,2.705078125,1.6277062892913818,0.7536272406578064,0.8519017696380615,1.2322231531143188,7.072509288787842
ATP,1b0u,A,apod4392cef85,A,0,[31],[31],ATP,ATP,32.44043339125887,2.180936336517334,1.698002815246582,0.7310196757316589,0.8971425890922546,1.0181893110275269,7.64375638961792
OXY,apocaef52ba11,A,4yu3,A,0,[2],[2],OXY,OXY,2.0104938450752003,2.4916887283325195,1.4299966096878052,0.7162458300590515,0.8219943642616272,1.1099215745925903,1.6739476919174194
HEM,apo7c333aef82,A,7bwh,A,0,[43],[43],HEM,HEM,20.41177634970573,2.33052134513855,1.4106501340866089,0.6769654750823975,0.9409605264663696,1.3838844299316406,6.7118000984191895
SAM,apofd7fa63b48,A,5zw4,A,0,[27],[27],SAM,SAM,23.575662562951816,2.491266250610352,1.5652960538864136,0.7228107452392578,0.5291239023208618,1.2241215705871582,7.021652221679688
NAD,apo4e1ed20f48,A,4han,A,0,[44],[44],NAD,NAD,18.216460130959554,2.495877742767334,1.5146028995513916,0.6905598640441895,0.927748203277588,1.0496717691421509,6.455969333648682
ANP,3zfd,A,apo5ae68c8b06,A,0,[31],[31],ANP,ANP,3.1282803258745138,3.2122318744659424,1.422185301780701,0.742472231388092,0.7292980551719666,1.1454063653945925,2.382856130599976
COA,apo577a70e23b,A,3nfd,E,0,[27],[48],COA,COA,7.320869598254328,2.501107931137085,1.575908064842224,0.7192656397819519,0.6874746084213257,1.3328101634979248,4.226617813110352
FE2,apo37cf2e80a1,A,4oj8,B,0,[1],[1],FE2,FE2,4.472401037120467,2.1768369674682617,1.6427605152130127,0.720576822757721,0.522190511226654,1.2888787984848022,3.090296506881714
FE2,apo3adfbe03e8,A,4oj8,B,0,[1],[1],FE2,FE2,0.5474362654049085,3.1895580291748047,0.794583797454834,0.7498728036880493,0.8206053376197815,0.7270560264587402,0.519023060798645
FE2,4oj8,B,apo1c765845fe,A,0,[1],[1],FE2,FE2,0.24171067635984453,4.275481224060059,0.6802302002906799,0.8461195826530457,0.8282017707824707,0.8148442506790161,0.2360061556100845
CO,4q0p,A,apo7a12359999,A,0,[1],[1],CO,CO,2.908411670438837,2.2868125438690186,1.57124662399292,0.7181950807571411,0.7214990258216858,0.9814625978469848,2.2531135082244877
ACO,apo4d4153c641,A,4isx,A,0,[51],[51],ACO,ACO,15.344482324804009,2.4468860626220703,1.427964448928833,0.7062979936599731,0.8790958523750305,1.1850411891937256,6.054368019104004
AMP,2gm3,A,apof731c02ff6,A,0,[23],[23],AMP,AMP,6.4367349526798225,2.687253475189209,1.456484317779541,0.7065484523773193,0.9448868632316588,1.2380285263061523,3.916066646575928
AKG,apoe86394f4a0,A,4hg3,A,0,[9],[10],AKG,AKG,9.199148670562185,2.570594310760498,1.5577553510665894,0.733066201210022,0.4363937377929687,1.2240318059921265,4.791435718536377
COA,3fsb,A,apo5f5f6032c2,A,0,[48],[48],COA,COA,10.656325134768567,1.8556933403015137,1.7907811403274536,0.5766361355781555,0.7785830497741699,1.2980409860610962,5.158867835998535
ZN,2nly,A,apob3d01b685b,A,0,[1],[1],ZN,ZN,12.951351804494484,1.972830295562744,1.4975459575653076,0.6768963932991028,0.8005943298339844,1.2260055541992188,5.642958164215088
BMA,5a7v,A,apo7acc86e0e7,A,0,[12],[12],BMA,BMA,7.655673319799701,2.1319408416748047,1.5325137376785278,0.7000839710235596,0.8838897943496704,1.2659741640090942,4.3360981941223145
FE2,apoc49b4bd58c,A,5j92,B,0,[1],[1],FE2,FE2,22.36943614430011,2.976289987564087,1.498875379562378,0.7211548089981079,0.9073594808578492,1.0309799909591677,6.910665988922119
NI,1xm5,A,apo3c0ee48c2a,A,0,[1],[1],NI,NI,1.1476278283626817,2.6683177947998047,1.5182316303253174,0.7333375215530396,0.8362493515014648,1.1724125146865845,1.0294816493988037
CU1,apo3d60f5c576,A,4m1p,A,0,[1],[1],CU1,CU1,16.228543742212988,2.3075764179229736,1.728458046913147,0.7344962954521179,0.6214907765388489,1.220994234085083,6.187359809875488
FMN,3a20,A,apo14e959aa0c,A,0,[31],[31],FMN,FMN,21.462667981891897,2.684667587280273,1.5645860433578491,0.718485414981842,0.7211632132530212,1.025853395462036,6.821630001068115
FE2,apo42db5ab941,A,4oj8,B,0,[1],[1],FE2,FE2,0.9103141453702053,3.391667366027832,0.7805823087692261,0.7393287420272827,0.9108096957206726,0.8300100564956665,0.8343610763549805
NDP,4b7f,A,apoa45cd51704,A,0,[48],[48],NDP,NDP,10.969498540340712,2.549185514450073,1.4726208448410034,0.7388458847999573,0.802950382232666,1.0463217496871948,5.231168746948242
GTP,apo141a89905f,A,6y09,A,0,[32],[32],GTP,GTP,12.166545043129144,2.370239019393921,1.3906075954437256,0.6791861057281494,0.8046780824661255,1.2321913242340088,5.488697052001953
FE,apoc3d0196062,A,5ylb,A,0,[1],[1],FE,FE,1.3602974221239188,2.6732606887817383,1.4783470630645752,0.7459831237792969,0.7474371790885925,1.0375566482543943,1.1974135637283323
GAL,4wwh,A,apo3d1f8a197b,A,0,[12],[12],GAL,GAL,13.63302122050918,2.5659213066101074,1.381657958030701,0.7331998944282532,0.8342405557632446,1.0853450298309326,5.768632411956787
FE,3ogh,B,apod5332d15e2,A,0,[1],[1],FE,FE,8.216821446307312,2.0736570358276367,1.4963579177856443,0.6432032585144043,0.8424575924873352,1.184165358543396,4.510568141937256
TPP,apof887ac382f,A,4tkr,B,0,[26],[26],TPP,TPP,6.8067111057221,2.442296028137207,1.4898852109909058,0.7282575964927673,0.8544057011604309,1.1543142795562744,4.04999589920044
CA,apoa09988b249,A,3i57,A,0,[1],[1],CA,CA,32.28094082286819,2.2932047843933105,1.5936237573623655,0.6899421811103821,0.9154269099235536,1.3730589151382446,7.634868144989014
ACO,4isx,A,apo63599a476b,A,0,[51],[51],ACO,ACO,14.568457675434717,2.5963246822357178,1.829578161239624,0.6764404773712158,0.9392904043197632,1.358879566192627,5.9297404289245605
FE2,apoc49b4bd58c,A,3vb0,A,0,[1],[1],FE2,FE2,24.30434697975962,2.5915324687957764,1.5262765884399414,0.7354733347892761,0.8456749320030212,1.0216081142425537,7.084917545318604
FE,1ahj,A,apod5ee9bbf48,A,0,[1],[1],FE,FE,2.423608969509522,2.4021639823913574,1.7772318124771118,0.7210823893547058,0.4057673513889313,1.1792796850204468,1.950809121131897
AKG,apo754fdde920,A,4xgi,A,0,[10],[10],AKG,AKG,4.268160054428711,2.490638017654419,1.5917190313339231,0.7186962366104126,0.8951641321182251,1.0469681024551392,2.9913878440856934
CO,3dwc,B,apoa708248ee5,A,0,[1],[1],CO,CO,29.878210086839587,2.2192413806915283,1.5560543537139893,0.7151700258255005,0.7292076945304871,1.1191705465316772,7.492364883422852
FMN,3a20,A,apo07b15fae34,A,0,[31],[31],FMN,FMN,154.6157517300274,2.1872377395629883,1.4092075824737549,0.6985346078872681,0.5695786476135254,1.366737961769104,9.39252471923828
FE,1b06,A,apo0d054537d5,A,0,[1],[1],FE,FE,2.2255582596643078,2.6401193141937256,1.2212525606155396,0.7496325969696045,0.8713666200637817,0.9488410949707032,1.820414423942566
ATP,5k3j,A,apoea7fb5a6df,A,0,[31],[31],ATP,ATP,16.994552695867842,2.3217313289642334,1.5419821739196775,0.7048953771591187,0.8845978379249573,1.0235286951065063,6.295548915863037
FE,1xvx,A,apod5ee9bbf48,A,0,[1],[1],FE,FE,1.858911014682213,2.642342329025269,1.3457735776901243,0.7125683426856995,0.8842222094535828,0.9528648257255554,1.5675225257873535
MN,apof4dfee2fcd,A,5c5u,B,0,[1],[1],MN,MN,4.413141413046638,2.1961488723754883,1.5775495767593384,0.71517014503479,0.7918847799301147,1.1331603527069092,3.061887264251709
FAD,1zdl,A,apo5399548934,A,0,[53],[53],FAD,FAD,7.089320307494203,2.8299965858459477,1.5805003643035889,0.7017008662223816,0.5664258599281311,1.1052439212799072,4.148392200469971
FE,3o32,A,apod3ecc70b32,A,0,[1],[1],FE,FE,1.528633404718731,2.5081419944763184,1.8328745365142824,0.7270073294639587,0.791695773601532,1.060439109802246,1.3259450197219849
SAH,2efj,A,apoa53a2dbad6,A,0,[26],[26],SAH,SAH,1.5949469765208701,4.26688289642334,0.6736529469490051,0.7724679708480835,0.984618067741394,0.7122722864151001,1.3755534887313845
FE2,apo37cf2e80a1,A,5j92,B,0,[1],[1],FE2,FE2,5.313512497936257,2.413666009902954,1.4371881484985352,0.7383385300636292,0.8541988134384155,1.1622519493103027,3.4698195457458496
CA,apoa09988b249,A,6sau,B,0,[1],[1],CA,CA,26.567800104935184,2.3304214477539062,1.3361769914627075,0.6878219842910767,0.903829038143158,0.915618360042572,7.265353679656982
HEM,1gks,A,apo6b214a8989,A,0,[43],[43],HEM,HEM,16.226556008710038,2.565193653106689,1.917616367340088,0.6940097212791443,0.6807765364646912,1.145147442817688,6.187070846557617
FE,apof30a35524c,A,4f9j,A,0,[1],[1],FE,FE,1.7184119942245324,2.4785525798797607,1.5859583616256714,0.7233806848526001,0.7637202739715576,0.9180999398231506,1.4664205312728882
CO,3hdi,A,apo634102baf3,A,0,[1],[1],CO,CO,14.754678495798974,2.1491990089416504,1.585695505142212,0.6544265151023865,0.6992976069450378,1.4874217510223389,5.960359573364258
COA,apo034597ae6f,A,3fsb,A,0,[48],[48],COA,COA,21.980617216250163,2.4256527423858643,1.5304019451141355,0.659320056438446,0.9057666063308716,1.1755143404006958,6.873106002807617
CA,4yzo,C,apo94db66462d,A,0,[1],[1],CA,CA,37.85001965655895,2.3753442764282227,1.3836568593978882,0.7009589672088623,0.8744987845420837,1.1354520320892334,7.910136699676514
ZN,2emx,A,apob3d01b685b,A,0,[1],[1],ZN,ZN,1.5001791597501626,2.091419219970703,1.464642882347107,0.6546663045883179,0.7173600196838379,0.7643406987190247,1.3044832944869995
FE2,apo42db5ab941,A,3vb0,A,0,[1],[1],FE2,FE2,0.5085704942218482,2.698256015777588,1.4085909128189087,0.6912814378738403,0.798819899559021,1.1041967868804932,0.483957827091217
GTP,3ldu,A,apo141a89905f,A,0,[32],[32],GTP,GTP,10.949769948839116,2.485917091369629,1.5511325597763062,0.6722033023834229,0.856948733329773,1.3313952684402466,5.226677894592285
COA,apofe063bf0b9,A,6es9,A,0,[27],[27],COA,COA,42.68693966086843,2.673637866973877,1.4364681243896484,0.7126262187957764,0.8669629096984863,1.0785900354385376,8.101996421813965
FE,2hvb,B,apo1289eb47dc,A,0,[1],[1],FE,FE,1.2831294496230659,2.2931854724884038,1.7080148458480835,0.6900820732116699,0.828239381313324,1.2136741876602173,1.1372106075286863
HEM,apo7c333aef82,A,2i89,A,0,[43],[43],HEM,HEM,20.62731796723538,2.573451042175293,1.611927151679993,0.7259383201599121,0.912315309047699,1.196595311164856,6.734941005706787
MG,apo26d0058c1c,A,6efg,D,0,[1],[1],MG,MG,24.713881185827635,2.150868654251098,1.40800940990448,0.7103515267372131,0.928380012512207,0.9446638226509094,7.119307994842529
AKG,3bn1,A,apo754fdde920,A,0,[10],[10],AKG,AKG,3.2138102599721674,2.7626171112060547,1.431265354156494,0.7223932147026062,0.8848975896835327,1.1684865951538086,2.4321601390838623
ATP,3zs7,A,apo4376cacdc1,A,0,[31],[31],ATP,ATP,10.511197451201411,2.332748413085937,1.5800325870513916,0.6747950911521912,0.7724495530128479,1.12605619430542,5.124614238739014
AKG,apoe86394f4a0,A,4oj8,B,0,[10],[10],AKG,AKG,2.4091514912372856,4.135032653808594,0.6989158987998962,0.8489893674850464,0.9767693281173706,0.8371955156326294,1.9414312839508057
ADP,1q9s,A,apo0bdd215b0a,A,0,[27],[27],ADP,ADP,16.200055469630378,2.3491194248199463,1.665923833847046,0.7263523936271667,0.7829460501670837,1.1725643873214722,6.18321418762207
PYR,apoc6b5ea69aa,A,5lu4,A,0,[6],[6],PYR,PYR,52.48802921021689,1.7961645126342771,1.637460231781006,0.695228099822998,0.7047014236450195,1.0815825462341309,8.399693489074707
HEM,1aw3,A,apoc403b8778c,A,0,[43],[43],HEM,HEM,24.901669966302446,2.335536479949951,1.3792260885238647,0.703682541847229,0.962647557258606,1.3285024166107178,7.134807586669922
COA,1kru,A,apofdd79e76b6,A,0,[48],[48],COA,COA,21.797254656929155,2.1902029514312744,1.631251573562622,0.6616926789283752,0.8743511438369751,1.1445574760437012,6.855074405670166
COA,apo577a70e23b,A,5xuk,A,0,[40],[48],COA,COA,12.571022264048475,2.6123125553131104,1.761805534362793,0.722885251045227,0.9174854159355164,1.3258421421051023,5.569540500640869
COA,1a59,A,apofe063bf0b9,A,0,[27],[46],COA,COA,8.302210340077897,2.134280204772949,1.5347474813461304,0.7296651005744934,0.635716438293457,1.1832318305969238,4.536179065704346
NDP,4e37,B,apoa45cd51704,A,0,[48],[48],NDP,NDP,7.732457828853852,2.1490626335144043,1.6065528392791748,0.7061399817466736,0.7057592868804932,1.0930469036102295,4.360623836517334
CO,1v29,A,apo634102baf3,A,0,[1],[1],CO,CO,11.839234272178778,2.338750123977661,1.65823495388031,0.6698786616325378,0.894422173500061,1.2370089292526243,5.421084880828857
ACO,apo52a5d4138d,A,4isx,A,0,[51],[51],ACO,ACO,22.092949872058345,2.993224620819092,1.4236892461776731,0.743084728717804,0.913853108882904,1.0365861654281616,6.8840508460998535
FE,apo6361ca5c40,A,3gvy,C,0,[1],[1],FE,FE,1.284797280781594,2.4708712100982666,1.474201798439026,0.6925532221794128,0.8094170689582825,0.962891161441803,1.1385204792022705
MN,2x7j,A,apo62e3e4bb3a,A,0,[1],[1],MN,MN,2.0751553404794416,2.556204080581665,1.4800307750701904,0.7592242360115051,0.635487973690033,1.0391584634780884,1.7185330390930176
MN,1za0,A,apoc169d5ed6a,A,0,[1],[1],MN,MN,1.769900420081188,2.4308674335479736,1.5995506048202517,0.763110339641571,0.7704079747200012,0.9609635472297668,1.5037513971328735
NDP,apocc56e816c8,A,6rjn,A,0,[48],[48],NDP,NDP,25.909675817519467,2.461187601089477,1.8395962715148928,0.6940745711326599,0.8754984736442566,1.118457555770874,7.215235233306885
NDP,apo362fa2b55d,A,4e37,B,0,[48],[48],NDP,NDP,18.945626055966045,2.3534224033355717,1.3727978467941284,0.6871497631072998,0.7979518175125122,1.2241647243499756,6.545246601104736
HEM,1awp,A,apoc403b8778c,A,0,[43],[43],HEM,HEM,25.313002578150662,2.0020971298217773,1.465848445892334,0.7114647626876831,0.9508619904518129,1.3451919555664062,7.168181896209717
CA,apoae10171db2,A,7xrx,A,0,[1],[1],CA,CA,26.01561834523577,2.007648706436157,1.6556658744812012,0.700941264629364,0.9394112229347228,1.1142804622650146,7.223426818847656
COA,3flv,A,apo8a016eb0da,A,0,[48],[31],COA,COA,11.321499623418642,2.1847481727600098,1.5762324333190918,0.727810263633728,0.86910080909729,1.1847270727157593,5.309898376464844
MN,apoe56eec81b4,A,3dx5,A,0,[1],[1],MN,MN,2.447553014118683,2.789758682250977,1.3997846841812134,0.7581236958503723,0.8912789821624756,0.9320584535598756,1.9662925004959104
NDP,apoa45cd51704,A,6rjn,A,0,[48],[48],NDP,NDP,14.085597477638599,2.412704467773437,1.3022680282592771,0.6985339522361755,0.9103310108184814,1.3711490631103516,5.848141193389893
FE,1xvx,A,apo0d054537d5,A,0,[1],[1],FE,FE,1.9009729787336884,2.4623255729675293,1.3232336044311523,0.7006983160972595,0.8726621866226196,0.911849081516266,1.5973256826400757
NDP,apo362fa2b55d,A,6rjn,A,0,[48],[48],NDP,NDP,20.13808046269882,2.2570080757141118,1.559455156326294,0.6571061015129089,0.8056123852729797,1.5353864431381226,6.681938648223877
COA,3flv,A,apofe063bf0b9,A,0,[27],[31],COA,COA,12.196547453985458,2.1706128120422363,1.6912065744400024,0.7295389771461487,0.8476867079734802,1.1669541597366333,5.494794845581055
CO,3dwc,B,apo826f3f2afa,A,0,[1],[1],CO,CO,1.8307889366898542,2.3667328357696533,1.487508773803711,0.7348013520240784,0.8999586701393127,1.0783871412277222,1.5474783182144165
COA,1kru,A,apo8a016eb0da,A,0,[48],[48],COA,COA,22.751629302790686,2.4707629680633545,1.4715628623962402,0.7535569071769714,0.7466569542884827,1.152629852294922,6.946716785430908
ROP,apo6749bc7a67,A,4wgf,A,1,[5],[5],ROP,ROP,5.955730128500511,2.978090047836304,1.5253658294677734,0.7758017182350159,0.6919500231742859,1.1287742853164673,3.732659101486206
5GP,3n1s,J,apofaf8b26195,A,1,[24],[24],5GP,5GP,4.417423454925323,2.911285877227783,1.637546181678772,0.7699122428894043,0.7137975692749023,1.2037757635116575,3.063947916030884
CU,5nns,A,apo561904df3e,A,1,[1],[1],CU,CU,0.7836496959303183,2.338956356048584,1.458358645439148,0.7002832889556885,0.8240088820457458,1.0298656225204468,0.7267017364501953
AMP,2ak3,A,apob5350c771e,A,1,[23],[23],AMP,AMP,14.703808433907378,2.2978854179382324,1.4495389461517334,0.7009317874908447,0.6510503888130188,1.0552912950515747,5.952041149139404
ACO,apo707c2444cb,A,5hgz,A,1,[51],[48],ACO,ACO,5.675703150460894,3.251814126968384,1.341594099998474,0.7289455533027649,0.9178621768951416,1.0875333547592163,3.6207008361816406
ADP,6k8z,B,apofe46173242,A,1,[27],[27],ADP,ADP,3.2778910235141243,2.8380746841430664,1.4038031101226809,0.7338353991508484,0.8732773661613464,1.0853124856948853,2.4686834812164307
ADP,4gt8,A,apo19a4c9adc3,A,1,[27],[27],ADP,ADP,5.741291669647186,3.117570638656616,1.359744668006897,0.7380656599998474,0.5168297290802002,0.9542907476425172,3.647281169891357
GDP,apob52d99e27a,A,4hi0,E,1,[28],[28],GDP,GDP,4.0572514307428245,3.1970221996307373,1.4409438371658323,0.709693193435669,0.6143221259117126,0.988989233970642,2.8862338066101074
UDP,4d11,C,apod2359bd57e,A,1,[25],[25],UDP,UDP,4.410067323874775,3.3474936485290527,1.3446794748306274,0.7348492741584778,0.915325164794922,1.2302298545837402,3.0604071617126465
NAD,5dt9,A,apo1a92a18e19,A,1,[44],[44],NAD,NAD,1.0542399010240202,4.719391345977783,0.6666024327278137,0.8389558792114258,0.9813480377197266,0.6880301237106323,0.9536973237991332
ACP,apob3738e2c2c,A,6pnx,B,1,[31],[31],ACP,ACP,4.728114104061649,3.0866856575012207,1.3627796173095703,0.7319365739822388,0.776114284992218,1.266827940940857,3.2102644443511963
HEM,2nrl,A,apo9dae1e84f2,A,1,[43],[43],HEM,HEM,15.823856139653968,2.7784619331359863,1.456909418106079,0.7323489785194397,0.7521450519561768,1.2617273330688477,6.127611637115479
COA,1f7l,A,apo53f0c8aada,A,1,[48],[48],COA,COA,36.20972228801973,2.6533234119415283,1.5919493436813354,0.7214003205299377,0.8485665321350098,1.233782172203064,7.835953235626221
COA,1yli,B,apo8a016eb0da,A,1,[48],[48],COA,COA,4.922303270237983,2.901688814163208,1.311126708984375,0.7275466918945312,0.8646617531776428,1.1563204526901243,3.298621654510498
ACO,apo4a65dbb781,A,4ava,A,1,[51],[51],ACO,ACO,6.576408066568938,2.740968704223633,1.432495355606079,0.7100253105163574,0.8793318271636963,1.1209479570388794,3.967329978942871
UD1,2oi6,B,apo0b2a70f297,A,1,[39],[39],UD1,UD1,14.799976727316759,2.8413472175598145,1.3967328071594238,0.6801683902740479,0.544455885887146,0.9741717576980592,5.967738151550293
ACO,apo707c2444cb,A,7ovu,A,1,[51],[48],ACO,ACO,5.978435475590099,3.330446243286133,1.3092889785766602,0.731781542301178,0.8983457684516907,1.179213047027588,3.741564989089966
MG,apoe4ece57f47,A,8cqx,A,1,[1],[1],MG,MG,10.189597094141012,2.535898208618164,1.4737892150878906,0.7364164590835571,0.8763982653617859,1.2434234619140625,5.046954154968262
GDP,apo11d986f878,A,7m6j,A,1,[28],[28],GDP,GDP,7.229308931323793,2.426438808441162,1.5747119188308716,0.7469382882118225,0.7526069283485413,1.1039979457855225,4.195936679840088
GDD,2zu8,A,apo8bb1929ceb,A,1,[39],[39],GDD,GDD,5.587718451949231,3.3042452335357666,1.2970688343048096,0.7400646209716797,0.7235159277915955,1.0462112426757812,3.58469295501709
ZN,apoad8bb950b4,A,4n0g,A,1,[1],[1],ZN,ZN,16.30044849235486,2.1612682342529297,1.499340534210205,0.69053715467453,0.6548686027526855,1.1044495105743408,6.197783470153809
AMP,3ber,A,apo9bfef3aac4,A,1,[22],[23],AMP,AMP,33.686452744245706,2.310332536697388,1.508175015449524,0.7153078317642212,0.602782130241394,1.0315320491790771,7.710960865020752
ADP,apobbc2cab405,A,4bql,A,1,[27],[27],ADP,ADP,3.0607734400614515,3.0217747688293457,1.3957273960113523,0.7010841369628906,0.7747442126274109,1.2180814743041992,2.3434855937957764
NDP,apo362fa2b55d,A,4b7f,A,1,[48],[48],NDP,NDP,16.091538208020705,2.620501756668091,1.5070582628250122,0.7134124040603638,0.7817805409431458,1.1390844583511353,6.16733980178833
FE2,3vb0,A,apo80526afb52,A,1,[1],[1],FE2,FE2,2.1530598529006837,2.503467082977295,1.6240899562835691,0.7016341090202332,0.7951241731643677,1.0923293828964231,1.7716195583343506
ZN,2emk,A,apoe7f1f93dd6,A,1,[1],[1],ZN,ZN,2.721276618911552,2.743473529815674,0.9885523319244384,0.716408371925354,0.7921823859214783,0.7479856610298157,2.1391537189483643
ACO,apo707c2444cb,A,6v3t,A,1,[51],[48],ACO,ACO,4.7200899116820025,3.131047248840332,1.3862648010253906,0.7238169312477112,0.8452761173248291,1.1266587972640991,3.206563234329224
ANP,1jpa,A,apo470c3179a7,A,1,[31],[10],ANP,ANP,3.890939388990675,3.18966007232666,1.286774754524231,0.7362184524536133,0.9323623180389404,1.3239338397979736,2.801062822341919
UDP,apo5ced6e3fa7,A,4d11,C,1,[25],[25],UDP,UDP,3.5811788994732088,3.3532538414001465,1.4100110530853271,0.7519403696060181,0.9116874933242798,1.098253846168518,2.636868953704834
UDP,apob2e0f8db00,A,3hbn,A,1,[25],[25],UDP,UDP,2.8472168938520355,3.137268543243408,1.5259974002838137,0.7294267416000366,0.8477871417999268,1.146591067314148,2.2162129878997803
CO,3hdi,A,apoa7721c0af3,A,1,[1],[1],CO,CO,19.122334239342127,1.741596221923828,1.6503517627716064,0.6465886235237122,0.8128256797790527,1.8571537733078003,6.566209316253662
ATP,2j9l,C,apo140b30aef4,A,1,[31],[31],ATP,ATP,14.78651399343731,2.709601402282715,1.4432610273361206,0.7171331644058228,0.7765306234359741,1.1274851560592651,5.965548038482666
HEM,apo85b5bbc350,A,4i8v,A,1,[43],[43],HEM,HEM,16.18598493309947,2.343869924545288,1.4804494380950928,0.7126342058181763,0.6311334371566772,1.0425630807876587,6.181163311004639
PO3,apoffabde935b,A,4buc,A,1,[4],[4],PO3,PO3,28.83706873051806,2.0736865997314453,1.53254234790802,0.7321966290473938,0.7710649967193604,0.954031467437744,7.425140380859375
UPG,apo0ad2e3670d,A,7va8,A,1,[36],[36],UPG,UPG,4.197559239371981,3.26454496383667,1.4245002269744873,0.7288450598716736,0.891533613204956,1.1369484663009644,2.956535816192627
UPG,apo0ad2e3670d,A,3vtf,A,1,[36],[36],UPG,UPG,17.801935707016145,2.71909236907959,1.810616135597229,0.6447833776473999,0.9790710210800172,1.570665955543518,6.403128147125244
ADP,4gt8,A,apofb23f4d7f3,A,1,[27],[27],ADP,ADP,81.0457739936199,2.4071621894836426,1.640963077545166,0.6891574263572693,0.9277647733688354,1.2799110412597656,8.901651382446289
ZN,apoca6698fd95,A,5wvu,A,1,[1],[1],ZN,ZN,1.6712128181143684,1.6764633655548096,1.490799069404602,0.715898871421814,0.2685937285423279,1.150193452835083,1.4319101572036743
CO,3hdi,A,apo826f3f2afa,A,1,[1],[1],CO,CO,4.61606631129038,1.9500725269317627,1.6832215785980225,0.6442418694496155,0.9733780026435852,1.553343653678894,3.15821385383606
COA,5xuk,A,apo5f5f6032c2,A,1,[48],[40],COA,COA,14.667788261971507,2.385149955749512,1.6667430400848389,0.6250255107879639,0.892441987991333,1.5328534841537476,5.946130275726318
CTP,1coz,A,apo1182c7949c,A,1,[29],[29],CTP,CTP,2.184112769298505,3.17616605758667,1.4638640880584717,0.707382321357727,0.695764422416687,1.0157850980758667,1.7925907373428345
GDP,apo74272096bc,A,7m6j,A,1,[28],[28],GDP,GDP,4.4358235790744605,2.8709805011749268,1.647867202758789,0.7199612259864807,0.7875895500183105,0.9708624482154846,3.072788715362549
ADE,apo67359c8433,A,3rys,A,1,[10],[10],ADE,ADE,3.1456835778716083,2.773031949996948,1.5363805294036863,0.7454299926757812,0.6857738494873047,1.0915507078170776,2.3929402828216557
ANP,2db3,A,apoc5f443f46e,A,1,[31],[31],ANP,ANP,3.7122074458886005,3.049130439758301,1.4016128778457642,0.7248752117156982,0.7824082970619202,1.1477315425872805,2.707228183746338
AKG,1ea0,A,apo754fdde920,A,1,[10],[10],AKG,AKG,13.441433693551122,2.704563617706299,1.1989333629608154,0.6561962962150574,0.971746861934662,1.0106052160263062,5.734049320220947
FE2,apo3adfbe03e8,A,3gcf,A,1,[1],[1],FE2,FE2,0.4142574979694492,2.301490545272827,1.4001379013061523,0.7017960548400879,0.7376930117607117,1.110032081604004,0.3977791965007782
PLP,1hkv,A,apoeb69e6eac7,A,1,[15],[15],PLP,PLP,3.1413860838923005,3.4103965759277344,1.3679744005203247,0.7298270463943481,0.8790253400802612,0.9865607619285583,2.3904526233673096
ATP,6tdz,C,apoeb7baac587,A,1,[31],[31],ATP,ATP,3.0327755208397744,2.9418110847473145,1.3561198711395264,0.7136483788490295,0.8361419439315796,1.0611118078231812,2.3270373344421387
UPG,apo913fcafedf,A,7va8,A,1,[36],[36],UPG,UPG,6.330028617527329,3.219659805297852,1.3938528299331665,0.7324599027633667,0.8831592798233032,1.1394155025482178,3.876312017440796
ADE,apo0dc9dba73c,A,3rys,A,1,[10],[10],ADE,ADE,17.951628660804847,2.241707324981689,1.5273183584213257,0.7292565703392029,0.8934934735298157,1.0196254253387451,6.422390937805176
ADP,apoee517947cd,A,4p7a,A,1,[27],[27],ADP,ADP,4.059665916402874,2.869945764541626,1.319131851196289,0.6535312533378601,0.875178873538971,1.226220965385437,2.887455463409424
GAL,apo7061dca62c,A,3urm,A,1,[12],[12],GAL,GAL,13.527001756488165,2.368196964263916,1.4810909032821655,0.7297565340995789,0.675601065158844,1.1808639764785769,5.7495646476745605
AMP,apob5350c771e,A,4k46,A,1,[23],[23],AMP,AMP,14.25565854949415,2.4739532470703125,1.6393383741378784,0.7430222034454346,0.8448246717453003,0.986957848072052,5.877250671386719
COA,1yli,B,apofe063bf0b9,A,1,[27],[48],COA,COA,8.515089719722871,2.9334418773651123,1.4816884994506836,0.7398782968521118,0.5777729749679565,1.1292117834091189,4.598999977111816
ADP,4p7a,A,apof8f4d8fb70,A,1,[27],[27],ADP,ADP,4.295124877303959,2.881121158599853,1.354664325714111,0.7560739517211914,0.6162550449371338,1.024856686592102,3.004608154296875
GTP,apofe57346899,A,6y09,A,1,[32],[32],GTP,GTP,12.869513527530904,2.6948437690734863,1.417134165763855,0.7261570692062378,0.8246268033981323,1.2133255004882812,5.627366542816162
CO,1v29,A,apo7f5816a39c,A,1,[1],[1],CO,CO,30.314464635031563,2.264122724533081,1.5498095750808716,0.7152822017669678,0.7450589537620544,1.2188221216201782,7.519500732421875
MGP,3gdh,A,apod9f72bfb05,A,1,[33],[33],MGP,MGP,9.889916296741353,2.667358160018921,1.4856019020080566,0.7017154097557068,0.7913861870765686,1.1294516324996948,4.972326755523682
ACP,4ueu,A,apob3738e2c2c,A,1,[31],[31],ACP,ACP,4.515202291920675,3.1284520626068115,1.4128942489624023,0.7450864315032959,0.7125400900840759,1.1853561401367188,3.110671281814575
FMN,6b8s,B,apo07b15fae34,A,1,[31],[31],FMN,FMN,156.9956968081204,3.0093913078308105,1.6396702527999878,0.6986418962478638,0.856829047203064,1.174078106880188,9.401182174682615
ADP,4bql,A,apoab11a022fa,A,1,[27],[27],ADP,ADP,11.506732237106178,2.8763294219970703,1.3539882898330688,0.7090913653373718,0.7364094257354736,1.3202329874038696,5.350293159484863
SO3,apo1ea8151124,A,2vq2,A,1,[4],[4],SO3,SO3,28.093861047953915,2.722018003463745,1.5645074844360352,0.7343541979789734,0.6341682076454163,1.209431529045105,7.374905109405518
ZN,2em4,A,apo6c6445cc60,A,1,[1],[1],ZN,ZN,5.3996450628072,2.0966200828552246,1.8018001317977903,0.7065287232398987,0.401168942451477,0.9375138878822328,3.5063438415527344
HEM,2ve3,A,apoc403b8778c,A,1,[43],[43],HEM,HEM,35.677733729657504,2.175527572631836,1.6265597343444824,0.6656543016433716,0.7669157981872559,1.491237998008728,7.810749530792236
FES,apoe30fe6eec6,A,6vsh,C,1,[4],[4],FES,FES,3.2688934921364092,2.038520336151123,1.8237484693527224,0.6214113831520081,0.9789385199546814,0.946373164653778,2.463576555252075
HEM,apo7c333aef82,A,4h8q,A,1,[43],[43],HEM,HEM,18.778649628525713,2.010983467102051,1.6088838577270508,0.7411963939666748,0.7182742953300476,1.0770033597946167,6.525201797485352
GTP,apo9fb2d1f03d,A,6y09,A,1,[32],[32],GTP,GTP,14.314932657619662,2.5761685371398926,1.4553223848342896,0.6939531564712524,0.8480377197265625,1.2982617616653442,5.887300968170166
FE2,apo80526afb52,A,4oj8,B,1,[1],[1],FE2,FE2,2.0926851260878827,2.439943790435791,1.6624048948287964,0.7511360049247742,0.7650213837623596,1.1321861743927002,1.730538010597229
AMP,1kht,B,apofff8bca9bc,A,1,[22],[23],AMP,AMP,5.059782176075589,2.532244205474853,1.4705352783203125,0.7305382490158081,0.7334217429161072,0.9932658076286316,3.359797716140747
IMP,4af0,A,apo3792abad1e,A,1,[23],[23],IMP,IMP,7.364249890622263,2.812032699584961,1.4758570194244385,0.7304340600967407,0.4052688777446747,1.2087807655334473,4.24104118347168
FE2,apoea8e7659af,A,3vb0,A,1,[1],[1],FE2,FE2,0.8379269899789838,2.42313003540039,1.5016785860061646,0.7337267398834229,0.665137529373169,0.8836507797241211,0.7731432318687439
NAD,1nfb,A,apob53e931f19,A,1,[44],[44],NAD,NAD,19.659503314990655,2.910006284713745,1.5021942853927612,0.7378515005111694,0.7071924209594727,1.141124606132507,6.62839937210083
UPG,3vtf,A,apo913fcafedf,A,1,[36],[36],UPG,UPG,15.317419645352441,2.9194743633270264,1.5952948331832886,0.6784339547157288,0.802199125289917,1.3826714754104614,6.050150394439697
ZN,apo5712a2ba9a,A,2em2,A,1,[1],[1],ZN,ZN,1.1351790948740486,3.3180665969848637,0.9345232248306274,0.7063397765159607,0.8752944469451904,0.8198153376579285,1.0194529294967651
BGC,apod830862360,A,5do8,B,1,[12],[12],BGC,BGC,11.426074163376022,2.668320655822754,1.582715630531311,0.7068324089050293,0.5469722747802734,0.9628023505210876,5.332789421081543
NAD,1nfb,A,apoc5944f2aa6,A,1,[44],[44],NAD,NAD,19.731275403370436,2.9100136756896973,1.502063512802124,0.7379369735717773,0.7074387073516846,1.1410975456237793,6.636538505554199
HEM,2nrl,A,apoc403b8778c,A,1,[43],[43],HEM,HEM,20.98898987943689,2.183499336242676,1.4558919668197632,0.7039679288864136,0.9870176315307616,1.202355146408081,6.77304744720459
PLP,1i2k,A,apo744b815250,A,1,[15],[15],PLP,PLP,1.2928294411211152,3.4072537422180176,1.3285809755325315,0.7233623266220093,0.8341729640960693,1.1668885946273804,1.1448233127593994
ANP,apo30e14ad9b2,A,7x4n,E,1,[31],[31],ANP,ANP,3.947809178802277,3.06282114982605,1.5193054676055908,0.7249695658683777,0.8856948614120483,1.1588242053985596,2.8304152488708496
FE,apod3ecc70b32,A,6wb6,A,1,[1],[1],FE,FE,5.682449892240514,2.5661606788635254,1.4892876148223877,0.7201964259147644,0.7511284947395325,1.068236231803894,3.623445272445679
AMP,2dcl,A,apo31667e1c97,A,1,[23],[23],AMP,AMP,23.35909183313455,2.8669326305389404,1.609333038330078,0.7418951392173767,0.7420175671577454,1.1320850849151611,7.002316474914551
UDP,apof9d3cdb3e6,A,7bv3,B,1,[25],[25],UDP,UDP,4.458111244999619,3.429519891738892,1.3667702674865725,0.7467737793922424,0.8076727390289307,1.2096539735794067,3.0834672451019287
CA,apocfb896e73d,A,3vm7,A,1,[1],[1],CA,CA,14.55800550518491,2.289433002471924,1.636199712753296,0.7283657193183899,0.9020727872848512,0.979068636894226,5.928008079528809
ACO,apo4a65dbb781,A,5hgz,A,1,[51],[51],ACO,ACO,6.153271963564805,2.82183051109314,1.4247387647628784,0.7056042551994324,0.8451518416404724,1.115140438079834,3.809303760528565
FE,3cei,A,apod3ecc70b32,A,1,[1],[1],FE,FE,1.9205031122223224,2.723419189453125,1.3957735300064087,0.7639604210853577,0.694675624370575,0.8829341530799866,1.6110923290252686
PYR,apoa0b87ab07c,A,3noj,A,1,[6],[5],PYR,PYR,17.245028337582617,2.428988218307495,1.5991798639297483,0.7529934644699097,0.8292874693870544,1.0633878707885742,6.329605579376221
ACO,4ava,A,apo707c2444cb,A,1,[48],[51],ACO,ACO,5.183822617730805,3.155550003051758,1.3433557748794556,0.7516183257102966,0.8603742122650146,0.971691370010376,3.4140431880950928
UDP,2iya,A,apof9d3cdb3e6,A,1,[25],[25],UDP,UDP,4.660882434466866,3.342482566833496,1.30260169506073,0.7444244027137756,0.7511897087097168,1.1924192905426023,3.179128170013428
ATP,3hgm,A,apoeb7baac587,A,1,[31],[31],ATP,ATP,3.908415576548423,2.808624029159546,1.4724408388137815,0.7201020121574402,0.9059799909591676,1.2215428352355957,2.810108423233032
FE2,apo42db5ab941,A,4r88,B,1,[1],[1],FE2,FE2,2.397439792054967,2.761232614517212,1.456691026687622,0.7138774394989014,0.5089098215103149,1.0871661901474,1.9338184595108032
PYR,apoa0b87ab07c,A,4plf,B,1,[6],[5],PYR,PYR,5.513034035585667,2.777223587036133,1.408072590827942,0.7568299174308777,0.8027797341346741,1.0050517320632937,3.5538077354431152
CMP,2zmf,A,apo2be292d1b8,A,1,[22],[22],CMP,CMP,9.039723044311858,2.29685640335083,1.6572258472442627,0.7132347822189331,0.8474521636962891,1.1172419786453247,4.7478227615356445
IMP,apobf3baf3064,A,4af0,A,1,[23],[23],IMP,IMP,3.7899358452803757,3.3247456550598145,1.474637150764465,0.7414680123329163,0.691922664642334,1.2146954536437988,2.748334646224976
ADE,2qlu,A,apo67359c8433,A,1,[10],[10],ADE,ADE,4.960103219370624,2.9112606048583984,1.3209068775177002,0.7490201592445374,0.8228422403335571,1.0869988203048706,3.315554141998291
UDP,2iya,A,apob2e0f8db00,A,1,[25],[25],UDP,UDP,3.248337855256511,3.2421131134033203,1.398250699043274,0.727344810962677,0.868231475353241,1.1692546606063845,2.451883316040039
AKG,1ea0,A,apoe86394f4a0,A,1,[10],[10],AKG,AKG,44.936111601550564,2.3861145973205566,1.2060457468032837,0.6297409534454346,0.9354935884475708,1.0289965867996216,8.179703712463379
UDP,apof9d3cdb3e6,A,5v0t,E,1,[25],[25],UDP,UDP,3.7296158297216326,3.385169982910156,1.224948525428772,0.7618053555488586,0.8379572629928589,0.9375855326652528,2.716475009918213
FE2,apo42db5ab941,A,3gcf,A,1,[1],[1],FE2,FE2,0.2971375492300808,2.321615219116211,1.399250626564026,0.6614677309989929,0.8515605330467224,1.0125117301940918,0.2885632514953613
UDP,4a7x,C,apof9d3cdb3e6,A,1,[25],[25],UDP,UDP,5.774415579389636,2.989774465560913,1.4984480142593384,0.7054488658905029,0.8875353336334229,1.1882352828979492,3.660620927810669
SAM,apo693998296e,A,4njg,A,1,[27],[27],SAM,SAM,3.9620240498239694,3.009902000427246,1.4262993335723877,0.7442598342895508,0.4153834879398346,1.2437841892242432,2.837714672088623
5GP,1lvg,A,apofaf8b26195,A,1,[24],[24],5GP,5GP,4.171823712587864,2.9548184871673584,1.5383261442184448,0.7506780624389648,0.4627237915992737,1.2111448049545288,2.9437451362609863
BGC,1q33,A,apo7b80be3b7c,A,1,[12],[12],BGC,BGC,9.409934482104681,2.7838709354400635,1.3190878629684448,0.7105167508125305,0.9287033081054688,1.1272566318511963,4.847999095916748
NAD,apoc143b1cb78,A,5ilg,A,1,[44],[44],NAD,NAD,3.959466431580641,2.9071712493896484,1.2413686513900757,0.6914204955101013,0.6306491494178772,1.1019283533096311,2.836402416229248
GDP,apob52d99e27a,A,2atv,A,1,[28],[28],GDP,GDP,4.059572129914037,3.377993583679199,1.3021862506866455,0.7292667627334595,0.8852392435073853,1.1722426414489746,2.8874080181121826
AKG,1llw,A,apo754fdde920,A,1,[10],[10],AKG,AKG,11.340966271709323,2.539963722229004,1.3465250730514526,0.6521595120429993,0.9152013063430786,1.053572416305542,5.314176559448242
BGC,1q33,A,apoed536cc502,A,1,[12],[12],BGC,BGC,8.078813950246607,2.865960597991944,1.466232180595398,0.7106472849845886,0.8870580792427063,1.059182047843933,4.468663692474365
ZN,apoe45816cc65,A,6tbz,A,1,[1],[1],ZN,ZN,14.341746819146154,2.5720674991607666,1.6163831949234009,0.763499915599823,0.586633563041687,1.1187618970870972,5.891831398010254
CTP,1coz,A,apoab1dde69c6,A,1,[29],[29],CTP,CTP,3.3593374554657327,3.2338881492614746,1.2557553052902222,0.7350248098373413,0.8975920677185059,1.0309213399887085,2.514598846435547
MG,2iii,A,apo828c556ee1,A,1,[1],[1],MG,MG,18.342067337060467,2.8524465560913086,1.2483397722244265,0.7432871460914612,0.92094224691391,0.9821848273277284,6.471675872802734
PLP,apo744b815250,A,3nzp,B,1,[15],[15],PLP,PLP,1.3602995759846643,3.515933990478516,1.4136474132537842,0.7530816197395325,0.8175833225250244,1.0599745512008667,1.1974152326583862
AKG,4hg3,A,apoa06a38fda5,A,1,[10],[9],AKG,AKG,19.934528496119498,2.8912601470947266,1.5436605215072632,0.721781849861145,0.9297596216201782,1.2262314558029177,6.65937614440918
GDP,apo11d986f878,A,3ref,B,1,[28],[28],GDP,GDP,11.183661661341336,2.5739681720733643,1.4782103300094604,0.7055824398994446,0.7296897768974304,1.1038697957992554,5.279380798339844
UDP,3hbn,A,apof9d3cdb3e6,A,1,[25],[25],UDP,UDP,3.6591242328778972,3.5445337295532227,1.1697627305984497,0.7200542688369751,0.9378610253334044,1.1023235321044922,2.6788864135742188
PYR,3di1,B,apoa4422865fc,A,1,[6],[5],PYR,PYR,23.22502054035145,2.2889466285705566,1.7166917324066162,0.7083445191383362,0.8318092823028564,1.171691656112671,6.990220069885254
CU,apo9445e9c6b7,A,4eis,A,1,[1],[1],CU,CU,2.5741993372792,3.120408058166504,1.560942769050598,0.7621431350708008,0.4434461593627929,1.0834099054336548,2.047207355499268
ANP,apo78557a75c0,A,8gbj,D,1,[31],[31],ANP,ANP,3.3149464520176046,3.197484970092773,1.4600188732147217,0.727597713470459,0.8250202536582947,1.1512937545776367,2.489643096923828
AKG,1ea0,A,apoa06a38fda5,A,1,[10],[10],AKG,AKG,5.276796843053289,2.312366485595703,1.6346832513809204,0.6500636339187622,0.8479955792427063,1.529383659362793,3.454125165939331
CTP,1coz,A,apo02fd55da58,A,1,[29],[29],CTP,CTP,3.4308606575553284,2.6911840438842773,1.492361307144165,0.7371849417686462,0.6237425804138184,1.0985623598098757,2.5544607639312744
COA,2oi6,B,apofdd79e76b6,A,1,[48],[48],COA,COA,74.75855061662729,2.902523994445801,1.4392755031585691,0.7088007926940918,0.9340447783470154,1.0249382257461548,8.820178031921387
ZN,1dq3,A,apo6d5c264df9,A,1,[1],[1],ZN,ZN,39.499681119588885,2.345731496810913,1.5388630628585815,0.6868927478790283,0.9809557795524596,0.9242265224456788,7.979784965515137
ATP,7pup,A,apo5ba3e55577,A,1,[31],[31],ATP,ATP,3.0755489992038023,3.02030873298645,1.4034640789031982,0.7022545337677002,0.7205519676208496,1.1477203369140625,2.352137565612793
COA,1yli,B,apo034597ae6f,A,1,[48],[48],COA,COA,9.203928928818934,2.714745044708252,1.5429832935333252,0.6961476802825928,0.5383366942405701,1.234041690826416,4.792732238769531
ACO,apo4a65dbb781,A,4jwp,A,1,[51],[51],ACO,ACO,6.128006949690493,2.9289846420288086,1.5184719562530518,0.7033968567848206,0.909334361553192,1.016779541969299,3.799605846405029
AMP,3l2p,A,apoacde4420e4,A,1,[23],[22],AMP,AMP,4.234726454791186,3.013568878173828,1.448675274848938,0.7476599216461182,0.8953296542167664,1.003289818763733,2.974926471710205
COA,apo636957bc5d,A,1yli,B,1,[48],[48],COA,COA,9.441528117578144,2.853989601135254,1.3474148511886597,0.7205646634101868,0.8511560559272766,1.125001311302185,4.856371402740479
UDP,apob2e0f8db00,A,4pqg,A,1,[25],[25],UDP,UDP,3.7138645099074346,3.368077516555786,1.4066075086593628,0.6973762512207031,0.9650306105613708,1.1842082738876345,2.7081093788146973
NDP,1lqa,A,apoa45cd51704,A,1,[48],[48],NDP,NDP,4.7704583929898865,3.422427177429199,1.349127173423767,0.7513375878334045,0.795769989490509,1.0084922313690186,3.229729413986206
ZN,2eoq,A,apo6c6445cc60,A,1,[1],[1],ZN,ZN,3.233862539035724,2.05712890625,1.5252091884613037,0.6674383878707886,0.715599000453949,1.0753779411315918,2.443627119064331
AMP,2ak3,A,apoc9cfbbc27e,A,1,[23],[23],AMP,AMP,28.902671716783843,2.837285041809082,1.4435452222824097,0.6776391267776489,0.7703795433044434,1.3562839031219482,7.429482460021973
5GP,3tr0,A,apofaf8b26195,A,1,[24],[24],5GP,5GP,4.167708788146088,2.9999489784240723,1.3958611488342283,0.7520743012428284,0.7965834140777588,1.0966930389404297,2.9416956901550293
CU,5foh,A,apo1b68d02ea9,A,1,[1],[1],CU,CU,1.311638415622932,3.015098094940185,1.4931848049163818,0.768439769744873,0.4216298162937164,0.9983128905296326,1.1595476865768433
CA,apo4adddf66c2,A,6jt5,A,1,[1],[1],CA,CA,18.968220422095918,2.089801073074341,1.5270365476608276,0.7362135648727417,0.8902836441993713,1.0514971017837524,6.547941207885742
MN,3aam,A,apo1fa03510cf,A,1,[1],[1],MN,MN,31.30726338631586,2.650791645050049,1.4836344718933103,0.7288416028022766,0.8448609709739685,1.1495094299316406,7.579118251800537
AMP,1ct9,A,apoc9cfbbc27e,A,1,[23],[23],AMP,AMP,23.38038400735493,3.1972546577453613,1.528762936592102,0.7431169748306274,0.5902630090713501,1.080754041671753,7.004228591918945
COA,1f7l,A,apo5f5f6032c2,A,1,[48],[48],COA,COA,14.880766058498425,2.263190507888794,1.7502589225769043,0.6111183762550354,0.8016324043273926,1.4730688333511353,5.980831146240234
FE,1b06,A,apoa76603c89f,A,1,[1],[1],FE,FE,1.1136405426322624,2.7031033039093018,1.749035120010376,0.7390488386154175,0.8541926741600037,1.105054497718811,1.002048373222351
CU,apo27cbc40f27,A,6km8,A,1,[1],[1],CU,CU,0.747814764588571,2.2210066318511963,1.4949015378952026,0.7125966548919678,0.4707964956760406,1.274358153343201,0.6957830786705017
NAP,1zgd,A,apo2a4512b289,A,1,[48],[48],NAP,NAP,3.60611012150829,3.558977603912353,1.3250361680984497,0.7306337356567383,0.8138020038604736,1.0963642597198486,2.6503608226776123
ADP,4p7a,A,apofb23f4d7f3,A,1,[27],[27],ADP,ADP,81.72849982066782,2.2845749855041504,1.540727615356445,0.6729012131690979,0.8786459565162659,1.0987447500228882,8.909826278686523
NDP,1lqa,A,apocc56e816c8,A,1,[48],[48],NDP,NDP,4.146281033852929,3.5960755348205566,1.2700884342193604,0.7402011752128601,0.8204091787338257,1.0300920009613037,2.931004285812378
AMP,apofff8bca9bc,A,4k46,A,1,[23],[22],AMP,AMP,7.060711800706931,2.7247958183288574,1.6393249034881592,0.731438934803009,0.6400025486946106,1.0042741298675537,4.138579845428467
HEM,apo85b5bbc350,A,3vre,A,1,[43],[43],HEM,HEM,15.774620537085971,2.8716745376586914,1.517547607421875,0.7157999873161316,0.8493483066558838,1.259761095046997,6.120214462280273
COA,1yvk,A,apo53f0c8aada,A,1,[48],[48],COA,COA,32.73697330039612,2.882857322692871,1.4731903076171875,0.7024111747741699,0.9078840017318726,1.1319926977157593,7.6601057052612305
ACO,apo4a65dbb781,A,6ao7,A,1,[51],[51],ACO,ACO,6.693428344453519,2.965122699737549,1.488694190979004,0.6883952021598816,0.8676908612251282,1.2105486392974854,4.009618759155273
ANP,5xd6,A,apoca4d1f1902,A,1,[31],[31],ANP,ANP,5.219138439309557,3.0493533611297607,1.428647756576538,0.7141267657279968,0.7918381690979004,1.1201261281967163,3.429325819015503
FMN,4ab4,A,apo07b15fae34,A,1,[31],[31],FMN,FMN,159.807403616789,2.70878267288208,1.4712588787078855,0.7110167145729065,0.5285223722457886,1.2001827955245972,9.411097526550291
ACP,apob3738e2c2c,A,8oqx,A,1,[31],[31],ACP,ACP,4.254706550035323,2.8638601303100586,1.530105471611023,0.7212799191474915,0.8136220574378967,1.094429612159729,2.9847731590271
PLP,1i2k,A,apoeb69e6eac7,A,1,[15],[15],PLP,PLP,2.3023325778731216,3.174747467041016,1.4356465339660645,0.7366551160812378,0.8089586496353149,1.170427918434143,1.871460199356079
GDP,2gjs,A,apo74272096bc,A,1,[28],[28],GDP,GDP,3.9803227053916865,3.447442054748535,1.2586380243301392,0.741954505443573,0.9451879858970642,1.0898211002349854,2.8470892906188965
GAL,4kzk,A,apoef6a70afe6,A,1,[12],[12],GAL,GAL,6.762746397309842,2.6551592350006104,1.6137616634368896,0.726719081401825,0.7241851687431335,1.2941890954971311,4.034390449523926
COA,3nfd,E,apo5f5f6032c2,A,1,[48],[27],COA,COA,7.047625434644329,2.1873040199279785,1.857079029083252,0.5953522324562073,0.911235511302948,1.3895775079727173,4.134080410003662
COA,1f7l,A,apo636957bc5d,A,1,[48],[48],COA,COA,12.248999716311333,2.7436535358428955,1.668756127357483,0.7196388244628906,0.8570124506950378,1.00996732711792,5.505415916442871
GDP,1kao,A,apo74272096bc,A,1,[28],[28],GDP,GDP,3.981494762802999,3.322316169738769,1.4359453916549685,0.7249941229820251,0.916533887386322,1.0491855144500732,2.847688913345337
COA,3cgb,A,apo8a016eb0da,A,1,[48],[48],COA,COA,6.897564509854668,2.4916322231292725,1.617619872093201,0.715601921081543,0.6580153107643127,1.1181060075759888,4.081987380981445
ADP,5lu4,A,apo19a4c9adc3,A,1,[27],[27],ADP,ADP,3.533710662235779,2.6636199951171875,1.6558221578598022,0.6973243355751038,0.7355868220329285,1.0289709568023682,2.6110434532165527
SAM,2fb2,A,apo0c4f651c46,A,1,[27],[27],SAM,SAM,11.996465087574093,0.9901602268218994,1.5746636390686035,0.6488389372825623,0.9542173147201538,1.4001665115356443,5.45381498336792
UDP,apof9d3cdb3e6,A,5tvg,A,1,[25],[25],UDP,UDP,3.6409161920444553,3.3611671924591064,1.1828099489212036,0.76827073097229,0.88941490650177,0.8819220662117004,2.669114112854004
ATP,apo261b6b96e3,A,3hgm,A,1,[31],[31],ATP,ATP,4.801726121780297,3.2938389778137207,0.8370189070701599,0.7548529505729675,0.9853734970092772,0.7671244740486145,3.2440311908721924
COA,1q6y,A,apo53f0c8aada,A,1,[48],[48],COA,COA,32.276363762448646,2.565708637237549,1.639693260192871,0.7316142320632935,0.5199628472328186,1.0800647735595703,7.634612083435059
GTP,apoe8aabedcc3,A,4du6,A,1,[32],[32],GTP,GTP,28.408019643261692,2.5321195125579834,1.456122636795044,0.7134762406349182,0.8257607221603394,1.143517255783081,7.396377086639404
PYR,5lu4,A,apoa4422865fc,A,1,[6],[6],PYR,PYR,61.6994652845206,2.5393097400665283,1.644523024559021,0.6620476245880127,0.9129925966262816,1.4678189754486084,8.605289459228516
GTP,apo3a68bb90dc,A,4du6,A,1,[32],[32],GTP,GTP,30.973844677986897,2.5579607486724854,1.3987185955047607,0.7120494842529297,0.9138213992118835,1.2083605527877808,7.559418678283691
GDP,2cjw,A,apo11d986f878,A,1,[28],[28],GDP,GDP,11.07617797698029,2.6412057876586914,1.4819200038909912,0.7050793766975403,0.782335638999939,1.1471658945083618,5.255306720733643
ANP,3zfd,A,apo2ed66decb4,A,1,[31],[31],ANP,ANP,2.2977242092475283,2.850433111190796,1.320720911026001,0.6764795780181885,0.376057893037796,1.1801856756210327,1.868414163589477
CO,2xvz,A,apo826f3f2afa,A,1,[1],[1],CO,CO,4.831662051586468,2.2691755294799805,1.878475785255432,0.7496219277381897,0.8181547522544861,1.064886212348938,3.257667303085327
ADE,apo0dc9dba73c,A,2qlu,A,1,[10],[10],ADE,ADE,6.89538094268265,2.42166519165039,1.5880380868911743,0.7175539135932922,0.8523450493812561,1.098091721534729,4.081222534179688
UDP,apob2e0f8db00,A,4a7x,C,1,[25],[25],UDP,UDP,4.664703309871042,2.913188934326172,1.483862042427063,0.733819305896759,0.8071265816688538,1.1790306568145752,3.180905342102051
ACO,apo4a65dbb781,A,6v3t,A,1,[51],[51],ACO,ACO,6.089675216580141,2.8570003509521484,1.4568308591842651,0.7337765097618103,0.9168025851249696,1.0647855997085571,3.784834146499634
FMN,apo07b15fae34,A,8pm1,A,1,[31],[31],FMN,FMN,156.52231014894613,2.6412124633789062,1.4209625720977783,0.7058058381080627,0.914923369884491,1.3201005458831787,9.399479866027832
AKG,1llw,A,apoa06a38fda5,A,1,[10],[10],AKG,AKG,3.4446605599080495,2.607524871826172,1.5678961277008057,0.6641845703125,0.9366368055343628,1.2205147743225098,2.562103033065796
COA,2oi6,B,apofe063bf0b9,A,1,[27],[48],COA,COA,29.593610579280316,2.424685001373291,1.5543544292449951,0.6741974949836731,0.858701765537262,1.197707176208496,7.474339962005615
ANP,2db3,A,apo78557a75c0,A,1,[31],[31],ANP,ANP,2.571608615261846,3.3114054203033447,1.3244084119796753,0.7400755882263184,0.7119268774986267,1.045771837234497,2.0455684661865234
FMN,apo07b15fae34,A,7oo9,A,1,[31],[31],FMN,FMN,157.57053912732212,2.203624725341797,1.585111379623413,0.7035365104675293,0.7835137248039246,1.1425392627716064,9.403236389160156
PLP,apoeb69e6eac7,A,5yyc,A,1,[15],[15],PLP,PLP,3.433478625806699,3.430168628692627,1.2694655656814575,0.7070611119270325,0.7917433977127075,1.103506565093994,2.5559117794036865
ATP,2j9l,C,apo555414d6d7,A,1,[31],[31],ATP,ATP,4.086843562968849,2.761390209197998,1.6078356504440308,0.6975244283676147,0.7530203461647034,1.150589108467102,2.9011776447296143
CO,3hdi,A,apo7a12359999,A,1,[1],[1],CO,CO,4.475007711507018,1.981018304824829,1.552130103111267,0.7076911330223083,0.6946631669998169,1.1955606937408447,3.091540813446045
HEM,apoc403b8778c,A,5li6,A,1,[43],[43],HEM,HEM,27.075507806595496,2.354612350463867,1.517872929573059,0.6544104218482971,0.7331529259681702,1.4838074445724487,7.302801609039307
FE,2boy,A,apocaef52ba11,A,1,[1],[1],FE,FE,1.9349008872488995,2.3559465408325195,1.4942928552627563,0.6782239675521851,0.6261888742446899,1.116262674331665,1.621212363243103
ACO,apo4a65dbb781,A,3mgd,B,1,[51],[51],ACO,ACO,6.184783647622987,2.787683486938477,1.412893772125244,0.7080013751983643,0.8823160529136658,1.1829872131347656,3.821357011795044
CU,apo27cbc40f27,A,6l4c,B,1,[1],[1],CU,CU,0.5130602820872107,2.2408971786499023,1.5886684656143188,0.7395849227905273,0.3511435091495514,1.1098260879516602,0.4880218207836151
NDP,1zdl,A,apof747a224a1,A,1,[48],[48],NDP,NDP,5.565126594052734,3.399681806564331,1.3416365385055542,0.7419888973236084,0.7453667521476746,0.8411701321601868,3.5753815174102783
UDP,2acv,A,apof9d3cdb3e6,A,1,[25],[25],UDP,UDP,4.481413258633899,3.29534649848938,1.4111686944961548,0.719068706035614,0.7903745770454407,1.1874088048934937,3.0945966243743896
AKG,1ofd,A,apoe86394f4a0,A,1,[10],[10],AKG,AKG,31.09609872068515,2.084686517715454,1.5066125392913818,0.5831419825553894,0.541690468788147,1.375602126121521,7.566679000854492
AMP,1kht,B,apofff8bca9bc,A,1,[22],[23],AMP,AMP,5.0597843389810135,2.5322418212890625,1.4705363512039185,0.7305381298065186,0.7334221005439758,0.9932652711868286,3.3597986698150635
AMP,1ct9,A,apofff8bca9bc,A,1,[22],[23],AMP,AMP,4.432126489211632,2.704076766967773,1.4090358018875122,0.7335591316223145,0.4564566910266876,0.96969872713089,3.071014165878296
MN,apob2e0f8db00,A,2x7j,A,1,[1],[1],MN,MN,2.126605187827471,3.2863636016845703,1.3043792247772217,0.7443984746932983,0.8655604124069214,0.9932035207748412,1.753669023513794
ACO,apo707c2444cb,A,6ao7,A,1,[51],[48],ACO,ACO,5.042003022097375,3.324889659881592,1.3856033086776731,0.7124971747398376,0.8838826417922974,1.2204567193984983,3.3519492149353027
UDP,2acv,A,apob2e0f8db00,A,1,[25],[25],UDP,UDP,3.0625859622633236,2.910806179046631,1.566023588180542,0.7245025038719177,0.5448002219200134,1.1716291904449463,2.344547986984253
NAD,7dkm,A,apo1a92a18e19,A,1,[44],[44],NAD,NAD,0.7440225992869998,4.787403583526611,0.6177806854248047,0.8522045016288757,0.9828643202781676,0.7091392874717712,0.6924991011619568
CU,apo16ec605a9d,A,4qi8,A,1,[1],[1],CU,CU,0.8216946195668271,2.8680219650268555,1.436499834060669,0.7172901630401611,0.4635713398456573,0.9404035806655884,0.759303092956543
CTP,1coz,A,apo9b8c5442fb,A,1,[29],[29],CTP,CTP,2.4867492340995905,3.0069539546966557,1.526847243309021,0.7080395817756653,0.7735076546669006,0.995706021785736,1.991510510444641
AKG,1nx4,C,apoa06a38fda5,A,1,[10],[10],AKG,AKG,12.773782489110209,2.305708646774292,1.7555229663848877,0.684806227684021,0.9345266222953796,1.435997724533081,5.608985900878906
NAP,1zgd,A,apo609c4e958d,A,1,[48],[48],NAP,NAP,4.095033225271404,3.638306140899658,1.3107826709747314,0.7383363246917725,0.8234330415725708,1.052935242652893,2.9053022861480717
COA,3ubm,B,apo53f0c8aada,A,1,[48],[48],COA,COA,32.917823951853656,2.5898361206054688,1.4949836730957031,0.7224394083023071,0.8316644430160522,1.162846565246582,7.669965744018555
GDP,apob52d99e27a,A,3zbq,A,1,[28],[28],GDP,GDP,6.089193805303794,2.873753547668457,1.4202488660812378,0.7311840057373047,0.6592751145362854,1.0365090370178225,3.784648180007935
GDP,apob52d99e27a,A,2nzj,B,1,[28],[28],GDP,GDP,4.083227993789458,3.3055169582366943,1.3019037246704102,0.7285962700843811,0.8963849544525146,1.1516741514205933,2.899355173110962
FAD,apo5399548934,A,2pg0,A,1,[53],[53],FAD,FAD,9.451039984803874,2.567716598510742,1.3857762813568115,0.6830064654350281,0.9232633709907532,1.259355068206787,4.85888671875
CU,4qi8,A,apo1b68d02ea9,A,1,[1],[1],CU,CU,0.6905872416834171,2.917485237121582,1.4302290678024292,0.7430468797683716,0.3973397314548492,0.9445005059242249,0.6459769010543823
OXL,3flk,A,apod8620c3ec6,A,1,[6],[6],OXL,OXL,3.5931015569616944,2.939964056015014,1.2973915338516235,0.714454710483551,0.9202975630760192,1.1967878341674805,2.643327236175537
ADP,apo1b53e3ba2c,A,5lu4,A,1,[27],[27],ADP,ADP,4.290053361678783,2.4134321212768555,1.557055115699768,0.7043333053588867,0.7797892689704895,1.039521336555481,3.0021255016326904
CA,apof433deac01,A,7w6b,A,1,[1],[1],CA,CA,50.972618678656005,2.8571102619171143,1.0841587781906128,0.7115839123725891,0.9859843254089355,0.8469594120979309,8.359919548034668
AMP,3fwz,A,apofff8bca9bc,A,1,[22],[23],AMP,AMP,4.0949039156125275,2.924583911895752,1.4390740394592283,0.7274397611618042,0.7261272072792053,1.0788153409957886,2.905237197875977
PYR,3noj,A,apoa4422865fc,A,1,[6],[6],PYR,PYR,44.103101634739474,2.770491600036621,1.3840153217315674,0.7307387590408325,0.9436699748039246,1.0296220779418943,8.151677131652832
COA,1yli,B,apo5f5f6032c2,A,1,[48],[48],COA,COA,81.85618387775824,2.653017520904541,1.334547758102417,0.6202846765518188,0.9187421798706056,1.212711215019226,8.911341667175293
UDP,apob2e0f8db00,A,5v0t,E,1,[25],[25],UDP,UDP,3.7707794339746536,3.202216625213623,1.3964658975601196,0.7468409538269043,0.8133529424667358,1.22335684299469,2.7382469177246094
HEM,apo7c333aef82,A,5zur,B,1,[43],[43],HEM,HEM,27.862828059792573,2.10280704498291,1.6381644010543823,0.7157279253005981,0.737030029296875,1.0736411809921265,7.358887195587158
ACO,apo4a65dbb781,A,2h5m,A,1,[51],[51],ACO,ACO,7.3160627828157505,2.550048828125,1.5769051313400269,0.6578165292739868,0.9313031435012816,1.1229557991027832,4.225015163421631
FE,3cei,A,apod5332d15e2,A,1,[1],[1],FE,FE,1.1208388566718446,2.159979820251465,1.6280049085617063,0.717159628868103,0.7190656065940857,1.0438072681427002,1.0078725814819336
ACO,3mgd,B,apo707c2444cb,A,1,[48],[51],ACO,ACO,5.488554053296041,3.3693556785583496,1.3675659894943235,0.7310037016868591,0.9367082118988036,1.1699470281600952,3.543619394302368
SAM,apo7d270341fc,A,4njg,A,1,[27],[26],SAM,SAM,5.593965832877521,3.0112109184265137,1.4193496704101562,0.6735900044441223,0.9558340311050416,1.5072791576385498,3.5872631072998047
GDP,2qag,C,apo11d986f878,A,1,[28],[28],GDP,GDP,7.221640407826844,2.608278274536133,1.57097589969635,0.687317967414856,0.7855519652366638,1.1239149570465088,4.193352222442627
AMP,1kht,B,apoc9cfbbc27e,A,1,[23],[23],AMP,AMP,26.063611117655324,3.025333881378174,1.4764481782913208,0.6953229308128357,0.8505222797393799,1.231455683708191,7.227121829986572
BMA,5a7v,A,apo8f0025a8ed,A,1,[12],[12],BMA,BMA,5.470586935648978,2.1261839866638184,1.5146249532699585,0.7360213994979858,0.7189569473266602,1.1124794483184814,3.536121129989624
UDP,apob2e0f8db00,A,7bv3,B,1,[25],[25],UDP,UDP,3.114927561223965,3.08801794052124,1.4942272901535034,0.7361891865730286,0.7792497873306274,1.217865824699402,2.37510085105896
PLP,3csw,C,apoeb69e6eac7,A,1,[15],[16],PLP,PLP,2.9406378155170265,3.2873973846435547,1.4885003566741943,0.7445855736732483,0.8510897159576416,1.1880404949188232,2.2724056243896484
AMP,3fiu,A,apoc9cfbbc27e,A,1,[23],[23],AMP,AMP,21.813239932264096,3.419272422790528,1.0889965295791626,0.7532260417938232,0.9546887278556824,0.8775496482849121,6.856654644012451
SAM,apoe4100df4a7,A,4njg,A,1,[27],[17],SAM,SAM,4.787766333700438,3.2692933082580566,1.3232272863388062,0.7205315828323364,0.9155586361885072,1.3817421197891235,3.2376534938812256
ATP,5nro,A,apo140b30aef4,A,1,[31],[31],ATP,ATP,16.4759693390855,2.938206434249878,1.5577293634414673,0.6958156228065491,0.727803647518158,1.1226691007614136,6.222990036010742
FE2,apo80526afb52,A,4r88,B,1,[1],[1],FE2,FE2,1.3413840688195275,2.5203287601470947,1.5886225700378418,0.750041127204895,0.5185405611991882,1.0856066942214966,1.1827340126037598
CO,1v29,A,apo7a12359999,A,1,[1],[1],CO,CO,12.289346400866258,2.1148643493652344,1.469670653343201,0.704576313495636,0.6328070759773254,1.5297694206237793,5.513551712036133
UDP,apob2e0f8db00,A,7zer,A,1,[25],[25],UDP,UDP,3.2784488350129535,3.183642864227295,1.6045429706573486,0.754992663860321,0.7236104607582092,1.1256215572357178,2.4689998626708984
AKG,1ofd,A,apo754fdde920,A,1,[10],[10],AKG,AKG,10.03638963739916,2.4766345024108887,1.899106860160828,0.6146447658538818,0.9660124182701112,1.287299633026123,5.00908088684082
COA,apo53f0c8aada,A,5xuk,A,1,[40],[48],COA,COA,34.569531399264974,2.6836233139038086,1.5484991073608398,0.714766800403595,0.7810063362121582,1.2353360652923584,7.756314754486084
ACO,apo4a65dbb781,A,7ovu,A,1,[51],[51],ACO,ACO,6.25425359533415,2.784331798553467,1.596057653427124,0.6796289086341858,0.7878094911575317,1.1271765232086182,3.847764253616333
NDP,apocc56e816c8,A,4ijr,A,1,[48],[48],NDP,NDP,4.169412678185017,3.6106927394866943,1.2932686805725098,0.7561243772506714,0.8105595111846924,0.9648250937461852,2.942544460296631
NAD,apof6b573ee02,A,5ilg,A,1,[44],[44],NAD,NAD,3.8108898711742176,2.674366950988769,1.4764419794082642,0.6919630765914917,0.7494466304779053,1.3542298078536987,2.7593369483947754
HEM,apo9dae1e84f2,A,4kvj,A,1,[43],[43],HEM,HEM,16.451311168480494,1.957939624786377,1.6264145374298096,0.7625754475593567,0.7987794280052185,0.8208456635475159,6.21946907043457
MG,2ox4,C,apob7f67423d9,A,1,[1],[1],MG,MG,5.545706289876535,2.8178985118865967,1.5240519046783447,0.7420833110809326,0.797531247138977,1.0522358417510986,3.5673556327819824
ACO,apo707c2444cb,A,4jwp,A,1,[51],[48],ACO,ACO,4.759627988616837,3.317403793334961,1.4253606796264648,0.7380586266517639,0.9269765615463256,1.0655879974365234,3.224761486053467
MG,2yjg,A,apodcdae1d5e0,A,1,[1],[1],MG,MG,39.142171565686866,2.816927909851074,1.1831814050674438,0.7352795600891113,0.9201427698135376,0.8033655285835266,7.965087890625
SAM,2fb2,A,apoa049c7a917,A,1,[27],[27],SAM,SAM,2.7606316133934197,2.8655548095703125,1.4603583812713623,0.7433328032493591,0.8094225525856018,1.155825138092041,2.163397312164306
UDP,2d7i,A,apo5ced6e3fa7,A,1,[25],[25],UDP,UDP,3.6561765919753344,3.4960217475891118,1.2381290197372437,0.7594473958015442,0.9140386581420898,1.0673809051513672,2.6773061752319336
NAD,1lvl,A,apo1a92a18e19,A,1,[44],[44],NAD,NAD,5.489514425254367,4.083392143249512,0.684330403804779,0.8077629208564758,0.9937291741371156,0.7044719457626343,3.54401969909668
FMN,1qxo,A,apo07b15fae34,A,1,[31],[31],FMN,FMN,158.47409045045282,2.2431464195251465,1.4225192070007324,0.669514000415802,0.9293361306190492,1.609645962715149,9.406436920166016
COA,2gf6,A,apofe063bf0b9,A,1,[27],[48],COA,COA,7.444610513454917,2.736244201660156,1.5415302515029907,0.7530773282051086,0.8723117709159851,1.0832669734954834,4.267570495605469
COA,2oi6,B,apo53f0c8aada,A,1,[48],[48],COA,COA,22.991818559093552,2.1840360164642334,1.7788220643997192,0.6928191781044006,0.666814923286438,1.421844720840454,6.968945503234863
MG,apoc188dec860,A,3ks6,A,1,[1],[1],MG,MG,6.968443571675352,2.697606086730957,1.756554126739502,0.7312020063400269,0.921756386756897,1.275557279586792,4.106707572937012
MN,2x7j,A,apoc169d5ed6a,A,1,[1],[1],MN,MN,4.112464827802892,3.088141441345215,1.5907084941864014,0.743135929107666,0.9581900835037231,1.0237783193588257,2.9140655994415283
BMA,5swi,B,apo8f0025a8ed,A,1,[12],[12],BMA,BMA,7.7649560855346484,1.990772247314453,1.7022151947021484,0.7175812721252441,0.7663164138793945,0.9930969476699828,4.370940208435059
FE2,apoea8e7659af,A,5j92,B,1,[1],[1],FE2,FE2,0.8158916351994804,2.5338339805603027,1.2124323844909668,0.675069272518158,0.9081228375434875,0.9076321721076964,0.7543452382087708
CO,3hdi,A,apo7f5816a39c,A,1,[1],[1],CO,CO,27.644794956645207,2.0446503162384038,1.794053316116333,0.6238881349563599,0.50534987449646,1.0210272073745728,7.343590259552002
UDP,2d7i,A,apod2359bd57e,A,1,[25],[25],UDP,UDP,5.379553547859745,3.380195617675781,1.3656136989593506,0.7418046593666077,0.9221130609512328,1.0354843139648438,3.4978606700897217
MG,apo09d9f66b80,A,3txa,A,1,[1],[1],MG,MG,7.894741153453904,2.317772150039673,1.566087007522583,0.7098552584648132,0.6410620808601379,1.033059000968933,4.411766052246094
AMP,2gm3,A,apob5350c771e,A,1,[23],[23],AMP,AMP,11.524587826834155,2.4575071334838867,1.592373967170715,0.7040567398071289,0.9124863743782043,1.29837965965271,5.354150295257568
ADP,6q45,F,apo391862021f,A,1,[27],[27],ADP,ADP,69.52650084488411,0.6450803279876709,1.5734814405441284,0.6239139437675476,0.7932875752449036,0.9390432834625244,8.742557525634766
AMP,1ct9,A,apo81026162f7,A,1,[23],[23],AMP,AMP,22.537355902309365,2.894938945770264,1.6044294834136963,0.7106871008872986,0.9246010184288024,1.2402969598770142,6.926609516143799
FE2,4r88,B,apo1c765845fe,A,1,[1],[1],FE2,FE2,1.1381675850341708,2.918152332305908,1.3690693378448486,0.746114194393158,0.7407503128051758,0.9735509157180786,1.021862506866455
AKG,1ofd,A,apoa06a38fda5,A,1,[10],[10],AKG,AKG,4.144447711827596,2.7832674980163574,1.4690436124801636,0.6662542223930359,0.9604113101959229,1.3365730047225952,2.93008804321289
FE2,apoea8e7659af,A,4r88,B,1,[1],[1],FE2,FE2,0.9171515860851415,2.183101892471313,1.5287268161773682,0.7080652117729187,0.4910288453102112,0.9828611612319946,0.8401015400886536
SAM,2fb2,A,apo89ae69e16b,A,1,[27],[27],SAM,SAM,3.524139500319587,3.0362753868103027,1.4665393829345703,0.7102247476577759,0.8214678764343262,1.2381922006607056,2.605814218521118
AMP,2gm3,A,apof76d61a07e,A,1,[23],[23],AMP,AMP,6.889241664390234,3.051454782485962,1.7450741529464722,0.7520908713340759,0.9352365136146544,1.100053310394287,4.079071044921875
FE2,apoea8e7659af,A,4oj8,B,1,[1],[1],FE2,FE2,0.43274441175766537,2.518988132476806,1.285556674003601,0.6911474466323853,0.7998338937759399,0.9502176642417908,0.4147944152355194
GDP,2atv,A,apo11d986f878,A,1,[28],[28],GDP,GDP,10.06014546521003,2.4878628253936768,1.5675337314605713,0.7223528027534485,0.6644017696380615,1.143102526664734,5.014991283416748
GDP,2nzj,B,apo74272096bc,A,1,[28],[28],GDP,GDP,4.030910525039497,3.339660167694092,1.3048590421676636,0.7428069710731506,0.9214820265769958,1.0713409185409546,2.8728787899017334
ACO,2h5m,A,apo707c2444cb,A,1,[48],[51],ACO,ACO,6.316147769860184,2.8519034385681152,1.4730523824691772,0.7244951725006104,0.8994632363319397,1.1345984935760498,3.871102333068848
COA,apo636957bc5d,A,5xuk,A,1,[40],[48],COA,COA,9.62460486939401,2.732846975326538,1.6331672668457031,0.7178910374641418,0.9040307998657228,1.0147106647491455,4.904356002807617
GDP,2ery,B,apo11d986f878,A,1,[28],[28],GDP,GDP,11.64023127881608,2.7799065113067627,1.37324321269989,0.7109190821647644,0.8106229901313782,1.20760977268219,5.378977298736572
SAM,apob0da859712,A,4njg,A,1,[27],[27],SAM,SAM,4.522270455086452,2.911137580871582,1.64083993434906,0.7378966808319092,0.750999927520752,1.1729079484939575,3.11402440071106
AKG,1llw,A,apoe86394f4a0,A,1,[10],[10],AKG,AKG,14.549978940290396,2.2462592124938965,1.6239782571792605,0.6393693685531616,0.8011628985404968,1.203823804855347,5.9266767501831055
COA,3cgb,A,apofe063bf0b9,A,1,[27],[48],COA,COA,9.708430349046056,2.642280578613281,1.587342619895935,0.6744316220283508,0.9235194325447084,1.1410257816314695,4.926029205322266
AKG,4oj8,B,apoa06a38fda5,A,1,[10],[10],AKG,AKG,12.892078386750496,2.2005903720855717,1.466550588607788,0.6937075257301331,0.6503978371620178,1.271997332572937,5.63167667388916
BGC,1q33,A,apoe626d8308e,A,1,[12],[12],BGC,BGC,4.95891873901389,2.384521961212158,1.6133849620819092,0.720916211605072,0.8647676110267639,1.0027318000793457,3.315024852752685
AMP,3ber,A,apo81026162f7,A,1,[23],[23],AMP,AMP,25.45056652559592,3.048245668411255,1.4484331607818604,0.726539671421051,0.9139333963394164,1.2431926727294922,7.179170608520508
NAP,2zat,A,apo08731c6428,A,2,[48],[48],NAP,NAP,3.935825027100458,3.580186367034912,1.3363683223724363,0.7462001442909241,0.7917500734329224,0.9732255339622498,2.824249744415283
GTP,apo9fb2d1f03d,A,4du6,A,2,[32],[32],GTP,GTP,31.148382438350573,2.203237533569336,1.3680270910263062,0.6687518358230591,0.768208920955658,1.5507426261901855,7.569770812988281
DFP,1ci9,A,apo093df4e44f,A,2,[10],[10],DFP,DFP,2.338035311756966,2.5237233638763428,1.5767468214035034,0.7036281824111938,0.9373093843460084,1.1879762411117554,1.894981861114502
APR,apo10ffc1123f,A,2hjr,B,2,[36],[36],APR,APR,21.088073377359468,2.7598791122436523,1.3939002752304075,0.7167083024978638,0.7776858806610107,1.2194057703018188,6.783332347869873
NDP,apo362fa2b55d,A,3kgy,A,2,[48],[48],NDP,NDP,3.777270012719565,3.5612637996673584,1.3690228462219238,0.7290286421775818,0.9411056041717528,1.0567927360534668,2.7416679859161377
ADP,3kb1,A,apo0bdd215b0a,A,2,[27],[27],ADP,ADP,1.8505092305286606,4.085299015045166,0.8665046691894531,0.7820827960968018,0.9198856949806212,0.7567587494850159,1.5615440607070925
NAD,apof6b573ee02,A,3gvh,A,2,[44],[44],NAD,NAD,5.108094289864055,2.7692301273345947,1.53468120098114,0.7091863751411438,0.4385687410831451,1.1979515552520752,3.3810315132141118
B4P,apo6fd37a5c14,A,3loo,B,2,[53],[53],B4P,B4P,14.52421271815115,2.26969838142395,1.623390555381775,0.674625039100647,0.9105809926986694,1.0207878351211548,5.922397136688232
BEF,5he9,A,apo8023553e96,A,2,[4],[4],BEF,BEF,6.982735632144815,2.6853601932525635,1.547660231590271,0.6665753126144409,0.7498627305030823,1.2050330638885498,4.111667156219482
FE2,apo3adfbe03e8,A,3vf1,A,2,[1],[1],FE2,FE2,0.2052084859477055,2.3721728324890137,1.4417225122451782,0.7167923450469971,0.8622074127197266,1.016068458557129,0.2010821104049682
ADP,apocfd5ffd601,A,5wdh,A,2,[27],[27],ADP,ADP,2.8493319766026763,3.1882174015045166,1.4802953004837036,0.7854892015457153,0.5968979597091675,0.9402008056640624,2.217494249343872
ALF,1qf9,A,apo7690fe221f,A,2,[5],[5],ALF,ALF,12.27315895467969,2.639244794845581,1.4232131242752075,0.703694224357605,0.7008365392684937,1.1383652687072754,5.51029109954834
ADP,apo0bdd215b0a,A,5ik2,E,2,[27],[27],ADP,ADP,1.90292407453988,3.993387222290039,0.7377824187278748,0.7658001184463501,0.8539531230926514,0.8198124170303345,1.5987030267715454
SAM,4ax8,A,apob0da859712,A,2,[27],[27],SAM,SAM,41.904512519045134,2.863978862762451,1.2251874208450315,0.7383674383163452,0.8147250413894653,1.120423674583435,8.073385238647461
AMP,4hxv,A,apo9bfef3aac4,A,2,[22],[23],AMP,AMP,30.239068363275074,2.497271776199341,1.6286261081695557,0.6544085144996643,0.8230759501457214,1.2806055545806885,7.514853000640869
ZN,apo19ec63c2ba,A,3r2n,D,2,[1],[1],ZN,ZN,1.1844214488002485,2.0512142181396484,1.330949783325195,0.5949454307556152,0.969641387462616,1.6161655187606812,1.0589921474456787
NAI,apoad92680901,A,3flk,A,2,[44],[44],NAI,NAI,3.3714750871991943,3.3135790824890137,1.2272967100143433,0.6876314878463745,0.8989423513412476,1.25304913520813,2.5213935375213623
COA,1cm0,A,apofdd79e76b6,A,2,[48],[48],COA,COA,7.607918135915887,3.0279946327209477,1.4492528438568115,0.7334194183349609,0.6694507598876953,1.073757529258728,4.320736885070801
GTP,apo9fb2d1f03d,A,3ldu,A,2,[32],[32],GTP,GTP,18.547975772597617,2.858551263809204,1.456053614616394,0.6928959488868713,0.945852756500244,1.2792255878448486,6.497124671936035
NDP,3cse,A,apocbfde54817,A,2,[48],[48],NDP,NDP,4.114248071327176,3.399482727050781,1.39757239818573,0.7169216871261597,0.9086516499519348,1.1075915098190308,2.9149608612060547
ADE,2qes,A,apo67359c8433,A,2,[10],[10],ADE,ADE,1.1554889844604979,2.5162339210510254,1.4624137878417969,0.7146549224853516,0.7503740191459656,1.2082090377807615,1.0358030796051023
AMP,apo6031cfefc9,A,2ak3,A,2,[23],[22],AMP,AMP,11.974354842191142,2.765744924545288,1.6203314065933228,0.7331626415252686,0.8777052164077759,1.131770372390747,5.449240684509277
GDP,apoeddcee1cd9,A,2ery,B,2,[28],[28],GDP,GDP,1.5298772955633793,3.786378145217896,1.0828518867492676,0.7518503665924072,0.9714213609695436,0.8364266753196716,1.3268808126449585
COA,apo034597ae6f,A,3f8k,A,2,[48],[48],COA,COA,4.336550711154516,2.760213851928711,1.4309505224227903,0.7426650524139404,0.8420946002006531,1.1401982307434082,3.024821519851685
ANP,apo78557a75c0,A,5ljw,A,2,[31],[31],ANP,ANP,4.955784505974642,3.013784170150757,1.573633074760437,0.7561474442481995,0.5536977648735046,1.0849146842956543,3.3136239051818848
ACO,4ava,A,apo63599a476b,A,2,[51],[51],ACO,ACO,10.979605539975106,2.54768967628479,1.4017888307571411,0.6739159822463989,0.9200300574302672,1.220314860343933,5.233466148376465
SAM,4njg,A,apof296d86dde,A,2,[27],[27],SAM,SAM,42.51353058159339,2.792307615280152,1.5710678100585938,0.6874018907546997,0.5752637386322021,1.3693076372146606,8.095728874206543
NAP,1eyy,A,apodfb84bd676,A,2,[48],[31],NAP,NAP,3.2105236336272345,3.722546577453613,1.1955074071884155,0.744490385055542,0.9028414487838744,0.9622936248779296,2.4302773475646973
ACO,5hgz,A,apo63599a476b,A,2,[51],[51],ACO,ACO,12.500855925455785,2.7372584342956543,1.3772752285003662,0.7191380262374878,0.63229900598526,1.259024977684021,5.555724620819092
AMP,3fiu,A,apo594bfe1d35,A,2,[22],[23],AMP,AMP,4.648357849160859,2.9342381954193115,1.54677152633667,0.7248399257659912,0.8882338404655457,1.1268537044525146,3.1732962131500244
GDD,apo9f0646f37b,A,2zu8,A,2,[39],[39],GDD,GDD,9.112356012687789,2.9085042476654053,1.3655558824539185,0.6907716393470764,0.91141939163208,1.322449803352356,4.767782688140869
ALF,3zq6,B,apo7690fe221f,A,2,[5],[5],ALF,ALF,8.57764712062468,2.7103590965271,1.508297324180603,0.7117412090301514,0.874985933303833,1.1002002954483032,4.617187023162842
MG,apo1dd9f3e9ed,A,2kwi,A,2,[1],[1],MG,MG,3.2613516087692855,3.021216869354248,1.4045181274414062,0.770368218421936,0.7970262765884399,1.0701631307601929,2.4592905044555664
ADP,1o51,A,apob7b299a860,A,2,[27],[27],ADP,ADP,5.9630141619046855,2.836004734039306,1.3716750144958496,0.7451518177986145,0.7740141153335571,1.211312174797058,3.735518932342529
BEF,6ww6,B,apo8023553e96,A,2,[4],[4],BEF,BEF,6.569119130719177,3.4352827072143555,0.9174156785011292,0.7727190256118774,0.989835262298584,0.8570848703384399,3.964676141738892
ATP,apod4392cef85,A,3ke5,A,2,[31],[31],ATP,ATP,34.45159461981804,2.2397780418396,1.4621076583862305,0.7432326078414917,0.8717115521430969,1.1551289558410645,7.750361919403076
5GP,apo96b90e26b3,A,3n1s,J,2,[24],[24],5GP,5GP,6.371975551393857,2.8010945320129395,1.6008172035217283,0.7490637898445129,0.704850435256958,1.1580760478973389,3.892001628875733
ACO,3mgd,B,apo63599a476b,A,2,[51],[51],ACO,ACO,12.844601412384668,2.932224750518799,1.416042685508728,0.7371655106544495,0.8451663851737976,1.2730352878570557,5.622598171234131
NAP,3jz4,A,apo9e87a48572,A,2,[48],[48],NAP,NAP,7.25157638529907,3.9296562671661377,1.0577353239059448,0.7499049305915833,0.844792366027832,0.8817262053489685,4.203428268432617
MN,apob52d99e27a,A,4ipi,A,2,[1],[1],MN,MN,4.049190778034622,2.9004814624786377,1.295098900794983,0.7103210687637329,0.8128172159194946,1.2162632942199707,2.882152318954468
PYR,4plf,B,apoa4422865fc,A,2,[6],[6],PYR,PYR,26.805235266161365,2.954738140106201,1.3535596132278442,0.6898345947265625,0.6700227856636047,1.1671953201293943,7.282995223999023
SAM,3ai9,X,apo693998296e,A,2,[27],[20],SAM,SAM,2.3448199875874973,3.102398633956909,1.3237823247909546,0.6809769868850708,0.9563894271850586,1.1453680992126465,1.899436354637146
AMP,3ber,A,apo43b8eb62f6,A,2,[23],[23],AMP,AMP,4.024645407661107,3.157118320465088,1.2456144094467163,0.7449383735656738,0.8386745452880859,0.9682103991508484,2.869694948196411
ZN,1ta9,B,apoa52e2b87bc,A,2,[1],[1],ZN,ZN,3.391009473245002,2.3089888095855717,1.4281061887741089,0.683322548866272,0.446376085281372,1.1727174520492554,2.532303094863892
AMP,2ak3,A,apo594bfe1d35,A,2,[22],[23],AMP,AMP,15.536778393238125,2.4823665618896484,1.529438853263855,0.7123715877532959,0.5749368667602539,1.0427603721618652,6.084079265594482
NAP,5tqm,A,apo08731c6428,A,2,[48],[48],NAP,NAP,4.2988032830454666,3.80729866027832,1.4346425533294678,0.7692563533782959,0.954791784286499,1.017851948738098,3.0064077377319336
COA,3f8k,A,apofdd79e76b6,A,2,[48],[48],COA,COA,8.746151261447665,3.0128865242004395,1.38616144657135,0.7159941792488098,0.8926404714584351,1.1101837158203125,4.665571689605713
ADE,apo0dc9dba73c,A,3bsf,A,2,[10],[10],ADE,ADE,2.7247485368130726,2.3134684562683105,1.5935094356536863,0.7129068970680237,0.810862123966217,1.246683120727539,2.141298532485962
FMN,3gr3,A,apo07b15fae34,A,2,[31],[31],FMN,FMN,160.0591149782272,2.253265857696533,1.9642245769500728,0.6950148940086365,0.4775656163692474,1.2773362398147583,9.411969184875488
GDP,apoeddcee1cd9,A,4ei7,A,2,[28],[28],GDP,GDP,3.4263218526648322,2.964920997619629,1.4447815418243408,0.7375956177711487,0.573258638381958,1.0584137439727783,2.551943778991699
PLP,2zsj,A,apoeb69e6eac7,A,2,[15],[15],PLP,PLP,3.2969723111731395,3.4157114028930664,1.391862392425537,0.7521980404853821,0.8488481044769287,1.1485111713409424,2.4794909954071045
AMP,apo5c44ba9907,A,4k46,A,2,[23],[23],AMP,AMP,13.332402107529767,2.838822841644287,1.6229861974716189,0.7345930337905884,0.7889992594718933,1.1464842557907104,5.714114665985107
NAI,apob2ac301348,A,3flk,A,2,[44],[44],NAI,NAI,3.293428470279424,3.300147294998169,1.25334894657135,0.6906620264053345,0.8948906064033508,1.2355602979660034,2.4774861335754395
COA,1cm0,A,apo8a016eb0da,A,2,[48],[48],COA,COA,6.0635614409479235,2.9286351203918457,1.4046214818954468,0.7149632573127747,0.7081683874130249,1.1095703840255735,3.774730443954468
ADP,2is6,A,apofe46173242,A,2,[27],[27],ADP,ADP,3.9210322457305624,2.931394100189209,1.3945679664611816,0.7036715745925903,0.786784291267395,1.1912190914154053,2.816624641418457
AMP,apo6031cfefc9,A,2gm3,A,2,[23],[22],AMP,AMP,5.165891583305206,3.1279947757720947,1.7141650915145874,0.7162706255912781,0.7274380922317505,1.097643494606018,3.406256437301636
ACO,2h5m,A,apo63599a476b,A,2,[51],[51],ACO,ACO,9.372614798441028,2.70852279663086,1.4495478868484497,0.694582462310791,0.8781798481941223,1.2162359952926636,4.838074207305908
COA,1cm0,A,apo5f5f6032c2,A,2,[48],[48],COA,COA,18.516877654056465,2.225537061691284,1.6210383176803589,0.5536638498306274,0.8125541806221008,1.5937594175338743,6.49330472946167
ATP,1csn,A,apobc912f7d4f,A,2,[31],[31],ATP,ATP,11.972982629295396,2.0679757595062256,1.5678317546844482,0.7091916799545288,0.7255719900131226,1.1721316576004028,5.448956489562988
HEM,3dhr,A,apo4df2a9b82d,A,2,[43],[43],HEM,HEM,14.258203322681858,2.3911471366882324,1.5848205089569092,0.6911138892173767,0.6537429094314575,1.275690674781799,5.877683162689209
NAD,1gv0,A,apof6b573ee02,A,2,[44],[44],NAD,NAD,4.841017131144923,2.748609781265259,1.359862208366394,0.7103668451309204,0.6159772276878357,1.042164325714111,3.261917352676392
ACO,6v3t,A,apo63599a476b,A,2,[51],[51],ACO,ACO,11.17072167142292,2.9204649925231934,1.488550901412964,0.704540491104126,0.7776555418968201,1.1386610269546509,5.276495456695557
APR,2hjr,B,apof5de2d448c,A,2,[36],[36],APR,APR,3.4949781985349,3.4903252124786377,1.1184704303741455,0.7687218189239502,0.8357413411140442,0.9676558375358582,2.5898361206054688
SAH,2zvb,A,apob3273e7dd2,A,2,[26],[26],SAH,SAH,10.216036604086968,2.917512893676758,1.4052395820617676,0.6576505899429321,0.9651491045951844,1.366858959197998,5.053431987762451
HEC,apo4a09d18f2d,A,7aba,A,2,[43],[43],HEC,HEC,19.654814414900034,2.4755752086639404,1.455291748046875,0.6974475383758545,0.837773323059082,0.9791854619979858,6.627866268157959
NDP,apof747a224a1,A,8b9z,P,2,[48],[48],NDP,NDP,4.483788104208862,3.832031488418579,1.220450758934021,0.7382773160934448,0.8125311732292175,0.8648836612701416,3.095728874206543
COA,apofe063bf0b9,A,7k0a,A,2,[48],[27],COA,COA,8.705066386577784,2.949103593826294,1.5536043643951416,0.7198030948638916,0.8438663482666016,1.1491203308105469,4.653854846954346
AMP,2dcl,A,apofff8bca9bc,A,2,[22],[23],AMP,AMP,19.168956409827373,2.703007698059082,1.4499746561050415,0.736469566822052,0.544021487236023,1.1962172985076904,6.57169771194458
COA,apo034597ae6f,A,3ubm,B,2,[48],[48],COA,COA,13.790874200774752,2.5334010124206543,1.6749080419540403,0.7103863954544067,0.932370662689209,1.355105757713318,5.796707630157471
AMP,1ct9,A,apo43b8eb62f6,A,2,[23],[23],AMP,AMP,5.412593027861515,2.8269505500793457,1.431222677230835,0.7258602380752563,0.6390184164047241,1.160801649093628,3.511799097061157
NAP,4m7u,A,apo1260edba4f,A,2,[48],[48],NAP,NAP,6.614938559685099,3.659821510314941,1.328552484512329,0.711585521697998,0.9621266722679138,1.0689626932144165,3.9813199043273926
APR,apod89ecce343,A,2hjr,B,2,[36],[18],APR,APR,40.026502344181246,2.5708675384521484,1.644958257675171,0.7301182746887207,0.5476391315460205,1.0648738145828247,8.001059532165527
AKG,3bn1,A,apoa06a38fda5,A,2,[10],[10],AKG,AKG,11.903267475806842,3.627671003341675,0.9345691204071044,0.7888674736022949,0.974460244178772,0.8175060153007507,5.434471130371094
ACP,apof1a565f5fa,A,8oqx,A,2,[31],[31],ACP,ACP,3.7326703494665456,2.9426915645599365,1.398056149482727,0.7293155789375305,0.7790064215660095,1.1176835298538208,2.718095064163208
ACO,7ovu,A,apo63599a476b,A,2,[51],[51],ACO,ACO,9.641049083797888,2.8465585708618164,1.6709152460098269,0.7379236817359924,0.9236031770706176,1.0747809410095217,4.9086222648620605
SAM,2f8l,A,apo218b3ecdc8,A,2,[27],[27],SAM,SAM,2.049553630725732,4.618045330047607,0.7793715596199036,0.8314474821090698,0.9854008555412292,0.7973663806915283,1.7009373903274536
COA,apo636957bc5d,A,3f8k,A,2,[48],[48],COA,COA,6.349561182141181,2.9278886318206787,1.5268323421478271,0.743414044380188,0.9083884954452516,1.124499797821045,3.8836278915405273
NAD,apoea4a306902,A,3ju8,A,2,[44],[44],NAD,NAD,4.071621913999769,3.131042003631592,1.4581409692764282,0.7471736073493958,0.7954503893852234,1.013153076171875,2.893498659133911
ATP,apo4cb460f936,A,2vt3,B,2,[31],[9],ATP,ATP,9.033146313173757,2.7091224193573,1.441486358642578,0.7203357815742493,0.894452691078186,0.98742014169693,4.746007919311523
AMP,apofff8bca9bc,A,4hxv,A,2,[23],[22],AMP,AMP,7.488259240440798,2.484893560409546,1.548149824142456,0.7730181813240051,0.773828387260437,1.1012976169586182,4.2818779945373535
NAI,3flk,A,apo131ef01eab,A,2,[44],[44],NAI,NAI,3.9701310669032512,3.196160078048706,1.2685731649398804,0.6985253691673279,0.8559470772743225,1.256704568862915,2.8418710231781006
UDP,apob2e8d96712,A,7zer,A,2,[25],[24],UDP,UDP,26.901024267923187,3.2853689193725586,1.198568344116211,0.7591415643692017,0.9400739073753356,0.9941431879997252,7.290048122406006
CA,4b97,A,apo858a2f6cdf,A,2,[1],[1],CA,CA,29.160388916452508,2.216870784759521,1.4597499370574951,0.6922159194946289,0.6600557565689087,1.3885835409164429,7.446399211883545
AMP,3l2p,A,apof76d61a07e,A,2,[23],[22],AMP,AMP,3.3666206262346456,2.9909439086914062,1.3626917600631714,0.7436445951461792,0.8746435046195984,0.9773573279380798,2.5186774730682373
OXY,apo2c3a0c55e6,A,4yu3,A,2,[2],[1],OXY,OXY,28.49903208662664,2.1596834659576416,1.6934641599655151,0.7170791029930115,0.7166486382484436,1.0660035610198977,7.40253210067749
ADP,4gt8,A,apofe46173242,A,2,[27],[27],ADP,ADP,4.371093677458047,2.9434871673583984,1.5090583562850952,0.7319082021713257,0.8675451874732971,1.1408318281173706,3.041587352752685
GDP,2qa5,B,apo3792abad1e,A,2,[28],[28],GDP,GDP,1.4710987006380576,3.556222438812256,1.2704696655273438,0.7108381390571594,0.9550473093986512,0.8724808692932129,1.2824392318725586
ANP,apo642faee836,A,7x4n,E,2,[31],[31],ANP,ANP,5.277420061703337,3.621087312698364,0.8012114763259888,0.7163414359092712,0.9899332523345948,0.7643486261367798,3.454392194747925
HEM,apo7c333aef82,A,2nrm,A,2,[43],[43],HEM,HEM,23.298433642159083,2.649585723876953,1.565263271331787,0.7246624827384949,0.8983472585678101,1.3248153924942017,6.996855735778809
UDP,apob2e8d96712,A,4pqg,A,2,[25],[24],UDP,UDP,28.5376242918283,3.145310878753662,1.38256573677063,0.7391968965530396,0.905142903327942,1.071902632713318,7.405133247375488
UDP,2d7i,A,apob2e8d96712,A,2,[24],[25],UDP,UDP,28.63640508872925,2.9840941429138184,1.2849855422973633,0.7307134866714478,0.8824791312217712,1.1594843864440918,7.411767482757568
MG,apoac42c0305e,A,4gi2,A,2,[1],[1],MG,MG,22.42317447335486,1.9687376022338867,1.6756197214126587,0.7144685387611389,0.5473681092262268,1.076951026916504,6.915786266326904
AMP,3l2p,A,apo43b8eb62f6,A,2,[23],[22],AMP,AMP,16.662083036261873,2.7428438663482666,1.500186562538147,0.7165610790252686,0.8684262633323669,1.0390545129776,6.249355316162109
COA,1scu,A,apo8a016eb0da,A,2,[48],[48],COA,COA,4.152028330617627,2.8067336082458496,1.508569359779358,0.7233392000198364,0.9133946299552916,0.9528169631958008,2.93387508392334
NDP,4l4x,A,apof747a224a1,A,2,[48],[48],NDP,NDP,5.130923688925995,3.678215980529785,1.188442945480347,0.7410633563995361,0.8014649152755737,0.8097361326217651,3.3910181522369385
COA,apo034597ae6f,A,6mgg,C,2,[48],[48],COA,COA,22.008903843949515,2.7720065116882324,1.5472259521484375,0.670910656452179,0.92296302318573,1.08861243724823,6.875869274139404
SAM,3ai9,X,apof296d86dde,A,2,[27],[20],SAM,SAM,42.14803497966945,3.141818046569824,1.4078344106674194,0.6840612888336182,0.8239684700965881,1.130075454711914,8.082382202148438
BGC,apoc8cf0d8714,A,5do8,B,2,[12],[12],BGC,BGC,18.25712143726026,3.236783981323242,1.015674710273743,0.7278304100036621,0.8171197772026062,0.8663625121116638,6.461069107055664
ADE,apo67359c8433,A,3le7,A,2,[10],[10],ADE,ADE,10.261709757600753,2.736720561981201,1.566009283065796,0.7331225275993347,0.8151607513427734,1.025676131248474,5.064582347869873
NDP,2xw7,A,apof747a224a1,A,2,[48],[48],NDP,NDP,6.535012460282776,3.0492753982543945,1.5290066003799438,0.7539790272712708,0.757817804813385,0.9997853636741638,3.952227115631104
ACO,4jwp,A,apo63599a476b,A,2,[51],[51],ACO,ACO,9.57961130613057,2.802368640899658,1.623714804649353,0.7601122856140137,0.8325064182281494,1.0666249990463257,4.892646312713623
CO,3hdi,A,apoa708248ee5,A,2,[1],[1],CO,CO,28.377178414959896,1.913969039916992,1.542881965637207,0.7067007422447205,0.8209049105644226,1.1925873756408691,7.394284725189209
ADP,apo59a84e4b85,A,8cqx,A,2,[27],[27],ADP,ADP,3.353963722514685,3.166804313659668,1.4493447542190552,0.7202259302139282,0.8001071214675903,1.133529782295227,2.5115866661071777
AMP,apo5c44ba9907,A,5b8h,A,2,[23],[23],AMP,AMP,17.820188219050657,3.1157383918762207,0.9975433945655824,0.7577390074729919,0.9471685290336608,0.8672410845756531,6.405488014221191
CU,apo1b68d02ea9,A,6km8,A,2,[1],[1],CU,CU,0.567732980049609,2.2879133224487305,1.4188847541809082,0.7007690668106079,0.9514098167419434,1.0008984804153442,0.537232518196106
MN,apoe475318e4a,A,4ilk,A,2,[1],[1],MN,MN,10.854613209271465,3.32155704498291,1.2936077117919922,0.7637878060340881,0.9203996062278748,1.0800316333770752,5.204897880554199
SAM,apob0da859712,A,4uw0,A,2,[27],[27],SAM,SAM,42.501908908154604,2.791482448577881,1.358637809753418,0.7018670439720154,0.7232347130775452,1.1765514612197876,8.095307350158691
NAD,2jg7,A,apo9a3af22267,A,2,[44],[44],NAD,NAD,3.9887607753427434,4.063363552093506,1.0030256509780884,0.7742398977279663,0.8088884353637695,0.8405483365058899,2.851403951644897
NAP,apo9e87a48572,A,5eyg,B,2,[48],[48],NAP,NAP,14.400048959448824,2.526313781738281,1.1538357734680176,0.735429048538208,0.8968316912651062,0.8313918113708496,5.901647567749023
UDP,2acv,A,apob2e8d96712,A,2,[24],[25],UDP,UDP,27.227697884956108,3.285055160522461,1.2105644941329956,0.7491363883018494,0.9390191435813904,1.060164213180542,7.313827991485596
CU,apoa1055b5623,A,6km8,A,2,[1],[1],CU,CU,0.5690878778513665,2.055474042892456,1.4369940757751465,0.6996955871582031,0.902256190776825,1.0122944116592407,0.5384455919265747
UDP,apob2e8d96712,A,5tvg,A,2,[25],[24],UDP,UDP,29.344500958589215,3.1788783073425293,1.339042901992798,0.7336307168006897,0.757377564907074,1.1319431066513062,7.458348751068115
NAP,4m7u,A,apof18e996437,A,2,[48],[48],NAP,NAP,8.19689399710884,3.804513454437256,1.2855820655822754,0.7639127373695374,0.9820939898490906,1.005223274230957,4.504556655883789
UDP,2iya,A,apob2e8d96712,A,2,[24],[25],UDP,UDP,27.401516033779124,3.3374686241149902,1.2612954378128052,0.7743825912475586,0.8952911496162415,0.9622966647148132,7.3263115882873535
NAP,4m7u,A,apo9e87a48572,A,2,[48],[48],NAP,NAP,11.232041394316543,3.738256931304932,1.3463866710662842,0.7336907982826233,0.816486656665802,0.9515795111656188,5.29013729095459
UDP,apob2e8d96712,A,5v0t,E,2,[25],[24],UDP,UDP,29.46179295218676,3.192610263824463,1.3850324153900146,0.7470144629478455,0.6626225709915161,1.0449888706207275,7.465903282165527
CU,6l4c,C,apo561904df3e,A,2,[1],[1],CU,CU,2.1754548631719866,1.7199034690856934,1.781455397605896,0.6716820001602173,0.8102016448974609,0.9588488936424256,1.786754488945007
COA,1xvt,A,apo034597ae6f,A,2,[48],[48],COA,COA,10.421521457646234,2.700502395629883,1.5837430953979492,0.7137849926948547,0.8522073030471802,1.2724082469940186,5.10320520401001
COA,apofe063bf0b9,A,5gcn,A,2,[48],[27],COA,COA,12.997185708169868,2.9141969680786133,1.6585893630981443,0.7378067970275879,0.7573045492172241,1.1129964590072632,5.651641845703125
AMP,2dcl,A,apo9bfef3aac4,A,2,[22],[23],AMP,AMP,24.834473496906735,2.440878868103028,1.602587342262268,0.6781178116798401,0.7376450300216675,1.0805248022079468,7.1292805671691895
CO,2xvz,A,apo7a12359999,A,2,[1],[1],CO,CO,4.350153329204685,2.1430811882019043,1.7012795209884644,0.6806702613830566,0.7119372487068176,0.911437213420868,3.031433343887329
AMP,4hxv,A,apoacde4420e4,A,2,[23],[23],AMP,AMP,7.205362498999094,2.771664619445801,1.4301475286483765,0.740980327129364,0.6423454880714417,1.2031261920928955,4.187858581542969
ANP,apo470c3179a7,A,3vpd,A,2,[31],[31],ANP,ANP,4.616498747093726,3.1854047775268555,1.5283076763153076,0.7395910024642944,0.8706724643707275,1.1386271715164185,3.158416271209717
GDP,2v40,A,apo1db48c5f0c,A,2,[28],[28],GDP,GDP,1.8225550700801345,3.7180447578430176,0.7471156120300293,0.7870603203773499,0.9953860640525818,0.8353970050811768,1.5415915250778198
NAD,apo86f36ad70f,A,3ju8,A,2,[44],[44],NAD,NAD,2.427061119732159,3.9300529956817623,1.19563627243042,0.7649399638175964,0.9487692713737488,0.8834852576255798,1.953045129776001
COA,1yvk,A,apo034597ae6f,A,2,[48],[48],COA,COA,7.447503004005979,2.7866692543029785,1.4460448026657104,0.7276291847229004,0.8442888259887695,1.077244997024536,4.268520832061768
UDP,3hbn,A,apob2e8d96712,A,2,[24],[25],UDP,UDP,28.248355914094976,3.1837832927703857,1.2656818628311155,0.7539752125740051,0.7046733498573303,0.9641044735908508,7.38550853729248
COA,apo034597ae6f,A,2bue,A,2,[48],[48],COA,COA,7.965618679668137,2.675903797149658,1.445156216621399,0.7106669545173645,0.783362090587616,1.217471718788147,4.433812618255615
SAM,apofd7fa63b48,A,4ax8,A,2,[27],[27],SAM,SAM,42.91084424650781,2.351377010345459,1.5429177284240725,0.7283474802970886,0.5484210252761841,1.2244681119918823,8.110028266906738
GDP,1dj3,A,apoc424f1c171,A,2,[28],[28],GDP,GDP,3.0885688312864397,3.1094582080841064,1.429113268852234,0.7584985494613647,0.8319250345230103,1.0327317714691162,2.3597452640533447
OXY,apo661b32cc25,A,4yu3,A,2,[2],[2],OXY,OXY,2.23826055393227,2.483889579772949,1.4932760000228882,0.7358865737915039,0.8301510214805603,1.1512494087219238,1.828904151916504
ANP,3zfd,A,apo642faee836,A,2,[31],[31],ANP,ANP,5.076086484168183,3.591247081756592,0.787404477596283,0.7015935778617859,0.9845209121704102,0.7792847156524658,3.366978883743286
ANP,3zfd,A,apo54083b9d41,A,2,[31],[31],ANP,ANP,3.247196789647899,3.4135336875915527,1.0300936698913574,0.6768041849136353,0.912824273109436,1.0166760683059692,2.451233148574829
NAP,5vkt,A,apo08731c6428,A,2,[48],[48],NAP,NAP,3.7250884711559245,3.7624878883361816,1.4568915367126465,0.7809723019599915,0.9415163397789,1.0458059310913086,2.7140724658966064
NDP,5dul,C,apof747a224a1,A,2,[48],[48],NDP,NDP,4.515782000108324,3.586984157562256,1.3249006271362305,0.740327000617981,0.75191730260849,0.939078450202942,3.1109464168548584
AMP,2dcl,A,apof76d61a07e,A,2,[23],[23],AMP,AMP,19.22868892420297,2.71899938583374,1.5733977556228638,0.7873783707618713,0.8883161544799805,0.9064118266105652,6.578703880310059
ANP,3ew9,A,apo470c3179a7,A,2,[31],[31],ANP,ANP,3.109275771885505,3.201695442199707,1.4721068143844604,0.7440411448478699,0.8068684935569763,1.0266979932785034,2.371813535690308
ACO,6ao7,A,apo63599a476b,A,2,[51],[51],ACO,ACO,8.857930673307918,2.703806161880493,1.7187782526016235,0.71722412109375,0.9035512804985046,1.223509430885315,4.69719123840332
MG,apo10bc5c3173,A,2qlw,B,2,[1],[1],MG,MG,22.553300808263003,2.842514514923096,1.5154708623886108,0.6969881057739258,0.943581998348236,1.218996524810791,6.928114891052246
GTP,apofe57346899,A,3ldu,A,2,[32],[32],GTP,GTP,12.148656882183072,1.8754682540893557,1.6874665021896362,0.6203027963638306,0.3208674788475036,1.1511361598968506,5.485053539276123
NDP,3ing,A,apof747a224a1,A,2,[48],[48],NDP,NDP,4.392728856455323,3.55847692489624,1.3277835845947266,0.722908079624176,0.6112520098686218,0.9790381789207458,3.0520472526550293
SAM,4ax8,A,apo218b3ecdc8,A,2,[27],[27],SAM,SAM,2.185728182198354,4.452528476715088,0.7312329411506653,0.7977375388145447,0.903830111026764,0.7700674533843994,1.7936787605285645
FE,2boy,A,apo40888f554b,A,2,[1],[1],FE,FE,1.2443861229989848,2.6657681465148926,1.4443378448486328,0.7599139213562012,0.4647067785263061,0.8972207307815552,1.106673240661621
COA,1yvk,A,apo5f5f6032c2,A,2,[48],[48],COA,COA,21.383971749588728,2.45546293258667,1.72682785987854,0.6266747713088989,0.7955779433250427,1.264699935913086,6.813660144805908
NDP,2xw7,A,apoa45cd51704,A,2,[48],[48],NDP,NDP,5.855162811912314,3.64778208732605,1.4243847131729126,0.7373553514480591,0.971194863319397,0.9112617373466492,3.692906141281128
COA,2bue,A,apo8a016eb0da,A,2,[48],[48],COA,COA,6.618982018883245,3.0311648845672607,1.4349312782287598,0.7436828017234802,0.959559977054596,0.9769458174705504,3.9827842712402335
GDP,2v40,A,apoc42d5dc4b8,A,2,[28],[28],GDP,GDP,0.9488263781913098,3.7873106002807617,0.8309537768363953,0.7745922803878784,0.9294121861457824,0.7699136137962341,0.8666009902954102
PLP,2bht,A,apo744b815250,A,2,[15],[15],PLP,PLP,1.8750244547185246,3.496253967285156,1.3607162237167358,0.772616982460022,0.5142093300819397,0.9672430157661438,1.5789647102355957
SAM,3ai9,X,apoa049c7a917,A,2,[27],[20],SAM,SAM,2.556259581162641,3.18601131439209,1.2415462732315063,0.6934531927108765,0.9221236705780028,1.0859975814819336,2.0358448028564453
PLP,2d1f,A,apoeb69e6eac7,A,2,[15],[15],PLP,PLP,3.282970224234742,3.4783425331115723,1.3186408281326294,0.7500213980674744,0.8143102526664734,1.160301923751831,2.4715633392333984
ADP,3rfc,A,apo0bdd215b0a,A,2,[27],[27],ADP,ADP,2.1512082478068866,3.0897717475891118,1.4052716493606567,0.7406017184257507,0.7504491806030273,1.0516142845153809,1.7703657150268557
COA,apofe063bf0b9,A,5ayv,B,2,[48],[27],COA,COA,8.366921548714094,2.655446529388428,1.625477910041809,0.7247928977012634,0.7974280714988708,1.199021577835083,4.555429458618164
NAI,3flk,A,apo7dcb3916e0,A,2,[44],[44],NAI,NAI,4.217229762389482,3.3494155406951904,1.388973832130432,0.7368521690368652,0.8745542168617249,1.1924424171447754,2.966280937194824
NDP,2xw7,A,apocbfde54817,A,2,[48],[48],NDP,NDP,3.8750156140503167,3.324726104736328,1.3689053058624268,0.6728693842887878,0.7393398880958557,1.1352306604385376,2.7928009033203125
MG,apo5c2dcc7d84,A,5da9,A,3,[1],[1],MG,MG,2.9048455690544417,2.259305238723755,1.6543508768081665,0.7137504816055298,0.7915366888046265,1.0502994060516355,2.2509727478027344
PO3,apo357d306a87,A,4buc,A,3,[4],[4],PO3,PO3,25.14038210259309,3.1600542068481445,1.152344822883606,0.778298556804657,0.9557381868362428,0.935950756072998,7.154271125793457
NAI,apo7dcb3916e0,A,7p61,F,3,[44],[44],NAI,NAI,3.76234165184823,2.8787527084350586,1.5060428380966189,0.7251829504966736,0.8394073247909546,1.2231305837631226,2.733794689178467
G6P,5v0t,E,apo9cef52fd55,A,3,[16],[16],G6P,G6P,7.499982059020315,2.895209312438965,1.474013328552246,0.7876939177513123,0.5603600740432739,1.0531747341156006,4.285708427429199
GDP,apoc424f1c171,A,7m6j,A,3,[28],[28],GDP,GDP,2.6544220122469873,3.1674675941467285,1.3225234746932983,0.7258365750312805,0.8270388245582581,1.045399188995361,2.0976240634918213
MG,2vjy,A,apoa2d14d94b7,A,3,[1],[1],MG,MG,15.29912203812423,2.866955280303955,1.8810652494430544,0.7119867205619812,0.8217769861221313,1.342244029045105,6.047293663024902
ATP,2vt3,B,apoea7fb5a6df,A,3,[31],[31],ATP,ATP,6.095083814810971,2.813421726226806,1.4760501384735107,0.7330515384674072,0.8432831168174744,1.0163294076919556,3.786922693252564
NAD,apoc5944f2aa6,A,4nk5,A,3,[44],[44],NAD,NAD,4.455800612365921,3.231915235519409,1.5908827781677246,0.7298097014427185,0.6111977696418762,1.0937979221343994,3.0823616981506348
NAD,5hvn,A,apo629ce742cb,A,3,[44],[44],NAD,NAD,3.7485780398479256,3.1102294921875,1.4084209203720093,0.7604724764823914,0.7672123312950134,1.0097566843032837,2.726520538330078
ATP,2yj4,B,apoe41ca1ba54,A,3,[31],[31],ATP,ATP,5.904062002690451,2.788457155227661,1.6336374282836914,0.7484893202781677,0.4406227767467499,1.103477954864502,3.7122981548309326
APR,apo0ccbcef8ff,A,2hjr,B,3,[36],[36],APR,APR,2.974158117355344,3.830075263977051,0.7938675880432129,0.8093010783195496,0.7928506135940552,0.7672849297523499,2.2923707962036133
NAD,3u31,A,apo75dbd6715e,A,3,[44],[44],NAD,NAD,6.00908230102466,4.027964115142822,0.8991954922676086,0.822236180305481,0.9773608446121216,0.8088902235031128,3.7535457611083984
NAI,apoad92680901,A,7p61,F,3,[44],[44],NAI,NAI,3.476045687359444,2.83642053604126,1.5816904306411743,0.7188916206359863,0.6326313614845276,1.1894723176956177,2.579425573348999
NAD,apoea4a306902,A,4xgi,A,3,[44],[44],NAD,NAD,4.9753490558341165,3.209659576416016,1.3463811874389648,0.7104294300079346,0.9099809527397156,1.0594549179077148,3.322359323501587
ADP,apoee517947cd,A,4fey,A,3,[27],[27],ADP,ADP,4.269934315088546,2.3127031326293945,1.47112774848938,0.6677432060241699,0.6599332094192505,1.2755755186080933,2.9922592639923096
NAP,apo3732d0c452,A,6v6y,A,3,[48],[48],NAP,NAP,1.9789235349680245,4.571286678314209,0.6413587927818298,0.8336989879608154,0.9976350665092468,0.7333317995071411,1.6520044803619385
AKG,4qkb,A,apo754fdde920,A,3,[10],[10],AKG,AKG,2.428019603202155,3.8317837715148926,0.8750791549682617,0.8377175331115723,0.9264819622039796,0.8397480249404907,1.9536657333374023
NAD,apoc5944f2aa6,A,3uxy,C,3,[44],[44],NAD,NAD,4.414834504674275,3.203606367111206,1.402269959449768,0.7230581045150757,0.8435646295547485,1.0860998630523682,3.062702178955078
NAI,apo131ef01eab,A,7p61,F,3,[44],[44],NAI,NAI,4.002511389068971,2.8430821895599365,1.4752081632614136,0.6928898096084595,0.6998480558395386,1.2537479400634766,2.858423948287964
XYP,3ma0,A,apoea155d49a4,A,3,[10],[10],XYP,XYP,5.44127289304671,2.844539165496826,1.4847460985183716,0.7450516223907471,0.9065293073654176,0.8999410271644592,3.5238499641418457
AMP,3fwz,A,apoacde4420e4,A,3,[23],[23],AMP,AMP,2.5765942736325838,2.6817739009857178,1.5784956216812134,0.7251304388046265,0.8031048774719238,1.1331031322479248,2.0487217903137207
NAI,apob2ac301348,A,7p61,F,3,[44],[44],NAI,NAI,3.4430976395580215,2.931551694869995,1.463456392288208,0.7120106220245361,0.7500635385513306,1.1570920944213867,2.5612382888793945
NAD,apo2d811e6df0,A,3zok,A,3,[44],[44],NAD,NAD,3.475413137337793,3.0186972618103027,1.395536184310913,0.7513711452484131,0.5427459478378296,0.9703925251960754,2.579077243804932
COA,apo636957bc5d,A,6mgg,C,3,[48],[48],COA,COA,5.614916562674045,3.917694807052612,0.9285789132118224,0.7743381857872009,0.9808403253555298,0.866196870803833,3.595867156982422
BEF,apo01f8b0c9d5,A,5he9,A,3,[4],[4],BEF,BEF,2.618208536192034,3.106799840927124,1.4075037240982056,0.7605918645858765,0.851876437664032,1.0657716989517212,2.0749447345733643
BEF,5he9,A,apod277ffbc14,A,3,[4],[4],BEF,BEF,5.629499932869567,3.289144277572632,1.3501057624816897,0.7351515293121338,0.891941487789154,1.1216906309127808,3.6018426418304443
GDP,2bov,A,apo84a68ef5a8,A,3,[28],[28],GDP,GDP,4.031335783699185,3.2043492794036865,1.5303359031677246,0.7087612748146057,0.9122418165206908,1.2898308038711548,2.8730947971343994
COA,1q6y,A,apofdd79e76b6,A,3,[48],[48],COA,COA,5.561429522017883,3.775622844696045,0.7862985134124756,0.7746789455413818,0.9709939360618592,0.8328107595443726,3.57385516166687
CA,4lt6,A,apof5865c43b6,A,3,[1],[1],CA,CA,57.75392472590241,2.2078206539154053,1.634523630142212,0.6690558195114136,0.9252092242240906,1.261089563369751,8.524070739746094
NAD,5eks,A,apo629ce742cb,A,3,[44],[44],NAD,NAD,4.627215941937858,3.1582484245300293,1.4858561754226685,0.7537216544151306,0.7443762421607971,1.024300456047058,3.163429021835327
PYR,apoa0b87ab07c,A,5lu4,A,3,[6],[5],PYR,PYR,3.634326939555354,3.292164802551269,0.9980356097221376,0.720384955406189,0.7906293869018555,0.8976750373840332,2.6655712127685547
NAD,apoc79cad30a3,A,5eks,A,3,[44],[44],NAD,NAD,3.3075244027364556,3.0049943923950195,1.2579363584518433,0.7073019742965698,0.841489851474762,1.0482114553451538,2.4854543209075928
GDP,apoc424f1c171,A,8dkt,A,3,[28],[28],GDP,GDP,2.223588314671053,3.1418373584747314,1.4604395627975464,0.7386314868927002,0.7915273904800415,0.9482335448265076,1.8190962076187132
AKG,apoe86394f4a0,A,4qkb,A,3,[10],[10],AKG,AKG,2.624125604136055,3.704345226287842,0.7903887629508972,0.8319457769393921,0.9226697087287904,0.8471094965934753,2.0786592960357666
COA,apo636957bc5d,A,5ayv,B,3,[48],[48],COA,COA,12.374893454895131,3.986172437667847,1.094393014907837,0.7661503553390503,0.96830153465271,0.9045909643173218,5.530704975128174
XYP,4ywh,A,apoea155d49a4,A,3,[10],[10],XYP,XYP,5.01392857968722,2.845386266708374,1.301891803741455,0.7155755758285522,0.9065688848495485,0.9788283109664916,3.3395180702209477
MG,2rex,D,apo5c2dcc7d84,A,3,[1],[1],MG,MG,1.6270835303265945,2.97451400756836,1.5464341640472412,0.7101060152053833,0.8738765716552734,1.2490063905715942,1.3993909358978271
NAD,5koi,A,apo027b404733,A,3,[44],[44],NAD,NAD,45.55213548970544,4.218461990356445,0.7561306357383728,0.7866647243499756,0.9907084107398988,0.7638290524482727,8.199889183044434
GDP,apo84a68ef5a8,A,3zbq,A,3,[28],[28],GDP,GDP,5.070789669747619,3.0441250801086426,1.3360114097595217,0.757759690284729,0.908556878566742,1.00767719745636,3.364647626876831
GDP,apo84a68ef5a8,A,4ei7,A,3,[28],[28],GDP,GDP,5.098770262978188,3.1130154132843018,1.3019245862960815,0.7335469722747803,0.9740038514137268,0.9857572317123412,3.376944065093994
CO,2xvz,A,apo7f5816a39c,A,3,[1],[1],CO,CO,24.108506959127407,2.4901022911071777,1.538715362548828,0.7136515974998474,0.4862081408500671,1.2645004987716677,7.068180084228516
GTP,apo3a68bb90dc,A,3ldu,A,3,[32],[32],GTP,GTP,3.764019437692283,3.112175703048706,1.498361349105835,0.718058168888092,0.8031719923019409,1.15574049949646,2.734680414199829
MG,2gfq,A,apob29343600f,A,3,[1],[1],MG,MG,13.000055933134679,2.3751087188720703,1.4466688632965088,0.6476388573646545,0.8360544443130493,1.4191203117370603,5.65218448638916
NAD,apob53e931f19,A,1v9l,A,3,[44],[44],NAD,NAD,4.976427048466226,3.2510571479797363,1.3498493432998655,0.7230754494667053,0.8976978063583374,1.0510649681091309,3.322839975357056
NAD,apo4e1ed20f48,A,3okf,A,3,[44],[44],NAD,NAD,3.7988505673387247,3.063062191009521,1.3986873626708984,0.7382071614265442,0.7281870245933533,0.9931105375289916,2.7530195713043213
ATP,3hgm,A,apoe41ca1ba54,A,3,[31],[31],ATP,ATP,5.0642536874936255,2.7699899673461914,1.404420018196106,0.7047708034515381,0.8967952728271484,1.1499522924423218,3.36176872253418
NAD,apoea4a306902,A,6ah9,A,3,[44],[44],NAD,NAD,5.003345818403063,3.2901384830474854,1.5059287548065186,0.7482543587684631,0.8348577618598938,1.0205096006393433,3.334820032119751
NAD,apo86f36ad70f,A,5eks,A,3,[44],[44],NAD,NAD,3.494496259682983,3.0167250633239746,1.3537548780441284,0.7208120226860046,0.8391919732093811,0.9792320728302002,2.589571475982666
GTP,apoe8aabedcc3,A,3ldu,A,3,[32],[32],GTP,GTP,3.5347500657488187,3.088932991027832,1.3956031799316406,0.6924371719360352,0.8754509687423706,1.2801306247711182,2.6116108894348145
GDP,4ei7,A,apo1db48c5f0c,A,3,[28],[28],GDP,GDP,2.4362501208806924,3.1939268112182617,1.5516475439071655,0.7218939661979675,0.8086361289024353,1.123651146888733,1.9589909315109253
NAD,apo1def35ccd9,A,5u4q,B,3,[44],[44],NAD,NAD,4.16679383431781,3.293386459350586,1.3744491338729858,0.7175173163414001,0.7945139408111572,1.1162601709365845,2.941239833831787
COA,1q6y,A,apo5f5f6032c2,A,3,[48],[48],COA,COA,79.87306403366675,3.498152732849121,0.8957014083862305,0.6958479285240173,0.9307848811149596,0.9828498363494872,8.887319564819336
GDP,apo84a68ef5a8,A,4ei7,A,3,[28],[28],GDP,GDP,5.098778415927517,3.1130151748657227,1.3019250631332395,0.7335473895072937,0.9740038514137268,0.9857566952705384,3.3769476413726807
GNP,2rex,D,apo7b8e856a60,A,4,[32],[32],GNP,GNP,1.19893700580579,4.943720817565918,0.5661730170249939,0.8569328784942627,0.9116842150688172,0.7345678806304932,1.070581078529358
GNP,4zi2,A,apo4a6feb34ed,A,4,[32],[32],GNP,GNP,2.5296961252109265,5.019386291503906,0.4663756191730499,0.8688949346542358,0.8920674920082092,0.7143981456756592,2.018960475921631
SAH,apob3273e7dd2,A,4xcx,A,4,[26],[26],SAH,SAH,0.8992535656835186,4.697357177734375,0.5986555218696594,0.8195551037788391,0.9956450462341307,0.7855170369148254,0.8250597715377808
B4P,apo6fd37a5c14,A,3a74,A,4,[53],[53],B4P,B4P,7.347147510955746,3.402382135391236,1.007017731666565,0.7371699810028076,0.9627783298492432,0.9854503870010376,4.235363483428955
GNP,apob33d1dca91,A,2kwi,A,4,[32],[32],GNP,GNP,3.9178453365606423,4.733875751495361,0.5532199740409851,0.8163785934448242,0.995376706123352,0.721360981464386,2.814979791641236
UDP,2iya,A,apod2359bd57e,A,4,[25],[25],UDP,UDP,4.725246947734428,3.963491439819336,0.8854578137397766,0.7759378552436829,0.9334492683410645,0.830578625202179,3.208942413330078
TPP,3ahc,A,apof887ac382f,A,4,[26],[26],TPP,TPP,1.126202578662042,4.139559268951416,0.7902078032493591,0.7928719520568848,0.911884307861328,0.8771129846572876,1.0122075080871582
TPP,2x7j,A,apof887ac382f,A,4,[26],[26],TPP,TPP,1.3926832359160657,4.473966598510742,0.7430987358093262,0.8446177840232849,0.9924679398536682,0.7871251702308655,1.222436547279358
ACO,apo52a5d4138d,A,5hgz,A,4,[51],[51],ACO,ACO,4.788231930929507,4.520690441131592,0.6009979844093323,0.8262568712234497,0.996438443660736,0.7181704044342041,3.2378664016723637
SAM,3dou,A,apo865b191f3d,A,4,[27],[27],SAM,SAM,1.4122521346459447,4.515964031219482,0.7171355485916138,0.8099130988121033,0.8172942996025085,0.714806079864502,1.2374876737594604
ANP,1jpa,A,apo5ae68c8b06,A,4,[31],[10],ANP,ANP,0.566188040318674,4.3835225105285645,0.650470495223999,0.8487303853034973,0.9855495691299438,0.8166988492012024,0.5358489155769348
NAP,1ps9,A,apo07931d71fc,A,4,[48],[48],NAP,NAP,18.222121740628296,3.472055435180664,0.6676243543624878,0.7346450090408325,0.9913544058799744,0.8319914937019348,6.4566802978515625
HAR,apo6d56bfe79a,A,5zee,B,4,[13],[13],HAR,HAR,1.430948557155833,5.250074863433838,0.3051111996173858,0.921140432357788,0.9971126914024352,0.6913030743598938,1.2518196105957031
SAM,2f8l,A,apo0c4f651c46,A,4,[27],[27],SAM,SAM,24.88783964934356,1.7200443744659424,1.5560302734375,0.6571263074874878,0.807770311832428,1.3386030197143557,7.133671760559082
E64,1aec,A,apoa7e1da284c,A,4,[25],[25],E64,E64,1.5550901407333593,5.044150352478027,0.4104050695896148,0.907522201538086,0.9986608028411864,0.7553772926330566,1.345805287361145
GNP,5di3,B,apo10682e65ac,A,4,[32],[32],GNP,GNP,0.7503576112288856,4.816102504730225,0.5125787854194641,0.8376846313476562,0.9101023077964784,0.7086545825004578,0.6979838609695435
GNP,apob33d1dca91,A,5xkt,A,4,[32],[32],GNP,GNP,1.8253936602919192,4.460872173309326,0.6403010487556458,0.8209777474403381,0.9862547516822816,0.7022808194160461,1.5436218976974487
E64,2bdz,A,apoa7e1da284c,A,4,[25],[25],E64,E64,1.8051852727393323,4.946323394775391,0.4433827102184295,0.8990199565887451,0.997741997241974,0.730303943157196,1.5291460752487185
E64,5a24,A,apoa7e1da284c,A,4,[25],[18],E64,E64,1.069058861577029,5.039287567138672,0.3486714959144592,0.9090697169303894,0.9966166019439696,0.7305793762207031,0.9658082723617554
GTP,apo3a68bb90dc,A,2v55,D,4,[32],[32],GTP,GTP,1.1490497180609953,4.702536582946777,0.6073723435401917,0.8158484697341919,0.9018594026565552,0.7950626611709595,1.0306257009506226
GTP,apoc031984eba,A,6y09,A,4,[32],[32],GTP,GTP,3.4066788102214396,4.037233829498291,0.7134225964546204,0.7083482146263123,0.9814951419830322,0.7941059470176697,2.5410311222076416
NAP,2rcy,A,apof18e996437,A,4,[48],[48],NAP,NAP,3.5935394596321237,4.345696449279785,0.8718411326408386,0.797274112701416,0.9761745929718018,0.8068764209747314,2.643564224243164
CPR,apoef50d79b8c,A,1nfb,A,4,[22],[22],CPR,CPR,0.8522975713560266,5.008569717407227,0.6302191019058228,0.8665215969085693,0.9999884366989136,0.8325570225715637,0.7853614091873169
BAT,apo2b03c46658,A,1rm8,A,4,[32],[32],BAT,BAT,7.030904262476832,4.091928482055664,0.5787655115127563,0.8466638326644897,0.971355438232422,0.6694389581680298,4.128321170806885
GCS,2vzs,A,apo842ddea2cc,A,4,[12],[12],GCS,GCS,15.233164250097522,1.9064712524414065,1.6450755596160889,0.6777624487876892,0.7629647850990295,1.211965560913086,6.036961555480957
AKG,4xgi,A,apoa06a38fda5,A,4,[10],[10],AKG,AKG,2.0967543305347074,4.802135467529297,0.649701714515686,0.8551715612411499,0.9684847593307496,0.7071027159690857,1.7333197593688965
GNP,5de3,A,apo4a6feb34ed,A,4,[32],[32],GNP,GNP,2.629101676471527,4.947408199310303,0.4368306696414947,0.8587723970413208,0.913770854473114,0.7016068696975708,2.081780433654785
UDP,apo5ced6e3fa7,A,3hbn,A,4,[25],[25],UDP,UDP,1.4362517574055476,4.154481410980225,0.9186488389968872,0.8102998733520508,0.987647294998169,0.9147813320159912,1.2558763027191162
BTM,8h4p,A,apod5fdabad00,A,4,[14],[14],BTM,BTM,5.89254959819279,3.418165683746338,0.5271942019462585,0.7565645575523376,0.9834234118461608,0.8078591823577881,3.707743406295776
E64,2pre,A,apoa7e1da284c,A,4,[25],[25],E64,E64,1.666076451598081,5.025122165679932,0.428282082080841,0.9128554463386536,0.998939037322998,0.762454628944397,1.4281377792358398
ACO,apo4d4153c641,A,6ao7,A,4,[51],[51],ACO,ACO,2.488038002567276,4.713200569152832,0.5477078557014465,0.8378599882125854,0.9988165497779846,0.8184011578559875,1.992336988449097
BEF,apo01f8b0c9d5,A,6ww6,B,4,[4],[4],BEF,BEF,2.1744119635898844,4.766119480133057,0.6916487216949463,0.8347286581993103,0.9707995057106018,0.7308925986289978,1.7860509157180786
NAI,apob2ac301348,A,5itv,A,4,[44],[44],NAI,NAI,2.926233538352659,4.693751811981201,0.7893807291984558,0.8390268087387085,0.98257714509964,0.733525276184082,2.263794422149658
GTB,apob12dbe12e2,A,5agy,A,4,[30],[30],GTB,GTB,2.483596191362398,4.450310707092285,0.5684838891029358,0.8718293905258179,0.9998946189880372,0.7252377271652222,1.9894877672195437
NDP,1xkq,A,apocbfde54817,A,4,[48],[48],NDP,NDP,1.5589210013968497,4.21027421951294,0.7449061274528503,0.7503488659858704,0.9935703277587892,0.9206059575080872,1.3486734628677368
ACO,apo4d4153c641,A,3mgd,B,4,[51],[51],ACO,ACO,5.104564881594232,4.333550453186035,0.6831844449043274,0.8218380212783813,0.9908323287963868,0.8121612668037415,3.3794848918914795
E64,3bcn,A,apoa7e1da284c,A,4,[25],[25],E64,E64,3.1312523507902883,4.921807765960693,0.5169833302497864,0.9012748599052428,0.9978647828102112,0.7665354013442993,2.384580135345459
ACO,apo52a5d4138d,A,3mgd,B,4,[51],[51],ACO,ACO,5.030415931057462,4.335753917694092,0.7516116499900818,0.8036260008811951,0.9798509478569032,0.8026895523071289,3.3468241691589355
BMP,3ve7,A,apo703c3715e1,A,4,[22],[22],BMP,BMP,0.6702992917135454,4.759251594543457,0.4936133325099945,0.8466761708259583,0.9999504089355468,0.7316526770591736,0.6281916499137878
5GP,apo96b90e26b3,A,3tr0,A,4,[24],[24],5GP,5GP,1.9939450695111547,4.753971099853516,0.6839631795883179,0.846514105796814,0.9976791739463806,0.7340901494026184,1.6624597311019895
NAI,apo131ef01eab,A,6cdf,A,4,[44],[44],NAI,NAI,2.3473820450136613,4.618404865264893,0.7089201807975769,0.8208727240562439,0.9747979640960692,0.7541749477386475,1.901117205619812
G6P,5v0t,E,apo7ee30bef80,A,4,[16],[16],G6P,G6P,36.470564903284185,4.627702236175537,0.7355040907859802,0.8600845336914062,0.9806145429611206,0.8129489421844482,7.848100185394287
ANP,apo54083b9d41,A,8gbj,D,4,[31],[31],ANP,ANP,5.062497111345263,3.7593376636505127,1.102827787399292,0.7442626357078552,0.7685098052024841,1.0397753715515137,3.360994577407837
NDP,1xhl,A,apo362fa2b55d,A,4,[48],[48],NDP,NDP,1.8467433441500234,4.389709949493408,0.8901267051696777,0.7963827848434448,0.9811007380485536,0.7543157339096069,1.5588616132736206
COA,5ayv,B,apofdd79e76b6,A,4,[48],[48],COA,COA,13.202087483342341,4.276564598083496,0.7700367569923401,0.8029375076293945,0.9960309863090516,0.7169202566146851,5.690042972564697
GNP,2rex,D,apo10682e65ac,A,4,[32],[32],GNP,GNP,0.9531432887007902,5.054384231567383,0.4918206632137298,0.8735889196395874,0.858979344367981,0.7190365791320801,0.8702006936073303
G6P,apof49b725b8f,A,5v0t,E,4,[16],[16],G6P,G6P,35.75444971771528,4.6290388107299805,0.764054536819458,0.8689262866973877,0.9454228281974792,0.8124895095825195,7.814420223236084
B12,apo574bedef13,A,3bul,A,4,[91],[91],B12,B12,4.055473139320426,3.974280595779419,0.8030462265014648,0.7565770149230957,0.9885727763175964,0.8305240273475647,2.885333776473999
SAH,apo6d4cb02c4d,A,4o29,A,4,[26],[26],SAH,SAH,1.9189357417576047,4.455281734466553,0.6344515681266785,0.7998313307762146,0.9920738339424132,0.7230865955352783,1.6099891662597656
SAH,3wst,I,apoe236bd5263,A,4,[26],[26],SAH,SAH,1.8377034149115605,4.499626636505127,0.6451824903488159,0.7999492883682251,0.9006166458129883,0.6863752007484436,1.5524154901504517
SAM,2b25,A,apo89ae69e16b,A,4,[27],[26],SAM,SAM,1.6434611963280619,4.573330879211426,0.7162535190582275,0.8253128528594971,0.9724470376968384,0.7353529334068298,1.4114885330200195
SAM,3tka,A,apoa049c7a917,A,4,[27],[27],SAM,SAM,1.1469449405813095,4.862157821655273,0.5936582684516907,0.8770879507064819,0.9955409169197084,0.7302345037460327,1.0289320945739746
GNP,3ftq,B,apo10682e65ac,A,4,[32],[32],GNP,GNP,1.2923195715583402,4.719110012054443,0.5953054428100586,0.8483619689941406,0.9938471913337708,0.7261548042297363,1.144423484802246
E64,3ioq,A,apoa7e1da284c,A,4,[25],[25],E64,E64,1.3396675863550158,4.997878551483154,0.4561929106712341,0.905016541481018,0.9916998744010924,0.7409355640411377,1.1813993453979492
ACO,apo4d4153c641,A,7ovu,A,4,[51],[51],ACO,ACO,2.112789738467176,4.3700056076049805,0.6694775819778442,0.8042992949485779,0.9773459434509276,0.7811011075973511,1.7442635297775269
TPP,2vk1,A,apof887ac382f,A,4,[26],[26],TPP,TPP,1.3023737387442216,4.533003807067871,0.7679681181907654,0.8530768156051636,0.9737042784690856,0.8067858219146729,1.1523010730743408
SAH,apob3273e7dd2,A,3wst,I,4,[26],[26],SAH,SAH,1.4557343546023962,4.452091217041016,0.6397374868392944,0.8030908107757568,0.9914411902427672,0.7422279119491577,1.2707473039627075
NAD,1v9l,A,apo65784df30c,A,4,[44],[44],NAD,NAD,1.6600317397309259,4.449826240539551,0.7747209668159485,0.8385118842124939,0.8417015671730042,0.7459877133369446,1.4236940145492554
ACO,apo4d4153c641,A,2h5m,A,4,[51],[51],ACO,ACO,4.2529447919202195,4.256752967834473,0.7200572490692139,0.8070012927055359,0.9959996342658995,0.7858032584190369,2.9839060306549072
UDP,apob2e0f8db00,A,4d11,C,4,[25],[25],UDP,UDP,2.303705547963263,4.070533752441406,0.809357225894928,0.7862260341644287,0.8210052847862244,0.8100177645683289,1.872367262840271
GNP,apob33d1dca91,A,3q85,B,4,[32],[32],GNP,GNP,1.4744466603634736,4.806929588317871,0.4144955277442932,0.8324753642082214,0.9991759657859802,0.6639053225517273,1.2849828004837036
NAI,apob2ac301348,A,4ilk,A,4,[44],[44],NAI,NAI,1.293983734557088,4.693666934967041,0.7607847452163696,0.8362765908241272,0.9864235520362854,0.7136080265045166,1.145728349685669
NAD,1geg,E,apo2d811e6df0,A,4,[44],[44],NAD,NAD,2.692488794258593,4.698055744171143,0.8252562880516052,0.8352127075195312,0.9005456566810608,0.7587226033210754,2.1213245391845703
ACO,2h5m,A,apo52a5d4138d,A,4,[51],[51],ACO,ACO,5.474376838993991,4.008846759796143,0.8651362061500549,0.7737950682640076,0.9805595874786376,0.8269349336624146,3.5377042293548584
SAH,5zw3,B,apoe236bd5263,A,4,[26],[26],SAH,SAH,2.1748411529151106,4.769139289855957,0.7013406753540039,0.8516274094581604,0.9414257407188416,0.7277275919914246,1.7863404750823977
NAP,apo98e01292e0,A,4hp8,B,4,[48],[48],NAP,NAP,2.8174753885027086,4.62819242477417,0.653796911239624,0.8250916600227356,0.952380359172821,0.6917770504951477,2.1981515884399414
B12,1xrs,B,apo574bedef13,A,4,[91],[91],B12,B12,2.3041787333754358,4.028557300567627,0.6882100701332092,0.7459843158721924,0.9953307509422302,0.800329864025116,1.8726798295974727
NDP,5gud,E,apoa45cd51704,A,4,[48],[48],NDP,NDP,3.9162554303139103,4.333623886108398,0.7041499614715576,0.77814120054245,0.9263946413993835,0.7563365697860718,2.8141589164733887
1N1,apo2ef231ad36,A,4xey,B,4,[33],[33],1N1,1N1,1.8143433055378848,4.766716480255127,0.5093607306480408,0.8490158915519714,0.9792259931564332,0.7636572122573853,1.5357123613357544
NDP,apocc56e816c8,A,4tqg,A,4,[48],[48],NDP,NDP,3.113308342942497,4.423839092254639,0.8935356736183167,0.8187128305435181,0.944882035255432,0.8065890073776245,2.374159336090088
GNP,2rex,D,apo4a6feb34ed,A,4,[32],[32],GNP,GNP,2.754136796660641,5.054389476776123,0.4918217658996582,0.8735897541046143,0.8589785695075989,0.7190367579460144,2.1594066619873047
NAD,1uxg,A,apoae6cbf986c,A,4,[44],[44],NAD,NAD,3.135168879284271,4.673438549041748,0.7417031526565552,0.8306417465209961,0.9558339715003968,0.7450664639472961,2.3868508338928223
NAI,4plt,B,apo7dcb3916e0,A,4,[44],[44],NAI,NAI,2.444226078050558,4.518868923187256,0.7545833587646484,0.8184049725532532,0.9680643677711488,0.7541138529777527,1.9641447067260744
ADP,apo4a7118351f,A,5ik2,E,4,[27],[27],ADP,ADP,2.4287784307516893,4.108667850494385,0.7948904037475586,0.7686670422554016,0.9712735414505004,0.8898433446884155,1.954156994819641
SAM,2b25,A,apo693998296e,A,4,[27],[26],SAM,SAM,1.5047366853605089,4.690001010894775,0.7749239802360535,0.8333469033241272,0.7993454933166504,0.7747588753700256,1.3079279661178589
GNP,apo802414577e,A,5di3,B,4,[32],[32],GNP,GNP,1.4054484588117964,4.564840793609619,0.7186977863311768,0.8144039511680603,0.983677327632904,0.7594122290611267,1.2322605848312378
GNP,2kwi,A,apo802414577e,A,4,[32],[32],GNP,GNP,3.690675184691579,4.505030632019043,0.6206455230712891,0.8142626285552979,0.9935811161994934,0.7605957984924316,2.69575834274292
PLP,1vef,A,apo744b815250,A,4,[15],[15],PLP,PLP,1.0760892513869524,5.040285587310791,0.4605610370635986,0.9065512418746948,0.9977459907531738,0.696027934551239,0.9715425968170166
GNP,5xkt,A,apo7b8e856a60,A,4,[32],[32],GNP,GNP,1.2805975292629133,4.55602502822876,0.6904887557029724,0.8265169858932495,0.9973257184028624,0.7357968688011169,1.1352213621139526
GDP,1kao,A,apoc42d5dc4b8,A,4,[28],[28],GDP,GDP,1.2735932195622446,4.721739768981934,0.5375117659568787,0.827782154083252,0.9815380573272704,0.7050567269325256,1.1297136545181274
SAM,2b25,A,apo865b191f3d,A,4,[27],[26],SAM,SAM,1.7141720721506626,4.725241184234619,0.7496898174285889,0.8400164246559143,0.8767543435096741,0.7903011441230774,1.4633318185806274
SAH,5gm2,B,apoe236bd5263,A,4,[26],[26],SAH,SAH,1.7209456295547847,4.83212947845459,0.5534218549728394,0.8391598463058472,0.9943203926086426,0.7117182612419128,1.468265175819397
SAM,2f8l,A,apoa049c7a917,A,4,[27],[27],SAM,SAM,1.6110659002589822,4.620037078857422,0.6877917051315308,0.8470277190208435,0.9977722764015198,0.7587711811065674,1.387526273727417
NAD,4id9,B,apo457bf466f7,A,4,[44],[44],NAD,NAD,1.6755042445273542,4.49250602722168,0.7210716605186462,0.8020923733711243,0.8211734890937805,0.7667791247367859,1.4350594282150269
SAM,apo89ae69e16b,A,4ax8,A,4,[27],[27],SAM,SAM,2.5745220274128697,4.592663764953613,0.6198166608810425,0.8134419918060303,0.9831157326698304,0.7463536858558655,2.0474114418029785
NDP,1xkq,A,apo362fa2b55d,A,4,[48],[48],NDP,NDP,1.7378593148813697,4.373651504516602,0.8702600598335266,0.8011237382888794,0.9756535291671752,0.7446271181106567,1.48055899143219
NAP,4hp8,B,apod11bd27099,A,4,[48],[48],NAP,NAP,2.4035284504904717,4.710208415985107,0.6228150725364685,0.840411901473999,0.9814103841781616,0.7008262276649475,1.9377779960632324
SAM,2f8l,A,apo865b191f3d,A,4,[27],[27],SAM,SAM,1.5251910490323688,4.698638916015625,0.6746423840522766,0.8348061442375183,0.9959900975227356,0.7091659307479858,1.3233542442321775
TPP,apof887ac382f,A,4qq8,C,4,[26],[26],TPP,TPP,1.5058213960973104,4.493641376495361,0.6813170313835144,0.8473396301269531,0.9388105273246764,0.791768491268158,1.308747410774231
GDP,2atv,A,apo75788ed7ad,A,4,[28],[28],GDP,GDP,11.6353108073492,4.18273401260376,0.5673633217811584,0.7916452288627625,0.9904031157493592,0.8114431500434875,5.377926349639893
PLP,1fg3,A,apof9e78ea330,A,4,[15],[15],PLP,PLP,1.1500042188302744,4.3828325271606445,0.7253857254981995,0.8250360488891602,0.9741371273994446,0.7653425335884094,1.0313935279846191
GTP,apo3a68bb90dc,A,6y09,A,4,[32],[32],GTP,GTP,0.9859785894893611,4.696681022644043,0.4085723161697387,0.8118751049041748,0.9916229248046876,0.7451452612876892,0.8974881768226624
TPP,2vjy,A,apof887ac382f,A,4,[26],[26],TPP,TPP,1.173990965707845,4.532792091369629,0.7533156871795654,0.8546294569969177,0.9839082956314088,0.8136109113693237,1.0506460666656494
ADP,apo59a84e4b85,A,5ik2,E,4,[27],[27],ADP,ADP,4.450528837585383,3.915514707565308,0.8794876337051392,0.7831631898880005,0.9483287930488586,0.8348061442375183,3.0798380374908447
NAD,3aw9,A,apob46e214dc0,A,4,[44],[44],NAD,NAD,0.8126185662122607,4.879958152770996,0.5842046141624451,0.8503071665763855,0.9991931319236756,0.7132202982902527,0.7515465021133423
ACO,apo52a5d4138d,A,6v3t,A,4,[51],[51],ACO,ACO,3.5618855216024627,4.582860946655273,0.5743587613105774,0.8222960233688354,0.9947798252105712,0.7715002298355103,2.626394033432007
ADP,apoee517947cd,A,3k1j,A,4,[27],[27],ADP,ADP,5.924161230735306,3.82208251953125,0.65171217918396,0.7374059557914734,0.9898093938827516,0.8993872404098511,3.7202343940734863
ADP,apo87cf43f9a7,A,2zts,C,4,[27],[27],ADP,ADP,2.2390188846717005,4.3773603439331055,0.6874347925186157,0.8290280103683472,0.9033799767494202,0.7294620275497437,1.829410433769226
SAM,3ai9,X,apob0da859712,A,4,[27],[20],SAM,SAM,0.8282126471198378,4.113314628601074,0.6644930243492126,0.8131135702133179,0.9941321015357972,0.7811816334724426,0.764865517616272
NAI,4ilk,A,apo7dcb3916e0,A,4,[44],[44],NAI,NAI,2.7644948532746407,4.672304153442383,0.7047714591026306,0.8437373042106628,0.977564811706543,0.7307458519935608,2.165769100189209
ACP,6pnx,B,apof1a565f5fa,A,4,[31],[31],ACP,ACP,2.185865725356915,4.879188537597656,0.5081822276115417,0.8596426248550415,0.9983234405517578,0.7564225196838379,1.7937713861465454
SAM,3tka,A,apof296d86dde,A,4,[27],[27],SAM,SAM,41.91666802823546,4.413171768188477,0.6594099402427673,0.8051683306694031,0.9704577922821044,0.8486077785491943,8.073836326599121
PLP,1yaa,A,apo744b815250,A,4,[15],[15],PLP,PLP,1.6021221382278823,4.371842384338379,0.8749415874481201,0.8558301329612732,0.8507886528968811,0.7407773733139038,1.380887150764465
GNP,apo802414577e,A,4zi2,A,4,[32],[32],GNP,GNP,1.0727197529721688,4.639288902282715,0.6492514610290527,0.8247097134590149,0.9964529871940612,0.743580162525177,0.9687951803207396
SAM,apo693998296e,A,4ax8,A,4,[27],[27],SAM,SAM,1.2530108140464205,4.627260684967041,0.4933868646621704,0.8161413073539734,0.9958027005195618,0.692658543586731,1.1134893894195557
SAM,3kkz,A,apoa049c7a917,A,4,[27],[27],SAM,SAM,0.967806401914494,4.594341278076172,0.7479532957077026,0.8298627138137817,0.9608965516090392,0.7608056664466858,0.8824065327644348
NAD,apo97c04553d4,A,3oa2,B,4,[44],[44],NAD,NAD,1.6195579776758038,4.32012939453125,0.6612660884857178,0.7851774096488953,0.821493923664093,0.7463106513023376,1.3938206434249878
NAP,3dtt,B,apo9e87a48572,A,4,[48],[48],NAP,NAP,6.2106141835376185,4.734707832336426,0.5948385000228882,0.8323569893836975,0.9770399928092957,0.7025933265686035,3.831202268600464
UDP,apo5ced6e3fa7,A,7bv3,A,4,[25],[25],UDP,UDP,1.2904513554370027,3.7675609588623047,0.8820933103561401,0.7765418291091919,0.9466210603713988,0.8397131562232971,1.142958164215088
ADP,apo1c1e92fd85,A,6q45,F,4,[27],[27],ADP,ADP,44.14914542471593,4.12482500076294,0.6835236549377441,0.7932279706001282,0.9900060892105104,0.800601065158844,8.15324878692627
SAH,2eg5,E,apoe236bd5263,A,4,[26],[26],SAH,SAH,1.0766238782091733,4.547679424285889,0.6395829916000366,0.8129451274871826,0.965083658695221,0.7275058031082153,0.9719783663749696
UPG,apo913fcafedf,A,5i1f,A,4,[36],[36],UPG,UPG,2.4858883444478908,4.2535319328308105,0.849372923374176,0.8243927955627441,0.9827662110328674,0.8376712203025818,1.990958333015442
NAD,2ag5,A,apoc79cad30a3,A,4,[44],[44],NAD,NAD,3.0121390052385424,4.453581809997559,0.8134729862213135,0.8078990578651428,0.996321439743042,0.77878338098526,2.314868450164795
NAI,apob2ac301348,A,4itu,A,4,[44],[44],NAI,NAI,2.85437532570332,4.762451648712158,0.6669185757637024,0.85065758228302,0.9201288819313048,0.7275214791297913,2.220547676086426
GNP,apob33d1dca91,A,4zi2,A,4,[32],[32],GNP,GNP,1.3432087460239783,4.791854381561279,0.5697991251945496,0.8297804594039917,0.8582563996315002,0.6965324282646179,1.184152364730835
PYR,apoa0b87ab07c,A,3di1,B,4,[5],[5],PYR,PYR,1.7100228338666559,4.918492317199707,0.605746328830719,0.8793893456459045,0.994297206401825,0.7754213213920593,1.460307002067566
SAM,1i9g,A,apo693998296e,A,4,[27],[27],SAM,SAM,1.5577587371487294,4.688390254974365,0.7616609930992126,0.8265894055366516,0.9263145923614502,0.7703103423118591,1.3478034734725952
BEF,6ww6,B,apod277ffbc14,A,4,[4],[4],BEF,BEF,5.998131931997534,4.844655990600586,0.6936292052268982,0.8504465818405151,0.9886741638183594,0.7124301195144653,3.74927020072937
NAD,apod4ce60d0a9,A,4za2,D,4,[44],[44],NAD,NAD,1.4010775547890937,4.869783401489258,0.6472362279891968,0.847851574420929,0.9922789931297302,0.772057056427002,1.2288992404937744
GNP,1wf3,A,apo10682e65ac,A,4,[32],[32],GNP,GNP,1.1631978226262365,4.8704915046691895,0.4558295607566833,0.8596503734588623,0.9975574612617492,0.692706823348999,1.0419933795928955
NAP,apo2a4512b289,A,4hp8,B,4,[48],[48],NAP,NAP,2.5767519069159928,4.374793529510498,0.6805180311203003,0.7995259761810303,0.9409450888633728,0.7283912301063538,2.048821449279785
GNP,3ftq,B,apo4a6feb34ed,A,4,[32],[32],GNP,GNP,2.614126033293165,4.719111442565918,0.5953060984611511,0.8483623266220093,0.9938469529151917,0.7261549234390259,2.0723798274993896
ANP,3c41,J,apo54083b9d41,A,4,[31],[31],ANP,ANP,5.587867334044635,3.263789653778076,1.2235243320465088,0.6869289875030518,0.9075965285301208,1.0011488199234009,3.584754228591919
UDP,apod2359bd57e,A,5tvg,A,4,[25],[25],UDP,UDP,3.856445733713348,4.33641529083252,0.74979168176651,0.8180502653121948,0.9919902086257936,0.8522484302520752,2.78314208984375
NAD,apod4ce60d0a9,A,4plf,B,4,[44],[44],NAD,NAD,2.53832408955541,4.543807029724121,0.9353241324424744,0.8284881711006165,0.8322647213935852,0.7669004201889038,2.024452447891236
ACO,apo52a5d4138d,A,4ava,A,4,[51],[51],ACO,ACO,1.8267976261271515,4.572104454040527,0.6265240907669067,0.8352972269058228,0.9958451390266418,0.7557159662246704,1.544625759124756
NDP,apo362fa2b55d,A,4imp,A,4,[48],[48],NDP,NDP,1.515564075955043,4.398817539215088,0.7457287907600403,0.802964448928833,0.9826225638389589,0.7077746391296387,1.3161005973815918
NAP,1yb5,A,apo3732d0c452,A,4,[48],[48],NAP,NAP,1.865906081568825,4.962433338165283,0.5777817964553833,0.867998480796814,0.8921719193458557,0.7279863357543945,1.572493553161621
UDP,2iya,A,apo5ced6e3fa7,A,4,[25],[25],UDP,UDP,0.48775834402972035,3.616976737976074,0.965955913066864,0.7557416558265686,0.9254436492919922,0.8431814312934875,0.4650739729404449
GNP,5de3,A,apo7b8e856a60,A,4,[32],[32],GNP,GNP,1.0451904756330779,4.8618574142456055,0.593113124370575,0.8477070927619934,0.8583415150642395,0.7064270377159119,0.946285605430603
GNP,apo802414577e,A,3q85,B,4,[32],[32],GNP,GNP,0.8488484461314955,4.531671524047852,0.6488076448440552,0.8157710433006287,0.9954938888549804,0.7288568019866943,0.7824318408966064
COA,1scu,A,apofdd79e76b6,A,4,[48],[48],COA,COA,1.615516657164779,4.699875831604004,0.6991015672683716,0.8342887163162231,0.8365415334701538,0.7015876173973083,1.3908263444900513
UDP,2d7i,A,apof9d3cdb3e6,A,4,[25],[25],UDP,UDP,2.499516662273726,4.568864345550537,0.8066629767417908,0.8538608551025391,0.9112491011619568,0.7566596865653992,1.999690651893616
NDP,apocc56e816c8,A,3ing,A,4,[48],[48],NDP,NDP,3.0443506878421407,4.150814533233643,0.8192986249923706,0.7824331521987915,0.9114017486572266,0.8393383026123047,2.333846092224121
PLP,3if2,A,apoeb69e6eac7,A,4,[15],[16],PLP,PLP,2.765953302276837,4.621402263641357,0.7322127819061279,0.8535812497138977,0.8782297372817993,0.7326643466949463,2.166664123535156
GNP,3q85,B,apo4a6feb34ed,A,4,[32],[32],GNP,GNP,2.4569553027151154,5.090425491333008,0.2982312142848968,0.8815536499023438,0.9932191371917723,0.6612628102302551,1.972356200218201
ADP,apo4fda4ccb98,A,5ean,A,4,[27],[27],ADP,ADP,5.0835173953682,3.4703903198242188,1.132665753364563,0.6655935645103455,0.9424111247062684,1.1222807168960571,3.370246648788452
SAM,3tka,A,apo0c4f651c46,A,4,[27],[27],SAM,SAM,21.221510761484648,1.6588146686553955,1.8993077278137207,0.6140986084938049,0.8032739162445068,1.3649200201034546,6.797080039978027
GDP,2atv,A,apo1db48c5f0c,A,4,[28],[28],GDP,GDP,1.3385966578624098,4.469882011413574,0.8630183339118958,0.8231784105300903,0.9916492700576782,0.7750245332717896,1.180566430091858
GNP,apob33d1dca91,A,5di3,B,4,[32],[32],GNP,GNP,1.4337959028078389,4.740764141082764,0.5805866122245789,0.8289032578468323,0.8735555410385132,0.7097968459129333,1.2539981603622437
GNP,1wf3,A,apo4a6feb34ed,A,4,[32],[32],GNP,GNP,2.6319398428343996,4.870494842529297,0.4558307528495788,0.859650731086731,0.9975571036338806,0.6927067041397095,2.083559513092041
UDP,apo5ced6e3fa7,A,4pqg,A,4,[25],[25],UDP,UDP,0.9950320881132113,4.436115741729736,0.7836605906486511,0.8327872157096863,0.9997724294662476,0.8698150515556335,0.9049833416938782
SAH,1zg3,A,apob3273e7dd2,A,4,[26],[26],SAH,SAH,1.3338979695066742,4.418806552886963,0.7859339714050293,0.787359893321991,0.9681047797203064,0.7790699601173401,1.176910161972046
GNP,5di3,B,apo4a6feb34ed,A,4,[32],[32],GNP,GNP,2.7272857476990287,4.816101551055908,0.5125757455825806,0.8376843333244324,0.9101042151451112,0.7086539268493652,2.1428651809692383
GDP,apo75788ed7ad,A,5wds,A,4,[28],[28],GDP,GDP,11.778278919967043,4.229591369628906,0.5650810599327087,0.7945874929428101,0.9919826984405518,0.8053935170173645,5.408268928527832
NAD,apo34235ab0e3,A,5cee,A,4,[44],[44],NAD,NAD,2.9678795856713407,4.375178337097168,0.8779391646385193,0.8175633549690247,0.9660921096801758,0.7848356366157532,2.288639068603516
GNP,3ftq,B,apo7b8e856a60,A,4,[32],[32],GNP,GNP,1.2543485855330148,4.687933444976807,0.6603310108184814,0.8457478880882263,0.9898462891578674,0.7420792579650879,1.1145457029342651
GNP,apo802414577e,A,5de3,A,4,[32],[32],GNP,GNP,1.3889714956388344,4.608963489532471,0.6444602012634277,0.8115531802177429,0.9956291913986206,0.7546709179878235,1.2195758819580078
GNP,1wf3,A,apo802414577e,A,4,[32],[32],GNP,GNP,0.6977007750762863,4.637182235717773,0.6260471343994141,0.83545982837677,0.9972094893455504,0.736951470375061,0.6521969437599182
NDP,apocbfde54817,A,8b9z,P,4,[48],[48],NDP,NDP,1.5071932783986528,4.25925350189209,0.6799327731132507,0.7539986371994019,0.98961341381073,0.945913314819336,1.3097835779190063
GNP,5de3,A,apo10682e65ac,A,4,[32],[32],GNP,GNP,0.38584148655809947,4.947409152984619,0.4368314445018768,0.8587723970413208,0.913771152496338,0.7016070485115051,0.3715071976184845
ADP,apobbc2cab405,A,3zq6,B,4,[27],[27],ADP,ADP,4.139677482297692,3.822521209716797,0.939579427242279,0.7542657256126404,0.9158679246902466,0.7899064421653748,2.9277029037475586
ACO,apo4d4153c641,A,4jwp,A,4,[51],[51],ACO,ACO,2.027373051088113,4.679155826568604,0.5090378522872925,0.8557670712471008,0.99685138463974,0.736345648765564,1.6856324672698977
GDP,2bov,A,apoc42d5dc4b8,A,4,[28],[28],GDP,GDP,1.2172380566936527,4.728079319000244,0.545631468296051,0.8238155841827393,0.9728496074676514,0.7147237658500671,1.0851495265960691
UDP,2acv,A,apod2359bd57e,A,4,[25],[25],UDP,UDP,4.899932393881467,3.9987387657165527,1.004280686378479,0.7817056179046631,0.9775387048721312,0.8361954689025879,3.288560152053833
ACO,apo52a5d4138d,A,6ao7,A,4,[51],[51],ACO,ACO,1.8861915320367526,4.619170665740967,0.6560550928115845,0.8221317529678345,0.9917306900024414,0.807861328125,1.5868762731552124
NAD,apo9a3af22267,A,4xgi,A,4,[44],[44],NAD,NAD,1.6170433659885044,4.430932521820068,0.7635482549667358,0.8313902020454407,0.9936723709106444,0.7392269968986511,1.3919577598571775
ANP,4lrj,A,apo5ae68c8b06,A,4,[31],[31],ANP,ANP,1.7983667985054068,3.866166591644287,0.7307465672492981,0.8056259155273438,0.9660605788230896,0.8249133229255676,1.524250626564026
NAI,apo131ef01eab,A,6ct6,B,4,[44],[44],NAI,NAI,2.6343948849651535,4.5665812492370605,0.7220573425292969,0.8138688206672668,0.9623979926109314,0.7744179964065552,2.0850977897644043
SAM,1i9g,A,apo865b191f3d,A,4,[27],[27],SAM,SAM,1.7605605101963666,4.744874954223633,0.7659518122673035,0.8352330923080444,0.9519179463386536,0.7677631378173828,1.4970039129257202
NAD,2c20,A,apo0af790f4c7,A,4,[44],[44],NAD,NAD,1.0332997759263456,4.351712226867676,0.6500822305679321,0.7655907273292542,0.8064848780632019,0.7675934433937073,0.9365283250808716
PLP,2x3l,B,apo17221bab63,A,4,[15],[15],PLP,PLP,1.1845860801781767,4.656555652618408,0.7392818927764893,0.855981707572937,0.9877738356590272,0.7412161827087402,1.0591237545013428
NAD,1lss,A,apoc79cad30a3,A,4,[44],[44],NAD,NAD,6.87449272570573,4.50872278213501,0.7408148050308228,0.8277904391288757,0.9820386171340942,0.7357144355773926,4.0738959312438965
ACO,apo4d4153c641,A,6v3t,A,4,[51],[51],ACO,ACO,3.464936431101505,4.561659812927246,0.4871204197406769,0.8410570025444031,0.9897205233573914,0.7149800062179565,2.57330322265625
GTP,apoe8aabedcc3,A,2v55,D,4,[32],[32],GTP,GTP,1.5019171420427275,4.532265663146973,0.8078662753105164,0.815496027469635,0.8741855621337891,0.8464940190315247,1.3057972192764282
UTP,5ve7,A,apo357b71c76e,A,4,[29],[29],UTP,UTP,1.9361129009555995,4.2155303955078125,0.803246021270752,0.8141102194786072,0.9689590334892272,0.8814405798912048,1.622063159942627
NAP,apo609c4e958d,A,5uzx,A,4,[48],[48],NAP,NAP,3.042621497564419,4.59824800491333,0.839381754398346,0.822360098361969,0.9917920231819152,0.7646613717079163,2.332829713821411
GNP,5xkt,A,apo10682e65ac,A,4,[32],[32],GNP,GNP,1.1077593244572463,4.574132919311523,0.5136997699737549,0.8315619230270386,0.9892958402633668,0.7094863653182983,0.9972842335700988
NAI,apo131ef01eab,A,4plt,B,4,[44],[44],NAI,NAI,2.6104908913696074,4.693064212799072,0.6589947938919067,0.8302915692329407,0.9770768880844116,0.7580760717391968,2.070094585418701
ACO,apo4d4153c641,A,4ava,A,4,[51],[51],ACO,ACO,2.6360468296395707,4.4774169921875,0.5942873954772949,0.8404195308685303,0.9982029795646667,0.7480353116989136,2.086132526397705
NDP,apo362fa2b55d,A,4tqg,A,4,[48],[48],NDP,NDP,1.5105569734292261,4.372648239135742,0.8104007244110107,0.7963731288909912,0.8488196730613708,0.7180802226066589,1.3123230934143066
GNP,4zi2,A,apo10682e65ac,A,4,[32],[32],GNP,GNP,1.1582859332319166,5.019392013549805,0.4663758277893066,0.8688962459564209,0.8920571804046631,0.7143975496292114,1.0380500555038452
NDP,1xhl,A,apocbfde54817,A,4,[48],[48],NDP,NDP,1.563932656967664,4.300599098205566,0.7529485821723938,0.7624468207359314,0.9947242736816406,0.8670127987861633,1.352422833442688
SAM,apo7d270341fc,A,4ax8,A,4,[27],[26],SAM,SAM,1.060934760174009,4.583588600158691,0.5912197232246399,0.8132572174072266,0.9179425835609436,0.7314159274101257,0.959172785282135
SAH,3vse,A,apo6d0abdee21,A,4,[26],[26],SAH,SAH,4.278910920113785,4.428586006164551,0.7970262169837952,0.8262795805931091,0.9357278943061828,0.7237114906311035,2.996664762496948
GNP,3q85,B,apo7b8e856a60,A,4,[32],[32],GNP,GNP,0.7912481627794028,4.999815464019775,0.4522849023342132,0.8618461489677429,0.9992077946662904,0.6811285614967346,0.7332313656806946
ADP,apo3b3fcbeec8,A,5gza,A,4,[27],[27],ADP,ADP,1.5931013000676533,3.6276893615722656,0.735859751701355,0.7509481310844421,0.9087035655975342,0.78360515832901,1.3741804361343384
HEC,1cyc,A,apo4a09d18f2d,A,4,[43],[43],HEC,HEC,18.93383709788572,3.7303152084350586,0.893454372882843,0.7453358173370361,0.995164692401886,0.7825213670730591,6.543838977813721
SAM,apo7d270341fc,A,5zw4,A,4,[27],[26],SAM,SAM,1.3668172046504692,4.7066330909729,0.7455443143844604,0.8343498110771179,0.9776812195777892,0.7705066800117493,1.2024625539779663
UDP,3hbn,A,apod2359bd57e,A,4,[25],[25],UDP,UDP,5.089991930281663,4.112790107727051,0.961799383163452,0.7891320586204529,0.9589778780937196,0.9623908400535583,3.373091220855713
UDP,apod2359bd57e,A,7zer,A,4,[25],[25],UDP,UDP,4.367438030955508,3.961223840713501,0.8110111355781555,0.7812086343765259,0.9480204582214355,0.8553135395050049,3.0398168563842773
ACP,4ueu,A,apof1a565f5fa,A,4,[31],[31],ACP,ACP,2.819167722831661,5.003127574920654,0.4536587297916412,0.8761525750160217,0.9998886585235596,0.8030446171760559,2.19918155670166
SAM,apo865b191f3d,A,5zw4,A,4,[27],[27],SAM,SAM,1.6238546611334217,4.7049174308776855,0.7749155759811401,0.8347225785255432,0.8456815481185913,0.7354122400283813,1.39700186252594
UDP,apod2359bd57e,A,7bv3,B,4,[25],[25],UDP,UDP,4.728665946463459,3.9118926525115967,0.8687303066253662,0.780493438243866,0.967890739440918,0.8578964471817017,3.2105188369750977
UDP,apo5ced6e3fa7,A,7zer,A,4,[25],[25],UDP,UDP,1.8402937489869151,3.682774066925049,0.9711942672729492,0.7710968852043152,0.9103856086730956,0.8343147039413452,1.5542635917663574
ACO,apo52a5d4138d,A,7ovu,A,4,[51],[51],ACO,ACO,2.2590436958367066,4.448112487792969,0.6510223150253296,0.8044279217720032,0.9725983738899232,0.7845273613929749,1.8427568674087524
SAM,3dou,A,apo7d270341fc,A,4,[26],[27],SAM,SAM,1.0447024312923616,4.532625198364258,0.6698706746101379,0.8176323175430298,0.971829116344452,0.7193572521209717,0.9458855390548706
ADP,3ug7,A,apo9bb44e5c1a,A,4,[27],[27],ADP,ADP,2.500476482791349,4.250831127166748,0.722531259059906,0.8094266653060913,0.9455099701881408,0.8142995238304138,2.000304937362671
ADP,3kb1,A,apo9bb44e5c1a,A,4,[27],[27],ADP,ADP,3.055343766579653,4.233767509460449,0.6754599213600159,0.7804050445556641,0.9918416738510132,0.7797598838806152,2.340301275253296
UDP,apod2359bd57e,A,5v0t,E,4,[25],[25],UDP,UDP,4.184208742872394,4.271175861358643,0.7744688391685486,0.824788510799408,0.9941191673278807,0.8434414863586426,2.949906349182129
UPG,apo0ad2e3670d,A,5i1f,A,4,[36],[36],UPG,UPG,1.2112172688559362,4.134991645812988,0.854630708694458,0.8146651387214661,0.98680579662323,0.8694927096366882,1.0803619623184204
GTP,2v55,D,apoc031984eba,A,4,[32],[32],GTP,GTP,3.916179707566409,4.021982192993164,0.775260865688324,0.7063822746276855,0.7307099103927612,0.800477921962738,2.814119815826416
ATP,4v02,A,apo392e0dfe7a,A,4,[31],[31],ATP,ATP,3.1968229236804455,3.852191925048828,0.7942900061607361,0.7169891595840454,0.976688802242279,0.8409591317176819,2.422418594360352
ADP,apo1c1e92fd85,A,4d26,A,4,[27],[27],ADP,ADP,45.300324658201774,3.6876533031463614,0.840051531791687,0.7387168407440186,0.909859538078308,0.7780199646949768,8.191692352294922
ADP,3kb1,A,apob754340d0d,A,4,[27],[27],ADP,ADP,4.695863743548645,4.066542148590088,0.5608965754508972,0.7403222322463989,0.97946435213089,0.7961152195930481,3.195364236831665
TPP,3ai7,A,apof887ac382f,A,4,[26],[26],TPP,TPP,0.9714792492774511,4.039910793304443,0.8035612106323242,0.7806954979896545,0.9443668127059937,0.8752515912055969,0.885458767414093
ACO,apo4a65dbb781,A,4isx,A,4,[51],[51],ACO,ACO,23.16759174397171,4.344290733337402,0.588959813117981,0.876071572303772,0.9351419806480408,0.7602054476737976,6.985008716583252
ADP,apo4a7118351f,A,3h4m,A,4,[27],[27],ADP,ADP,2.0329278405287288,4.247196674346924,0.7777530550956726,0.7904031872749329,0.9855636954307556,0.8452008962631226,1.689470648765564
UDP,2d7i,A,apob2e0f8db00,A,4,[25],[25],UDP,UDP,2.5525401249644384,4.219676017761231,0.8983666896820068,0.7859487533569336,0.8742750883102417,0.799034059047699,2.033484935760498
MG,2p88,A,apo01d88becfc,A,4,[1],[1],MG,MG,0.7584217087470274,4.732190608978272,0.6519909501075745,0.8657991290092468,0.9543280005455016,0.815151035785675,0.7049562931060791
TPP,apof887ac382f,A,6efg,D,4,[26],[26],TPP,TPP,1.2346791605244023,4.502983570098877,0.7520822882652283,0.8496648669242859,0.9916366934776306,0.807010293006897,1.0989892482757568
FE,4ffk,A,apoa97fe99429,A,4,[1],[1],FE,FE,0.1260192965888174,4.621242523193359,0.3552827537059784,0.891474723815918,0.9983789324760436,0.8050410151481628,0.1244509741663932
