,ligand_id,tar_protein,tar_chain,src_protein,src_chain,cath_degree,src_ligand_n_atoms,tar_ligand_n_atoms,src_ligand,tar_ligand,ligand_rmsd,embedding_similarity,corr_rmsd,entropy,atom_type_fraction,radius_of_gyration
0,FUC,2nzy,C,2ygq,A,0,[10],[10],FUC,FUC,7.698304653167725,2.6627840995788574,1.6288241147994995,0.7028194069862366,0.6365565061569214,1.4342565536499023
1,FE,6l3w,A,6rxn,A,0,[1],[1],FE,FE,0.8778165578842163,1.8753883838653564,1.558575987815857,0.7325953841209412,0.4107171893119812,0.8929457664489746
2,FE2,1ey2,A,4oj8,B,0,[1],[1],FE2,FE2,1.2457536458969116,2.4299964904785156,1.475655198097229,0.682485818862915,0.789986252784729,1.0393468141555786
3,ZN,4mvt,A,7s01,D,0,[1],[1],ZN,ZN,0.9733490943908691,2.01316499710083,1.3418655395507812,0.611748456954956,0.9239070415496826,0.81765216588974
4,FPS,3sae,A,4u82,A,0,[24],[20],FPS,FPS,4.783009052276611,2.564777135848999,1.4709415435791016,0.6697970032691956,0.7704522609710693,1.6041773557662964
5,OAA,3msu,B,4ros,A,0,[9],[9],OAA,OAA,7.140117168426514,2.763612747192383,1.4832757711410522,0.6854545474052429,0.7780554890632629,1.3622326850891113
6,PYR,2h9d,A,2vpa,A,0,[6],[6],PYR,PYR,5.561121940612793,2.160137414932251,1.505218267440796,0.730402946472168,0.9198907613754272,1.2343343496322632
7,AR6,4iqy,A,8bau,A,0,[36],[36],AR6,AR6,6.787527084350586,2.318124771118164,1.5530216693878174,0.7408477067947388,0.8580974340438843,1.2006645202636719
8,AKG,4hg3,A,4xcb,A,0,[10],[9],AKG,AKG,4.8799638748168945,2.696824073791504,1.5047683715820312,0.7394479513168335,0.6540810465812683,1.188767671585083
9,PMB,1bh9,B,3oxh,A,0,[11],[11],PMB,PMB,6.089804172515869,2.4256672859191895,1.5562530755996704,0.6949824094772339,0.8365252614021301,1.1170876026153564
10,ATP,3vnq,A,4x2d,A,0,[31],[31],ATP,ATP,4.0197367668151855,2.5046093463897705,1.6593067646026611,0.7436250448226929,0.6630222797393799,1.098801612854004
11,FE2,2de6,B,4m33,A,0,[1],[1],FE2,FE2,1.6379586458206177,2.3141472339630127,1.2399922609329224,0.6383139491081238,0.8566389083862305,1.4759434461593628
12,PNS,2lml,A,7x0f,C,0,[21],[21],PNS,PNS,6.229062080383301,3.828932285308838,0.6756524443626404,0.7784180045127869,0.9773802161216736,0.7720354199409485
13,COA,1khr,A,1xvt,A,0,[48],[48],COA,COA,4.70928955078125,2.5654282569885254,1.6637547016143799,0.7013919949531555,0.9308952689170837,1.1863054037094116
14,CO,2xvz,A,4uob,A,0,[1],[1],CO,CO,6.989499568939209,1.9661355018615723,1.710040807723999,0.7130115628242493,0.5433923602104187,0.8923792839050293
15,GTP,2v55,D,6oix,C,0,[32],[32],GTP,GTP,5.308719158172607,2.3330090045928955,1.4848078489303589,0.7533267736434937,0.816679835319519,1.040384292602539
16,WO4,1lgp,A,3cg3,A,0,[5],[5],WO4,WO4,4.538244247436523,2.106551170349121,1.7140885591506958,0.6568824052810669,0.5548727512359619,1.0446239709854126
17,WO4,1lgp,A,3cg1,A,0,[5],[5],WO4,WO4,6.290431499481201,2.675828456878662,1.5505417585372925,0.6735446453094482,0.6514939665794373,1.19497811794281
18,SAM,4qtu,B,6ift,A,0,[27],[27],SAM,SAM,1.1768921613693237,4.728664875030518,0.6424398422241211,0.8456112742424011,0.940771222114563,0.7555668950080872
19,PNS,4h2y,D,7x0f,C,0,[21],[21],PNS,PNS,3.4187510013580322,3.971825122833252,0.7747752070426941,0.7938718199729919,0.9982467293739319,0.807496964931488
20,OAA,2h12,B,4ros,A,0,[9],[9],OAA,OAA,2.527437925338745,2.35573673248291,1.519565463066101,0.6939318180084229,0.6126769185066223,1.2170675992965698
21,WO4,1lgp,A,3cfz,A,0,[5],[5],WO4,WO4,5.4890899658203125,2.3412325382232666,1.5488362312316895,0.6969993710517883,0.7317072749137878,0.9971440434455872
22,FE2,4m33,A,4r88,B,0,[1],[1],FE2,FE2,2.56514310836792,2.401169538497925,1.90414297580719,0.7066037654876709,0.7553372383117676,1.106459140777588
23,NDP,4b7f,A,5c37,A,0,[48],[48],NDP,NDP,8.651043891906738,2.676842212677002,1.4375271797180176,0.6625460386276245,0.96013343334198,1.1196832656860352
24,CU1,2n0m,A,4m1p,A,0,[1],[1],CU1,CU1,6.319509983062744,2.4079043865203857,1.4363957643508911,0.6796133518218994,0.8702118396759033,0.9114060401916504
25,AKG,4qkb,A,5xvv,B,0,[10],[10],AKG,AKG,5.512645244598389,2.2930853366851807,1.5380687713623047,0.7064851522445679,0.6037895679473877,1.121824026107788
26,OXY,4ako,A,4yu3,A,0,[2],[2],OXY,OXY,1.0880475044250488,2.823216438293457,1.6563833951950073,0.7447046041488647,0.7717990279197693,1.0390516519546509
27,AR6,6lh4,A,8bau,A,0,[36],[36],AR6,AR6,3.7423670291900635,2.6624526977539062,1.4071221351623535,0.7606450319290161,0.8031640648841858,1.1191260814666748
28,FE,2amu,A,6wb6,A,0,[1],[1],FE,FE,1.3974940776824951,1.9083261489868164,1.5663474798202515,0.6624965071678162,0.9050526022911072,1.1497851610183716
29,CU1,1k0v,A,2n0m,A,0,[1],[1],CU1,CU1,1.3289196491241455,2.7918810844421387,1.5440635681152344,0.7642751932144165,0.649552583694458,1.1719443798065186
30,COA,1kru,A,2ahv,A,0,[48],[48],COA,COA,6.873526096343994,2.4214928150177,1.4976890087127686,0.6530562043190002,0.8918398022651672,1.1992528438568115
31,AKG,1nx4,C,4xcb,A,0,[10],[10],AKG,AKG,1.4778478145599365,4.195871829986572,0.7911900281906128,0.8542619347572327,0.992239236831665,0.864007830619812
32,PYR,2vpa,A,3di1,B,0,[5],[6],PYR,PYR,5.131583213806152,2.636874198913574,1.5527422428131104,0.7432392239570618,0.788936972618103,1.0598455667495728
33,IPE,3krf,D,8jya,B,0,[14],[14],IPE,IPE,5.100347518920898,2.469698429107666,1.5338492393493652,0.7036488056182861,0.7600651979446411,1.3761086463928223
34,PNS,4h2w,D,7x0f,C,0,[21],[21],PNS,PNS,3.3978166580200195,4.023165702819824,0.7372531294822693,0.7953017354011536,0.9987367987632751,0.8002634048461914
35,MN,1gsl,A,6oiw,A,0,[1],[1],MN,MN,1.9690454006195068,2.242856979370117,1.5592612028121948,0.6809371113777161,0.7099208235740662,1.032033085823059
36,CO,3l0s,A,4q0p,A,0,[1],[1],CO,CO,7.343447208404541,2.767320394515991,1.546968698501587,0.7571817636489868,0.866280198097229,1.1749123334884644
37,PYR,2h9d,A,2nuy,A,0,[5],[6],PYR,PYR,5.366668701171875,2.0358786582946777,1.7972246408462524,0.7243488430976868,0.4596714973449707,1.0188900232315063
38,PYR,2h9d,A,5w5r,A,0,[6],[6],PYR,PYR,7.454034805297852,1.8798232078552246,1.681326150894165,0.679507315158844,0.7037764191627502,1.0473846197128296
39,CO,4d07,A,4q0p,A,0,[1],[1],CO,CO,7.338625431060791,2.587963104248047,1.5070990324020386,0.737068772315979,0.8309786319732666,1.0177804231643677
40,NDP,3anl,A,6rjr,A,0,[48],[48],NDP,NDP,7.114543914794922,2.6313819885253906,1.5146198272705078,0.7240599989891052,0.9285457730293274,1.066001534461975
41,ANP,5gz9,A,7x4n,E,0,[31],[31],ANP,ANP,1.3445751667022705,3.0790581703186035,1.2889946699142456,0.7185035347938538,0.61525559425354,1.0664194822311401
42,AKG,3bn1,A,3nnf,A,0,[10],[10],AKG,AKG,2.771707057952881,2.965762138366699,1.4567341804504395,0.7303595542907715,0.6950624585151672,1.2006205320358276
43,ZN,1mh2,A,2i2r,L,0,[1],[1],ZN,ZN,7.626779079437256,2.4232287406921387,1.5691919326782227,0.744755744934082,0.968884289264679,1.2509669065475464
44,GAL,2j5z,A,7byv,A,0,[12],[12],GAL,GAL,7.481392860412598,2.151766538619995,1.5755090713500977,0.7208089828491211,0.9290304780006409,1.1125311851501465
45,FE2,3ven,A,7eyr,C,0,[1],[1],FE2,FE2,1.5631933212280273,2.3900279998779297,1.4630910158157349,0.7302892804145813,0.6905871033668518,1.1361830234527588
46,WO4,1lgp,A,2hcm,A,0,[5],[5],WO4,WO4,5.598224639892578,2.5448036193847656,1.5935014486312866,0.662201464176178,0.6375623345375061,1.015261173248291
47,SAM,1cma,B,3ou7,A,0,[27],[27],SAM,SAM,6.923652648925781,2.6993210315704346,1.5349740982055664,0.7180696129798889,0.9516245126724243,1.32289719581604
48,CU,1cur,A,6kob,A,0,[1],[1],CU,CU,0.4135865569114685,2.084606647491455,1.5049282312393188,0.6920157670974731,0.3654126822948456,0.7865219712257385
49,ZN,1dth,A,3bvo,A,0,[1],[1],ZN,ZN,0.4281466603279114,2.1840944290161133,1.6011934280395508,0.709248423576355,0.2804466784000397,1.0721522569656372
50,COA,1kru,A,4ubt,A,0,[48],[48],COA,COA,6.9869208335876465,2.570720672607422,1.4499000310897827,0.7358459234237671,0.7856366634368896,1.2531441450119019
51,RBF,1kyv,E,5kbw,B,0,[27],[27],RBF,RBF,4.282691478729248,2.6539201736450195,1.4002267122268677,0.764549970626831,0.7417949438095093,1.0410174131393433
52,SAH,3orh,A,6cu5,A,0,[26],[26],SAH,SAH,0.907598078250885,4.485800743103027,0.6287239789962769,0.796403169631958,0.9991484880447388,0.8063884377479553
53,PYR,2nuy,A,2vpa,A,0,[6],[5],PYR,PYR,5.182056903839111,2.761230945587158,1.493204951286316,0.7582924365997314,0.8741219639778137,0.9692553877830505
54,FAD,2ed4,A,6gna,A,0,[53],[53],FAD,FAD,4.161550045013428,2.4033217430114746,1.6485041379928589,0.6910515427589417,0.8517281413078308,1.0385843515396118
55,BMA,5swi,B,5wvp,A,0,[12],[12],BMA,BMA,5.409615993499756,2.3717100620269775,1.611020803451538,0.7107021808624268,0.6654863357543945,1.2098222970962524
56,MN,3ib7,A,5c5u,B,0,[1],[1],MN,MN,3.157543897628784,2.4535765647888184,1.5394072532653809,0.7574310302734375,0.8281182050704956,1.0099164247512817
57,ZN,1x0t,A,4gua,A,0,[1],[1],ZN,ZN,8.003314018249512,2.308427572250366,1.5396894216537476,0.6872255802154541,0.8455596566200256,1.4852203130722046
58,MN,2qgi,A,3zvx,A,0,[1],[1],MN,MN,0.8011404275894165,2.4047951698303223,1.4547933340072632,0.7317129373550415,0.6665819883346558,1.0605436563491821
59,AKG,1nx4,C,3nnf,A,0,[10],[10],AKG,AKG,1.469120979309082,4.184515953063965,0.7441229820251465,0.8536589741706848,0.9827864170074463,0.8345550298690796
60,AKG,3nnf,A,5xvv,B,0,[10],[10],AKG,AKG,5.970346927642822,2.3733954429626465,1.5319654941558838,0.6854217052459717,0.8706409335136414,1.3349730968475342
61,NDP,1o8c,A,4b7f,A,0,[48],[48],NDP,NDP,6.302537441253662,2.159058094024658,1.5746312141418457,0.6986269950866699,0.7892954349517822,1.121105670928955
62,MN,3zvx,A,4chg,A,0,[1],[1],MN,MN,2.7677505016326904,2.568155527114868,1.7809675931930542,0.7706422805786133,0.9310914278030396,1.0202436447143555
63,AYE,8bs3,A,8st9,C,0,[4],[4],AYE,AYE,8.28399658203125,1.353694200515747,1.6226375102996826,0.647871196269989,0.9532404541969299,1.055535078048706
64,CU1,2ccw,A,4m1p,A,0,[1],[1],CU1,CU1,5.8622002601623535,2.564715623855591,1.5165492296218872,0.6755461692810059,0.8954246044158936,1.1402674913406372
65,FE2,3ven,A,5zur,B,0,[1],[1],FE2,FE2,3.128204345703125,2.2205259799957275,1.5270965099334717,0.7028020620346069,0.8565747737884521,1.048324465751648
66,ATP,2e5y,A,6tdz,C,0,[31],[31],ATP,ATP,6.271756649017334,2.4328126907348633,1.4552191495895386,0.7032637596130371,0.9577532410621643,1.0740798711776733
67,CO,3dwc,B,4ob3,A,0,[1],[1],CO,CO,6.454529285430908,2.274258613586426,1.503598690032959,0.7037299871444702,0.919252872467041,1.2131032943725586
68,COA,1kru,A,4x0o,E,0,[27],[48],COA,COA,7.288961887359619,2.5951476097106934,1.3737173080444336,0.7085310816764832,0.5117937326431274,1.2355573177337646
69,NAD,4han,A,7f8d,A,0,[44],[44],NAD,NAD,6.678843975067139,2.3230385780334473,1.5198086500167847,0.7117253541946411,0.8956756591796875,1.1203484535217285
70,CU,1oac,B,6kob,A,0,[1],[1],CU,CU,1.2769769430160522,2.1189284324645996,1.5505422353744507,0.7283733487129211,0.8710607886314392,1.102027177810669
71,FMN,5v57,A,6cmz,A,0,[31],[31],FMN,FMN,6.860954284667969,2.8841538429260254,1.3756765127182007,0.6826125383377075,0.9132468700408936,1.1158874034881592
72,SAM,1cma,B,2uyq,A,0,[17],[27],SAM,SAM,6.940545082092285,2.6212306022644043,1.6555734872817993,0.7001969218254089,0.7879266738891602,1.2525135278701782
73,SAM,3kkz,A,6ift,A,0,[27],[27],SAM,SAM,1.066399097442627,4.591004371643066,0.8085715174674988,0.8304522037506104,0.9399706721305847,0.7740532755851746
74,COA,1khr,A,4ubt,A,0,[48],[48],COA,COA,6.902851104736328,2.659773349761963,1.2506781816482544,0.7088533043861389,0.7719501256942749,1.2827568054199219
75,FE2,5zur,B,7eyr,C,0,[1],[1],FE2,FE2,1.0492689609527588,2.400135040283203,1.6207231283187866,0.7173807621002197,0.8304476737976074,1.0683317184448242
76,CO,3dwc,B,7s0w,B,0,[1],[1],CO,CO,1.5802658796310425,2.1684911251068115,1.3387919664382935,0.7366960644721985,0.6699802279472351,0.946908175945282
77,HEM,1bcf,A,2ibj,A,0,[43],[43],HEM,HEM,6.163527011871338,2.2548699378967285,1.6198269128799438,0.765175998210907,0.6101895570755005,1.026641845703125
78,NAD,1nr5,B,4han,A,0,[44],[44],NAD,NAD,5.120433330535889,1.9974396228790283,1.6685575246810913,0.6631191372871399,0.8431597948074341,1.1050245761871338
79,MN,1hql,A,4ilk,A,0,[1],[1],MN,MN,1.5494520664215088,1.9839377403259277,1.9428014755249023,0.68735671043396,0.7302099466323853,1.2234240770339966
80,PYR,2h9d,A,3noj,A,0,[6],[6],PYR,PYR,5.439719200134277,2.143425464630127,1.563233494758606,0.6950718760490417,0.42104852199554443,1.363774061203003
81,AES,3tgw,B,4dq5,A,0,[13],[13],AES,AES,7.994579792022705,2.3242297172546387,1.4213752746582031,0.6941766142845154,0.9197914600372314,1.1485246419906616
82,FE,1xvx,A,3fvz,A,0,[1],[1],FE,FE,7.8349528312683105,2.2193775177001953,1.5390485525131226,0.6977744102478027,0.7509635090827942,0.9853637218475342
83,AR6,5zdb,A,8bau,A,0,[36],[36],AR6,AR6,5.819216728210449,2.598341703414917,1.5062144994735718,0.7111161947250366,0.865225613117218,1.311362385749817
84,ACO,4isx,A,4jvt,A,0,[48],[51],ACO,ACO,5.994678974151611,2.708590507507324,1.6332807540893555,0.7726370096206665,0.7792353630065918,1.1685338020324707
85,OXY,1oqu,C,4ako,A,0,[2],[1],OXY,OXY,7.413037300109863,2.4681224822998047,1.5252363681793213,0.7755680084228516,0.7610262632369995,0.9732834100723267
86,CA,2bl0,C,2yfr,A,0,[1],[1],CA,CA,8.33652400970459,2.136056423187256,1.56465744972229,0.6286941170692444,0.9642308950424194,1.0017001628875732
87,FE,2q4a,B,3fvz,A,0,[1],[1],FE,FE,7.850489139556885,2.4647226333618164,1.2345725297927856,0.7392657995223999,0.8624700307846069,1.006702184677124
88,AKG,4oj8,B,4xcb,A,0,[10],[10],AKG,AKG,1.1214063167572021,4.258764743804932,0.7880699038505554,0.8481987714767456,0.9458693265914917,0.8667073249816895
89,PYR,2vpa,A,3noj,A,0,[6],[6],PYR,PYR,6.705066680908203,2.602362632751465,1.4504135847091675,0.7479699850082397,0.9293851852416992,0.9612013101577759
90,FE,7vx0,B,8avl,A,0,[1],[1],FE,FE,1.735044002532959,2.484848976135254,1.3874257802963257,0.7475638389587402,0.8169772028923035,1.1346670389175415
91,FE,6gq8,A,7vx0,B,0,[1],[1],FE,FE,1.6121647357940674,2.3218445777893066,1.43979012966156,0.7240291237831116,0.7319623827934265,1.0430480241775513
92,SO3,1yt8,A,2hz1,A,0,[4],[4],SO3,SO3,7.21688985824585,2.620330572128296,1.583333969116211,0.7007894515991211,0.6723973751068115,1.2632803916931152
93,AKG,3nnf,A,4xgi,A,0,[10],[10],AKG,AKG,2.398353338241577,2.4879262447357178,1.3760673999786377,0.7296539545059204,0.9198393225669861,1.169489860534668
94,NI,3skd,A,5i8s,A,0,[1],[1],NI,NI,0.5284889340400696,2.42352557182312,1.4780551195144653,0.750255823135376,0.7732659578323364,0.956290602684021
95,RBF,2cc8,A,5kbw,B,0,[27],[27],RBF,RBF,6.2671122550964355,2.3087973594665527,1.6101332902908325,0.7003679275512695,0.9864932894706726,1.0017530918121338
96,ZN,2glz,A,5lhd,C,0,[1],[1],ZN,ZN,2.326241970062256,1.9361252784729004,1.4528396129608154,0.6652738451957703,0.3764857351779938,1.1432640552520752
97,CO,3dwc,B,3l0s,A,0,[1],[1],CO,CO,7.317546844482422,2.3721399307250977,1.4784640073776245,0.693449079990387,0.854576826095581,1.193477988243103
98,ZN,1mh2,A,2emk,A,0,[1],[1],ZN,ZN,5.525623321533203,2.5794787406921387,1.515715479850769,0.6338195204734802,0.8036214709281921,1.2209161520004272
99,FE2,3gcf,A,4m33,A,0,[1],[1],FE2,FE2,2.7118313312530518,2.0888752937316895,1.3989121913909912,0.6659034490585327,0.7997618913650513,1.3879339694976807
100,CA,2n8y,A,4f9j,A,0,[1],[1],CA,CA,8.168074607849121,2.493628978729248,1.5325820446014404,0.6896103024482727,0.8770748972892761,1.045580506324768
101,PYR,2h9d,A,3di1,B,0,[5],[6],PYR,PYR,5.545680522918701,2.351485252380371,1.5788047313690186,0.6965867280960083,0.8653701543807983,1.173849105834961
102,FE,3pqi,A,6wb6,A,0,[1],[1],FE,FE,2.84710955619812,1.8074182271957397,1.481595754623413,0.5789216160774231,0.8206574320793152,1.1977821588516235
103,SAM,2uyq,A,6ift,A,0,[27],[17],SAM,SAM,1.0399127006530762,4.299314022064209,0.8952053785324097,0.7959092855453491,0.9811305403709412,0.7622005939483643
104,FE2,1ey2,A,4m33,A,0,[1],[1],FE2,FE2,2.140570878982544,2.4016361236572266,1.6084173917770386,0.7254490256309509,0.6572543382644653,1.1669803857803345
105,CO,4d07,A,4uob,A,0,[1],[1],CO,CO,8.080057144165039,2.357243299484253,1.7044200897216797,0.7265539169311523,0.7049217224121094,1.1880289316177368
106,PYR,2h9d,A,4plf,B,0,[6],[6],PYR,PYR,4.975589275360107,1.8023247718811035,1.323905110359192,0.707424521446228,0.7743504047393799,0.913897693157196
107,ZN,2en2,A,5lhd,C,0,[1],[1],ZN,ZN,0.9449427127838135,2.0330286026000977,1.2819780111312866,0.7035180926322937,0.6676821708679199,0.8927245736122131
108,TTP,4xjc,A,7t18,A,0,[29],[29],TTP,TTP,7.105400085449219,2.7039732933044434,1.6739856004714966,0.6767329573631287,0.8647972345352173,1.0818299055099487
109,SAM,1cma,B,1i9g,A,0,[27],[27],SAM,SAM,6.857072830200195,2.6333770751953125,1.6324353218078613,0.7397969365119934,0.9047613143920898,1.1814441680908203
110,FE,3e13,X,5guw,B,0,[1],[1],FE,FE,2.303605794906616,2.559213161468506,1.49661386013031,0.7208412885665894,0.6771889328956604,1.2047113180160522
111,ADP,2uvq,A,8fny,A,0,[27],[27],ADP,ADP,6.566471576690674,2.5424346923828125,1.7528332471847534,0.7112658023834229,0.8935451507568359,1.325390338897705
112,PYR,2vpa,A,4plf,B,0,[6],[6],PYR,PYR,5.761354446411133,2.834564208984375,1.502328872680664,0.7010616064071655,0.8518506288528442,1.1650254726409912
113,ATP,2jk8,A,4v02,A,0,[31],[9],ATP,ATP,3.228973627090454,2.56427001953125,1.6767504215240479,0.7015367746353149,0.8455467224121094,1.0574524402618408
114,FE2,3vb0,A,4m33,A,0,[1],[1],FE2,FE2,1.998797059059143,2.3478779792785645,1.4929591417312622,0.6865128874778748,0.8111074566841125,1.0402418375015259
115,COA,1a59,A,4ubt,A,0,[48],[46],COA,COA,5.72393274307251,2.3697452545166016,1.510071039199829,0.7273098230361938,0.8657195568084717,1.0490046739578247
116,NI,1xm5,A,3skd,A,0,[1],[1],NI,NI,1.6314712762832642,2.6237783432006836,1.3633742332458496,0.7525671720504761,0.7743157744407654,1.094034194946289
117,OXY,1oqu,C,4qur,A,0,[2],[1],OXY,OXY,7.422454357147217,2.102940082550049,1.5071333646774292,0.6769482493400574,0.6519677042961121,1.0918300151824951
118,FE2,2de6,B,5zur,B,0,[1],[1],FE2,FE2,0.9138036966323853,1.9023902416229248,1.5491451025009155,0.7042703032493591,0.7278447151184082,1.0294674634933472
119,FE2,3acl,A,3ven,A,0,[1],[1],FE2,FE2,2.2159886360168457,2.2515642642974854,1.721279263496399,0.7537451982498169,0.7117961645126343,1.081351399421692
120,FE,2amu,A,8avl,A,0,[1],[1],FE,FE,0.6549458503723145,2.5339887142181396,1.5470669269561768,0.743088960647583,0.7434956431388855,0.9765172600746155
121,ANP,5gz9,A,5ljw,A,0,[31],[31],ANP,ANP,2.3668289184570312,3.0934529304504395,1.5111571550369263,0.7463932037353516,0.7917453646659851,1.0877037048339844
122,COA,1kru,A,5kl9,A,0,[48],[48],COA,COA,7.312003135681152,2.3999242782592773,1.4339380264282227,0.7026172876358032,0.960266649723053,1.321091651916504
123,ZN,5n0c,A,6iq1,B,0,[1],[1],ZN,ZN,2.241211175918579,1.8288373947143555,1.6673710346221924,0.6209007501602173,0.5280659198760986,1.7725762128829956
124,CA,1tah,B,2bl0,B,0,[1],[1],CA,CA,8.314443588256836,2.5837831497192383,1.5611467361450195,0.7110475897789001,0.8514361381530762,1.1338913440704346
125,MG,2p88,A,3cc2,T,0,[1],[1],MG,MG,7.536931037902832,2.1199915409088135,1.7918787002563477,0.7442460060119629,0.8087989687919617,1.0652095079421997
126,NDP,1o8c,A,6rjr,A,0,[48],[48],NDP,NDP,5.896555423736572,2.564680814743042,1.3973907232284546,0.6939502954483032,0.7891339063644409,1.1764661073684692
127,CO,3l0s,A,4uob,A,0,[1],[1],CO,CO,8.090600967407227,2.8153088092803955,1.055458903312683,0.6731852293014526,0.9570492506027222,0.7769016027450562
128,PYR,2vpa,A,5lu4,A,0,[6],[6],PYR,PYR,7.749898910522461,1.6255806684494019,1.5122424364089966,0.5669612288475037,0.8777804374694824,0.9492729902267456
129,AR6,3sig,A,8bau,A,0,[36],[36],AR6,AR6,5.75911808013916,2.4955201148986816,1.5994926691055298,0.7337213754653931,0.8221967220306396,1.225519061088562
130,SAM,1cma,B,3dou,A,0,[27],[27],SAM,SAM,6.682884693145752,2.5282907485961914,1.5972754955291748,0.7407828569412231,0.9265355467796326,1.0982229709625244
131,SAM,1cma,B,3kkz,A,0,[27],[27],SAM,SAM,6.975670337677002,2.488492488861084,1.5587257146835327,0.7036781907081604,0.9576472640037537,1.3152167797088623
132,FE2,4m33,A,7eyr,C,0,[1],[1],FE2,FE2,0.6249387860298157,2.6215405464172363,1.4054964780807495,0.7134153842926025,0.5233721137046814,1.032162070274353
133,ATP,1b0u,A,2e5y,A,0,[31],[31],ATP,ATP,7.761003017425537,2.4083681106567383,1.423933744430542,0.7450421452522278,0.8941024541854858,0.9494351744651794
134,FE,1do6,A,1wb7,A,0,[1],[1],FE,FE,0.5753231644630432,2.4612886905670166,1.536455750465393,0.7241960763931274,0.7116655111312866,1.0201042890548706
135,FE2,1e5s,A,3ven,A,0,[1],[1],FE2,FE2,1.695999026298523,2.40372896194458,1.526374340057373,0.6884868741035461,0.7080047130584717,1.275107741355896
136,OXY,4qur,A,4yu3,A,0,[2],[2],OXY,OXY,1.5706665515899658,2.3083648681640625,1.5966224670410156,0.7349246144294739,0.8592999577522278,1.0496798753738403
137,HEM,1aom,B,7bwh,A,0,[43],[43],HEM,HEM,6.785297870635986,1.8751013278961182,1.3610854148864746,0.7034332752227783,0.9208440184593201,1.2224489450454712
138,SAM,1cma,B,5zw4,A,0,[27],[27],SAM,SAM,6.8336710929870605,2.549278974533081,1.6488245725631714,0.7250456809997559,0.6164566874504089,1.173069953918457
139,NAD,3czm,B,4han,A,0,[44],[44],NAD,NAD,6.481823444366455,2.4704036712646484,1.504132628440857,0.6646469831466675,0.6283390522003174,1.1440825462341309
140,ANP,3zfd,A,5gz9,A,0,[31],[31],ANP,ANP,1.5412417650222778,3.1539828777313232,1.4110932350158691,0.7326866388320923,0.7014060020446777,1.0647735595703125
141,COA,1khr,A,3nfd,E,0,[27],[48],COA,COA,5.079448699951172,2.561433792114258,1.4037079811096191,0.7208786010742188,0.8887701034545898,1.293513298034668
142,FE2,4m33,A,4oj8,B,0,[1],[1],FE2,FE2,2.423147678375244,2.206746816635132,1.6743109226226807,0.7110884189605713,0.7625012397766113,1.2109051942825317
143,FE2,3acl,A,4oj8,B,0,[1],[1],FE2,FE2,0.7357974648475647,3.2394192218780518,1.0069174766540527,0.7485322952270508,0.8637831807136536,0.7328759431838989
144,FE,1nf6,F,2amu,A,0,[1],[1],FE,FE,0.6627716422080994,2.3124489784240723,1.5586037635803223,0.7292599081993103,0.42718228697776794,1.0760772228240967
145,FE2,4oj8,B,7eyr,C,0,[1],[1],FE2,FE2,0.1799173653125763,4.299758434295654,0.697754979133606,0.8458828926086426,0.8411372303962708,0.8105272054672241
146,CO,4q0p,A,7s0w,B,0,[1],[1],CO,CO,1.1374562978744507,2.2820255756378174,1.539184808731079,0.7132772207260132,0.6939157247543335,1.0138708353042603
147,ACO,1b87,A,4isx,A,0,[51],[51],ACO,ACO,3.4957146644592285,2.7313318252563477,1.502464771270752,0.7104309797286987,0.8736960887908936,1.169090747833252
148,AMP,2gm3,A,5dy9,E,0,[23],[23],AMP,AMP,3.771134376525879,2.870903491973877,1.50825834274292,0.7342135310173035,0.9152746200561523,1.1356183290481567
149,AKG,3nnf,A,4hg3,A,0,[9],[10],AKG,AKG,4.321578025817871,2.588240623474121,1.5500428676605225,0.7369290590286255,0.4240453839302063,1.185896396636963
150,AKG,4xcb,A,5xvv,B,0,[10],[10],AKG,AKG,5.870979309082031,2.311001777648926,1.5465322732925415,0.6412398815155029,0.776195764541626,1.384339690208435
151,COA,3fsb,A,6qfb,C,0,[48],[48],COA,COA,7.534331321716309,2.197509765625,1.6678264141082764,0.6003119945526123,0.8427397012710571,1.5291786193847656
152,ZN,2nly,A,5aja,B,0,[1],[1],ZN,ZN,6.578254222869873,2.3694138526916504,1.7347750663757324,0.7395814657211304,0.7103458046913147,1.2276966571807861
153,BMA,5a7v,A,5wvp,A,0,[12],[12],BMA,BMA,3.5147554874420166,2.0605483055114746,1.495812177658081,0.7205203175544739,0.9376899600028992,1.1183041334152222
154,FE2,1ey2,A,5j92,B,0,[1],[1],FE2,FE2,1.180384635925293,2.325888156890869,1.412725567817688,0.6482067704200745,0.8832311034202576,1.0248945951461792
155,NI,1xm5,A,5i8s,A,0,[1],[1],NI,NI,0.9234981536865234,2.6052565574645996,1.5533894300460815,0.7371684908866882,0.7594978213310242,1.11815345287323
156,CU1,1k0v,A,4m1p,A,0,[1],[1],CU1,CU1,6.112618446350098,2.395453929901123,1.577478051185608,0.7461280226707458,0.9338051080703735,1.168649435043335
157,CU,6kob,A,6ryx,A,0,[1],[1],CU,CU,1.3870437145233154,2.205111503601074,1.4914219379425049,0.6989840865135193,0.6914860606193542,1.2420172691345215
158,FMN,3a20,A,5v57,A,0,[31],[31],FMN,FMN,2.60891056060791,2.760606288909912,1.4204100370407104,0.7192071080207825,0.7842217087745667,1.0042170286178589
159,FE2,1e5s,A,4oj8,B,0,[1],[1],FE2,FE2,0.6250655651092529,3.3570470809936523,0.7799612879753113,0.741710901260376,0.9277091026306152,0.8010319471359253
160,NDP,4b7f,A,5vg6,B,0,[48],[48],NDP,NDP,5.694218158721924,2.550051212310791,1.5312808752059937,0.7398561835289001,0.9339740872383118,1.0572030544281006
161,MN,2qgi,A,3zvx,A,0,[1],[1],MN,MN,0.8011355400085449,2.4047961235046387,1.454793930053711,0.7317125797271729,0.6665814518928528,1.0605448484420776
162,GTP,6oix,C,6y09,A,0,[32],[32],GTP,GTP,4.666059494018555,2.1696314811706543,1.4075747728347778,0.6870344877243042,0.6529890894889832,1.1424709558486938
163,FE,3ak3,B,5ylb,A,0,[1],[1],FE,FE,1.0397969484329224,2.6708261966705322,1.3633160591125488,0.7375236749649048,0.7557497620582581,1.1165390014648438
164,GAL,4wwh,A,5cb7,B,0,[12],[12],GAL,GAL,5.426163196563721,2.698394298553467,1.4949736595153809,0.7392826676368713,0.9677468538284302,0.962019681930542
165,FE,3ogh,B,3vth,A,0,[1],[1],FE,FE,1.6673696041107178,2.0151572227478027,1.5539531707763672,0.7124584913253784,0.6710203289985657,1.1400736570358276
166,TPP,4c7x,A,4tkr,B,0,[26],[26],TPP,TPP,3.8060240745544434,2.281924247741699,1.725823163986206,0.7470348477363586,0.7950614094734192,1.0407874584197998
167,BMA,5wvp,A,6l6a,A,0,[12],[12],BMA,BMA,5.121881008148193,2.376067638397217,1.3912895917892456,0.7427141666412354,0.4755445420742035,1.0868607759475708
168,SAM,1cma,B,3fpj,B,0,[27],[27],SAM,SAM,7.027806282043457,2.152217388153076,1.6540608406066895,0.7118337750434875,0.5368752479553223,1.1240646839141846
169,CA,1w3w,A,3i57,A,0,[1],[1],CA,CA,8.302154541015625,2.3065083026885986,1.6120655536651611,0.684307873249054,0.9226232767105103,1.1320784091949463
170,ACO,4isx,A,8g1e,A,0,[51],[51],ACO,ACO,7.112020492553711,2.258010149002075,1.795230507850647,0.6218876242637634,0.9125255942344666,1.5856285095214844
171,FE2,1ey2,A,3vb0,A,0,[1],[1],FE2,FE2,2.598945140838623,2.5112195014953613,1.6014803647994995,0.6590719819068909,0.8776851296424866,1.171162724494934
172,AMP,4e6n,A,5dy9,E,0,[23],[22],AMP,AMP,5.877832412719727,2.3037123680114746,1.6672276258468628,0.7423725128173828,0.4538266956806183,0.9166556000709534
173,FE,3vth,A,8avl,A,0,[1],[1],FE,FE,1.5909154415130615,2.1297831535339355,1.643104076385498,0.656807005405426,0.8426898121833801,1.1706115007400513
174,FE,1ahj,A,4bfk,B,0,[1],[1],FE,FE,2.236154079437256,2.52908992767334,1.6412615776062012,0.7354608178138733,0.5946112275123596,1.1919801235198975
175,AKG,4xcb,A,4xgi,A,0,[10],[10],AKG,AKG,3.0195581912994385,2.31886625289917,1.5058196783065796,0.702107310295105,0.9136350154876709,1.259116530418396
176,MN,2e6c,A,3zvx,A,0,[1],[1],MN,MN,0.30852991342544556,2.6858139038085938,1.5252032279968262,0.7598509192466736,0.939548909664154,1.064543604850769
177,CO,3dwc,B,4d07,A,0,[1],[1],CO,CO,7.5181355476379395,2.4617366790771484,1.4626322984695435,0.7401928901672363,0.801048219203949,0.9708535671234131
178,CA,4esv,C,4yl9,D,0,[1],[1],CA,CA,7.668827056884766,1.932856798171997,1.5055546760559082,0.7034931182861328,0.969330370426178,1.1536797285079956
179,FMN,3a20,A,7epe,A,0,[31],[31],FMN,FMN,2.5204875469207764,2.7653391361236572,1.3871099948883057,0.7182356715202332,0.7624111771583557,1.042100429534912
180,FE,1b06,A,2amu,A,0,[1],[1],FE,FE,1.7487714290618896,2.5953071117401123,1.19834303855896,0.7557823657989502,0.8758596777915955,0.9243115782737732
181,ATP,5k3j,A,7xf0,C,0,[31],[31],ATP,ATP,6.487335681915283,2.299691677093506,1.7207670211791992,0.689814567565918,0.80489581823349,1.2058180570602417
182,FE,1xvx,A,4bfk,B,0,[1],[1],FE,FE,1.6639190912246704,2.6020894050598145,1.3440279960632324,0.7140624523162842,0.8944838047027588,0.9074834585189819
183,SAM,1cma,B,3mte,A,0,[26],[27],SAM,SAM,6.98019552230835,2.595935344696045,1.5076980590820312,0.7004085183143616,0.9086425304412842,1.3215175867080688
184,MN,3pif,D,5c5u,B,0,[1],[1],MN,MN,2.1937003135681152,1.955153465270996,1.5162113904953003,0.6929359436035156,0.679492175579071,1.1055554151535034
185,SAM,1cma,B,3t7s,A,0,[27],[27],SAM,SAM,7.0459818840026855,2.74088716506958,1.7336182594299316,0.6947117447853088,0.8537389039993286,1.3033486604690552
186,FAD,1zdl,A,2ed4,A,0,[53],[53],FAD,FAD,4.153881072998047,2.814303159713745,1.5609304904937744,0.7138159871101379,0.5539575815200806,1.1042207479476929
187,FE,3o32,A,3qc3,A,0,[1],[1],FE,FE,2.151580333709717,2.6955113410949707,1.6203138828277588,0.7138167023658752,0.825315535068512,1.325964093208313
188,SAH,2efj,A,6cu5,A,0,[26],[26],SAH,SAH,0.9429221749305725,4.287572860717773,0.706160843372345,0.7708160877227783,0.9819043874740601,0.716731071472168
189,FE2,4m33,A,5j92,B,0,[1],[1],FE2,FE2,0.13362590968608856,2.552652359008789,1.5633492469787598,0.7036784887313843,0.9047966599464417,1.0551555156707764
190,CA,1w3w,A,6sau,B,0,[1],[1],CA,CA,7.395096778869629,2.014505624771118,1.6127376556396484,0.7003291249275208,0.7147239446640015,1.1593283414840698
191,FE2,1ey2,A,3ven,A,0,[1],[1],FE2,FE2,7.056552886962891,2.0092601776123047,1.5422667264938354,0.7184317708015442,0.7867245078086853,1.300357699394226
192,HEM,1gks,A,3sik,A,0,[43],[43],HEM,HEM,5.993936061859131,2.391767978668213,2.1586949825286865,0.6797115206718445,0.7319273352622986,1.1159162521362305
193,SAM,1cma,B,4qtu,B,0,[27],[27],SAM,SAM,6.3853759765625,2.560711145401001,1.4866665601730347,0.6994336247444153,0.9320093989372253,1.2304719686508179
194,FE,1nf6,F,4f9j,A,0,[1],[1],FE,FE,1.1955052614212036,2.305701732635498,1.420589804649353,0.7670603394508362,0.7793781757354736,0.9003490805625916
195,CO,3hdi,A,4uob,A,0,[1],[1],CO,CO,8.073259353637695,2.19602632522583,1.6919691562652588,0.6644870638847351,0.654259979724884,1.2352153062820435
196,COA,2ahv,A,3fsb,A,0,[48],[48],COA,COA,6.708709239959717,2.2318613529205322,1.5874388217926025,0.6804673671722412,0.6694037318229675,1.0122039318084717
197,CA,4yzo,C,5oyl,D,0,[1],[1],CA,CA,7.510178565979004,2.4801063537597656,1.6006864309310913,0.7054797410964966,0.6743340492248535,1.207123875617981
198,ZN,2emx,A,5aja,B,0,[1],[1],ZN,ZN,1.0408010482788086,2.1152772903442383,1.5827624797821045,0.6626482009887695,0.798462986946106,0.7635727524757385
199,FE2,1e5s,A,3vb0,A,0,[1],[1],FE2,FE2,0.534159779548645,2.761233329772949,1.42396879196167,0.709862470626831,0.8013772964477539,1.1011526584625244
200,CU,4eir,A,6kob,A,0,[1],[1],CU,CU,1.906151294708252,2.176180362701416,1.3784540891647339,0.7352035641670227,0.8065535426139832,1.0301213264465332
201,FE,3nnf,A,3vth,A,0,[1],[1],FE,FE,2.8937690258026123,2.558626174926758,1.6819003820419312,0.7374567985534668,0.5926383137702942,1.0138624906539917
202,GTP,3ldu,A,6oix,C,0,[32],[32],GTP,GTP,5.090269088745117,2.374863624572754,1.4802480936050415,0.6803419589996338,0.7189752459526062,1.315535068511963
203,SAM,4fak,A,6ift,A,0,[27],[27],SAM,SAM,2.9952733516693115,3.5262632369995117,1.316468596458435,0.7390744686126709,0.9663218259811401,0.9791221618652344
204,ANP,4w7s,B,5gz9,A,0,[31],[31],ANP,ANP,2.4113595485687256,3.015777349472046,1.3380749225616455,0.7118818163871765,0.9407056570053101,1.120988368988037
205,COA,4x0o,E,6es9,A,0,[27],[27],COA,COA,8.08684253692627,2.7242989540100098,1.443015694618225,0.7302881479263306,0.8348096013069153,1.085138201713562
206,CU1,1k0v,A,2ccw,A,0,[1],[1],CU1,CU1,2.52069091796875,2.8464558124542236,1.4440439939498901,0.7488301396369934,0.7009351253509521,1.0988399982452393
207,FE,2hvb,B,2q4a,B,0,[1],[1],FE,FE,1.0835224390029907,2.3305702209472656,1.6271963119506836,0.7015528082847595,0.7612735629081726,1.1667499542236328
208,COA,1khr,A,5kl9,A,0,[48],[48],COA,COA,8.018864631652832,2.596453905105591,1.372613787651062,0.7293557524681091,0.7735936045646667,1.303746223449707
209,AMP,4qei,A,5dy9,E,0,[23],[23],AMP,AMP,4.566995620727539,2.317915201187134,1.6507433652877808,0.731765627861023,0.9024962186813354,1.0718533992767334
210,HEM,1aom,B,2i89,A,0,[43],[43],HEM,HEM,6.844305038452148,2.2921230792999268,1.441009521484375,0.69350266456604,0.8614161610603333,1.0833340883255005
211,MG,2a07,J,6efg,D,0,[1],[1],MG,MG,6.504175662994385,2.4655144214630127,1.5137895345687866,0.67313551902771,0.9472270011901855,1.3845322132110596
212,FE2,3ven,A,7eyr,C,0,[1],[1],FE2,FE2,1.5631918907165527,2.390033006668091,1.4630910158157349,0.7302882671356201,0.6905882954597473,1.1361860036849976
213,FE,3nnf,A,8avl,A,0,[1],[1],FE,FE,1.1351509094238281,2.7799620628356934,1.3984509706497192,0.7132927179336548,0.7817942500114441,1.0792337656021118
214,AKG,3bn1,A,4xcb,A,0,[10],[10],AKG,AKG,1.9516994953155518,2.7280306816101074,1.425665020942688,0.7334257960319519,0.7883440852165222,1.1744568347930908
215,ATP,3zs7,A,5k3i,A,0,[31],[31],ATP,ATP,6.951377868652344,2.000915050506592,1.6610151529312134,0.730398952960968,0.8571934700012207,1.0259541273117065
216,GTP,1plk,A,6oix,C,0,[32],[32],GTP,GTP,5.044585704803467,2.3292205333709717,1.601340651512146,0.6781278848648071,0.879199206829071,1.2366821765899658
217,AKG,3nnf,A,4oj8,B,0,[10],[10],AKG,AKG,1.815077304840088,4.1886820793151855,0.6954702138900757,0.8460104465484619,0.9847888350486755,0.8255136013031006
218,ADP,1q9s,A,5gsz,A,0,[27],[27],ADP,ADP,6.330854415893555,2.3662569522857666,1.5950157642364502,0.7103694677352905,0.9098173379898071,1.214645504951477
219,PYR,2h9d,A,5lu4,A,0,[6],[6],PYR,PYR,8.100053787231445,1.4846491813659668,1.741020679473877,0.6340582966804504,0.35697245597839355,1.2992967367172241
220,CO,4uob,A,7s0w,B,0,[1],[1],CO,CO,6.941432476043701,2.3982748985290527,1.6173486709594727,0.7263962626457214,0.6452067494392395,1.2009837627410889
221,HEM,1aw3,A,3u8p,A,0,[43],[43],HEM,HEM,4.314996719360352,2.3453428745269775,1.3910363912582397,0.6671707034111023,0.9323134422302246,1.3392345905303955
222,COA,1kru,A,5hbr,A,0,[48],[48],COA,COA,6.920735836029053,2.294114112854004,1.4782496690750122,0.6458175778388977,0.8387731909751892,1.1803339719772339
223,SAH,6cu5,A,6cx6,B,0,[26],[26],SAH,SAH,1.155799150466919,4.8174943923950195,0.5265836715698242,0.8477151989936829,0.875757098197937,0.6787175536155701
224,COA,1khr,A,5xuk,A,0,[40],[48],COA,COA,5.337947845458984,2.6445488929748535,1.6944153308868408,0.7180387377738953,0.8943566083908081,1.2599287033081055
225,COA,1a59,A,4x0o,E,0,[27],[46],COA,COA,5.4818339347839355,2.076784610748291,1.613508701324463,0.6964985728263855,0.9386778473854065,1.0778567790985107
226,NDP,4e37,B,5vg6,B,0,[48],[48],NDP,NDP,4.041782379150391,2.28810453414917,1.4836047887802124,0.6987970471382141,0.4706965386867523,1.2344597578048706
227,NAD,2dvm,A,2ed4,A,0,[44],[44],NAD,NAD,4.536777973175049,2.5769386291503906,1.7623454332351685,0.6848567724227905,0.5205623507499695,1.0391677618026733
228,CO,1v29,A,4uob,A,0,[1],[1],CO,CO,5.0650129318237305,2.072042465209961,1.4611634016036987,0.6846289038658142,0.8655802607536316,1.1846773624420166
229,AMP,1uuy,A,5dy9,E,0,[23],[22],AMP,AMP,5.136160850524902,2.635503053665161,1.4919620752334595,0.7381881475448608,0.8256579637527466,1.0832520723342896
230,ACO,3dr8,A,4isx,A,0,[51],[51],ACO,ACO,6.935707092285156,3.002821207046509,1.4350571632385254,0.7489689588546753,0.9017438292503357,1.042458415031433
231,MN,2bow,A,6oiw,A,0,[1],[1],MN,MN,2.430959701538086,2.0890560150146484,1.597965121269226,0.6854953765869141,0.8736538290977478,1.1577024459838867
232,FE,1do6,A,3gvy,C,0,[1],[1],FE,FE,0.888772189617157,2.3367838859558105,1.543944239616394,0.6869860291481018,0.4545183777809143,1.0548279285430908
233,MN,2x7j,A,3ww1,A,0,[1],[1],MN,MN,1.7573459148406982,2.541626214981079,1.4331672191619873,0.7630573511123657,0.6846392154693604,1.0526049137115479
234,MN,1za0,A,3ib7,A,0,[1],[1],MN,MN,0.9804664254188538,2.55783748626709,1.5968596935272217,0.763515293598175,0.8586034774780273,0.9455830454826355
235,NDP,1o8c,A,6rjn,A,0,[48],[48],NDP,NDP,7.310142993927002,2.547224521636963,1.602512240409851,0.6878674626350403,0.8821032047271729,1.1552996635437012
236,NDP,3anl,A,4e37,B,0,[48],[48],NDP,NDP,6.171705722808838,2.3290669918060303,1.4820114374160767,0.6753028631210327,0.8006893992424011,1.2309132814407349
237,HEM,1awp,A,3u8p,A,0,[43],[43],HEM,HEM,3.9986038208007812,2.255370855331421,1.480642318725586,0.6839982271194458,0.8379281163215637,1.5020503997802734
238,MN,3pif,D,3qb5,K,0,[1],[1],MN,MN,6.5931620597839355,2.2550384998321533,1.482844352722168,0.7081177234649658,0.8623351454734802,1.3287068605422974
239,CO,4uob,A,6bnn,A,0,[1],[1],CO,CO,6.893089771270752,2.1800971031188965,1.5432239770889282,0.7062179446220398,0.7737814784049988,1.2034891843795776
240,CA,2g42,B,7xrx,A,0,[1],[1],CA,CA,5.397082328796387,2.1997475624084473,1.506350040435791,0.6283926367759705,0.7938140034675598,1.598490595817566
241,COA,3flv,A,4ubt,A,0,[48],[31],COA,COA,5.222761154174805,2.016831398010254,1.5722298622131348,0.7325183153152466,0.8587902784347534,1.1233365535736084
242,MN,1gsl,A,3dx5,A,0,[1],[1],MN,MN,2.2504587173461914,2.8183531761169434,1.3807735443115234,0.7669382095336914,0.8871564865112305,0.9092816710472107
243,MN,1s4o,A,4bif,A,0,[1],[1],MN,MN,1.726876974105835,2.580469846725464,1.7509695291519165,0.7406012415885925,0.686360776424408,1.059815526008606
244,NDP,5vg6,B,6rjn,A,0,[48],[48],NDP,NDP,6.351059436798096,2.369217872619629,1.4575647115707397,0.7128389477729797,0.8644675612449646,1.3282701969146729
245,FE,1xvx,A,2amu,A,0,[1],[1],FE,FE,1.550320029258728,2.4607131481170654,1.3273884057998657,0.6952704787254333,0.8625682592391968,0.9138079285621643
246,NDP,3anl,A,6rjn,A,0,[48],[48],NDP,NDP,6.652498722076416,2.0198729038238525,1.6246970891952515,0.71840500831604,0.7527590394020081,1.3406721353530884
247,COA,3flv,A,4x0o,E,0,[27],[31],COA,COA,5.81544828414917,2.1207213401794434,1.3434937000274658,0.7081735134124756,0.8756790161132812,1.1111341714859009
248,CO,3dwc,B,6bnn,A,0,[1],[1],CO,CO,0.8815786242485046,2.3099560737609863,1.496453046798706,0.7312636375427246,0.8679903149604797,1.0015840530395508
249,ROP,4gyl,A,4wgf,A,1,[5],[5],ROP,ROP,3.0489251613616943,3.0169997215270996,1.3980469703674316,0.7690889239311218,0.8745840787887573,1.1314481496810913
250,5GP,3n1s,J,4z87,A,1,[24],[24],5GP,5GP,1.925378680229187,2.7475504875183105,1.561227560043335,0.7399414777755737,0.652076005935669,1.2208082675933838
251,CU,5nns,A,6ryx,A,1,[1],[1],CU,CU,0.4935673177242279,2.2702839374542236,1.5273091793060303,0.706087052822113,0.7433220744132996,1.0394773483276367
252,AMP,2ak3,A,2vfk,A,1,[23],[23],AMP,AMP,4.322123050689697,2.3667209148406982,1.4314669370651245,0.7098590731620789,0.7660223841667175,1.2022886276245117
253,AMP,2vfk,A,4e6n,A,1,[22],[23],AMP,AMP,4.95084285736084,2.3278183937072754,1.3380414247512817,0.7313596606254578,0.770757257938385,1.0239614248275757
254,E4P,1iri,A,3s1u,C,1,[12],[12],E4P,E4P,3.471660852432251,2.830280303955078,1.575346827507019,0.7526457905769348,0.8191860914230347,1.1733441352844238
255,ACO,4jvt,A,5hgz,A,1,[51],[48],ACO,ACO,3.620914936065674,3.2073850631713867,1.3747235536575317,0.7286243438720703,0.8551830649375916,1.1181761026382446
256,ADP,6k8z,B,6ks6,g,1,[27],[27],ADP,ADP,2.4016802310943604,2.792637348175049,1.398213505744934,0.7205796837806702,0.8118603825569153,1.080708384513855
257,ADP,4gt8,A,5m32,h,1,[27],[27],ADP,ADP,2.395272731781006,3.0511250495910645,1.2896840572357178,0.7247487306594849,0.6602030992507935,0.9851015210151672
258,GDP,1s4o,A,4hi0,E,1,[28],[28],GDP,GDP,2.9778695106506348,3.2009592056274414,1.5261240005493164,0.7142024040222168,0.6781269311904907,0.9842683672904968
259,ACO,1hm8,A,8g1e,A,1,[51],[51],ACO,ACO,6.246940612792969,1.966139316558838,1.761842131614685,0.56380695104599,0.970573365688324,1.4052993059158325
260,UDP,4d11,C,5e9u,A,1,[25],[25],UDP,UDP,2.893106460571289,3.4587321281433105,1.3707853555679321,0.7475109696388245,0.899124264717102,1.2254835367202759
261,NVA,1jdx,A,2bte,A,1,[7],[8],NVA,NVA,8.143003463745117,1.9244712591171265,1.6022578477859497,0.6425840258598328,0.47767969965934753,1.245928168296814
262,GTP,1plk,A,1s49,A,1,[32],[32],GTP,GTP,6.820644378662109,2.270416498184204,1.3907756805419922,0.6990839242935181,0.8711228370666504,1.2996301651000977
263,NAD,5dt9,A,7f8d,A,1,[44],[44],NAD,NAD,0.7153007984161377,4.73907470703125,0.6231075525283813,0.8401688933372498,0.984539806842804,0.6887460350990295
264,ACP,5c41,A,6pnx,B,1,[31],[31],ACP,ACP,3.2624104022979736,2.9701132774353027,1.4279175996780396,0.7265108823776245,0.6901111006736755,1.193110466003418
265,HEM,2nrl,A,4e6k,A,1,[43],[43],HEM,HEM,6.106910228729248,2.710871934890747,1.444623351097107,0.7373966574668884,0.7734848856925964,1.2381542921066284
266,COA,1f7l,A,5kl9,A,1,[48],[48],COA,COA,7.832895755767822,2.667548418045044,1.6132675409317017,0.7122203707695007,0.866667628288269,1.2413886785507202
267,PO3,1v0w,A,2wy2,D,1,[4],[4],PO3,PO3,4.017612457275391,2.1904048919677734,1.7003557682037354,0.7540628910064697,0.5433096289634705,1.1188362836837769
268,CTP,1i52,A,6qxn,A,1,[29],[29],CTP,CTP,3.1067686080932617,2.7448620796203613,1.5535041093826294,0.7217704653739929,0.7258153557777405,1.1743091344833374
269,COA,1yli,B,4ubt,A,1,[48],[48],COA,COA,3.3408045768737793,2.9582247734069824,1.3283119201660156,0.7313501834869385,0.876289427280426,1.1467311382293701
270,APR,1vhz,A,3ewp,A,1,[36],[18],APR,APR,7.3205342292785645,2.509511947631836,1.4723422527313232,0.7074846029281616,0.7912574410438538,1.2426676750183105
271,ACO,1hm8,A,4ava,A,1,[51],[51],ACO,ACO,4.133159637451172,2.7178642749786377,1.4217685461044312,0.7131943702697754,0.8762561082839966,1.107308030128479
272,UD1,2oi6,B,3q8x,D,1,[39],[39],UD1,UD1,5.891284465789795,2.6882262229919434,1.3951904773712158,0.6836397647857666,0.5123767852783203,0.9058106541633606
273,ACO,4jvt,A,7ovu,A,1,[51],[48],ACO,ACO,3.319425582885742,3.2716457843780518,1.3619928359985352,0.7289469838142395,0.8984783291816711,1.1592168807983398
274,AMP,4qei,A,5l6v,I,1,[23],[23],AMP,AMP,6.973801612854004,2.3420958518981934,1.4841570854187012,0.6688344478607178,0.8638566732406616,1.2880834341049194
275,MG,2f7t,A,8cqx,A,1,[1],[1],MG,MG,5.062531471252441,2.6726934909820557,1.6344438791275024,0.7239323258399963,0.8867418169975281,1.0258567333221436
276,GDP,2ydc,A,7m6j,A,1,[28],[28],GDP,GDP,4.717733383178711,2.4559850692749023,1.4834551811218262,0.6950126886367798,0.818587601184845,1.1291632652282715
277,GDD,2zu8,A,3oy7,A,1,[39],[39],GDD,GDD,3.4101996421813965,3.299485683441162,1.2431225776672363,0.7204673886299133,0.8412051796913147,0.9919106364250183
278,AMP,6bkf,A,6r8u,A,1,[23],[22],AMP,AMP,6.9425225257873535,2.719299793243408,1.6367928981781006,0.7022364735603333,0.5526926517486572,1.1024857759475708
279,ZN,2vrd,A,4n0g,A,1,[1],[1],ZN,ZN,6.240485668182373,2.2385823726654053,1.6234521865844727,0.7073577642440796,0.48383232951164246,1.2021536827087402
280,AMP,3ber,A,6bkf,A,1,[22],[23],AMP,AMP,3.4034454822540283,2.6092140674591064,1.3215992450714111,0.7025406360626221,0.8047060370445251,1.0054516792297363
281,ADP,2awn,D,4bql,A,1,[27],[27],ADP,ADP,2.306028366088867,3.0092592239379883,1.3883904218673706,0.7053182125091553,0.7711122632026672,1.1642999649047852
282,NDP,3anl,A,4b7f,A,1,[48],[48],NDP,NDP,6.072442531585693,2.330873489379883,1.4331313371658325,0.7063174247741699,0.8722355961799622,1.125648021697998
283,APR,1q17,C,1v8m,A,1,[36],[36],APR,APR,4.145513534545898,2.52296781539917,1.1878917217254639,0.746484100818634,0.9382259249687195,0.8879863619804382
284,FE2,3vb0,A,3ven,A,1,[1],[1],FE2,FE2,1.9865037202835083,2.3542282581329346,1.7100943326950073,0.7063212394714355,0.7633641958236694,1.0758260488510132
285,ZN,2emk,A,5k16,B,1,[1],[1],ZN,ZN,0.6030834317207336,2.6635587215423584,0.960489809513092,0.715167224407196,0.7881855368614197,0.7382156848907471
286,ACO,4jvt,A,6v3t,A,1,[51],[48],ACO,ACO,3.271550416946411,3.029003858566284,1.3998682498931885,0.7370989918708801,0.8446474075317383,1.1090400218963623
287,ANP,1jpa,A,3ih0,A,1,[31],[10],ANP,ANP,2.666604995727539,3.171279191970825,1.3329304456710815,0.7318081259727478,0.9346327185630798,1.305217981338501
288,UDP,2wtx,D,4d11,C,1,[25],[25],UDP,UDP,2.646087884902954,3.4643890857696533,1.3205976486206055,0.7641410827636719,0.8623469471931458,1.1113944053649902
289,UDP,2p73,A,3hbn,A,1,[25],[25],UDP,UDP,2.5498359203338623,3.1682586669921875,1.6313210725784302,0.7436473369598389,0.8081875443458557,1.1112421751022339
290,CO,3hdi,A,4ob3,A,1,[1],[1],CO,CO,6.360527515411377,1.8356280326843262,1.600082278251648,0.6410079598426819,0.8866439461708069,1.7322059869766235
291,OXY,1oxy,A,4qur,A,1,[2],[2],OXY,OXY,0.8296024203300476,2.2458200454711914,1.3769582509994507,0.6813459396362305,0.4788270890712738,1.1065973043441772
292,ATP,2j9l,C,5o6m,D,1,[31],[31],ATP,ATP,5.9093427658081055,2.6498029232025146,1.488897681236267,0.729146420955658,0.7068986892700195,1.0569560527801514
293,HEM,1bcf,A,4i8v,A,1,[43],[43],HEM,HEM,5.982784748077393,2.521334171295166,1.4157118797302246,0.7173615097999573,0.6141198873519897,1.1250180006027222
294,PO3,1v0w,A,4buc,A,1,[4],[4],PO3,PO3,7.404068470001221,2.2014718055725098,1.5739917755126953,0.7530437111854553,0.7364930510520935,1.0510408878326416
295,UPG,2icy,B,7va8,A,1,[36],[36],UPG,UPG,3.356386661529541,3.277677297592163,1.3465944528579712,0.761876106262207,0.8256756663322449,1.1370874643325806
296,UPG,2icy,B,3vtf,A,1,[36],[36],UPG,UPG,6.252535343170166,2.8276920318603516,1.6998252868652344,0.6824895143508911,0.9319955110549927,1.1957212686538696
297,ADP,4gt8,A,6ro1,A,1,[27],[27],ADP,ADP,2.3093228340148926,3.0275261402130127,1.331660270690918,0.7186792492866516,0.7131829857826233,1.1254072189331055
298,ZN,4adn,A,5wvu,A,1,[1],[1],ZN,ZN,1.908076286315918,2.4145193099975586,1.4203598499298096,0.7319708466529846,0.4480362832546234,1.1087535619735718
299,CO,3hdi,A,6bnn,A,1,[1],[1],CO,CO,3.083655834197998,1.8953828811645508,1.5022364854812622,0.7007415294647217,0.6615909934043884,1.4302539825439453
300,COA,5xuk,A,6qfb,C,1,[48],[40],COA,COA,4.95849609375,2.199066162109375,1.3880581855773926,0.589133620262146,0.9251482486724854,0.9971117973327637
301,ACO,4jvt,A,8g1e,A,1,[51],[48],ACO,ACO,6.297976016998291,1.6409237384796143,1.602177619934082,0.5863249897956848,0.8178802728652954,0.9636169075965881
302,CTP,1coz,A,1i52,A,1,[29],[29],CTP,CTP,2.1570165157318115,3.1195430755615234,1.3856663703918457,0.7176657915115356,0.8306738138198853,1.115037202835083
303,PLP,1hkv,A,4r8d,A,1,[15],[15],PLP,PLP,1.4427107572555542,3.496115207672119,1.343746304512024,0.7328556776046753,0.7671787142753601,1.0334826707839966
304,ADE,2qtt,A,3rys,A,1,[10],[10],ADE,ADE,2.3090732097625732,2.5906310081481934,1.3478566408157349,0.7331499457359314,0.6011104583740234,1.1252026557922363
305,FE,3fvz,A,3g77,A,1,[1],[1],FE,FE,7.797461986541748,2.509557008743286,1.4030070304870605,0.7497085332870483,0.7905621528625488,1.0306541919708252
306,ANP,2db3,A,3fxx,A,1,[31],[31],ANP,ANP,2.5848350524902344,3.246811866760254,1.3897145986557007,0.7222063541412354,0.807104766368866,1.1629537343978882
307,AKG,1ea0,A,4xcb,A,1,[10],[10],AKG,AKG,5.5451741218566895,2.664216995239258,1.4785159826278687,0.6552764773368835,0.9123440980911255,1.1156666278839111
308,FE2,3acl,A,3gcf,A,1,[1],[1],FE2,FE2,0.4214636981487274,2.341545343399048,1.4105546474456787,0.7195044159889221,0.7598956227302551,1.0930593013763428
309,PLP,1hkv,A,4r8d,A,1,[15],[15],PLP,PLP,1.4427136182785034,3.4961116313934326,1.3437474966049194,0.7328563332557678,0.7671786546707153,1.033481478691101
310,MG,5iky,A,6kyk,C,1,[1],[1],MG,MG,1.7786915302276611,2.646517753601074,1.3866477012634277,0.6375478506088257,0.5626182556152344,1.3227580785751343
311,AMP,4e6n,A,4qei,A,1,[23],[22],AMP,AMP,1.9691544771194458,2.4364824295043945,1.6792553663253784,0.7123651504516602,0.7044817209243774,1.2815641164779663
312,APC,1jgt,B,3vth,A,1,[31],[31],APC,APC,5.637364387512207,2.4312758445739746,1.4325037002563477,0.6504536271095276,0.5186735391616821,1.1449134349822998
313,ATP,6tdz,C,7vx0,B,1,[31],[31],ATP,ATP,2.3439810276031494,2.9855408668518066,1.3240010738372803,0.7135893702507019,0.8567789793014526,1.0639516115188599
314,AMP,5dy9,E,6bkf,A,1,[22],[23],AMP,AMP,3.2723388671875,2.330008029937744,1.6053383350372314,0.7178424000740051,0.897050678730011,1.2368084192276
315,AMP,5l6v,I,6bkf,A,1,[22],[23],AMP,AMP,6.892608165740967,2.5646562576293945,1.7366201877593994,0.6545591354370117,0.46555760502815247,1.2415788173675537
316,CU,1oac,B,6ryx,A,1,[1],[1],CU,CU,2.0826709270477295,2.3833975791931152,1.370404601097107,0.680502712726593,0.808333158493042,1.2475485801696777
317,CO,3l0s,A,4ob3,A,1,[1],[1],CO,CO,7.9026288986206055,1.9861323833465576,1.4451889991760254,0.6448566317558289,0.8372723460197449,1.5605957508087158
318,UPG,4r7p,A,7va8,A,1,[36],[36],UPG,UPG,3.5366358757019043,3.245651960372925,1.4011340141296387,0.7330685257911682,0.8846800327301025,1.1283341646194458
319,ADE,1j1r,A,3rys,A,1,[10],[10],ADE,ADE,6.289370536804199,2.3840084075927734,1.5181763172149658,0.7361181974411011,0.8799540400505066,1.1417938470840454
320,APR,1q17,C,1vhz,A,1,[18],[36],APR,APR,7.3469319343566895,2.4503085613250732,1.6012771129608154,0.7674854397773743,0.6601546406745911,1.1102962493896484
321,GDD,2gt4,A,3oy7,A,1,[39],[39],GDD,GDD,4.801774978637695,3.0693235397338867,1.4440349340438843,0.7408441305160522,0.931451678276062,1.1435621976852417
322,ADP,2hyd,A,4p7a,A,1,[27],[27],ADP,ADP,2.861314058303833,2.932264566421509,1.4175703525543213,0.7379591464996338,0.7860479950904846,1.0120795965194702
323,GAL,2j5z,A,3urm,A,1,[12],[12],GAL,GAL,5.5941691398620605,2.2471091747283936,1.5380419492721558,0.7524686455726624,0.925320029258728,1.084911584854126
324,AMP,2vfk,A,4k46,A,1,[23],[23],AMP,AMP,4.260129451751709,2.6233208179473877,1.5594849586486816,0.6752505302429199,0.8927789330482483,1.3312454223632812
325,CO,6bnn,A,7s0w,B,1,[1],[1],CO,CO,0.7874566316604614,2.371884822845459,1.4439400434494019,0.6982341408729553,0.8919112086296082,1.2833442687988281
326,COA,1yli,B,4x0o,E,1,[27],[48],COA,COA,4.374309062957764,2.860208034515381,1.5720213651657104,0.7350029945373535,0.6710073351860046,1.1676995754241943
327,MG,5iky,A,5zlp,J,1,[1],[1],MG,MG,2.802258014678955,2.3031859397888184,1.6981614828109741,0.657252848148346,0.8700119853019714,1.3798596858978271
328,ADP,4p7a,A,4s1h,A,1,[27],[27],ADP,ADP,3.0176777839660645,2.8989906311035156,1.3167390823364258,0.7486276030540466,0.5141304135322571,1.0695152282714844
329,GTP,1a8r,A,6y09,A,1,[32],[32],GTP,GTP,5.662294387817383,2.478219985961914,1.5446363687515259,0.7242143154144287,0.6825623512268066,1.1990004777908325
330,CO,1v29,A,3l0s,A,1,[1],[1],CO,CO,7.6880083084106445,1.9340722560882568,1.3763723373413086,0.6663479208946228,0.817802906036377,1.4081908464431763
331,MGP,3gdh,A,6fbz,A,1,[33],[33],MGP,MGP,4.73081111907959,2.65682315826416,1.4873994588851929,0.7035053968429565,0.8414380550384521,1.0457699298858643
332,ACP,4ueu,A,5c41,A,1,[31],[31],ACP,ACP,3.1039867401123047,3.1431143283843994,1.3613488674163818,0.7552652955055237,0.7897565960884094,1.2097017765045166
333,FMN,6b8s,B,7epe,A,1,[31],[31],FMN,FMN,1.5424809455871582,3.4309778213500977,1.3003298044204712,0.735660970211029,0.8634178638458252,1.0752131938934326
334,ADP,4bql,A,5grf,B,1,[27],[27],ADP,ADP,5.354580402374268,2.816646099090576,1.436787724494934,0.7187221050262451,0.7228260040283203,1.2567991018295288
335,ADP,2uvq,A,6ks6,g,1,[27],[27],ADP,ADP,2.6096203327178955,2.9278507232666016,1.37786066532135,0.7221837043762207,0.8307999968528748,1.035351037979126
336,SO3,2hz1,A,2vq2,A,1,[4],[4],SO3,SO3,7.536922454833984,2.4344472885131836,1.506692886352539,0.7330282926559448,0.5117994546890259,1.0465015172958374
337,ZN,2em4,A,4ztx,A,1,[1],[1],ZN,ZN,7.451916217803955,2.1055097579956055,1.7369773387908936,0.6588688492774963,0.685120701789856,1.1031084060668945
338,ACO,1hm8,A,3dr8,A,1,[51],[51],ACO,ACO,4.129485607147217,2.986693859100342,1.361933946609497,0.7245908975601196,0.8766244649887085,1.1079165935516357
339,MG,5hbr,A,5iky,A,1,[1],[1],MG,MG,5.00459098815918,2.2170095443725586,1.7853670120239258,0.6014708876609802,0.8976250290870667,1.2662523984909058
340,HEM,2ve3,A,3u8p,A,1,[43],[43],HEM,HEM,4.072223663330078,2.4567272663116455,1.582249402999878,0.6269417405128479,0.7542865872383118,1.7320729494094849
341,FES,3i39,X,6vsh,C,1,[4],[4],FES,FES,3.2568464279174805,1.9991796016693115,1.5122096538543701,0.5918912887573242,0.9003536701202393,0.9899594783782959
342,HEM,1aom,B,4h8q,A,1,[43],[43],HEM,HEM,5.968978404998779,2.324138641357422,1.6782348155975342,0.6408042907714844,0.9509179592132568,1.1111621856689453
343,GTP,1s49,A,6y09,A,1,[32],[32],GTP,GTP,5.887330055236816,2.5761258602142334,1.4550398588180542,0.6941352486610413,0.8480291366577148,1.2978663444519043
344,FE2,3ven,A,4oj8,B,1,[1],[1],FE2,FE2,1.9174730777740479,2.5049965381622314,1.6362876892089844,0.7517765760421753,0.727851152420044,1.1282634735107422
345,PYR,2nuy,A,5w5r,A,1,[6],[5],PYR,PYR,7.309791564941406,2.53448224067688,1.703980803489685,0.7314480543136597,0.6363816857337952,1.100561261177063
346,IMP,4af0,A,5i34,A,1,[23],[23],IMP,IMP,4.701448917388916,2.7727222442626953,1.5652505159378052,0.7490791082382202,0.611801266670227,1.1745481491088867
347,FE2,2de6,B,3vb0,A,1,[1],[1],FE2,FE2,0.7075296640396118,2.4616920948028564,1.4530209302902222,0.7179980874061584,0.723431408405304,0.9566487073898315
348,NAD,1nfb,A,1nr5,B,1,[44],[44],NAD,NAD,6.578671455383301,2.75138783454895,1.3673756122589111,0.7327815890312195,0.5715269446372986,1.0091683864593506
349,ANP,2oid,A,4w7s,B,1,[31],[31],ANP,ANP,2.6257262229919434,3.2144575119018555,1.5569626092910767,0.7385641932487488,0.6238943338394165,1.1344155073165894
350,UPG,3vtf,A,4r7p,A,1,[36],[36],UPG,UPG,6.322540760040283,2.7565484046936035,1.569094181060791,0.686572253704071,0.9676453471183777,1.3407899141311646
351,MG,1ppx,A,5zlp,J,1,[1],[1],MG,MG,5.760096073150635,2.5615553855895996,1.5373181104660034,0.7206254601478577,0.8762115836143494,1.1470420360565186
352,ZN,1e7d,A,2em2,A,1,[1],[1],ZN,ZN,0.43204590678215027,3.31331729888916,0.9849931001663208,0.7091808915138245,0.8684849143028259,0.8604408502578735
353,BGC,4qs7,A,5do8,B,1,[12],[12],BGC,BGC,4.391119003295898,2.6494226455688477,1.4380038976669312,0.724035382270813,0.7127351760864258,0.9984503388404846
354,NAD,1nfb,A,1nrx,A,1,[44],[44],NAD,NAD,6.586911201477051,2.78791880607605,1.4032716751098633,0.7453751564025879,0.5456026196479797,1.029294490814209
355,HEM,2nrl,A,3u8p,A,1,[43],[43],HEM,HEM,3.938955783843994,2.5926194190979004,1.1820225715637207,0.6284895539283752,0.7761093378067017,1.2521694898605347
356,ADP,2fsn,B,8a3v,A,1,[27],[27],ADP,ADP,2.8672027587890625,3.006457805633545,1.500512719154358,0.7614709734916687,0.6760466694831848,0.9723376631736755
357,RBF,1kyv,E,2cc8,A,1,[27],[27],RBF,RBF,7.29669189453125,2.7330031394958496,1.5505672693252563,0.7192444801330566,0.8866969347000122,0.9556254148483276
358,PLP,1i2k,A,2yku,A,1,[15],[15],PLP,PLP,1.0560635328292847,3.409067153930664,1.3238645792007446,0.7359307408332825,0.7851207852363586,1.1170260906219482
359,ACP,5c41,A,7kjc,A,1,[31],[31],ACP,ACP,3.0116496086120605,3.0262703895568848,1.4703216552734375,0.7354558706283569,0.7467643618583679,1.193513035774231
360,ANP,1zy5,A,7x4n,E,1,[31],[31],ANP,ANP,2.7035117149353027,3.0474205017089844,1.4064555168151855,0.7161873579025269,0.8243109583854675,1.114216923713684
361,PYR,2vpa,A,5w5r,A,1,[6],[6],PYR,PYR,7.7334818840026855,2.599912166595459,1.4875411987304688,0.693974494934082,0.8601644039154053,1.0516760349273682
362,FE,3qc3,A,6wb6,A,1,[1],[1],FE,FE,4.992693901062012,2.2036619186401367,1.44834566116333,0.6348481774330139,0.9394000172615051,1.317544937133789
363,CU,1nwo,A,4eir,A,1,[1],[1],CU,CU,1.7696573734283447,2.960966110229492,1.4567515850067139,0.7475126385688782,0.46559691429138184,1.081647276878357
364,AMP,2dcl,A,4qei,A,1,[23],[23],AMP,AMP,6.720594882965088,2.8584675788879395,1.354377031326294,0.7454642653465271,0.8911787867546082,1.305417537689209
365,UDP,5ggi,B,7bv3,B,1,[25],[25],UDP,UDP,2.9238572120666504,3.3439807891845703,1.283369541168213,0.7256275415420532,0.7976921200752258,1.2211978435516357
366,CA,2jhi,F,3vm7,A,1,[1],[1],CA,CA,5.780610084533691,2.1518476009368896,1.3672916889190674,0.7278458476066589,0.7408698797225952,1.0561773777008057
367,ACO,1hm8,A,5hgz,A,1,[51],[51],ACO,ACO,4.036222457885742,2.804147243499756,1.4201005697250366,0.7270650863647461,0.8935718536376953,1.0510478019714355
368,FE,3cei,A,3qc3,A,1,[1],[1],FE,FE,2.35752534866333,2.694547176361084,1.4109447002410889,0.700568675994873,0.6020650863647461,1.238418698310852
369,ACO,1b87,A,4jvt,A,1,[48],[51],ACO,ACO,2.691859722137451,3.2177605628967285,1.420201063156128,0.7243016958236694,0.8569770455360413,1.1973237991333008
370,PYR,2nuy,A,3noj,A,1,[6],[5],PYR,PYR,6.106510162353516,2.751945972442627,1.4027341604232788,0.746897280216217,0.8839398622512817,1.181986927986145
371,ACO,4ava,A,4jvt,A,1,[48],[51],ACO,ACO,3.4280571937561035,3.1527581214904785,1.3519011735916138,0.7583174109458923,0.8551990389823914,0.981931746006012
372,ATP,2e5y,A,4fg9,B,1,[31],[31],ATP,ATP,7.278396129608154,1.9033246040344238,1.6789301633834839,0.7021644711494446,0.7668562531471252,1.1212208271026611
373,UDP,2iya,A,5ggi,B,1,[25],[25],UDP,UDP,3.090049982070923,3.3286921977996826,1.3344162702560425,0.7455281615257263,0.7817612290382385,1.1756879091262817
374,ATP,3hgm,A,7vx0,B,1,[31],[31],ATP,ATP,3.08221435546875,2.8809821605682373,1.3898192644119263,0.7249775528907776,0.9016592502593994,1.0629440546035767
375,FE2,1e5s,A,4r88,B,1,[1],[1],FE2,FE2,1.5731525421142578,2.8026318550109863,1.4935662746429443,0.7171557545661926,0.6722193956375122,1.0624252557754517
376,GDP,2ydc,A,3o47,A,1,[28],[28],GDP,GDP,5.208309650421143,2.7351913452148438,1.5948525667190552,0.6637215614318848,0.5898244380950928,1.2689787149429321
377,CU,1cur,A,4eir,A,1,[1],[1],CU,CU,2.308861255645752,3.118678569793701,1.4368853569030762,0.762688159942627,0.47417402267456055,1.092480182647705
378,PYR,2nuy,A,4plf,B,1,[6],[5],PYR,PYR,3.521829128265381,2.8506338596343994,1.4526578187942505,0.7684688568115234,0.7289758324623108,1.0212186574935913
379,GTP,1a8r,A,1plk,A,1,[32],[32],GTP,GTP,7.2611775398254395,2.2692606449127197,1.4676250219345093,0.6892849206924438,0.9009048938751221,1.2079514265060425
380,CMP,2zmf,A,7e3w,B,1,[22],[22],CMP,CMP,4.717207431793213,2.174748659133911,1.5277304649353027,0.7216099500656128,0.7946041226387024,1.1576423645019531
381,IMP,1p17,B,4af0,A,1,[23],[23],IMP,IMP,2.5799314975738525,3.250101089477539,1.499550461769104,0.7520512938499451,0.7239927053451538,1.1086056232452393
382,ADE,2qlu,A,2qtt,A,1,[10],[10],ADE,ADE,3.3726918697357178,2.952548027038574,1.3705379962921143,0.7559382915496826,0.8085141181945801,1.0626723766326904
383,UDP,2iya,A,2p73,A,1,[25],[25],UDP,UDP,2.4711740016937256,3.1074955463409424,1.439340353012085,0.7524353265762329,0.7936795949935913,1.1230027675628662
384,AKG,1ea0,A,3nnf,A,1,[10],[10],AKG,AKG,8.18906021118164,2.4168758392333984,1.185942530632019,0.6546241641044617,0.873898446559906,0.9576538801193237
385,CTP,6ckk,A,6qxn,A,1,[29],[29],CTP,CTP,3.4446723461151123,2.9423141479492188,1.3137575387954712,0.7349730730056763,0.8600310683250427,1.0764000415802002
386,AMP,3uq6,A,6r8u,A,1,[23],[23],AMP,AMP,7.015746593475342,3.0159785747528076,1.5366634130477905,0.6981292963027954,0.6343192458152771,1.2303543090820312
387,UDP,5ggi,B,5v0t,E,1,[25],[25],UDP,UDP,2.8897643089294434,3.241271495819092,1.2124159336090088,0.7569230794906616,0.9566923975944519,0.839216411113739
388,FE2,1e5s,A,3gcf,A,1,[1],[1],FE2,FE2,0.4952852129936218,2.371039390563965,1.3924421072006226,0.6841154098510742,0.768897533416748,1.0320950746536255
389,UDP,4a7x,C,5ggi,B,1,[25],[25],UDP,UDP,3.467479944229126,2.8945770263671875,1.6250581741333008,0.7142615914344788,0.7933859825134277,1.2023833990097046
390,SAM,3sxj,A,4njg,A,1,[27],[27],SAM,SAM,2.8917880058288574,3.101630210876465,1.5451862812042236,0.6962494254112244,0.7629717588424683,1.3284354209899902
391,5GP,1lvg,A,4z87,A,1,[24],[24],5GP,5GP,3.269742965698242,2.974531650543213,1.5262070894241333,0.7334976196289062,0.6262084245681763,1.1614211797714233
392,BGC,1q33,A,6jj7,A,1,[12],[12],BGC,BGC,4.723109722137451,2.7339932918548584,1.457560658454895,0.7311747074127197,0.955500066280365,1.1254035234451294
393,NAD,4xzj,A,5ilg,A,1,[44],[44],NAD,NAD,2.8385047912597656,2.9579081535339355,1.2414700984954834,0.6884773969650269,0.9072881937026978,1.1596829891204834
394,AMP,2vfk,A,4ini,B,1,[23],[23],AMP,AMP,5.4675445556640625,2.532647132873535,1.6671098470687866,0.6813530921936035,0.803925633430481,1.2405555248260498
395,GDP,1s4o,A,2atv,A,1,[28],[28],GDP,GDP,2.9180209636688232,3.3693535327911377,1.304949402809143,0.7195812463760376,0.9013302326202393,1.2201305627822876
396,AKG,1llw,A,4xcb,A,1,[10],[10],AKG,AKG,8.198984146118164,2.465918779373169,1.0912939310073853,0.6224899291992188,0.9554097652435303,0.8781977295875549
397,BGC,1q33,A,7x0h,A,1,[12],[12],BGC,BGC,4.243910312652588,2.6093058586120605,1.821277141571045,0.7436753511428833,0.8019002079963684,1.0559825897216797
398,ZN,2aig,P,6tbz,A,1,[1],[1],ZN,ZN,5.869234085083008,2.6135921478271484,1.6083835363388062,0.745139479637146,0.5882086157798767,1.1415817737579346
399,CTP,1coz,A,6ckk,A,1,[29],[29],CTP,CTP,2.372330904006958,3.2354068756103516,1.174912452697754,0.7365401387214661,0.8891044855117798,1.0375953912734985
400,MG,2iii,A,5zw3,B,1,[1],[1],MG,MG,6.472982406616211,2.8882923126220703,1.2995789051055908,0.748901903629303,0.9141455888748169,0.9738699197769165
401,CTP,3k8d,A,6qxn,A,1,[29],[29],CTP,CTP,2.9331271648406982,3.0138866901397705,1.4208766222000122,0.7093168497085571,0.8858923316001892,1.1135543584823608
402,PLP,2yku,A,3nzp,B,1,[15],[15],PLP,PLP,1.1979401111602783,3.4388015270233154,1.3384056091308594,0.7348449230194092,0.8370780944824219,1.0588490962982178
403,ADE,2qtt,A,3rys,A,1,[10],[10],ADE,ADE,2.3090760707855225,2.590632915496826,1.3478554487228394,0.7331483960151672,0.6011101603507996,1.1252071857452393
404,AKG,4hg3,A,5xvv,B,1,[10],[9],AKG,AKG,6.060524940490723,2.9777114391326904,1.6024034023284912,0.7280631065368652,0.8564017415046692,0.9852471351623535
405,GDP,2ydc,A,3ref,B,1,[28],[28],GDP,GDP,5.112105846405029,2.6055893898010254,1.4255634546279907,0.7250743508338928,0.7351436614990234,1.116690993309021
406,UDP,3hbn,A,5ggi,B,1,[25],[25],UDP,UDP,2.628126859664917,3.554020881652832,1.2116273641586304,0.7345197796821594,0.9002944827079773,1.084896445274353
407,PYR,3di1,B,5w5r,A,1,[6],[5],PYR,PYR,7.638671875,2.7287778854370117,1.551135540008545,0.698585033416748,0.8568907380104065,1.102846384048462
408,CU,2h3x,C,4eis,A,1,[1],[1],CU,CU,2.1999707221984863,3.0922229290008545,1.488301396369934,0.7669228911399841,0.4598810076713562,1.1095404624938965
409,OXY,4ako,A,4qur,A,1,[2],[2],OXY,OXY,1.5548089742660522,2.3103764057159424,1.4490010738372803,0.6824091076850891,0.42298272252082825,1.1985005140304565
410,ANP,2oid,A,8gbj,D,1,[31],[31],ANP,ANP,2.382903814315796,3.1749415397644043,1.4631174802780151,0.7341269254684448,0.7367244958877563,1.0951218605041504
411,AKG,1ea0,A,5xvv,B,1,[10],[10],AKG,AKG,3.04622745513916,2.7150049209594727,1.7360715866088867,0.7081499695777893,0.6563562750816345,1.1704673767089844
412,ADP,1lkx,C,4ydu,C,1,[27],[27],ADP,ADP,5.421515941619873,2.3238277435302734,1.3651654720306396,0.6914825439453125,0.7825797200202942,1.2799097299575806
413,APR,1v8m,A,3ewp,A,1,[36],[36],APR,APR,4.255856513977051,2.5961503982543945,1.6670575141906738,0.730901300907135,0.8505255579948425,1.1612547636032104
414,CTP,1coz,A,6qxn,A,1,[29],[29],CTP,CTP,2.6335666179656982,2.767704486846924,1.541060447692871,0.740373969078064,0.717390239238739,1.0955848693847656
415,COA,5hbr,A,5kl9,A,1,[48],[48],COA,COA,7.763002395629883,2.6912055015563965,1.5463539361953735,0.7016152739524841,0.9368633031845093,1.1781816482543945
416,COA,2oi6,B,5hbr,A,1,[48],[48],COA,COA,8.81485366821289,2.893615245819092,1.420454978942871,0.7036471366882324,0.9388724565505981,1.0249220132827759
417,ZN,1dq3,A,4xgl,A,1,[1],[1],ZN,ZN,6.972201824188232,2.640329122543335,1.5213298797607422,0.6818264722824097,0.9571228623390198,1.0404994487762451
418,ATP,7pup,A,8hh1,D,1,[31],[31],ATP,ATP,2.211095094680786,3.119784355163574,1.4585216045379639,0.7436134219169617,0.8080477714538574,1.0420911312103271
419,COA,1yli,B,2ahv,A,1,[48],[48],COA,COA,5.174881458282471,2.7282607555389404,1.5773451328277588,0.6981444954872131,0.44557347893714905,1.3246039152145386
420,ACO,1hm8,A,4jwp,A,1,[51],[51],ACO,ACO,3.9662139415740967,2.9718501567840576,1.3707934617996216,0.721691906452179,0.870218813419342,1.1169376373291016
421,AMP,3l2p,A,6aic,A,1,[23],[22],AMP,AMP,2.6549911499023438,2.932805299758911,1.3917797803878784,0.7316939830780029,0.868902325630188,0.9817542433738708
422,COA,1p5r,A,1yli,B,1,[48],[48],COA,COA,4.974289894104004,2.7745184898376465,1.4536820650100708,0.7405232787132263,0.9378843307495117,1.1280579566955566
423,UDP,2p73,A,4pqg,A,1,[25],[25],UDP,UDP,2.694913625717163,3.4498066902160645,1.3665348291397095,0.7005993127822876,0.9681988954544067,1.087721586227417
424,COA,4ubt,A,5kl9,A,1,[48],[48],COA,COA,7.688412189483643,2.613399028778076,1.438368558883667,0.6949517726898193,0.5138442516326904,1.3137365579605103
425,MG,4c7x,A,4e6m,A,1,[1],[1],MG,MG,1.1312799453735352,2.7036514282226562,1.509608268737793,0.7456081509590149,0.576003909111023,0.9774689078330994
426,NDP,1lqa,A,5vg6,B,1,[48],[48],NDP,NDP,2.532996892929077,3.4121694564819336,1.3273077011108398,0.7431203126907349,0.8107360005378723,1.0279178619384766
427,ZN,2eoq,A,4ztx,A,1,[1],[1],ZN,ZN,3.0645594596862793,2.0018599033355713,1.614844799041748,0.7068768739700317,0.33426427841186523,0.9575915932655334
428,MG,3fzi,A,6zhh,A,1,[1],[1],MG,MG,3.2024097442626953,2.615677833557129,1.4197560548782349,0.7254767417907715,0.858730137348175,1.1452003717422485
429,AMP,2ak3,A,6r8u,A,1,[23],[23],AMP,AMP,6.859660625457764,2.652660846710205,1.3363521099090576,0.6682783365249634,0.4822124242782593,1.2148258686065674
430,5GP,3tr0,A,4z87,A,1,[24],[24],5GP,5GP,3.245546340942383,2.80208420753479,1.4338533878326416,0.74443119764328,0.7781603336334229,1.1058942079544067
431,CU,5foh,A,5yt7,A,1,[1],[1],CU,CU,0.6231287717819214,2.656378746032715,1.4922467470169067,0.7366335391998291,0.3874399960041046,0.8676581382751465
432,FE,3ak3,B,3qc3,A,1,[1],[1],FE,FE,2.2642242908477783,2.7132604122161865,1.4584826231002808,0.7379230856895447,0.8328691720962524,1.2043519020080566
433,CA,4r83,A,6jt5,A,1,[1],[1],CA,CA,6.950467586517334,2.3494551181793213,1.3911718130111694,0.7005277276039124,0.8742539286613464,1.0876915454864502
434,MN,3aam,A,3oun,B,1,[1],[1],MN,MN,7.634294033050537,2.530975103378296,1.5092512369155884,0.7468370795249939,0.5463067293167114,1.0421403646469116
435,AMP,1ct9,A,6r8u,A,1,[23],[23],AMP,AMP,6.964570999145508,3.0760693550109863,1.6077766418457031,0.7190973162651062,0.5485377907752991,1.0742307901382446
436,FE,3e13,X,3qc3,A,1,[1],[1],FE,FE,1.6610697507858276,2.5503532886505127,1.7215275764465332,0.7283228635787964,0.7758951187133789,1.4161545038223267
437,COA,1f7l,A,6qfb,C,1,[48],[48],COA,COA,5.6749749183654785,2.623715400695801,1.4780843257904053,0.631410539150238,0.9014811515808105,1.2071729898452759
438,FE,1b06,A,3e13,X,1,[1],[1],FE,FE,0.8784103989601135,2.76025652885437,1.6148635149002075,0.7202883362770081,0.897260844707489,1.0123015642166138
439,CU,4eir,A,6km8,A,1,[1],[1],CU,CU,2.710852861404419,2.364100933074951,1.4958908557891846,0.7048638463020325,0.46680495142936707,1.147477149963379
440,NAP,1zgd,A,3ngl,A,1,[48],[48],NAP,NAP,2.6055710315704346,3.571599006652832,1.3333958387374878,0.7377763986587524,0.8136484026908875,1.0807113647460938
441,CO,4d07,A,4ob3,A,1,[1],[1],CO,CO,7.268563747406006,2.324465274810791,1.4801753759384155,0.7401990294456482,0.7590661644935608,1.1699092388153076
442,ADP,4p7a,A,6ro1,A,1,[27],[27],ADP,ADP,2.2997612953186035,2.9724724292755127,1.384251594543457,0.7152493596076965,0.7089075446128845,1.1309553384780884
443,NDP,1lqa,A,1o8c,A,1,[48],[48],NDP,NDP,2.846932888031006,3.6299595832824707,1.292973279953003,0.7364670038223267,0.8507775068283081,1.039455771446228
444,AMP,4e6n,A,4k46,A,1,[23],[22],AMP,AMP,4.251174449920654,2.649289608001709,1.5430331230163574,0.7140573263168335,0.7739195227622986,1.0065077543258667
445,HEM,1bcf,A,3vre,A,1,[43],[43],HEM,HEM,6.196942329406738,2.8669354915618896,1.4374562501907349,0.6782938838005066,0.8441329598426819,1.2927380800247192
446,ADP,2fsn,B,6c90,A,1,[27],[27],ADP,ADP,2.147754669189453,2.813429594039917,1.470450520515442,0.7118421792984009,0.6432374119758606,1.0229159593582153
447,AMP,4e6n,A,6aic,A,1,[23],[22],AMP,AMP,2.7399096488952637,2.533505916595459,1.6131187677383423,0.7082927823066711,0.8594725131988525,1.1089937686920166
448,COA,1yvk,A,5kl9,A,1,[48],[48],COA,COA,7.70980167388916,2.742542028427124,1.4722306728363037,0.6874062418937683,0.9423283934593201,1.148072600364685
449,FE,3nnl,B,3pqi,A,1,[1],[1],FE,FE,1.2818207740783691,2.10308837890625,1.4297025203704834,0.5866076350212097,0.9254846572875977,0.9294826984405518
450,ACO,3dr8,A,4jvt,A,1,[48],[51],ACO,ACO,3.109384298324585,3.2137629985809326,1.3965007066726685,0.7337659001350403,0.9077123403549194,1.0877865552902222
451,ACO,1hm8,A,6ao7,A,1,[51],[51],ACO,ACO,4.111456871032715,2.8822832107543945,1.3882299661636353,0.6937694549560547,0.886026918888092,1.1817528009414673
452,NAD,6c5c,A,7f8d,A,1,[44],[44],NAD,NAD,2.77833890914917,3.1712145805358887,1.3896170854568481,0.7446437478065491,0.7023463249206543,0.9971657991409302
453,ANP,5xd6,A,7o12,B,1,[31],[31],ANP,ANP,2.6573987007141113,3.1421213150024414,1.2718933820724487,0.7451465725898743,0.6788272857666016,1.0342744588851929
454,AMP,6bkf,A,6kby,A,1,[22],[22],AMP,AMP,5.24032735824585,2.533832311630249,1.623186469078064,0.6771700382232666,0.6596614718437195,1.0914300680160522
455,FMN,4ab4,A,7epe,A,1,[31],[31],FMN,FMN,1.627752661705017,3.174706220626831,1.2050533294677734,0.7282944321632385,0.6331967115402222,0.952085018157959
456,ACP,5c41,A,8oqx,A,1,[31],[31],ACP,ACP,3.170205593109131,2.7701117992401123,1.5771520137786865,0.7163600325584412,0.8864352703094482,1.1366722583770752
457,PLP,1i2k,A,4r8d,A,1,[15],[15],PLP,PLP,1.298577904701233,3.3773303031921387,1.3105117082595825,0.7434661388397217,0.8381404876708984,1.1814510822296143
458,GAL,4kzk,A,5ldr,A,1,[12],[12],GAL,GAL,3.460373640060425,2.542623996734619,1.5915154218673706,0.7285448908805847,0.715921938419342,1.1273863315582275
459,COA,3nfd,E,6qfb,C,1,[48],[27],COA,COA,5.437417507171631,2.350943088531494,1.662721872329712,0.6489539742469788,0.9424939155578613,1.1643059253692627
460,COA,1f7l,A,1p5r,A,1,[48],[48],COA,COA,5.275094985961914,2.8115851879119873,1.4432625770568848,0.7132164239883423,0.9313240051269531,1.0391316413879395
461,COA,2ahv,A,5kl9,A,1,[48],[48],COA,COA,7.365058422088623,2.3434581756591797,1.4451544284820557,0.6932231783866882,0.435358464717865,1.5085039138793945
462,FE,3g77,A,3vth,A,1,[1],[1],FE,FE,2.900491952896118,2.5581135749816895,1.6115227937698364,0.7284298539161682,0.8655562996864319,1.0620311498641968
463,COA,3cgb,A,4ubt,A,1,[48],[48],COA,COA,4.3309783935546875,2.8175926208496094,1.66750967502594,0.7099474668502808,0.7895815968513489,1.2061189413070679
464,ADP,5lu4,A,5m32,h,1,[27],[27],ADP,ADP,2.3293566703796387,2.6529054641723633,1.5544850826263428,0.7079126238822937,0.7995836138725281,1.0885225534439087
465,SAM,2fb2,A,4qtu,B,1,[27],[27],SAM,SAM,2.145172119140625,3.1185622215270996,1.3201571702957153,0.7067295908927917,0.8466453552246094,1.2952306270599365
466,UDP,5ggi,B,5tvg,A,1,[25],[25],UDP,UDP,2.7885799407958984,3.361985921859741,1.1917724609375,0.7541162967681885,0.9404995441436768,0.8507840037345886
467,ATP,1yp3,C,3hgm,A,1,[31],[31],ATP,ATP,3.0376932621002197,3.475607395172119,0.9121941328048706,0.7499500513076782,0.9629212617874146,0.7469514012336731
468,COA,1q6y,A,5kl9,A,1,[48],[48],COA,COA,6.221844673156738,2.6456737518310547,1.4298266172409058,0.6925185918807983,0.7604873180389404,1.1929279565811157
469,GTP,1svw,A,4du6,A,1,[32],[32],GTP,GTP,7.445026397705078,2.5058341026306152,1.5258028507232666,0.7561277151107788,0.8496127724647522,1.0629905462265015
470,PYR,5lu4,A,5w5r,A,1,[6],[6],PYR,PYR,8.600970268249512,2.545992374420166,1.6478817462921143,0.6888999342918396,0.9202329516410828,1.3378101587295532
471,CU,6ryx,A,7r0h,A,1,[1],[1],CU,CU,8.37865161895752,2.3922901153564453,1.3449722528457642,0.7159245014190674,0.8861872553825378,1.1893346309661865
472,ADP,2fsn,B,4ljy,A,1,[27],[27],ADP,ADP,2.1891837120056152,3.050471782684326,1.3860117197036743,0.7331889271736145,0.7665371894836426,0.9373979568481445
473,GTP,1plk,A,4du6,A,1,[32],[32],GTP,GTP,7.3043599128723145,2.446308135986328,1.4199882745742798,0.6888416409492493,0.9305770993232727,1.277408242225647
474,GDP,2cjw,A,2ydc,A,1,[28],[28],GDP,GDP,5.290575981140137,2.500819683074951,1.4884968996047974,0.7176920175552368,0.7575647830963135,1.054417610168457
475,ANP,3zfd,A,5dzc,A,1,[31],[31],ANP,ANP,1.8811503648757935,3.032468318939209,1.3372586965560913,0.6906213760375977,0.5227504968643188,1.1771478652954102
476,CO,2xvz,A,6bnn,A,1,[1],[1],CO,CO,2.2809035778045654,2.1605820655822754,1.4095011949539185,0.7302445769309998,0.7473943829536438,1.022611141204834
477,ADE,1j1r,A,2qlu,A,1,[10],[10],ADE,ADE,5.33847713470459,2.571643352508545,1.455792784690857,0.7178527116775513,0.9241540431976318,1.2915773391723633
478,ZN,4l3k,A,4qbg,B,1,[1],[1],ZN,ZN,7.815401077270508,1.7628943920135498,1.6837385892868042,0.6618284583091736,0.7030778527259827,1.6324986219406128
479,FE,1do6,A,2b1x,A,1,[1],[1],FE,FE,0.9410955905914307,2.3586103916168213,1.4445858001708984,0.7074620127677917,0.6346226930618286,1.0174633264541626
480,MN,3evk,A,3pif,D,1,[1],[1],MN,MN,3.370856523513794,2.4739136695861816,1.5532323122024536,0.6935214996337891,0.8327754735946655,1.1968724727630615
481,UDP,2p73,A,4a7x,C,1,[25],[25],UDP,UDP,3.2939748764038086,3.083188056945801,1.3813903331756592,0.7361083030700684,0.8093153238296509,1.2150883674621582
482,AMP,3uq6,A,5l6v,I,1,[23],[23],AMP,AMP,6.731794357299805,2.918605327606201,1.5559918880462646,0.6976975202560425,0.7855164408683777,1.1891288757324219
483,ACO,1hm8,A,6v3t,A,1,[51],[51],ACO,ACO,3.8666982650756836,2.7770800590515137,1.4478451013565063,0.7403165102005005,0.9092045426368713,1.0325782299041748
484,ADP,2awn,C,5zlp,J,1,[27],[27],ADP,ADP,3.139536142349243,2.757476329803467,1.4396659135818481,0.7175363302230835,0.8205133676528931,1.1116304397583008
485,FMN,7epe,A,8pm1,A,1,[31],[31],FMN,FMN,1.8631484508514404,2.8541054725646973,1.381394624710083,0.719172477722168,0.6194812655448914,0.9518449902534485
486,AKG,1llw,A,5xvv,B,1,[10],[10],AKG,AKG,3.2809574604034424,2.8201751708984375,1.4288567304611206,0.6663641333580017,0.800008237361908,1.1480633020401
487,AMP,1uuy,A,2vfk,A,1,[23],[22],AMP,AMP,5.461210250854492,2.4958691596984863,1.626716136932373,0.7048496603965759,0.795960009098053,1.2132216691970825
488,COA,2oi6,B,4x0o,E,1,[27],[48],COA,COA,7.0517258644104,2.4133572578430176,1.5637444257736206,0.6360821723937988,0.891546368598938,1.2091748714447021
489,ANP,2db3,A,2oid,A,1,[31],[31],ANP,ANP,1.9109477996826172,3.200402021408081,1.3425230979919434,0.7137117981910706,0.7931315302848816,1.1175843477249146
490,FMN,7epe,A,7oo9,A,1,[31],[31],FMN,FMN,1.9095466136932373,2.7112820148468018,1.5130765438079834,0.7067319750785828,0.5845106244087219,0.97337406873703
491,PLP,4r8d,A,5yyc,A,1,[15],[15],PLP,PLP,1.144121766090393,3.438455820083618,1.2627841234207153,0.7270945310592651,0.68775874376297,1.0444456338882446
492,ATP,2j9l,C,3whk,A,1,[31],[31],ATP,ATP,2.268062114715576,2.870014190673828,1.4831874370574951,0.7239552140235901,0.805640459060669,1.0704901218414307
493,CO,3hdi,A,7s0w,B,1,[1],[1],CO,CO,2.818209409713745,2.303497791290283,1.6766855716705322,0.726620078086853,0.6503164768218994,1.1401653289794922
494,HEM,3u8p,A,5li6,A,1,[43],[43],HEM,HEM,4.150426864624023,1.8442254066467285,1.3348073959350586,0.583916187286377,0.6150214672088623,1.6068024635314941
495,AMP,2vfk,A,6aic,A,1,[23],[23],AMP,AMP,4.655348300933838,2.6641762256622314,1.6818921566009521,0.6962859034538269,0.9149516224861145,1.2521865367889404
496,FE,2boy,A,4qur,A,1,[1],[1],FE,FE,1.651604413986206,2.311192512512207,1.5705645084381104,0.683910608291626,0.674704372882843,1.1380988359451294
497,ACO,1hm8,A,3mgd,B,1,[51],[51],ACO,ACO,4.002401828765869,2.85880708694458,1.4125264883041382,0.716259241104126,0.8832822442054749,1.1652318239212036
498,CU,4eir,A,6l4c,B,1,[1],[1],CU,CU,2.4713845252990723,2.0995147228240967,1.3763158321380615,0.6317716836929321,0.7861692905426025,0.9771500825881958
499,NDP,1zdl,A,7w5n,A,1,[48],[48],NDP,NDP,3.4456303119659424,3.55839204788208,1.2629603147506714,0.7512603998184204,0.8047555685043335,0.9582786560058594
500,UDP,2acv,A,5ggi,B,1,[25],[25],UDP,UDP,3.0684094429016113,3.2985246181488037,1.3711529970169067,0.7078505754470825,0.8205860257148743,1.1844249963760376
501,GAL,2j5z,A,5ldr,A,1,[12],[12],GAL,GAL,3.0470008850097656,1.925391674041748,1.4711167812347412,0.6995466351509094,0.9697534441947937,1.146322250366211
502,MG,3bzn,A,7ef7,A,1,[1],[1],MG,MG,4.626565933227539,2.0434837341308594,1.611604928970337,0.7123016119003296,0.5977670550346375,1.1304534673690796
503,AKG,1ofd,A,3nnf,A,1,[10],[10],AKG,AKG,7.7331390380859375,2.3030338287353516,1.5673878192901611,0.5934784412384033,0.5313242673873901,1.9888575077056885
504,AMP,1kht,B,4e6n,A,1,[22],[23],AMP,AMP,3.3649394512176514,2.7247543334960938,1.6117141246795654,0.7358542680740356,0.5469600558280945,1.1220343112945557
505,AMP,1ct9,A,4e6n,A,1,[22],[23],AMP,AMP,3.0498220920562744,2.6925363540649414,1.4413573741912842,0.7194065451622009,0.4822619557380676,0.9461140632629395
506,MN,2p73,A,2x7j,A,1,[1],[1],MN,MN,1.9807860851287842,3.1704366207122803,1.1823397874832153,0.7510335445404053,0.9454298615455627,0.8814420700073242
507,ACO,4jvt,A,6ao7,A,1,[51],[48],ACO,ACO,3.2659432888031006,3.295614242553711,1.4119255542755127,0.7169024348258972,0.8550158739089966,1.2478328943252563
508,5GP,1ex7,A,4z87,A,1,[24],[24],5GP,5GP,3.356039524078369,2.913224220275879,1.5028409957885742,0.7150294780731201,0.8570671677589417,1.1723213195800781
509,CU,1cuo,A,7r0h,A,1,[1],[1],CU,CU,8.39481258392334,2.322801351547241,1.7151685953140259,0.7213215827941895,0.7439755201339722,1.0162323713302612
510,UDP,2acv,A,2p73,A,1,[25],[25],UDP,UDP,2.4496803283691406,2.9940643310546875,1.4479693174362183,0.7254787683486938,0.4907247722148895,1.1668469905853271
511,NAD,7dkm,A,7f8d,A,1,[44],[44],NAD,NAD,0.5599478483200073,4.755311965942383,0.5614089965820312,0.8453224897384644,0.9828109741210938,0.708352267742157
512,CU,1cur,A,4qi8,A,1,[1],[1],CU,CU,0.49704253673553467,2.913456678390503,1.636096715927124,0.7548885345458984,0.48393362760543823,0.98988938331604
513,CTP,1coz,A,3k8d,A,1,[29],[29],CTP,CTP,1.7137786149978638,3.0457324981689453,1.311282753944397,0.7499039769172668,0.8609460592269897,1.0996118783950806
514,AKG,1nx4,C,5xvv,B,1,[10],[10],AKG,AKG,5.833138942718506,2.289818286895752,1.624428153038025,0.716981053352356,0.7546106576919556,1.3938674926757812
515,NAP,1zgd,A,5h81,B,1,[48],[48],NAP,NAP,2.7905125617980957,3.578880786895752,1.339663028717041,0.7572385668754578,0.8018200993537903,1.0247564315795898
516,COA,3ubm,B,5kl9,A,1,[48],[48],COA,COA,7.622939586639404,2.6135339736938477,1.527768850326538,0.710522472858429,0.9102172255516052,1.2494456768035889
517,GDP,1s4o,A,3zbq,A,1,[28],[28],GDP,GDP,3.7841272354125977,2.86281156539917,1.4187726974487305,0.7403997182846069,0.6222647428512573,1.0581876039505005
518,GDP,1s4o,A,2nzj,B,1,[28],[28],GDP,GDP,2.9715993404388428,3.2692902088165283,1.2823745012283325,0.7192118763923645,0.9366913437843323,1.161482810974121
519,FAD,2ed4,A,2pg0,A,1,[53],[53],FAD,FAD,4.8996453285217285,2.469383716583252,1.4787226915359497,0.6809688210487366,0.9336779117584229,1.1737024784088135
520,CU,4qi8,A,5yt7,A,1,[1],[1],CU,CU,1.0071496963500977,2.575326442718506,1.4630084037780762,0.7345948815345764,0.2942159175872803,0.8553680181503296
521,OXL,3flk,A,4l80,C,1,[6],[6],OXL,OXL,2.6428680419921875,2.9990718364715576,1.3139562606811523,0.7075938582420349,0.8930842876434326,1.261398434638977
522,ADP,4hlu,A,5lu4,A,1,[27],[27],ADP,ADP,3.1300323009490967,2.6410341262817383,1.7170751094818115,0.6970929503440857,0.795758843421936,1.1287086009979248
523,CA,4f9j,A,7w6b,A,1,[1],[1],CA,CA,8.322552680969238,2.844521999359131,1.0352351665496826,0.7008599638938904,0.9824116826057434,0.8960189819335938
524,FE,2amu,A,3fvz,A,1,[1],[1],FE,FE,7.818526268005371,2.534933090209961,1.5072240829467773,0.732232928276062,0.6242185831069946,0.9941877126693726
525,AMP,3fwz,A,4e6n,A,1,[22],[23],AMP,AMP,2.7779579162597656,2.9528043270111084,1.4094136953353882,0.7274385690689087,0.7436967492103577,1.1309072971343994
526,PYR,3noj,A,5w5r,A,1,[6],[6],PYR,PYR,8.151304244995117,2.685943603515625,1.3968682289123535,0.7422267198562622,0.9604815244674683,1.045511245727539
527,COA,1yli,B,6qfb,C,1,[48],[48],COA,COA,6.670368194580078,1.9751319885253906,1.6007063388824463,0.6136816143989563,0.7510918378829956,1.2892043590545654
528,UDP,2p73,A,5v0t,E,1,[25],[25],UDP,UDP,2.738863706588745,3.345641613006592,1.3788732290267944,0.7539523839950562,0.7711018919944763,1.0893765687942505
529,HEM,1aom,B,5zur,B,1,[43],[43],HEM,HEM,7.4568915367126465,2.2874770164489746,1.540677547454834,0.7045631408691406,0.7894952297210693,1.2599506378173828
530,ACO,1hm8,A,2h5m,A,1,[51],[51],ACO,ACO,4.254537582397461,2.711707592010498,1.51102876663208,0.6784788966178894,0.9461123943328857,1.1288491487503052
531,UDP,2p73,A,5e9u,A,1,[25],[25],UDP,UDP,2.747509717941284,3.178581714630127,1.4234596490859985,0.7494813203811646,0.8072476983070374,1.1384018659591675
532,FE,3cei,A,3vth,A,1,[1],[1],FE,FE,2.69731068611145,2.199739933013916,1.6034541130065918,0.7362135052680969,0.6995303630828857,1.0149754285812378
533,ACO,3mgd,B,4jvt,A,1,[48],[51],ACO,ACO,3.5443317890167236,3.321733236312866,1.353492021560669,0.731352686882019,0.9278353452682495,1.1602396965026855
534,AMP,2vfk,A,3uq6,A,1,[23],[23],AMP,AMP,5.788036823272705,2.716230869293213,1.770676851272583,0.744321346282959,0.8497893214225769,0.9806232452392578
535,UDP,2wtx,D,5ggi,B,1,[25],[25],UDP,UDP,2.6979470252990723,3.3116743564605713,1.1966136693954468,0.7467806339263916,0.9648644924163818,0.8724325895309448
536,FE,3fvz,A,6rxn,A,1,[1],[1],FE,FE,7.731900691986084,1.6921842098236084,1.5604203939437866,0.6885073781013489,0.3865991532802582,1.0666075944900513
537,ADP,2awn,C,6ks6,E,1,[27],[27],ADP,ADP,2.1182632446289062,2.875593423843384,1.5505951642990112,0.7249341011047363,0.7294458150863647,1.0208196640014648
538,SAM,3mte,A,4njg,A,1,[27],[26],SAM,SAM,3.240853786468506,3.2348248958587646,1.3726187944412231,0.694840133190155,0.9057903289794922,1.48724365234375
539,UDP,2p73,A,2wtx,D,1,[25],[25],UDP,UDP,3.2265515327453613,3.1735517978668213,1.4684127569198608,0.7567355036735535,0.8256179690361023,1.099951982498169
540,GDP,2qag,C,2ydc,A,1,[28],[28],GDP,GDP,4.276371955871582,2.591933250427246,1.524221420288086,0.688308835029602,0.8229109644889832,1.1035847663879395
541,AMP,1kht,B,6r8u,A,1,[23],[23],AMP,AMP,7.183319568634033,3.0652880668640137,1.4266276359558105,0.6913511753082275,0.9067766666412354,1.3383606672286987
542,CU,1a4a,A,4eir,A,1,[1],[1],CU,CU,2.1922411918640137,3.147568702697754,1.3822933435440063,0.7620700597763062,0.629291296005249,1.0860391855239868
543,BMA,5a7v,A,6l6a,A,1,[12],[12],BMA,BMA,3.412364959716797,2.1405179500579834,1.4442089796066284,0.7117101550102234,0.7366406321525574,1.179682970046997
544,UDP,2p73,A,7bv3,B,1,[25],[25],UDP,UDP,2.43906831741333,3.2322347164154053,1.4436181783676147,0.743951678276062,0.6743218302726746,1.1278469562530518
545,PLP,3csw,C,4r8d,A,1,[15],[16],PLP,PLP,1.0691306591033936,3.5692975521087646,1.359255075454712,0.7769762873649597,0.8177372813224792,1.0756210088729858
546,AMP,3fiu,A,6r8u,A,1,[23],[23],AMP,AMP,6.861631393432617,3.3454232215881348,1.03006112575531,0.7336636781692505,0.9450002312660217,0.893184244632721
547,MG,1svw,A,6igj,A,1,[1],[1],MG,MG,6.527573585510254,2.491929292678833,1.5370832681655884,0.6800099611282349,0.8960954546928406,1.3368817567825317
548,SAM,2uyq,A,4njg,A,1,[27],[17],SAM,SAM,3.30893874168396,3.1139700412750244,1.393964171409607,0.7248035669326782,0.8520223498344421,1.3561334609985352
549,FE,3g77,A,3pqi,A,1,[1],[1],FE,FE,2.410215139389038,1.937854528427124,1.4601075649261475,0.6596998572349548,0.783380925655365,1.2352248430252075
550,ATP,5nro,A,5o6m,D,1,[31],[31],ATP,ATP,6.105650424957275,2.9266321659088135,1.6375250816345215,0.7220919728279114,0.5734557509422302,1.1051024198532104
551,AMP,4e6n,A,6kby,A,1,[22],[22],AMP,AMP,3.243384838104248,2.5990183353424072,1.40311598777771,0.6958909630775452,0.7422605752944946,1.1091670989990234
552,FE2,3ven,A,4r88,B,1,[1],[1],FE2,FE2,1.6773240566253662,2.5216188430786133,1.717861294746399,0.7542520761489868,0.6458985209465027,1.0747551918029785
553,CO,1v29,A,7s0w,B,1,[1],[1],CO,CO,3.647378444671631,2.120495557785034,1.4261462688446045,0.7009893655776978,0.555877685546875,1.345513105392456
554,ANP,1zy5,A,4w7s,B,1,[31],[31],ANP,ANP,2.5790233612060547,2.932497978210449,1.494615912437439,0.7118304371833801,0.5494627952575684,1.0454819202423096
555,NAD,1nr5,B,1qs2,A,1,[44],[44],NAD,NAD,3.4161806106567383,2.6742560863494873,1.3775516748428345,0.686529278755188,0.8774417638778687,1.1260926723480225
556,UDP,2p73,A,7zer,A,1,[25],[25],UDP,UDP,2.5724990367889404,3.185030221939087,1.408520221710205,0.7489714026451111,0.6360902786254883,1.0732696056365967
557,AKG,1ofd,A,4xcb,A,1,[10],[10],AKG,AKG,5.683871746063232,2.35616135597229,1.721917748451233,0.6497501134872437,0.8403832316398621,1.3087396621704102
558,COA,5kl9,A,5xuk,A,1,[40],[48],COA,COA,7.783604145050049,2.731475353240967,1.6167587041854858,0.7171835899353027,0.8626830577850342,1.238228678703308
559,ACO,1hm8,A,7ovu,A,1,[51],[51],ACO,ACO,4.012187480926514,2.850768804550171,1.4159077405929565,0.6972343921661377,0.8659036159515381,1.100354552268982
560,NDP,1o8c,A,4ijr,A,1,[48],[48],NDP,NDP,2.8759002685546875,3.551798105239868,1.2894797325134277,0.7503556609153748,0.8863505721092224,0.9736545085906982
561,NAD,1qs2,A,5ilg,A,1,[44],[44],NAD,NAD,2.8054285049438477,3.0397450923919678,1.4013748168945312,0.7183697819709778,0.8276535272598267,1.2004390954971313
562,HEM,4e6k,A,4kvj,A,1,[43],[43],HEM,HEM,6.049192905426025,2.249417304992676,1.6755300760269165,0.752742350101471,0.7608942985534668,1.0087603330612183
563,MG,2ox4,C,6cc9,B,1,[1],[1],MG,MG,2.9289891719818115,2.816896438598633,1.3634647130966187,0.6893360614776611,0.8738292455673218,1.1410489082336426
564,ACO,4jvt,A,4jwp,A,1,[51],[48],ACO,ACO,3.1007118225097656,3.1915738582611084,1.4140568971633911,0.7432098984718323,0.8673699498176575,1.070244312286377
565,AMP,1k9y,A,5l6v,I,1,[23],[23],AMP,AMP,6.96134614944458,2.9681944847106934,1.6402273178100586,0.7078403830528259,0.719150722026825,1.119420051574707
566,MG,2yjg,A,4e6m,A,1,[1],[1],MG,MG,7.890287399291992,2.8579154014587402,1.2658230066299438,0.7329520583152771,0.5908048152923584,0.8547629714012146
567,SAM,2fb2,A,4gc9,A,1,[27],[27],SAM,SAM,2.1143290996551514,2.977919101715088,1.360818862915039,0.7345400452613831,0.802219569683075,1.2504091262817383
568,FE,3fvz,A,4qur,A,1,[1],[1],FE,FE,7.846137523651123,1.7338330745697021,1.5427381992340088,0.7197180390357971,0.5734084248542786,1.0212655067443848
569,UDP,2d7i,A,2wtx,D,1,[25],[25],UDP,UDP,2.690108060836792,3.564575672149658,1.2122812271118164,0.7645471096038818,0.928432047367096,1.065447211265564
570,FE,2q4a,B,4qur,A,1,[1],[1],FE,FE,1.1620142459869385,2.574962615966797,1.3685580492019653,0.7052645087242126,0.8364430665969849,1.066537857055664
571,NAD,1lvl,A,7f8d,A,1,[44],[44],NAD,NAD,3.52415132522583,4.102347373962402,0.6922686100006104,0.8086119294166565,0.9923679232597351,0.7050987482070923
572,FMN,1qxo,A,7epe,A,1,[31],[31],FMN,FMN,5.299922943115234,2.475923538208008,1.614303708076477,0.6836760640144348,0.7768411040306091,1.130139708518982
573,COA,2gf6,A,4x0o,E,1,[27],[48],COA,COA,6.0386128425598145,2.641145706176758,1.5835154056549072,0.738777220249176,0.9488605260848999,1.2061660289764404
574,COA,2oi6,B,5kl9,A,1,[48],[48],COA,COA,7.0625481605529785,2.151658535003662,1.762266993522644,0.6984745860099792,0.6327158212661743,1.4148601293563843
575,FE,2amu,A,2b1x,A,1,[1],[1],FE,FE,0.567807137966156,2.2055652141571045,1.4468092918395996,0.6781284809112549,0.8488737344741821,0.9870762228965759
576,MG,1svw,A,3ks6,A,1,[1],[1],MG,MG,3.479351043701172,2.703263521194458,1.8447520732879639,0.7502016425132751,0.8658992648124695,1.2584233283996582
577,MN,2x7j,A,3ib7,A,1,[1],[1],MN,MN,1.4552797079086304,2.8796005249023438,1.0545945167541504,0.747868001461029,0.9264969825744629,0.821559727191925
578,BMA,5swi,B,6l6a,A,1,[12],[12],BMA,BMA,4.857348442077637,2.2344977855682373,1.4559062719345093,0.7184601426124573,0.8308268785476685,1.0164785385131836
579,FE2,2de6,B,5j92,B,1,[1],[1],FE2,FE2,0.9752479791641235,2.4730381965637207,1.2333813905715942,0.6654070019721985,0.9131478667259216,0.8723958134651184
580,CO,3hdi,A,3l0s,A,1,[1],[1],CO,CO,2.2055859565734863,2.4317574501037598,1.4376362562179565,0.6345356702804565,0.5068470239639282,1.9336044788360596
581,UDP,2d7i,A,5e9u,A,1,[25],[25],UDP,UDP,2.7254531383514404,3.3412282466888428,1.382523536682129,0.7519983053207397,0.830860435962677,1.1442259550094604
582,MG,1hyo,B,3txa,A,1,[1],[1],MG,MG,3.8084073066711426,2.3120298385620117,1.7214751243591309,0.7192755341529846,0.6885385513305664,1.0702078342437744
583,AMP,2gm3,A,2vfk,A,1,[23],[23],AMP,AMP,4.797133922576904,2.3872151374816895,1.6484261751174927,0.7289745211601257,0.7986173033714294,1.2610390186309814
584,AMP,1k9y,A,6r8u,A,1,[23],[23],AMP,AMP,6.92282247543335,2.421583414077759,1.8733834028244019,0.6692754030227661,0.8849362134933472,1.124527931213379
585,UDP,5e9u,A,5ggi,B,1,[25],[25],UDP,UDP,2.8045475482940674,3.352081298828125,1.3738409280776978,0.7096518874168396,0.8171021938323975,1.2073209285736084
586,ADP,6q45,F,7nvm,e,1,[27],[27],ADP,ADP,2.8363776206970215,2.895504951477051,1.2785409688949585,0.6894438862800598,0.8695314526557922,1.2424027919769287
587,AMP,1ct9,A,5l6v,I,1,[23],[23],AMP,AMP,7.014524459838867,3.1243534088134766,1.5198984146118164,0.7380910515785217,0.7116063237190247,1.0017515420913696
588,FE2,4r88,B,7eyr,C,1,[1],[1],FE2,FE2,0.8275361657142639,2.865205764770508,1.4738975763320923,0.7559313774108887,0.7160733938217163,0.9230566024780273
589,AKG,1ofd,A,5xvv,B,1,[10],[10],AKG,AKG,6.624265193939209,2.1116080284118652,1.4925135374069214,0.5747569799423218,0.8588501811027527,1.377501130104065
590,FE2,2de6,B,4r88,B,1,[1],[1],FE2,FE2,0.8290820121765137,2.194896697998047,1.306581974029541,0.703313410282135,0.5594163537025452,1.0596764087677002
591,ACO,1b87,A,1hm8,A,1,[51],[51],ACO,ACO,4.062324047088623,2.8241395950317383,1.3463555574417114,0.7255107164382935,0.8052099347114563,1.0695914030075073
592,SAM,2fb2,A,3fpj,B,1,[27],[27],SAM,SAM,2.661283016204834,3.109522819519043,1.391689658164978,0.707403838634491,0.879849374294281,1.2400565147399902
593,AMP,2gm3,A,4ini,B,1,[23],[23],AMP,AMP,2.4640111923217773,3.016946315765381,1.5725975036621094,0.7215828895568848,0.8496302366256714,1.110411286354065
594,FE2,2de6,B,4oj8,B,1,[1],[1],FE2,FE2,0.6440329551696777,2.4761650562286377,1.2756236791610718,0.6692988276481628,0.8219326734542847,0.8949375152587891
595,GDP,2atv,A,2ydc,A,1,[28],[28],GDP,GDP,5.017488956451416,2.524031400680542,1.5416259765625,0.7161691784858704,0.63337242603302,1.1250892877578735
596,ACO,2h5m,A,4jvt,A,1,[48],[51],ACO,ACO,3.48234486579895,2.893846035003662,1.444403052330017,0.7288850545883179,0.8668660521507263,1.1691365242004395
597,COA,1p5r,A,5xuk,A,1,[40],[48],COA,COA,4.581546783447266,2.813413143157959,1.4155181646347046,0.7077587842941284,0.9253672361373901,1.0212030410766602
598,GDP,2ery,B,2ydc,A,1,[28],[28],GDP,GDP,5.352860450744629,2.6967289447784424,1.3462135791778564,0.7098475098609924,0.8141502141952515,1.209566354751587
599,SAM,4fak,A,4njg,A,1,[27],[27],SAM,SAM,3.6042532920837402,2.6724233627319336,1.5124272108078003,0.7236701250076294,0.8019911646842957,1.0688536167144775
600,AKG,1llw,A,3nnf,A,1,[10],[10],AKG,AKG,6.269671440124512,2.4033923149108887,1.6004780530929565,0.6055942177772522,0.8275194764137268,1.2164275646209717
601,CA,1n3o,A,3a9g,A,1,[1],[1],CA,CA,5.498630046844482,2.31939435005188,1.5333058834075928,0.7440328598022461,0.8269069194793701,0.9900724291801453
602,COA,3cgb,A,4x0o,E,1,[27],[48],COA,COA,4.617146968841553,2.6392316818237305,1.5551855564117432,0.6922763586044312,0.9038153290748596,1.1291415691375732
603,CO,4d07,A,7s0w,B,1,[1],[1],CO,CO,7.323766231536865,2.0591859817504883,1.7688125371932983,0.6953291893005371,0.8641310930252075,1.2573132514953613
604,CO,3l0s,A,6bnn,A,1,[1],[1],CO,CO,7.2532477378845215,2.2540104389190674,1.8121086359024048,0.6303309798240662,0.6645392775535583,1.2550544738769531
605,AKG,4oj8,B,5xvv,B,1,[10],[10],AKG,AKG,5.727278232574463,2.363687515258789,1.4156516790390015,0.7159485220909119,0.8673581480979919,1.3433070182800293
606,BGC,1q33,A,2e9l,A,1,[12],[12],BGC,BGC,3.0443992614746094,2.365752696990967,1.5129287242889404,0.7272707223892212,0.9166754484176636,0.9923956990242004
607,AMP,3ber,A,5l6v,I,1,[23],[23],AMP,AMP,7.071152687072754,3.027430534362793,1.375266194343567,0.7242103219032288,0.9006482362747192,1.052180290222168
608,NAD,1qs2,A,4nr0,B,1,[44],[44],NAD,NAD,3.055164098739624,2.820162296295166,1.506290078163147,0.7043988108634949,0.4936191737651825,1.2133827209472656
609,NAP,2zat,A,5xv0,F,2,[48],[48],NAP,NAP,2.894008159637451,3.5717012882232666,1.490936040878296,0.7456147074699402,0.760354220867157,0.9930611252784729
610,GTP,1s49,A,4du6,A,2,[32],[32],GTP,GTP,7.569433689117432,2.2043910026550293,1.36762535572052,0.6686609983444214,0.7684261202812195,1.5512466430664062
611,AEF,3bra,A,4n7c,A,2,[10],[10],AEF,AEF,6.538851261138916,2.3970425128936768,1.4296518564224243,0.7093966603279114,0.9508664608001709,1.2132835388183594
612,OXY,1oqu,C,1oxy,A,2,[2],[1],OXY,OXY,7.4243364334106445,2.289943218231201,1.4511154890060425,0.7735312581062317,0.8351424336433411,1.0387468338012695
613,DFP,1ci9,A,2gzs,A,2,[10],[10],DFP,DFP,1.9336916208267212,2.545102834701538,1.5559916496276855,0.7334105968475342,0.9286651015281677,1.1595380306243896
614,APR,1v8m,A,2hjr,B,2,[36],[36],APR,APR,6.804417133331299,2.7759814262390137,1.4248294830322266,0.7134071588516235,0.7941375374794006,1.2727364301681519
615,SAM,1cma,B,6ift,A,2,[27],[27],SAM,SAM,6.905448913574219,2.7345731258392334,1.5596778392791748,0.7201098799705505,0.9170745015144348,1.2421889305114746
616,SAM,3t7s,A,4fak,A,2,[27],[27],SAM,SAM,2.9551029205322266,3.610213279724121,1.1300421953201294,0.7508627772331238,0.8446364402770996,0.9913482666015625
617,TCE,3fo5,A,6gzd,A,2,[16],[16],TCE,TCE,6.588952541351318,2.14951753616333,1.5029288530349731,0.7251774668693542,0.724808394908905,1.1679502725601196
618,NDP,3anl,A,3kgy,A,2,[48],[48],NDP,NDP,2.7924532890319824,3.505077600479126,1.4253826141357422,0.7089657187461853,0.8959437608718872,1.109128475189209
619,ADP,3kb1,A,5gsz,A,2,[27],[27],ADP,ADP,1.5736737251281738,4.149694442749023,0.842945396900177,0.7911787033081055,0.9240185022354126,0.7506211400032043
620,NAD,1qs2,A,3gvh,A,2,[44],[44],NAD,NAD,3.2943544387817383,2.934377908706665,1.3214223384857178,0.7106493711471558,0.6687273383140564,1.0159028768539429
621,B4P,2zt5,A,3loo,B,2,[53],[53],B4P,B4P,6.190807342529297,2.6807470321655273,1.7612920999526978,0.7184038162231445,0.9524582624435425,1.2468305826187134
622,BEF,5he9,A,6zhh,A,2,[4],[4],BEF,BEF,2.353342056274414,2.7024240493774414,1.4791239500045776,0.7309848666191101,0.791168749332428,1.0912137031555176
623,APC,3vth,A,4gr5,C,2,[31],[31],APC,APC,6.531595706939697,2.6709108352661133,1.5105496644973755,0.6994398236274719,0.3275032043457031,1.1154074668884277
624,FE2,3acl,A,3vf1,A,2,[1],[1],FE2,FE2,0.7690731883049011,2.485787868499756,1.629720687866211,0.7465830445289612,0.776019275188446,0.9779622554779053
625,ADP,1uc9,A,5wdh,A,2,[27],[27],ADP,ADP,2.204402208328247,3.1783859729766846,1.4798256158828735,0.7801612615585327,0.5322346091270447,0.9808297753334045
626,AMP,4e6n,A,4ini,B,2,[23],[22],AMP,AMP,3.024318218231201,2.8198883533477783,1.3091639280319214,0.7286136746406555,0.7834157347679138,0.9938530325889587
627,ALF,1qf9,A,7x20,A,2,[5],[5],ALF,ALF,2.8154029846191406,2.5733554363250732,1.507282018661499,0.7019054889678955,0.6417151689529419,1.1330543756484985
628,ADE,1j1r,A,2qtt,A,2,[10],[10],ADE,ADE,1.4651542901992798,2.4380736351013184,1.4814242124557495,0.6784281134605408,0.8920993804931641,1.2374072074890137
629,ADP,5gsz,A,5ik2,E,2,[27],[27],ADP,ADP,1.4986658096313477,3.9838438034057617,0.7095970511436462,0.7563180923461914,0.8900986909866333,0.8160340785980225
630,SAM,4ax8,A,4fak,A,2,[27],[27],SAM,SAM,8.077999114990234,2.8604252338409424,1.245919942855835,0.7440623044967651,0.752456784248352,1.0983458757400513
631,AMP,4hxv,A,6bkf,A,2,[22],[23],AMP,AMP,4.549725532531738,2.5568132400512695,1.5374557971954346,0.6983563303947449,0.7141558527946472,0.9720768928527832
632,ZN,1s3g,A,3r2n,D,2,[1],[1],ZN,ZN,0.23797766864299774,1.9123930931091309,1.4622581005096436,0.5867604613304138,0.9640502333641052,1.5161592960357666
633,APR,1v8m,A,4ros,A,2,[36],[36],APR,APR,6.775356292724609,2.650517702102661,1.4818007946014404,0.7118090987205505,0.6071276068687439,1.2587320804595947
634,NAI,1t2e,A,3flk,A,2,[44],[44],NAI,NAI,2.4671802520751953,3.2560672760009766,1.2378307580947876,0.6953538656234741,0.8936684727668762,1.2369258403778076
635,COA,1cm0,A,5hbr,A,2,[48],[48],COA,COA,4.421138286590576,3.059736967086792,1.4114056825637817,0.7249901294708252,0.6218856573104858,1.1240488290786743
636,BEF,3a10,A,6zhh,A,2,[4],[4],BEF,BEF,1.5758352279663086,3.3313114643096924,0.7952951192855835,0.775684118270874,0.9204841256141663,0.8090094923973083
637,GTP,1s49,A,3ldu,A,2,[32],[32],GTP,GTP,6.497014045715332,2.8585927486419678,1.45597243309021,0.6928433179855347,0.9458600878715515,1.2792994976043701
638,NDP,3cse,A,5c37,A,2,[48],[48],NDP,NDP,2.7932021617889404,3.6895828247070312,1.3696378469467163,0.7482442259788513,0.9389989376068115,0.9669187068939209
639,UDP,2p73,A,4cvm,A,2,[24],[25],UDP,UDP,7.437623500823975,3.04750919342041,1.3009772300720215,0.7276610136032104,0.9341119527816772,1.1357605457305908
640,ADE,2qes,A,2qtt,A,2,[10],[10],ADE,ADE,0.6226086616516113,2.4191696643829346,1.3909425735473633,0.6937962174415588,0.7926165461540222,1.2650254964828491
641,ADP,1lkx,C,2wqn,A,2,[27],[27],ADP,ADP,1.642061710357666,2.9790682792663574,1.4559962749481201,0.7023948431015015,0.8348473906517029,1.2386091947555542
642,AMP,1uuy,A,2ak3,A,2,[23],[22],AMP,AMP,5.708308696746826,2.8828063011169434,1.5821306705474854,0.7157130837440491,0.8506332039833069,1.0263781547546387
643,APR,1vhz,A,4ros,A,2,[36],[18],APR,APR,8.185853958129883,2.6153852939605713,1.7584149837493896,0.7070270776748657,0.5212222933769226,1.2800639867782593
644,GDP,2dgn,A,2ery,B,2,[28],[28],GDP,GDP,1.4374876022338867,3.7509567737579346,0.9052795767784119,0.7592768669128418,0.9907158613204956,0.7783887982368469
645,ACO,1b87,A,8g1e,A,2,[51],[51],ACO,ACO,4.777888298034668,2.6408069133758545,1.687836766242981,0.649970531463623,0.918052077293396,1.2330514192581177
646,COA,2ahv,A,3f8k,A,2,[48],[48],COA,COA,3.6268856525421143,2.7284793853759766,1.4482316970825195,0.7452358603477478,0.8460881114006042,1.1640737056732178
647,ANP,2oid,A,5ljw,A,2,[31],[31],ANP,ANP,2.36716890335083,2.7732694149017334,1.5081498622894287,0.727479875087738,0.7374382019042969,1.2211230993270874
648,ACO,4ava,A,8g1e,A,2,[51],[51],ACO,ACO,6.738699436187744,1.9891880750656128,1.7488012313842773,0.5176651477813721,0.37715399265289307,1.3905867338180542
649,INS,5ysq,B,6b5z,A,2,[12],[12],INS,INS,3.707944393157959,2.757025957107544,1.5482161045074463,0.7286137342453003,0.81352698802948,1.0798677206039429
650,SAM,4njg,A,6rie,O,2,[27],[27],SAM,SAM,2.6426336765289307,3.009702205657959,1.4880675077438354,0.6762401461601257,0.9274927377700806,1.313048243522644
651,NAP,1eyy,A,2y05,A,2,[48],[31],NAP,NAP,2.4148356914520264,3.719208240509033,1.2113527059555054,0.7456040382385254,0.8218141794204712,0.9557147026062012
652,ACO,5hgz,A,8g1e,A,2,[51],[51],ACO,ACO,5.36783504486084,2.4863083362579346,1.740078091621399,0.631713330745697,0.9072843790054321,1.4331952333450317
653,AMP,3fiu,A,6kby,A,2,[22],[23],AMP,AMP,3.261568784713745,2.9732601642608643,1.524736762046814,0.7366987466812134,0.928061842918396,1.0924187898635864
654,GDD,2gt4,A,2zu8,A,2,[39],[39],GDD,GDD,4.803269863128662,2.945025682449341,1.3952088356018066,0.6678613424301147,0.9569624662399292,1.3570239543914795
655,ALF,3zq6,B,7x20,A,2,[5],[5],ALF,ALF,2.879167079925537,2.7187654972076416,1.364212989807129,0.71888267993927,0.8321662545204163,1.1175481081008911
656,MG,2fco,A,2kwi,A,2,[1],[1],MG,MG,3.0614919662475586,3.045001268386841,1.607250452041626,0.7453122735023499,0.8204641342163086,1.0233948230743408
657,ADP,1o51,A,5zlp,J,2,[27],[27],ADP,ADP,3.456848621368408,2.7867588996887207,1.4291750192642212,0.752494215965271,0.7774562835693359,1.08062744140625
658,BEF,6ww6,B,6zhh,A,2,[4],[4],BEF,BEF,1.6068305969238281,3.4109578132629395,0.8555727005004883,0.7769919633865356,0.8707624673843384,0.7942392826080322
659,ATP,2e5y,A,3ke5,A,2,[31],[31],ATP,ATP,7.922112464904785,2.041224241256714,1.5964078903198242,0.7441767454147339,0.9166437983512878,1.3589140176773071
660,5GP,1ex7,A,3n1s,J,2,[24],[24],5GP,5GP,3.041552782058716,2.960172653198242,1.5420498847961426,0.7402779459953308,0.4727224111557007,1.1385797262191772
661,ADP,1lkx,C,4edh,B,2,[27],[27],ADP,ADP,1.852886438369751,4.092762470245361,0.6500338315963745,0.7743263840675354,0.9854055047035217,0.8080708384513855
662,ACO,3mgd,B,8g1e,A,2,[51],[51],ACO,ACO,5.8096394538879395,2.4432690143585205,1.551886796951294,0.6260136365890503,0.8724462985992432,1.3172246217727661
663,APR,1q17,C,3ewp,A,2,[36],[36],APR,APR,2.6663591861724854,3.4697105884552,1.2230138778686523,0.7732547521591187,0.9722548723220825,0.8912609815597534
664,NAP,3jz4,A,4zqb,B,2,[48],[48],NAP,NAP,2.923372745513916,4.014309883117676,1.0303375720977783,0.7541990280151367,0.8719601631164551,0.9118109345436096
665,SAM,3mte,A,4fak,A,2,[27],[26],SAM,SAM,2.9540975093841553,3.5189290046691895,1.2279807329177856,0.7259481549263,0.9346156120300293,0.9692889451980591
666,MN,1s4o,A,4ipi,A,2,[1],[1],MN,MN,1.9114892482757568,2.8085484504699707,1.3528165817260742,0.6991837024688721,0.7166063189506531,1.2458186149597168
667,PYR,4plf,B,5w5r,A,2,[6],[6],PYR,PYR,7.3406982421875,2.8700006008148193,1.3903493881225586,0.7008764147758484,0.7506487369537354,1.1195557117462158
668,SAM,3ai9,X,3sxj,A,2,[27],[20],SAM,SAM,1.9391943216323853,3.25600004196167,1.3124573230743408,0.7105893492698669,0.9463254809379578,1.0856330394744873
669,AMP,3ber,A,3uq6,A,2,[23],[23],AMP,AMP,2.8844993114471436,3.127072811126709,1.235879898071289,0.7411132454872131,0.8492699265480042,0.9837781190872192
670,ZN,1ta9,B,5g0j,A,2,[1],[1],ZN,ZN,0.7894891500473022,2.5260815620422363,1.7559621334075928,0.6697424054145813,0.7272424101829529,1.3118736743927002
671,AMP,2ak3,A,6kby,A,2,[22],[23],AMP,AMP,5.957973957061768,2.377748489379883,1.5925058126449585,0.6806991100311279,0.6702300310134888,1.1288045644760132
672,NAP,5tqm,A,5xv0,F,2,[48],[48],NAP,NAP,2.9427504539489746,3.8243420124053955,1.4383361339569092,0.7691582441329956,0.9410800933837891,1.034828782081604
673,COA,3f8k,A,5hbr,A,2,[48],[48],COA,COA,4.684960842132568,2.9676239490509033,1.3507721424102783,0.7043842077255249,0.9039562940597534,1.1065469980239868
674,ADE,1j1r,A,3bsf,A,2,[10],[10],ADE,ADE,3.0014901161193848,2.5573673248291016,1.4734134674072266,0.7297374606132507,0.8676764965057373,1.151096224784851
675,FMN,3gr3,A,7epe,A,2,[31],[31],FMN,FMN,2.3463006019592285,2.6987528800964355,1.551125407218933,0.6510303020477295,0.7176849842071533,1.0320358276367188
676,SAM,3sxj,A,4fak,A,2,[27],[27],SAM,SAM,2.93276047706604,3.55826997756958,1.2081997394561768,0.7460255026817322,0.9072337746620178,0.985734760761261
677,GDP,2dgn,A,4ei7,A,2,[28],[28],GDP,GDP,2.4958741664886475,3.081859588623047,1.4022932052612305,0.7312487959861755,0.6421631574630737,1.0760257244110107
678,PLP,2zsj,A,4r8d,A,2,[15],[15],PLP,PLP,2.026116371154785,3.378272533416748,1.3946192264556885,0.7551286816596985,0.8212176561355591,1.1300503015518188
679,AMP,1k9y,A,4k46,A,2,[23],[23],AMP,AMP,6.190089702606201,2.763129711151123,1.587966799736023,0.7228643894195557,0.9058956503868103,1.1237072944641113
680,ACO,1hm8,A,4jvt,A,2,[48],[51],ACO,ACO,4.256685733795166,2.669182300567627,1.3745204210281372,0.7170297503471375,0.8823373317718506,1.0584443807601929
681,NAI,2a92,C,3flk,A,2,[44],[44],NAI,NAI,2.4503402709960938,3.294051170349121,1.300840139389038,0.7181150317192078,0.8574653267860413,1.2218050956726074
682,COA,1cm0,A,4ubt,A,2,[48],[48],COA,COA,3.939724922180176,3.0124826431274414,1.3729978799819946,0.7259600162506104,0.8536087870597839,1.10325026512146
683,ADP,2is6,A,6ks6,g,2,[27],[27],ADP,ADP,2.6913633346557617,3.0472309589385986,1.4285016059875488,0.707599937915802,0.8615943193435669,1.1924567222595215
684,MG,2onr,A,6rd4,X,2,[1],[1],MG,MG,7.541365146636963,2.667827606201172,1.6217719316482544,0.6922231912612915,0.9391735196113586,1.2223557233810425
685,AMP,1uuy,A,2gm3,A,2,[23],[22],AMP,AMP,3.4212915897369385,3.125584602355957,1.5773428678512573,0.7055726647377014,0.5953363180160522,1.0889956951141357
686,ACO,2h5m,A,8g1e,A,2,[51],[51],ACO,ACO,6.141256332397461,2.405730962753296,1.9599121809005737,0.5823255777359009,0.985724151134491,1.1809455156326294
687,COA,1cm0,A,6qfb,C,2,[48],[48],COA,COA,6.468104839324951,2.268883228302002,1.758927583694458,0.6252643465995789,0.5065638422966003,1.3062783479690552
688,ATP,1csn,A,1xdp,A,2,[31],[31],ATP,ATP,5.155137062072754,2.372359037399292,1.5142977237701416,0.7280522584915161,0.592138409614563,1.2585021257400513
689,HEM,3dhr,A,7dvr,A,2,[43],[43],HEM,HEM,6.30689001083374,2.426581859588623,1.6791164875030518,0.6738749146461487,0.7465248703956604,1.368285059928894
690,NAD,1gv0,A,1qs2,A,2,[44],[44],NAD,NAD,3.3791909217834473,2.9743828773498535,1.2719007730484009,0.7031922936439514,0.7989248037338257,1.0396050214767456
691,ADP,2awn,A,5gsz,A,2,[27],[27],ADP,ADP,3.428129196166992,3.821484088897705,0.6581247448921204,0.7421005964279175,0.974205732345581,0.7873783111572266
692,ACO,6v3t,A,8g1e,A,2,[51],[51],ACO,ACO,5.053884983062744,2.3546438217163086,1.5073676109313965,0.6072827577590942,0.8657774329185486,1.6409882307052612
693,APR,3ewp,A,4ros,A,2,[36],[36],APR,APR,3.0311288833618164,3.576784133911133,0.9175331592559814,0.7627382874488831,0.9741458296775818,0.932929515838623
694,APR,2hjr,B,3ewp,A,2,[36],[36],APR,APR,2.824293613433838,3.5244085788726807,1.0399476289749146,0.7714154124259949,0.8412495851516724,0.9460963010787964
695,SAH,2zvb,A,3ofk,A,2,[26],[26],SAH,SAH,4.395354747772217,2.9155421257019043,1.5564541816711426,0.6463086009025574,0.910537600517273,1.4904128313064575
696,HEC,1gjq,A,7aba,A,2,[43],[43],HEC,HEC,6.337886333465576,2.04731822013855,1.4642159938812256,0.6678029894828796,0.6956130266189575,1.3479552268981934
697,NDP,7w5n,A,8b9z,P,2,[48],[48],NDP,NDP,3.318547010421753,3.9627037048339844,1.1277962923049927,0.7580564022064209,0.8342785239219666,0.9108980894088745
698,COA,4x0o,E,7k0a,A,2,[48],[27],COA,COA,4.588895320892334,3.1234283447265625,1.5634125471115112,0.7023539543151855,0.8926540017127991,1.2044302225112915
699,AMP,2dcl,A,4e6n,A,2,[22],[23],AMP,AMP,6.936142921447754,2.127469539642334,1.391882061958313,0.7310068607330322,0.23938661813735962,1.074289321899414
700,COA,2ahv,A,3ubm,B,2,[48],[48],COA,COA,5.488579273223877,2.636570692062378,1.6910285949707031,0.7206115126609802,0.8785634636878967,1.3410991430282593
701,UDP,4cvm,A,5ggi,B,2,[25],[24],UDP,UDP,7.463442325592041,3.189141035079956,1.3151828050613403,0.7657409906387329,0.8844369053840637,1.036811351776123
702,AMP,1ct9,A,3uq6,A,2,[23],[23],AMP,AMP,3.4486093521118164,2.841789484024048,1.4209355115890503,0.7288854122161865,0.6883965730667114,1.0514496564865112
703,NAP,4m7u,A,5l3z,A,2,[48],[48],NAP,NAP,3.9013354778289795,3.6625919342041016,1.3364810943603516,0.7122051119804382,0.966120183467865,1.066636085510254
704,APR,1vhz,A,2hjr,B,2,[36],[18],APR,APR,7.8211445808410645,2.737307071685791,1.5539966821670532,0.7203145027160645,0.7969563007354736,1.1235333681106567
705,AKG,3bn1,A,5xvv,B,2,[10],[10],AKG,AKG,5.332284450531006,3.682260513305664,0.9045799970626831,0.7855660915374756,0.9596731066703796,0.8027642369270325
706,ACP,7kjc,A,8oqx,A,2,[31],[31],ACP,ACP,2.657451868057251,2.9344301223754883,1.480483055114746,0.7461892366409302,0.7735814452171326,1.0849894285202026
707,ACO,7ovu,A,8g1e,A,2,[51],[51],ACO,ACO,5.306580543518066,2.0526537895202637,1.755120873451233,0.5803685784339905,0.7969574332237244,1.1803414821624756
708,SAM,2f8l,A,6ift,A,2,[27],[27],SAM,SAM,1.096481442451477,4.658305644989014,0.7404927611351013,0.8425616025924683,0.9543268084526062,0.7914108037948608
709,COA,1p5r,A,3f8k,A,2,[48],[48],COA,COA,4.088589191436768,2.9270472526550293,1.5757907629013062,0.7414743900299072,0.7352443933486938,1.2236791849136353
710,NAD,1nr5,A,3ju8,A,2,[44],[44],NAD,NAD,2.651916980743408,3.0685672760009766,1.3902528285980225,0.7570256590843201,0.7420326471328735,0.9486035108566284
711,IMP,1p17,B,5i34,A,2,[23],[23],IMP,IMP,5.437799453735352,3.0044198036193848,1.099892497062683,0.743861198425293,0.9410693645477295,0.82876056432724
712,ATP,2jk8,A,2vt3,B,2,[31],[9],ATP,ATP,5.602662563323975,2.823718309402466,1.579331398010254,0.7168958187103271,0.922349750995636,1.0809931755065918
713,AMP,4e6n,A,4hxv,A,2,[23],[22],AMP,AMP,3.944824457168579,2.479508876800537,1.5779213905334473,0.7407486438751221,0.8421341180801392,1.2241129875183105
714,NAI,3flk,A,4fw8,A,2,[44],[44],NAI,NAI,2.8647003173828125,3.2669425010681152,1.2449297904968262,0.7190164923667908,0.8882108330726624,1.1664501428604126
715,UDP,4cvm,A,7zer,A,2,[25],[24],UDP,UDP,7.280871868133545,3.2276735305786133,1.2340153455734253,0.760920524597168,0.9305098652839661,0.9789524674415588
716,CA,4b97,A,6fzv,A,2,[1],[1],CA,CA,8.19954776763916,2.4536008834838867,1.426581859588623,0.6659888029098511,0.9263695478439331,1.4015411138534546
717,AMP,3l2p,A,4ini,B,2,[23],[22],AMP,AMP,2.487663507461548,2.9106783866882324,1.3444277048110962,0.7493232488632202,0.8847078680992126,0.9960101246833801
718,OXY,1oqu,C,4yu3,A,2,[2],[1],OXY,OXY,7.464554309844971,2.1331629753112793,1.6860151290893555,0.7394389510154724,0.7606518268585205,1.0609782934188843
719,ADP,4gt8,A,6ks6,g,2,[27],[27],ADP,ADP,2.8186519145965576,2.946303606033325,1.4668723344802856,0.7495691776275635,0.6643832921981812,1.1324347257614136
720,ANP,3ih0,A,7ph3,A,2,[31],[31],ANP,ANP,2.2909741401672363,3.022472620010376,1.4419294595718384,0.6978121995925903,0.8566174507141113,1.2404669523239136
721,GDP,2qa5,B,5i34,A,2,[28],[28],GDP,GDP,1.4941874742507935,3.490393877029419,1.1908111572265625,0.7126448154449463,0.9341243505477905,0.8334445953369141
722,ANP,7ph3,A,7x4n,E,2,[31],[31],ANP,ANP,3.251596450805664,3.6450424194335938,0.7664675116539001,0.7236899137496948,0.9838745594024658,0.7650485634803772
723,GTP,1a8r,A,1s49,A,2,[32],[32],GTP,GTP,6.92571496963501,2.2726666927337646,1.4892864227294922,0.6759099364280701,0.6269288063049316,1.4511975049972534
724,HEM,1aom,B,2nrm,A,2,[43],[43],HEM,HEM,6.366359710693359,2.084336280822754,1.5462037324905396,0.6890212893486023,0.7238219976425171,1.3748795986175537
725,ADP,2uvq,A,5gsz,A,2,[27],[27],ADP,ADP,1.8995710611343384,4.022271633148193,0.705976665019989,0.7792043089866638,0.9010136127471924,0.751517117023468
726,AMP,1k9y,A,4e6n,A,2,[22],[23],AMP,AMP,4.415345668792725,2.2497236728668213,1.521039366722107,0.7496349215507507,0.7481321096420288,1.1090079545974731
727,UDP,4cvm,A,4pqg,A,2,[25],[24],UDP,UDP,7.378896236419678,3.131190061569214,1.3744497299194336,0.7384666204452515,0.9353609681129456,1.0679959058761597
728,UDP,2d7i,A,4cvm,A,2,[24],[25],UDP,UDP,7.395988464355469,3.0014376640319824,1.2629289627075195,0.7235402464866638,0.9022867679595947,1.1550606489181519
729,MG,1t0f,A,4gi2,A,2,[1],[1],MG,MG,6.582251071929932,2.046828508377075,1.5576335191726685,0.6762847900390625,0.7608316540718079,1.311814308166504
730,AMP,3l2p,A,3uq6,A,2,[23],[22],AMP,AMP,6.0359787940979,2.7636520862579346,1.3645713329315186,0.7275932431221008,0.9132076501846313,1.1263667345046997
731,COA,1scu,A,4ubt,A,2,[48],[48],COA,COA,2.920042037963867,2.960469961166382,1.5194505453109741,0.7275681495666504,0.9075878858566284,0.9689297676086426
732,BEF,6zhh,A,7lza,A,2,[4],[4],BEF,BEF,1.545596718788147,3.387150287628174,0.8505791425704956,0.7772369384765625,0.832504391670227,0.8394752740859985
733,NDP,4l4x,A,7w5n,A,2,[48],[48],NDP,NDP,3.641244649887085,3.964850664138794,1.0786330699920654,0.7642561197280884,0.8527267575263977,0.90240478515625
734,COA,2ahv,A,6mgg,C,2,[48],[48],COA,COA,7.2313714027404785,3.1776387691497803,1.7521361112594604,0.6887195706367493,0.9388266205787659,1.1627377271652222
735,SAM,3ai9,X,6rie,O,2,[27],[20],SAM,SAM,2.951798677444458,3.1753478050231934,1.4241502285003662,0.6542681455612183,0.9198095202445984,1.0813716650009155
736,BGC,3n92,A,5do8,B,2,[12],[12],BGC,BGC,6.383752822875977,3.2071142196655273,1.1216124296188354,0.7227402329444885,0.8315609693527222,0.8805127739906311
737,ADE,2qtt,A,3le7,A,2,[10],[10],ADE,ADE,4.936284065246582,2.637321949005127,1.5963038206100464,0.7449575662612915,0.7751701474189758,0.9856580495834351
738,NAD,3czm,B,5kj5,B,2,[44],[44],NAD,NAD,1.955428957939148,3.8845808506011963,1.1646322011947632,0.7456390261650085,0.8839579224586487,0.9188048839569092
739,SAM,3fpj,B,4fak,A,2,[27],[27],SAM,SAM,3.40970778465271,3.543896198272705,1.1388753652572632,0.7234868407249451,0.985787034034729,0.9822279810905457
740,NDP,2xw7,A,7w5n,A,2,[48],[48],NDP,NDP,3.3299269676208496,3.631901741027832,1.2784582376480103,0.7421160936355591,0.9225407838821411,0.9351882338523865
741,ACO,4jwp,A,8g1e,A,2,[51],[51],ACO,ACO,8.770936965942383,2.8079490661621094,1.5115998983383179,0.6371259689331055,0.9168409705162048,1.2543120384216309
742,CO,3hdi,A,4d07,A,2,[1],[1],CO,CO,7.4010796546936035,2.4352235794067383,1.5211445093154907,0.6907564997673035,0.8556656837463379,1.481569528579712
743,ADP,2awn,B,8cqx,A,2,[27],[27],ADP,ADP,2.2098073959350586,3.179504156112671,1.4072848558425903,0.733780026435852,0.7804551124572754,1.0465145111083984
744,AMP,1k9y,A,5b8h,A,2,[23],[23],AMP,AMP,6.380244731903076,3.116873264312744,1.0357109308242798,0.7561299204826355,0.9589223265647888,0.8746609091758728
745,ACO,3dr8,A,8g1e,A,2,[51],[51],ACO,ACO,6.582449436187744,1.9037387371063232,1.6116050481796265,0.5404613614082336,0.8158342242240906,1.3382395505905151
746,AMP,4e6n,A,4hxv,A,2,[23],[22],AMP,AMP,3.94482421875,2.4795095920562744,1.5779222249984741,0.7407486438751221,0.8421340584754944,1.2241122722625732
747,CO,3l0s,A,7s0w,B,2,[1],[1],CO,CO,7.324735164642334,2.4056568145751953,1.416747808456421,0.6889439225196838,0.9418019652366638,1.279242992401123
748,CU,5yt7,A,6km8,A,2,[1],[1],CU,CU,0.8890841603279114,2.3724944591522217,1.3856316804885864,0.6950991153717041,0.9143767356872559,0.9990860223770142
749,MN,4d0t,A,4ilk,A,2,[1],[1],MN,MN,4.978437900543213,3.303917169570923,1.3737319707870483,0.7767810821533203,0.7846078276634216,0.8810840845108032
750,ADP,2wqn,A,6c90,A,2,[27],[27],ADP,ADP,2.1015751361846924,3.0684657096862793,1.3107877969741821,0.7070297598838806,0.8037441372871399,1.232097864151001
751,SAM,4fak,A,4uw0,A,2,[27],[27],SAM,SAM,8.141027450561523,3.006408214569092,1.4091122150421143,0.7168745994567871,0.7154446840286255,1.1558988094329834
752,GTP,1a8r,A,6oix,C,2,[32],[32],GTP,GTP,4.847979545593262,1.7511754035949707,1.3666956424713135,0.6748616695404053,0.6660287976264954,1.4231022596359253
753,NAD,2jg7,A,3nrc,A,2,[44],[44],NAD,NAD,2.851383924484253,4.080648899078369,0.9829202890396118,0.7721836566925049,0.8407472968101501,0.8413163423538208
754,NAP,4zqb,B,5eyg,B,2,[48],[48],NAP,NAP,6.474828720092773,2.7579851150512695,1.3826677799224854,0.691999614238739,0.866568386554718,0.9876708388328552
755,UDP,2acv,A,4cvm,A,2,[24],[25],UDP,UDP,7.312309741973877,3.248168706893921,1.2400813102722168,0.7530151009559631,0.866034746170044,1.0375304222106934
756,CU,1a4a,A,6km8,A,2,[1],[1],CU,CU,1.0069831609725952,2.4644925594329834,1.5285683870315552,0.6996926665306091,0.821922779083252,1.1531614065170288
757,UDP,4cvm,A,5tvg,A,2,[25],[24],UDP,UDP,7.417954444885254,3.1097397804260254,1.3570194244384766,0.7324971556663513,0.8178507089614868,1.059881567955017
758,AMP,3uq6,A,4qei,A,2,[23],[23],AMP,AMP,3.7235615253448486,2.494877338409424,1.6254165172576904,0.6915066838264465,0.9418383240699768,1.1684030294418335
759,NAP,4m7u,A,6k3g,B,2,[48],[48],NAP,NAP,4.430888652801514,3.79365873336792,1.2978851795196533,0.7534133195877075,0.9797137379646301,0.9989722967147827
760,FE2,2de6,B,3ven,A,2,[1],[1],FE2,FE2,2.2996652126312256,2.1047091484069824,1.5872060060501099,0.6469131112098694,0.6949905753135681,0.9873621463775635
761,UDP,2iya,A,4cvm,A,2,[24],[25],UDP,UDP,7.330501556396484,3.356935977935791,1.3200570344924927,0.7831581830978394,0.8877246975898743,0.9752770066261292
762,NAP,4m7u,A,4zqb,B,2,[48],[48],NAP,NAP,4.370072364807129,3.7458643913269043,1.353790283203125,0.7264261841773987,0.9451473951339722,0.9692606329917908
763,SAM,1cma,B,4gc9,A,2,[27],[27],SAM,SAM,7.141162395477295,2.769758939743042,1.614306092262268,0.7176250219345093,0.9022623300552368,1.1181257963180542
764,ADP,1ng9,A,2wqn,A,2,[27],[27],ADP,ADP,2.194122314453125,2.9609603881835938,1.3114632368087769,0.730143666267395,0.5137221813201904,1.1732195615768433
765,UDP,4cvm,A,5v0t,E,2,[25],[24],UDP,UDP,7.432200908660889,3.1581194400787354,1.4200621843338013,0.7424838542938232,0.7568318843841553,1.0177994966506958
766,GDP,2nzy,C,5i34,A,2,[28],[28],GDP,GDP,3.269789457321167,2.869269847869873,1.5412240028381348,0.7268299460411072,0.9057475924491882,1.161993384361267
767,UDP,2wtx,D,4cvm,A,2,[24],[25],UDP,UDP,7.429771423339844,3.0822200775146484,1.3848508596420288,0.7333399653434753,0.7606943249702454,1.0490164756774902
768,CU,6l4c,C,6ryx,A,2,[1],[1],CU,CU,1.702260971069336,1.6761882305145264,1.5933743715286255,0.6893839836120605,0.7688889503479004,0.9502087235450745
769,COA,1xvt,A,2ahv,A,2,[48],[48],COA,COA,5.683023929595947,2.3724684715270996,1.4176287651062012,0.7123167514801025,0.8921988010406494,0.8341151475906372
770,COA,4x0o,E,5gcn,A,2,[48],[27],COA,COA,5.677976131439209,3.0415005683898926,1.5725606679916382,0.7458136081695557,0.8282297849655151,1.088841438293457
771,AMP,2dcl,A,6bkf,A,2,[22],[23],AMP,AMP,6.809581756591797,2.7987864017486572,1.521209716796875,0.7763535380363464,0.5286072492599487,0.947989284992218
772,CO,2xvz,A,7s0w,B,2,[1],[1],CO,CO,2.667313814163208,2.0434670448303223,1.8025304079055786,0.6812794804573059,0.6244457960128784,1.039435625076294
773,AMP,4hxv,A,6aic,A,2,[23],[23],AMP,AMP,4.021549224853516,2.9039440155029297,1.5890439748764038,0.7449129819869995,0.6846315264701843,1.2771855592727661
774,ANP,3ih0,A,3vpd,A,2,[31],[31],ANP,ANP,3.1459453105926514,3.1853413581848145,1.5008270740509033,0.7460430264472961,0.8097413182258606,1.091426968574524
775,GDP,2v40,A,6cy5,B,2,[28],[28],GDP,GDP,0.9229320883750916,3.954416036605835,0.7237542867660522,0.8079246878623962,0.9970647692680359,0.7574138045310974
776,NAD,1guz,A,3ju8,A,2,[44],[44],NAD,NAD,1.9762060642242432,3.933943033218384,1.1549615859985352,0.7620968222618103,0.9186429977416992,0.911510705947876
777,COA,1yvk,A,2ahv,A,2,[48],[48],COA,COA,4.27180290222168,2.7799389362335205,1.4302541017532349,0.7420657277107239,0.8096482157707214,1.1173406839370728
778,UDP,3hbn,A,4cvm,A,2,[24],[25],UDP,UDP,7.374003887176514,3.124321937561035,1.2410780191421509,0.7558278441429138,0.6760492920875549,0.9424258470535278
779,COA,2ahv,A,2bue,A,2,[48],[48],COA,COA,3.7722184658050537,2.7398412227630615,1.419471263885498,0.7078836560249329,0.6833578944206238,1.380092978477478
780,CU,1oac,B,4eir,A,2,[1],[1],CU,CU,1.7407163381576538,2.5203378200531006,1.4711344242095947,0.6825047135353088,0.8828748464584351,1.2678650617599487
781,SAM,1cma,B,4ax8,A,2,[27],[27],SAM,SAM,8.071125984191895,2.3102033138275146,1.7026463747024536,0.7028777599334717,0.6125091314315796,1.2573834657669067
782,GDP,1dj3,A,2xkb,C,2,[28],[28],GDP,GDP,2.297776699066162,3.1203603744506836,1.4240248203277588,0.7470493316650391,0.8509215116500854,1.0347442626953125
783,OXY,1oxy,A,4yu3,A,2,[2],[2],OXY,OXY,2.2189950942993164,2.4300849437713623,1.4885727167129517,0.7055803537368774,0.6894773840904236,1.000001311302185
784,ANP,3zfd,A,7ph3,A,2,[31],[31],ANP,ANP,3.2004313468933105,3.613389492034912,0.6718348860740662,0.709048867225647,0.9815263152122498,0.7862156629562378
785,ANP,3zfd,A,4cej,A,2,[31],[31],ANP,ANP,1.4291716814041138,3.2772369384765625,1.022303819656372,0.6555079817771912,0.9611088633537292,1.1712219715118408
786,NAP,5vkt,A,5xv0,F,2,[48],[48],NAP,NAP,2.6409358978271484,3.8165154457092285,1.43849515914917,0.7778156995773315,0.9724496006965637,1.038930058479309
787,NDP,5dul,C,7w5n,A,2,[48],[48],NDP,NDP,3.3822360038757324,3.845099449157715,1.283460021018982,0.7555519938468933,0.6615097522735596,0.8977259397506714
788,AMP,1uuy,A,3uq6,A,2,[23],[22],AMP,AMP,5.606889247894287,2.9314048290252686,1.4627013206481934,0.7643088102340698,0.5048143267631531,1.0093395709991455
789,AMP,2dcl,A,4ini,B,2,[23],[23],AMP,AMP,6.518637180328369,2.800673007965088,1.524402379989624,0.7951648235321045,0.8465498685836792,0.9424810409545898
790,ANP,3ew9,A,3ih0,A,2,[31],[31],ANP,ANP,2.0912082195281982,3.286625862121582,1.403965711593628,0.7263176441192627,0.8007433414459229,1.1119649410247803
791,ACO,6ao7,A,8g1e,A,2,[51],[51],ACO,ACO,8.749008178710938,2.67146635055542,1.4518979787826538,0.6791125535964966,0.6258957386016846,1.1645162105560303
792,MG,1ze1,A,2qlw,B,2,[1],[1],MG,MG,6.631039142608643,2.8200385570526123,1.4674806594848633,0.6956648230552673,0.9113882184028625,1.1449391841888428
793,GTP,1a8r,A,3ldu,A,2,[32],[32],GTP,GTP,5.520531177520752,1.9892632961273193,1.803100824356079,0.6230274438858032,0.44896578788757324,1.0661734342575073
794,NDP,3ing,A,7w5n,A,2,[48],[48],NDP,NDP,3.5778439044952393,3.7932662963867188,1.2194125652313232,0.7475853562355042,0.8869016170501709,0.9303301572799683
795,SAM,4ax8,A,6ift,A,2,[27],[27],SAM,SAM,0.9396058320999146,4.447956085205078,0.7048016786575317,0.8016706705093384,0.9268892407417297,0.7653048038482666
796,FE,2boy,A,3nnl,B,2,[1],[1],FE,FE,0.6569436192512512,2.5994973182678223,1.5020558834075928,0.7693116664886475,0.5509177446365356,0.9254189133644104
797,COA,4ubt,A,6qfb,C,2,[48],[48],COA,COA,6.713701248168945,2.186650037765503,1.774293303489685,0.5897393822669983,0.8616668581962585,1.2980252504348755
798,COA,1yvk,A,6qfb,C,2,[48],[48],COA,COA,6.651268482208252,2.3810744285583496,1.8491414785385132,0.6073704361915588,0.9460721611976624,1.6509218215942383
799,NDP,2xw7,A,5vg6,B,2,[48],[48],NDP,NDP,2.6180243492126465,3.656913995742798,1.4400267601013184,0.7448549866676331,0.9674622416496277,0.9412164688110352
800,COA,2bue,A,4ubt,A,2,[48],[48],COA,COA,3.919668436050415,3.147899866104126,1.4158306121826172,0.7599866986274719,0.9186305999755859,0.9977059364318848
801,GDP,2v40,A,3o47,A,2,[28],[28],GDP,GDP,1.037866234779358,3.8705482482910156,0.8813937306404114,0.7661505341529846,0.9459125399589539,0.8067301511764526
802,PLP,2bht,A,2yku,A,2,[15],[15],PLP,PLP,1.6311312913894653,3.5430994033813477,1.355292797088623,0.7678118944168091,0.5742961764335632,1.0073128938674927
803,SAM,3ai9,X,4gc9,A,2,[27],[20],SAM,SAM,2.0018317699432373,3.2686829566955566,1.2461692094802856,0.6988038420677185,0.8978367447853088,1.0740060806274414
804,COA,2ahv,A,4x0o,E,2,[27],[48],COA,COA,4.759090423583984,2.625462770462036,1.5938912630081177,0.7043493986129761,0.7682096362113953,1.0890380144119263
805,PLP,2d1f,A,4r8d,A,2,[15],[15],PLP,PLP,2.15142560005188,3.4607629776000977,1.3522679805755615,0.7473472952842712,0.8177158236503601,1.162680983543396
806,ADP,3rfc,A,5gsz,A,2,[27],[27],ADP,ADP,1.5646545886993408,3.0642805099487305,1.3670376539230347,0.7365937232971191,0.7115763425827026,1.0584527254104614
807,COA,4x0o,E,5ayv,B,2,[48],[27],COA,COA,4.4186577796936035,2.5601422786712646,1.596484661102295,0.7241038680076599,0.7304984331130981,1.1238901615142822
808,UDP,4cvm,A,5e9u,A,2,[25],[24],UDP,UDP,7.353127479553223,3.1845250129699707,1.3548128604888916,0.7319550514221191,0.9296284317970276,1.1033867597579956
809,NAI,3flk,A,6vly,A,2,[44],[44],NAI,NAI,2.9566380977630615,3.333008289337158,1.3633956909179688,0.7333793044090271,0.8853207230567932,1.167949914932251
810,GTP,1a8r,A,1s49,A,2,[32],[32],GTP,GTP,6.92571496963501,2.2726693153381348,1.4892832040786743,0.6759094595909119,0.6269248127937317,1.4511982202529907
811,NDP,2xw7,A,5c37,A,2,[48],[48],NDP,NDP,2.9016969203948975,3.6046319007873535,1.3433313369750977,0.740256667137146,0.933496356010437,0.9859610795974731
812,MG,2xwb,F,5da9,A,3,[1],[1],MG,MG,2.9060347080230713,2.3895115852355957,1.5431299209594727,0.6813161373138428,0.8595796823501587,1.1505868434906006
813,G6P,6bzc,A,7q0s,A,3,[16],[16],G6P,G6P,7.5103888511657715,3.220876693725586,1.0279204845428467,0.7759743928909302,0.9407864212989807,0.9510117769241333
814,FE2,1e5s,A,1ey2,A,3,[1],[1],FE2,FE2,1.7495856285095215,2.301210641860962,1.4578241109848022,0.6896924376487732,0.5712105631828308,1.3877766132354736
815,PO3,2wy2,D,4buc,A,3,[4],[4],PO3,PO3,7.424426555633545,3.0194737911224365,1.4086072444915771,0.7494110465049744,0.9216759204864502,1.0559539794921875
816,G4P,3n75,A,5a9y,A,3,[36],[36],G4P,G4P,7.09583854675293,2.4674549102783203,1.6393344402313232,0.7319796681404114,0.7396202087402344,1.1897082328796387
817,NAI,6vly,A,7p61,F,3,[44],[44],NAI,NAI,2.7677576541900635,2.9407639503479004,1.4015612602233887,0.7097543478012085,0.6314635276794434,1.2908283472061157
818,G6P,5v0t,E,6bzc,A,3,[16],[16],G6P,G6P,4.331519603729248,2.9671411514282227,1.2398757934570312,0.7821049690246582,0.8177282810211182,1.1089471578598022
819,GDP,2xkb,C,7m6j,A,3,[28],[28],GDP,GDP,1.9756399393081665,3.1557278633117676,1.4529454708099365,0.6995658278465271,0.8287926912307739,1.0228931903839111
820,MG,2vjy,A,7tbv,A,3,[1],[1],MG,MG,8.520134925842285,2.9663586616516113,1.3664296865463257,0.7015460729598999,0.9533135294914246,0.9493599534034729
821,ATP,2vt3,B,7xf0,C,3,[31],[31],ATP,ATP,3.7514686584472656,2.7378010749816895,1.5366383790969849,0.7167932391166687,0.8473249077796936,1.052616000175476
822,NAD,1nrx,A,4nk5,A,3,[44],[44],NAD,NAD,3.075761079788208,3.276872158050537,1.52150297164917,0.7610334753990173,0.5534800291061401,1.0266987085342407
823,NAD,5hvn,A,6smz,C,3,[44],[44],NAD,NAD,2.6549432277679443,3.1524229049682617,1.4287513494491577,0.7600499391555786,0.7671645879745483,1.023884654045105
824,CU,5yt7,A,6ryx,A,3,[1],[1],CU,CU,3.109527587890625,2.5006847381591797,1.4581596851348877,0.749271035194397,0.7554159164428711,1.0688916444778442
825,ATP,2yj4,B,7jgr,D,3,[31],[31],ATP,ATP,4.284040927886963,2.8262100219726562,1.3959590196609497,0.745962381362915,0.6319656372070312,1.0286787748336792
826,APC,1jgt,B,4gr5,C,3,[31],[31],APC,APC,4.013569355010986,2.8488523960113525,1.4749730825424194,0.7225545644760132,0.6700243949890137,1.1923385858535767
827,APR,1q17,C,2hjr,B,3,[36],[36],APR,APR,1.9887371063232422,3.8602445125579834,0.7670402526855469,0.8078241348266602,0.8665831089019775,0.7694796919822693
828,XMP,2ywc,A,7ef7,A,3,[24],[24],XMP,XMP,5.754819393157959,2.8311071395874023,1.6377427577972412,0.7130292654037476,0.7152869701385498,1.2227702140808105
829,APR,1q17,C,4ros,A,3,[36],[36],APR,APR,1.8913447856903076,3.927549362182617,0.7566940188407898,0.8160048127174377,0.8443103432655334,0.7802516222000122
830,NAD,3u31,A,5env,A,3,[44],[44],NAD,NAD,3.225961446762085,3.9944205284118652,0.915253221988678,0.8199061751365662,0.9617208242416382,0.8189389109611511
831,NAI,1t2e,A,7p61,F,3,[44],[44],NAI,NAI,2.6552813053131104,2.9798049926757812,1.5264068841934204,0.6960071325302124,0.6386668086051941,1.2412129640579224
832,NAD,1nr5,A,4xgi,A,3,[44],[44],NAD,NAD,3.134148597717285,3.1449809074401855,1.3897380828857422,0.7192851305007935,0.7597880363464355,0.9950747489929199
833,ADP,2hyd,A,4fey,A,3,[27],[27],ADP,ADP,3.282172918319702,2.5651450157165527,1.3478366136550903,0.7286443114280701,0.6612316966056824,1.0229061841964722
834,G6P,3nb0,C,6bzc,A,3,[16],[16],G6P,G6P,7.477858543395996,3.274317741394043,1.154151201248169,0.7735825181007385,0.8922903537750244,0.9847581386566162
835,NAP,5gxe,A,6v6y,A,3,[48],[48],NAP,NAP,1.6661550998687744,4.556595325469971,0.6654548048973083,0.8321698904037476,0.9966061115264893,0.7360367774963379
836,AKG,4qkb,A,4xcb,A,3,[10],[10],AKG,AKG,1.8028689622879028,3.92899751663208,0.8120083212852478,0.85677170753479,0.9453168511390686,0.8636327981948853
837,NAD,1nrx,A,3uxy,C,3,[44],[44],NAD,NAD,3.0539841651916504,3.0824708938598633,1.374436378479004,0.7305130958557129,0.7820835113525391,1.0557295083999634
838,NAI,4fw8,A,7p61,F,3,[44],[44],NAI,NAI,2.6991872787475586,2.8590543270111084,1.4825791120529175,0.6639423370361328,0.8363407254219055,1.386631965637207
839,XYP,3ma0,A,7zgz,X,3,[10],[10],XYP,XYP,3.42856502532959,2.8197710514068604,1.5029428005218506,0.7423103451728821,0.9430867433547974,0.9364925026893616
840,ADP,1uc9,A,4hlu,A,3,[27],[27],ADP,ADP,3.2019619941711426,3.2117533683776855,1.5466300249099731,0.7472729682922363,0.7769686579704285,1.0673474073410034
841,NAD,1nr5,B,5vp5,A,3,[44],[44],NAD,NAD,2.9855549335479736,3.374547004699707,1.3436272144317627,0.7201788425445557,0.8216477036476135,1.05855393409729
842,AMP,3fwz,A,6aic,A,3,[23],[23],AMP,AMP,2.0925755500793457,2.9173688888549805,1.3870974779129028,0.7324244379997253,0.8610283732414246,1.0113487243652344
843,NAI,2a92,C,7p61,F,3,[44],[44],NAI,NAI,2.5473742485046387,3.020629405975342,1.3740471601486206,0.7208459973335266,0.8302400708198547,1.1068780422210693
844,NAD,3om9,A,3zok,A,3,[44],[44],NAD,NAD,2.4673006534576416,3.106224298477173,1.3880633115768433,0.7498547434806824,0.6121714115142822,1.0412695407867432
845,COA,1p5r,A,6mgg,C,3,[48],[48],COA,COA,3.87907338142395,3.916834592819214,1.0469036102294922,0.780749499797821,0.9632109999656677,0.8536417484283447
846,BEF,3a10,A,5he9,A,3,[4],[4],BEF,BEF,2.1528728008270264,2.979722499847412,1.2984380722045898,0.7563789486885071,0.8832787275314331,1.0758979320526123
847,GDP,3ieu,A,4ei7,A,3,[28],[28],GDP,GDP,2.0369489192962646,3.296931266784668,1.3504612445831299,0.7526772618293762,0.6403329968452454,1.0114026069641113
848,BEF,5he9,A,7lza,A,3,[4],[4],BEF,BEF,1.682389497756958,3.457829475402832,1.4237515926361084,0.7562637329101562,0.9033419489860535,1.0970072746276855
849,GDP,2bov,A,2nzy,C,3,[28],[28],GDP,GDP,3.0590264797210693,3.346860647201538,1.4505714178085327,0.7227922677993774,0.922042727470398,1.2736666202545166
850,COA,1q6y,A,5hbr,A,3,[48],[48],COA,COA,3.566909074783325,3.757232666015625,0.7669455409049988,0.7757835388183594,0.9608944058418274,0.8288497924804688
851,CA,4lt6,A,6u2f,A,3,[1],[1],CA,CA,8.340909004211426,2.330996036529541,1.3783268928527832,0.6249216198921204,0.9001446962356567,1.1737116575241089
852,GDP,2nzy,C,3o47,A,3,[28],[28],GDP,GDP,2.6315951347351074,3.1523611545562744,1.5739248991012573,0.6846641302108765,0.9141254425048828,1.253713846206665
853,NAD,5eks,A,6smz,C,3,[44],[44],NAD,NAD,2.7951912879943848,3.1837785243988037,1.6201449632644653,0.7635654211044312,0.7664018869400024,1.013763427734375
854,PYR,2nuy,A,5lu4,A,3,[6],[5],PYR,PYR,2.84295916557312,3.222482204437256,1.0449851751327515,0.7174796462059021,0.9215123653411865,0.8468670845031738
855,NAD,2dvm,A,5eks,A,3,[44],[44],NAD,NAD,2.326181650161743,2.909869909286499,1.3603830337524414,0.7296543717384338,0.8178637027740479,1.0163131952285767
856,GDP,2xkb,C,8dkt,A,3,[28],[28],GDP,GDP,1.9066327810287476,3.1520512104034424,1.4426929950714111,0.710752010345459,0.7208530902862549,0.9797278642654419
857,AKG,3nnf,A,4qkb,A,3,[10],[10],AKG,AKG,2.0620248317718506,3.7422165870666504,0.7031148672103882,0.8411551713943481,0.9724147319793701,0.8584015965461731
858,COA,1p5r,A,5ayv,B,3,[48],[48],COA,COA,5.56543493270874,3.963815927505493,1.1003795862197876,0.7825174331665039,0.9827735424041748,0.8787792921066284
859,XYP,4ywh,A,7zgz,X,3,[10],[10],XYP,XYP,3.0541090965270996,2.6876182556152344,1.4714199304580688,0.7219400405883789,0.9278470873832703,0.9708994626998901
860,MG,2rex,D,2xwb,F,3,[1],[1],MG,MG,4.1976447105407715,2.6194183826446533,1.4914809465408325,0.6922017931938171,0.5870411396026611,1.3257087469100952
861,NAD,5koi,A,6c5c,A,3,[44],[44],NAD,NAD,3.1305015087127686,3.311105489730835,1.502559781074524,0.7257720828056335,0.628724992275238,1.0772135257720947
862,GDP,2nzy,C,3zbq,A,3,[28],[28],GDP,GDP,3.4332802295684814,3.0232036113739014,1.328618049621582,0.7403128147125244,0.8432745337486267,1.012162208557129
863,GDP,2nzy,C,4ei7,A,3,[28],[28],GDP,GDP,3.678729772567749,3.1055665016174316,1.3305214643478394,0.7340385317802429,0.9615743160247803,0.9744730591773987
864,CO,2xvz,A,3l0s,A,3,[1],[1],CO,CO,7.3228373527526855,2.324422597885132,1.5242805480957031,0.691533088684082,0.7813130021095276,1.2831469774246216
865,GTP,1plk,A,3ldu,A,3,[32],[32],GTP,GTP,2.637617826461792,2.9546256065368652,1.489396333694458,0.691746175289154,0.9222778677940369,1.3583089113235474
866,MG,2gfq,A,3b8e,A,3,[1],[1],MG,MG,3.663583993911743,2.158750057220459,1.5604931116104126,0.7131196856498718,0.5906203985214233,0.9821193814277649
867,NAD,1nr5,B,1v9l,A,3,[44],[44],NAD,NAD,3.031916618347168,3.232569932937622,1.4182919263839722,0.7240866422653198,0.8717543482780457,1.0153436660766602
868,NAD,3czm,B,3okf,A,3,[44],[44],NAD,NAD,2.5299553871154785,2.93991756439209,1.4294408559799194,0.7530978322029114,0.6392152309417725,0.9686530828475952
869,ATP,3hgm,A,7jgr,D,3,[31],[31],ATP,ATP,3.3464903831481934,2.918872594833374,1.5040793418884277,0.7274113893508911,0.9310255646705627,1.1408319473266602
870,NAD,1nr5,A,6ah9,A,3,[44],[44],NAD,NAD,3.1452126502990723,3.356696844100952,1.3968132734298706,0.725807785987854,0.8707275390625,1.0721161365509033
871,NAD,1guz,A,5eks,A,3,[44],[44],NAD,NAD,2.5091819763183594,2.8666324615478516,1.4289321899414062,0.7436032295227051,0.6941659450531006,0.9299135208129883
872,NAD,6c5c,A,6smz,C,3,[44],[44],NAD,NAD,2.6322133541107178,3.275853157043457,1.2984025478363037,0.7580901980400085,0.6275716423988342,1.0240339040756226
873,CA,1mve,A,4gwi,A,3,[1],[1],CA,CA,6.028839588165283,2.773597240447998,1.2892820835113525,0.7364383339881897,0.8405011892318726,1.2410730123519897
874,GTP,1svw,A,3ldu,A,3,[32],[32],GTP,GTP,2.0929489135742188,2.9914133548736572,1.4459270238876343,0.7451947331428528,0.8191835880279541,1.0900346040725708
875,GDP,4ei7,A,6cy5,B,3,[28],[28],GDP,GDP,2.0161471366882324,3.1081485748291016,1.4549697637557983,0.7374035120010376,0.598411500453949,1.0348942279815674
876,AMP,4qei,A,6aic,A,3,[23],[23],AMP,AMP,3.12359881401062,2.8347630500793457,1.4481754302978516,0.7031313180923462,0.8780930042266846,1.1658400297164917
877,NAD,1nrx,B,5u4q,B,3,[44],[44],NAD,NAD,2.9391531944274902,3.2888190746307373,1.408710241317749,0.7622160315513611,0.7970495820045471,1.031161904335022
878,COA,1q6y,A,6qfb,C,3,[48],[48],COA,COA,8.900728225708008,3.4396889209747314,0.8818991780281067,0.6897916197776794,0.9697787761688232,1.0083600282669067
879,NAD,1nr5,A,4xgi,A,3,[44],[44],NAD,NAD,3.1341493129730225,3.144979476928711,1.3897372484207153,0.7192853689193726,0.7597881555557251,0.995074450969696
880,GNP,3ftq,B,6cu6,C,4,[32],[32],GNP,GNP,1.1503915786743164,4.616270542144775,0.6285836696624756,0.8407657146453857,0.9906076192855835,0.734140932559967
881,GDP,2atv,A,4esv,C,4,[28],[28],GDP,GDP,3.0762314796447754,4.136276721954346,0.5741183161735535,0.8000126481056213,0.9958149194717407,0.803226888179779
882,GNP,2rex,D,6kyk,C,4,[32],[32],GNP,GNP,1.0010402202606201,5.056227207183838,0.4832553565502167,0.8735749125480652,0.8493445515632629,0.721092939376831
883,GNP,4zi2,A,6cc9,B,4,[32],[32],GNP,GNP,1.638192057609558,4.4124627113342285,0.6878764033317566,0.7623417973518372,0.9425283074378967,0.9168480038642883
884,SAH,3ofk,A,4xcx,A,4,[26],[26],SAH,SAH,0.8041070103645325,4.698155403137207,0.6404726505279541,0.8204196095466614,0.9955998063087463,0.769259512424469
885,B4P,2zt5,A,3a74,A,4,[53],[53],B4P,B4P,3.9200055599212646,3.437171459197998,0.7729038596153259,0.8236168622970581,0.9623239636421204,0.8108510971069336
886,GNP,1z08,C,2kwi,A,4,[32],[32],GNP,GNP,2.6931259632110596,4.686313629150391,0.5643090605735779,0.8069412708282471,0.9569782018661499,0.7096260190010071
887,UDP,2iya,A,5e9u,A,4,[25],[25],UDP,UDP,1.6378018856048584,4.174196720123291,0.8412976861000061,0.7727518677711487,0.9593698978424072,0.8152807950973511
888,TPP,3ahc,A,4c7x,A,4,[26],[26],TPP,TPP,1.0511283874511719,4.242370128631592,0.8131588101387024,0.8111072778701782,0.8732154369354248,0.8888210654258728
889,TPP,2x7j,A,4c7x,A,4,[26],[26],TPP,TPP,1.2443691492080688,4.4820876121521,0.7546557188034058,0.8466751575469971,0.9886355996131897,0.7947134375572205
890,E64,6mis,A,6ycf,A,4,[25],[25],E64,E64,1.825419306755066,5.1724748611450195,0.3322313129901886,0.9187459349632263,0.992371678352356,0.7592434883117676
891,ACO,3dr8,A,5hgz,A,4,[51],[51],ACO,ACO,3.1731581687927246,4.577292442321777,0.6033082604408264,0.8348298668861389,0.9939016103744507,0.7222496271133423
892,SAM,3dou,A,3t7s,A,4,[27],[27],SAM,SAM,1.1626378297805786,4.494501113891602,0.6730347871780396,0.8086575269699097,0.8262579441070557,0.7115744948387146
893,ANP,1jpa,A,5gz9,A,4,[31],[10],ANP,ANP,0.4621174931526184,4.327035903930664,0.5771235823631287,0.8340592384338379,0.9834350943565369,0.8146626353263855
894,NAP,1ps9,A,4r1s,A,4,[48],[48],NAP,NAP,6.452704906463623,3.38802433013916,0.6960549354553223,0.7162065505981445,0.9907991886138916,0.8242505192756653
895,E64,1meg,A,6ycf,A,4,[25],[25],E64,E64,2.276238441467285,5.052402496337891,0.341158002614975,0.9004425406455994,1.0,0.7255575060844421
896,HAR,1hqf,A,5zee,B,4,[13],[13],HAR,HAR,1.2613526582717896,5.1973185539245605,0.43712136149406433,0.9087105989456177,0.991641104221344,0.7046909928321838
897,1N1,2y6o,A,5h2u,A,4,[33],[33],1N1,1N1,1.4830228090286255,4.3819475173950195,0.4864680767059326,0.7852659225463867,0.9999501705169678,0.7714126110076904
898,L3A,3neh,A,3s2j,A,4,[15],[15],L3A,L3A,0.9087157845497131,5.097031593322754,0.42441943287849426,0.8994778394699097,0.9905496835708618,0.7170153856277466
899,SAM,2f8l,A,4qtu,B,4,[27],[27],SAM,SAM,1.0108777284622192,4.642978668212891,0.6017563939094543,0.8187947273254395,0.9573747515678406,0.7169927954673767
900,N32,4f32,B,4jv3,A,4,[31],[31],N32,N32,0.6470558643341064,5.1002068519592285,0.35763925313949585,0.9140514731407166,0.9998013973236084,0.793965756893158
901,E64,1aec,A,6ycf,A,4,[25],[25],E64,E64,1.361890435218811,5.134100437164307,0.3316493332386017,0.9143503904342651,0.9989400506019592,0.7421508431434631
902,GNP,5di3,B,6cu6,C,4,[32],[32],GNP,GNP,0.6400271654129028,4.807066440582275,0.53010094165802,0.8415353894233704,0.8934058547019958,0.7098091244697571
903,CTP,3k8d,A,6ckk,A,4,[29],[29],CTP,CTP,1.3221590518951416,4.714936256408691,0.5807739496231079,0.8491999506950378,0.9644896388053894,0.7262212634086609
904,GNP,1z08,C,5xkt,A,4,[32],[32],GNP,GNP,1.136549472808838,4.608592987060547,0.5408839583396912,0.8336862921714783,0.9894850254058838,0.7099246978759766
905,E64,2bdz,A,6ycf,A,4,[25],[25],E64,E64,1.5278995037078857,5.050976753234863,0.33429089188575745,0.9040765166282654,0.9973483085632324,0.7308441996574402
906,E64,5a24,A,6ycf,A,4,[25],[18],E64,E64,0.985378086566925,5.121049880981445,0.2655257284641266,0.9131261706352234,0.9942015409469604,0.7238155007362366
907,GTP,1plk,A,2v55,D,4,[32],[32],GTP,GTP,1.0676023960113525,4.328182220458984,0.6484935879707336,0.8067981600761414,0.843081533908844,0.8168390989303589
908,SAM,3fpj,B,4gc9,A,4,[27],[27],SAM,SAM,1.823971152305603,4.392847061157227,0.7460235357284546,0.8087652921676636,0.9944243431091309,0.7133805751800537
909,GTP,3doe,A,6y09,A,4,[32],[32],GTP,GTP,0.7441105842590332,4.990401744842529,0.5036555528640747,0.8654521703720093,0.8956781625747681,0.7043550610542297
910,0LI,4tyj,A,6eg9,A,4,[39],[39],0LI,0LI,1.1035282611846924,4.760248184204102,0.574437141418457,0.8632507920265198,0.9994896054267883,0.8148165941238403
911,NAP,2rcy,A,6k3g,B,4,[48],[48],NAP,NAP,2.5525224208831787,4.35215425491333,0.8675879240036011,0.7974904775619507,0.9828252792358398,0.8012874126434326
912,CPR,1b3o,A,1nfb,A,4,[22],[22],CPR,CPR,0.8405619263648987,5.457737922668457,0.31446823477745056,0.9405837059020996,1.0,0.7675905823707581
913,BAT,1dth,A,1rm8,A,4,[32],[32],BAT,BAT,4.142541885375977,4.0960917472839355,0.567012369632721,0.8474546074867249,0.9655348658561707,0.6696118712425232
914,GCS,2vzs,A,5dgr,A,4,[12],[12],GCS,GCS,6.510927200317383,2.309467315673828,1.3986490964889526,0.6993173360824585,0.6877638101577759,1.0941392183303833
915,AKG,4xgi,A,5xvv,B,4,[10],[10],AKG,AKG,1.9268423318862915,4.8772292137146,0.5368576645851135,0.8672516345977783,0.976426362991333,0.705040454864502
916,CPR,1b3o,A,1jcn,A,4,[22],[22],CPR,CPR,1.0369304418563843,5.457455158233643,0.2644241154193878,0.9405972361564636,1.0,0.765190064907074
917,GNP,5de3,A,6cc9,B,4,[32],[32],GNP,GNP,1.7473503351211548,4.597049713134766,0.7458522319793701,0.7987313866615295,0.9156851172447205,0.8376858830451965
918,APR,1v8m,A,1vhz,A,4,[18],[36],APR,APR,7.425527572631836,4.635404586791992,0.6114532947540283,0.8673961758613586,0.9696560502052307,0.6704779267311096
919,AR6,3sig,A,4iqy,A,4,[36],[36],AR6,AR6,1.0066087245941162,4.283483028411865,0.7306510806083679,0.8375329375267029,0.9683369994163513,0.8540998101234436
920,UDP,2wtx,D,3hbn,A,4,[25],[25],UDP,UDP,1.3555254936218262,4.068718433380127,0.9616286754608154,0.8147929906845093,0.9887533783912659,0.9390411972999573
921,BTM,8h4p,A,8h6u,A,4,[14],[14],BTM,BTM,3.155052661895752,3.96665620803833,0.6952656507492065,0.811122477054596,0.9884900450706482,0.7729876041412354
922,PBZ,2a2q,H,5lhp,A,4,[10],[10],PBZ,PBZ,1.7575880289077759,4.969418525695801,0.3590095043182373,0.8982658982276917,1.0,0.6730731129646301
923,CTP,1i52,A,6ckk,A,4,[29],[29],CTP,CTP,1.361129641532898,4.662419319152832,0.6630868315696716,0.8595518469810486,0.9795427918434143,0.7779675126075745
924,E64,2pre,A,6ycf,A,4,[25],[25],E64,E64,1.4492391347885132,5.107448577880859,0.323599249124527,0.9155457615852356,0.9994510412216187,0.7618755102157593
925,NAD,3om9,A,4nr0,B,4,[44],[44],NAD,NAD,2.1545252799987793,4.437014579772949,0.891917884349823,0.8079094290733337,0.9194228649139404,0.7445827126502991
926,NAP,4r1s,A,5h81,B,4,[48],[48],NAP,NAP,2.2690813541412354,4.648645877838135,0.7104616165161133,0.8331962823867798,0.9306333065032959,0.7336299419403076
927,1N1,2y6o,A,2zva,A,4,[33],[33],1N1,1N1,1.1881667375564575,4.839879512786865,0.4316149055957794,0.8562505841255188,1.0,0.7792917490005493
928,ACO,1b87,A,6ao7,A,4,[51],[51],ACO,ACO,1.9539235830307007,4.766275882720947,0.5185207724571228,0.8474898338317871,0.9992699027061462,0.8184227347373962
929,BEF,3a10,A,6ww6,B,4,[4],[4],BEF,BEF,1.7371234893798828,4.999789714813232,0.6170774698257446,0.8745906352996826,0.9873284101486206,0.7020825147628784
930,NAI,2a92,C,5itv,A,4,[44],[44],NAI,NAI,2.175255060195923,4.6721391677856445,0.74338299036026,0.8291304111480713,0.9832679629325867,0.7474355101585388
931,GTB,2ycd,A,5agy,A,4,[30],[30],GTB,GTB,1.8917853832244873,4.522480010986328,0.602329432964325,0.8637272119522095,0.9960047006607056,0.7192984819412231
932,SAM,2uyq,A,3mte,A,4,[26],[17],SAM,SAM,0.7891861796379089,4.426691055297852,0.6113791465759277,0.820669949054718,0.9884917736053467,0.7458826899528503
933,NDP,1xkq,A,5c37,A,4,[48],[48],NDP,NDP,1.3330621719360352,4.681360721588135,0.7149778008460999,0.8298683166503906,0.9983128309249878,0.7985005974769592
934,AR6,3sig,A,6lh4,A,4,[36],[36],AR6,AR6,1.0366222858428955,4.266552925109863,0.7179845571517944,0.8391870856285095,0.9607030153274536,0.8536526560783386
935,ACO,1b87,A,3mgd,B,4,[51],[51],ACO,ACO,3.301865339279175,4.543074131011963,0.5696893930435181,0.8453473448753357,0.9867342114448547,0.8187854886054993
936,E64,3bcn,A,6ycf,A,4,[25],[25],E64,E64,2.415236711502075,4.978896617889404,0.4328794777393341,0.9015699625015259,0.9969414472579956,0.7620006203651428
937,ACO,3dr8,A,3mgd,B,4,[51],[51],ACO,ACO,3.2579288482666016,4.342700481414795,0.7635384798049927,0.812312662601471,0.9840275645256042,0.8099197745323181
938,NDP,3anl,A,5c37,A,4,[48],[48],NDP,NDP,1.6376476287841797,4.313737392425537,0.7069979310035706,0.7895936965942383,0.9954150319099426,0.713459849357605
939,BMP,3ve7,A,4luj,A,4,[22],[22],BMP,BMP,0.18246769905090332,5.229987621307373,0.3385583162307739,0.9177581071853638,1.0,0.7313027381896973
940,5GP,1ex7,A,3tr0,A,4,[24],[24],5GP,5GP,1.2694827318191528,4.587756156921387,0.54119473695755,0.8180798888206482,0.9966201782226562,0.7805343866348267
941,NAI,4fw8,A,6cdf,A,4,[44],[44],NAI,NAI,1.9369231462478638,4.6002302169799805,0.7075031995773315,0.8169353604316711,0.9771636128425598,0.7581719160079956
942,G6P,5v0t,E,7q0s,A,4,[16],[16],G6P,G6P,7.842055320739746,4.509174346923828,0.7411121726036072,0.8475642204284668,0.9347894787788391,0.818645179271698
943,ANP,4cej,A,8gbj,D,4,[31],[31],ANP,ANP,2.7085487842559814,3.84031081199646,0.7731730341911316,0.7552754878997803,0.9932140707969666,0.9502421021461487
944,NDP,1xhl,A,3anl,A,4,[48],[48],NDP,NDP,1.5510140657424927,4.399327278137207,0.8761878609657288,0.798292338848114,0.9787906408309937,0.7526259422302246
945,COA,5ayv,B,5hbr,A,4,[48],[48],COA,COA,5.699497222900391,4.27341890335083,0.7331331968307495,0.8081005811691284,0.9961342811584473,0.7129750847816467
946,NAI,1t2e,A,4fw8,A,4,[44],[44],NAI,NAI,2.2574522495269775,4.674067974090576,0.7590735554695129,0.8336716890335083,0.9527592658996582,0.728227972984314
947,GNP,2rex,D,6cu6,C,4,[32],[32],GNP,GNP,0.8685279488563538,4.957533836364746,0.4911588132381439,0.8623911738395691,0.8211219310760498,0.7145237326622009
948,G6P,3nb0,C,5v0t,E,4,[16],[16],G6P,G6P,7.818850994110107,4.588625431060791,0.7294549345970154,0.870535135269165,0.9558912515640259,0.8245354890823364
949,B12,2xiq,A,3bul,A,4,[91],[91],B12,B12,2.083209991455078,3.9700396060943604,0.8201085329055786,0.7650386095046997,0.9882616400718689,0.8499245643615723
950,NAP,2dm6,B,5l3z,A,4,[48],[48],NAP,NAP,2.553049087524414,4.688410758972168,0.6160449981689453,0.8357431292533875,0.9896330833435059,0.7125884294509888
951,SAH,3grr,A,4o29,A,4,[26],[26],SAH,SAH,1.5206141471862793,4.457085132598877,0.6366186738014221,0.7993577122688293,0.9935215711593628,0.7285081148147583
952,SAH,3wst,I,6cx6,B,4,[26],[26],SAH,SAH,1.3846691846847534,4.548992156982422,0.6620627045631409,0.812363862991333,0.9490436315536499,0.7066234350204468
953,SAM,2b25,A,3fpj,B,4,[27],[26],SAM,SAM,1.3141355514526367,4.603391647338867,0.7374073266983032,0.8260980248451233,0.9717678427696228,0.7446723580360413
954,SAM,3tka,A,4gc9,A,4,[27],[27],SAM,SAM,0.940372884273529,4.882615566253662,0.614906907081604,0.8766456246376038,0.9984526038169861,0.7352299094200134
955,GNP,3ftq,B,6cu6,C,4,[32],[32],GNP,GNP,1.1503911018371582,4.616273880004883,0.6285831928253174,0.8407659530639648,0.9906087517738342,0.73414146900177
956,E64,3ioq,A,6ycf,A,4,[25],[25],E64,E64,1.1889586448669434,5.097203254699707,0.38016730546951294,0.9103301763534546,0.9999884366989136,0.7382447719573975
957,CTP,1i52,A,3k8d,A,4,[29],[29],CTP,CTP,1.1219724416732788,4.576408863067627,0.6874802112579346,0.8342971205711365,0.9828374981880188,0.7293155193328857
958,ACO,1b87,A,7ovu,A,4,[51],[51],ACO,ACO,1.5587855577468872,4.572024345397949,0.7122504115104675,0.8410503268241882,0.9764341115951538,0.7989894151687622
959,TPP,2vk1,A,4c7x,A,4,[26],[26],TPP,TPP,1.201241374015808,4.53698205947876,0.7738293409347534,0.8576647043228149,0.9844240546226501,0.8037731051445007
960,SAH,3ofk,A,3wst,I,4,[26],[26],SAH,SAH,1.3169453144073486,4.432703018188477,0.6486332416534424,0.7944124341011047,0.9440731406211853,0.7393233180046082
961,NAD,1v9l,A,4nr0,C,4,[44],[44],NAD,NAD,1.491395354270935,4.375387191772461,0.7703145742416382,0.8396749496459961,0.8411803841590881,0.7302844524383545
962,ACO,1b87,A,2h5m,A,4,[51],[51],ACO,ACO,2.9221835136413574,4.247963905334473,0.7217001914978027,0.8030757904052734,0.9962549209594727,0.7956679463386536
963,UDP,2p73,A,4d11,C,4,[25],[25],UDP,UDP,2.05033016204834,4.270283222198486,0.8548879623413086,0.7991335988044739,0.8046075105667114,0.7621263861656189
964,GNP,1z08,C,3q85,B,4,[32],[32],GNP,GNP,0.7639366984367371,5.046013832092285,0.398885577917099,0.8718973994255066,0.9985542297363281,0.6656382083892822
965,NAI,2a92,C,4ilk,A,4,[44],[44],NAI,NAI,1.1757417917251587,4.744539737701416,0.7134521007537842,0.8433762192726135,0.9733445644378662,0.7084363698959351
966,NAD,1geg,E,3om9,A,4,[44],[44],NAD,NAD,2.1026599407196045,4.703479766845703,0.8220862150192261,0.8322966694831848,0.8928366899490356,0.7479313611984253
967,ACO,2h5m,A,3dr8,A,4,[51],[51],ACO,ACO,3.1294028759002686,4.036337375640869,0.7884067893028259,0.7747958302497864,0.759453296661377,0.8121920824050903
968,SAH,5zw3,B,6cx6,B,4,[26],[26],SAH,SAH,1.3145740032196045,4.753152847290039,0.7222262620925903,0.849125325679779,0.9719139337539673,0.7366917133331299
969,F6P,1t10,A,3m5p,A,4,[16],[16],F6P,F6P,3.2558228969573975,4.78809928894043,0.5431711673736572,0.8822930455207825,0.9618856310844421,0.7332983016967773
970,AR6,4iqy,A,5zdb,A,4,[36],[36],AR6,AR6,1.0588680505752563,4.284041404724121,0.6971133947372437,0.863690972328186,0.9697067141532898,0.8420835733413696
971,NAP,2dm6,B,4hp8,B,4,[48],[48],NAP,NAP,2.2044947147369385,4.618525505065918,0.6544541716575623,0.8213441967964172,0.9840744733810425,0.6997318863868713
972,B12,1xrs,B,2xiq,A,4,[91],[91],B12,B12,1.9538222551345825,4.20564603805542,0.6773031949996948,0.7887118458747864,0.9923979640007019,0.8384360671043396
973,NDP,5gud,E,5vg6,B,4,[48],[48],NDP,NDP,2.0884830951690674,4.3980207443237305,0.709629237651825,0.7864601612091064,0.9529727101325989,0.7569145560264587
974,1N1,2y6o,A,4xey,B,4,[33],[33],1N1,1N1,1.5293042659759521,4.660434246063232,0.41403937339782715,0.835496187210083,0.9561448097229004,0.7493094801902771
975,NDP,1o8c,A,4tqg,A,4,[48],[48],NDP,NDP,2.3549108505249023,4.470575332641602,0.8382613658905029,0.8395373821258545,0.9443743824958801,0.7486333250999451
976,GNP,2rex,D,6cc9,B,4,[32],[32],GNP,GNP,1.925731897354126,4.368998050689697,0.7855747938156128,0.7666260600090027,0.9480496048927307,0.9620868563652039
977,NAD,1uxg,A,2i9p,B,4,[44],[44],NAD,NAD,2.387164354324341,4.649071216583252,0.7494957447052002,0.8247754573822021,0.9660734534263611,0.7598190307617188
978,NAI,4plt,B,6vly,A,4,[44],[44],NAI,NAI,1.9901360273361206,4.563190460205078,0.7452685832977295,0.827153205871582,0.9779629111289978,0.7536722421646118
979,ADP,2uvq,A,5ik2,E,4,[27],[27],ADP,ADP,1.8474417924880981,4.1677703857421875,0.6530964374542236,0.7778310775756836,0.9403997659683228,0.820380449295044
980,DUP,3tp1,A,6hde,B,4,[28],[28],DUP,DUP,7.208616256713867,4.5832977294921875,0.6182754039764404,0.8831472396850586,0.9918251633644104,0.785018265247345
981,NAI,2a92,C,6vly,A,4,[44],[44],NAI,NAI,2.1369869709014893,4.604000568389893,0.760220468044281,0.8294504284858704,0.9660272598266602,0.7672797441482544
982,SAM,2b25,A,3sxj,A,4,[27],[26],SAM,SAM,1.3619614839553833,4.689730644226074,0.7949425578117371,0.8335593938827515,0.834168553352356,0.7751110196113586
983,SAH,4kdr,A,5icc,A,4,[26],[26],SAH,SAH,1.0799355506896973,4.75731897354126,0.6199171543121338,0.8400692939758301,0.9900010824203491,0.6951313018798828
984,GNP,2ywf,A,5di3,B,4,[32],[32],GNP,GNP,1.1488291025161743,4.726892948150635,0.4792301058769226,0.8413854241371155,0.9903679490089417,0.7040642499923706
985,GNP,2kwi,A,2ywf,A,4,[32],[32],GNP,GNP,2.5802128314971924,4.612062931060791,0.5711941123008728,0.8192497491836548,0.9920486807823181,0.7482743859291077
986,PLP,1vef,A,2yku,A,4,[15],[15],PLP,PLP,0.9690760374069214,5.057864665985107,0.44352230429649353,0.9079067707061768,0.9976209402084351,0.6939895749092102
987,GNP,5xkt,A,6kyk,C,4,[32],[32],GNP,GNP,1.1643158197402954,4.507621765136719,0.5626919269561768,0.8227164149284363,0.9837420582771301,0.7135514616966248
988,GDP,1kao,A,3o47,A,4,[28],[28],GDP,GDP,1.012547254562378,4.722860813140869,0.4971753656864166,0.8326661586761475,0.9788661599159241,0.6866786479949951
989,ATP,3whk,A,8hh1,D,4,[31],[31],ATP,ATP,2.0097193717956543,4.218225955963135,0.7115078568458557,0.7898593544960022,0.9085142016410828,0.7885759472846985
990,SAM,2b25,A,3t7s,A,4,[27],[26],SAM,SAM,1.3758809566497803,4.760242938995361,0.7231531143188477,0.8437707424163818,0.8599427938461304,0.7764784693717957
991,SAH,5gm2,B,6cx6,B,4,[26],[26],SAH,SAH,1.0574086904525757,4.800333023071289,0.5408229231834412,0.8340190649032593,0.9952900409698486,0.7544654011726379
992,SAM,2f8l,A,4gc9,A,4,[27],[27],SAM,SAM,1.286849856376648,4.655981540679932,0.7460799217224121,0.8445679545402527,0.992979109287262,0.7727380394935608
993,NAD,4id9,B,6ach,A,4,[44],[44],NAD,NAD,1.5326688289642334,4.41493034362793,0.7374518513679504,0.7923727631568909,0.804417073726654,0.7671536803245544
994,SAM,3fpj,B,4ax8,A,4,[27],[27],SAM,SAM,2.0070245265960693,4.55236291885376,0.6513118743896484,0.80597323179245,0.9782388806343079,0.735376238822937
995,NDP,1xkq,A,3anl,A,4,[48],[48],NDP,NDP,1.4868162870407104,4.374115943908691,0.8770847916603088,0.8002305030822754,0.9782141447067261,0.7419672012329102
996,NAP,4hp8,B,6tlk,A,4,[48],[48],NAP,NAP,1.9625385999679565,4.730438709259033,0.6079595685005188,0.8415415287017822,0.985973060131073,0.6981101632118225
997,AR6,4iqy,A,6lh4,A,4,[36],[36],AR6,AR6,0.8354881405830383,5.202829360961914,0.21944957971572876,0.9185711741447449,0.9999895095825195,0.7301602959632874
998,SAM,2f8l,A,3t7s,A,4,[27],[27],SAM,SAM,1.2478517293930054,4.6240410804748535,0.702549934387207,0.8225148916244507,0.9866232872009277,0.7033372521400452
999,TPP,4c7x,A,4qq8,C,4,[26],[26],TPP,TPP,1.3155949115753174,4.518930435180664,0.6528118848800659,0.8535380363464355,0.9634600281715393,0.7824336290359497
1000,GDP,2atv,A,4esv,C,4,[28],[28],GDP,GDP,3.0762341022491455,4.136277198791504,0.5741201639175415,0.8000128269195557,0.9958150386810303,0.8032267093658447
1001,PLP,1fg3,A,4ysn,C,4,[15],[15],PLP,PLP,1.032698392868042,4.406550407409668,0.6854881048202515,0.8273084759712219,0.9878349304199219,0.7636377215385437
1002,GTP,1plk,A,6y09,A,4,[32],[32],GTP,GTP,0.8748363852500916,4.501188278198242,0.6090989708900452,0.8458345532417297,0.9926403760910034,0.7635963559150696
1003,TPP,2vjy,A,4c7x,A,4,[26],[26],TPP,TPP,1.1221116781234741,4.558465003967285,0.771329939365387,0.8614331483840942,0.988406240940094,0.8130329251289368
1004,ADP,2awn,B,5ik2,E,4,[27],[27],ADP,ADP,3.045907735824585,4.036398887634277,0.776685357093811,0.7817902565002441,0.8812348246574402,0.8621796369552612
1005,NAD,3aw9,A,5vp5,A,4,[44],[44],NAD,NAD,0.766426682472229,4.8445234298706055,0.5449841618537903,0.8441386818885803,0.9996142983436584,0.711571455001831
1006,ACO,3dr8,A,6v3t,A,4,[51],[51],ACO,ACO,2.4636011123657227,4.529854774475098,0.5703168511390686,0.8317463994026184,0.9927929043769836,0.7141718864440918
1007,ADP,2hyd,A,3k1j,A,4,[27],[27],ADP,ADP,3.73966383934021,3.841352701187134,0.6571640968322754,0.7638774514198303,0.9033775329589844,0.7778539061546326
1008,ZN,1pcx,A,2j9u,B,4,[1],[1],ZN,ZN,0.184853196144104,3.240589141845703,0.6828645467758179,0.7584723830223083,0.9555078148841858,0.753722608089447
1009,ADP,2awn,C,2zts,C,4,[27],[27],ADP,ADP,1.7992373704910278,4.423260688781738,0.6038917899131775,0.8206415772438049,0.9074530005455017,0.7131102085113525
1010,ADP,2awn,A,2d2f,A,4,[27],[27],ADP,ADP,1.22807776927948,4.694611072540283,0.6630946397781372,0.8378694653511047,0.9779227375984192,0.7682175040245056
1011,SAM,3ai9,X,4fak,A,4,[27],[20],SAM,SAM,0.7514445185661316,4.059281826019287,0.6710371375083923,0.8047769665718079,0.9932730793952942,0.7900771498680115
1012,NAI,4ilk,A,6vly,A,4,[44],[44],NAI,NAI,2.1755917072296143,4.695209503173828,0.6810591816902161,0.847862958908081,0.9820106029510498,0.7292155623435974
1013,SAM,3mte,A,4gc9,A,4,[27],[26],SAM,SAM,1.0387957096099854,4.4967169761657715,0.7265291213989258,0.8173121809959412,0.997532308101654,0.7610796093940735
1014,ACP,6pnx,B,7kjc,A,4,[31],[31],ACP,ACP,1.874416470527649,4.933136940002441,0.42265692353248596,0.8689115643501282,0.9995294809341431,0.7328845858573914
1015,SAM,3tka,A,6rie,O,4,[27],[27],SAM,SAM,2.540494918823242,4.35014533996582,0.6946651339530945,0.7880295515060425,0.9883196949958801,0.8514113426208496
1016,PLP,1yaa,A,2yku,A,4,[15],[15],PLP,PLP,1.3543715476989746,4.359934329986572,0.8860580325126648,0.8524091243743896,0.8565147519111633,0.7488692402839661
1017,GNP,2ywf,A,4zi2,A,4,[32],[32],GNP,GNP,0.8638363480567932,4.899899959564209,0.4435335695743561,0.8679618835449219,0.9966360926628113,0.682604968547821
1018,AR6,5zdb,A,6lh4,A,4,[36],[36],AR6,AR6,0.8085631132125854,4.188525199890137,0.6819588541984558,0.8421029448509216,0.9478580951690674,0.8261703252792358
1019,SAM,3sxj,A,4ax8,A,4,[27],[27],SAM,SAM,0.8770241141319275,4.646625995635986,0.5321223735809326,0.815275251865387,0.9943497180938721,0.6953499913215637
1020,SAM,3kkz,A,4gc9,A,4,[27],[27],SAM,SAM,0.901732325553894,4.615028381347656,0.7378477454185486,0.8329324126243591,0.9492462873458862,0.7674841284751892
1021,NAD,2fn7,A,3oa2,B,4,[44],[44],NAD,NAD,1.3270068168640137,4.447744369506836,0.6703158617019653,0.8018487691879272,0.8417466878890991,0.7451050281524658
1022,NAP,3dtt,B,4zqb,B,4,[48],[48],NAP,NAP,2.394530773162842,4.708532333374023,0.5920227766036987,0.8298547863960266,0.8845113515853882,0.7036615014076233
1023,UDP,2wtx,D,7bv3,A,4,[25],[25],UDP,UDP,1.0459376573562622,3.7020599842071533,0.8588780164718628,0.772493302822113,0.962691605091095,0.9398369193077087
1024,ADP,1xjq,A,6q45,F,4,[27],[27],ADP,ADP,8.145251274108887,4.056602954864502,0.6992372870445251,0.7770870923995972,0.99595046043396,0.8129985928535461
1025,NAP,2y05,A,5h81,B,4,[48],[48],NAP,NAP,1.5362708568572998,4.643864154815674,0.6696402430534363,0.8236126899719238,0.9487983584403992,0.7531389594078064
1026,SAH,2eg5,E,6cx6,B,4,[26],[26],SAH,SAH,1.04914128780365,4.567984580993652,0.7082052230834961,0.822172224521637,0.8664796948432922,0.737284779548645
1027,UPG,4r7p,A,5i1f,A,4,[36],[36],UPG,UPG,1.7893072366714478,4.240746021270752,0.9282395839691162,0.820475161075592,0.9577328562736511,0.8423141837120056
1028,NAD,2ag5,A,2dvm,A,4,[44],[44],NAD,NAD,2.313575267791748,4.445937156677246,0.8009650111198425,0.8072136640548706,0.9936476349830627,0.7824267745018005
1029,NAI,2a92,C,4itu,A,4,[44],[44],NAI,NAI,2.1190452575683594,4.754189491271973,0.6479239463806152,0.8419133424758911,0.9140546917915344,0.7355071902275085
1030,GNP,1z08,C,4zi2,A,4,[32],[32],GNP,GNP,0.8011751770973206,4.975924015045166,0.5178205966949463,0.8600956201553345,0.865932285785675,0.7034034132957458
1031,PYR,2nuy,A,3di1,B,4,[5],[5],PYR,PYR,1.443359613418579,4.987998008728027,0.5909095406532288,0.8897092342376709,0.9939504861831665,0.7510696649551392
1032,SAM,1i9g,A,3sxj,A,4,[27],[27],SAM,SAM,1.3885326385498047,4.712553977966309,0.7909775972366333,0.831353485584259,0.9240285158157349,0.7626987099647522
1033,GDP,2bov,A,3ieu,A,4,[28],[28],GDP,GDP,0.9261733293533325,4.844747543334961,0.506339430809021,0.8648853898048401,0.9713166952133179,0.6991170048713684
1034,BEF,6ww6,B,7lza,A,4,[4],[4],BEF,BEF,2.167588710784912,4.9205803871154785,0.5696006417274475,0.8514998555183411,0.9995235204696655,0.7145821452140808
1035,NAD,4m87,A,4za2,D,4,[44],[44],NAD,NAD,1.2748968601226807,4.856467247009277,0.6407301425933838,0.8440967202186584,0.9554824829101562,0.7724602818489075
1036,GNP,1wf3,A,6cu6,C,4,[32],[32],GNP,GNP,1.0080534219741821,4.766639709472656,0.487364262342453,0.8454661965370178,0.9972441792488098,0.6915445327758789
1037,NAP,3ngl,A,4hp8,B,4,[48],[48],NAP,NAP,2.0234038829803467,4.401327133178711,0.7278349995613098,0.8065885901451111,0.951608419418335,0.7291122078895569
1038,GNP,3ftq,B,6cc9,B,4,[32],[32],GNP,GNP,1.9774831533432007,4.003805160522461,0.8024806380271912,0.7213824391365051,0.9897929430007935,0.938230037689209
1039,ANP,3c41,J,4cej,A,4,[31],[31],ANP,ANP,3.323051929473877,3.686455249786377,0.7952275276184082,0.7371839284896851,0.9429669380187988,0.924140214920044
1040,UDP,5e9u,A,5tvg,A,4,[25],[25],UDP,UDP,1.3930267095565796,4.463959693908691,0.8608884215354919,0.8441939949989319,0.9632038474082947,0.8726332187652588
1041,NAD,4m87,A,4plf,B,4,[44],[44],NAD,NAD,2.0842878818511963,4.491046905517578,0.8666114807128906,0.8171943426132202,0.9202584624290466,0.7449086904525757
1042,ACO,3dr8,A,4ava,A,4,[51],[51],ACO,ACO,1.2207406759262085,4.648667812347412,0.5925834774971008,0.8613768815994263,0.9946140050888062,0.7555944323539734
1043,NDP,3anl,A,4imp,A,4,[48],[48],NDP,NDP,1.3346500396728516,4.384335517883301,0.7142745852470398,0.7979812026023865,0.9873993396759033,0.7029474377632141
1044,NAP,1yb5,A,5gxe,A,4,[48],[48],NAP,NAP,1.5452625751495361,4.978241920471191,0.6023454070091248,0.8695991635322571,0.8839532732963562,0.7366036176681519
1045,UDP,2iya,A,2wtx,D,4,[25],[25],UDP,UDP,0.7313888669013977,3.620769500732422,0.8499459028244019,0.7616115212440491,0.9293825626373291,0.9071169495582581
1046,GNP,5de3,A,6kyk,C,4,[32],[32],GNP,GNP,0.9144880175590515,4.909632205963135,0.47217288613319397,0.8527851700782776,0.875124990940094,0.7027254104614258
1047,GNP,2ywf,A,3q85,B,4,[32],[32],GNP,GNP,0.7713179588317871,4.833006381988525,0.42019715905189514,0.8571817874908447,0.9971893429756165,0.6982008814811707
1048,COA,1scu,A,5hbr,A,4,[48],[48],COA,COA,1.3693883419036865,4.716429710388184,0.6737765669822693,0.8372625708580017,0.8377986550331116,0.6955915689468384
1049,UDP,2d7i,A,5ggi,B,4,[25],[25],UDP,UDP,1.9290152788162231,4.570836544036865,0.7747291922569275,0.8515206575393677,0.9159455895423889,0.7631412744522095
1050,NDP,1o8c,A,3ing,A,4,[48],[48],NDP,NDP,2.0615665912628174,4.15171480178833,0.7497265338897705,0.7741090655326843,0.918281614780426,0.8236798644065857
1051,PLP,3if2,A,4r8d,A,4,[15],[16],PLP,PLP,0.9365134239196777,4.795631408691406,0.6199436783790588,0.8692725300788879,0.9062404036521912,0.7202860713005066
1052,GNP,3q85,B,6cc9,B,4,[32],[32],GNP,GNP,1.788556694984436,4.497241973876953,0.6939359903335571,0.7768229246139526,0.9996069073677063,0.8435811400413513
1053,GTP,1plk,A,3doe,A,4,[32],[32],GTP,GTP,0.8444187641143799,4.271103382110596,0.7969448566436768,0.8147673010826111,0.8766220808029175,0.8110715746879578
1054,ADP,2xgj,B,5ean,A,4,[27],[27],ADP,ADP,2.9859249591827393,3.8187596797943115,1.0449750423431396,0.7105914354324341,0.9387906193733215,1.0133180618286133
1055,SAM,3tka,A,4qtu,B,4,[27],[27],SAM,SAM,1.0274282693862915,4.780548572540283,0.6299390196800232,0.8447953462600708,0.9591816067695618,0.7901611328125
1056,MG,6kyk,C,8a3v,A,4,[1],[1],MG,MG,1.9776710271835327,4.202491283416748,0.6134377717971802,0.7932729125022888,0.9843385815620422,0.7961613535881042
1057,GDP,2atv,A,6cy5,B,4,[28],[28],GDP,GDP,1.0909831523895264,4.569772243499756,0.6028673052787781,0.8342047929763794,0.9953567981719971,0.7281947135925293
1058,GNP,1z08,C,5di3,B,4,[32],[32],GNP,GNP,1.068329095840454,4.846508026123047,0.4788721203804016,0.8432601094245911,0.9096469879150391,0.697257936000824
1059,GNP,1wf3,A,6cc9,B,4,[32],[32],GNP,GNP,1.8118817806243896,4.479558944702148,0.8378570675849915,0.7910085320472717,0.9711809754371643,0.8439293503761292
1060,UDP,2wtx,D,4pqg,A,4,[25],[25],UDP,UDP,0.8387197852134705,4.461743354797363,0.7544336915016174,0.8447141647338867,0.9990355372428894,0.8731048107147217
1061,NAI,2a92,C,4fw8,A,4,[44],[44],NAI,NAI,2.1429708003997803,4.550680637359619,0.6783732175827026,0.8085636496543884,0.9593039155006409,0.7622634172439575
1062,SAH,1zg3,A,3ofk,A,4,[26],[26],SAH,SAH,1.166430115699768,4.391772747039795,0.7583982944488525,0.783351480960846,0.9623110890388489,0.772055447101593
1063,GNP,5di3,B,6cc9,B,4,[32],[32],GNP,GNP,1.8228858709335327,4.492133617401123,0.7888756990432739,0.7888669967651367,0.933771550655365,0.9295432567596436
1064,GDP,4esv,C,5wds,A,4,[28],[28],GDP,GDP,3.191659927368164,4.16282320022583,0.5918862223625183,0.7980958223342896,0.9912018179893494,0.8014687895774841
1065,NAD,4nr0,A,5cee,A,4,[44],[44],NAD,NAD,2.371908664703369,4.382641792297363,0.7623074650764465,0.824753999710083,0.9471568465232849,0.7359597086906433
1066,GNP,3ftq,B,6kyk,C,4,[32],[32],GNP,GNP,1.0847129821777344,4.740626811981201,0.5812497735023499,0.8569034337997437,0.9901644587516785,0.7170318365097046
1067,GNP,2ywf,A,5de3,A,4,[32],[32],GNP,GNP,1.1232529878616333,4.84615421295166,0.4722437262535095,0.8546206951141357,0.9975139498710632,0.6969686150550842
1068,GNP,1wf3,A,2ywf,A,4,[32],[32],GNP,GNP,0.536497950553894,4.836770057678223,0.43099263310432434,0.863189697265625,0.9941667318344116,0.6922863125801086
1069,NDP,5c37,A,8b9z,P,4,[48],[48],NDP,NDP,1.3388879299163818,4.560153961181641,0.5896660089492798,0.8095428347587585,0.9991152286529541,0.7666211128234863
1070,SAM,3fpj,B,3mte,A,4,[26],[27],SAM,SAM,1.6306170225143433,4.435616970062256,0.6151063442230225,0.8066650032997131,0.9899954199790955,0.7274165749549866
1071,GNP,5de3,A,6cu6,C,4,[32],[32],GNP,GNP,0.2549930214881897,4.870277404785156,0.46454423666000366,0.8493080139160156,0.9119460582733154,0.7016395330429077
1072,ADP,2awn,D,3zq6,B,4,[27],[27],ADP,ADP,2.927513837814331,3.8587961196899414,0.7614786624908447,0.7412334084510803,0.8891741633415222,0.7944349050521851
1073,ANP,3b7g,A,4w7s,B,4,[31],[31],ANP,ANP,2.9513449668884277,4.292883396148682,0.654754638671875,0.7853353023529053,0.986204206943512,0.7900274395942688
1074,NAP,2y05,A,4zqb,B,4,[48],[48],NAP,NAP,1.8434542417526245,4.542611598968506,0.666477620601654,0.8207777142524719,0.9635199308395386,0.744683563709259
1075,NDP,1o8c,A,3anl,A,4,[48],[48],NDP,NDP,2.062908411026001,4.502023220062256,0.7027367353439331,0.8146242499351501,0.8363292813301086,0.6997542381286621
1076,ACO,1b87,A,4jwp,A,4,[51],[51],ACO,ACO,1.5797768831253052,4.73845100402832,0.5233892202377319,0.8632408380508423,0.9989593029022217,0.7331620454788208
1077,GDP,2bov,A,3o47,A,4,[28],[28],GDP,GDP,0.9606282114982605,4.7460103034973145,0.5454198122024536,0.8351057171821594,0.9278077483177185,0.6881974339485168
1078,UDP,2acv,A,5e9u,A,4,[25],[25],UDP,UDP,1.5317349433898926,4.054219722747803,0.9219904541969299,0.7695220112800598,0.9875264763832092,0.8171961903572083
1079,ACO,3dr8,A,6ao7,A,4,[51],[51],ACO,ACO,1.4752609729766846,4.705265045166016,0.5849929451942444,0.837517499923706,0.999178946018219,0.8064627647399902
1080,NAD,3nrc,A,4xgi,A,4,[44],[44],NAD,NAD,1.4079921245574951,4.4298176765441895,0.7706197500228882,0.8323928117752075,0.9956587553024292,0.7490442991256714
1081,ANP,4lrj,A,5gz9,A,4,[31],[31],ANP,ANP,1.409810185432434,3.974813938140869,0.6777638792991638,0.8218644261360168,0.9730423092842102,0.7721708416938782
1082,SAM,3fpj,B,6rie,O,4,[27],[27],SAM,SAM,2.819552183151245,4.225590229034424,0.7487115263938904,0.7651236057281494,0.9957480430603027,0.8217169642448425
1083,NAI,4fw8,A,6ct6,B,4,[44],[44],NAI,NAI,2.1155781745910645,4.572035789489746,0.7222087979316711,0.8154720664024353,0.9498203992843628,0.7567073106765747
1084,SAM,1i9g,A,3t7s,A,4,[27],[27],SAM,SAM,1.4091756343841553,4.78201961517334,0.7464044690132141,0.8416131734848022,0.9401904344558716,0.7720478177070618
1085,NAD,2c20,A,5i9n,A,4,[44],[44],NAD,NAD,1.0189881324768066,4.438515663146973,0.7036740779876709,0.7866514921188354,0.816976010799408,0.7663744688034058
1086,NDP,5c37,A,5vg6,B,4,[48],[48],NDP,NDP,2.1404404640197754,4.46427059173584,0.6700075268745422,0.8033875226974487,0.9410315155982971,0.7336911559104919
1087,GNP,2ywf,A,6cu6,C,4,[32],[32],GNP,GNP,1.0752817392349243,4.825192928314209,0.4690372049808502,0.8505716919898987,0.9752819538116455,0.7116374373435974
1088,GNP,1z08,C,6cc9,B,4,[32],[32],GNP,GNP,1.927120327949524,4.649585247039795,0.6959629058837891,0.7994712591171265,0.9993330240249634,0.8220982551574707
1089,PLP,2x3l,B,4uqv,G,4,[15],[15],PLP,PLP,1.131638765335083,4.585801601409912,0.8022266030311584,0.8428567051887512,0.9913353323936462,0.7727577090263367
1090,NAD,1lss,A,2dvm,A,4,[44],[44],NAD,NAD,4.057657718658447,4.518718242645264,0.7267453074455261,0.8325696587562561,0.9900310635566711,0.7363297343254089
1091,ACO,1b87,A,6v3t,A,4,[51],[51],ACO,ACO,2.5115747451782227,4.676988124847412,0.47856539487838745,0.8616483807563782,0.992379367351532,0.7195197939872742
1092,GTP,1svw,A,2v55,D,4,[32],[32],GTP,GTP,0.9973127841949463,4.789968490600586,0.7383577227592468,0.8549745678901672,0.9052572250366211,0.7505689859390259
1093,UTP,5ve7,A,6g9w,B,4,[29],[29],UTP,UTP,1.2584441900253296,4.271162986755371,0.775165319442749,0.829819917678833,0.9707939624786377,0.8532271981239319
1094,FE,1wb7,A,8avl,A,4,[1],[1],FE,FE,0.22882020473480225,4.398101329803467,0.4755152761936188,0.8670307397842407,0.9984182119369507,0.8319587707519531
1095,NAP,5h81,B,5uzx,A,4,[48],[48],NAP,NAP,2.223022699356079,4.617825984954834,0.8144662380218506,0.8216513991355896,0.9895557165145874,0.7582998871803284
1096,GNP,5xkt,A,6cu6,C,4,[32],[32],GNP,GNP,0.9549650549888611,4.53103494644165,0.525350034236908,0.8260534405708313,0.9870655536651611,0.7112065553665161
1097,NAI,4fw8,A,4plt,B,4,[44],[44],NAI,NAI,2.1345181465148926,4.69741153717041,0.6765226125717163,0.8365623354911804,0.957852840423584,0.7326803207397461
1098,ACO,1b87,A,4ava,A,4,[51],[51],ACO,ACO,2.0167977809906006,4.657190799713135,0.5310419797897339,0.8660740852355957,0.9989200830459595,0.7551310658454895
1099,NDP,3anl,A,4tqg,A,4,[48],[48],NDP,NDP,1.346555471420288,4.286205768585205,0.8260151147842407,0.784038245677948,0.9023756980895996,0.7097128033638
1100,SAM,3t7s,A,6rie,O,4,[27],[27],SAM,SAM,2.4634432792663574,4.612316131591797,0.5919288992881775,0.824533998966217,0.9946986436843872,0.8054618835449219
1101,GNP,4zi2,A,6cu6,C,4,[32],[32],GNP,GNP,1.006037950515747,4.908375263214111,0.513361930847168,0.8540480136871338,0.8739815354347229,0.7038291096687317
1102,NDP,1xhl,A,5c37,A,4,[48],[48],NDP,NDP,1.3292043209075928,4.66970682144165,0.6956747770309448,0.8280158638954163,0.9987607002258301,0.7553882002830505
1103,SAM,3mte,A,4ax8,A,4,[27],[26],SAM,SAM,0.8292418718338013,4.604031085968018,0.5988152623176575,0.8162353038787842,0.904504120349884,0.7301216721534729
1104,ADP,2hyd,A,6c90,A,4,[27],[27],ADP,ADP,3.571448802947998,4.046629905700684,0.9999047517776489,0.7585576176643372,0.9764499068260193,0.8164405226707458
1105,BEF,3a10,A,7lza,A,4,[4],[4],BEF,BEF,1.84074068069458,4.9719719886779785,0.5380066633224487,0.8677896857261658,0.979718029499054,0.6784602999687195
1106,ANP,5dzc,A,5gz9,A,4,[31],[31],ANP,ANP,1.2924007177352905,4.260894775390625,0.569900393486023,0.8211607933044434,0.9928451180458069,0.834194004535675
1107,SAH,3vse,A,5icc,A,4,[26],[26],SAH,SAH,0.9530588388442993,4.516824722290039,0.7579909563064575,0.8215678334236145,0.9286609292030334,0.7306828498840332
1108,UDP,2p73,A,5ggi,B,4,[25],[25],UDP,UDP,1.778488039970398,4.236774921417236,0.8230665326118469,0.8075778484344482,0.9735245108604431,0.810028612613678
1109,GNP,3q85,B,6kyk,C,4,[32],[32],GNP,GNP,0.7121926546096802,5.095833778381348,0.35393208265304565,0.8826634883880615,0.9701346158981323,0.6626564264297485
1110,AKG,3nnf,A,4xcb,A,4,[10],[10],AKG,AKG,1.7931135892868042,4.314187526702881,0.677423894405365,0.8609492182731628,0.9877243638038635,0.8156126141548157
1111,ADP,4ax8,A,5gza,A,4,[27],[27],ADP,ADP,1.3091025352478027,3.6806397438049316,0.7919348478317261,0.7535040378570557,0.8610344529151917,0.8136416673660278
1112,HEC,1cyc,A,1gjq,A,4,[43],[43],HEC,HEC,0.9893338680267334,3.7049293518066406,0.7866065502166748,0.7186383605003357,0.9954078197479248,0.738808274269104
1113,ATP,4ymu,J,5o6m,D,4,[31],[31],ATP,ATP,6.1579179763793945,3.863595485687256,0.7982254028320312,0.7941381931304932,0.9601431488990784,0.7908751368522644
1114,SAM,3mte,A,5zw4,A,4,[27],[26],SAM,SAM,1.2001640796661377,4.658611297607422,0.7410282492637634,0.8274186849594116,0.9914379119873047,0.767776608467102
1115,UDP,3hbn,A,5e9u,A,4,[25],[25],UDP,UDP,1.3406779766082764,4.275915145874023,0.9610311388969421,0.799081563949585,0.970463216304779,1.0320950746536255
1116,SAM,3mte,A,3sxj,A,4,[27],[26],SAM,SAM,0.8239482641220093,4.492609977722168,0.5135327577590942,0.7916545867919922,0.8819532990455627,0.7174552083015442
1117,UDP,5e9u,A,7zer,A,4,[25],[25],UDP,UDP,1.31325364112854,4.084578514099121,0.8646344542503357,0.7838495373725891,0.9831209778785706,0.7742478847503662
1118,SAM,3fpj,B,4qtu,B,4,[27],[27],SAM,SAM,1.4952527284622192,4.479477882385254,0.6778883934020996,0.78598952293396,0.9783751368522644,0.7365392446517944
1119,ACP,4ueu,A,7kjc,A,4,[31],[31],ACP,ACP,2.1227996349334717,4.962314605712891,0.4874151647090912,0.8703771829605103,0.9340407252311707,0.7855328917503357
1120,SAM,2uyq,A,6rie,O,4,[27],[17],SAM,SAM,2.5709426403045654,4.254417896270752,0.7040972113609314,0.7747248411178589,0.9825329780578613,0.8179317712783813
1121,SAM,3t7s,A,5zw4,A,4,[27],[27],SAM,SAM,1.2546242475509644,4.645912170410156,0.7564849257469177,0.8228797316551208,0.8478545546531677,0.7277204394340515
1122,UDP,5e9u,A,7bv3,B,4,[25],[25],UDP,UDP,1.5066593885421753,4.055241584777832,0.9181960225105286,0.7675339579582214,0.9805774688720703,0.8562741279602051
1123,UDP,2wtx,D,7zer,A,4,[25],[25],UDP,UDP,1.5840754508972168,3.706864833831787,1.0605747699737549,0.7758105993270874,0.9483011364936829,0.9137443900108337
1124,ACO,3dr8,A,7ovu,A,4,[51],[51],ACO,ACO,1.4650768041610718,4.550321578979492,0.7542598247528076,0.8254309296607971,0.9710202217102051,0.7623974084854126
1125,SAM,3dou,A,3mte,A,4,[26],[27],SAM,SAM,0.9253348112106323,4.454106330871582,0.627515435218811,0.8109918832778931,0.9734431505203247,0.7185426950454712
1126,ADP,3ug7,A,4edh,B,4,[27],[27],ADP,ADP,1.5460634231567383,4.274840354919434,0.6179872751235962,0.8187857866287231,0.9648588299751282,0.7665963172912598
1127,ADP,3kb1,A,4edh,B,4,[27],[27],ADP,ADP,1.76046621799469,4.294118404388428,0.6800681352615356,0.8044148087501526,0.9656705856323242,0.7430984377861023
1128,UDP,5e9u,A,5v0t,E,4,[25],[25],UDP,UDP,1.2716820240020752,4.395562648773193,0.8588446378707886,0.8448433876037598,0.9875147342681885,0.8629761934280396
1129,ADP,2awn,B,5m32,h,4,[27],[27],ADP,ADP,3.1312997341156006,4.161611557006836,0.9563376903533936,0.7989856600761414,0.9886283278465271,0.786678671836853
1130,ANP,2wtk,C,3fxx,A,4,[31],[27],ANP,ANP,1.5537022352218628,4.780697822570801,0.5642513036727905,0.8693252801895142,0.9314013123512268,0.7870145440101624
1131,UPG,2icy,B,5i1f,A,4,[36],[36],UPG,UPG,0.9627206921577454,4.051685810089111,0.8054361939430237,0.7970723509788513,0.9738293886184692,0.8999872207641602
1132,GTP,2v55,D,3doe,A,4,[32],[32],GTP,GTP,1.0693063735961914,4.896557807922363,0.5691300630569458,0.8436070680618286,0.9497268199920654,0.7531822323799133
1133,ATP,4v02,A,6ugd,E,4,[31],[31],ATP,ATP,1.5593373775482178,3.8725268840789795,0.7712988257408142,0.7215161323547363,0.9815254211425781,0.8647230267524719
1134,ADP,1xjq,A,4d26,A,4,[27],[27],ADP,ADP,8.173113822937012,3.611949920654297,0.9034423232078552,0.729614794254303,0.7765783667564392,0.7829352617263794
1135,ADP,3kb1,A,8a3v,A,4,[27],[27],ADP,ADP,3.18697452545166,4.064187049865723,0.5566977858543396,0.7500354051589966,0.9840476512908936,0.8099510669708252
1136,TPP,3ai7,A,4c7x,A,4,[26],[26],TPP,TPP,0.9301280379295349,3.9817371368408203,0.8270071744918823,0.7665668725967407,0.9492592811584473,0.9195523262023926
1137,UDP,2wtx,D,5e9u,A,4,[25],[25],UDP,UDP,1.2552318572998047,4.315352439880371,0.849352240562439,0.8276898860931396,0.9996054172515869,0.8921946883201599
1138,ACO,1hm8,A,4isx,A,4,[51],[51],ACO,ACO,7.015309810638428,4.346879005432129,0.6329200863838196,0.871997058391571,0.9677935242652893,0.7846803069114685
1139,ADP,2uvq,A,3h4m,A,4,[27],[27],ADP,ADP,1.6598213911056519,4.247557163238525,0.7293132543563843,0.7904964685440063,0.9861986041069031,0.7906366586685181
1140,UDP,2d7i,A,2p73,A,4,[25],[25],UDP,UDP,2.1372828483581543,4.339946746826172,0.899644136428833,0.8070521354675293,0.8478670120239258,0.7611314058303833
1141,MG,2p88,A,3d46,A,4,[1],[1],MG,MG,0.6933468580245972,4.767719745635986,0.6804230809211731,0.8693701028823853,0.9436732530593872,0.8188378214836121
1142,TPP,4c7x,A,6efg,D,4,[26],[26],TPP,TPP,1.1607328653335571,4.513545036315918,0.7640284299850464,0.8554957509040833,0.9935027360916138,0.8052640557289124
1143,CU,1cur,A,1nwo,A,4,[1],[1],CU,CU,0.15588930249214172,4.488976955413818,0.7030675411224365,0.8592848777770996,0.9893401265144348,0.7223845720291138
1144,FE,4ffk,A,8avl,A,4,[1],[1],FE,FE,0.05117391422390938,4.643204212188721,0.33792844414711,0.89000403881073,0.9991861581802368,0.8068925738334656
