ligand_id,tar_protein,tar_chain,src_protein,src_chain,cath_degree,src_ligand_n_atoms,tar_ligand_n_atoms,src_ligand,tar_ligand,ligand_rmsd,embedding_similarity,corr_rmsd,entropy,atom_type_fraction,radius_of_gyration,ligand_rmsd_loss
FUC,2nzy,C,2ygq,A,0,[10],[10],FUC,FUC,33.44623633080968,2.6627840995788574,1.6288241147994995,0.7028194069862366,0.6365565061569214,1.4342565536499023,7.698304653167725
FE,6l3w,A,6rxn,A,0,[1],[1],FE,FE,0.9622877718414059,1.8753883838653564,1.558575987815857,0.7325953841209412,0.4107171893119812,0.8929457664489746,0.8778165578842163
FE2,1ey2,A,4oj8,B,0,[1],[1],FE2,FE2,1.4230278604314475,2.429996490478516,1.475655198097229,0.682485818862915,0.789986252784729,1.0393468141555786,1.2457536458969116
ZN,4mvt,A,7s01,D,0,[1],[1],ZN,ZN,1.078305901678366,2.01316499710083,1.3418655395507812,0.611748456954956,0.9239070415496826,0.81765216588974,0.9733490943908693
FPS,3sae,A,4u82,A,0,[24],[20],FPS,FPS,9.168137534077646,2.564777135848999,1.4709415435791016,0.6697970032691956,0.7704522609710693,1.6041773557662964,4.783009052276611
OAA,3msu,B,4ros,A,0,[9],[9],OAA,OAA,24.96646747062038,2.763612747192383,1.4832757711410522,0.6854545474052429,0.7780554890632629,1.362232685089111,7.140117168426514
PYR,2h9d,A,2vpa,A,0,[6],[6],PYR,PYR,12.528215162054966,2.160137414932251,1.505218267440796,0.730402946472168,0.9198907613754272,1.2343343496322632,5.561121940612793
AR6,4iqy,A,8bau,A,0,[36],[36],AR6,AR6,21.12866711275747,2.318124771118164,1.5530216693878174,0.7408477067947388,0.8580974340438843,1.200664520263672,6.787527084350586
AKG,4hg3,A,4xcb,A,0,[10],[9],AKG,AKG,9.531112194335105,2.696824073791504,1.5047683715820312,0.7394479513168335,0.6540810465812683,1.188767671585083,4.879963874816895
PMB,1bh9,B,3oxh,A,0,[11],[11],PMB,PMB,15.574166720018535,2.425667285919189,1.5562530755996704,0.6949824094772339,0.8365252614021301,1.1170876026153564,6.089804172515869
ATP,3vnq,A,4x2d,A,0,[31],[31],ATP,ATP,6.721671956694885,2.5046093463897705,1.6593067646026611,0.7436250448226929,0.6630222797393799,1.098801612854004,4.0197367668151855
FE2,2de6,B,4m33,A,0,[1],[1],FE2,FE2,1.9588023742575242,2.3141472339630127,1.2399922609329224,0.6383139491081238,0.8566389083862305,1.4759434461593628,1.6379586458206177
PNS,2lml,A,7x0f,C,0,[21],[21],PNS,PNS,16.51860150754341,3.828932285308838,0.6756524443626404,0.7784180045127869,0.9773802161216736,0.7720354199409485,6.229062080383301
COA,1khr,A,1xvt,A,0,[48],[48],COA,COA,8.90105326303889,2.5654282569885254,1.66375470161438,0.7013919949531555,0.9308952689170836,1.1863054037094116,4.70928955078125
CO,2xvz,A,4uob,A,0,[1],[1],CO,CO,23.21706881960606,1.9661355018615725,1.710040807723999,0.7130115628242493,0.5433923602104187,0.8923792839050293,6.989499568939209
GTP,2v55,D,6oix,C,0,[32],[32],GTP,GTP,11.316140169738174,2.3330090045928955,1.4848078489303589,0.7533267736434937,0.816679835319519,1.040384292602539,5.308719158172607
WO4,1lgp,A,3cg3,A,0,[5],[5],WO4,WO4,8.30913071370227,2.106551170349121,1.7140885591506958,0.6568824052810669,0.5548727512359619,1.0446239709854126,4.538244247436523
WO4,1lgp,A,3cg1,A,0,[5],[5],WO4,WO4,16.957313225517897,2.675828456878662,1.5505417585372925,0.6735446453094482,0.6514939665794373,1.19497811794281,6.290431499481201
SAM,4qtu,B,6ift,A,0,[27],[27],SAM,SAM,1.3338748464758357,4.728664875030518,0.6424398422241211,0.8456112742424011,0.940771222114563,0.7555668950080872,1.1768921613693235
PNS,4h2y,D,7x0f,C,0,[21],[21],PNS,PNS,5.1946841732678495,3.971825122833252,0.7747752070426941,0.7938718199729919,0.998246729373932,0.807496964931488,3.418751001358032
OAA,2h12,B,4ros,A,0,[9],[9],OAA,OAA,3.3822909734119784,2.35573673248291,1.519565463066101,0.6939318180084229,0.6126769185066223,1.2170675992965698,2.527437925338745
WO4,1lgp,A,3cfz,A,0,[5],[5],WO4,WO4,12.168475815808435,2.3412325382232666,1.5488362312316897,0.6969993710517883,0.7317072749137878,0.9971440434455872,5.4890899658203125
FE2,4m33,A,4r88,B,0,[1],[1],FE2,FE2,3.4501580134716305,2.401169538497925,1.90414297580719,0.7066037654876709,0.7553372383117676,1.106459140777588,2.56514310836792
NDP,4b7f,A,5c37,A,0,[48],[48],NDP,NDP,64.13139641833799,2.676842212677002,1.4375271797180176,0.6625460386276245,0.96013343334198,1.1196832656860352,8.651043891906738
CU1,2n0m,A,4m1p,A,0,[1],[1],CU1,CU1,17.17029513456354,2.4079043865203857,1.4363957643508911,0.6796133518218994,0.8702118396759033,0.9114060401916504,6.319509983062744
AKG,4qkb,A,5xvv,B,0,[10],[10],AKG,AKG,12.284843844722982,2.2930853366851807,1.538068771362305,0.7064851522445679,0.6037895679473877,1.121824026107788,5.512645244598389
OXY,4ako,A,4yu3,A,0,[2],[2],OXY,OXY,1.2208856644661163,2.823216438293457,1.656383395195007,0.7447046041488647,0.7717990279197693,1.0390516519546509,1.0880475044250488
AR6,6lh4,A,8bau,A,0,[36],[36],AR6,AR6,5.980483429832227,2.6624526977539062,1.4071221351623535,0.7606450319290161,0.8031640648841858,1.1191260814666748,3.742367029190064
FE,2amu,A,6wb6,A,0,[1],[1],FE,FE,1.6245197507588718,1.9083261489868164,1.5663474798202517,0.6624965071678162,0.9050526022911072,1.1497851610183716,1.3974940776824951
CU1,1k0v,A,2n0m,A,0,[1],[1],CU1,CU1,1.532588322734102,2.7918810844421387,1.5440635681152344,0.7642751932144165,0.649552583694458,1.1719443798065186,1.3289196491241455
COA,1kru,A,2ahv,A,0,[48],[48],COA,COA,21.984914341700712,2.4214928150177,1.4976890087127686,0.6530562043190002,0.8918398022651672,1.1992528438568115,6.873526096343994
AKG,1nx4,C,4xcb,A,0,[10],[10],AKG,AKG,1.734125115818527,4.195871829986572,0.7911900281906128,0.8542619347572327,0.992239236831665,0.864007830619812,1.4778478145599363
PYR,2vpa,A,3di1,B,0,[5],[6],PYR,PYR,10.540558541246115,2.636874198913574,1.5527422428131104,0.7432392239570618,0.788936972618103,1.0598455667495728,5.131583213806152
IPE,3krf,D,8jya,B,0,[14],[14],IPE,IPE,10.409610760389265,2.469698429107666,1.5338492393493652,0.7036488056182861,0.7600651979446411,1.3761086463928225,5.100347518920898
PNS,4h2w,D,7x0f,C,0,[21],[21],PNS,PNS,5.146504545572074,4.023165702819824,0.7372531294822693,0.7953017354011536,0.9987367987632751,0.8002634048461914,3.3978166580200195
MN,1gsl,A,6oiw,A,0,[1],[1],MN,MN,2.4518198630725654,2.242856979370117,1.5592612028121948,0.6809371113777161,0.7099208235740662,1.032033085823059,1.9690454006195068
CO,3l0s,A,4q0p,A,0,[1],[1],CO,CO,27.642767844241675,2.767320394515991,1.546968698501587,0.7571817636489868,0.866280198097229,1.1749123334884644,7.343447208404541
PYR,2h9d,A,2nuy,A,0,[5],[6],PYR,PYR,11.582743289972008,2.0358786582946777,1.7972246408462524,0.7243488430976868,0.4596714973449707,1.0188900232315063,5.366668701171875
PYR,2h9d,A,5w5r,A,0,[6],[6],PYR,PYR,29.277834672715922,1.8798232078552248,1.681326150894165,0.679507315158844,0.7037764191627502,1.0473846197128296,7.454034805297852
CO,4d07,A,4q0p,A,0,[1],[1],CO,CO,27.574568107434335,2.587963104248047,1.5070990324020386,0.737068772315979,0.8309786319732666,1.0177804231643677,7.338625431060791
NDP,3anl,A,6rjr,A,0,[48],[48],NDP,NDP,24.656566257494333,2.63138198852539,1.5146198272705078,0.7240599989891052,0.9285457730293274,1.066001534461975,7.114543914794922
ANP,5gz9,A,7x4n,E,0,[31],[31],ANP,ANP,1.5534479157275352,3.0790581703186035,1.2889946699142456,0.7185035347938538,0.61525559425354,1.06641948223114,1.3445751667022705
AKG,3bn1,A,3nnf,A,0,[10],[10],AKG,AKG,3.8345250810600215,2.965762138366699,1.4567341804504397,0.7303595542907715,0.6950624585151672,1.2006205320358276,2.771707057952881
ZN,1mh2,A,2i2r,L,0,[1],[1],ZN,ZN,32.13682726860833,2.4232287406921387,1.5691919326782229,0.744755744934082,0.968884289264679,1.2509669065475464,7.626779079437256
GAL,2j5z,A,7byv,A,0,[12],[12],GAL,GAL,29.704485240354707,2.151766538619995,1.5755090713500977,0.7208089828491211,0.9290304780006408,1.1125311851501465,7.481392860412598
FE2,3ven,A,7eyr,C,0,[1],[1],FE2,FE2,1.8528258151999746,2.3900279998779297,1.4630910158157349,0.7302892804145813,0.6905871033668518,1.1361830234527588,1.5631933212280271
WO4,1lgp,A,2hcm,A,0,[5],[5],WO4,WO4,12.718106177403742,2.5448036193847656,1.5935014486312866,0.662201464176178,0.6375623345375061,1.015261173248291,5.598224639892578
SAM,1cma,B,3ou7,A,0,[27],[27],SAM,SAM,22.506082242332404,2.6993210315704346,1.5349740982055664,0.7180696129798889,0.9516245126724244,1.32289719581604,6.923652648925781
CU,1cur,A,6kob,A,0,[1],[1],CU,CU,0.4314299183597698,2.084606647491455,1.5049282312393188,0.6920157670974731,0.3654126822948456,0.7865219712257385,0.4135865569114685
ZN,1dth,A,3bvo,A,0,[1],[1],ZN,ZN,0.4472975557966278,2.1840944290161133,1.6011934280395508,0.709248423576355,0.2804466784000397,1.0721522569656372,0.4281466603279114
COA,1kru,A,4ubt,A,0,[48],[48],COA,COA,23.18864008444529,2.570720672607422,1.4499000310897827,0.7358459234237671,0.7856366634368896,1.253144145011902,6.986920833587647
RBF,1kyv,E,5kbw,B,0,[27],[27],RBF,RBF,7.490747548074176,2.6539201736450195,1.4002267122268677,0.764549970626831,0.7417949438095093,1.0410174131393433,4.282691478729248
SAH,3orh,A,6cu5,A,0,[26],[26],SAH,SAH,0.998193971254066,4.485800743103027,0.6287239789962769,0.796403169631958,0.9991484880447388,0.8063884377479553,0.907598078250885
PYR,2nuy,A,2vpa,A,0,[6],[5],PYR,PYR,10.755745346947668,2.761230945587158,1.493204951286316,0.7582924365997314,0.8741219639778137,0.9692553877830504,5.182056903839111
FAD,2ed4,A,6gna,A,0,[53],[53],FAD,FAD,7.1278337180214795,2.4033217430114746,1.6485041379928589,0.6910515427589417,0.8517281413078308,1.0385843515396118,4.161550045013428
BMA,5swi,B,5wvp,A,0,[12],[12],BMA,BMA,11.784669835550648,2.371710062026977,1.611020803451538,0.7107021808624268,0.6654863357543945,1.2098222970962524,5.409615993499756
MN,3ib7,A,5c5u,B,0,[1],[1],MN,MN,4.614635228035375,2.4535765647888184,1.5394072532653809,0.7574310302734375,0.8281182050704956,1.0099164247512815,3.157543897628784
ZN,1x0t,A,4gua,A,0,[1],[1],ZN,ZN,40.08298796805812,2.308427572250366,1.5396894216537476,0.6872255802154541,0.8455596566200256,1.4852203130722046,8.003314018249512
MN,2qgi,A,3zvx,A,0,[1],[1],MN,MN,0.8709127705267009,2.4047951698303223,1.4547933340072632,0.7317129373550415,0.6665819883346558,1.060543656349182,0.8011404275894165
AKG,1nx4,C,3nnf,A,0,[10],[10],AKG,AKG,1.7221214551816462,4.184515953063965,0.7441229820251465,0.8536589741706848,0.9827864170074464,0.8345550298690796,1.469120979309082
AKG,3nnf,A,5xvv,B,0,[10],[10],AKG,AKG,14.816032101121847,2.3733954429626465,1.5319654941558838,0.6854217052459717,0.8706409335136414,1.3349730968475342,5.970346927642822
NDP,1o8c,A,4b7f,A,0,[48],[48],NDP,NDP,17.045574745158746,2.159058094024658,1.5746312141418457,0.6986269950866699,0.7892954349517822,1.121105670928955,6.302537441253662
MN,3zvx,A,4chg,A,0,[1],[1],MN,MN,3.826956609084786,2.568155527114868,1.7809675931930542,0.7706422805786133,0.9310914278030396,1.0202436447143557,2.7677505016326904
AYE,8bs3,A,8st9,C,0,[4],[4],AYE,AYE,48.274942201671706,1.353694200515747,1.6226375102996826,0.647871196269989,0.95324045419693,1.055535078048706,8.28399658203125
CU1,2ccw,A,4m1p,A,0,[1],[1],CU1,CU1,14.16743348819575,2.564715623855591,1.5165492296218872,0.6755461692810059,0.8954246044158936,1.1402674913406372,5.8622002601623535
FE2,3ven,A,5zur,B,0,[1],[1],FE2,FE2,4.552237148884201,2.2205259799957275,1.5270965099334717,0.7028020620346069,0.8565747737884521,1.048324465751648,3.128204345703125
ATP,2e5y,A,6tdz,C,0,[31],[31],ATP,ATP,16.822283468605303,2.4328126907348637,1.4552191495895386,0.7032637596130371,0.9577532410621644,1.0740798711776731,6.271756649017334
CO,3dwc,B,4ob3,A,0,[1],[1],CO,CO,18.204999575677995,2.274258613586426,1.503598690032959,0.7037299871444702,0.919252872467041,1.2131032943725586,6.454529285430908
COA,1kru,A,4x0o,E,0,[27],[48],COA,COA,26.88623908817213,2.5951476097106934,1.3737173080444336,0.7085310816764832,0.5117937326431274,1.2355573177337646,7.288961887359619
NAD,4han,A,7f8d,A,0,[44],[44],NAD,NAD,20.109997618079852,2.3230385780334477,1.519808650016785,0.7117253541946411,0.8956756591796875,1.1203484535217283,6.678843975067139
CU,1oac,B,6kob,A,0,[1],[1],CU,CU,1.4639155882932824,2.1189284324646,1.550542235374451,0.7283733487129211,0.8710607886314392,1.102027177810669,1.2769769430160522
FMN,5v57,A,6cmz,A,0,[31],[31],FMN,FMN,21.85681543647813,2.8841538429260254,1.375676512718201,0.6826125383377075,0.9132468700408936,1.1158874034881592,6.860954284667969
SAM,1cma,B,2uyq,A,0,[17],[27],SAM,SAM,22.68556088690057,2.6212306022644043,1.655573487281799,0.7001969218254089,0.7879266738891602,1.2525135278701782,6.940545082092285
SAM,3kkz,A,6ift,A,0,[27],[27],SAM,SAM,1.1936945796821468,4.591004371643066,0.8085715174674988,0.8304522037506104,0.9399706721305848,0.7740532755851746,1.066399097442627
COA,1khr,A,4ubt,A,0,[48],[48],COA,COA,22.287759930730303,2.659773349761963,1.2506781816482544,0.7088533043861389,0.7719501256942749,1.282756805419922,6.902851104736328
FE2,5zur,B,7eyr,C,0,[1],[1],FE2,FE2,1.172271802577198,2.400135040283203,1.6207231283187866,0.7173807621002197,0.8304476737976074,1.0683317184448242,1.0492689609527588
CO,3dwc,B,7s0w,B,0,[1],[1],CO,CO,1.8768595979866811,2.1684911251068115,1.3387919664382937,0.7366960644721985,0.6699802279472351,0.946908175945282,1.5802658796310425
HEM,1bcf,A,2ibj,A,0,[43],[43],HEM,HEM,16.065607736437514,2.2548699378967285,1.6198269128799438,0.765175998210907,0.6101895570755005,1.026641845703125,6.163527011871338
NAD,1nr5,B,4han,A,0,[44],[44],NAD,NAD,10.493623055873176,1.9974396228790283,1.6685575246810913,0.6631191372871399,0.8431597948074341,1.1050245761871338,5.120433330535889
MN,1hql,A,4ilk,A,0,[1],[1],MN,MN,1.833552189278422,1.983937740325928,1.9428014755249023,0.68735671043396,0.7302099466323853,1.2234240770339966,1.5494520664215088
PYR,2h9d,A,3noj,A,0,[6],[6],PYR,PYR,11.928474229688772,2.143425464630127,1.563233494758606,0.6950718760490417,0.4210485219955444,1.363774061203003,5.439719200134277
AES,3tgw,B,4dq5,A,0,[13],[13],AES,AES,39.864861041198886,2.3242297172546387,1.4213752746582031,0.6941766142845154,0.9197914600372314,1.1485246419906616,7.994579792022705
FE,1xvx,A,3fvz,A,0,[1],[1],FE,FE,36.18837014002849,2.2193775177001958,1.5390485525131226,0.6977744102478027,0.7509635090827942,0.9853637218475342,7.8349528312683105
AR6,5zdb,A,8bau,A,0,[36],[36],AR6,AR6,13.918962906966426,2.598341703414917,1.5062144994735718,0.7111161947250366,0.865225613117218,1.311362385749817,5.819216728210449
ACO,4isx,A,4jvt,A,0,[48],[51],ACO,ACO,14.966787769232171,2.708590507507324,1.6332807540893557,0.7726370096206665,0.7792353630065918,1.1685338020324707,5.994678974151611
OXY,1oqu,C,4ako,A,0,[2],[1],OXY,OXY,28.65536986839695,2.4681224822998047,1.5252363681793213,0.7755680084228516,0.7610262632369995,0.9732834100723268,7.413037300109863
CA,2bl0,C,2yfr,A,0,[1],[1],CA,CA,50.115084668124005,2.136056423187256,1.56465744972229,0.6286941170692444,0.9642308950424194,1.0017001628875732,8.33652400970459
FE,2q4a,B,3fvz,A,0,[1],[1],FE,FE,36.52221202519781,2.4647226333618164,1.2345725297927856,0.7392657995223999,0.8624700307846069,1.006702184677124,7.850489139556885
AKG,4oj8,B,4xcb,A,0,[10],[10],AKG,AKG,1.2630449784786435,4.258764743804932,0.7880699038505554,0.8481987714767456,0.9458693265914916,0.8667073249816895,1.121406316757202
PYR,2vpa,A,3noj,A,0,[6],[6],PYR,PYR,20.349627842412186,2.602362632751465,1.4504135847091677,0.7479699850082397,0.9293851852416992,0.961201310157776,6.705066680908203
FE,7vx0,B,8avl,A,0,[1],[1],FE,FE,2.0992779671963135,2.484848976135254,1.3874257802963257,0.7475638389587402,0.8169772028923035,1.1346670389175415,1.735044002532959
FE,6gq8,A,7vx0,B,0,[1],[1],FE,FE,1.9220271798538824,2.321844577789306,1.43979012966156,0.7240291237831116,0.7319623827934265,1.0430480241775513,1.6121647357940674
SO3,1yt8,A,2hz1,A,0,[4],[4],SO3,SO3,25.93102497085206,2.620330572128296,1.583333969116211,0.7007894515991211,0.6723973751068115,1.2632803916931152,7.21688985824585
AKG,3nnf,A,4xgi,A,0,[10],[10],AKG,AKG,3.155044485699348,2.4879262447357178,1.3760673999786377,0.7296539545059204,0.919839322566986,1.169489860534668,2.398353338241577
NI,3skd,A,5i8s,A,0,[1],[1],NI,NI,0.5579774234118025,2.42352557182312,1.478055119514465,0.750255823135376,0.7732659578323364,0.956290602684021,0.5284889340400696
RBF,2cc8,A,5kbw,B,0,[27],[27],RBF,RBF,16.7889116506458,2.3087973594665527,1.6101332902908323,0.7003679275512695,0.9864932894706726,1.0017530918121338,6.267112255096436
ZN,2glz,A,5lhd,C,0,[1],[1],ZN,ZN,3.0314247087109787,1.9361252784729004,1.4528396129608154,0.6652738451957703,0.3764857351779938,1.1432640552520752,2.326241970062256
CO,3dwc,B,3l0s,A,0,[1],[1],CO,CO,27.27930897667626,2.3721399307250977,1.4784640073776243,0.693449079990387,0.854576826095581,1.193477988243103,7.317546844482422
ZN,1mh2,A,2emk,A,0,[1],[1],ZN,ZN,12.349481768322262,2.5794787406921387,1.515715479850769,0.6338195204734802,0.8036214709281921,1.2209161520004272,5.525623321533203
FE2,3gcf,A,4m33,A,0,[1],[1],FE2,FE2,3.720867963555646,2.088875293731689,1.3989121913909912,0.6659034490585327,0.7997618913650513,1.3879339694976809,2.711831331253052
CA,2n8y,A,4f9j,A,0,[1],[1],CA,CA,44.58737589885642,2.493628978729248,1.5325820446014404,0.6896103024482727,0.8770748972892761,1.045580506324768,8.168074607849121
PYR,2h9d,A,3di1,B,0,[5],[6],PYR,PYR,12.450118478148584,2.351485252380371,1.5788047313690186,0.6965867280960083,0.8653701543807983,1.173849105834961,5.545680522918701
FE,3pqi,A,6wb6,A,0,[1],[1],FE,FE,3.9803623144615563,1.80741822719574,1.481595754623413,0.5789216160774231,0.8206574320793152,1.1977821588516235,2.84710955619812
SAM,2uyq,A,6ift,A,0,[27],[17],SAM,SAM,1.1606055453598902,4.299314022064209,0.8952053785324097,0.7959092855453491,0.9811305403709412,0.7622005939483643,1.0399127006530762
FE2,1ey2,A,4m33,A,0,[1],[1],FE2,FE2,2.7235704349801844,2.4016361236572266,1.6084173917770386,0.7254490256309509,0.6572543382644653,1.1669803857803345,2.140570878982544
CO,4d07,A,4uob,A,0,[1],[1],CO,CO,42.08488351415603,2.357243299484253,1.7044200897216797,0.7265539169311523,0.7049217224121094,1.1880289316177368,8.080057144165039
PYR,2h9d,A,4plf,B,0,[6],[6],PYR,PYR,9.902831492178052,1.8023247718811035,1.323905110359192,0.707424521446228,0.7743504047393799,0.913897693157196,4.975589275360107
ZN,2en2,A,5lhd,C,0,[1],[1],ZN,ZN,1.0435524401572496,2.0330286026000977,1.2819780111312866,0.7035180926322937,0.6676821708679199,0.8927245736122131,0.9449427127838136
TTP,4xjc,A,7t18,A,0,[29],[29],TTP,TTP,24.54708870034607,2.703973293304444,1.6739856004714966,0.6767329573631287,0.8647972345352173,1.0818299055099487,7.105400085449219
SAM,1cma,B,1i9g,A,0,[27],[27],SAM,SAM,21.817472883525234,2.6333770751953125,1.632435321807861,0.7397969365119934,0.9047613143920898,1.1814441680908203,6.857072830200195
FE,3e13,X,5guw,B,0,[1],[1],FE,FE,2.9930974603433342,2.559213161468506,1.49661386013031,0.7208412885665894,0.6771889328956604,1.2047113180160522,2.303605794906616
ADP,2uvq,A,8fny,A,0,[27],[27],ADP,ADP,19.12455866715014,2.5424346923828125,1.7528332471847534,0.7112658023834229,0.8935451507568359,1.325390338897705,6.566471576690674
PYR,2vpa,A,4plf,B,0,[6],[6],PYR,PYR,13.5924421458949,2.834564208984375,1.502328872680664,0.7010616064071655,0.8518506288528442,1.1650254726409912,5.761354446411133
ATP,2jk8,A,4v02,A,0,[31],[9],ATP,ATP,4.768809703665276,2.56427001953125,1.676750421524048,0.7015367746353149,0.8455467224121094,1.0574524402618408,3.228973627090454
FE2,3vb0,A,4m33,A,0,[1],[1],FE2,FE2,2.4981206873676745,2.3478779792785645,1.4929591417312622,0.6865128874778748,0.8111074566841125,1.040241837501526,1.998797059059143
COA,1a59,A,4ubt,A,0,[48],[46],COA,COA,13.385974539571118,2.3697452545166016,1.510071039199829,0.7273098230361938,0.8657195568084717,1.0490046739578247,5.72393274307251
NI,1xm5,A,3skd,A,0,[1],[1],NI,NI,1.9495317876601308,2.623778343200684,1.3633742332458496,0.7525671720504761,0.7743157744407654,1.094034194946289,1.6314712762832642
OXY,1oqu,C,4qur,A,0,[2],[1],OXY,OXY,28.796597172697094,2.102940082550049,1.5071333646774292,0.6769482493400574,0.6519677042961121,1.0918300151824951,7.422454357147217
FE2,2de6,B,5zur,B,0,[1],[1],FE2,FE2,1.0057054306582638,1.9023902416229248,1.5491451025009155,0.7042703032493591,0.7278447151184082,1.0294674634933472,0.9138036966323853
FE2,3acl,A,3ven,A,0,[1],[1],FE2,FE2,2.846846609538996,2.2515642642974854,1.721279263496399,0.7537451982498169,0.7117961645126343,1.081351399421692,2.2159886360168457
FE,2amu,A,8avl,A,0,[1],[1],FE,FE,0.7008475712239806,2.53398871421814,1.5470669269561768,0.743088960647583,0.7434956431388855,0.9765172600746156,0.6549458503723145
ANP,5gz9,A,5ljw,A,0,[31],[31],ANP,ANP,3.1007151460027287,3.0934529304504395,1.5111571550369265,0.7463932037353516,0.7917453646659851,1.0877037048339844,2.3668289184570312
COA,1kru,A,5kl9,A,0,[48],[48],COA,COA,27.20242435079645,2.3999242782592773,1.4339380264282229,0.7026172876358032,0.960266649723053,1.321091651916504,7.312003135681152
ZN,5n0c,A,6iq1,B,0,[1],[1],ZN,ZN,2.888609584220667,1.8288373947143557,1.6673710346221924,0.6209007501602173,0.5280659198760986,1.7725762128829956,2.241211175918579
CA,1tah,B,2bl0,B,0,[1],[1],CA,CA,49.327590167440476,2.5837831497192383,1.5611467361450195,0.7110475897789001,0.8514361381530762,1.1338913440704346,8.314443588256836
MG,2p88,A,3cc2,T,0,[1],[1],MG,MG,30.599756457836037,2.119991540908813,1.7918787002563477,0.7442460060119629,0.8087989687919617,1.0652095079421997,7.536931037902832
NDP,1o8c,A,6rjr,A,0,[48],[48],NDP,NDP,14.369769870526534,2.564680814743042,1.3973907232284546,0.6939502954483032,0.7891339063644409,1.1764661073684692,5.896555423736572
CO,3l0s,A,4uob,A,0,[1],[1],CO,CO,42.37249956296981,2.8153088092803955,1.055458903312683,0.6731852293014526,0.9570492506027222,0.7769016027450562,8.090600967407227
PYR,2vpa,A,5lu4,A,0,[6],[6],PYR,PYR,34.44244770496932,1.625580668449402,1.5122424364089966,0.5669612288475037,0.8777804374694824,0.9492729902267456,7.749898910522461
AR6,3sig,A,8bau,A,0,[36],[36],AR6,AR6,13.58000102093892,2.4955201148986816,1.5994926691055298,0.7337213754653931,0.8221967220306396,1.225519061088562,5.75911808013916
SAM,1cma,B,3dou,A,0,[27],[27],SAM,SAM,20.1466758762854,2.5282907485961914,1.5972754955291748,0.7407828569412231,0.9265355467796326,1.0982229709625244,6.682884693145752
SAM,1cma,B,3kkz,A,0,[27],[27],SAM,SAM,23.06517845782383,2.488492488861084,1.5587257146835327,0.7036781907081604,0.9576472640037536,1.3152167797088623,6.975670337677002
FE2,4m33,A,7eyr,C,0,[1],[1],FE2,FE2,0.6665970192264637,2.6215405464172363,1.4054964780807495,0.7134153842926025,0.5233721137046814,1.032162070274353,0.6249387860298157
ATP,1b0u,A,2e5y,A,0,[31],[31],ATP,ATP,34.662856081662575,2.4083681106567383,1.423933744430542,0.7450421452522278,0.8941024541854858,0.9494351744651794,7.761003017425537
FE,1do6,A,1wb7,A,0,[1],[1],FE,FE,0.6104433865506276,2.4612886905670166,1.536455750465393,0.7241960763931274,0.7116655111312866,1.0201042890548706,0.5753231644630432
FE2,1e5s,A,3ven,A,0,[1],[1],FE2,FE2,2.0423877979659455,2.40372896194458,1.526374340057373,0.6884868741035461,0.7080047130584717,1.275107741355896,1.695999026298523
OXY,4qur,A,4yu3,A,0,[2],[2],OXY,OXY,1.8633342258944916,2.3083648681640625,1.5966224670410156,0.7349246144294739,0.8592999577522278,1.0496798753738403,1.5706665515899658
HEM,1aom,B,7bwh,A,0,[43],[43],HEM,HEM,21.107081146514712,1.8751013278961184,1.3610854148864746,0.7034332752227783,0.92084401845932,1.2224489450454712,6.785297870635986
SAM,1cma,B,5zw4,A,0,[27],[27],SAM,SAM,21.58231596803324,2.549278974533081,1.6488245725631714,0.7250456809997559,0.6164566874504089,1.173069953918457,6.8336710929870605
NAD,3czm,B,4han,A,0,[44],[44],NAD,NAD,18.423815126581168,2.4704036712646484,1.504132628440857,0.6646469831466675,0.6283390522003174,1.1440825462341309,6.481823444366455
ANP,3zfd,A,5gz9,A,0,[31],[31],ANP,ANP,1.8220662208420915,3.1539828777313232,1.4110932350158691,0.7326866388320923,0.7014060020446777,1.0647735595703125,1.5412417650222778
COA,1khr,A,3nfd,E,0,[27],[48],COA,COA,10.322926010141927,2.561433792114258,1.4037079811096191,0.7208786010742188,0.8887701034545898,1.293513298034668,5.079448699951172
FE2,4m33,A,4oj8,B,0,[1],[1],FE2,FE2,3.1980927904051217,2.206746816635132,1.6743109226226809,0.7110884189605713,0.7625012397766113,1.2109051942825315,2.423147678375244
FE2,3acl,A,4oj8,B,0,[1],[1],FE2,FE2,0.7942372395849804,3.239419221878052,1.0069174766540527,0.7485322952270508,0.8637831807136536,0.7328759431838989,0.7357974648475647
FE,1nf6,F,2amu,A,0,[1],[1],FE,FE,0.7098162504026343,2.3124489784240723,1.5586037635803225,0.7292599081993103,0.4271822869777679,1.076077222824097,0.6627716422080994
FE2,4oj8,B,7eyr,C,0,[1],[1],FE2,FE2,0.18321369789400263,4.299758434295654,0.697754979133606,0.8458828926086426,0.8411372303962708,0.8105272054672241,0.1799173653125763
CO,4q0p,A,7s0w,B,0,[1],[1],CO,CO,1.2834422442415139,2.2820255756378174,1.539184808731079,0.7132772207260132,0.6939157247543335,1.0138708353042605,1.137456297874451
ACO,1b87,A,4isx,A,0,[51],[51],ACO,ACO,5.374479261169424,2.731331825256348,1.502464771270752,0.7104309797286987,0.8736960887908936,1.169090747833252,3.4957146644592285
AMP,2gm3,A,5dy9,E,0,[23],[23],AMP,AMP,6.054287577362355,2.870903491973877,1.50825834274292,0.7342135310173035,0.9152746200561525,1.1356183290481567,3.771134376525879
AKG,3nnf,A,4hg3,A,0,[9],[10],AKG,AKG,7.610526384736165,2.588240623474121,1.5500428676605225,0.7369290590286255,0.4240453839302063,1.185896396636963,4.321578025817871
AKG,4xcb,A,5xvv,B,0,[10],[10],AKG,AKG,14.218817847039631,2.311001777648926,1.5465322732925415,0.6412398815155029,0.776195764541626,1.384339690208435,5.870979309082031
COA,3fsb,A,6qfb,C,0,[48],[48],COA,COA,30.55694947206299,2.197509765625,1.6678264141082764,0.6003119945526123,0.8427397012710571,1.5291786193847656,7.534331321716309
ZN,2nly,A,5aja,B,0,[1],[1],ZN,ZN,19.22484793241174,2.3694138526916504,1.7347750663757324,0.7395814657211304,0.7103458046913147,1.227696657180786,6.578254222869873
BMA,5a7v,A,5wvp,A,0,[12],[12],BMA,BMA,5.419619076252356,2.0605483055114746,1.495812177658081,0.7205203175544739,0.9376899600028992,1.1183041334152222,3.5147554874420166
FE2,1ey2,A,5j92,B,0,[1],[1],FE2,FE2,1.3383629412382325,2.325888156890869,1.412725567817688,0.6482067704200745,0.8832311034202576,1.0248945951461792,1.180384635925293
NI,1xm5,A,5i8s,A,0,[1],[1],NI,NI,1.0174604372075489,2.6052565574646,1.5533894300460815,0.7371684908866882,0.7594978213310242,1.11815345287323,0.9234981536865234
CU1,1k0v,A,4m1p,A,0,[1],[1],CU1,CU1,15.724256448690758,2.395453929901123,1.577478051185608,0.7461280226707458,0.9338051080703736,1.168649435043335,6.112618446350098
CU,6kob,A,6ryx,A,0,[1],[1],CU,CU,1.6104153655837918,2.205111503601074,1.4914219379425049,0.6989840865135193,0.6914860606193542,1.2420172691345217,1.3870437145233154
FMN,3a20,A,5v57,A,0,[31],[31],FMN,FMN,3.529805155249874,2.760606288909912,1.4204100370407104,0.7192071080207825,0.7842217087745667,1.0042170286178589,2.60891056060791
FE2,1e5s,A,4oj8,B,0,[1],[1],FE2,FE2,0.666741265712689,3.3570470809936523,0.7799612879753113,0.741710901260376,0.9277091026306152,0.8010319471359253,0.6250655651092529
NDP,4b7f,A,5vg6,B,0,[48],[48],NDP,NDP,13.224585844395037,2.550051212310791,1.5312808752059937,0.7398561835289001,0.9339740872383118,1.0572030544281006,5.694218158721924
MN,2qgi,A,3zvx,A,0,[1],[1],MN,MN,0.8709069945458128,2.4047961235046387,1.454793930053711,0.7317125797271729,0.6665814518928528,1.0605448484420776,0.8011355400085449
GTP,6oix,C,6y09,A,0,[32],[32],GTP,GTP,8.747865651643597,2.1696314811706543,1.4075747728347778,0.6870344877243042,0.6529890894889832,1.1424709558486938,4.666059494018555
FE,3ak3,B,5ylb,A,0,[1],[1],FE,FE,1.1604613672801412,2.670826196670532,1.3633160591125488,0.7375236749649048,0.7557497620582581,1.1165390014648438,1.0397969484329224
GAL,4wwh,A,5cb7,B,0,[12],[12],GAL,GAL,11.86348230108931,2.698394298553467,1.4949736595153809,0.7392826676368713,0.9677468538284302,0.962019681930542,5.426163196563721
FE,3ogh,B,3vth,A,0,[1],[1],FE,FE,2.001012315310754,2.0151572227478027,1.5539531707763672,0.7124584913253784,0.6710203289985657,1.1400736570358276,1.6673696041107178
TPP,4c7x,A,4tkr,B,0,[26],[26],TPP,TPP,6.14471886937575,2.281924247741699,1.725823163986206,0.7470348477363586,0.7950614094734192,1.0407874584197998,3.8060240745544434
BMA,5wvp,A,6l6a,A,0,[12],[12],BMA,BMA,10.499704940989664,2.376067638397217,1.3912895917892456,0.7427141666412354,0.4755445420742035,1.0868607759475708,5.121881008148193
SAM,1cma,B,3fpj,B,0,[27],[27],SAM,SAM,23.645182477793703,2.152217388153076,1.6540608406066897,0.7118337750434875,0.5368752479553223,1.1240646839141846,7.027806282043457
CA,1w3w,A,3i57,A,0,[1],[1],CA,CA,48.8981756088793,2.306508302688598,1.6120655536651611,0.684307873249054,0.9226232767105104,1.1320784091949463,8.302154541015625
ACO,4isx,A,8g1e,A,0,[51],[51],ACO,ACO,24.62628448095379,2.258010149002075,1.795230507850647,0.6218876242637634,0.9125255942344666,1.5856285095214844,7.112020492553711
FE2,1ey2,A,3vb0,A,0,[1],[1],FE2,FE2,3.5115874565117235,2.5112195014953613,1.6014803647994995,0.6590719819068909,0.8776851296424866,1.171162724494934,2.598945140838623
AMP,4e6n,A,5dy9,E,0,[23],[22],AMP,AMP,14.25908163185041,2.3037123680114746,1.6672276258468628,0.7423725128173828,0.4538266956806183,0.9166556000709534,5.877832412719727
FE,3vth,A,8avl,A,0,[1],[1],FE,FE,1.8919008727381827,2.1297831535339355,1.643104076385498,0.656807005405426,0.8426898121833801,1.1706115007400513,1.5909154415130615
FE,1ahj,A,4bfk,B,0,[1],[1],FE,FE,2.880214396726685,2.52908992767334,1.6412615776062012,0.7354608178138733,0.5946112275123596,1.1919801235198977,2.236154079437256
AKG,4xcb,A,4xgi,A,0,[10],[10],AKG,AKG,4.32574079700199,2.31886625289917,1.5058196783065796,0.702107310295105,0.9136350154876708,1.259116530418396,3.0195581912994385
MN,2e6c,A,3zvx,A,0,[1],[1],MN,MN,0.3183520257188301,2.6858139038085938,1.5252032279968262,0.7598509192466736,0.939548909664154,1.064543604850769,0.3085299134254455
CO,3dwc,B,4d07,A,0,[1],[1],CO,CO,30.292289091302784,2.4617366790771484,1.4626322984695437,0.7401928901672363,0.801048219203949,0.9708535671234132,7.5181355476379395
CA,4esv,C,4yl9,D,0,[1],[1],CA,CA,32.8968602674181,1.932856798171997,1.5055546760559082,0.7034931182861328,0.969330370426178,1.1536797285079956,7.668827056884766
FMN,3a20,A,7epe,A,0,[31],[31],FMN,FMN,3.3698554053254135,2.765339136123657,1.3871099948883057,0.7182356715202332,0.7624111771583557,1.042100429534912,2.5204875469207764
FE,1b06,A,2amu,A,0,[1],[1],FE,FE,2.1194073270752525,2.5953071117401123,1.19834303855896,0.7557823657989502,0.8758596777915955,0.9243115782737732,1.7487714290618896
ATP,5k3j,A,7xf0,C,0,[31],[31],ATP,ATP,18.46841911000624,2.299691677093506,1.7207670211791992,0.689814567565918,0.80489581823349,1.2058180570602417,6.487335681915283
FE,1xvx,A,4bfk,B,0,[1],[1],FE,FE,1.9960447954302787,2.6020894050598145,1.3440279960632324,0.7140624523162842,0.8944838047027588,0.907483458518982,1.6639190912246704
SAM,1cma,B,3mte,A,0,[26],[27],SAM,SAM,23.114726711194354,2.595935344696045,1.5076980590820312,0.7004085183143616,0.9086425304412842,1.3215175867080688,6.98019552230835
MN,3pif,D,5c5u,B,0,[1],[1],MN,MN,2.810166662421354,1.955153465270996,1.5162113904953003,0.6929359436035156,0.679492175579071,1.1055554151535034,2.1937003135681152
SAM,1cma,B,3t7s,A,0,[27],[27],SAM,SAM,23.85219591527072,2.74088716506958,1.7336182594299316,0.6947117447853088,0.8537389039993286,1.3033486604690552,7.0459818840026855
FAD,1zdl,A,2ed4,A,0,[53],[53],FAD,FAD,7.1053653284611995,2.814303159713745,1.5609304904937744,0.7138159871101379,0.5539575815200806,1.1042207479476929,4.153881072998047
FE,3o32,A,3qc3,A,0,[1],[1],FE,FE,2.7414185596508824,2.6955113410949707,1.6203138828277588,0.7138167023658752,0.825315535068512,1.325964093208313,2.151580333709717
SAH,2efj,A,6cu5,A,0,[26],[26],SAH,SAH,1.0410887409188674,4.287572860717773,0.706160843372345,0.7708160877227783,0.98190438747406,0.716731071472168,0.9429221749305724
FE2,4m33,A,5j92,B,0,[1],[1],FE2,FE2,0.1354356812978262,2.552652359008789,1.5633492469787598,0.7036784887313843,0.9047966599464417,1.0551555156707764,0.1336259096860885
CA,1w3w,A,6sau,B,0,[1],[1],CA,CA,28.38914213350545,2.014505624771118,1.6127376556396484,0.7003291249275208,0.7147239446640015,1.1593283414840698,7.395096778869629
FE2,1ey2,A,3ven,A,0,[1],[1],FE2,FE2,23.97377162208222,2.0092601776123047,1.5422667264938354,0.7184317708015442,0.7867245078086853,1.300357699394226,7.056552886962891
HEM,1gks,A,3sik,A,0,[43],[43],HEM,HEM,14.962157754877952,2.391767978668213,2.1586949825286865,0.6797115206718445,0.7319273352622986,1.1159162521362305,5.993936061859131
SAM,1cma,B,4qtu,B,0,[27],[27],SAM,SAM,17.665394616865353,2.560711145401001,1.486666560173035,0.6994336247444153,0.9320093989372252,1.230471968650818,6.3853759765625
FE,1nf6,F,4f9j,A,0,[1],[1],FE,FE,1.3578351704645117,2.305701732635498,1.420589804649353,0.7670603394508362,0.7793781757354736,0.9003490805625916,1.1955052614212036
CO,3hdi,A,4uob,A,0,[1],[1],CO,CO,41.90112129974548,2.19602632522583,1.6919691562652588,0.6644870638847351,0.654259979724884,1.2352153062820437,8.073259353637695
COA,2ahv,A,3fsb,A,0,[48],[48],COA,COA,20.383216583021085,2.231861352920532,1.5874388217926023,0.6804673671722412,0.6694037318229675,1.0122039318084717,6.708709239959717
CA,4yzo,C,5oyl,D,0,[1],[1],CA,CA,30.1635228268168,2.4801063537597656,1.6006864309310913,0.7054797410964966,0.6743340492248535,1.207123875617981,7.510178565979004
ZN,2emx,A,5aja,B,0,[1],[1],ZN,ZN,1.161712173027317,2.1152772903442383,1.5827624797821045,0.6626482009887695,0.798462986946106,0.7635727524757385,1.0408010482788086
FE2,1e5s,A,3vb0,A,0,[1],[1],FE2,FE2,0.5643025522389126,2.761233329772949,1.42396879196167,0.709862470626831,0.8013772964477539,1.1011526584625244,0.534159779548645
CU,4eir,A,6kob,A,0,[1],[1],CU,CU,2.3550616821661277,2.176180362701416,1.378454089164734,0.7352035641670227,0.8065535426139832,1.0301213264465332,1.906151294708252
FE,3nnf,A,3vth,A,0,[1],[1],FE,FE,4.072157288877666,2.558626174926758,1.6819003820419312,0.7374567985534668,0.5926383137702942,1.0138624906539917,2.8937690258026123
GTP,3ldu,A,6oix,C,0,[32],[32],GTP,GTP,10.367715014842005,2.374863624572754,1.4802480936050415,0.6803419589996338,0.7189752459526062,1.315535068511963,5.090269088745117
SAM,4fak,A,6ift,A,0,[27],[27],SAM,SAM,4.276074573706772,3.526263236999512,1.316468596458435,0.7390744686126709,0.96632182598114,0.9791221618652344,2.9952733516693115
ANP,4w7s,B,5gz9,A,0,[31],[31],ANP,ANP,3.1775909848435697,3.015777349472046,1.3380749225616455,0.7118818163871765,0.94070565700531,1.120988368988037,2.4113595485687256
COA,4x0o,E,6es9,A,0,[27],[27],COA,COA,42.26961289393154,2.7242989540100098,1.443015694618225,0.7302881479263306,0.8348096013069153,1.085138201713562,8.08684253692627
CU1,1k0v,A,2ccw,A,0,[1],[1],CU1,CU1,3.3702189471279,2.846455812454224,1.44404399394989,0.7488301396369934,0.7009351253509521,1.0988399982452393,2.52069091796875
FE,2hvb,B,2q4a,B,0,[1],[1],FE,FE,1.2151911240629367,2.3305702209472656,1.6271963119506836,0.7015528082847595,0.7612735629081726,1.1667499542236328,1.0835224390029907
COA,1khr,A,5kl9,A,0,[48],[48],COA,COA,40.4761065789404,2.596453905105591,1.372613787651062,0.7293557524681091,0.7735936045646667,1.303746223449707,8.018864631652832
AMP,4qei,A,5dy9,E,0,[23],[23],AMP,AMP,8.40602234401127,2.317915201187134,1.6507433652877808,0.731765627861023,0.9024962186813354,1.0718533992767334,4.566995620727539
HEM,1aom,B,2i89,A,0,[43],[43],HEM,HEM,21.68874090129121,2.2921230792999268,1.441009521484375,0.69350266456604,0.8614161610603333,1.0833340883255005,6.844305038452148
MG,2a07,J,6efg,D,0,[1],[1],MG,MG,18.60555633228872,2.4655144214630127,1.5137895345687866,0.67313551902771,0.9472270011901855,1.3845322132110596,6.504175662994385
FE2,3ven,A,7eyr,C,0,[1],[1],FE2,FE2,1.8528238054821866,2.390033006668091,1.4630910158157349,0.7302882671356201,0.6905882954597473,1.1361860036849976,1.5631918907165527
FE,3nnf,A,8avl,A,0,[1],[1],FE,FE,1.2805078776022893,2.7799620628356934,1.3984509706497192,0.7132927179336548,0.7817942500114441,1.0792337656021118,1.135150909423828
AKG,3bn1,A,4xcb,A,0,[10],[10],AKG,AKG,2.424983379012229,2.7280306816101074,1.425665020942688,0.7334257960319519,0.7883440852165222,1.1744568347930908,1.951699495315552
ATP,3zs7,A,5k3i,A,0,[31],[31],ATP,ATP,22.80170375060375,2.000915050506592,1.6610151529312134,0.730398952960968,0.8571934700012207,1.0259541273117063,6.951377868652344
GTP,1plk,A,6oix,C,0,[32],[32],GTP,GTP,10.17994743586499,2.329220533370972,1.601340651512146,0.6781278848648071,0.879199206829071,1.2366821765899658,5.044585704803467
AKG,3nnf,A,4oj8,B,0,[10],[10],AKG,AKG,2.2175863749005464,4.1886820793151855,0.6954702138900757,0.8460104465484619,0.9847888350486756,0.8255136013031006,1.815077304840088
ADP,1q9s,A,5gsz,A,0,[27],[27],ADP,ADP,17.254301500918285,2.3662569522857666,1.5950157642364502,0.7103694677352905,0.9098173379898072,1.214645504951477,6.330854415893555
PYR,2h9d,A,5lu4,A,0,[6],[6],PYR,PYR,42.633068940558296,1.4846491813659668,1.741020679473877,0.6340582966804504,0.3569724559783935,1.299296736717224,8.100053787231445
CO,4uob,A,7s0w,B,0,[1],[1],CO,CO,22.69504407430856,2.3982748985290527,1.6173486709594729,0.7263962626457214,0.6452067494392395,1.2009837627410889,6.941432476043701
HEM,1aw3,A,3u8p,A,0,[43],[43],HEM,HEM,7.59013936553938,2.345342874526977,1.3910363912582395,0.6671707034111023,0.9323134422302246,1.3392345905303955,4.314996719360352
COA,1kru,A,5hbr,A,0,[48],[48],COA,COA,22.47529106792914,2.294114112854004,1.4782496690750122,0.6458175778388977,0.8387731909751892,1.180333971977234,6.920735836029053
SAH,6cu5,A,6cx6,B,0,[26],[26],SAH,SAH,1.3068440779790047,4.81749439239502,0.5265836715698242,0.8477151989936829,0.875757098197937,0.6787175536155701,1.155799150466919
COA,1khr,A,5xuk,A,0,[40],[48],COA,COA,11.449781487878939,2.644548892974853,1.6944153308868408,0.7180387377738953,0.8943566083908081,1.2599287033081057,5.337947845458984
COA,1a59,A,4x0o,E,0,[27],[46],COA,COA,12.132873948540421,2.076784610748291,1.613508701324463,0.6964985728263855,0.9386778473854064,1.0778567790985107,5.481833934783936
NDP,4e37,B,5vg6,B,0,[48],[48],NDP,NDP,6.783542724265339,2.28810453414917,1.4836047887802124,0.6987970471382141,0.4706965386867523,1.2344597578048706,4.041782379150391
NAD,2dvm,A,2ed4,A,0,[44],[44],NAD,NAD,8.304216725769203,2.57693862915039,1.7623454332351685,0.6848567724227905,0.5205623507499695,1.0391677618026731,4.536777973175049
CO,1v29,A,4uob,A,0,[1],[1],CO,CO,10.263477617775221,2.072042465209961,1.4611634016036987,0.6846289038658142,0.8655802607536316,1.1846773624420166,5.0650129318237305
AMP,1uuy,A,5dy9,E,0,[23],[22],AMP,AMP,10.559890433628327,2.635503053665161,1.4919620752334597,0.7381881475448608,0.8256579637527466,1.0832520723342896,5.136160850524902
ACO,3dr8,A,4isx,A,0,[51],[51],ACO,ACO,22.633956025624745,3.002821207046509,1.4350571632385254,0.7489689588546753,0.9017438292503356,1.042458415031433,6.935707092285156
MN,2bow,A,6oiw,A,0,[1],[1],MN,MN,3.211714571042877,2.0890560150146484,1.597965121269226,0.6854953765869141,0.8736538290977478,1.1577024459838867,2.430959701538086
FE,1do6,A,3gvy,C,0,[1],[1],FE,FE,0.9754691772763521,2.3367838859558105,1.543944239616394,0.6869860291481018,0.4545183777809143,1.0548279285430908,0.888772189617157
MN,2x7j,A,3ww1,A,0,[1],[1],MN,MN,2.132014635922617,2.541626214981079,1.4331672191619873,0.7630573511123657,0.6846392154693604,1.052604913711548,1.7573459148406982
MN,1za0,A,3ib7,A,0,[1],[1],MN,MN,1.0870478138492712,2.55783748626709,1.5968596935272217,0.763515293598175,0.8586034774780273,0.9455830454826356,0.9804664254188538
NDP,1o8c,A,6rjn,A,0,[48],[48],NDP,NDP,27.176697413366586,2.547224521636963,1.602512240409851,0.6878674626350403,0.8821032047271729,1.1552996635437012,7.310142993927002
NDP,3anl,A,4e37,B,0,[48],[48],NDP,NDP,16.12129391300882,2.3290669918060303,1.4820114374160769,0.6753028631210327,0.8006893992424011,1.2309132814407349,6.171705722808838
HEM,1awp,A,3u8p,A,0,[43],[43],HEM,HEM,6.662789293364606,2.255370855331421,1.480642318725586,0.6839982271194458,0.8379281163215637,1.5020503997802734,3.998603820800781
MN,3pif,D,3qb5,K,0,[1],[1],MN,MN,19.35273169866658,2.2550384998321533,1.482844352722168,0.7081177234649658,0.8623351454734802,1.3287068605422974,6.593162059783936
CO,4uob,A,6bnn,A,0,[1],[1],CO,CO,22.186317800659733,2.1800971031188965,1.5432239770889282,0.7062179446220398,0.7737814784049988,1.2034891843795776,6.893089771270752
CA,2g42,B,7xrx,A,0,[1],[1],CA,CA,11.725350558757892,2.1997475624084477,1.506350040435791,0.6283926367759705,0.7938140034675598,1.598490595817566,5.397082328796387
COA,3flv,A,4ubt,A,0,[48],[31],COA,COA,10.932593748664981,2.016831398010254,1.5722298622131348,0.7325183153152466,0.8587902784347534,1.1233365535736084,5.222761154174805
MN,1gsl,A,3dx5,A,0,[1],[1],MN,MN,2.9039895850138993,2.818353176116944,1.3807735443115234,0.7669382095336914,0.8871564865112305,0.9092816710472108,2.2504587173461914
MN,1s4o,A,4bif,A,0,[1],[1],MN,MN,2.087333850470806,2.580469846725464,1.7509695291519165,0.7406012415885925,0.686360776424408,1.059815526008606,1.726876974105835
NDP,5vg6,B,6rjn,A,0,[48],[48],NDP,NDP,17.40521482001097,2.369217872619629,1.4575647115707395,0.7128389477729797,0.8644675612449646,1.3282701969146729,6.351059436798096
FE,1xvx,A,2amu,A,0,[1],[1],FE,FE,1.8347677481597233,2.460713148117065,1.3273884057998655,0.6952704787254333,0.8625682592391968,0.9138079285621644,1.550320029258728
NDP,3anl,A,6rjn,A,0,[48],[48],NDP,NDP,19.873028177610987,2.0198729038238525,1.6246970891952517,0.71840500831604,0.7527590394020081,1.3406721353530884,6.652498722076416
COA,3flv,A,4x0o,E,0,[27],[31],COA,COA,13.897422421906272,2.120721340179444,1.3434937000274658,0.7081735134124756,0.8756790161132812,1.1111341714859009,5.81544828414917
CO,3dwc,B,6bnn,A,0,[1],[1],CO,CO,0.9668105781916108,2.3099560737609863,1.496453046798706,0.7312636375427246,0.8679903149604797,1.0015840530395508,0.8815786242485046
ROP,4gyl,A,4wgf,A,1,[5],[5],ROP,ROP,4.386264329099022,3.0169997215271,1.3980469703674316,0.7690889239311218,0.8745840787887573,1.1314481496810913,3.0489251613616943
5GP,3n1s,J,4z87,A,1,[24],[24],5GP,5GP,2.3844817038229063,2.7475504875183105,1.561227560043335,0.7399414777755737,0.652076005935669,1.2208082675933838,1.925378680229187
CU,5nns,A,6ryx,A,1,[1],[1],CU,CU,0.5191929867072613,2.270283937454224,1.5273091793060305,0.706087052822113,0.7433220744132996,1.0394773483276367,0.4935673177242279
AMP,2ak3,A,2vfk,A,1,[23],[23],AMP,AMP,7.61221683610933,2.3667209148406982,1.4314669370651243,0.7098590731620789,0.7660223841667175,1.2022886276245115,4.322123050689697
AMP,2vfk,A,4e6n,A,1,[22],[23],AMP,AMP,9.80528574868848,2.3278183937072754,1.3380414247512815,0.7313596606254578,0.770757257938385,1.0239614248275757,4.95084285736084
E4P,1iri,A,3s1u,C,1,[12],[12],E4P,E4P,5.317831647465315,2.830280303955078,1.575346827507019,0.7526457905769348,0.8191860914230347,1.1733441352844238,3.471660852432251
ACO,4jvt,A,5hgz,A,1,[51],[48],ACO,ACO,5.676229270773291,3.2073850631713867,1.3747235536575315,0.7286243438720703,0.8551830649375916,1.1181761026382446,3.620914936065674
ADP,6k8z,B,6ks6,g,1,[27],[27],ADP,ADP,3.160804367463817,2.792637348175049,1.398213505744934,0.7205796837806702,0.8118603825569153,1.080708384513855,2.4016802310943604
ADP,4gt8,A,5m32,h,1,[27],[27],ADP,ADP,3.1497154957694784,3.0511250495910645,1.2896840572357178,0.7247487306594849,0.6602030992507935,0.9851015210151672,2.395272731781006
GDP,1s4o,A,4hi0,E,1,[28],[28],GDP,GDP,4.2406923584904055,3.2009592056274414,1.5261240005493164,0.7142024040222168,0.6781269311904907,0.9842683672904968,2.9778695106506348
ACO,1hm8,A,8g1e,A,1,[51],[51],ACO,ACO,16.644928758886078,1.966139316558838,1.761842131614685,0.56380695104599,0.970573365688324,1.4052993059158323,6.246940612792969
UDP,4d11,C,5e9u,A,1,[25],[25],UDP,UDP,4.070845362352018,3.4587321281433105,1.370785355567932,0.7475109696388245,0.899124264717102,1.225483536720276,2.893106460571289
NVA,1jdx,A,2bte,A,1,[7],[8],NVA,NVA,43.85039662038146,1.9244712591171265,1.6022578477859497,0.6425840258598328,0.4776796996593475,1.245928168296814,8.143003463745117
GTP,1plk,A,1s49,A,1,[32],[32],GTP,GTP,21.452914335490235,2.270416498184204,1.3907756805419922,0.6990839242935181,0.8711228370666504,1.2996301651000977,6.820644378662109
NAD,5dt9,A,7f8d,A,1,[44],[44],NAD,NAD,0.77040815527348,4.73907470703125,0.6231075525283813,0.8401688933372498,0.984539806842804,0.6887460350990295,0.7153007984161377
ACP,5c41,A,6pnx,B,1,[31],[31],ACP,ACP,4.842103180951651,2.9701132774353027,1.4279175996780396,0.7265108823776245,0.6901111006736755,1.193110466003418,3.2624104022979736
HEM,2nrl,A,4e6k,A,1,[43],[43],HEM,HEM,15.686538424558028,2.710871934890747,1.444623351097107,0.7373966574668884,0.7734848856925964,1.2381542921066284,6.106910228729248
COA,1f7l,A,5kl9,A,1,[48],[48],COA,COA,36.14452685705057,2.667548418045044,1.6132675409317017,0.7122203707695007,0.866667628288269,1.2413886785507202,7.832895755767822
PO3,1v0w,A,2wy2,D,1,[4],[4],PO3,PO3,6.715734192381684,2.190404891967773,1.7003557682037354,0.7540628910064697,0.5433096289634705,1.1188362836837769,4.017612457275391
CTP,1i52,A,6qxn,A,1,[29],[29],CTP,CTP,4.5069843611239895,2.7448620796203613,1.5535041093826294,0.7217704653739929,0.7258153557777405,1.1743091344833374,3.1067686080932617
COA,1yli,B,4ubt,A,1,[48],[48],COA,COA,5.016829158176902,2.9582247734069824,1.3283119201660156,0.7313501834869385,0.876289427280426,1.14673113822937,3.3408045768737797
APR,1vhz,A,3ewp,A,1,[36],[18],APR,APR,27.32087235175815,2.509511947631836,1.4723422527313232,0.7074846029281616,0.7912574410438538,1.2426676750183103,7.320534229278564
ACO,1hm8,A,4ava,A,1,[51],[51],ACO,ACO,7.044949891316857,2.7178642749786377,1.4217685461044312,0.7131943702697754,0.8762561082839966,1.107308030128479,4.133159637451172
UD1,2oi6,B,3q8x,D,1,[39],[39],UD1,UD1,14.338506564247316,2.688226222991944,1.3951904773712158,0.6836397647857666,0.5123767852783203,0.9058106541633606,5.891284465789795
ACO,4jvt,A,7ovu,A,1,[51],[48],ACO,ACO,4.968772706703269,3.271645784378052,1.3619928359985352,0.7289469838142395,0.8984783291816711,1.1592168807983398,3.319425582885742
AMP,4qei,A,5l6v,I,1,[23],[23],AMP,AMP,23.04476019310481,2.3420958518981934,1.4841570854187012,0.6688344478607178,0.8638566732406616,1.2880834341049194,6.973801612854004
MG,2f7t,A,8cqx,A,1,[1],[1],MG,MG,10.25329364992754,2.672693490982056,1.6344438791275024,0.7239323258399963,0.8867418169975281,1.0258567333221436,5.062531471252441
GDP,2ydc,A,7m6j,A,1,[28],[28],GDP,GDP,8.931267059021913,2.4559850692749023,1.4834551811218262,0.6950126886367798,0.818587601184845,1.1291632652282717,4.717733383178711
GDD,2zu8,A,3oy7,A,1,[39],[39],GDD,GDD,5.174966549836817,3.299485683441162,1.2431225776672363,0.7204673886299133,0.8412051796913147,0.9919106364250184,3.4101996421813965
AMP,6bkf,A,6r8u,A,1,[23],[22],AMP,AMP,22.706700488693457,2.719299793243408,1.6367928981781006,0.7022364735603333,0.5526926517486572,1.1024857759475708,6.9425225257873535
ZN,2vrd,A,4n0g,A,1,[1],[1],ZN,ZN,16.59918041904434,2.2385823726654053,1.6234521865844729,0.7073577642440796,0.4838323295116424,1.2021536827087402,6.240485668182373
AMP,3ber,A,6bkf,A,1,[22],[23],AMP,AMP,5.159429021769046,2.6092140674591064,1.3215992450714111,0.7025406360626221,0.8047060370445251,1.0054516792297363,3.4034454822540283
ADP,2awn,D,4bql,A,1,[27],[27],ADP,ADP,2.997188546842389,3.0092592239379883,1.3883904218673706,0.7053182125091553,0.7711122632026672,1.1642999649047852,2.306028366088867
NDP,3anl,A,4b7f,A,1,[48],[48],NDP,NDP,15.461116942070747,2.330873489379883,1.4331313371658323,0.7063174247741699,0.8722355961799622,1.125648021697998,6.072442531585693
APR,1q17,C,1v8m,A,1,[36],[36],APR,APR,7.0809174451210435,2.52296781539917,1.187891721725464,0.746484100818634,0.9382259249687196,0.8879863619804382,4.145513534545898
FE2,3vb0,A,3ven,A,1,[1],[1],FE2,FE2,2.4789475791131066,2.3542282581329346,1.710094332695007,0.7063212394714355,0.7633641958236694,1.0758260488510132,1.9865037202835083
ZN,2emk,A,5k16,B,1,[1],[1],ZN,ZN,0.641788641347029,2.6635587215423584,0.960489809513092,0.715167224407196,0.7881855368614197,0.7382156848907471,0.6030834317207336
ACO,4jvt,A,6v3t,A,1,[51],[48],ACO,ACO,4.862264889650366,3.029003858566284,1.3998682498931885,0.7370989918708801,0.8446474075317383,1.1090400218963623,3.271550416946411
ANP,1jpa,A,3ih0,A,1,[31],[10],ANP,ANP,3.6362489599618812,3.171279191970825,1.3329304456710815,0.7318081259727478,0.9346327185630798,1.305217981338501,2.666604995727539
UDP,2wtx,D,4d11,C,1,[25],[25],UDP,UDP,3.5982043890227198,3.4643890857696533,1.3205976486206057,0.7641410827636719,0.8623469471931458,1.1113944053649902,2.646087884902954
UDP,2p73,A,3hbn,A,1,[25],[25],UDP,UDP,3.4225231727354486,3.1682586669921875,1.6313210725784302,0.7436473369598389,0.8081875443458557,1.111242175102234,2.5498359203338623
CO,3hdi,A,4ob3,A,1,[1],[1],CO,CO,17.476509418178278,1.8356280326843264,1.600082278251648,0.6410079598426819,0.8866439461708069,1.7322059869766235,6.360527515411377
OXY,1oxy,A,4qur,A,1,[2],[2],OXY,OXY,0.9046526206990313,2.2458200454711914,1.376958250999451,0.6813459396362305,0.4788270890712738,1.1065973043441772,0.8296024203300476
ATP,2j9l,C,5o6m,D,1,[31],[31],ATP,ATP,14.445949458719415,2.649802923202514,1.488897681236267,0.729146420955658,0.7068986892700195,1.0569560527801514,5.9093427658081055
HEM,1bcf,A,4i8v,A,1,[43],[43],HEM,HEM,14.892865761211272,2.521334171295166,1.4157118797302246,0.7173615097999573,0.6141198873519897,1.1250180006027222,5.982784748077393
PO3,1v0w,A,4buc,A,1,[4],[4],PO3,PO3,28.521817253033255,2.2014718055725098,1.573991775512695,0.7530437111854553,0.7364930510520935,1.0510408878326416,7.404068470001221
UPG,2icy,B,7va8,A,1,[36],[36],UPG,UPG,5.0520499772225955,3.277677297592163,1.3465944528579712,0.761876106262207,0.8256756663322449,1.1370874643325806,3.356386661529541
UPG,2icy,B,3vtf,A,1,[36],[36],UPG,UPG,16.684707971227393,2.827692031860352,1.6998252868652344,0.6824895143508911,0.9319955110549928,1.1957212686538696,6.252535343170166
ADP,4gt8,A,6ro1,A,1,[27],[27],ADP,ADP,3.0027561737069597,3.0275261402130127,1.331660270690918,0.7186792492866516,0.7131829857826233,1.1254072189331057,2.3093228340148926
ZN,4adn,A,5wvu,A,1,[1],[1],ZN,ZN,2.3580008337068357,2.4145193099975586,1.4203598499298096,0.7319708466529846,0.4480362832546234,1.1087535619735718,1.908076286315918
CO,3hdi,A,6bnn,A,1,[1],[1],CO,CO,4.458505476701397,1.8953828811645508,1.5022364854812622,0.7007415294647217,0.6615909934043884,1.430253982543945,3.083655834197998
COA,5xuk,A,6qfb,C,1,[48],[40],COA,COA,9.835351089588377,2.199066162109375,1.3880581855773926,0.589133620262146,0.9251482486724854,0.9971117973327636,4.95849609375
ACO,4jvt,A,8g1e,A,1,[51],[48],ACO,ACO,17.012250719920267,1.6409237384796145,1.602177619934082,0.5863249897956848,0.8178802728652954,0.963616907596588,6.297976016998291
CTP,1coz,A,1i52,A,1,[29],[29],CTP,CTP,2.750249978287539,3.1195430755615234,1.3856663703918457,0.7176657915115356,0.8306738138198853,1.115037202835083,2.1570165157318115
PLP,1hkv,A,4r8d,A,1,[15],[15],PLP,PLP,1.6859436631510378,3.496115207672119,1.343746304512024,0.7328556776046753,0.7671787142753601,1.0334826707839966,1.4427107572555542
ADE,2qtt,A,3rys,A,1,[10],[10],ADE,ADE,3.0023341435178184,2.5906310081481934,1.3478566408157349,0.7331499457359314,0.6011104583740234,1.1252026557922363,2.309073209762573
FE,3fvz,A,3g77,A,1,[1],[1],FE,FE,35.40216758528852,2.509557008743286,1.4030070304870603,0.7497085332870483,0.7905621528625488,1.0306541919708252,7.797461986541748
ANP,2db3,A,3fxx,A,1,[31],[31],ANP,ANP,3.4858766740695355,3.246811866760254,1.389714598655701,0.7222063541412354,0.807104766368866,1.1629537343978882,2.5848350524902344
AKG,1ea0,A,4xcb,A,1,[10],[10],AKG,AKG,12.447566467329171,2.664216995239258,1.4785159826278689,0.6552764773368835,0.9123440980911256,1.1156666278839111,5.5451741218566895
FE2,3acl,A,3gcf,A,1,[1],[1],FE2,FE2,0.4400084573122825,2.341545343399048,1.4105546474456787,0.7195044159889221,0.7598956227302551,1.0930593013763428,0.4214636981487274
PLP,1hkv,A,4r8d,A,1,[15],[15],PLP,PLP,1.6859475702018847,3.4961116313934326,1.3437474966049194,0.7328563332557678,0.7671786546707153,1.033481478691101,1.4427136182785034
MG,5iky,A,6kyk,C,1,[1],[1],MG,MG,2.163513918456481,2.646517753601074,1.3866477012634275,0.6375478506088257,0.5626182556152344,1.3227580785751345,1.7786915302276611
AMP,4e6n,A,4qei,A,1,[23],[22],AMP,AMP,2.451988986102595,2.4364824295043945,1.6792553663253784,0.7123651504516602,0.7044817209243774,1.2815641164779663,1.9691544771194456
APC,1jgt,B,3vth,A,1,[31],[31],APC,APC,12.92192355321993,2.4312758445739746,1.4325037002563477,0.6504536271095276,0.5186735391616821,1.1449134349822998,5.637364387512207
ATP,6tdz,C,7vx0,B,1,[31],[31],ATP,ATP,3.0616186245804524,2.985540866851806,1.3240010738372805,0.7135893702507019,0.8567789793014526,1.06395161151886,2.3439810276031494
AMP,5dy9,E,6bkf,A,1,[22],[23],AMP,AMP,4.864006677190499,2.330008029937744,1.6053383350372314,0.7178424000740051,0.897050678730011,1.2368084192276,3.2723388671875
AMP,5l6v,I,6bkf,A,1,[22],[23],AMP,AMP,22.181329337838495,2.5646562576293945,1.7366201877593994,0.6545591354370117,0.4655576050281524,1.2415788173675537,6.892608165740967
CU,1oac,B,6ryx,A,1,[1],[1],CU,CU,2.6305221216113073,2.3833975791931152,1.370404601097107,0.680502712726593,0.808333158493042,1.2475485801696775,2.082670927047729
CO,3l0s,A,4ob3,A,1,[1],[1],CO,CO,37.6787345521411,1.9861323833465576,1.4451889991760254,0.6448566317558289,0.8372723460197449,1.5605957508087158,7.902628898620605
UPG,4r7p,A,7va8,A,1,[36],[36],UPG,UPG,5.471819021314962,3.245651960372925,1.401134014129639,0.7330685257911682,0.8846800327301025,1.1283341646194458,3.5366358757019043
ADE,1j1r,A,3rys,A,1,[10],[10],ADE,ADE,16.94960544884868,2.384008407592773,1.5181763172149658,0.7361181974411011,0.8799540400505066,1.1417938470840454,6.289370536804199
APR,1q17,C,1vhz,A,1,[18],[36],APR,APR,27.69221049960217,2.450308561325073,1.6012771129608154,0.7674854397773743,0.6601546406745911,1.1102962493896484,7.3469319343566895
GDD,2gt4,A,3oy7,A,1,[39],[39],GDD,GDD,9.23733574230553,3.0693235397338867,1.4440349340438845,0.7408441305160522,0.931451678276062,1.1435621976852417,4.801774978637695
ADP,2hyd,A,4p7a,A,1,[27],[27],ADP,ADP,4.0081803313285675,2.932264566421509,1.4175703525543213,0.7379591464996338,0.7860479950904846,1.0120795965194702,2.861314058303833
GAL,2j5z,A,3urm,A,1,[12],[12],GAL,GAL,12.69719450756881,2.2471091747283936,1.5380419492721558,0.7524686455726624,0.925320029258728,1.084911584854126,5.5941691398620605
AMP,2vfk,A,4k46,A,1,[23],[23],AMP,AMP,7.421995698233693,2.623320817947388,1.5594849586486816,0.6752505302429199,0.8927789330482483,1.3312454223632812,4.260129451751709
CO,6bnn,A,7s0w,B,1,[1],[1],CO,CO,0.8547657255722553,2.371884822845459,1.443940043449402,0.6982341408729553,0.8919112086296082,1.283344268798828,0.7874566316604614
COA,1yli,B,4x0o,E,1,[27],[48],COA,COA,7.77559434371914,2.860208034515381,1.5720213651657104,0.7350029945373535,0.6710073351860046,1.1676995754241943,4.374309062957764
MG,5iky,A,5zlp,J,1,[1],[1],MG,MG,3.8932459935266275,2.3031859397888184,1.698161482810974,0.657252848148346,0.8700119853019714,1.3798596858978271,2.802258014678955
ADP,4p7a,A,4s1h,A,1,[27],[27],ADP,ADP,4.321882735569529,2.898990631103516,1.3167390823364258,0.7486276030540466,0.5141304135322571,1.0695152282714844,3.0176777839660645
GTP,1a8r,A,6y09,A,1,[32],[32],GTP,GTP,13.05366222160076,2.478219985961914,1.544636368751526,0.7242143154144287,0.6825623512268066,1.1990004777908323,5.662294387817383
CO,1v29,A,3l0s,A,1,[1],[1],CO,CO,33.25275058893311,1.9340722560882568,1.3763723373413086,0.6663479208946228,0.817802906036377,1.4081908464431765,7.688008308410644
MGP,3gdh,A,6fbz,A,1,[33],[33],MGP,MGP,8.97825305942197,2.65682315826416,1.4873994588851929,0.7035053968429565,0.8414380550384521,1.0457699298858645,4.73081111907959
ACP,4ueu,A,5c41,A,1,[31],[31],ACP,ACP,4.5011322094859985,3.1431143283843994,1.3613488674163818,0.7552652955055237,0.7897565960884094,1.2097017765045166,3.1039867401123047
FMN,6b8s,B,7epe,A,1,[31],[31],FMN,FMN,1.823798368840026,3.4309778213500977,1.3003298044204712,0.735660970211029,0.8634178638458252,1.0752131938934326,1.5424809455871582
ADP,4bql,A,5grf,B,1,[27],[27],ADP,ADP,11.52658073150375,2.816646099090576,1.436787724494934,0.7187221050262451,0.7228260040283203,1.2567991018295288,5.354580402374268
ADP,2uvq,A,6ks6,g,1,[27],[27],ADP,ADP,3.531104557822552,2.9278507232666016,1.37786066532135,0.7221837043762207,0.8307999968528748,1.035351037979126,2.6096203327178955
SO3,2hz1,A,2vq2,A,1,[4],[4],SO3,SO3,30.599614980152737,2.434447288513184,1.506692886352539,0.7330282926559448,0.5117994546890259,1.0465015172958374,7.536922454833984
ZN,2em4,A,4ztx,A,1,[1],[1],ZN,ZN,29.245177375531913,2.105509757995605,1.7369773387908936,0.6588688492774963,0.685120701789856,1.1031084060668943,7.451916217803955
ACO,1hm8,A,3dr8,A,1,[51],[51],ACO,ACO,7.0342823998094115,2.986693859100342,1.361933946609497,0.7245908975601196,0.8766244649887085,1.1079165935516355,4.129485607147217
MG,5hbr,A,5iky,A,1,[1],[1],MG,MG,10.018380829871179,2.2170095443725586,1.7853670120239258,0.6014708876609802,0.8976250290870667,1.2662523984909058,5.00459098815918
HEM,2ve3,A,3u8p,A,1,[43],[43],HEM,HEM,6.869732311151524,2.456727266311645,1.582249402999878,0.6269417405128479,0.7542865872383118,1.7320729494094849,4.072223663330078
FES,3i39,X,6vsh,C,1,[4],[4],FES,FES,4.829856524996291,1.9991796016693115,1.51220965385437,0.5918912887573242,0.9003536701202393,0.989959478378296,3.2568464279174805
HEM,1aom,B,4h8q,A,1,[43],[43],HEM,HEM,14.807607114783943,2.324138641357422,1.6782348155975342,0.6408042907714844,0.9509179592132568,1.111162185668945,5.968978404998779
GTP,1s49,A,6y09,A,1,[32],[32],GTP,GTP,14.31510462621338,2.5761258602142334,1.4550398588180542,0.6941352486610413,0.8480291366577148,1.2978663444519043,5.887330055236816
FE2,3ven,A,4oj8,B,1,[1],[1],FE2,FE2,2.3723683152866877,2.5049965381622314,1.6362876892089844,0.7517765760421753,0.727851152420044,1.1282634735107422,1.917473077774048
PYR,2nuy,A,5w5r,A,1,[6],[5],PYR,PYR,27.171840923850926,2.53448224067688,1.703980803489685,0.7314480543136597,0.6363816857337952,1.100561261177063,7.309791564941406
IMP,4af0,A,5i34,A,1,[23],[23],IMP,IMP,8.87308406409112,2.7727222442626958,1.5652505159378052,0.7490791082382202,0.611801266670227,1.1745481491088867,4.701448917388916
FE2,2de6,B,3vb0,A,1,[1],[1],FE2,FE2,0.7614010467179907,2.4616920948028564,1.4530209302902222,0.7179980874061584,0.723431408405304,0.9566487073898317,0.7075296640396118
NAD,1nfb,A,1nr5,B,1,[44],[44],NAD,NAD,19.228411915407925,2.75138783454895,1.3673756122589111,0.7327815890312195,0.5715269446372986,1.0091683864593506,6.578671455383301
ANP,2oid,A,4w7s,B,1,[31],[31],ANP,ANP,3.5606573642255963,3.2144575119018555,1.5569626092910769,0.7385641932487488,0.6238943338394165,1.1344155073165894,2.625726222991944
UPG,3vtf,A,4r7p,A,1,[36],[36],UPG,UPG,17.19268752550345,2.7565484046936035,1.569094181060791,0.686572253704071,0.9676453471183776,1.3407899141311646,6.322540760040283
MG,1ppx,A,5zlp,J,1,[1],[1],MG,MG,13.58544007724937,2.5615553855896,1.5373181104660034,0.7206254601478577,0.8762115836143494,1.1470420360565186,5.760096073150635
ZN,1e7d,A,2em2,A,1,[1],[1],ZN,ZN,0.45155516275773283,3.31331729888916,0.9849931001663208,0.7091808915138245,0.8684849143028259,0.8604408502578735,0.4320459067821502
BGC,4qs7,A,5do8,B,1,[12],[12],BGC,BGC,7.828868192918005,2.649422645568848,1.4380038976669312,0.724035382270813,0.7127351760864258,0.9984503388404846,4.391119003295898
NAD,1nfb,A,1nrx,A,1,[44],[44],NAD,NAD,19.298974009488433,2.78791880607605,1.4032716751098633,0.7453751564025879,0.5456026196479797,1.029294490814209,6.586911201477051
HEM,2nrl,A,3u8p,A,1,[43],[43],HEM,HEM,6.498807207748984,2.5926194190979004,1.1820225715637207,0.6284895539283752,0.7761093378067017,1.252169489860535,3.938955783843994
ADP,2fsn,B,8a3v,A,1,[27],[27],ADP,ADP,4.01974521611706,3.006457805633545,1.500512719154358,0.7614709734916687,0.6760466694831848,0.9723376631736756,2.8672027587890625
RBF,1kyv,E,2cc8,A,1,[27],[27],RBF,RBF,26.991713892212864,2.7330031394958496,1.5505672693252563,0.7192444801330566,0.8866969347000122,0.9556254148483276,7.29669189453125
PLP,1i2k,A,2yku,A,1,[15],[15],PLP,PLP,1.180759206760505,3.409067153930664,1.3238645792007446,0.7359307408332825,0.7851207852363586,1.1170260906219482,1.056063532829285
ACP,5c41,A,7kjc,A,1,[31],[31],ACP,ACP,4.309528629708454,3.0262703895568848,1.4703216552734375,0.7354558706283569,0.7467643618583679,1.193513035774231,3.0116496086120605
ANP,1zy5,A,7x4n,E,1,[31],[31],ANP,ANP,3.7052231283221078,3.0474205017089844,1.4064555168151855,0.7161873579025269,0.8243109583854675,1.114216923713684,2.7035117149353027
PYR,2vpa,A,5w5r,A,1,[6],[6],PYR,PYR,34.12053858920863,2.599912166595459,1.4875411987304688,0.693974494934082,0.8601644039154053,1.0516760349273682,7.733481884002685
FE,3qc3,A,6wb6,A,1,[1],[1],FE,FE,9.97081824520559,2.2036619186401367,1.44834566116333,0.6348481774330139,0.9394000172615052,1.317544937133789,4.992693901062012
CU,1nwo,A,4eir,A,1,[1],[1],CU,CU,2.150162458261467,2.960966110229492,1.456751585006714,0.7475126385688782,0.4655969142913818,1.081647276878357,1.7696573734283447
AMP,2dcl,A,4qei,A,1,[23],[23],AMP,AMP,20.493335355412086,2.8584675788879395,1.354377031326294,0.7454642653465271,0.8911787867546082,1.305417537689209,6.720594882965088
UDP,5ggi,B,7bv3,B,1,[25],[25],UDP,UDP,4.131992951092765,3.3439807891845703,1.283369541168213,0.7256275415420532,0.7976921200752258,1.2211978435516355,2.9238572120666504
CA,2jhi,F,3vm7,A,1,[1],[1],CA,CA,13.700108784316615,2.1518476009368896,1.3672916889190674,0.7278458476066589,0.7408698797225952,1.0561773777008057,5.780610084533691
ACO,1hm8,A,5hgz,A,1,[51],[51],ACO,ACO,6.767895732835861,2.804147243499756,1.4201005697250366,0.7270650863647461,0.8935718536376953,1.0510478019714355,4.036222457885742
FE,3cei,A,3qc3,A,1,[1],[1],FE,FE,3.0847669848024926,2.694547176361084,1.4109447002410889,0.700568675994873,0.6020650863647461,1.238418698310852,2.35752534866333
ACO,1b87,A,4jvt,A,1,[48],[51],ACO,ACO,3.6833717194667117,3.2177605628967285,1.420201063156128,0.7243016958236694,0.8569770455360413,1.1973237991333008,2.691859722137451
PYR,2nuy,A,3noj,A,1,[6],[5],PYR,PYR,15.68389906481622,2.751945972442627,1.4027341604232788,0.746897280216217,0.8839398622512817,1.181986927986145,6.106510162353516
ACO,4ava,A,4jvt,A,1,[48],[51],ACO,ACO,5.216200589115234,3.1527581214904785,1.3519011735916138,0.7583174109458923,0.8551990389823914,0.981931746006012,3.4280571937561035
ATP,2e5y,A,4fg9,B,1,[31],[31],ATP,ATP,26.743040046310046,1.903324604034424,1.678930163383484,0.7021644711494446,0.7668562531471252,1.1212208271026611,7.278396129608154
UDP,2iya,A,5ggi,B,1,[25],[25],UDP,UDP,4.47188470836004,3.3286921977996826,1.3344162702560425,0.7455281615257263,0.7817612290382385,1.1756879091262815,3.090049982070923
ATP,3hgm,A,7vx0,B,1,[31],[31],ATP,ATP,4.455492716669166,2.8809821605682373,1.3898192644119265,0.7249775528907776,0.9016592502593994,1.0629440546035769,3.08221435546875
FE2,1e5s,A,4r88,B,1,[1],[1],FE2,FE2,1.8668340087752753,2.8026318550109863,1.4935662746429443,0.7171557545661926,0.6722193956375122,1.0624252557754517,1.5731525421142578
GDP,2ydc,A,3o47,A,1,[28],[28],GDP,GDP,10.869462069640836,2.735191345214844,1.5948525667190552,0.6637215614318848,0.5898244380950928,1.268978714942932,5.208309650421143
CU,1cur,A,4eir,A,1,[1],[1],CU,CU,3.0019758222936663,3.118678569793701,1.4368853569030762,0.762688159942627,0.4741740226745605,1.092480182647705,2.308861255645752
PYR,2nuy,A,4plf,B,1,[6],[5],PYR,PYR,5.436456058347783,2.8506338596343994,1.4526578187942505,0.7684688568115234,0.7289758324623108,1.0212186574935913,3.521829128265381
GTP,1a8r,A,1plk,A,1,[32],[32],GTP,GTP,26.51204174571666,2.26926064491272,1.4676250219345093,0.6892849206924438,0.900904893875122,1.2079514265060425,7.261177539825439
CMP,2zmf,A,7e3w,B,1,[22],[22],CMP,CMP,8.929382274410298,2.174748659133911,1.5277304649353027,0.7216099500656128,0.7946041226387024,1.1576423645019531,4.717207431793213
IMP,1p17,B,4af0,A,1,[23],[23],IMP,IMP,3.476964527659401,3.250101089477539,1.499550461769104,0.7520512938499451,0.7239927053451538,1.1086056232452393,2.5799314975738525
ADE,2qlu,A,2qtt,A,1,[10],[10],ADE,ADE,5.0890826312028175,2.952548027038574,1.3705379962921145,0.7559382915496826,0.8085141181945801,1.0626723766326904,3.3726918697357178
UDP,2iya,A,2p73,A,1,[25],[25],UDP,UDP,3.2822833231232256,3.1074955463409424,1.439340353012085,0.7524353265762329,0.7936795949935913,1.1230027675628662,2.4711740016937256
AKG,1ea0,A,3nnf,A,1,[10],[10],AKG,AKG,45.21994746454277,2.4168758392333984,1.185942530632019,0.6546241641044617,0.873898446559906,0.9576538801193236,8.18906021118164
CTP,6ckk,A,6qxn,A,1,[29],[29],CTP,CTP,5.25476761496993,2.9423141479492188,1.3137575387954712,0.7349730730056763,0.8600310683250427,1.0764000415802002,3.4446723461151123
AMP,3uq6,A,6r8u,A,1,[23],[23],AMP,AMP,23.509218681417536,3.015978574752808,1.5366634130477903,0.6981292963027954,0.6343192458152771,1.2303543090820312,7.015746593475342
UDP,5ggi,B,5v0t,E,1,[25],[25],UDP,UDP,4.064231390470749,3.241271495819092,1.2124159336090088,0.7569230794906616,0.956692397594452,0.839216411113739,2.889764308929444
FE2,1e5s,A,3gcf,A,1,[1],[1],FE2,FE2,0.5210942401666928,2.371039390563965,1.3924421072006226,0.6841154098510742,0.768897533416748,1.0320950746536257,0.4952852129936218
UDP,4a7x,C,5ggi,B,1,[25],[25],UDP,UDP,5.308028011587855,2.8945770263671875,1.6250581741333008,0.7142615914344788,0.7933859825134277,1.2023833990097046,3.467479944229126
SAM,3sxj,A,4njg,A,1,[27],[27],SAM,SAM,4.068235455273666,3.101630210876465,1.5451862812042236,0.6962494254112244,0.7629717588424683,1.3284354209899902,2.8917880058288574
5GP,1lvg,A,4z87,A,1,[24],[24],5GP,5GP,4.858273538489704,2.974531650543213,1.5262070894241333,0.7334976196289062,0.6262084245681763,1.1614211797714231,3.269742965698242
BGC,1q33,A,6jj7,A,1,[12],[12],BGC,BGC,8.950555106199003,2.7339932918548584,1.457560658454895,0.7311747074127197,0.955500066280365,1.1254035234451294,4.723109722137451
NAD,4xzj,A,5ilg,A,1,[44],[44],NAD,NAD,3.963564463180144,2.9579081535339355,1.2414700984954834,0.6884773969650269,0.9072881937026978,1.1596829891204834,2.8385047912597656
AMP,2vfk,A,4ini,B,1,[23],[23],AMP,AMP,12.063096091758998,2.532647132873535,1.6671098470687866,0.6813530921936035,0.803925633430481,1.2405555248260498,5.467544555664063
GDP,1s4o,A,2atv,A,1,[28],[28],GDP,GDP,4.120346796706286,3.3693535327911377,1.304949402809143,0.7195812463760376,0.9013302326202391,1.2201305627822876,2.9180209636688232
AKG,1llw,A,4xcb,A,1,[10],[10],AKG,AKG,45.52421972547555,2.465918779373169,1.0912939310073853,0.6224899291992188,0.9554097652435304,0.8781977295875549,8.198984146118164
BGC,1q33,A,7x0h,A,1,[12],[12],BGC,BGC,7.372905119913647,2.6093058586120605,1.821277141571045,0.7436753511428833,0.8019002079963684,1.0559825897216797,4.243910312652588
ZN,2aig,P,6tbz,A,1,[1],[1],ZN,ZN,14.208585540730043,2.6135921478271484,1.6083835363388062,0.745139479637146,0.5882086157798767,1.1415817737579346,5.869234085083008
CTP,1coz,A,6ckk,A,1,[29],[29],CTP,CTP,3.1101649457410105,3.235406875610352,1.174912452697754,0.7365401387214661,0.8891044855117798,1.0375953912734983,2.372330904006958
MG,2iii,A,5zw3,B,1,[1],[1],MG,MG,18.352566255293585,2.8882923126220703,1.2995789051055908,0.748901903629303,0.9141455888748168,0.9738699197769164,6.472982406616211
CTP,3k8d,A,6qxn,A,1,[29],[29],CTP,CTP,4.150530557515798,3.0138866901397705,1.4208766222000122,0.7093168497085571,0.8858923316001892,1.1135543584823608,2.9331271648406982
PLP,2yku,A,3nzp,B,1,[15],[15],PLP,PLP,1.360977005711091,3.4388015270233154,1.3384056091308594,0.7348449230194092,0.8370780944824219,1.0588490962982178,1.1979401111602783
ADE,2qtt,A,3rys,A,1,[10],[10],ADE,ADE,3.0023389803848484,2.590632915496826,1.3478554487228394,0.7331483960151672,0.6011101603507996,1.1252071857452393,2.3090760707855225
AKG,4hg3,A,5xvv,B,1,[10],[9],AKG,AKG,15.38409267463583,2.9777114391326904,1.6024034023284912,0.7280631065368652,0.8564017415046692,0.9852471351623536,6.060524940490723
GDP,2ydc,A,3ref,B,1,[28],[28],GDP,GDP,10.458708158901425,2.6055893898010254,1.4255634546279907,0.7250743508338928,0.7351436614990234,1.116690993309021,5.112105846405029
UDP,3hbn,A,5ggi,B,1,[25],[25],UDP,UDP,3.5650733668830568,3.554020881652832,1.2116273641586304,0.7345197796821594,0.9002944827079773,1.084896445274353,2.628126859664917
PYR,3di1,B,5w5r,A,1,[6],[5],PYR,PYR,32.34904880066171,2.728777885437012,1.551135540008545,0.698585033416748,0.8568907380104065,1.102846384048462,7.638671875
CU,2h3x,C,4eis,A,1,[1],[1],CU,CU,2.8204646980742636,3.0922229290008545,1.488301396369934,0.7669228911399841,0.4598810076713562,1.1095404624938965,2.1999707221984863
OXY,4ako,A,4qur,A,1,[2],[2],OXY,OXY,1.8410583840297776,2.3103764057159424,1.4490010738372805,0.6824091076850891,0.4229827225208282,1.1985005140304563,1.5548089742660522
ANP,2oid,A,8gbj,D,1,[31],[31],ANP,ANP,3.1283625101049606,3.1749415397644043,1.4631174802780151,0.7341269254684448,0.7367244958877563,1.0951218605041504,2.382903814315796
AKG,1ea0,A,5xvv,B,1,[10],[10],AKG,AKG,4.380683198202195,2.7150049209594727,1.7360715866088867,0.7081499695777893,0.6563562750816345,1.1704673767089844,3.04622745513916
ADP,1lkx,C,4ydu,C,1,[27],[27],ADP,ADP,11.841290419471314,2.323827743530273,1.3651654720306396,0.6914825439453125,0.7825797200202942,1.2799097299575806,5.421515941619873
APR,1v8m,A,3ewp,A,1,[36],[36],APR,APR,7.4090358716363856,2.5961503982543945,1.6670575141906738,0.730901300907135,0.8505255579948425,1.1612547636032104,4.255856513977051
CTP,1coz,A,6qxn,A,1,[29],[29],CTP,CTP,3.5750905239822,2.767704486846924,1.541060447692871,0.740373969078064,0.717390239238739,1.0955848693847656,2.6335666179656982
COA,5hbr,A,5kl9,A,1,[48],[48],COA,COA,34.702774739071536,2.6912055015563965,1.5463539361953735,0.7016152739524841,0.9368633031845092,1.1781816482543943,7.763002395629883
COA,2oi6,B,5hbr,A,1,[48],[48],COA,COA,74.37776611872707,2.893615245819092,1.420454978942871,0.7036471366882324,0.938872456550598,1.024922013282776,8.81485366821289
ZN,1dq3,A,4xgl,A,1,[1],[1],ZN,ZN,23.027300432001056,2.640329122543335,1.5213298797607422,0.6818264722824097,0.9571228623390198,1.0404994487762451,6.972201824188232
ATP,7pup,A,8hh1,D,1,[31],[31],ATP,ATP,2.8387753112389147,3.119784355163574,1.458521604537964,0.7436134219169617,0.8080477714538574,1.0420911312103271,2.211095094680786
COA,1yli,B,2ahv,A,1,[48],[48],COA,COA,10.724879427398362,2.7282607555389404,1.5773451328277588,0.6981444954872131,0.445573478937149,1.3246039152145386,5.174881458282471
ACO,1hm8,A,4jwp,A,1,[51],[51],ACO,ACO,6.573342016386979,2.9718501567840576,1.3707934617996216,0.721691906452179,0.870218813419342,1.1169376373291016,3.9662139415740967
AMP,3l2p,A,6aic,A,1,[23],[22],AMP,AMP,3.6146874756550424,2.932805299758911,1.3917797803878784,0.7316939830780029,0.868902325630188,0.9817542433738708,2.654991149902344
COA,1p5r,A,1yli,B,1,[48],[48],COA,COA,9.897685678822446,2.7745184898376465,1.4536820650100708,0.7405232787132263,0.9378843307495116,1.1280579566955566,4.974289894104004
UDP,2p73,A,4pqg,A,1,[25],[25],UDP,UDP,3.6890920759054424,3.4498066902160645,1.3665348291397097,0.7005993127822876,0.9681988954544068,1.087721586227417,2.694913625717163
COA,4ubt,A,5kl9,A,1,[48],[48],COA,COA,33.26030771795003,2.613399028778076,1.438368558883667,0.6949517726898193,0.5138442516326904,1.3137365579605105,7.688412189483643
MG,4c7x,A,4e6m,A,1,[1],[1],MG,MG,1.2755842313270342,2.703651428222656,1.509608268737793,0.7456081509590149,0.576003909111023,0.9774689078330994,1.1312799453735352
NDP,1lqa,A,5vg6,B,1,[48],[48],NDP,NDP,3.392253701529119,3.4121694564819336,1.3273077011108398,0.7431203126907349,0.8107360005378723,1.0279178619384766,2.532996892929077
ZN,2eoq,A,4ztx,A,1,[1],[1],ZN,ZN,4.418694734491454,2.0018599033355717,1.614844799041748,0.7068768739700317,0.3342642784118652,0.9575915932655334,3.0645594596862797
MG,3fzi,A,6zhh,A,1,[1],[1],MG,MG,4.711095585027056,2.615677833557129,1.4197560548782349,0.7254767417907715,0.858730137348175,1.1452003717422483,3.2024097442626958
AMP,2ak3,A,6r8u,A,1,[23],[23],AMP,AMP,21.843692057829543,2.652660846710205,1.3363521099090576,0.6682783365249634,0.4822124242782593,1.2148258686065674,6.859660625457764
5GP,3tr0,A,4z87,A,1,[24],[24],5GP,5GP,4.805046425316954,2.80208420753479,1.4338533878326416,0.74443119764328,0.7781603336334229,1.1058942079544067,3.245546340942383
CU,5foh,A,5yt7,A,1,[1],[1],CU,CU,0.664538049649997,2.656378746032715,1.4922467470169067,0.7366335391998291,0.3874399960041046,0.8676581382751465,0.6231287717819214
FE,3ak3,B,3qc3,A,1,[1],[1],FE,FE,2.926951835184372,2.7132604122161865,1.4584826231002808,0.7379230856895447,0.8328691720962524,1.2043519020080566,2.2642242908477783
CA,4r83,A,6jt5,A,1,[1],[1],CA,CA,22.791912477426898,2.3494551181793213,1.3911718130111694,0.7005277276039124,0.8742539286613464,1.0876915454864502,6.950467586517334
MN,3aam,A,3oun,B,1,[1],[1],MN,MN,32.270680040997775,2.530975103378296,1.5092512369155884,0.7468370795249939,0.5463067293167114,1.0421403646469116,7.634294033050537
AMP,1ct9,A,6r8u,A,1,[23],[23],AMP,AMP,22.944272447765822,3.0760693550109863,1.6077766418457031,0.7190973162651062,0.5485377907752991,1.0742307901382446,6.964570999145508
FE,3e13,X,3qc3,A,1,[1],[1],FE,FE,1.9919458505392347,2.5503532886505127,1.7215275764465332,0.7283228635787964,0.7758951187133789,1.4161545038223269,1.6610697507858276
COA,1f7l,A,6qfb,C,1,[48],[48],COA,COA,13.121253197960147,2.623715400695801,1.4780843257904053,0.631410539150238,0.9014811515808104,1.207172989845276,5.674974918365479
FE,1b06,A,3e13,X,1,[1],[1],FE,FE,0.963001447532755,2.76025652885437,1.6148635149002075,0.7202883362770081,0.897260844707489,1.0123015642166138,0.8784103989601135
CU,4eir,A,6km8,A,1,[1],[1],CU,CU,3.7190261217949923,2.364100933074951,1.4958908557891846,0.7048638463020325,0.466804951429367,1.147477149963379,2.710852861404419
NAP,1zgd,A,3ngl,A,1,[48],[48],NAP,NAP,3.523694720302125,3.571599006652832,1.3333958387374878,0.7377763986587524,0.8136484026908875,1.0807113647460938,2.6055710315704346
CO,4d07,A,4ob3,A,1,[1],[1],CO,CO,26.610775706382263,2.324465274810791,1.4801753759384155,0.7401990294456482,0.7590661644935608,1.1699092388153076,7.268563747406006
ADP,4p7a,A,6ro1,A,1,[27],[27],ADP,ADP,2.986610394195251,2.9724724292755127,1.384251594543457,0.7152493596076965,0.7089075446128845,1.1309553384780884,2.2997612953186035
NDP,1lqa,A,1o8c,A,1,[48],[48],NDP,NDP,3.980017024120081,3.629959583282471,1.292973279953003,0.7364670038223267,0.8507775068283081,1.039455771446228,2.846932888031006
AMP,4e6n,A,4k46,A,1,[23],[22],AMP,AMP,7.394857285001419,2.649289608001709,1.5430331230163574,0.7140573263168335,0.7739195227622986,1.0065077543258667,4.251174449920654
HEM,1bcf,A,3vre,A,1,[43],[43],HEM,HEM,16.294631494347126,2.8669354915618896,1.4374562501907349,0.6782938838005066,0.8441329598426819,1.2927380800247192,6.196942329406738
ADP,2fsn,B,6c90,A,1,[27],[27],ADP,ADP,2.7352108584306696,2.813429594039917,1.470450520515442,0.7118421792984009,0.6432374119758606,1.022915959358215,2.147754669189453
AMP,4e6n,A,6aic,A,1,[23],[22],AMP,AMP,3.77393326582822,2.533505916595459,1.6131187677383425,0.7082927823066711,0.8594725131988525,1.1089937686920166,2.739909648895264
COA,1yvk,A,5kl9,A,1,[48],[48],COA,COA,33.66434070791486,2.742542028427124,1.4722306728363037,0.6874062418937683,0.94232839345932,1.148072600364685,7.70980167388916
FE,3nnl,B,3pqi,A,1,[1],[1],FE,FE,1.4702849538435168,2.10308837890625,1.4297025203704834,0.5866076350212097,0.9254846572875975,0.9294826984405518,1.2818207740783691
ACO,3dr8,A,4jvt,A,1,[48],[51],ACO,ACO,4.512491238727121,3.2137629985809326,1.3965007066726685,0.7337659001350403,0.9077123403549194,1.0877865552902222,3.109384298324585
ACO,1hm8,A,6ao7,A,1,[51],[51],ACO,ACO,6.9821291633364835,2.8822832107543945,1.3882299661636353,0.6937694549560547,0.886026918888092,1.1817528009414673,4.111456871032715
NAD,6c5c,A,7f8d,A,1,[44],[44],NAD,NAD,3.8472297082302376,3.1712145805358887,1.389617085456848,0.7446437478065491,0.7023463249206543,0.9971657991409302,2.77833890914917
ANP,5xd6,A,7o12,B,1,[31],[31],ANP,ANP,3.6191515682222315,3.1421213150024414,1.2718933820724487,0.7451465725898743,0.6788272857666016,1.0342744588851929,2.6573987007141118
AMP,6bkf,A,6kby,A,1,[22],[22],AMP,AMP,11.009848266192014,2.533832311630249,1.623186469078064,0.6771700382232666,0.6596614718437195,1.0914300680160522,5.24032735824585
FMN,4ab4,A,7epe,A,1,[31],[31],FMN,FMN,1.944224287617034,3.174706220626831,1.2050533294677734,0.7282944321632385,0.6331967115402222,0.952085018157959,1.627752661705017
ACP,5c41,A,8oqx,A,1,[31],[31],ACP,ACP,4.641729171101514,2.7701117992401123,1.5771520137786863,0.7163600325584412,0.8864352703094482,1.1366722583770752,3.170205593109131
PLP,1i2k,A,4r8d,A,1,[15],[15],PLP,PLP,1.4923743389058586,3.3773303031921387,1.3105117082595823,0.7434661388397217,0.8381404876708984,1.1814510822296145,1.298577904701233
GAL,4kzk,A,5ldr,A,1,[12],[12],GAL,GAL,5.291393498041374,2.542623996734619,1.5915154218673706,0.7285448908805847,0.715921938419342,1.1273863315582275,3.460373640060425
COA,3nfd,E,6qfb,C,1,[48],[27],COA,COA,11.917411938783264,2.350943088531494,1.662721872329712,0.6489539742469788,0.9424939155578612,1.1643059253692627,5.437417507171631
COA,1f7l,A,1p5r,A,1,[48],[48],COA,COA,11.164446629697673,2.8115851879119877,1.4432625770568848,0.7132164239883423,0.9313240051269532,1.0391316413879397,5.275094985961914
COA,2ahv,A,5kl9,A,1,[48],[48],COA,COA,27.951505581109082,2.34345817565918,1.4451544284820557,0.6932231783866882,0.435358464717865,1.5085039138793943,7.365058422088623
FE,3g77,A,3vth,A,1,[1],[1],FE,FE,4.085483013262197,2.558113574981689,1.6115227937698364,0.7284298539161682,0.8655562996864319,1.0620311498641968,2.900491952896118
COA,3cgb,A,4ubt,A,1,[48],[48],COA,COA,7.639728147500171,2.8175926208496094,1.66750967502594,0.7099474668502808,0.7895815968513489,1.206118941307068,4.330978393554688
ADP,5lu4,A,5m32,h,1,[27],[27],ADP,ADP,3.0367161791824886,2.6529054641723637,1.5544850826263428,0.7079126238822937,0.7995836138725281,1.0885225534439087,2.3293566703796387
SAM,2fb2,A,4qtu,B,1,[27],[27],SAM,SAM,2.7310237113762543,3.1185622215271,1.320157170295715,0.7067295908927917,0.8466453552246094,1.2952306270599363,2.145172119140625
UDP,5ggi,B,5tvg,A,1,[25],[25],UDP,UDP,3.86689433967554,3.361985921859741,1.1917724609375,0.7541162967681885,0.9404995441436768,0.8507840037345886,2.7885799407958984
ATP,1yp3,C,3hgm,A,1,[31],[31],ATP,ATP,4.363055775127423,3.475607395172119,0.9121941328048706,0.7499500513076782,0.9629212617874146,0.7469514012336731,3.03769326210022
COA,1q6y,A,5kl9,A,1,[48],[48],COA,COA,16.467943043398474,2.6456737518310547,1.4298266172409058,0.6925185918807983,0.7604873180389404,1.1929279565811155,6.221844673156738
GTP,1svw,A,4du6,A,1,[32],[32],GTP,GTP,29.13934762777128,2.5058341026306152,1.5258028507232666,0.7561277151107788,0.8496127724647522,1.0629905462265017,7.445026397705078
PYR,5lu4,A,5w5r,A,1,[6],[6],PYR,PYR,61.47810924280958,2.545992374420166,1.6478817462921145,0.6888999342918396,0.9202329516410828,1.3378101587295532,8.600970268249512
CU,6ryx,A,7r0h,A,1,[1],[1],CU,CU,51.67705914980647,2.3922901153564453,1.3449722528457642,0.7159245014190674,0.8861872553825378,1.1893346309661863,8.37865161895752
ADP,2fsn,B,4ljy,A,1,[27],[27],ADP,ADP,2.8027591883968648,3.050471782684326,1.3860117197036743,0.7331889271736145,0.7665371894836426,0.9373979568481444,2.1891837120056152
GTP,1plk,A,4du6,A,1,[32],[32],GTP,GTP,27.09694052908749,2.446308135986328,1.4199882745742798,0.6888416409492493,0.9305770993232728,1.277408242225647,7.304359912872314
GDP,2cjw,A,2ydc,A,1,[28],[28],GDP,GDP,11.234019192056035,2.500819683074951,1.4884968996047974,0.7176920175552368,0.7575647830963135,1.054417610168457,5.290575981140137
ANP,3zfd,A,5dzc,A,1,[31],[31],ANP,ANP,2.3170158943915635,3.032468318939209,1.3372586965560913,0.6906213760375977,0.5227504968643188,1.1771478652954102,1.8811503648757932
CO,2xvz,A,6bnn,A,1,[1],[1],CO,CO,2.9548841639625993,2.1605820655822754,1.4095011949539185,0.7302445769309998,0.7473943829536438,1.022611141204834,2.280903577804565
ADE,1j1r,A,2qlu,A,1,[10],[10],ADE,ADE,11.452216987819666,2.571643352508545,1.455792784690857,0.7178527116775513,0.9241540431976318,1.2915773391723633,5.33847713470459
ZN,4l3k,A,4qbg,B,1,[1],[1],ZN,ZN,35.77499281884544,1.7628943920135498,1.6837385892868042,0.6618284583091736,0.7030778527259827,1.6324986219406128,7.815401077270508
FE,1do6,A,2b1x,A,1,[1],[1],FE,FE,1.038862480560022,2.3586103916168213,1.4445858001708984,0.7074620127677917,0.6346226930618286,1.0174633264541626,0.9410955905914308
MN,3evk,A,3pif,D,1,[1],[1],MN,MN,5.084905064236934,2.4739136695861816,1.5532323122024536,0.6935214996337891,0.8327754735946655,1.1968724727630615,3.370856523513794
UDP,2p73,A,4a7x,C,1,[25],[25],UDP,UDP,4.911963220676651,3.083188056945801,1.3813903331756592,0.7361083030700684,0.8093153238296509,1.2150883674621582,3.2939748764038086
AMP,3uq6,A,5l6v,I,1,[23],[23],AMP,AMP,20.597829797937653,2.918605327606201,1.5559918880462646,0.6976975202560425,0.7855164408683777,1.189128875732422,6.731794357299805
ACO,1hm8,A,6v3t,A,1,[51],[51],ACO,ACO,6.304431825125914,2.7770800590515137,1.4478451013565063,0.7403165102005005,0.9092045426368712,1.0325782299041748,3.866698265075684
ADP,2awn,C,5zlp,J,1,[27],[27],ADP,ADP,4.576273860619566,2.757476329803467,1.439665913581848,0.7175363302230835,0.8205133676528931,1.1116304397583008,3.139536142349243
FMN,7epe,A,8pm1,A,1,[31],[31],FMN,FMN,2.289765813715012,2.8541054725646973,1.381394624710083,0.719172477722168,0.6194812655448914,0.9518449902534484,1.8631484508514404
AKG,1llw,A,5xvv,B,1,[10],[10],AKG,AKG,4.883072909671511,2.820175170898437,1.4288567304611206,0.6663641333580017,0.800008237361908,1.1480633020401,3.2809574604034424
AMP,1uuy,A,2vfk,A,1,[23],[22],AMP,AMP,12.03230498148244,2.4958691596984863,1.626716136932373,0.7048496603965759,0.795960009098053,1.2132216691970823,5.461210250854492
COA,2oi6,B,4x0o,E,1,[27],[48],COA,COA,23.91814851708214,2.4133572578430176,1.5637444257736206,0.6360821723937988,0.891546368598938,1.209174871444702,7.0517258644104
ANP,2db3,A,2oid,A,1,[31],[31],ANP,ANP,2.3623877709772207,3.200402021408081,1.3425230979919434,0.7137117981910706,0.7931315302848816,1.1175843477249146,1.9109477996826167
FMN,7epe,A,7oo9,A,1,[31],[31],FMN,FMN,2.3602467284777626,2.7112820148468018,1.5130765438079834,0.7067319750785828,0.5845106244087219,0.97337406873703,1.9095466136932373
PLP,4r8d,A,5yyc,A,1,[15],[15],PLP,PLP,1.2919348435816256,3.438455820083618,1.262784123420715,0.7270945310592651,0.68775874376297,1.0444456338882446,1.144121766090393
ATP,2j9l,C,3whk,A,1,[31],[31],ATP,ATP,2.93336825562476,2.870014190673828,1.4831874370574951,0.7239552140235901,0.805640459060669,1.0704901218414309,2.268062114715576
CO,3hdi,A,7s0w,B,1,[1],[1],CO,CO,3.9241041273544233,2.303497791290283,1.6766855716705322,0.726620078086853,0.6503164768218994,1.1401653289794922,2.818209409713745
HEM,3u8p,A,5li6,A,1,[43],[43],HEM,HEM,7.095264506607897,1.8442254066467283,1.3348073959350586,0.583916187286377,0.6150214672088623,1.606802463531494,4.150426864624023
AMP,2vfk,A,6aic,A,1,[23],[23],AMP,AMP,8.710293136121926,2.6641762256622314,1.681892156600952,0.6962859034538269,0.9149516224861144,1.2521865367889404,4.655348300933838
FE,2boy,A,4qur,A,1,[1],[1],FE,FE,1.9783494887965856,2.311192512512207,1.5705645084381104,0.683910608291626,0.674704372882843,1.1380988359451294,1.651604413986206
ACO,1hm8,A,3mgd,B,1,[51],[51],ACO,ACO,6.6733410850401995,2.85880708694458,1.4125264883041382,0.716259241104126,0.8832822442054749,1.1652318239212036,4.002401828765869
CU,4eir,A,6l4c,B,1,[1],[1],CU,CU,3.2826547372539934,2.0995147228240967,1.3763158321380615,0.6317716836929321,0.7861692905426025,0.9771500825881958,2.4713845252990723
NDP,1zdl,A,7w5n,A,1,[48],[48],NDP,NDP,5.256997203341208,3.55839204788208,1.2629603147506714,0.7512603998184204,0.8047555685043335,0.9582786560058594,3.4456303119659424
UDP,2acv,A,5ggi,B,1,[25],[25],UDP,UDP,4.426703247437727,3.298524618148804,1.3711529970169067,0.7078505754470825,0.8205860257148743,1.1844249963760376,3.0684094429016118
GAL,2j5z,A,5ldr,A,1,[12],[12],GAL,GAL,4.382282860414322,1.925391674041748,1.4711167812347412,0.6995466351509094,0.9697534441947936,1.146322250366211,3.0470008850097656
MG,3bzn,A,7ef7,A,1,[1],[1],MG,MG,8.610072954717529,2.04348373413086,1.611604928970337,0.7123016119003296,0.5977670550346375,1.1304534673690796,4.626565933227539
AKG,1ofd,A,3nnf,A,1,[10],[10],AKG,AKG,34.11386568480288,2.303033828735352,1.5673878192901611,0.5934784412384033,0.5313242673873901,1.9888575077056885,7.7331390380859375
AMP,1kht,B,4e6n,A,1,[22],[23],AMP,AMP,5.071452515735035,2.7247543334960938,1.6117141246795654,0.7358542680740356,0.5469600558280945,1.1220343112945557,3.364939451217652
AMP,1ct9,A,4e6n,A,1,[22],[23],AMP,AMP,4.388120897697412,2.6925363540649414,1.4413573741912842,0.7194065451622009,0.4822619557380676,0.9461140632629396,3.0498220920562744
MN,2p73,A,2x7j,A,1,[1],[1],MN,MN,2.4700501896520293,3.1704366207122803,1.182339787483215,0.7510335445404053,0.9454298615455629,0.8814420700073242,1.980786085128784
ACO,4jvt,A,6ao7,A,1,[51],[48],ACO,ACO,4.8498897898687545,3.295614242553711,1.4119255542755127,0.7169024348258972,0.8550158739089966,1.2478328943252563,3.2659432888031006
5GP,1ex7,A,4z87,A,1,[24],[24],5GP,5GP,5.051263529096821,2.913224220275879,1.5028409957885742,0.7150294780731201,0.8570671677589417,1.172321319580078,3.356039524078369
CU,1cuo,A,7r0h,A,1,[1],[1],CU,CU,52.29802140139892,2.322801351547241,1.715168595314026,0.7213215827941895,0.7439755201339722,1.0162323713302612,8.39481258392334
UDP,2acv,A,2p73,A,1,[25],[25],UDP,UDP,3.2444723335005667,2.9940643310546875,1.4479693174362185,0.7254787683486938,0.4907247722148895,1.1668469905853271,2.4496803283691406
NAD,7dkm,A,7f8d,A,1,[44],[44],NAD,NAD,0.5931618166117404,4.755311965942383,0.5614089965820312,0.8453224897384644,0.9828109741210938,0.708352267742157,0.5599478483200073
CU,1cur,A,4qi8,A,1,[1],[1],CU,CU,0.5230398417092252,2.913456678390503,1.636096715927124,0.7548885345458984,0.4839336276054382,0.98988938331604,0.4970425367355346
CTP,1coz,A,3k8d,A,1,[29],[29],CTP,CTP,2.0682269219837193,3.0457324981689453,1.311282753944397,0.7499039769172668,0.8609460592269897,1.0996118783950806,1.7137786149978638
AKG,1nx4,C,5xvv,B,1,[10],[10],AKG,AKG,13.998880362293887,2.289818286895752,1.624428153038025,0.716981053352356,0.7546106576919556,1.3938674926757812,5.833138942718506
NAP,1zgd,A,5h81,B,1,[48],[48],NAP,NAP,3.8706115874640727,3.578880786895752,1.339663028717041,0.7572385668754578,0.8018200993537903,1.0247564315795898,2.790512561798096
COA,3ubm,B,5kl9,A,1,[48],[48],COA,COA,32.06876671620806,2.613533973693848,1.527768850326538,0.710522472858429,0.9102172255516052,1.2494456768035889,7.622939586639404
GDP,1s4o,A,3zbq,A,1,[28],[28],GDP,GDP,6.087845389904439,2.86281156539917,1.4187726974487305,0.7403997182846069,0.6222647428512573,1.0581876039505005,3.7841272354125977
GDP,1s4o,A,2nzj,B,1,[28],[28],GDP,GDP,4.2279879653650605,3.2692902088165283,1.2823745012283323,0.7192118763923645,0.9366913437843324,1.161482810974121,2.9715993404388428
FAD,2ed4,A,2pg0,A,1,[53],[53],FAD,FAD,9.60647963546745,2.469383716583252,1.4787226915359497,0.6809688210487366,0.9336779117584229,1.1737024784088137,4.8996453285217285
CU,4qi8,A,5yt7,A,1,[1],[1],CU,CU,1.1199449143964164,2.575326442718506,1.4630084037780762,0.7345948815345764,0.2942159175872803,0.8553680181503296,1.0071496963500977
OXL,3flk,A,4l80,C,1,[6],[6],OXL,OXL,3.5922531457595763,2.9990718364715576,1.3139562606811523,0.7075938582420349,0.8930842876434326,1.261398434638977,2.6428680419921875
ADP,4hlu,A,5lu4,A,1,[27],[27],ADP,ADP,4.556109195945005,2.6410341262817383,1.7170751094818115,0.6970929503440857,0.795758843421936,1.1287086009979248,3.1300323009490967
CA,4f9j,A,7w6b,A,1,[1],[1],CA,CA,49.61439078622187,2.844521999359131,1.0352351665496826,0.7008599638938904,0.9824116826057434,0.8960189819335938,8.322552680969238
FE,2amu,A,3fvz,A,1,[1],[1],FE,FE,35.8405703141633,2.534933090209961,1.5072240829467771,0.732232928276062,0.6242185831069946,0.9941877126693726,7.818526268005371
AMP,3fwz,A,4e6n,A,1,[22],[23],AMP,AMP,3.846499209017465,2.9528043270111084,1.4094136953353882,0.7274385690689087,0.7436967492103577,1.1309072971343994,2.7779579162597656
PYR,3noj,A,5w5r,A,1,[6],[6],PYR,PYR,44.0921889008913,2.685943603515625,1.3968682289123535,0.7422267198562622,0.9604815244674684,1.045511245727539,8.151304244995117
COA,1yli,B,6qfb,C,1,[48],[48],COA,COA,20.033350785880167,1.9751319885253904,1.6007063388824463,0.6136816143989563,0.7510918378829956,1.2892043590545654,6.670368194580078
UDP,2p73,A,5v0t,E,1,[25],[25],UDP,UDP,3.771949176982102,3.345641613006592,1.3788732290267944,0.7539523839950562,0.7711018919944763,1.0893765687942505,2.738863706588745
HEM,1aom,B,5zur,B,1,[43],[43],HEM,HEM,29.32195635522947,2.2874770164489746,1.540677547454834,0.7045631408691406,0.7894952297210693,1.2599506378173828,7.4568915367126465
ACO,1hm8,A,2h5m,A,1,[51],[51],ACO,ACO,7.405039443583707,2.711707592010498,1.51102876663208,0.6784788966178894,0.9461123943328856,1.1288491487503052,4.254537582397461
UDP,2p73,A,5e9u,A,1,[25],[25],UDP,UDP,3.7883673208609485,3.178581714630127,1.4234596490859983,0.7494813203811646,0.8072476983070374,1.1384018659591677,2.747509717941284
FE,3cei,A,3vth,A,1,[1],[1],FE,FE,3.693585431577372,2.199739933013916,1.6034541130065918,0.7362135052680969,0.6995303630828857,1.0149754285812378,2.69731068611145
ACO,3mgd,B,4jvt,A,1,[48],[51],ACO,ACO,5.490263243372105,3.321733236312866,1.353492021560669,0.731352686882019,0.9278353452682496,1.1602396965026855,3.544331789016724
AMP,2vfk,A,3uq6,A,1,[23],[23],AMP,AMP,13.741897971126194,2.716230869293213,1.770676851272583,0.744321346282959,0.8497893214225769,0.9806232452392578,5.788036823272705
UDP,2wtx,D,5ggi,B,1,[25],[25],UDP,UDP,3.6947787624199933,3.3116743564605717,1.1966136693954468,0.7467806339263916,0.9648644924163818,0.8724325895309448,2.6979470252990723
FE,3fvz,A,6rxn,A,1,[1],[1],FE,FE,34.08978021670754,1.6921842098236084,1.5604203939437866,0.6885073781013489,0.3865991532802582,1.0666075944900513,7.731900691986084
ADP,2awn,C,6ks6,E,1,[27],[27],ADP,ADP,2.687558986520824,2.875593423843384,1.5505951642990112,0.7249341011047363,0.7294458150863647,1.0208196640014648,2.1182632446289062
SAM,3mte,A,4njg,A,1,[27],[26],SAM,SAM,4.7947679841286295,3.2348248958587646,1.3726187944412231,0.694840133190155,0.9057903289794922,1.48724365234375,3.240853786468506
UDP,2p73,A,2wtx,D,1,[25],[25],UDP,UDP,4.763528575353762,3.1735517978668213,1.4684127569198608,0.7567355036735535,0.8256179690361023,1.099951982498169,3.2265515327453613
GDP,2qag,C,2ydc,A,1,[28],[28],GDP,GDP,7.471435814663912,2.591933250427246,1.524221420288086,0.688308835029602,0.8229109644889832,1.1035847663879397,4.276371955871582
AMP,1kht,B,6r8u,A,1,[23],[23],AMP,AMP,25.502785082191373,3.0652880668640137,1.4266276359558103,0.6913511753082275,0.9067766666412354,1.3383606672286987,7.183319568634033
CU,1a4a,A,4eir,A,1,[1],[1],CU,CU,2.8077726857797063,3.147568702697754,1.3822933435440063,0.7620700597763062,0.629291296005249,1.0860391855239868,2.1922411918640137
BMA,5a7v,A,6l6a,A,1,[12],[12],BMA,BMA,5.179954473570987,2.1405179500579834,1.4442089796066284,0.7117101550102234,0.7366406321525574,1.179682970046997,3.412364959716797
UDP,2p73,A,7bv3,B,1,[25],[25],UDP,UDP,3.2258832903234227,3.2322347164154053,1.4436181783676147,0.743951678276062,0.6743218302726746,1.1278469562530518,2.43906831741333
PLP,3csw,C,4r8d,A,1,[15],[16],PLP,PLP,1.197118240446746,3.5692975521087646,1.359255075454712,0.7769762873649597,0.8177372813224792,1.0756210088729858,1.0691306591033936
AMP,3fiu,A,6r8u,A,1,[23],[23],AMP,AMP,21.863688602651376,3.3454232215881348,1.03006112575531,0.7336636781692505,0.9450002312660216,0.893184244632721,6.861631393432617
MG,1svw,A,6igj,A,1,[1],[1],MG,MG,18.798306447249637,2.491929292678833,1.5370832681655884,0.6800099611282349,0.8960954546928406,1.3368817567825315,6.527573585510254
SAM,2uyq,A,4njg,A,1,[27],[17],SAM,SAM,4.945312281473164,3.1139700412750244,1.393964171409607,0.7248035669326782,0.8520223498344421,1.3561334609985352,3.30893874168396
FE,3g77,A,3pqi,A,1,[1],[1],FE,FE,3.1756040304876585,1.937854528427124,1.4601075649261477,0.6596998572349548,0.783380925655365,1.2352248430252075,2.410215139389038
ATP,5nro,A,5o6m,D,1,[31],[31],ATP,ATP,15.678228950184295,2.926632165908813,1.6375250816345217,0.7220919728279114,0.5734557509422302,1.1051024198532104,6.105650424957275
AMP,4e6n,A,6kby,A,1,[22],[22],AMP,AMP,4.800310155883184,2.5990183353424072,1.40311598777771,0.6958909630775452,0.7422605752944946,1.1091670989990234,3.243384838104248
FE2,3ven,A,4r88,B,1,[1],[1],FE2,FE2,2.015366293290105,2.5216188430786133,1.717861294746399,0.7542520761489868,0.6458985209465027,1.0747551918029783,1.6773240566253662
CO,1v29,A,7s0w,B,1,[1],[1],CO,CO,5.741532708826846,2.120495557785034,1.4261462688446045,0.7009893655776978,0.555877685546875,1.345513105392456,3.647378444671631
ANP,1zy5,A,4w7s,B,1,[31],[31],ANP,ANP,3.4753152943831345,2.932497978210449,1.494615912437439,0.7118304371833801,0.5494627952575684,1.0454819202423096,2.5790233612060547
NAD,1nr5,B,1qs2,A,1,[44],[44],NAD,NAD,5.188752012526734,2.6742560863494877,1.3775516748428345,0.686529278755188,0.8774417638778687,1.1260926723480225,3.4161806106567383
UDP,2p73,A,7zer,A,1,[25],[25],UDP,UDP,3.4634785636928367,3.185030221939087,1.408520221710205,0.7489714026451111,0.6360902786254883,1.073269605636597,2.5724990367889404
AKG,1ofd,A,4xcb,A,1,[10],[10],AKG,AKG,13.168912997149558,2.35616135597229,1.721917748451233,0.6497501134872437,0.8403832316398621,1.3087396621704102,5.683871746063232
COA,5kl9,A,5xuk,A,1,[40],[48],COA,COA,35.118294088425884,2.731475353240967,1.6167587041854858,0.7171835899353027,0.8626830577850342,1.238228678703308,7.783604145050049
ACO,1hm8,A,7ovu,A,1,[51],[51],ACO,ACO,6.700589686377375,2.850768804550171,1.4159077405929563,0.6972343921661377,0.8659036159515381,1.100354552268982,4.012187480926514
NDP,1o8c,A,4ijr,A,1,[48],[48],NDP,NDP,4.036861325594097,3.551798105239868,1.2894797325134275,0.7503556609153748,0.8863505721092224,0.9736545085906982,2.8759002685546875
NAD,1qs2,A,5ilg,A,1,[44],[44],NAD,NAD,3.899368443098573,3.039745092391968,1.4013748168945312,0.7183697819709778,0.8276535272598267,1.2004390954971311,2.805428504943848
HEM,4e6k,A,4kvj,A,1,[43],[43],HEM,HEM,15.311283898760754,2.249417304992676,1.6755300760269165,0.752742350101471,0.7608942985534668,1.0087603330612185,6.049192905426025
MG,2ox4,C,6cc9,B,1,[1],[1],MG,MG,4.142249592343966,2.816896438598633,1.3634647130966189,0.6893360614776611,0.8738292455673218,1.1410489082336426,2.9289891719818115
ACO,4jvt,A,4jwp,A,1,[51],[48],ACO,ACO,4.494248888785679,3.1915738582611084,1.4140568971633911,0.7432098984718323,0.8673699498176575,1.070244312286377,3.1007118225097656
AMP,1k9y,A,5l6v,I,1,[23],[23],AMP,AMP,22.909309489701016,2.9681944847106934,1.6402273178100586,0.7078403830528259,0.719150722026825,1.119420051574707,6.96134614944458
MG,2yjg,A,4e6m,A,1,[1],[1],MG,MG,37.399821173007425,2.85791540145874,1.2658230066299438,0.7329520583152771,0.5908048152923584,0.8547629714012146,7.890287399291992
SAM,2fb2,A,4gc9,A,1,[27],[27],SAM,SAM,2.6812291894690787,2.977919101715088,1.360818862915039,0.7345400452613831,0.802219569683075,1.2504091262817385,2.114329099655152
FE,3fvz,A,4qur,A,1,[1],[1],FE,FE,36.42821958137046,1.733833074569702,1.5427381992340088,0.7197180390357971,0.5734084248542786,1.0212655067443848,7.846137523651123
UDP,2d7i,A,2wtx,D,1,[25],[25],UDP,UDP,3.68009278827279,3.564575672149658,1.2122812271118164,0.7645471096038818,0.928432047367096,1.065447211265564,2.690108060836792
FE,2q4a,B,4qur,A,1,[1],[1],FE,FE,1.3147953372286247,2.574962615966797,1.368558049201965,0.7052645087242126,0.8364430665969849,1.066537857055664,1.1620142459869385
NAD,1lvl,A,7f8d,A,1,[44],[44],NAD,NAD,5.4419914704827885,4.102347373962402,0.6922686100006104,0.8086119294166565,0.9923679232597352,0.7050987482070923,3.52415132522583
FMN,1qxo,A,7epe,A,1,[31],[31],FMN,FMN,11.276246918870834,2.475923538208008,1.614303708076477,0.6836760640144348,0.7768411040306091,1.130139708518982,5.299922943115234
COA,2gf6,A,4x0o,E,1,[27],[48],COA,COA,15.243682585324269,2.641145706176758,1.5835154056549072,0.738777220249176,0.9488605260849,1.2061660289764404,6.038612842559815
COA,2oi6,B,5kl9,A,1,[48],[48],COA,COA,24.043111331086575,2.151658535003662,1.762266993522644,0.6984745860099792,0.6327158212661743,1.4148601293563845,7.0625481605529785
FE,2amu,A,2b1x,A,1,[1],[1],FE,FE,0.6019884731700884,2.2055652141571045,1.4468092918395996,0.6781284809112549,0.8488737344741821,0.987076222896576,0.567807137966156
MG,1svw,A,3ks6,A,1,[1],[1],MG,MG,5.335896882380369,2.703263521194458,1.844752073287964,0.7502016425132751,0.8658992648124695,1.2584233283996582,3.479351043701172
MN,2x7j,A,3ib7,A,1,[1],[1],MN,MN,1.70313323100298,2.879600524902344,1.0545945167541504,0.747868001461029,0.9264969825744628,0.821559727191925,1.4552797079086304
BMA,5swi,B,6l6a,A,1,[12],[12],BMA,BMA,9.445221764237145,2.2344977855682373,1.4559062719345093,0.7184601426124573,0.8308268785476685,1.0164785385131836,4.857348442077637
FE2,2de6,B,5j92,B,1,[1],[1],FE2,FE2,1.0806368716974406,2.4730381965637207,1.2333813905715942,0.6654070019721985,0.9131478667259216,0.8723958134651184,0.9752479791641236
CO,3hdi,A,3l0s,A,1,[1],[1],CO,CO,2.8297007886482324,2.43175745010376,1.4376362562179563,0.6345356702804565,0.5068470239639282,1.93360447883606,2.2055859565734863
UDP,2d7i,A,5e9u,A,1,[25],[25],UDP,UDP,3.7465607001860697,3.3412282466888428,1.382523536682129,0.7519983053207397,0.830860435962677,1.1442259550094604,2.7254531383514404
MG,1hyo,B,3txa,A,1,[1],[1],MG,MG,6.150933201362743,2.312029838562012,1.7214751243591309,0.7192755341529846,0.6885385513305664,1.0702078342437744,3.808407306671143
AMP,2gm3,A,2vfk,A,1,[23],[23],AMP,AMP,9.220175670854198,2.387215137481689,1.648426175117493,0.7289745211601257,0.7986173033714294,1.2610390186309814,4.797133922576904
AMP,1k9y,A,6r8u,A,1,[23],[23],AMP,AMP,22.497312618999032,2.421583414077759,1.8733834028244016,0.6692754030227661,0.8849362134933472,1.124527931213379,6.92282247543335
UDP,5e9u,A,5ggi,B,1,[25],[25],UDP,UDP,3.8976667097968964,3.352081298828125,1.3738409280776978,0.7096518874168396,0.8171021938323975,1.2073209285736084,2.8045475482940674
ADP,6q45,F,7nvm,e,1,[27],[27],ADP,ADP,3.95941811351173,2.895504951477051,1.2785409688949585,0.6894438862800598,0.8695314526557922,1.2424027919769287,2.836377620697021
AMP,1ct9,A,5l6v,I,1,[23],[23],AMP,AMP,23.49550135473653,3.124353408813477,1.5198984146118164,0.7380910515785217,0.7116063237190247,1.0017515420913696,7.014524459838867
FE2,4r88,B,7eyr,C,1,[1],[1],FE2,FE2,0.9021961608842959,2.865205764770508,1.4738975763320925,0.7559313774108887,0.7160733938217163,0.9230566024780272,0.8275361657142639
AKG,1ofd,A,5xvv,B,1,[10],[10],AKG,AKG,19.623180061555814,2.111608028411865,1.4925135374069214,0.5747569799423218,0.8588501811027527,1.377501130104065,6.624265193939209
FE2,2de6,B,4r88,B,1,[1],[1],FE2,FE2,0.90403383093962,2.194896697998047,1.306581974029541,0.703313410282135,0.5594163537025452,1.0596764087677002,0.8290820121765137
ACO,1b87,A,1hm8,A,1,[51],[51],ACO,ACO,6.84160617606081,2.8241395950317383,1.3463555574417114,0.7255107164382935,0.8052099347114563,1.069591403007507,4.062324047088623
SAM,2fb2,A,3fpj,B,1,[27],[27],SAM,SAM,3.6263600600504016,3.109522819519043,1.391689658164978,0.707403838634491,0.879849374294281,1.2400565147399902,2.661283016204834
AMP,2gm3,A,4ini,B,1,[23],[23],AMP,AMP,3.269658773658555,3.016946315765381,1.5725975036621094,0.7215828895568848,0.8496302366256714,1.110411286354065,2.4640111923217773
FE2,2de6,B,4oj8,B,1,[1],[1],FE2,FE2,0.6883659936847905,2.4761650562286377,1.2756236791610718,0.6692988276481628,0.8219326734542847,0.8949375152587891,0.6440329551696777
GDP,2atv,A,2ydc,A,1,[28],[28],GDP,GDP,10.070201375565683,2.524031400680542,1.5416259765625,0.7161691784858704,0.63337242603302,1.1250892877578735,5.017488956451416
ACO,2h5m,A,4jvt,A,1,[48],[51],ACO,ACO,5.342941278874253,2.893846035003662,1.444403052330017,0.7288850545883179,0.8668660521507263,1.1691365242004397,3.48234486579895
COA,1p5r,A,5xuk,A,1,[40],[48],COA,COA,8.45545139976697,2.813413143157959,1.4155181646347046,0.7077587842941284,0.92536723613739,1.0212030410766602,4.581546783447266
GDP,2ery,B,2ydc,A,1,[28],[28],GDP,GDP,11.51861353421663,2.6967289447784424,1.3462135791778564,0.7098475098609924,0.8141502141952515,1.209566354751587,5.352860450744629
SAM,4fak,A,4njg,A,1,[27],[27],SAM,SAM,5.635390919441225,2.6724233627319336,1.5124272108078003,0.7236701250076294,0.8019911646842957,1.0688536167144775,3.60425329208374
AKG,1llw,A,3nnf,A,1,[10],[10],AKG,AKG,16.80729013407275,2.4033923149108887,1.6004780530929563,0.6055942177772522,0.8275194764137268,1.2164275646209717,6.269671440124512
CA,1n3o,A,3a9g,A,1,[1],[1],CA,CA,12.215459080384791,2.31939435005188,1.5333058834075928,0.7440328598022461,0.8269069194793701,0.9900724291801452,5.498630046844482
COA,3cgb,A,4x0o,E,1,[27],[48],COA,COA,8.577508882585809,2.6392316818237305,1.5551855564117432,0.6922763586044312,0.9038153290748596,1.1291415691375732,4.617146968841553
CO,4d07,A,7s0w,B,1,[1],[1],CO,CO,27.36594358026744,2.0591859817504883,1.7688125371932983,0.6953291893005371,0.8641310930252075,1.257313251495361,7.323766231536865
CO,3l0s,A,6bnn,A,1,[1],[1],CO,CO,26.40663243614936,2.2540104389190674,1.8121086359024048,0.6303309798240662,0.6645392775535583,1.2550544738769531,7.2532477378845215
AKG,4oj8,B,5xvv,B,1,[10],[10],AKG,AKG,13.404285474982721,2.363687515258789,1.4156516790390017,0.7159485220909119,0.8673581480979919,1.3433070182800293,5.727278232574463
BGC,1q33,A,2e9l,A,1,[12],[12],BGC,BGC,4.376903413406722,2.365752696990967,1.5129287242889404,0.7272707223892212,0.9166754484176636,0.9923956990242004,3.0443992614746094
AMP,3ber,A,5l6v,I,1,[23],[23],AMP,AMP,24.14312503032282,3.027430534362793,1.375266194343567,0.7242103219032288,0.9006482362747192,1.052180290222168,7.071152687072754
NAD,1qs2,A,4nr0,B,1,[44],[44],NAD,NAD,4.399188320900658,2.820162296295166,1.506290078163147,0.7043988108634949,0.4936191737651825,1.2133827209472656,3.055164098739624
NAP,2zat,A,5xv0,F,2,[48],[48],NAP,NAP,4.072630851050623,3.5717012882232666,1.490936040878296,0.7456147074699402,0.760354220867157,0.9930611252784728,2.894008159637451
GTP,1s49,A,4du6,A,2,[32],[32],GTP,GTP,31.142675084510977,2.2043910026550293,1.36762535572052,0.6686609983444214,0.7684261202812195,1.5512466430664062,7.569433689117432
AEF,3bra,A,4n7c,A,2,[10],[10],AEF,AEF,18.892141755487145,2.3970425128936768,1.4296518564224243,0.7093966603279114,0.9508664608001708,1.2132835388183594,6.538851261138916
OXY,1oqu,C,1oxy,A,2,[2],[1],OXY,OXY,28.824946432121973,2.289943218231201,1.4511154890060425,0.7735312581062317,0.8351424336433411,1.0387468338012695,7.424336433410644
DFP,1ci9,A,2gzs,A,2,[10],[10],DFP,DFP,2.3972448484853315,2.545102834701538,1.5559916496276855,0.7334105968475342,0.9286651015281676,1.1595380306243896,1.9336916208267207
APR,1v8m,A,2hjr,B,2,[36],[36],APR,APR,21.29319569304331,2.7759814262390137,1.4248294830322266,0.7134071588516235,0.7941375374794006,1.272736430168152,6.804417133331299
SAM,1cma,B,6ift,A,2,[27],[27],SAM,SAM,22.314864808226645,2.7345731258392334,1.5596778392791748,0.7201098799705505,0.9170745015144348,1.2421889305114746,6.905448913574219
SAM,3t7s,A,4fak,A,2,[27],[27],SAM,SAM,4.194671529190712,3.610213279724121,1.1300421953201294,0.7508627772331238,0.8446364402770996,0.9913482666015624,2.9551029205322266
TCE,3fo5,A,6gzd,A,2,[16],[16],TCE,TCE,19.316507967794717,2.14951753616333,1.5029288530349731,0.7251774668693542,0.724808394908905,1.1679502725601196,6.588952541351318
NDP,3anl,A,3kgy,A,2,[48],[48],NDP,NDP,3.8743464330000004,3.505077600479126,1.4253826141357422,0.7089657187461853,0.8959437608718872,1.109128475189209,2.7924532890319824
ADP,3kb1,A,5gsz,A,2,[27],[27],ADP,ADP,1.8675679932084177,4.149694442749023,0.842945396900177,0.7911787033081055,0.9240185022354126,0.7506211400032043,1.5736737251281738
NAD,1qs2,A,3gvh,A,2,[44],[44],NAD,NAD,4.912807288584501,2.934377908706665,1.3214223384857178,0.7106493711471558,0.6687273383140564,1.0159028768539429,3.2943544387817383
B4P,2zt5,A,3loo,B,2,[53],[53],B4P,B4P,16.25228204298803,2.680747032165528,1.7612920999526978,0.7184038162231445,0.9524582624435424,1.2468305826187134,6.190807342529297
BEF,5he9,A,6zhh,A,2,[4],[4],BEF,BEF,3.07760864104747,2.7024240493774414,1.4791239500045776,0.7309848666191101,0.791168749332428,1.0912137031555176,2.353342056274414
APC,3vth,A,4gr5,C,2,[31],[31],APC,APC,18.831702290325058,2.6709108352661133,1.5105496644973757,0.6994398236274719,0.3275032043457031,1.1154074668884275,6.531595706939697
FE2,3acl,A,3vf1,A,2,[1],[1],FE2,FE2,0.8331483977649198,2.485787868499756,1.629720687866211,0.7465830445289612,0.776019275188446,0.9779622554779052,0.7690731883049011
ADP,1uc9,A,5wdh,A,2,[27],[27],ADP,ADP,2.8277526204382544,3.178385972976685,1.4798256158828735,0.7801612615585327,0.5322346091270447,0.9808297753334044,2.204402208328247
AMP,4e6n,A,4ini,B,2,[23],[22],AMP,AMP,4.335516316319601,2.8198883533477783,1.3091639280319214,0.7286136746406555,0.7834157347679138,0.9938530325889589,3.024318218231201
ALF,1qf9,A,7x20,A,2,[5],[5],ALF,ALF,3.9186651368085044,2.573355436325073,1.507282018661499,0.7019054889678955,0.6417151689529419,1.1330543756484983,2.8154029846191406
ADE,1j1r,A,2qtt,A,2,[10],[10],ADE,ADE,1.716673435018065,2.4380736351013184,1.4814242124557495,0.6784281134605408,0.8920993804931641,1.2374072074890137,1.4651542901992798
ADP,5gsz,A,5ik2,E,2,[27],[27],ADP,ADP,1.7628595418931055,3.9838438034057617,0.7095970511436462,0.7563180923461914,0.8900986909866333,0.8160340785980225,1.4986658096313477
SAM,4ax8,A,4fak,A,2,[27],[27],SAM,SAM,42.02911235885924,2.8604252338409424,1.245919942855835,0.7440623044967651,0.752456784248352,1.0983458757400513,8.077999114990234
AMP,4hxv,A,6bkf,A,2,[22],[23],AMP,AMP,8.347699844637654,2.556813240051269,1.5374557971954346,0.6983563303947449,0.7141558527946472,0.9720768928527832,4.549725532531738
ZN,1s3g,A,3r2n,D,2,[1],[1],ZN,ZN,0.24377906602260027,1.9123930931091309,1.4622581005096436,0.5867604613304138,0.9640502333641052,1.5161592960357666,0.2379776686429977
APR,1v8m,A,4ros,A,2,[36],[36],APR,APR,21.011178002202712,2.650517702102661,1.4818007946014404,0.7118090987205505,0.6071276068687439,1.2587320804595947,6.775356292724609
NAI,1t2e,A,3flk,A,2,[44],[44],NAI,NAI,3.2752413234829794,3.256067276000977,1.2378307580947876,0.6953538656234741,0.8936684727668762,1.2369258403778076,2.4671802520751958
COA,1cm0,A,5hbr,A,2,[48],[48],COA,COA,7.924803505998134,3.059736967086792,1.4114056825637815,0.7249901294708252,0.6218856573104858,1.1240488290786743,4.421138286590576
BEF,3a10,A,6zhh,A,2,[4],[4],BEF,BEF,1.8706130169696142,3.3313114643096924,0.7952951192855835,0.775684118270874,0.9204841256141664,0.8090094923973083,1.5758352279663086
GTP,1s49,A,3ldu,A,2,[32],[32],GTP,GTP,18.547074211840695,2.858592748641968,1.45597243309021,0.6928433179855347,0.9458600878715516,1.27929949760437,6.497014045715332
NDP,3cse,A,5c37,A,2,[48],[48],NDP,NDP,3.875788144048031,3.6895828247070312,1.3696378469467163,0.7482442259788513,0.9389989376068116,0.9669187068939208,2.7932021617889404
UDP,2p73,A,4cvm,A,2,[24],[25],UDP,UDP,29.0262711323479,3.04750919342041,1.3009772300720217,0.7276610136032104,0.9341119527816772,1.1357605457305908,7.437623500823975
ADE,2qes,A,2qtt,A,2,[10],[10],ADE,ADE,0.663946548871735,2.4191696643829346,1.3909425735473633,0.6937962174415588,0.7926165461540222,1.2650254964828491,0.6226086616516113
ADP,1lkx,C,2wqn,A,2,[27],[27],ADP,ADP,1.9646731687318257,2.9790682792663574,1.45599627494812,0.7023948431015015,0.8348473906517029,1.2386091947555542,1.642061710357666
AMP,1uuy,A,2ak3,A,2,[23],[22],AMP,AMP,13.300837113843285,2.882806301116944,1.5821306705474854,0.7157130837440491,0.8506332039833069,1.026378154754639,5.708308696746826
APR,1vhz,A,4ros,A,2,[36],[18],APR,APR,45.12235381938421,2.6153852939605717,1.7584149837493896,0.7070270776748657,0.5212222933769226,1.2800639867782593,8.185853958129883
GDP,2dgn,A,2ery,B,2,[28],[28],GDP,GDP,1.6788152068648858,3.750956773757935,0.905279576778412,0.7592768669128418,0.9907158613204956,0.7783887982368469,1.4374876022338867
ACO,1b87,A,8g1e,A,2,[51],[51],ACO,ACO,9.149341436408797,2.6408069133758545,1.687836766242981,0.649970531463623,0.918052077293396,1.2330514192581177,4.777888298034668
COA,2ahv,A,3f8k,A,2,[48],[48],COA,COA,5.6909157043272085,2.728479385375977,1.4482316970825195,0.7452358603477478,0.8460881114006042,1.1640737056732178,3.626885652542114
ANP,2oid,A,5ljw,A,2,[31],[31],ANP,ANP,3.1012986837741274,2.7732694149017334,1.5081498622894287,0.727479875087738,0.7374382019042969,1.2211230993270874,2.36716890335083
ACO,4ava,A,8g1e,A,2,[51],[51],ACO,ACO,20.662613899991563,1.9891880750656128,1.7488012313842771,0.5176651477813721,0.377153992652893,1.3905867338180542,6.738699436187744
INS,5ysq,B,6b5z,A,2,[12],[12],INS,INS,5.8930572532224685,2.757025957107544,1.5482161045074463,0.7286137342453003,0.81352698802948,1.0798677206039429,3.707944393157959
SAM,4njg,A,6rie,O,2,[27],[27],SAM,SAM,3.5918201708925985,3.009702205657959,1.4880675077438354,0.6762401461601257,0.9274927377700806,1.313048243522644,2.6426336765289307
NAP,1eyy,A,2y05,A,2,[48],[31],NAP,NAP,3.1836300351868023,3.719208240509033,1.2113527059555054,0.7456040382385254,0.8218141794204712,0.9557147026062012,2.4148356914520264
ACO,5hgz,A,8g1e,A,2,[51],[51],ACO,ACO,11.588177659574688,2.4863083362579346,1.740078091621399,0.631713330745697,0.907284379005432,1.4331952333450315,5.36783504486084
AMP,3fiu,A,6kby,A,2,[22],[23],AMP,AMP,4.840249429740882,2.9732601642608643,1.524736762046814,0.7366987466812134,0.928061842918396,1.0924187898635864,3.261568784713745
GDD,2gt4,A,2zu8,A,2,[39],[39],GDD,GDD,9.242869528761876,2.945025682449341,1.3952088356018066,0.6678613424301147,0.9569624662399292,1.3570239543914795,4.803269863128662
ALF,3zq6,B,7x20,A,2,[5],[5],ALF,ALF,4.043300990546805,2.7187654972076416,1.364212989807129,0.71888267993927,0.8321662545204163,1.1175481081008911,2.879167079925537
MG,2fco,A,2kwi,A,2,[1],[1],MG,MG,4.412320273111885,3.045001268386841,1.607250452041626,0.7453122735023499,0.8204641342163086,1.0233948230743408,3.0614919662475586
ADP,1o51,A,5zlp,J,2,[27],[27],ADP,ADP,5.283155503107677,2.7867588996887207,1.4291750192642212,0.752494215965271,0.7774562835693359,1.08062744140625,3.456848621368408
BEF,6ww6,B,6zhh,A,2,[4],[4],BEF,BEF,1.9144503342621797,3.4109578132629395,0.8555727005004883,0.7769919633865356,0.8707624673843384,0.7942392826080322,1.606830596923828
ATP,2e5y,A,3ke5,A,2,[31],[31],ATP,ATP,38.12580003056696,2.041224241256714,1.5964078903198242,0.7441767454147339,0.9166437983512878,1.3589140176773071,7.922112464904785
5GP,1ex7,A,3n1s,J,2,[24],[24],5GP,5GP,4.371022279534636,2.960172653198242,1.5420498847961426,0.7402779459953308,0.4727224111557007,1.1385797262191772,3.041552782058716
ADP,1lkx,C,4edh,B,2,[27],[27],ADP,ADP,2.2742857631150852,4.092762470245361,0.6500338315963745,0.7743263840675354,0.9854055047035216,0.8080708384513855,1.852886438369751
ACO,3mgd,B,8g1e,A,2,[51],[51],ACO,ACO,13.864294945403435,2.4432690143585205,1.551886796951294,0.6260136365890503,0.8724462985992432,1.317224621772766,5.80963945388794
APR,1q17,C,3ewp,A,2,[36],[36],APR,APR,3.6357918990865885,3.4697105884552,1.2230138778686523,0.7732547521591187,0.9722548723220824,0.8912609815597534,2.6663591861724854
NAP,3jz4,A,4zqb,B,2,[48],[48],NAP,NAP,4.131025473555503,4.014309883117676,1.0303375720977783,0.7541990280151367,0.8719601631164551,0.9118109345436096,2.923372745513916
SAM,3mte,A,4fak,A,2,[27],[26],SAM,SAM,4.192646028409562,3.518929004669189,1.2279807329177856,0.7259481549263,0.9346156120300292,0.9692889451980592,2.9540975093841557
MN,1s4o,A,4ipi,A,2,[1],[1],MN,MN,2.363215314844307,2.8085484504699707,1.3528165817260742,0.6991837024688721,0.7166063189506531,1.2458186149597168,1.9114892482757568
PYR,4plf,B,5w5r,A,2,[6],[6],PYR,PYR,27.603855864126693,2.87000060081482,1.3903493881225586,0.7008764147758484,0.7506487369537354,1.1195557117462158,7.3406982421875
SAM,3ai9,X,3sxj,A,2,[27],[20],SAM,SAM,2.405707815084173,3.25600004196167,1.3124573230743408,0.7105893492698669,0.9463254809379578,1.0856330394744873,1.9391943216323853
AMP,3ber,A,3uq6,A,2,[23],[23],AMP,AMP,4.053824794209655,3.127072811126709,1.235879898071289,0.7411132454872131,0.8492699265480042,0.9837781190872192,2.884499311447144
ZN,1ta9,B,5g0j,A,2,[1],[1],ZN,ZN,0.8571610879231056,2.5260815620422363,1.7559621334075928,0.6697424054145813,0.7272424101829529,1.3118736743927002,0.7894891500473022
AMP,2ak3,A,6kby,A,2,[22],[23],AMP,AMP,14.740068207801038,2.377748489379883,1.5925058126449585,0.6806991100311279,0.6702300310134888,1.1288045644760132,5.957973957061768
NAP,5tqm,A,5xv0,F,2,[48],[48],NAP,NAP,4.16982626835922,3.824342012405396,1.4383361339569092,0.7691582441329956,0.9410800933837892,1.034828782081604,2.9427504539489746
COA,3f8k,A,5hbr,A,2,[48],[48],COA,COA,8.814536832146931,2.9676239490509038,1.3507721424102783,0.7043842077255249,0.9039562940597534,1.1065469980239868,4.684960842132568
ADE,1j1r,A,3bsf,A,2,[10],[10],ADE,ADE,4.288755986517352,2.5573673248291016,1.4734134674072266,0.7297374606132507,0.8676764965057373,1.151096224784851,3.0014901161193848
FMN,3gr3,A,7epe,A,2,[31],[31],FMN,FMN,3.065577154179644,2.6987528800964355,1.551125407218933,0.6510303020477295,0.7176849842071533,1.0320358276367188,2.3463006019592285
SAM,3sxj,A,4fak,A,2,[27],[27],SAM,SAM,4.149796349124596,3.55826997756958,1.2081997394561768,0.7460255026817322,0.9072337746620178,0.985734760761261,2.93276047706604
GDP,2dgn,A,4ei7,A,2,[28],[28],GDP,GDP,3.3260025509470577,3.081859588623047,1.4022932052612305,0.7312487959861755,0.6421631574630737,1.0760257244110107,2.4958741664886475
PLP,2zsj,A,4r8d,A,2,[15],[15],PLP,PLP,2.540940482032353,3.378272533416748,1.3946192264556885,0.7551286816596985,0.8212176561355591,1.1300503015518188,2.026116371154785
AMP,1k9y,A,4k46,A,2,[23],[23],AMP,AMP,16.247337127177467,2.763129711151123,1.587966799736023,0.7228643894195557,0.9058956503868104,1.123707294464111,6.190089702606201
ACO,1hm8,A,4jvt,A,2,[48],[51],ACO,ACO,7.411549388551868,2.669182300567627,1.3745204210281372,0.7170297503471375,0.8823373317718506,1.0584443807601929,4.256685733795166
NAI,2a92,C,3flk,A,2,[44],[44],NAI,NAI,3.245630079965722,3.294051170349121,1.300840139389038,0.7181150317192078,0.8574653267860413,1.2218050956726074,2.4503402709960938
COA,1cm0,A,4ubt,A,2,[48],[48],COA,COA,6.500901149849268,3.0124826431274414,1.3729978799819946,0.7259600162506104,0.8536087870597839,1.10325026512146,3.939724922180176
ADP,2is6,A,6ks6,g,2,[27],[27],ADP,ADP,3.682442373168646,3.047230958938598,1.4285016059875488,0.707599937915802,0.8615943193435669,1.1924567222595217,2.6913633346557617
MG,2onr,A,6rd4,X,2,[1],[1],MG,MG,30.672977470898232,2.667827606201172,1.6217719316482544,0.6922231912612915,0.9391735196113586,1.2223557233810425,7.541365146636963
AMP,1uuy,A,2gm3,A,2,[23],[22],AMP,AMP,5.200552108981727,3.125584602355957,1.577342867851257,0.7055726647377014,0.5953363180160522,1.0889956951141355,3.4212915897369385
ACO,2h5m,A,8g1e,A,2,[51],[51],ACO,ACO,15.91517048400642,2.405730962753296,1.9599121809005735,0.5823255777359009,0.985724151134491,1.1809455156326294,6.141256332397461
COA,1cm0,A,6qfb,C,2,[48],[48],COA,COA,18.313411200146454,2.268883228302002,1.758927583694458,0.6252643465995789,0.5065638422966003,1.3062783479690552,6.468104839324951
ATP,1csn,A,1xdp,A,2,[31],[31],ATP,ATP,10.640418786084899,2.372359037399292,1.5142977237701416,0.7280522584915161,0.592138409614563,1.2585021257400513,5.155137062072754
HEM,3dhr,A,7dvr,A,2,[43],[43],HEM,HEM,17.07744970860604,2.426581859588623,1.6791164875030518,0.6738749146461487,0.7465248703956604,1.368285059928894,6.30689001083374
NAD,1gv0,A,1qs2,A,2,[44],[44],NAD,NAD,5.1038942248032635,2.974382877349853,1.2719007730484009,0.7031922936439514,0.7989248037338257,1.0396050214767456,3.3791909217834477
ADP,2awn,A,5gsz,A,2,[27],[27],ADP,ADP,5.2163673001111865,3.821484088897705,0.6581247448921204,0.7421005964279175,0.974205732345581,0.7873783111572266,3.428129196166992
ACO,6v3t,A,8g1e,A,2,[51],[51],ACO,ACO,10.217888111692602,2.3546438217163086,1.5073676109313965,0.6072827577590942,0.8657774329185486,1.6409882307052612,5.053884983062744
APR,3ewp,A,4ros,A,2,[36],[36],APR,APR,4.349526390472332,3.576784133911133,0.9175331592559814,0.7627382874488831,0.9741458296775818,0.932929515838623,3.0311288833618164
APR,2hjr,B,3ewp,A,2,[36],[36],APR,APR,3.935910224422331,3.5244085788726807,1.0399476289749146,0.7714154124259949,0.8412495851516724,0.9460963010787964,2.824293613433838
SAH,2zvb,A,3ofk,A,2,[26],[26],SAH,SAH,7.84234246766129,2.9155421257019043,1.5564541816711426,0.6463086009025574,0.910537600517273,1.4904128313064575,4.395354747772217
HEC,1gjq,A,7aba,A,2,[43],[43],HEC,HEC,17.30663466670417,2.04731822013855,1.4642159938812256,0.6678029894828796,0.6956130266189575,1.3479552268981934,6.337886333465576
NDP,7w5n,A,8b9z,P,2,[48],[48],NDP,NDP,4.966804399579004,3.962703704833984,1.127796292304993,0.7580564022064209,0.8342785239219666,0.9108980894088744,3.318547010421753
COA,4x0o,E,7k0a,A,2,[48],[27],COA,COA,8.480514780300053,3.1234283447265625,1.5634125471115112,0.7023539543151855,0.8926540017127991,1.2044302225112915,4.588895320892334
AMP,2dcl,A,4e6n,A,2,[22],[23],AMP,AMP,22.63859815786599,2.127469539642334,1.391882061958313,0.7310068607330322,0.2393866181373596,1.074289321899414,6.936142921447754
COA,2ahv,A,3ubm,B,2,[48],[48],COA,COA,12.165966345475464,2.636570692062378,1.6910285949707031,0.7206115126609802,0.8785634636878967,1.3410991430282593,5.488579273223877
UDP,4cvm,A,5ggi,B,2,[25],[24],UDP,UDP,29.42350730240752,3.189141035079956,1.3151828050613403,0.7657409906387329,0.8844369053840637,1.036811351776123,7.463442325592041
AMP,1ct9,A,3uq6,A,2,[23],[23],AMP,AMP,5.263934845991001,2.841789484024048,1.4209355115890503,0.7288854122161865,0.6883965730667114,1.0514496564865112,3.4486093521118164
NAP,4m7u,A,5l3z,A,2,[48],[48],NAP,NAP,6.397032438243007,3.6625919342041016,1.3364810943603516,0.7122051119804382,0.966120183467865,1.066636085510254,3.90133547782898
APR,1vhz,A,2hjr,B,2,[36],[18],APR,APR,35.89565655466996,2.737307071685791,1.5539966821670532,0.7203145027160645,0.7969563007354736,1.1235333681106567,7.821144580841064
AKG,3bn1,A,5xvv,B,2,[10],[10],AKG,AKG,11.423756212260223,3.682260513305664,0.9045799970626832,0.7855660915374756,0.9596731066703796,0.8027642369270325,5.332284450531006
ACP,7kjc,A,8oqx,A,2,[31],[31],ACP,ACP,3.6192501844099203,2.9344301223754883,1.480483055114746,0.7461892366409302,0.7735814452171326,1.0849894285202026,2.657451868057251
ACO,7ovu,A,8g1e,A,2,[51],[51],ACO,ACO,11.306427206691096,2.052653789520264,1.755120873451233,0.5803685784339905,0.7969574332237244,1.1803414821624756,5.306580543518066
SAM,2f8l,A,6ift,A,2,[27],[27],SAM,SAM,1.231514749325552,4.658305644989014,0.7404927611351013,0.8425616025924683,0.9543268084526062,0.7914108037948608,1.096481442451477
COA,1p5r,A,3f8k,A,2,[48],[48],COA,COA,6.916435558012756,2.9270472526550293,1.5757907629013062,0.7414743900299072,0.7352443933486938,1.2236791849136353,4.088589191436768
NAD,1nr5,A,3ju8,A,2,[44],[44],NAD,NAD,3.6089915884098214,3.068567276000977,1.3902528285980225,0.7570256590843201,0.7420326471328735,0.9486035108566284,2.651916980743408
IMP,1p17,B,5i34,A,2,[23],[23],IMP,IMP,11.91924686035034,3.0044198036193848,1.099892497062683,0.743861198425293,0.9410693645477296,0.82876056432724,5.437799453735352
ATP,2jk8,A,2vt3,B,2,[31],[9],ATP,ATP,12.741033964314237,2.823718309402466,1.579331398010254,0.7168958187103271,0.922349750995636,1.0809931755065918,5.602662563323975
AMP,4e6n,A,4hxv,A,2,[23],[22],AMP,AMP,6.51479784403404,2.479508876800537,1.5779213905334473,0.7407486438751221,0.8421341180801392,1.2241129875183103,3.944824457168579
NAI,3flk,A,4fw8,A,2,[44],[44],NAI,NAI,4.014828311082312,3.2669425010681152,1.2449297904968262,0.7190164923667908,0.8882108330726624,1.1664501428604126,2.8647003173828125
UDP,4cvm,A,7zer,A,2,[25],[24],UDP,UDP,26.776494210796283,3.2276735305786133,1.2340153455734253,0.760920524597168,0.930509865283966,0.9789524674415588,7.280871868133545
CA,4b97,A,6fzv,A,2,[1],[1],CA,CA,45.54160127251762,2.4536008834838867,1.426581859588623,0.6659888029098511,0.9263695478439332,1.4015411138534546,8.19954776763916
AMP,3l2p,A,4ini,B,2,[23],[22],AMP,AMP,3.3114378062436276,2.9106783866882324,1.3444277048110962,0.7493232488632202,0.8847078680992126,0.99601012468338,2.487663507461548
OXY,1oqu,C,4yu3,A,2,[2],[1],OXY,OXY,29.440797485149652,2.1331629753112797,1.6860151290893557,0.7394389510154724,0.7606518268585205,1.0609782934188845,7.464554309844971
ADP,4gt8,A,6ks6,g,2,[27],[27],ADP,ADP,3.924962111676011,2.946303606033325,1.4668723344802856,0.7495691776275635,0.6643832921981812,1.1324347257614136,2.8186519145965576
ANP,3ih0,A,7ph3,A,2,[31],[31],ANP,ANP,2.9718075692340924,3.022472620010376,1.4419294595718384,0.6978121995925903,0.8566174507141113,1.2404669523239136,2.2909741401672363
GDP,2qa5,B,5i34,A,2,[28],[28],GDP,GDP,1.7566663616527138,3.490393877029419,1.1908111572265625,0.7126448154449463,0.9341243505477904,0.8334445953369141,1.4941874742507937
ANP,7ph3,A,7x4n,E,2,[31],[31],ANP,ANP,4.818319513796502,3.6450424194335938,0.7664675116539001,0.7236899137496948,0.9838745594024658,0.7650485634803772,3.251596450805664
GTP,1a8r,A,1s49,A,2,[32],[32],GTP,GTP,22.52788827720624,2.2726666927337646,1.4892864227294922,0.6759099364280701,0.6269288063049316,1.4511975049972534,6.92571496963501
HEM,1aom,B,2nrm,A,2,[43],[43],HEM,HEM,17.52061074792895,2.084336280822754,1.5462037324905396,0.6890212893486023,0.7238219976425171,1.3748795986175537,6.366359710693359
ADP,2uvq,A,5gsz,A,2,[27],[27],ADP,ADP,2.345025276402639,4.022271633148193,0.705976665019989,0.7792043089866638,0.9010136127471924,0.751517117023468,1.8995710611343384
AMP,1k9y,A,4e6n,A,2,[22],[23],AMP,AMP,7.906211211891117,2.2497236728668213,1.521039366722107,0.7496349215507507,0.7481321096420288,1.1090079545974731,4.415345668792725
UDP,4cvm,A,4pqg,A,2,[25],[24],UDP,UDP,28.151866167787276,3.131190061569214,1.3744497299194336,0.7384666204452515,0.9353609681129456,1.0679959058761597,7.378896236419678
UDP,2d7i,A,4cvm,A,2,[24],[25],UDP,UDP,28.402287636275204,3.0014376640319824,1.2629289627075195,0.7235402464866638,0.9022867679595948,1.155060648918152,7.395988464355469
MG,1t0f,A,4gi2,A,2,[1],[1],MG,MG,19.259024610818305,2.046828508377075,1.5576335191726685,0.6762847900390625,0.7608316540718079,1.311814308166504,6.582251071929932
AMP,3l2p,A,3uq6,A,2,[23],[22],AMP,AMP,15.226908436087141,2.7636520862579346,1.3645713329315186,0.7275932431221008,0.9132076501846312,1.1263667345046997,6.0359787940979
COA,1scu,A,4ubt,A,2,[48],[48],COA,COA,4.12437764972843,2.960469961166382,1.519450545310974,0.7275681495666504,0.9075878858566284,0.9689297676086426,2.920042037963867
BEF,6zhh,A,7lza,A,2,[4],[4],BEF,BEF,1.828155893891309,3.387150287628174,0.8505791425704956,0.7772369384765625,0.832504391670227,0.8394752740859985,1.545596718788147
NDP,4l4x,A,7w5n,A,2,[48],[48],NDP,NDP,5.7263480813464955,3.964850664138794,1.0786330699920654,0.7642561197280884,0.8527267575263977,0.90240478515625,3.641244649887085
COA,2ahv,A,6mgg,C,2,[48],[48],COA,COA,26.118965215841246,3.1776387691497803,1.7521361112594604,0.6887195706367493,0.938826620578766,1.1627377271652222,7.2313714027404785
SAM,3ai9,X,6rie,O,2,[27],[20],SAM,SAM,4.188016973916677,3.1753478050231934,1.4241502285003662,0.6542681455612183,0.9198095202445984,1.0813716650009155,2.951798677444458
BGC,3n92,A,5do8,B,2,[12],[12],BGC,BGC,17.65297699576203,3.207114219665528,1.1216124296188354,0.7227402329444885,0.8315609693527222,0.8805127739906311,6.383752822875977
ADE,2qtt,A,3le7,A,2,[10],[10],ADE,ADE,9.74834317100562,2.637321949005127,1.5963038206100464,0.7449575662612915,0.7751701474189758,0.9856580495834352,4.936284065246582
NAD,3czm,B,5kj5,B,2,[44],[44],NAD,NAD,2.430743600516713,3.884580850601196,1.1646322011947632,0.7456390261650085,0.8839579224586487,0.9188048839569092,1.955428957939148
SAM,3fpj,B,4fak,A,2,[27],[27],SAM,SAM,5.173833986772661,3.543896198272705,1.1388753652572632,0.7234868407249451,0.985787034034729,0.9822279810905457,3.40970778465271
NDP,2xw7,A,7w5n,A,2,[48],[48],NDP,NDP,4.992339591269958,3.631901741027832,1.2784582376480105,0.7421160936355591,0.9225407838821412,0.9351882338523864,3.3299269676208496
ACO,4jwp,A,8g1e,A,2,[51],[51],ACO,ACO,71.3627920041342,2.8079490661621094,1.511599898338318,0.6371259689331055,0.9168409705162048,1.2543120384216309,8.770936965942383
CO,3hdi,A,4d07,A,2,[1],[1],CO,CO,28.47751631965104,2.4352235794067383,1.5211445093154907,0.6907564997673035,0.8556656837463379,1.481569528579712,7.4010796546936035
ADP,2awn,B,8cqx,A,2,[27],[27],ADP,ADP,2.836653094792516,3.179504156112671,1.4072848558425903,0.733780026435852,0.7804551124572754,1.0465145111083984,2.2098073959350586
AMP,1k9y,A,5b8h,A,2,[23],[23],AMP,AMP,17.626177073726513,3.116873264312744,1.0357109308242798,0.7561299204826355,0.9589223265647888,0.8746609091758728,6.380244731903076
ACO,3dr8,A,8g1e,A,2,[51],[51],ACO,ACO,19.260722886993847,1.9037387371063232,1.6116050481796265,0.5404613614082336,0.8158342242240906,1.3382395505905151,6.582449436187744
AMP,4e6n,A,4hxv,A,2,[23],[22],AMP,AMP,6.5147971937746965,2.4795095920562744,1.577922224998474,0.7407486438751221,0.8421340584754944,1.2241122722625732,3.94482421875
CO,3l0s,A,7s0w,B,2,[1],[1],CO,CO,27.379476857150344,2.4056568145751958,1.416747808456421,0.6889439225196838,0.9418019652366638,1.279242992401123,7.324735164642334
CU,5yt7,A,6km8,A,2,[1],[1],CU,CU,0.9758449929441017,2.3724944591522217,1.3856316804885864,0.6950991153717041,0.914376735687256,0.9990860223770142,0.8890841603279114
MN,4d0t,A,4ilk,A,2,[1],[1],MN,MN,9.914121944408018,3.303917169570923,1.3737319707870483,0.7767810821533203,0.7846078276634216,0.8810840845108032,4.978437900543213
ADP,2wqn,A,6c90,A,2,[27],[27],ADP,ADP,2.660752203660938,3.0684657096862797,1.310787796974182,0.7070297598838806,0.8037441372871399,1.232097864151001,2.1015751361846924
SAM,4fak,A,4uw0,A,2,[27],[27],SAM,SAM,43.79315581083008,3.006408214569092,1.4091122150421145,0.7168745994567871,0.7154446840286255,1.1558988094329834,8.141027450561523
GTP,1a8r,A,6oix,C,2,[32],[32],GTP,GTP,9.409860827409142,1.7511754035949707,1.3666956424713137,0.6748616695404053,0.6660287976264954,1.4231022596359253,4.847979545593262
NAD,2jg7,A,3nrc,A,2,[44],[44],NAD,NAD,3.9887215852175077,4.080648899078369,0.9829202890396118,0.7721836566925049,0.8407472968101501,0.8413163423538208,2.851383924484253
NAP,4zqb,B,5eyg,B,2,[48],[48],NAP,NAP,18.367415952234737,2.757985115051269,1.3826677799224854,0.691999614238739,0.866568386554718,0.9876708388328552,6.474828720092773
UDP,2acv,A,4cvm,A,2,[24],[25],UDP,UDP,27.206668328455894,3.248168706893921,1.2400813102722168,0.7530151009559631,0.866034746170044,1.0375304222106934,7.312309741973877
CU,1a4a,A,6km8,A,2,[1],[1],CU,CU,1.1197389919282088,2.4644925594329834,1.5285683870315552,0.6996926665306091,0.821922779083252,1.1531614065170288,1.0069831609725952
UDP,4cvm,A,5tvg,A,2,[25],[24],UDP,UDP,28.72898361607567,3.1097397804260254,1.3570194244384766,0.7324971556663513,0.8178507089614868,1.059881567955017,7.417954444885254
AMP,3uq6,A,4qei,A,2,[23],[23],AMP,AMP,5.93260260636815,2.494877338409424,1.6254165172576904,0.6915066838264465,0.9418383240699768,1.1684030294418335,3.7235615253448486
NAP,4m7u,A,6k3g,B,2,[48],[48],NAP,NAP,7.956186142750495,3.79365873336792,1.297885179519653,0.7534133195877075,0.97971373796463,0.9989722967147828,4.430888652801514
FE2,2de6,B,3ven,A,2,[1],[1],FE2,FE2,2.986448350795703,2.1047091484069824,1.58720600605011,0.6469131112098694,0.6949905753135681,0.9873621463775636,2.2996652126312256
UDP,2iya,A,4cvm,A,2,[24],[25],UDP,UDP,27.460220379455073,3.356935977935791,1.320057034492493,0.7831581830978394,0.8877246975898743,0.9752770066261292,7.330501556396484
NAP,4m7u,A,4zqb,B,2,[48],[48],NAP,NAP,7.7622176482156835,3.745864391326904,1.353790283203125,0.7264261841773987,0.9451473951339722,0.9692606329917908,4.370072364807129
SAM,1cma,B,4gc9,A,2,[27],[27],SAM,SAM,24.979251651719974,2.769758939743042,1.614306092262268,0.7176250219345093,0.9022623300552368,1.1181257963180542,7.141162395477295
ADP,1ng9,A,2wqn,A,2,[27],[27],ADP,ADP,2.8108592048728807,2.9609603881835938,1.3114632368087769,0.730143666267395,0.5137221813201904,1.1732195615768433,2.194122314453125
UDP,4cvm,A,5v0t,E,2,[25],[24],UDP,UDP,28.943856759389163,3.158119440078736,1.4200621843338013,0.7424838542938232,0.7568318843841553,1.0177994966506958,7.432200908660889
GDP,2nzy,C,5i34,A,2,[28],[28],GDP,GDP,4.85837617796083,2.869269847869873,1.5412240028381348,0.7268299460411072,0.9057475924491882,1.161993384361267,3.269789457321167
UDP,2wtx,D,4cvm,A,2,[24],[25],UDP,UDP,28.907045430933405,3.0822200775146484,1.3848508596420288,0.7333399653434753,0.7606943249702454,1.0490164756774902,7.429771423339844
CU,6l4c,C,6ryx,A,2,[1],[1],CU,CU,2.0514756672079955,1.6761882305145264,1.5933743715286257,0.6893839836120605,0.7688889503479004,0.9502087235450744,1.702260971069336
COA,1xvt,A,2ahv,A,2,[48],[48],COA,COA,13.164362824610324,2.3724684715271,1.4176287651062012,0.7123167514801025,0.8921988010406494,0.8341151475906372,5.683023929595947
COA,4x0o,E,5gcn,A,2,[48],[27],COA,COA,13.137308594572712,3.0415005683898926,1.5725606679916382,0.7458136081695557,0.8282297849655151,1.088841438293457,5.677976131439209
AMP,2dcl,A,6bkf,A,2,[22],[23],AMP,AMP,21.34385286525123,2.798786401748657,1.521209716796875,0.7763535380363464,0.5286072492599487,0.947989284992218,6.809581756591797
CO,2xvz,A,7s0w,B,2,[1],[1],CO,CO,3.6375671160115512,2.0434670448303223,1.8025304079055784,0.6812794804573059,0.6244457960128784,1.039435625076294,2.667313814163208
AMP,4hxv,A,6aic,A,2,[23],[23],AMP,AMP,6.726741385196032,2.9039440155029297,1.5890439748764038,0.7449129819869995,0.6846315264701843,1.277185559272766,4.021549224853516
ANP,3ih0,A,3vpd,A,2,[31],[31],ANP,ANP,4.58990401032921,3.1853413581848145,1.500827074050903,0.7460430264472961,0.8097413182258606,1.091426968574524,3.145945310592652
GDP,2v40,A,6cy5,B,2,[28],[28],GDP,GDP,1.0167733648804167,3.954416036605835,0.7237542867660522,0.8079246878623962,0.997064769268036,0.7574138045310974,0.9229320883750916
NAD,1guz,A,3ju8,A,2,[44],[44],NAD,NAD,2.462932223885906,3.933943033218384,1.1549615859985352,0.7620968222618103,0.9186429977416992,0.911510705947876,1.9762060642242432
COA,1yvk,A,2ahv,A,2,[48],[48],COA,COA,7.457499854323269,2.7799389362335205,1.4302541017532349,0.7420657277107239,0.8096482157707214,1.1173406839370728,4.27180290222168
UDP,3hbn,A,4cvm,A,2,[24],[25],UDP,UDP,28.08078751970406,3.124321937561035,1.2410780191421509,0.7558278441429138,0.6760492920875549,0.9424258470535278,7.374003887176514
COA,2ahv,A,2bue,A,2,[48],[48],COA,COA,6.057082197075947,2.739841222763061,1.419471263885498,0.7078836560249329,0.6833578944206238,1.380092978477478,3.7722184658050537
CU,1oac,B,4eir,A,2,[1],[1],CU,CU,2.1075875456363287,2.5203378200531006,1.4711344242095947,0.6825047135353088,0.8828748464584351,1.2678650617599487,1.7407163381576538
SAM,1cma,B,4ax8,A,2,[27],[27],SAM,SAM,41.84371772362998,2.310203313827514,1.7026463747024536,0.7028777599334717,0.6125091314315796,1.2573834657669067,8.071125984191895
GDP,1dj3,A,2xkb,C,2,[28],[28],GDP,GDP,2.9832641943626506,3.120360374450684,1.4240248203277588,0.7470493316650391,0.8509215116500854,1.0347442626953125,2.297776699066162
OXY,1oxy,A,4yu3,A,2,[2],[2],OXY,OXY,2.8518104296189164,2.4300849437713623,1.4885727167129517,0.7055803537368774,0.6894773840904236,1.000001311302185,2.2189950942993164
ANP,3zfd,A,7ph3,A,2,[31],[31],ANP,ANP,4.706815255745744,3.613389492034912,0.6718348860740662,0.709048867225647,0.9815263152122498,0.7862156629562378,3.2004313468933105
ANP,3zfd,A,4cej,A,2,[31],[31],ANP,ANP,1.6674837346855729,3.2772369384765625,1.022303819656372,0.6555079817771912,0.9611088633537292,1.1712219715118408,1.4291716814041138
NAP,5vkt,A,5xv0,F,2,[48],[48],NAP,NAP,3.588684459274353,3.816515445709229,1.43849515914917,0.7778156995773315,0.9724496006965636,1.038930058479309,2.6409358978271484
NDP,5dul,C,7w5n,A,2,[48],[48],NDP,NDP,5.110844094556045,3.845099449157715,1.283460021018982,0.7555519938468933,0.6615097522735596,0.8977259397506714,3.3822360038757324
AMP,1uuy,A,3uq6,A,2,[23],[22],AMP,AMP,12.762913489505776,2.931404829025269,1.4627013206481934,0.7643088102340698,0.5048143267631531,1.0093395709991455,5.606889247894287
AMP,2dcl,A,4ini,B,2,[23],[23],AMP,AMP,18.724383288907593,2.800673007965088,1.524402379989624,0.7951648235321045,0.8465498685836792,0.9424810409545898,6.518637180328369
ANP,3ew9,A,3ih0,A,2,[31],[31],ANP,ANP,2.644156373786144,3.286625862121582,1.403965711593628,0.7263176441192627,0.8007433414459229,1.1119649410247805,2.0912082195281982
ACO,6ao7,A,8g1e,A,2,[51],[51],ACO,ACO,69.93657376349333,2.67146635055542,1.4518979787826538,0.6791125535964966,0.6258957386016846,1.1645162105560305,8.749008178710938
MG,1ze1,A,2qlw,B,2,[1],[1],MG,MG,19.68274320569924,2.8200385570526123,1.4674806594848633,0.6956648230552673,0.9113882184028624,1.1449391841888428,6.631039142608643
GTP,1a8r,A,3ldu,A,2,[32],[32],GTP,GTP,12.324075456931762,1.9892632961273196,1.803100824356079,0.6230274438858032,0.4489657878875732,1.066173434257507,5.520531177520752
NDP,3ing,A,7w5n,A,2,[48],[48],NDP,NDP,5.571094584573521,3.793266296386719,1.2194125652313232,0.7475853562355042,0.8869016170501709,0.9303301572799684,3.5778439044952397
SAM,4ax8,A,6ift,A,2,[27],[27],SAM,SAM,1.0370474117216975,4.447956085205078,0.7048016786575317,0.8016706705093384,0.9268892407417296,0.7653048038482666,0.9396058320999146
FE,2boy,A,3nnl,B,2,[1],[1],FE,FE,0.7031356683289157,2.5994973182678223,1.5020558834075928,0.7693116664886475,0.5509177446365356,0.9254189133644104,0.6569436192512512
COA,4ubt,A,6qfb,C,2,[48],[48],COA,COA,20.42936980220747,2.186650037765503,1.774293303489685,0.5897393822669983,0.8616668581962585,1.2980252504348757,6.713701248168945
COA,1yvk,A,6qfb,C,2,[48],[48],COA,COA,19.862053577213306,2.3810744285583496,1.8491414785385127,0.6073704361915588,0.9460721611976624,1.6509218215942385,6.651268482208252
NDP,2xw7,A,5vg6,B,2,[48],[48],NDP,NDP,3.546509055381957,3.656913995742798,1.4400267601013184,0.7448549866676331,0.9674622416496276,0.9412164688110352,2.6180243492126465
COA,2bue,A,4ubt,A,2,[48],[48],COA,COA,6.446471536667857,3.147899866104126,1.4158306121826172,0.7599866986274719,0.918630599975586,0.9977059364318848,3.919668436050415
GDP,2v40,A,3o47,A,2,[28],[28],GDP,GDP,1.158057067622675,3.870548248291016,0.8813937306404114,0.7661505341529846,0.945912539958954,0.8067301511764526,1.037866234779358
PLP,2bht,A,2yku,A,2,[15],[15],PLP,PLP,1.9490463384988128,3.543099403381348,1.355292797088623,0.7678118944168091,0.5742961764335632,1.007312893867493,1.631131291389465
SAM,3ai9,X,4gc9,A,2,[27],[20],SAM,SAM,2.5028627960342744,3.2686829566955566,1.2461692094802856,0.6988038420677185,0.8978367447853088,1.0740060806274414,2.0018317699432373
COA,2ahv,A,4x0o,E,2,[27],[48],COA,COA,9.080657382450926,2.625462770462036,1.5938912630081177,0.7043493986129761,0.7682096362113953,1.0890380144119265,4.759090423583984
PLP,2d1f,A,4r8d,A,2,[15],[15],PLP,PLP,2.7411673641854004,3.4607629776000977,1.3522679805755615,0.7473472952842712,0.8177158236503601,1.162680983543396,2.15142560005188
ADP,3rfc,A,5gsz,A,2,[27],[27],ADP,ADP,1.8548790979006091,3.0642805099487305,1.367037653923035,0.7365937232971191,0.7115763425827026,1.0584527254104614,1.5646545886993408
COA,4x0o,E,5ayv,B,2,[48],[27],COA,COA,7.916837214563482,2.5601422786712646,1.596484661102295,0.7241038680076599,0.7304984331130981,1.1238901615142822,4.418657779693604
UDP,4cvm,A,5e9u,A,2,[25],[24],UDP,UDP,27.78043680891763,3.1845250129699707,1.3548128604888916,0.7319550514221191,0.9296284317970276,1.1033867597579956,7.353127479553223
NAI,3flk,A,6vly,A,2,[44],[44],NAI,NAI,4.1977654120315,3.333008289337158,1.3633956909179688,0.7333793044090271,0.8853207230567932,1.167949914932251,2.956638097763061
GTP,1a8r,A,1s49,A,2,[32],[32],GTP,GTP,22.52788827720624,2.2726693153381348,1.4892832040786743,0.6759094595909119,0.6269248127937317,1.4511982202529907,6.92571496963501
NDP,2xw7,A,5c37,A,2,[48],[48],NDP,NDP,4.087874084627457,3.6046319007873535,1.3433313369750977,0.740256667137146,0.933496356010437,0.9859610795974731,2.901696920394897
MG,2xwb,F,5da9,A,3,[1],[1],MG,MG,4.09648847776252,2.389511585235596,1.5431299209594729,0.6813161373138428,0.8595796823501587,1.1505868434906006,2.9060347080230717
G6P,6bzc,A,7q0s,A,3,[16],[16],G6P,G6P,30.166915241693644,3.220876693725586,1.027920484542847,0.7759743928909302,0.9407864212989808,0.9510117769241332,7.5103888511657715
FE2,1e5s,A,1ey2,A,3,[1],[1],FE2,FE2,2.120603341518531,2.301210641860962,1.4578241109848022,0.6896924376487732,0.5712105631828308,1.3877766132354736,1.7495856285095217
PO3,2wy2,D,4buc,A,3,[4],[4],PO3,PO3,28.826304960834936,3.0194737911224365,1.4086072444915771,0.7494110465049744,0.9216759204864502,1.0559539794921875,7.424426555633545
G4P,3n75,A,5a9y,A,3,[36],[36],G4P,G4P,24.433347322406092,2.4674549102783203,1.6393344402313232,0.7319796681404114,0.7396202087402344,1.189708232879639,7.09583854675293
NAI,6vly,A,7p61,F,3,[44],[44],NAI,NAI,3.8269702836957453,2.9407639503479004,1.401561260223389,0.7097543478012085,0.6314635276794434,1.2908283472061155,2.7677576541900635
G6P,5v0t,E,6bzc,A,3,[16],[16],G6P,G6P,7.641412337914973,2.9671411514282227,1.2398757934570312,0.7821049690246582,0.8177282810211182,1.1089471578598022,4.331519603729248
GDP,2xkb,C,7m6j,A,3,[28],[28],GDP,GDP,2.4620529542113214,3.155727863311768,1.4529454708099363,0.6995658278465271,0.8287926912307739,1.0228931903839111,1.9756399393081665
MG,2vjy,A,7tbv,A,3,[1],[1],MG,MG,57.57372800146416,2.9663586616516118,1.3664296865463257,0.7015460729598999,0.9533135294914246,0.9493599534034728,8.520134925842285
ATP,2vt3,B,7xf0,C,3,[31],[31],ATP,ATP,6.003760649322503,2.737801074981689,1.5366383790969849,0.7167932391166687,0.8473249077796936,1.052616000175476,3.7514686584472656
NAD,1nrx,A,4nk5,A,3,[44],[44],NAD,NAD,4.442020437524316,3.276872158050537,1.52150297164917,0.7610334753990173,0.5534800291061401,1.0266987085342407,3.075761079788208
NAD,5hvn,A,6smz,C,3,[44],[44],NAD,NAD,3.6145986479028203,3.1524229049682617,1.4287513494491575,0.7600499391555786,0.7671645879745483,1.023884654045105,2.6549432277679443
CU,5yt7,A,6ryx,A,3,[1],[1],CU,CU,4.512793030599636,2.50068473815918,1.4581596851348877,0.749271035194397,0.7554159164428711,1.0688916444778442,3.109527587890625
ATP,2yj4,B,7jgr,D,3,[31],[31],ATP,ATP,7.494876841907246,2.826210021972656,1.3959590196609497,0.745962381362915,0.6319656372070312,1.0286787748336792,4.284040927886963
APC,1jgt,B,4gr5,C,3,[31],[31],APC,APC,6.70444475686121,2.8488523960113525,1.4749730825424194,0.7225545644760132,0.6700243949890137,1.1923385858535769,4.013569355010986
APR,1q17,C,2hjr,B,3,[36],[36],APR,APR,2.482426469730435,3.860244512557984,0.7670402526855469,0.8078241348266602,0.8665831089019775,0.7694796919822693,1.9887371063232424
XMP,2ywc,A,7ef7,A,3,[24],[24],XMP,XMP,13.55612381692973,2.8311071395874023,1.6377427577972412,0.7130292654037476,0.7152869701385498,1.2227702140808103,5.754819393157959
APR,1q17,C,4ros,A,3,[36],[36],APR,APR,2.3325011801618727,3.927549362182617,0.7566940188407898,0.8160048127174377,0.8443103432655334,0.7802516222000122,1.891344785690308
NAD,3u31,A,5env,A,3,[44],[44],NAD,NAD,4.762242525502177,3.994420528411865,0.915253221988678,0.8199061751365662,0.9617208242416382,0.8189389109611511,3.225961446762085
NAI,1t2e,A,7p61,F,3,[44],[44],NAI,NAI,3.6152253281448608,2.979804992675781,1.5264068841934204,0.6960071325302124,0.6386668086051941,1.2412129640579224,2.6552813053131104
NAD,1nr5,A,4xgi,A,3,[44],[44],NAD,NAD,4.564836047391389,3.144980907440185,1.3897380828857422,0.7192851305007935,0.7597880363464355,0.99507474899292,3.134148597717285
ADP,2hyd,A,4fey,A,3,[27],[27],ADP,ADP,4.885765707292883,2.5651450157165527,1.3478366136550903,0.7286443114280701,0.6612316966056824,1.0229061841964722,3.282172918319702
G6P,3nb0,C,6bzc,A,3,[16],[16],G6P,G6P,29.648846712447025,3.274317741394043,1.154151201248169,0.7735825181007385,0.8922903537750244,0.9847581386566162,7.477858543395996
NAP,5gxe,A,6v6y,A,3,[48],[48],NAP,NAP,1.999263389030121,4.556595325469971,0.6654548048973083,0.8321698904037476,0.9966061115264891,0.7360367774963379,1.6661550998687744
AKG,4qkb,A,4xcb,A,3,[10],[10],AKG,AKG,2.199390193951446,3.92899751663208,0.8120083212852478,0.85677170753479,0.9453168511390686,0.8636327981948853,1.8028689622879028
NAD,1nrx,A,3uxy,C,3,[44],[44],NAD,NAD,4.39674230209398,3.0824708938598637,1.374436378479004,0.7305130958557129,0.7820835113525391,1.0557295083999634,3.0539841651916504
NAI,4fw8,A,7p61,F,3,[44],[44],NAI,NAI,3.697105215273236,2.8590543270111084,1.4825791120529177,0.6639423370361328,0.8363407254219055,1.386631965637207,2.6991872787475586
XYP,3ma0,A,7zgz,X,3,[10],[10],XYP,XYP,5.217376476439302,2.8197710514068604,1.5029428005218506,0.7423103451728821,0.9430867433547974,0.9364925026893616,3.42856502532959
ADP,1uc9,A,4hlu,A,3,[27],[27],ADP,ADP,4.7101266445196055,3.211753368377685,1.5466300249099731,0.7472729682922363,0.7769686579704285,1.0673474073410034,3.2019619941711426
NAD,1nr5,B,5vp5,A,3,[44],[44],NAD,NAD,4.256295266787364,3.374547004699707,1.3436272144317627,0.7201788425445557,0.8216477036476135,1.05855393409729,2.9855549335479736
AMP,3fwz,A,6aic,A,3,[23],[23],AMP,AMP,2.646342767271514,2.9173688888549805,1.3870974779129028,0.7324244379997253,0.8610283732414246,1.0113487243652344,2.0925755500793457
NAI,2a92,C,7p61,F,3,[44],[44],NAI,NAI,3.4180895880804303,3.020629405975342,1.3740471601486206,0.7208459973335266,0.8302400708198547,1.1068780422210691,2.5473742485046387
NAD,3om9,A,3zok,A,3,[44],[44],NAD,NAD,3.275453512677598,3.106224298477173,1.3880633115768433,0.7498547434806824,0.6121714115142822,1.0412695407867432,2.4673006534576416
COA,1p5r,A,6mgg,C,3,[48],[48],COA,COA,6.337395664328946,3.916834592819214,1.0469036102294922,0.780749499797821,0.9632109999656676,0.8536417484283447,3.87907338142395
BEF,3a10,A,5he9,A,3,[4],[4],BEF,BEF,2.743517144788888,2.979722499847412,1.2984380722045898,0.7563789486885071,0.8832787275314331,1.0758979320526123,2.1528728008270264
GDP,3ieu,A,4ei7,A,3,[28],[28],GDP,GDP,2.55800056869188,3.296931266784668,1.35046124458313,0.7526772618293762,0.6403329968452454,1.011402606964111,2.0369489192962646
BEF,5he9,A,7lza,A,3,[4],[4],BEF,BEF,2.0226836749608093,3.457829475402832,1.4237515926361084,0.7562637329101562,0.9033419489860536,1.0970072746276855,1.682389497756958
GDP,2bov,A,2nzy,C,3,[28],[28],GDP,GDP,4.4072009074573435,3.346860647201538,1.4505714178085327,0.7227922677993774,0.922042727470398,1.2736666202545166,3.0590264797210693
COA,1q6y,A,5hbr,A,3,[48],[48],COA,COA,5.544627172610944,3.757232666015625,0.7669455409049988,0.7757835388183594,0.9608944058418274,0.8288497924804688,3.566909074783325
CA,4lt6,A,6u2f,A,3,[1],[1],CA,CA,50.273969453055514,2.330996036529541,1.3783268928527832,0.6249216198921204,0.9001446962356567,1.1737116575241089,8.340909004211426
GDP,2nzy,C,3o47,A,3,[28],[28],GDP,GDP,3.571458385980671,3.1523611545562744,1.573924899101257,0.6846641302108765,0.9141254425048828,1.253713846206665,2.6315951347351074
NAD,5eks,A,6smz,C,3,[44],[44],NAD,NAD,3.8796190151955923,3.183778524398804,1.620144963264465,0.7635654211044312,0.7664018869400024,1.013763427734375,2.7951912879943848
PYR,2nuy,A,5lu4,A,3,[6],[5],PYR,PYR,3.9722550581210676,3.222482204437256,1.0449851751327517,0.7174796462059021,0.9215123653411864,0.8468670845031738,2.84295916557312
NAD,2dvm,A,5eks,A,3,[44],[44],NAD,NAD,3.0313222754494475,2.909869909286499,1.3603830337524414,0.7296543717384338,0.8178637027740479,1.0163131952285769,2.326181650161743
GDP,2xkb,C,8dkt,A,3,[28],[28],GDP,GDP,2.355796702958821,3.1520512104034424,1.4426929950714111,0.710752010345459,0.7208530902862549,0.979727864265442,1.906632781028748
AKG,3nnf,A,4qkb,A,3,[10],[10],AKG,AKG,2.597671053476121,3.7422165870666495,0.7031148672103882,0.8411551713943481,0.97241473197937,0.8584015965461731,2.0620248317718506
COA,1p5r,A,5ayv,B,3,[48],[48],COA,COA,12.550125769398718,3.963815927505493,1.1003795862197876,0.7825174331665039,0.9827735424041748,0.8787792921066284,5.56543493270874
XYP,4ywh,A,7zgz,X,3,[10],[10],XYP,XYP,4.397001247169122,2.6876182556152344,1.4714199304580688,0.7219400405883789,0.9278470873832704,0.97089946269989,3.0541090965271
MG,2rex,D,2xwb,F,3,[1],[1],MG,MG,7.234380697380542,2.6194183826446533,1.4914809465408323,0.6922017931938171,0.5870411396026611,1.3257087469100952,4.197644710540772
NAD,5koi,A,6c5c,A,3,[44],[44],NAD,NAD,4.557103422736416,3.311105489730835,1.502559781074524,0.7257720828056335,0.628724992275238,1.0772135257720947,3.130501508712769
GDP,2nzy,C,3zbq,A,3,[28],[28],GDP,GDP,5.2283032466647645,3.0232036113739014,1.328618049621582,0.7403128147125244,0.8432745337486267,1.012162208557129,3.433280229568481
GDP,2nzy,C,4ei7,A,3,[28],[28],GDP,GDP,5.8196053011675755,3.105566501617432,1.3305214643478394,0.7340385317802429,0.9615743160247804,0.9744730591773988,3.678729772567749
CO,2xvz,A,3l0s,A,3,[1],[1],CO,CO,27.352978946879066,2.324422597885132,1.5242805480957031,0.691533088684082,0.7813130021095276,1.2831469774246216,7.322837352752685
GTP,1plk,A,3ldu,A,3,[32],[32],GTP,GTP,3.5825603239422814,2.954625606536865,1.489396333694458,0.691746175289154,0.9222778677940368,1.3583089113235474,2.637617826461792
MG,2gfq,A,3b8e,A,3,[1],[1],MG,MG,5.781792089395077,2.158750057220459,1.5604931116104126,0.7131196856498718,0.5906203985214233,0.9821193814277648,3.663583993911743
NAD,1nr5,B,1v9l,A,3,[44],[44],NAD,NAD,4.351148590343068,3.232569932937622,1.4182919263839722,0.7240866422653198,0.8717543482780457,1.0153436660766602,3.031916618347168
NAD,3czm,B,3okf,A,3,[44],[44],NAD,NAD,3.3868009071214216,2.93991756439209,1.4294408559799194,0.7530978322029114,0.6392152309417725,0.9686530828475952,2.5299553871154785
ATP,3hgm,A,7jgr,D,3,[31],[31],ATP,ATP,5.029661901550881,2.918872594833374,1.5040793418884275,0.7274113893508911,0.9310255646705629,1.1408319473266602,3.3464903831481934
NAD,1nr5,A,6ah9,A,3,[44],[44],NAD,NAD,4.588344597496954,3.356696844100952,1.3968132734298706,0.725807785987854,0.8707275390625,1.072116136550903,3.1452126502990723
NAD,1guz,A,5eks,A,3,[44],[44],NAD,NAD,3.349676855566075,2.866632461547852,1.4289321899414062,0.7436032295227051,0.6941659450531006,0.9299135208129884,2.50918197631836
NAD,6c5c,A,6smz,C,3,[44],[44],NAD,NAD,3.5725971456832446,3.275853157043457,1.2984025478363037,0.7580901980400085,0.6275716423988342,1.0240339040756226,2.6322133541107178
CA,1mve,A,4gwi,A,3,[1],[1],CA,CA,15.181556429194705,2.773597240447998,1.2892820835113523,0.7364383339881897,0.8405011892318726,1.2410730123519895,6.028839588165283
GTP,1svw,A,3ldu,A,3,[32],[32],GTP,GTP,2.6469399156497584,2.991413354873657,1.4459270238876345,0.7451947331428528,0.8191835880279541,1.0900346040725708,2.0929489135742188
GDP,4ei7,A,6cy5,B,3,[28],[28],GDP,GDP,2.5252809279001642,3.1081485748291016,1.4549697637557983,0.7374035120010376,0.598411500453949,1.0348942279815674,2.0161471366882324
AMP,4qei,A,6aic,A,3,[23],[23],AMP,AMP,4.54249065684959,2.8347630500793457,1.4481754302978516,0.7031313180923462,0.8780930042266846,1.1658400297164917,3.12359881401062
NAD,1nrx,B,5u4q,B,3,[44],[44],NAD,NAD,4.162607227376571,3.2888190746307373,1.408710241317749,0.7622160315513611,0.7970495820045471,1.031161904335022,2.9391531944274902
COA,1q6y,A,6qfb,C,3,[48],[48],COA,COA,80.96931472147276,3.4396889209747314,0.8818991780281067,0.6897916197776794,0.9697787761688232,1.0083600282669067,8.900728225708008
NAD,1nr5,A,4xgi,A,3,[44],[44],NAD,NAD,4.564837564695365,3.144979476928711,1.389737248420715,0.7192853689193726,0.7597881555557251,0.995074450969696,3.1341493129730225
GNP,3ftq,B,6cu6,C,4,[32],[32],GNP,GNP,1.299935007183048,4.616270542144775,0.6285836696624756,0.8407657146453857,0.9906076192855836,0.734140932559967,1.1503915786743164
GDP,2atv,A,4esv,C,4,[28],[28],GDP,GDP,4.443001626355569,4.136276721954346,0.5741183161735535,0.8000126481056213,0.9958149194717408,0.803226888179779,3.0762314796447754
GNP,2rex,D,6kyk,C,4,[32],[32],GNP,GNP,1.1123954821027227,5.056227207183838,0.4832553565502167,0.8735749125480652,0.8493445515632629,0.721092939376831,1.00104022026062
GNP,4zi2,A,6cc9,B,4,[32],[32],GNP,GNP,1.9591361926703592,4.4124627113342285,0.6878764033317566,0.7623417973518372,0.9425283074378968,0.9168480038642884,1.638192057609558
SAH,3ofk,A,4xcx,A,4,[26],[26],SAH,SAH,0.8744197124420952,4.698155403137207,0.6404726505279541,0.8204196095466614,0.9955998063087464,0.769259512424469,0.8041070103645325
B4P,2zt5,A,3a74,A,4,[53],[53],B4P,B4P,6.44738346153899,3.437171459197998,0.7729038596153259,0.8236168622970581,0.9623239636421204,0.8108510971069336,3.9200055599212646
GNP,1z08,C,2kwi,A,4,[32],[32],GNP,GNP,3.6857429725099986,4.686313629150391,0.5643090605735779,0.8069412708282471,0.95697820186615,0.7096260190010071,2.69312596321106
UDP,2iya,A,5e9u,A,4,[25],[25],UDP,UDP,1.9585781910445978,4.174196720123291,0.8412976861000061,0.7727518677711487,0.9593698978424072,0.8152807950973511,1.6378018856048584
TPP,3ahc,A,4c7x,A,4,[26],[26],TPP,TPP,1.1745932146095328,4.242370128631592,0.8131588101387024,0.8111072778701782,0.8732154369354248,0.8888210654258728,1.051128387451172
TPP,2x7j,A,4c7x,A,4,[26],[26],TPP,TPP,1.4212215777638888,4.4820876121521,0.7546557188034058,0.8466751575469971,0.9886355996131896,0.7947134375572205,1.2443691492080688
E64,6mis,A,6ycf,A,4,[25],[25],E64,E64,2.233043351402111,5.17247486114502,0.3322313129901886,0.9187459349632264,0.992371678352356,0.7592434883117676,1.825419306755066
ACO,3dr8,A,5hgz,A,4,[51],[51],ACO,ACO,4.648061647316026,4.577292442321777,0.6033082604408264,0.8348298668861389,0.9939016103744508,0.7222496271133423,3.1731581687927246
SAM,3dou,A,3t7s,A,4,[27],[27],SAM,SAM,1.3155937341783874,4.494501113891602,0.6730347871780396,0.8086575269699097,0.8262579441070557,0.7115744948387146,1.1626378297805786
ANP,1jpa,A,5gz9,A,4,[31],[10],ANP,ANP,0.4845074290030913,4.327035903930664,0.5771235823631287,0.8340592384338379,0.9834350943565368,0.8146626353263855,0.4621174931526184
NAP,1ps9,A,4r1s,A,4,[48],[48],NAP,NAP,18.19049370384007,3.38802433013916,0.6960549354553223,0.7162065505981445,0.9907991886138916,0.8242505192756653,6.452704906463623
E64,1meg,A,6ycf,A,4,[25],[25],E64,E64,2.9470594401670045,5.052402496337891,0.341158002614975,0.9004425406455994,1.0,0.7255575060844421,2.276238441467285
HAR,1hqf,A,5zee,B,4,[13],[13],HAR,HAR,1.4434186538786864,5.1973185539245605,0.4371213614940643,0.9087105989456176,0.991641104221344,0.7046909928321838,1.2613526582717896
1N1,2y6o,A,5h2u,A,4,[33],[33],1N1,1N1,1.741254879255447,4.38194751739502,0.4864680767059326,0.7852659225463867,0.9999501705169678,0.7714126110076904,1.4830228090286257
L3A,3neh,A,3s2j,A,4,[15],[15],L3A,L3A,0.9995461180340021,5.097031593322754,0.4244194328784942,0.8994778394699097,0.9905496835708618,0.7170153856277466,0.9087157845497132
SAM,2f8l,A,4qtu,B,4,[27],[27],SAM,SAM,1.1245566562855165,4.642978668212891,0.6017563939094543,0.8187947273254395,0.9573747515678406,0.7169927954673767,1.0108777284622192
N32,4f32,B,4jv3,A,4,[31],[31],N32,N32,0.6918205165651174,5.1002068519592285,0.3576392531394958,0.9140514731407166,0.9998013973236084,0.793965756893158,0.6470558643341064
E64,1aec,A,6ycf,A,4,[25],[25],E64,E64,1.5766070400072645,5.134100437164307,0.3316493332386017,0.9143503904342652,0.9989400506019592,0.7421508431434631,1.361890435218811
GNP,5di3,B,6cu6,C,4,[32],[32],GNP,GNP,0.6837916911979337,4.807066440582275,0.53010094165802,0.8415353894233704,0.8934058547019958,0.7098091244697571,0.6400271654129028
CTP,3k8d,A,6ckk,A,4,[29],[29],CTP,CTP,1.5236036933632509,4.714936256408691,0.5807739496231079,0.8491999506950378,0.9644896388053894,0.7262212634086609,1.3221590518951416
GNP,1z08,C,5xkt,A,4,[32],[32],GNP,GNP,1.2822878283374497,4.608592987060547,0.5408839583396912,0.8336862921714783,0.9894850254058838,0.7099246978759766,1.136549472808838
E64,2bdz,A,6ycf,A,4,[25],[25],E64,E64,1.803448276347269,5.050976753234863,0.3342908918857574,0.9040765166282654,0.9973483085632324,0.7308441996574402,1.5278995037078855
E64,5a24,A,6ycf,A,4,[25],[18],E64,E64,1.0930886464562322,5.121049880981445,0.2655257284641266,0.9131261706352234,0.9942015409469604,0.7238155007362366,0.985378086566925
GTP,1plk,A,2v55,D,4,[32],[32],GTP,GTP,1.1952025014366,4.328182220458984,0.6484935879707336,0.8067981600761414,0.843081533908844,0.8168390989303589,1.0676023960113523
SAM,3fpj,B,4gc9,A,4,[27],[27],SAM,SAM,2.2308766104952706,4.392847061157227,0.7460235357284546,0.8087652921676636,0.9944243431091307,0.7133805751800537,1.823971152305603
GTP,3doe,A,6y09,A,4,[32],[32],GTP,GTP,0.8039320165100141,4.990401744842529,0.5036555528640747,0.8654521703720093,0.8956781625747681,0.7043550610542297,0.7441105842590332
0LI,4tyj,A,6eg9,A,4,[39],[39],0LI,0LI,1.2404111355403944,4.760248184204102,0.574437141418457,0.8632507920265198,0.9994896054267884,0.8148165941238403,1.1035282611846924
NAP,2rcy,A,6k3g,B,4,[48],[48],NAP,NAP,3.4273650289872726,4.35215425491333,0.8675879240036011,0.7974904775619507,0.9828252792358398,0.8012874126434326,2.5525224208831787
CPR,1b3o,A,1nfb,A,4,[22],[22],CPR,CPR,0.9177003213596763,5.457737922668457,0.3144682347774505,0.9405837059020996,1.0,0.7675905823707581,0.8405619263648987
BAT,1dth,A,1rm8,A,4,[32],[32],BAT,BAT,7.072251827176534,4.096091747283936,0.567012369632721,0.8474546074867249,0.9655348658561708,0.6696118712425232,4.142541885375977
GCS,2vzs,A,5dgr,A,4,[12],[12],GCS,GCS,18.660909571475973,2.309467315673828,1.3986490964889526,0.6993173360824585,0.6877638101577759,1.0941392183303833,6.510927200317383
AKG,4xgi,A,5xvv,B,4,[10],[10],AKG,AKG,2.3867269922110883,4.8772292137146,0.5368576645851135,0.8672516345977783,0.976426362991333,0.705040454864502,1.9268423318862915
CPR,1b3o,A,1jcn,A,4,[22],[22],CPR,CPR,1.1568921061359565,5.457455158233643,0.2644241154193878,0.9405972361564636,1.0,0.765190064907074,1.0369304418563845
GNP,5de3,A,6cc9,B,4,[32],[32],GNP,GNP,2.117320383243007,4.597049713134766,0.7458522319793701,0.7987313866615295,0.9156851172447203,0.8376858830451965,1.7473503351211548
APR,1v8m,A,1vhz,A,4,[18],[36],APR,APR,28.842909691687073,4.635404586791992,0.6114532947540283,0.8673961758613586,0.9696560502052308,0.6704779267311096,7.425527572631836
AR6,3sig,A,4iqy,A,4,[36],[36],AR6,AR6,1.1192760258823349,4.283483028411865,0.7306510806083679,0.8375329375267029,0.9683369994163512,0.8540998101234436,1.0066087245941162
UDP,2wtx,D,3hbn,A,4,[25],[25],UDP,UDP,1.568083164131811,4.068718433380127,0.9616286754608154,0.8147929906845093,0.988753378391266,0.9390411972999572,1.3555254936218262
BTM,8h4p,A,8h6u,A,4,[14],[14],BTM,BTM,4.6093161949286285,3.96665620803833,0.6952656507492065,0.811122477054596,0.9884900450706482,0.7729876041412354,3.155052661895752
PBZ,2a2q,H,5lhp,A,4,[10],[10],PBZ,PBZ,2.1323710038663277,4.969418525695801,0.3590095043182373,0.8982658982276917,1.0,0.6730731129646301,1.757588028907776
CTP,1i52,A,6ckk,A,4,[29],[29],CTP,CTP,1.575587530606744,4.662419319152832,0.6630868315696716,0.8595518469810486,0.9795427918434144,0.7779675126075745,1.361129641532898
E64,2pre,A,6ycf,A,4,[25],[25],E64,E64,1.6948657056762038,5.107448577880859,0.323599249124527,0.9155457615852356,0.9994510412216188,0.7618755102157593,1.4492391347885132
NAD,3om9,A,4nr0,B,4,[44],[44],NAD,NAD,2.7462012904152786,4.437014579772949,0.891917884349823,0.8079094290733337,0.9194228649139404,0.7445827126502991,2.1545252799987797
NAP,4r1s,A,5h81,B,4,[48],[48],NAP,NAP,2.935073382717226,4.648645877838135,0.7104616165161133,0.8331962823867798,0.930633306503296,0.7336299419403076,2.269081354141236
1N1,2y6o,A,2zva,A,4,[33],[33],1N1,1N1,1.3483763277960346,4.839879512786865,0.4316149055957794,0.8562505841255188,1.0,0.7792917490005493,1.1881667375564575
ACO,1b87,A,6ao7,A,4,[51],[51],ACO,ACO,2.42841787943978,4.766275882720947,0.5185207724571228,0.8474898338317871,0.9992699027061462,0.8184227347373962,1.953923583030701
BEF,3a10,A,6ww6,B,4,[4],[4],BEF,BEF,2.102322946672616,4.999789714813232,0.6170774698257446,0.8745906352996826,0.9873284101486206,0.7020825147628784,1.7371234893798828
NAI,2a92,C,5itv,A,4,[44],[44],NAI,NAI,2.7799692858108536,4.6721391677856445,0.74338299036026,0.8291304111480713,0.9832679629325868,0.7474355101585388,2.175255060195923
GTB,2ycd,A,5agy,A,4,[30],[30],GTB,GTB,2.3331713239440814,4.522480010986328,0.602329432964325,0.8637272119522095,0.9960047006607056,0.7192984819412231,1.8917853832244875
SAM,2uyq,A,3mte,A,4,[26],[17],SAM,SAM,0.8568039643720481,4.426691055297852,0.6113791465759277,0.820669949054718,0.9884917736053468,0.7458826899528503,0.7891861796379089
NDP,1xkq,A,5c37,A,4,[48],[48],NDP,NDP,1.538100536061901,4.681360721588135,0.7149778008460999,0.8298683166503906,0.9983128309249878,0.7985005974769592,1.3330621719360352
AR6,3sig,A,6lh4,A,4,[36],[36],AR6,AR6,1.1565085382998133,4.266552925109863,0.7179845571517944,0.8391870856285095,0.9607030153274536,0.8536526560783386,1.0366222858428955
ACO,1b87,A,3mgd,B,4,[51],[51],ACO,ACO,4.92952964747329,4.543074131011963,0.5696893930435181,0.8453473448753357,0.9867342114448548,0.8187854886054993,3.301865339279175
E64,3bcn,A,6ycf,A,4,[25],[25],E64,E64,3.1843270773719627,4.978896617889404,0.4328794777393341,0.901569962501526,0.9969414472579956,0.7620006203651428,2.415236711502075
ACO,3dr8,A,3mgd,B,4,[51],[51],ACO,ACO,4.83223741628562,4.342700481414795,0.7635384798049927,0.812312662601471,0.9840275645256042,0.8099197745323181,3.2579288482666016
NDP,3anl,A,5c37,A,4,[48],[48],NDP,NDP,1.9583575961486046,4.313737392425537,0.7069979310035706,0.7895936965942383,0.9954150319099426,0.713459849357605,1.6376476287841797
BMP,3ve7,A,4luj,A,4,[22],[22],BMP,BMP,0.18585902593186626,5.229987621307373,0.3385583162307739,0.9177581071853638,1.0,0.7313027381896973,0.1824676990509033
5GP,1ex7,A,3tr0,A,4,[24],[24],5GP,5GP,1.4540750482745122,4.587756156921387,0.54119473695755,0.8180798888206482,0.9966201782226562,0.7805343866348267,1.2694827318191528
NAI,4fw8,A,6cdf,A,4,[44],[44],NAI,NAI,2.4022134247009204,4.6002302169799805,0.7075031995773315,0.8169353604316711,0.9771636128425598,0.7581719160079956,1.936923146247864
G6P,5v0t,E,7q0s,A,4,[16],[16],G6P,G6P,36.340390910428766,4.509174346923828,0.7411121726036072,0.8475642204284668,0.9347894787788392,0.818645179271698,7.842055320739746
ANP,4cej,A,8gbj,D,4,[31],[31],ANP,ANP,3.714690949872317,3.84031081199646,0.7731730341911316,0.7552754878997803,0.9932140707969666,0.9502421021461488,2.708548784255981
NDP,1xhl,A,3anl,A,4,[48],[48],NDP,NDP,1.8357399075002665,4.399327278137207,0.8761878609657288,0.798292338848114,0.9787906408309937,0.7526259422302246,1.551014065742493
COA,5ayv,B,5hbr,A,4,[48],[48],COA,COA,13.253095087510456,4.27341890335083,0.7331331968307495,0.8081005811691284,0.9961342811584472,0.7129750847816467,5.699497222900391
NAI,1t2e,A,4fw8,A,4,[44],[44],NAI,NAI,2.9156452401459974,4.674067974090576,0.7590735554695129,0.8336716890335083,0.9527592658996582,0.728227972984314,2.257452249526977
GNP,2rex,D,6cu6,C,4,[32],[32],GNP,GNP,0.951136841893501,4.957533836364746,0.4911588132381439,0.8623911738395691,0.8211219310760498,0.7145237326622009,0.8685279488563538
G6P,3nb0,C,5v0t,E,4,[16],[16],G6P,G6P,35.847394987671066,4.588625431060791,0.7294549345970154,0.870535135269165,0.955891251564026,0.8245354890823364,7.818850994110107
B12,2xiq,A,3bul,A,4,[91],[91],B12,B12,2.631382150096924,3.97003960609436,0.8201085329055786,0.7650386095046997,0.9882616400718688,0.8499245643615723,2.083209991455078
NAP,2dm6,B,5l3z,A,4,[48],[48],NAP,NAP,3.4283146451890674,4.688410758972168,0.6160449981689453,0.8357431292533875,0.989633083343506,0.7125884294509888,2.553049087524414
SAH,3grr,A,4o29,A,4,[26],[26],SAH,SAH,1.7933069370604156,4.457085132598877,0.6366186738014221,0.7993577122688293,0.9935215711593628,0.7285081148147583,1.5206141471862793
SAH,3wst,I,6cx6,B,4,[26],[26],SAH,SAH,1.6072153401506806,4.548992156982422,0.6620627045631409,0.812363862991333,0.94904363155365,0.7066234350204468,1.3846691846847534
SAM,2b25,A,3fpj,B,4,[27],[26],SAM,SAM,1.5129588531310947,4.603391647338867,0.7374073266983032,0.8260980248451233,0.9717678427696228,0.7446723580360413,1.3141355514526367
SAM,3tka,A,4gc9,A,4,[27],[27],SAM,SAM,1.037981886297671,4.882615566253662,0.614906907081604,0.8766456246376038,0.998452603816986,0.7352299094200134,0.940372884273529
GNP,3ftq,B,6cu6,C,4,[32],[32],GNP,GNP,1.2999343983167173,4.616273880004883,0.6285831928253174,0.8407659530639648,0.9906087517738342,0.73414146900177,1.1503911018371582
E64,3ioq,A,6ycf,A,4,[25],[25],E64,E64,1.349396282397756,5.097203254699707,0.3801673054695129,0.9103301763534546,0.9999884366989136,0.7382447719573975,1.1889586448669434
CTP,1i52,A,3k8d,A,4,[29],[29],CTP,CTP,1.2637631887287604,4.576408863067627,0.6874802112579346,0.8342971205711365,0.9828374981880188,0.7293155193328857,1.1219724416732788
ACO,1b87,A,7ovu,A,4,[51],[51],ACO,ACO,1.846636604733405,4.572024345397949,0.7122504115104675,0.8410503268241882,0.9764341115951538,0.7989894151687622,1.5587855577468872
TPP,2vk1,A,4c7x,A,4,[26],[26],TPP,TPP,1.3652396037644938,4.53698205947876,0.7738293409347534,0.8576647043228149,0.98442405462265,0.8037731051445007,1.201241374015808
SAH,3ofk,A,3wst,I,4,[26],[26],SAH,SAH,1.5166843491064137,4.432703018188477,0.6486332416534424,0.7944124341011047,0.9440731406211852,0.7393233180046082,1.3169453144073486
NAD,1v9l,A,4nr0,C,4,[44],[44],NAD,NAD,1.7528083820647937,4.375387191772461,0.7703145742416382,0.8396749496459961,0.8411803841590881,0.7302844524383545,1.491395354270935
ACO,1b87,A,2h5m,A,4,[51],[51],ACO,ACO,4.128651144422009,4.247963905334473,0.7217001914978027,0.8030757904052734,0.9962549209594728,0.7956679463386536,2.9221835136413574
UDP,2p73,A,4d11,C,4,[25],[25],UDP,UDP,2.5791387615370893,4.270283222198486,0.8548879623413086,0.7991335988044739,0.8046075105667114,0.7621263861656189,2.05033016204834
GNP,1z08,C,3q85,B,4,[32],[32],GNP,GNP,0.8271237143940274,5.046013832092285,0.398885577917099,0.8718973994255066,0.998554229736328,0.6656382083892822,0.7639366984367371
NAI,2a92,C,4ilk,A,4,[44],[44],NAI,NAI,1.3323973120172539,4.744539737701416,0.7134521007537842,0.8433762192726135,0.9733445644378662,0.7084363698959351,1.1757417917251587
NAD,1geg,E,3om9,A,4,[44],[44],NAD,NAD,2.662491326112654,4.703479766845703,0.8220862150192261,0.8322966694831848,0.8928366899490356,0.7479313611984253,2.1026599407196045
ACO,2h5m,A,3dr8,A,4,[51],[51],ACO,ACO,4.554775690344849,4.036337375640869,0.7884067893028259,0.7747958302497864,0.759453296661377,0.8121920824050903,3.129402875900269
SAH,5zw3,B,6cx6,B,4,[26],[26],SAH,SAH,1.5135400424883068,4.753152847290039,0.7222262620925903,0.849125325679779,0.9719139337539672,0.7366917133331299,1.3145740032196045
F6P,1t10,A,3m5p,A,4,[16],[16],F6P,F6P,4.827605869793289,4.78809928894043,0.5431711673736572,0.8822930455207825,0.961885631084442,0.7332983016967773,3.255822896957397
AR6,4iqy,A,5zdb,A,4,[36],[36],AR6,AR6,1.1842662165872433,4.284041404724121,0.6971133947372437,0.863690972328186,0.9697067141532898,0.8420835733413696,1.0588680505752563
NAP,2dm6,B,4hp8,B,4,[48],[48],NAP,NAP,2.8279048426846742,4.618525505065918,0.6544541716575623,0.8213441967964172,0.9840744733810424,0.6997318863868713,2.2044947147369385
B12,1xrs,B,2xiq,A,4,[91],[91],B12,B12,2.428261364697534,4.20564603805542,0.6773031949996948,0.7887118458747864,0.992397964000702,0.8384360671043396,1.9538222551345823
NDP,5gud,E,5vg6,B,4,[48],[48],NDP,NDP,2.6398010903494336,4.3980207443237305,0.709629237651825,0.7864601612091064,0.9529727101325988,0.7569145560264587,2.0884830951690674
1N1,2y6o,A,4xey,B,4,[33],[33],1N1,1N1,1.8054057352493855,4.660434246063232,0.4140393733978271,0.835496187210083,0.9561448097229004,0.7493094801902771,1.529304265975952
NDP,1o8c,A,4tqg,A,4,[48],[48],NDP,NDP,3.0802922039000524,4.470575332641602,0.8382613658905029,0.8395373821258545,0.94437438249588,0.7486333250999451,2.3549108505249023
GNP,2rex,D,6cc9,B,4,[32],[32],GNP,GNP,2.3850234756548137,4.368998050689697,0.7855747938156128,0.7666260600090027,0.9480496048927308,0.962086856365204,1.925731897354126
NAD,1uxg,A,2i9p,B,4,[44],[44],NAD,NAD,3.1357098267060692,4.649071216583252,0.7494957447052002,0.8247754573822021,0.9660734534263612,0.7598190307617188,2.387164354324341
NAI,4plt,B,6vly,A,4,[44],[44],NAI,NAI,2.484606522817455,4.563190460205078,0.7452685832977295,0.827153205871582,0.9779629111289978,0.7536722421646118,1.9901360273361208
ADP,2uvq,A,5ik2,E,4,[27],[27],ADP,ADP,2.2660884417676828,4.167770385742188,0.6530964374542236,0.7778310775756836,0.9403997659683228,0.820380449295044,1.847441792488098
DUP,3tp1,A,6hde,B,4,[28],[28],DUP,DUP,25.824526183661096,4.583297729492188,0.6182754039764404,0.8831472396850586,0.9918251633644104,0.785018265247345,7.208616256713867
NAI,2a92,C,6vly,A,4,[44],[44],NAI,NAI,2.717771117754962,4.604000568389893,0.760220468044281,0.8294504284858704,0.9660272598266602,0.7672797441482544,2.1369869709014893
SAM,2b25,A,3sxj,A,4,[27],[26],SAM,SAM,1.5767022587658355,4.689730644226074,0.7949425578117371,0.8335593938827515,0.834168553352356,0.7751110196113586,1.3619614839553833
SAH,4kdr,A,5icc,A,4,[26],[26],SAH,SAH,1.210681331762348,4.75731897354126,0.6199171543121338,0.8400692939758301,0.9900010824203492,0.6951313018798828,1.0799355506896973
GNP,2ywf,A,5di3,B,4,[32],[32],GNP,GNP,1.2979402565176532,4.726892948150635,0.4792301058769226,0.8413854241371155,0.9903679490089417,0.7040642499923706,1.1488291025161743
GNP,2kwi,A,2ywf,A,4,[32],[32],GNP,GNP,3.477475529824176,4.612062931060791,0.5711941123008728,0.8192497491836548,0.992048680782318,0.7482743859291077,2.5802128314971924
PLP,1vef,A,2yku,A,4,[15],[15],PLP,PLP,1.0730641088563295,5.057864665985107,0.4435223042964935,0.9079067707061768,0.9976209402084352,0.6939895749092102,0.9690760374069214
GNP,5xkt,A,6kyk,C,4,[32],[32],GNP,GNP,1.3177426852145286,4.507621765136719,0.5626919269561768,0.8227164149284363,0.98374205827713,0.7135514616966248,1.1643158197402954
GDP,1kao,A,3o47,A,4,[28],[28],GDP,GDP,1.1266231748215711,4.722860813140869,0.4971753656864166,0.8326661586761475,0.978866159915924,0.6866786479949951,1.012547254562378
ATP,3whk,A,8hh1,D,4,[31],[31],ATP,ATP,2.5152049913011605,4.218225955963135,0.7115078568458557,0.7898593544960022,0.9085142016410828,0.7885759472846985,2.0097193717956543
SAM,2b25,A,3t7s,A,4,[27],[26],SAM,SAM,1.5953872502614372,4.760242938995361,0.7231531143188477,0.8437707424163818,0.8599427938461304,0.7764784693717957,1.3758809566497805
SAH,5gm2,B,6cx6,B,4,[26],[26],SAH,SAH,1.1824410328621964,4.800333023071289,0.5408229231834412,0.8340190649032593,0.9952900409698486,0.7544654011726379,1.0574086904525757
SAM,2f8l,A,4gc9,A,4,[27],[27],SAM,SAM,1.4769054075332544,4.655981540679932,0.7460799217224121,0.8445679545402527,0.992979109287262,0.7727380394935608,1.286849856376648
NAD,4id9,B,6ach,A,4,[44],[44],NAD,NAD,1.810096709346907,4.41493034362793,0.7374518513679504,0.7923727631568909,0.804417073726654,0.7671536803245544,1.5326688289642334
SAM,3fpj,B,4ax8,A,4,[27],[27],SAM,SAM,2.5109854687710524,4.55236291885376,0.6513118743896484,0.80597323179245,0.978238880634308,0.735376238822937,2.0070245265960693
NDP,1xkq,A,3anl,A,4,[48],[48],NDP,NDP,1.7464867870493477,4.374115943908691,0.8770847916603088,0.8002305030822754,0.978214144706726,0.7419672012329102,1.4868162870407104
NAP,4hp8,B,6tlk,A,4,[48],[48],NAP,NAP,2.44173937800825,4.730438709259033,0.6079595685005188,0.8415415287017822,0.985973060131073,0.6981101632118225,1.9625385999679563
AR6,4iqy,A,6lh4,A,4,[36],[36],AR6,AR6,0.91165591075594,5.202829360961914,0.2194495797157287,0.9185711741447448,0.9999895095825196,0.7301602959632874,0.8354881405830383
SAM,2f8l,A,3t7s,A,4,[27],[27],SAM,SAM,1.425766212832295,4.6240410804748535,0.702549934387207,0.8225148916244507,0.9866232872009276,0.7033372521400452,1.2478517293930054
TPP,4c7x,A,4qq8,C,4,[26],[26],TPP,TPP,1.5148935340762197,4.518930435180664,0.6528118848800659,0.8535380363464355,0.9634600281715392,0.7824336290359497,1.3155949115753174
GDP,2atv,A,4esv,C,4,[28],[28],GDP,GDP,4.443007097118119,4.136277198791504,0.5741201639175415,0.8000128269195557,0.9958150386810304,0.8032267093658447,3.076234102249145
PLP,1fg3,A,4ysn,C,4,[15],[15],PLP,PLP,1.1516266967609372,4.406550407409668,0.6854881048202515,0.8273084759712219,0.987834930419922,0.7636377215385437,1.032698392868042
GTP,1plk,A,6y09,A,4,[32],[32],GTP,GTP,0.9587076157582606,4.501188278198242,0.6090989708900452,0.8458345532417297,0.9926403760910034,0.7635963559150696,0.8748363852500916
TPP,2vjy,A,4c7x,A,4,[26],[26],TPP,TPP,1.263939844071267,4.558465003967285,0.771329939365387,0.8614331483840942,0.988406240940094,0.8130329251289368,1.122111678123474
ADP,2awn,B,5ik2,E,4,[27],[27],ADP,ADP,4.380022036112221,4.036398887634277,0.776685357093811,0.7817902565002441,0.8812348246574402,0.8621796369552612,3.045907735824585
NAD,3aw9,A,5vp5,A,4,[44],[44],NAD,NAD,0.8300434253522934,4.8445234298706055,0.5449841618537903,0.8441386818885803,0.9996142983436584,0.711571455001831,0.766426682472229
ACO,3dr8,A,6v3t,A,4,[51],[51],ACO,ACO,3.268936728399553,4.529854774475098,0.5703168511390686,0.8317463994026184,0.9927929043769836,0.7141718864440918,2.4636011123657227
ADP,2hyd,A,3k1j,A,4,[27],[27],ADP,ADP,5.973583116575131,3.841352701187134,0.6571640968322754,0.7638774514198303,0.9033775329589844,0.7778539061546326,3.73966383934021
ZN,1pcx,A,2j9u,B,4,[1],[1],ZN,ZN,0.18833462182296054,3.240589141845703,0.6828645467758179,0.7584723830223083,0.9555078148841858,0.753722608089447,0.184853196144104
ADP,2awn,C,2zts,C,4,[27],[27],ADP,ADP,2.193987866465974,4.423260688781738,0.6038917899131775,0.8206415772438049,0.9074530005455016,0.7131102085113525,1.7992373704910278
ADP,2awn,A,2d2f,A,4,[27],[27],ADP,ADP,1.4000098689641556,4.694611072540283,0.6630946397781372,0.8378694653511047,0.9779227375984192,0.7682175040245056,1.22807776927948
SAM,3ai9,X,4fak,A,4,[27],[20],SAM,SAM,0.8124993357877655,4.059281826019287,0.6710371375083923,0.8047769665718079,0.9932730793952942,0.7900771498680115,0.7514445185661316
NAI,4ilk,A,6vly,A,4,[44],[44],NAI,NAI,2.780519147038661,4.695209503173828,0.6810591816902161,0.847862958908081,0.9820106029510498,0.7292155623435974,2.1755917072296143
SAM,3mte,A,4gc9,A,4,[27],[26],SAM,SAM,1.1592144046129924,4.496716976165772,0.7265291213989258,0.8173121809959412,0.997532308101654,0.7610796093940735,1.0387957096099854
ACP,6pnx,B,7kjc,A,4,[31],[31],ACP,ACP,2.3068084448691497,4.933136940002441,0.4226569235324859,0.8689115643501282,0.9995294809341432,0.7328845858573914,1.874416470527649
SAM,3tka,A,6rie,O,4,[27],[27],SAM,SAM,3.405715112700844,4.35014533996582,0.6946651339530945,0.7880295515060425,0.98831969499588,0.8514113426208496,2.540494918823242
PLP,1yaa,A,2yku,A,4,[15],[15],PLP,PLP,1.566539153482255,4.359934329986572,0.8860580325126648,0.8524091243743896,0.8565147519111633,0.7488692402839661,1.3543715476989746
GNP,2ywf,A,4zi2,A,4,[32],[32],GNP,GNP,0.9455132164506056,4.899899959564209,0.4435335695743561,0.8679618835449219,0.9966360926628112,0.682604968547821,0.8638363480567932
AR6,5zdb,A,6lh4,A,4,[36],[36],AR6,AR6,0.8796917426206622,4.188525199890137,0.6819588541984558,0.8421029448509216,0.9478580951690674,0.8261703252792358,0.8085631132125854
SAM,3sxj,A,4ax8,A,4,[27],[27],SAM,SAM,0.9613355610097358,4.646625995635986,0.5321223735809326,0.815275251865387,0.994349718093872,0.6953499913215637,0.8770241141319275
SAM,3kkz,A,4gc9,A,4,[27],[27],SAM,SAM,0.9911033152899524,4.615028381347656,0.7378477454185486,0.8329324126243591,0.9492462873458862,0.7674841284751892,0.901732325553894
NAD,2fn7,A,3oa2,B,4,[44],[44],NAD,NAD,1.5300448055744853,4.447744369506836,0.6703158617019653,0.8018487691879272,0.8417466878890991,0.7451050281524658,1.3270068168640137
NAP,3dtt,B,4zqb,B,4,[48],[48],NAP,NAP,3.148432663054297,4.708532333374023,0.5920227766036987,0.8298547863960266,0.8845113515853882,0.7036615014076233,2.394530773162842
UDP,2wtx,D,7bv3,A,4,[25],[25],UDP,UDP,1.1681152278502487,3.702059984207153,0.8588780164718628,0.772493302822113,0.962691605091095,0.9398369193077089,1.0459376573562622
ADP,1xjq,A,6q45,F,4,[27],[27],ADP,ADP,43.91565908851348,4.056602954864502,0.6992372870445251,0.7770870923995972,0.99595046043396,0.8129985928535461,8.145251274108887
NAP,2y05,A,5h81,B,4,[48],[48],NAP,NAP,1.8151228978091578,4.643864154815674,0.6696402430534363,0.8236126899719238,0.9487983584403992,0.7531389594078064,1.5362708568572998
SAH,2eg5,E,6cx6,B,4,[26],[26],SAH,SAH,1.172112443663199,4.567984580993652,0.7082052230834961,0.822172224521637,0.8664796948432922,0.737284779548645,1.04914128780365
UPG,4r7p,A,5i1f,A,4,[36],[36],UPG,UPG,2.1792402763662495,4.240746021270752,0.9282395839691162,0.820475161075592,0.9577328562736512,0.8423141837120056,1.7893072366714478
NAD,2ag5,A,2dvm,A,4,[44],[44],NAD,NAD,3.0099498120331885,4.445937156677246,0.8009650111198425,0.8072136640548706,0.9936476349830629,0.7824267745018005,2.313575267791748
NAI,2a92,C,4itu,A,4,[44],[44],NAI,NAI,2.688817950139041,4.754189491271973,0.6479239463806152,0.8419133424758911,0.9140546917915344,0.7355071902275085,2.11904525756836
GNP,1z08,C,4zi2,A,4,[32],[32],GNP,GNP,0.8709538365189898,4.975924015045166,0.5178205966949463,0.8600956201553345,0.865932285785675,0.7034034132957458,0.8011751770973206
PYR,2nuy,A,3di1,B,4,[5],[5],PYR,PYR,1.6868298166206273,4.987998008728027,0.5909095406532288,0.8897092342376709,0.9939504861831664,0.7510696649551392,1.443359613418579
SAM,1i9g,A,3sxj,A,4,[27],[27],SAM,SAM,1.6124228081797805,4.712553977966309,0.7909775972366333,0.831353485584259,0.9240285158157348,0.7626987099647522,1.388532638549805
GDP,2bov,A,3ieu,A,4,[28],[28],GDP,GDP,1.020708641426282,4.844747543334961,0.506339430809021,0.8648853898048401,0.971316695213318,0.6991170048713684,0.9261733293533324
BEF,6ww6,B,7lza,A,4,[4],[4],BEF,BEF,2.7674602759556226,4.920580387115479,0.5696006417274475,0.8514998555183411,0.9995235204696656,0.7145821452140808,2.167588710784912
NAD,4m87,A,4za2,D,4,[44],[44],NAD,NAD,1.4611825667663187,4.856467247009277,0.6407301425933838,0.8440967202186584,0.9554824829101562,0.7724602818489075,1.2748968601226809
GNP,1wf3,A,6cu6,C,4,[32],[32],GNP,GNP,1.1210625121346085,4.766639709472656,0.487364262342453,0.8454661965370178,0.9972441792488098,0.6915445327758789,1.008053421974182
NAP,3ngl,A,4hp8,B,4,[48],[48],NAP,NAP,2.5366758618541714,4.401327133178711,0.7278349995613098,0.8065885901451111,0.951608419418335,0.7291122078895569,2.0234038829803467
GNP,3ftq,B,6cc9,B,4,[32],[32],GNP,GNP,2.4649161742393497,4.003805160522461,0.8024806380271912,0.7213824391365051,0.9897929430007936,0.938230037689209,1.977483153343201
ANP,3c41,J,4cej,A,4,[31],[31],ANP,ANP,4.976902462582775,3.686455249786377,0.7952275276184082,0.7371839284896851,0.9429669380187988,0.924140214920044,3.323051929473877
UDP,5e9u,A,5tvg,A,4,[25],[25],UDP,UDP,1.618486153667165,4.463959693908691,0.8608884215354919,0.8441939949989319,0.9632038474082948,0.8726332187652588,1.3930267095565796
NAD,4m87,A,4plf,B,4,[44],[44],NAD,NAD,2.6331021779738943,4.491046905517578,0.8666114807128906,0.8171943426132202,0.9202584624290466,0.7449086904525757,2.0842878818511963
ACO,3dr8,A,4ava,A,4,[51],[51],ACO,ACO,1.390482534874884,4.648667812347412,0.5925834774971008,0.8613768815994263,0.9946140050888062,0.7555944323539734,1.2207406759262085
NDP,3anl,A,4imp,A,4,[48],[48],NDP,NDP,1.5402148162316847,4.384335517883301,0.7142745852470398,0.7979812026023865,0.9873993396759032,0.7029474377632141,1.3346500396728516
NAP,1yb5,A,5gxe,A,4,[48],[48],NAP,NAP,1.8276884278010164,4.978241920471191,0.6023454070091248,0.8695991635322571,0.8839532732963562,0.7366036176681519,1.545262575149536
UDP,2iya,A,2wtx,D,4,[25],[25],UDP,UDP,0.7891029803694937,3.620769500732422,0.8499459028244019,0.7616115212440491,0.9293825626373292,0.907116949558258,0.7313888669013977
GNP,5de3,A,6kyk,C,4,[32],[32],GNP,GNP,1.0065343805901423,4.909632205963135,0.4721728861331939,0.8527851700782776,0.875124990940094,0.7027254104614258,0.9144880175590516
GNP,2ywf,A,3q85,B,4,[32],[32],GNP,GNP,0.8357834362382582,4.833006381988525,0.4201971590518951,0.8571817874908447,0.9971893429756165,0.6982008814811707,0.7713179588317871
COA,1scu,A,5hbr,A,4,[48],[48],COA,COA,1.5866643016188464,4.716429710388184,0.6737765669822693,0.8372625708580017,0.8377986550331116,0.6955915689468384,1.3693883419036863
UDP,2d7i,A,5ggi,B,4,[25],[25],UDP,UDP,2.3900618641405296,4.570836544036865,0.7747291922569275,0.8515206575393677,0.9159455895423888,0.7631412744522095,1.9290152788162231
NDP,1o8c,A,3ing,A,4,[48],[48],NDP,NDP,2.5969438617370275,4.15171480178833,0.7497265338897705,0.7741090655326843,0.918281614780426,0.8236798644065857,2.0615665912628174
PLP,3if2,A,4r8d,A,4,[15],[16],PLP,PLP,1.0332816362207167,4.795631408691406,0.6199436783790588,0.8692725300788879,0.9062404036521912,0.7202860713005066,0.9365134239196776
GNP,3q85,B,6cc9,B,4,[32],[32],GNP,GNP,2.1781270704164544,4.497241973876953,0.6939359903335571,0.7768229246139526,0.9996069073677064,0.8435811400413513,1.788556694984436
GTP,1plk,A,3doe,A,4,[32],[32],GTP,GTP,0.922299461234259,4.271103382110596,0.7969448566436768,0.8147673010826111,0.8766220808029175,0.8110715746879578,0.8444187641143799
ADP,2xgj,B,5ean,A,4,[27],[27],ADP,ADP,4.257047353794532,3.818759679794312,1.0449750423431396,0.7105914354324341,0.9387906193733216,1.0133180618286133,2.9859249591827397
SAM,3tka,A,4qtu,B,4,[27],[27],SAM,SAM,1.145076685072115,4.780548572540283,0.6299390196800232,0.8447953462600708,0.9591816067695618,0.7901611328125,1.0274282693862915
MG,6kyk,C,8a3v,A,4,[1],[1],MG,MG,2.4652080884302294,4.202491283416748,0.6134377717971802,0.7932729125022888,0.9843385815620422,0.7961613535881042,1.9776710271835327
GDP,2atv,A,6cy5,B,4,[28],[28],GDP,GDP,1.2245831061394208,4.569772243499756,0.6028673052787781,0.8342047929763794,0.9953567981719972,0.7281947135925293,1.0909831523895264
GNP,1z08,C,5di3,B,4,[32],[32],GNP,GNP,1.1961133670329538,4.846508026123047,0.4788721203804016,0.8432601094245911,0.9096469879150392,0.697257936000824,1.068329095840454
GNP,1wf3,A,6cc9,B,4,[32],[32],GNP,GNP,2.2128182960731064,4.479558944702148,0.8378570675849915,0.7910085320472717,0.9711809754371644,0.8439293503761292,1.8118817806243896
UDP,2wtx,D,4pqg,A,4,[25],[25],UDP,UDP,0.9155050009929359,4.461743354797363,0.7544336915016174,0.8447141647338867,0.9990355372428894,0.8731048107147217,0.8387197852134705
NAI,2a92,C,4fw8,A,4,[44],[44],NAI,NAI,2.72745683636866,4.550680637359619,0.6783732175827026,0.8085636496543884,0.9593039155006408,0.7622634172439575,2.1429708003997803
SAH,1zg3,A,3ofk,A,4,[26],[26],SAH,SAH,1.3204515625928837,4.391772747039795,0.7583982944488525,0.783351480960846,0.9623110890388488,0.772055447101593,1.166430115699768
GNP,5di3,B,6cc9,B,4,[32],[32],GNP,GNP,2.2292533064371463,4.492133617401123,0.7888756990432739,0.7888669967651367,0.933771550655365,0.9295432567596436,1.8228858709335327
GDP,4esv,C,5wds,A,4,[28],[28],GDP,GDP,4.687867958003447,4.16282320022583,0.5918862223625183,0.7980958223342896,0.9912018179893494,0.8014687895774841,3.191659927368164
NAD,4nr0,A,5cee,A,4,[44],[44],NAD,NAD,3.1094392560929314,4.382641792297363,0.7623074650764465,0.824753999710083,0.9471568465232848,0.7359597086906433,2.371908664703369
GNP,3ftq,B,6kyk,C,4,[32],[32],GNP,GNP,1.2166887953347092,4.740626811981201,0.5812497735023499,0.8569034337997437,0.9901644587516784,0.7170318365097046,1.0847129821777344
GNP,2ywf,A,5de3,A,4,[32],[32],GNP,GNP,1.265388082284714,4.84615421295166,0.4722437262535095,0.8546206951141357,0.9975139498710632,0.6969686150550842,1.1232529878616333
GNP,1wf3,A,2ywf,A,4,[32],[32],GNP,GNP,0.5669127007641901,4.836770057678223,0.4309926331043243,0.863189697265625,0.9941667318344116,0.6922863125801086,0.536497950553894
NDP,5c37,A,8b9z,P,4,[48],[48],NDP,NDP,1.5458614541440237,4.560153961181641,0.5896660089492798,0.8095428347587585,0.999115228652954,0.7666211128234863,1.3388879299163818
SAM,3fpj,B,3mte,A,4,[26],[27],SAM,SAM,1.9483121120169073,4.435616970062256,0.6151063442230225,0.8066650032997131,0.9899954199790956,0.7274165749549866,1.6306170225143433
GNP,5de3,A,6cu6,C,4,[32],[32],GNP,GNP,0.2616653041403265,4.870277404785156,0.4645442366600036,0.8493080139160156,0.9119460582733154,0.7016395330429077,0.2549930214881897
ADP,2awn,D,3zq6,B,4,[27],[27],ADP,ADP,4.139299491976124,3.858796119689941,0.7614786624908447,0.7412334084510803,0.8891741633415222,0.7944349050521851,2.927513837814331
ANP,3b7g,A,4w7s,B,4,[31],[31],ANP,ANP,4.187103714147266,4.292883396148682,0.654754638671875,0.7853353023529053,0.986204206943512,0.7900274395942688,2.951344966888428
NAP,2y05,A,4zqb,B,4,[48],[48],NAP,NAP,2.260091828564367,4.542611598968506,0.666477620601654,0.8207777142524719,0.9635199308395386,0.744683563709259,1.8434542417526243
NDP,1o8c,A,3anl,A,4,[48],[48],NDP,NDP,2.599073461482717,4.502023220062256,0.7027367353439331,0.8146242499351501,0.8363292813301086,0.6997542381286621,2.062908411026001
ACO,1b87,A,4jwp,A,4,[51],[51],ACO,ACO,1.8761698605816346,4.73845100402832,0.5233892202377319,0.8632408380508423,0.9989593029022216,0.7331620454788208,1.5797768831253052
GDP,2bov,A,3o47,A,4,[28],[28],GDP,GDP,1.0627156775653352,4.7460103034973145,0.5454198122024536,0.8351057171821594,0.9278077483177184,0.6881974339485168,0.9606282114982604
UDP,2acv,A,5e9u,A,4,[25],[25],UDP,UDP,1.808794284484825,4.054219722747803,0.92199045419693,0.7695220112800598,0.9875264763832092,0.8171961903572083,1.5317349433898926
ACO,3dr8,A,6ao7,A,4,[51],[51],ACO,ACO,1.730564382440478,4.705265045166016,0.5849929451942444,0.837517499923706,0.999178946018219,0.8064627647399902,1.4752609729766846
NAD,3nrc,A,4xgi,A,4,[44],[44],NAD,NAD,1.6387230376985435,4.4298176765441895,0.7706197500228882,0.8323928117752075,0.9956587553024292,0.7490442991256714,1.4079921245574951
ANP,4lrj,A,5gz9,A,4,[31],[31],ANP,ANP,1.6411863018924508,3.974813938140869,0.6777638792991638,0.8218644261360168,0.9730423092842102,0.7721708416938782,1.409810185432434
SAM,3fpj,B,6rie,O,4,[27],[27],SAM,SAM,3.926707992411324,4.225590229034424,0.7487115263938904,0.7651236057281494,0.9957480430603028,0.8217169642448425,2.819552183151245
NAI,4fw8,A,6ct6,B,4,[44],[44],NAI,NAI,2.6832381897341433,4.572035789489746,0.7222087979316711,0.8154720664024353,0.9498203992843628,0.7567073106765747,2.1155781745910645
SAM,1i9g,A,3t7s,A,4,[27],[27],SAM,SAM,1.6403264394791717,4.78201961517334,0.7464044690132141,0.8416131734848022,0.9401904344558716,0.7720478177070618,1.4091756343841553
NAD,2c20,A,5i9n,A,4,[44],[44],NAD,NAD,1.1346028125868917,4.438515663146973,0.7036740779876709,0.7866514921188354,0.816976010799408,0.7663744688034058,1.0189881324768066
NDP,5c37,A,5vg6,B,4,[48],[48],NDP,NDP,2.723359310685373,4.46427059173584,0.6700075268745422,0.8033875226974487,0.9410315155982972,0.7336911559104919,2.1404404640197754
GNP,2ywf,A,6cu6,C,4,[32],[32],GNP,GNP,1.204835500479704,4.825192928314209,0.4690372049808502,0.8505716919898987,0.9752819538116456,0.7116374373435974,1.0752817392349243
GNP,1z08,C,6cc9,B,4,[32],[32],GNP,GNP,2.3871535390543532,4.649585247039795,0.6959629058837891,0.7994712591171265,0.9993330240249634,0.8220982551574707,1.927120327949524
PLP,2x3l,B,4uqv,G,4,[15],[15],PLP,PLP,1.2760404491775768,4.585801601409912,0.8022266030311584,0.8428567051887512,0.9913353323936462,0.7727577090263367,1.131638765335083
NAD,1lss,A,2dvm,A,4,[44],[44],NAD,NAD,6.828381009621654,4.518718242645264,0.7267453074455261,0.8325696587562561,0.9900310635566713,0.7363297343254089,4.057657718658447
ACO,1b87,A,6v3t,A,4,[51],[51],ACO,ACO,3.3539424641529623,4.676988124847412,0.4785653948783874,0.8616483807563782,0.992379367351532,0.7195197939872742,2.5115747451782227
GTP,1svw,A,2v55,D,4,[32],[32],GTP,GTP,1.1077945509914764,4.789968490600586,0.7383577227592468,0.8549745678901672,0.9052572250366212,0.7505689859390259,0.9973127841949464
UTP,5ve7,A,6g9w,B,4,[29],[29],UTP,UTP,1.439611228689251,4.271162986755371,0.775165319442749,0.829819917678833,0.9707939624786376,0.8532271981239319,1.2584441900253296
FE,1wb7,A,8avl,A,4,[1],[1],FE,FE,0.23417868622751284,4.398101329803467,0.4755152761936188,0.8670307397842407,0.9984182119369508,0.8319587707519531,0.2288202047348022
NAP,5h81,B,5uzx,A,4,[48],[48],NAP,NAP,2.858466231053569,4.617825984954834,0.8144662380218506,0.8216513991355896,0.9895557165145874,0.7582998871803284,2.223022699356079
GNP,5xkt,A,6cu6,C,4,[32],[32],GNP,GNP,1.0557892377359799,4.53103494644165,0.525350034236908,0.8260534405708313,0.9870655536651612,0.7112065553665161,0.9549650549888612
NAI,4fw8,A,4plt,B,4,[44],[44],NAI,NAI,2.71377925253125,4.69741153717041,0.6765226125717163,0.8365623354911804,0.957852840423584,0.7326803207397461,2.1345181465148926
ACO,1b87,A,4ava,A,4,[51],[51],ACO,ACO,2.526301759196645,4.657190799713135,0.5310419797897339,0.8660740852355957,0.9989200830459596,0.7551310658454895,2.0167977809906006
NDP,3anl,A,4tqg,A,4,[48],[48],NDP,NDP,1.5560918741352328,4.286205768585205,0.8260151147842407,0.784038245677948,0.9023756980895996,0.7097128033638,1.346555471420288
SAM,3t7s,A,6rie,O,4,[27],[27],SAM,SAM,3.2686588458748504,4.612316131591797,0.5919288992881775,0.824533998966217,0.9946986436843872,0.8054618835449219,2.4634432792663574
GNP,4zi2,A,6cu6,C,4,[32],[32],GNP,GNP,1.1185703753035483,4.908375263214111,0.513361930847168,0.8540480136871338,0.8739815354347229,0.7038291096687317,1.006037950515747
NDP,1xhl,A,5c37,A,4,[48],[48],NDP,NDP,1.5329669503257444,4.66970682144165,0.6956747770309448,0.8280158638954163,0.99876070022583,0.7553882002830505,1.3292043209075928
SAM,3mte,A,4ax8,A,4,[27],[26],SAM,SAM,0.9042239041142588,4.604031085968018,0.5988152623176575,0.8162353038787842,0.904504120349884,0.7301216721534729,0.8292418718338013
ADP,2hyd,A,6c90,A,4,[27],[27],ADP,ADP,5.5556045109912,4.046629905700684,0.9999047517776488,0.7585576176643372,0.9764499068260192,0.8164405226707458,3.571448802947998
BEF,3a10,A,7lza,A,4,[4],[4],BEF,BEF,2.256014435451573,4.9719719886779785,0.5380066633224487,0.8677896857261658,0.979718029499054,0.6784602999687195,1.84074068069458
ANP,5dzc,A,5gz9,A,4,[31],[31],ANP,ANP,1.4842216273865525,4.260894775390625,0.569900393486023,0.8211607933044434,0.9928451180458068,0.834194004535675,1.2924007177352903
SAH,3vse,A,5icc,A,4,[26],[26],SAH,SAH,1.0534597516079687,4.516824722290039,0.7579909563064575,0.8215678334236145,0.9286609292030334,0.7306828498840332,0.9530588388442992
UDP,2p73,A,5ggi,B,4,[25],[25],UDP,UDP,2.1632128598934672,4.236774921417236,0.8230665326118469,0.8075778484344482,0.9735245108604432,0.810028612613678,1.778488039970398
GNP,3q85,B,6kyk,C,4,[32],[32],GNP,GNP,0.7668038624456958,5.095833778381348,0.3539320826530456,0.8826634883880615,0.9701346158981324,0.6626564264297485,0.7121926546096802
AKG,3nnf,A,4xcb,A,4,[10],[10],AKG,AKG,2.1848890060743256,4.314187526702881,0.677423894405365,0.8609492182731628,0.9877243638038636,0.8156126141548157,1.7931135892868042
ADP,4ax8,A,5gza,A,4,[27],[27],ADP,ADP,1.5062915430278052,3.680639743804932,0.7919348478317261,0.7535040378570557,0.8610344529151917,0.8136416673660278,1.3091025352478027
HEC,1cyc,A,1gjq,A,4,[43],[43],HEC,HEC,1.0979586342858727,3.7049293518066406,0.7866065502166748,0.7186383605003357,0.9954078197479248,0.738808274269104,0.9893338680267334
ATP,4ymu,J,5o6m,D,4,[31],[31],ATP,ATP,16.027554691756553,3.863595485687256,0.7982254028320312,0.7941381931304932,0.9601431488990784,0.7908751368522644,6.1579179763793945
SAM,3mte,A,5zw4,A,4,[27],[26],SAM,SAM,1.3638482473211886,4.658611297607422,0.7410282492637634,0.8274186849594116,0.9914379119873048,0.767776608467102,1.2001640796661377
UDP,3hbn,A,5e9u,A,4,[25],[25],UDP,UDP,1.5482482034813545,4.275915145874023,0.961031138896942,0.799081563949585,0.970463216304779,1.0320950746536257,1.3406779766082764
SAM,3mte,A,3sxj,A,4,[27],[26],SAM,SAM,0.8979333245260649,4.492609977722168,0.5135327577590942,0.7916545867919922,0.8819532990455627,0.7174552083015442,0.8239482641220093
UDP,5e9u,A,7zer,A,4,[25],[25],UDP,UDP,1.511790015357547,4.084578514099121,0.8646344542503357,0.7838495373725891,0.9831209778785706,0.7742478847503662,1.31325364112854
SAM,3fpj,B,4qtu,B,4,[27],[27],SAM,SAM,1.7581389319660008,4.479477882385254,0.6778883934020996,0.78598952293396,0.9783751368522644,0.7365392446517944,1.4952527284622192
ACP,4ueu,A,7kjc,A,4,[31],[31],ACP,ACP,2.694865607770463,4.962314605712891,0.4874151647090912,0.8703771829605103,0.9340407252311708,0.7855328917503357,2.122799634933472
SAM,2uyq,A,6rie,O,4,[27],[17],SAM,SAM,3.4606579486821523,4.254417896270752,0.7040972113609314,0.7747248411178589,0.9825329780578612,0.8179317712783813,2.570942640304565
SAM,3t7s,A,5zw4,A,4,[27],[27],SAM,SAM,1.4346144557592304,4.645912170410156,0.7564849257469177,0.8228797316551208,0.8478545546531677,0.7277204394340515,1.2546242475509644
UDP,5e9u,A,7bv3,B,4,[25],[25],UDP,UDP,1.7739302560286316,4.055241584777832,0.9181960225105286,0.7675339579582214,0.9805774688720704,0.8562741279602051,1.5066593885421753
UDP,2wtx,D,7zer,A,4,[25],[25],UDP,UDP,1.8822358038679115,3.706864833831787,1.0605747699737549,0.7758105993270874,0.9483011364936828,0.9137443900108336,1.5840754508972168
ACO,3dr8,A,7ovu,A,4,[51],[51],ACO,ACO,1.716567062812408,4.550321578979492,0.7542598247528076,0.8254309296607971,0.9710202217102052,0.7623974084854126,1.4650768041610718
SAM,3dou,A,3mte,A,4,[26],[27],SAM,SAM,1.019690304777051,4.454106330871582,0.627515435218811,0.8109918832778931,0.9734431505203248,0.7185426950454712,0.9253348112106324
ADP,3ug7,A,4edh,B,4,[27],[27],ADP,ADP,1.8288088739530686,4.274840354919434,0.6179872751235962,0.8187857866287231,0.9648588299751282,0.7665963172912598,1.5460634231567385
ADP,3kb1,A,4edh,B,4,[27],[27],ADP,ADP,2.136609017660018,4.294118404388428,0.6800681352615356,0.8044148087501526,0.9656705856323242,0.7430984377861023,1.76046621799469
UDP,5e9u,A,5v0t,E,4,[25],[25],UDP,UDP,1.456961155057692,4.395562648773193,0.8588446378707886,0.8448433876037598,0.9875147342681884,0.8629761934280396,1.2716820240020752
ADP,2awn,B,5m32,h,4,[27],[27],ADP,ADP,4.5587951328553435,4.161611557006836,0.9563376903533936,0.7989856600761414,0.9886283278465272,0.786678671836853,3.1312997341156006
ANP,2wtk,C,3fxx,A,4,[31],[27],ANP,ANP,1.839506821202715,4.780697822570801,0.5642513036727905,0.8693252801895142,0.9314013123512268,0.7870145440101624,1.5537022352218628
UPG,2icy,B,5i1f,A,4,[36],[36],UPG,UPG,1.06527712529846,4.051685810089111,0.8054361939430237,0.7970723509788513,0.9738293886184692,0.8999872207641602,0.9627206921577454
GTP,2v55,D,3doe,A,4,[32],[32],GTP,GTP,1.1973385476294491,4.896557807922363,0.5691300630569458,0.8436070680618286,0.9497268199920654,0.7531822323799133,1.0693063735961914
ATP,4v02,A,6ugd,E,4,[31],[31],ATP,ATP,1.8474110947171976,3.87252688407898,0.7712988257408142,0.7215161323547363,0.981525421142578,0.8647230267524719,1.5593373775482178
ADP,1xjq,A,4d26,A,4,[27],[27],ADP,ADP,44.73794769237676,3.611949920654297,0.9034423232078552,0.729614794254303,0.7765783667564392,0.7829352617263794,8.173113822937012
ADP,3kb1,A,8a3v,A,4,[27],[27],ADP,ADP,4.6777669294755375,4.064187049865723,0.5566977858543396,0.7500354051589966,0.9840476512908936,0.8099510669708252,3.18697452545166
TPP,3ai7,A,4c7x,A,4,[26],[26],TPP,TPP,1.0255139673627827,3.98173713684082,0.8270071744918823,0.7665668725967407,0.9492592811584472,0.9195523262023926,0.9301280379295348
UDP,2wtx,D,5e9u,A,4,[25],[25],UDP,UDP,1.4354089631840332,4.315352439880371,0.849352240562439,0.8276898860931396,0.9996054172515868,0.8921946883201599,1.255231857299805
ACO,1hm8,A,4isx,A,4,[51],[51],ACO,ACO,23.504314905591624,4.346879005432129,0.6329200863838196,0.871997058391571,0.9677935242652892,0.7846803069114685,7.015309810638428
ADP,2uvq,A,3h4m,A,4,[27],[27],ADP,ADP,1.9901508935738408,4.247557163238525,0.7293132543563843,0.7904964685440063,0.9861986041069032,0.7906366586685181,1.659821391105652
UDP,2d7i,A,2p73,A,4,[25],[25],UDP,UDP,2.7182496929981252,4.339946746826172,0.899644136428833,0.8070521354675293,0.8478670120239258,0.7611314058303833,2.1372828483581543
MG,2p88,A,3d46,A,4,[1],[1],MG,MG,0.7450012882691677,4.767719745635986,0.6804230809211731,0.8693701028823853,0.9436732530593872,0.8188378214836121,0.6933468580245972
TPP,4c7x,A,6efg,D,4,[26],[26],TPP,TPP,1.3131550926674853,4.513545036315918,0.7640284299850464,0.8554957509040833,0.9935027360916138,0.8052640557289124,1.1607328653335571
CU,1cur,A,1nwo,A,4,[1],[1],CU,CU,0.15835793326827047,4.488976955413818,0.7030675411224365,0.8592848777770996,0.9893401265144348,0.7223845720291138,0.1558893024921417
FE,4ffk,A,8avl,A,4,[1],[1],FE,FE,0.051437138193694054,4.643204212188721,0.33792844414711,0.89000403881073,0.9991861581802368,0.8068925738334656,0.0511739142239093
