chain_id,cluster_id,cluster_size
1a0iA,1a0iA,1
1a1tA,1a1tA,1
1a6bB,1a6bB,1
1a8vA,1a8vA,1
1adnA,1adnA,1
1ah7A,1ah7A,7
1ak0A,1ah7A,7
3sngA,1ah7A,7
4cxpA,1ah7A,7
5fbfA,1ah7A,7
8cqmA,1ah7A,7
9emgA,1ah7A,7
1ajoA,1ajoA,1
1aqlA,1aqlA,23
1k4yA,1aqlA,23
1llfA,1aqlA,23
1lpmA,1aqlA,23
1qe3A,1aqlA,23
2fj0A,1aqlA,23
2ha2A,1aqlA,23
3k9bC,1aqlA,23
4be9A,1aqlA,23
4m0eA,1aqlA,23
4qwwA,1aqlA,23
5ch5A,1aqlA,23
5thmA,1aqlA,23
6aryA,1aqlA,23
6h1aA,1aqlA,23
6xysA,1aqlA,23
6zwiA,1aqlA,23
7aisA,1aqlA,23
7mp4A,1aqlA,23
7w1iA,1aqlA,23
8axcA,1aqlA,23
8xrzC,1aqlA,23
9kwlA,1aqlA,23
1arcA,1arcA,3
4nsvA,1arcA,3
6ew9A,1arcA,3
1axkA,1axkA,1
1b0nB,1b0nB,1
1b12A,1b12B,2
1b12B,1b12B,2
1b4bA,1b4bA,6
1o2fB,1b4bA,6
1xxaA,1b4bA,6
2p5mA,1b4bA,6
2zfzA,1b4bA,6
6wjoA,1b4bA,6
1b66A,1b66A,6
1y13A,1b66A,6
2g64A,1b66A,6
2obaA,1b66A,6
3lx3A,1b66A,6
4ntkA,1b66A,6
1b7eA,1b7eA,2
1musA,1b7eA,2
1b8tA,1b8tA,1
1bboA,1bboA,1
1bgpA,1bgpA,32
1fhfA,1bgpA,32
1gwuA,1bgpA,32
1iynA,1bgpA,32
1pa2A,1bgpA,32
1qgjA,1bgpA,32
1qpaA,1bgpA,32
1schA,1bgpA,32
2e39A,1bgpA,32
2vcnA,1bgpA,32
3e2oA,1bgpA,32
3fmuA,1bgpA,32
3hdlA,1bgpA,32
3m5qA,1bgpA,32
3q3uA,1bgpA,32
3rrwA,1bgpA,32
4a5gA,1bgpA,32
4bm1A,1bgpA,32
4cuoA,1bgpA,32
4czqA,1bgpA,32
4uscA,1bgpA,32
5al9A,1bgpA,32
5aogA,1bgpA,32
5twtA,1bgpA,32
5viaA,1bgpA,32
6issA,1bgpA,32
7dlhA,1bgpA,32
7oo5A,1bgpA,32
7oqrA,1bgpA,32
8djtA,1bgpA,32
8qwtA,1bgpA,32
8qx0A,1bgpA,32
1bh9B,1bh9B,2
4e45D,1bh9B,2
1bj6A,1bj6A,1
1bnlA,1bnlA,2
1dy0A,1bnlA,2
1borA,1borA,1
1bp3A,1bp3A,2
4mhlA,1bp3A,2
1brdA,1brdA,1
1brwA,1brwA,5
1uouA,1brwA,5
4eadA,1brwA,5
4ga6A,1brwA,5
7m7kB,1brwA,5
1bysA,1bysA,4
4gelA,1bysA,4
4ggjA,1bysA,4
5qhkA,1bysA,4
1bt0A,1c1yB,13
1c1yB,1c1yB,13
2mseD,1c1yB,13
2zccB,1c1yB,13
3goeA,1c1yB,13
3phxB,1c1yB,13
5j18A,1c1yB,13
5jneC,1c1yB,13
5nl4B,1c1yB,13
6cpmE,1c1yB,13
8djhA,1c1yB,13
8djiA,1c1yB,13
8jnbB,1c1yB,13
1c3oB,1c3oB,1
1c7cA,1c7cA,1
1c7kA,1c7kA,16
1hfcA,1c7kA,16
1hv5A,1c7kA,16
1hy7A,1c7kA,16
1i76A,1c7kA,16
1rm8A,1c7kA,16
1y93A,1c7kA,16
1ztqC,1c7kA,16
2jsdA,1c7kA,16
3ayuA,1c7kA,16
3ma2A,1c7kA,16
3v96B,1c7kA,16
5b5oA,1c7kA,16
6esmA,1c7kA,16
8b2qA,1c7kA,16
8jugA,1c7kA,16
1c96A,1c96A,2
2b3yA,1c96A,2
1ccwB,1ccwB,5
1xrsA,1ccwB,5
3kp0A,1ccwB,5
4r3uA,1ccwB,5
8t0vB,1ccwB,5
1cf2O,1cf2O,76
1dssG,1cf2O,76
1gl3A,1cf2O,76
1hdgO,1cf2O,76
1i32A,1cf2O,76
1nvmB,1cf2O,76
1pquA,1cf2O,76
1rm4A,1cf2O,76
1ys4A,1cf2O,76
2b4rO,1cf2O,76
2czcA,1cf2O,76
2ep7A,1cf2O,76
2g82A,1cf2O,76
2i5pO,1cf2O,76
2pkqO,1cf2O,76
2r00C,1cf2O,76
2vynD,1cf2O,76
2xf8A,1cf2O,76
2yyyA,1cf2O,76
3b1jA,1cf2O,76
3cmcO,1cf2O,76
3cpsA,1cf2O,76
3docA,1cf2O,76
3gnqB,1cf2O,76
3gpdG,1cf2O,76
3h9eO,1cf2O,76
3hjaA,1cf2O,76
3hskA,1cf2O,76
3idsD,1cf2O,76
3l0dA,1cf2O,76
3lvfO,1cf2O,76
3pymA,1cf2O,76
3pzrA,1cf2O,76
3qv1A,1cf2O,76
3sthA,1cf2O,76
3tz6A,1cf2O,76
3v1yA,1cf2O,76
4dplA,1cf2O,76
4k9dA,1cf2O,76
4lrtB,1cf2O,76
4lsmA,1cf2O,76
4o59O,1cf2O,76
4p8rA,1cf2O,76
4r3nA,1cf2O,76
4z0hO,1cf2O,76
4zicA,1cf2O,76
5bntA,1cf2O,76
5einA,1cf2O,76
5ld5A,1cf2O,76
5vmtA,1cf2O,76
5y37A,1cf2O,76
6c85A,1cf2O,76
6fziA,1cf2O,76
6gg7A,1cf2O,76
6iqmA,1cf2O,76
6m5xO,1cf2O,76
6nlxB,1cf2O,76
6px2A,1cf2O,76
6utoA,1cf2O,76
6wycA,1cf2O,76
7bexA,1cf2O,76
7c7kO,1cf2O,76
7jwkA,1cf2O,76
7nnrA,1cf2O,76
7tcmA,1cf2O,76
7wwwA,1cf2O,76
7xzgA,1cf2O,76
7zq3O,1cf2O,76
8br4A,1cf2O,76
8de5A,1cf2O,76
8hrpA,1cf2O,76
8jusA,1cf2O,76
8ohaA,1cf2O,76
9fq4A,1cf2O,76
9iilA,1cf2O,76
9pgqA,1cf2O,76
1chcA,1chcA,1
1cjaA,1cjaA,1
1cjyA,1cjyA,2
5ixcA,1cjyA,2
1ck7A,1ck7A,1
1cl4A,1cl4A,1
1cmcA,1cmcA,1
1co4A,1co4A,1
1cr6A,1cr6A,2
5am2A,1cr6A,2
1cr8A,1cr8A,1
1csbA,1csbA,1
1ctaA,1ctaA,1
1ctlA,1ctlA,1
1cv8A,1cv8A,1
1cvjH,1cvjH,1
1cvrA,1cvrA,2
6i9aA,1cvrA,2
1a7iA,1cxxA,2
1cxxA,1cxxA,2
1cxyA,1cxyA,16
1hkoA,1cxyA,16
1mj4A,1cxyA,16
1x3xA,1cxyA,16
2ibjA,1cxyA,16
3ks0A,1cxyA,16
3lf5A,1cxyA,16
3nerA,1cxyA,16
3ozzB,1cxyA,16
3x34A,1cxyA,16
4b8nA,1cxyA,16
4hilA,1cxyA,16
6nzxA,1cxyA,16
6vz6A,1cxyA,16
7bwhA,1cxyA,16
8tgbA,1cxyA,16
1cy5A,1cy5A,3
2a9iA,1cy5A,3
6e25A,1cy5A,3
1czaN,1czaN,2
2nztA,1czaN,2
1d0bA,1d0bA,8
4lscA,1d0bA,8
4m7eC,1d0bA,8
4tzhA,1d0bA,8
6fg7A,1d0bA,8
6vcdB,1d0bA,8
7la8A,1d0bA,8
9cj0A,1d0bA,8
1d0lA,1d0lA,3
4anrA,1d0lA,3
5anzA,1d0lA,3
1d0qA,1d0qA,1
1d2lA,1d2lA,1
1d3yA,1d3yA,2
8urqA,1d3yA,2
1d8hA,1d8hA,1
1daqA,1daqA,1
1dbiA,1dbiA,5
1thmA,1dbiA,5
3vv3A,1dbiA,5
4lvnA,1dbiA,5
8cozA,1dbiA,5
1dd4A,1dd4A,1
1ddzA,1ddzA,1
1defA,1defA,1
1dekA,1dekA,1
1dj7A,1dj7A,2
7bzkA,1dj7A,2
1djxA,1djxA,2
9bczA,1djxA,2
1dktA,1dktA,1
1dl5A,1dl5A,1
1dl6A,1dl6A,1
1dljA,1dljA,17
2i9pA,1dljA,17
2y0cA,1dljA,17
3gg2A,1dljA,17
3ojoA,1dljA,17
3plnA,1dljA,17
3q3cA,1dljA,17
3vtfA,1dljA,17
4a7pA,1dljA,17
4r16A,1dljA,17
4xr9A,1dljA,17
5vr8A,1dljA,17
5y8lA,1dljA,17
6c5zB,1dljA,17
6om8A,1dljA,17
6vpbB,1dljA,17
7kwsA,1dljA,17
1dllA,1dllA,11
2vu9A,1dllA,11
3obtA,1dllA,11
3r4sA,1dllA,11
3rsjA,1dllA,11
4kbbA,1dllA,11
5lr0A,1dllA,11
7qptB,1dllA,11
7qpuA,1dllA,11
7uibA,1dllA,11
8jlfB,1dllA,11
1dq3A,1dq3A,3
1ef0A,1dq3A,3
1ef0B,1dq3A,3
1dqvA,1dqvA,1
1dsvA,1dsvA,1
1dtpA,1dtpA,1
1duwA,1duwA,2
1ofwA,1duwA,2
1dw0A,1dw0A,2
1gu2A,1dw0A,2
1dwlA,1dwlA,1
1dx5I,1dx5I,1
1dxgA,1dxgA,1
1e0oB,1e0oB,1
1e1hA,1e1hA,1
1e4uA,1e4uA,1
1e5sA,1e5sA,2
4p7xA,1e5sA,2
1e6vA,1e6yA,12
1e6yA,1e6yA,12
3sqgA,1e6yA,12
5a0yA,1e6yA,12
5a8wA,1e6yA,12
5n1qA,1e6yA,12
7b1sA,1e6yA,12
7nkgA,1e6yA,12
8gf5B,1e6yA,12
9h1lC,1e6yA,12
9qqtA,1e6yA,12
9qr3A,1e6yA,12
1e7lA,1e7lA,1
1e94E,1e94E,4
1g41A,1e94E,4
1g4aE,1e94E,4
6pxkA,1e94E,4
1e9gA,1e9gA,5
4qlzA,1e9gA,5
5wrtA,1e9gA,5
7btnA,1e9gA,5
8qptA,1e9gA,5
1e9lA,1e9lA,22
1jneA,1e9lA,22
1ll4A,1e9lA,22
2a3bA,1e9lA,22
2ddxA,1e9lA,22
3co4A,1e9lA,22
3fy1A,1e9lA,22
3g6mA,1e9lA,22
3wqwA,1e9lA,22
4r5eA,1e9lA,22
4wiwA,1e9lA,22
5z3sA,1e9lA,22
6epbA,1e9lA,22
6hm1A,1e9lA,22
6javA,1e9lA,22
6jmbA,1e9lA,22
6le8A,1e9lA,22
6ze8A,1e9lA,22
7xs3A,1e9lA,22
8fr9B,1e9lA,22
8hw8A,1e9lA,22
8r4xA,1e9lA,22
1eakA,1eakA,2
1l6jA,1eakA,2
1ebfA,1ebfA,8
2ejwA,1ebfA,8
3ingA,1ebfA,8
3jsaA,1ebfA,8
4pg7A,1ebfA,8
4xb1A,1ebfA,8
6dzsA,1ebfA,8
7f4cA,1ebfA,8
1ecyA,1ecyA,1
1ee6A,1ee6A,3
3b90A,1ee6A,3
4yz0A,1ee6A,3
1ef4A,1ef4A,1
1efpB,1efpB,10
1efvB,1efpB,10
1o94C,1efpB,10
1o97C,1efpB,10
4l2iB,1efpB,10
5ol2B,1efpB,10
5ow0B,1efpB,10
6fahB,1efpB,10
7koeA,1efpB,10
7qh2B,1efpB,10
1efpA,1efvA,9
1efvA,1efvA,9
1o97D,1efvA,9
4l2iA,1efvA,9
5ol2A,1efvA,9
5ow0A,1efvA,9
6fahA,1efvA,9
7koeB,1efvA,9
7qh2A,1efvA,9
1eghA,1eghA,1
1c07A,1eh2A,7
1eh2A,1eh2A,7
1fi6A,1eh2A,7
2kffA,1eh2A,7
3fiaA,1eh2A,7
6yetA,1eh2A,7
6yigA,1eh2A,7
1e4eA,1ehiA,77
1ehiA,1ehiA,77
1gsaA,1ehiA,77
1i7lA,1ehiA,77
1kjqA,1ehiA,77
1pk8A,1ehiA,77
1w96A,1ehiA,77
1z2nX,1ehiA,77
2dwcA,1ehiA,77
2p0aA,1ehiA,77
2pbzA,1ehiA,77
2q7dA,1ehiA,77
2qk4A,1ehiA,77
2r7kA,1ehiA,77
2r85A,1ehiA,77
2vpqA,1ehiA,77
2vqdA,1ehiA,77
2w70A,1ehiA,77
2xclA,1ehiA,77
2yrxA,1ehiA,77
2yw2A,1ehiA,77
3aw8A,1ehiA,77
3ax6A,1ehiA,77
3ethA,1ehiA,77
3gidA,1ehiA,77
3i12A,1ehiA,77
3k5iA,1ehiA,77
3orqA,1ehiA,77
3ouzA,1ehiA,77
3q2oB,1ehiA,77
3r5fA,1ehiA,77
3r5xA,1ehiA,77
3se7A,1ehiA,77
3t7aA,1ehiA,77
3tigA,1ehiA,77
3votA,1ehiA,77
3wnzA,1ehiA,77
3wvrB,1ehiA,77
4c5cA,1ehiA,77
4fflA,1ehiA,77
4fu0A,1ehiA,77
4i4tF,1ehiA,77
4i50F,1ehiA,77
4mamA,1ehiA,77
4mv4A,1ehiA,77
4o4jF,1ehiA,77
4ylrA,1ehiA,77
5bphA,1ehiA,77
5o7aF,1ehiA,77
5s54F,1ehiA,77
5vlqA,1ehiA,77
6f7cF,1ehiA,77
6jilA,1ehiA,77
6u1kA,1ehiA,77
6vzuA,1ehiA,77
6y3zP,1ehiA,77
7drpA,1ehiA,77
7kctA,1ehiA,77
7lz8F,1ehiA,77
7mgvA,1ehiA,77
7qysB,1ehiA,77
7u56A,1ehiA,77
7u9kA,1ehiA,77
7zywF,1ehiA,77
7zz5A,1ehiA,77
8asnF,1ehiA,77
8bdeF,1ehiA,77
8e1jA,1ehiA,77
8evwA,1ehiA,77
8evyA,1ehiA,77
8oxeA,1ehiA,77
8r6oF,1ehiA,77
8yi6A,1ehiA,77
8ynqA,1ehiA,77
8ytxF,1ehiA,77
8yuaF,1ehiA,77
9gr8A,1ehiA,77
1emnA,1emnA,1
1eptB,1eptB,2
7z9fA,1eptB,2
1exkA,1exkA,1
1eteA,1exzA,3
1exzA,1exzA,3
3uf5B,1exzA,3
1b02A,1f28A,21
1b5eA,1f28A,21
1f28A,1f28A,21
1j3kC,1f28A,21
2aazA,1f28A,21
3ik0A,1f28A,21
4dq1A,1f28A,21
4ez8A,1f28A,21
4fqsA,1f28A,21
4g2oX,1f28A,21
4h0uA,1f28A,21
4irrA,1f28A,21
4xsdA,1f28A,21
5b6dA,1f28A,21
5h39A,1f28A,21
5m4zA,1f28A,21
6k7rA,1f28A,21
6nnrA,1f28A,21
6qyaA,1f28A,21
7dp4A,1f28A,21
7xykA,1f28A,21
1f35A,1f35A,1
1f42A,1f42A,1
1f4sP,1f4sP,1
1f5nA,1f5nA,1
1f5yA,1f5yA,1
1f62A,1f62A,3
4qf3A,1f62A,3
5vabA,1f62A,3
1f7uA,1f7uA,5
2zueA,1f7uA,5
4q2tA,1f7uA,5
5yymA,1f7uA,5
6ao8A,1f7uA,5
1f81A,1f81A,1
1fi2A,1fi2A,1
1fitA,1fitA,20
1y23A,1fitA,20
2eo4A,1fitA,20
2oikA,1fitA,20
3imiA,1fitA,20
3ksvA,1fitA,20
3l7xA,1fitA,20
3n1sA,1fitA,20
3o0mA,1fitA,20
3oheA,1fitA,20
3oj7A,1fitA,20
3r6fA,1fitA,20
4eguA,1fitA,20
4zglB,1fitA,20
5km9B,1fitA,20
5uvmA,1fitA,20
6d6jA,1fitA,20
6iq1A,1fitA,20
6j64B,1fitA,20
7p8pB,1fitA,20
1fiuA,1fiuA,1
1floA,1floA,1
1baiA,1fmbA,28
1fmbA,1fmbA,28
1sguA,1fmbA,28
1tcwA,1fmbA,28
2hahA,1fmbA,28
2hs1A,1fmbA,28
2p3cA,1fmbA,28
2p3dA,1fmbA,28
2r5pA,1fmbA,28
2rkfA,1fmbA,28
3ec0A,1fmbA,28
3gguA,1fmbA,28
3linA,1fmbA,28
3mwsA,1fmbA,28
3ogpA,1fmbA,28
3slzA,1fmbA,28
3spkA,1fmbA,28
3t3cA,1fmbA,28
3ttpA,1fmbA,28
3u7sA,1fmbA,28
4rvjA,1fmbA,28
6oglA,1fmbA,28
6opvA,1fmbA,28
6p9aA,1fmbA,28
6prfA,1fmbA,28
7masA,1fmbA,28
7n6vA,1fmbA,28
8dchA,1fmbA,28
1fn9A,1fn9A,1
1fp0A,1fp0A,1
1fr3A,1fr3A,3
1gugA,1fr3A,3
9beoA,1fr3A,3
1freA,1freA,1
1frwA,1frwA,17
1h7fB,1frwA,17
1jylA,1frwA,17
1qwjA,1frwA,17
1vh3A,1frwA,17
1vh3B,1frwA,17
2y6pA,1frwA,17
3k8dA,1frwA,17
3rsbA,1frwA,17
4jd0A,1frwA,17
4zdqA,1frwA,17
6bwhA,1frwA,17
6ckmA,1frwA,17
6ifdA,1frwA,17
6jq8A,1frwA,17
9ftcA,1frwA,17
9gc8A,1frwA,17
1ft4A,1ft4A,4
3alqR,1ft4A,4
4kgqC,1ft4A,4
4yn0A,1ft4A,4
1ft5A,1ft5A,1
1ft9A,1ft9A,2
2fmyA,1ft9A,2
1fu9A,1fu9A,1
1fv5A,1fv5A,1
1fw6A,1fw6A,10
1wb9A,1fw6A,10
2o8bB,1fw6A,10
5yk4A,1fw6A,10
7ai7B,1fw6A,10
7otoB,1fw6A,10
7ou4A,1fw6A,10
8omqA,1fw6A,10
8rb1A,1fw6A,10
8rb1B,1fw6A,10
1fx4A,1fx4A,2
8jszA,1fx4A,2
1fz1C,1fz1C,1
1fzcB,1fzcB,7
1fzcC,1fzcB,7
1lwuB,1fzcB,7
1lwuC,1fzcB,7
1m1jC,1fzcB,7
2fibA,1fzcB,7
3ghgC,1fzcB,7
1eb6A,1g12A,2
1g12A,1g12A,2
1g58A,1g58A,6
1k4iA,1g58A,6
1snnA,1g58A,6
1tkuA,1g58A,6
3ls6A,1g58A,6
7uf0A,1g58A,6
1g5tA,1g5tA,13
1w4rA,1g5tA,13
1xx6A,1g5tA,13
2b8tA,1g5tA,13
2j87A,1g5tA,13
2j9rA,1g5tA,13
2ja1A,1g5tA,13
2orwA,1g5tA,13
3e2iA,1g5tA,13
4hutA,1g5tA,13
4uxhA,1g5tA,13
5fuwA,1g5tA,13
9k6kA,1g5tA,13
1g6oA,1g6oA,10
1p9rA,1g6oA,10
2ewvA,1g6oA,10
3jvvA,1g6oA,10
4phtA,1g6oA,10
5fl3A,1g6oA,10
5oiuA,1g6oA,10
5tshA,1g6oA,10
6ojxA,1g6oA,10
8dzeA,1g6oA,10
1g6uA,1g6uA,1
1g7sA,1g7sA,2
5fg3A,1g7sA,2
1gc1G,1gc1G,6
4dvrG,1gc1G,6
4xmpG,1gc1G,6
6bf4G,1gc1G,6
6opnA,1gc1G,6
9bxgA,1gc1G,6
1gg6C,1gg6C,2
3po1C,1gg6C,2
1gl9B,1gl9B,1
1gm5A,1gm5A,1
1gmnB,1gmnB,1
1gmwA,1gmwA,3
3tj9A,1gmwA,3
4l3kA,1gmwA,3
1gn1F,1gn1F,1
1gpjA,1gpjA,1
1elvA,1gpzA,2
1gpzA,1gpzA,2
1gqbA,1gqbA,2
2rl8A,1gqbA,2
1gteA,1gteA,1
1gttA,1gttA,1
1gupA,1gupA,4
1z84A,1gupA,4
6gqdA,1gupA,4
6k9zA,1gupA,4
1gvcA,1gvcA,1
1cqxA,1gvhA,6
1gvhA,1gvhA,6
4g1vA,1gvhA,6
6mv2A,1gvhA,6
6o0aA,1gvhA,6
8qt7A,1gvhA,6
1gxoA,1gxoA,1
1gytA,1gytA,19
1lamA,1gytA,19
2hc9A,1gytA,19
3h8gA,1gytA,19
3jruA,1gytA,19
4zlaA,1gytA,19
5d8nA,1gytA,19
5lhkA,1gytA,19
5ntdA,1gytA,19
5ntgA,1gytA,19
5nthA,1gytA,19
6oadA,1gytA,19
6omeA,1gytA,19
6wvvA,1gytA,19
6wvvE,1gytA,19
7y1sA,1gytA,19
8d1xA,1gytA,19
8ez4A,1gytA,19
8pzmA,1gytA,19
1gyyA,1gyyA,1
1gzhD,1gzhD,1
1h0aA,1h0aA,3
5on7A,1h0aA,3
7b2lA,1h0aA,3
1h0jA,1h0jA,6
1v6pA,1h0jA,6
2qc1A,1h0jA,6
5mg9A,1h0jA,6
6zfmE,1h0jA,6
9avvF,1h0jA,6
1fcdC,1h1oA,6
1h1oA,1h1oA,6
1m70A,1h1oA,6
3vrdA,1h1oA,6
6q2uA,1h1oA,6
8uf3A,1h1oA,6
1h21A,1h21A,1
1h30A,1h30A,3
2jd4A,1h30A,3
5ik4A,1h30A,3
1h70A,1h70A,3
2c6zA,1h70A,3
6jv0A,1h70A,3
1dx8A,1h7vA,14
1h7vA,1h7vA,14
1iroA,1h7vA,14
1rb9A,1h7vA,14
1yk4A,1h7vA,14
2dsxA,1h7vA,14
2ms3A,1h7vA,14
2pveA,1h7vA,14
2pvxA,1h7vA,14
2v3bB,1h7vA,14
5nw3A,1h7vA,14
6rxnA,1h7vA,14
7a9aA,1h7vA,14
8itoA,1h7vA,14
1ayeA,1h8lA,21
1dtdA,1h8lA,21
1h8lA,1h8lA,21
1jqgA,1h8lA,21
1kwmA,1h8lA,21
1m4lA,1h8lA,21
1pcaA,1h8lA,21
1uwyA,1h8lA,21
1zliA,1h8lA,21
2bo9A,1h8lA,21
2boaA,1h8lA,21
3d4uA,1h8lA,21
3dgvA,1h8lA,21
3fjuA,1h8lA,21
3gljA,1h8lA,21
3lmsA,1h8lA,21
3mn8A,1h8lA,21
4p10A,1h8lA,21
4z65A,1h8lA,21
5mrvA,1h8lA,21
5om9A,1h8lA,21
1h8pA,1h8pA,1
1h9gA,1h9gA,3
5dv5A,1h9gA,3
8y41A,1h9gA,3
1h9mA,1h9sA,2
1h9sA,1h9sA,2
1hcxA,1hcxA,2
4iwtA,1hcxA,2
1ci3M,1hczA,10
1e2wA,1hczA,10
1hczA,1hczA,10
1q90A,1hczA,10
1tu2B,1hczA,10
2jxmB,1hczA,10
4i7zC,1hczA,10
4ogqC,1hczA,10
7r0wC,1hczA,10
9es7C,1hczA,10
1hfeS,1hfeS,1
1hh5A,1hh5A,7
1os6A,1hh5A,7
1rwjA,1hh5A,7
3bxuA,1hh5A,7
3h33A,1hh5A,7
3h34A,1hh5A,7
3h4nA,1hh5A,7
1hi9A,1hi9A,1
1hj7A,1hj7A,1
1hjgA,1hjgA,15
5c3oA,1hjgA,15
5c3qA,1hjgA,15
6kunA,1hjgA,15
6kwaA,1hjgA,15
7v3nA,1hjgA,15
7v3oA,1hjgA,15
7w5tA,1hjgA,15
8ci9C,1hjgA,15
8x7cA,1hjgA,15
8xhpA,1hjgA,15
8xhqA,1hjgA,15
8xhxA,1hjgA,15
8xhyA,1hjgA,15
8y4uA,1hjgA,15
1hskA,1hskA,10
1uxyA,1hskA,10
2gqtA,1hskA,10
3i99A,1hskA,10
3tx1A,1hskA,10
4pytA,1hskA,10
5jzxA,1hskA,10
5jzxB,1hskA,10
7orzA,1hskA,10
9dtkA,1hskA,10
1hwtC,1hwtC,1
1hyuA,1hyuA,1
1hz5A,1hz5A,1
1hzhH,1hzhH,1
1hzlA,1hzlA,4
2cboA,1hzlA,4
8acaA,1hzlA,4
8r3fA,1hzlA,4
1futA,1i0vA,8
1i0vA,1i0vA,8
1rdsA,1i0vA,8
3agnA,1i0vA,8
3wr2A,1i0vA,8
5gy6A,1i0vA,8
6ls1A,1i0vA,8
7w05A,1i0vA,8
1i2aA,1i2aA,1
1i3jA,1i3jA,1
1i77A,1i77A,6
1j0pA,1i77A,6
1up9A,1i77A,6
1wadA,1i77A,6
2a3mA,1i77A,6
2cthA,1i77A,6
1i8nA,1i8nA,1
1i94R,1i94R,1
1iabA,1iabA,10
3edhA,1iabA,10
3ediA,1iabA,10
3lq0A,1iabA,10
3lqbA,1iabA,10
3vtgA,1iabA,10
4l63A,1iabA,10
5czwA,1iabA,10
5zjkA,1iabA,10
8a28B,1iabA,10
1ibvB,1ibvB,1
1ibwA,1ibwA,1
1igrA,1igrA,1
1igtB,1igtB,1
1igyB,1igyB,1
1ihuA,1ihuA,2
5zmfA,1ihuA,2
1ij0A,1ij0A,1
1ij6A,1ij6A,1
1ijdA,1ijdA,1
1ijdB,1ijdB,1
1in0B,1in0B,2
8k5qA,1in0B,2
1io0A,1io0A,1
1iodG,1iodG,2
1j34C,1iodG,2
1iq3A,1iq3A,1
1iq8A,1iq8A,1
1irxA,1irxA,1
1itwA,1itwA,7
2b0tA,1itwA,7
4zdaA,1itwA,7
5kvuA,1itwA,7
5z16A,1itwA,7
6g3uA,1itwA,7
7y1uA,1itwA,7
1iybA,1iybA,5
1ucdA,1iybA,5
1vczA,1iybA,5
2pqxA,1iybA,5
3d3zA,1iybA,5
1i2kA,1iyeA,38
1iyeA,1iyeA,38
2eiyA,1iyeA,38
2y4rA,1iyeA,38
2zgiA,1iyeA,38
3cswA,1iyeA,38
3daaA,1iyeA,38
3dtgA,1iyeA,38
3uzoA,1iyeA,38
3wwhA,1iyeA,38
4ce5A,1iyeA,38
4chiA,1iyeA,38
4cmfA,1iyeA,38
4k6nA,1iyeA,38
4whxA,1iyeA,38
5ce8A,1iyeA,38
5cm0A,1iyeA,38
5k3wA,1iyeA,38
5mprA,1iyeA,38
5mr0A,1iyeA,38
5u3fA,1iyeA,38
6fteB,1iyeA,38
6h65A,1iyeA,38
6jifA,1iyeA,38
6q1sA,1iyeA,38
6q8eA,1iyeA,38
6snlA,1iyeA,38
6xu3A,1iyeA,38
6xwbA,1iyeA,38
7dbeA,1iyeA,38
7nwaA,1iyeA,38
7p3tA,1iyeA,38
7z79A,1iyeA,38
8ahuA,1iyeA,38
8ayjA,1iyeA,38
8ivpA,1iyeA,38
8pnwA,1iyeA,38
8zxbA,1iyeA,38
1e29A,1izl0,8
1f1cA,1izl0,8
1izl0,1izl0,8
4ljiA,1izl0,8
7vd5v,1izl0,8
8eqmv,1izl0,8
8wb4v,1izl0,8
9evxv,1izl0,8
1izlB,1izlB,7
1izlC,1izlB,7
6kig1,1izlB,7
7umhg,1izlB,7
7y3f4,1izlB,7
7ymi2,1izlB,7
7ymi3,1izlB,7
1j24A,1j24A,1
1j2oA,1j2oA,1
1j2xA,1j2xA,1
1j3bA,1j3bA,8
1khbA,1j3bA,8
1ylhA,1j3bA,8
1ytmA,1j3bA,8
2fafA,1j3bA,8
4gmuA,1j3bA,8
4wl8A,1j3bA,8
6at4A,1j3bA,8
1j3mA,1j3mA,2
1q9uB,1j3mA,2
1j6tA,1j6tA,1
1j6tB,1j6tB,1
1j78B,1j78B,1
1j7nA,1j7nA,1
1j8uA,1j8uA,7
1tohA,1j8uA,7
2v27A,1j8uA,7
3tk2A,1j8uA,7
4v06A,1j8uA,7
5j6dB,1j8uA,7
8cjkA,1j8uA,7
1j9bA,1j9bA,1
1j9jA,1j9jA,5
2e6cA,1j9jA,5
4xepA,1j9jA,5
4zg5A,1j9jA,5
5ksrA,1j9jA,5
1jccA,1jccA,1
1jfkA,1jfkA,1
1jfpA,1jfpA,1
1jhnA,1jhnA,1
1jjdA,1jjdA,1
1jlxA,1jlxA,1
1f4nA,1jm0A,4
1jm0A,1jm0A,4
1u7jA,1jm0A,4
2kikA,1jm0A,4
1jm1A,1jm1A,1
1jmjA,1jmjA,20
1ovaA,1jmjA,20
2v95A,1jmjA,20
2vdyA,1jmjA,20
2xn6A,1jmjA,20
3kcgI,1jmjA,20
4dy7F,1jmjA,20
4zk0A,1jmjA,20
5hgcA,1jmjA,20
5ncwA,1jmjA,20
6f4vA,1jmjA,20
6hgmA,1jmjA,20
7aqfA,1jmjA,20
7b2tA,1jmjA,20
7qrnA,1jmjA,20
7rbwA,1jmjA,20
8gxvA,1jmjA,20
8pi2A,1jmjA,20
8zcrA,1jmjA,20
9j3qA,1jmjA,20
1jmzG,1jmzG,1
1gx1A,1jn1A,14
1iv3A,1jn1A,14
1jn1A,1jn1A,14
1t0aA,1jn1A,14
2pmpA,1jn1A,14
2uzhA,1jn1A,14
3b6nA,1jn1A,14
3f0dA,1jn1A,14
3fpiA,1jn1A,14
4c81A,1jn1A,14
4c8eA,1jn1A,14
5b8fA,1jn1A,14
5esvE,1jn1A,14
5iwxA,1jn1A,14
1jniA,1jniA,1
1jnrA,1jnrA,3
3gyxA,1jnrA,3
8a8oA,1jnrA,3
1jnrB,1jnrB,2
3gyxB,1jnrB,2
1jocA,1jocA,1
1jrfA,1jrfA,1
1jtdB,1jtdB,1
1jtgB,1jtgB,1
1jvzA,1jvzA,2
3srbA,1jvzA,2
1jxmA,1jxmA,1
1k1xA,1k1xA,1
1k24A,1k24A,1
1k81A,1k81A,1
1ee8A,1k82A,11
1k3xA,1k82A,11
1k82A,1k82A,11
3u6pA,1k82A,11
3w0fA,1k82A,11
4mb7A,1k82A,11
6fl1A,1k82A,11
6tc9A,1k82A,11
8b9nC,1k82A,11
8th9A,1k82A,11
8tjgA,1k82A,11
1k9uA,1k9uA,2
2opoA,1k9uA,2
1kbeA,1kbeA,1
1kbiA,1kbiA,2
1kbiB,1kbiA,2
1kcwA,1kcwA,1
1kf6C,1kf6C,1
1khoA,1khoA,3
1olpA,1khoA,3
2wxuA,1khoA,3
1khzA,1khzA,9
1mk1A,1khzA,9
1vhzA,1khzA,9
2yvpA,1khzA,9
3o6zA,1khzA,9
5c8lA,1khzA,9
5qk0A,1khzA,9
8otvA,1khzA,9
9dt7A,1khzA,9
1kklA,1kklA,1
1kl9A,1kl9A,1
1aoeA,1kmvA,44
1d1gA,1kmvA,44
1j3kA,1kmvA,44
1juvA,1kmvA,44
1kmvA,1kmvA,44
2aznA,1kmvA,44
2bl9A,1kmvA,44
2w3wA,1kmvA,44
2w9hA,1kmvA,44
2w9sA,1kmvA,44
2xw7A,1kmvA,44
3cseA,1kmvA,44
3d80A,1kmvA,44
3dfrA,1kmvA,44
3ia4A,1kmvA,44
3ix9A,1kmvA,44
3kgyA,1kmvA,44
3nzbX,1kmvA,44
3rg9A,1kmvA,44
3s9uA,1kmvA,44
3tq8A,1kmvA,44
4ha9A,1kmvA,44
4m7uA,1kmvA,44
4pssA,1kmvA,44
4xt6A,1kmvA,44
5dxvA,1kmvA,44
5sd5A,1kmvA,44
5xv0A,1kmvA,44
6drsA,1kmvA,44
6p8cA,1kmvA,44
6uwwA,1kmvA,44
7k62A,1kmvA,44
7k6cA,1kmvA,44
7l9tA,1kmvA,44
7rgjA,1kmvA,44
7rgoA,1kmvA,44
7tj3A,1kmvA,44
7xh4A,1kmvA,44
8crhA,1kmvA,44
8dfrA,1kmvA,44
8e4fA,1kmvA,44
8jt0A,1kmvA,44
8szdA,1kmvA,44
8uvzA,1kmvA,44
1kp4A,1kp4A,1
1kqfB,1kqfB,1
1kqfC,1kqfC,1
1kskA,1kskA,1
1cc5A,1kx2A,2
1kx2A,1kx2A,2
1kyqA,1kyqA,1
1l3lA,1l3lA,2
2q0oA,1l3lA,2
1l5jA,1l5jA,1
1dxyA,1l7eA,84
1j49A,1l7eA,84
1l7eA,1l7eA,84
1mx3A,1l7eA,84
1pjcA,1l7eA,84
1qp8A,1l7eA,84
1sc6A,1l7eA,84
1v8bA,1l7eA,84
1wwkA,1l7eA,84
1x14B,1l7eA,84
2dbqA,1l7eA,84
2dldA,1l7eA,84
2eklA,1l7eA,84
2gcgA,1l7eA,84
2gsdA,1l7eA,84
2o4cA,1l7eA,84
2qrkA,1l7eA,84
2rirA,1l7eA,84
2w2lA,1l7eA,84
2yq5A,1l7eA,84
3bazA,1l7eA,84
3ce6A,1l7eA,84
3d64A,1l7eA,84
3g1uA,1l7eA,84
3gvpA,1l7eA,84
3h9uA,1l7eA,84
3kb6A,1l7eA,84
3kboA,1l7eA,84
3n58A,1l7eA,84
3n7uA,1l7eA,84
3oetA,1l7eA,84
3ondA,1l7eA,84
3p2yA,1l7eA,84
4cukA,1l7eA,84
4e5nA,1l7eA,84
4j1tB,1l7eA,84
4lmpA,1l7eA,84
4njmA,1l7eA,84
4prlA,1l7eA,84
4xcvA,1l7eA,84
4xkjA,1l7eA,84
4xybA,1l7eA,84
4z0pA,1l7eA,84
4zgsA,1l7eA,84
4zqbA,1l7eA,84
5aovA,1l7eA,84
5axaA,1l7eA,84
5dt9A,1l7eA,84
5m67A,1l7eA,84
5t8kA,1l7eA,84
5towB,1l7eA,84
5v7gA,1l7eA,84
5v96A,1l7eA,84
5vg6A,1l7eA,84
5z20A,1l7eA,84
5z21A,1l7eA,84
6aphA,1l7eA,84
6biiA,1l7eA,84
6d4bA,1l7eA,84
6gbnA,1l7eA,84
6ih3A,1l7eA,84
6p2iA,1l7eA,84
6rj3A,1l7eA,84
6tb6B,1l7eA,84
6ttbA,1l7eA,84
6uk3A,1l7eA,84
7arzA,1l7eA,84
7jqhA,1l7eA,84
7o5lA,1l7eA,84
7r39A,1l7eA,84
7r3aA,1l7eA,84
7ya4A,1l7eA,84
8atiA,1l7eA,84
8cfnA,1l7eA,84
8e8vA,1l7eA,84
8grvA,1l7eA,84
8hyeA,1l7eA,84
8hyhA,1l7eA,84
8j3pA,1l7eA,84
8oq2A,1l7eA,84
8q2iA,1l7eA,84
8qnoA,1l7eA,84
8wprA,1l7eA,84
8wz9A,1l7eA,84
1l8qA,1l8qA,2
8btgA,1l8qA,2
1lbuA,1lbuA,1
1lghB,1lghB,1
1lgpA,1lgpA,1
1lmjA,1lmjA,1
1lmlA,1lmlA,1
1lmsA,1lmsA,1
1lp1B,1lp1B,2
6fgoE,1lp1B,2
1lpvA,1lpvA,1
1lqvC,1lqvC,1
1lslA,1lslA,1
1ltqA,1ltqA,1
1lv3A,1lv3A,1
1lkxA,1lvkA,22
1lvkA,1lvkA,22
1w7jA,1lvkA,22
1w9iA,1lvkA,22
2v26A,1lvkA,22
3i5fA,1lvkA,22
4byfA,1lvkA,22
4l79A,1lvkA,22
4zg4B,1lvkA,22
5i0hA,1lvkA,22
6dueA,1lvkA,22
6qdjA,1lvkA,22
6ui4A,1lvkA,22
6ysyA,1lvkA,22
7dhwA,1lvkA,22
7mf3A,1lvkA,22
7rb8D,1lvkA,22
8a12A,1lvkA,22
8actA,1lvkA,22
8exwA,1lvkA,22
8qyrB,1lvkA,22
9fu2A,1lvkA,22
1m0dA,1m0dA,1
1m1qA,1m1qA,3
2k3vA,1m1qA,3
6hr0A,1m1qA,3
1m2dA,1m2dA,3
5abrA,1m2dA,3
9jn8A,1m2dA,3
1m2oA,1m2oA,7
1pcxA,1m2oA,7
2nutA,1m2oA,7
2nutB,1m2oA,7
3efoB,1m2oA,7
3eh1A,1m2oA,7
3eh2A,1m2oA,7
1m3vA,1m3vA,1
1m65A,1m65A,17
1xwyA,1m65A,17
1yixA,1m65A,17
1zzmA,1m65A,17
2anuA,1m65A,17
2wagA,1m65A,17
2wjeA,1m65A,17
2y1hA,1m65A,17
2yxoA,1m65A,17
3dcpA,1m65A,17
3e2vA,1m65A,17
3gg7A,1m65A,17
3qy7A,1m65A,17
3rcmA,1m65A,17
4gc3A,1m65A,17
7ug9A,1m65A,17
8efgA,1m65A,17
1g8fA,1m8pA,4
1m8pA,1m8pA,4
1x6vB,1m8pA,4
2gksA,1m8pA,4
1bjjA,1m8tA,31
1bk9A,1m8tA,31
1fe5A,1m8tA,31
1g4iA,1m8tA,31
1gp7A,1m8tA,31
1hn4A,1m8tA,31
1ijlA,1m8tA,31
1m8tA,1m8tA,31
1oz6A,1m8tA,31
1poaA,1m8tA,31
1ppaA,1m8tA,31
1s6bA,1m8tA,31
1s6bB,1m8tA,31
1tc8A,1m8tA,31
1u4jA,1m8tA,31
1yxhA,1m8tA,31
1zl7A,1m8tA,31
2i0uA,1m8tA,31
2qhdA,1m8tA,31
3i03A,1m8tA,31
3jqlA,1m8tA,31
3jr8A,1m8tA,31
3r0lD,1m8tA,31
3u8iA,1m8tA,31
3v9mA,1m8tA,31
4hg9A,1m8tA,31
4qmcA,1m8tA,31
5owcA,1m8tA,31
5y5eA,1m8tA,31
6ce2A,1m8tA,31
7lyeA,1m8tA,31
1m9iA,1m9iA,1
1m9oA,1m9oA,1
1mc0A,1mc0A,1
1mcoH,1mcoH,1
1mdwA,1mdwA,6
1zivA,1mdwA,6
2nqaA,1mdwA,6
2r9fA,1mdwA,6
6bdtA,1mdwA,6
7w7oA,1mdwA,6
1miwA,1miwA,7
1vfgA,1miwA,7
3aqlB,1miwA,7
3h3aA,1miwA,7
3wfrE,1miwA,7
6qxnA,1miwA,7
8cbmE,1miwA,7
1d0cA,1mjtA,9
1mjtA,1mjtA,9
1nocA,1mjtA,9
2flqA,1mjtA,9
2ortA,1mjtA,9
3e7gA,1mjtA,9
3e7mA,1mjtA,9
4d3tA,1mjtA,9
6ngmA,1mjtA,9
1mkmA,1mkmA,2
8ejuA,1mkmA,2
1mkyA,1mkyA,1
1mtyD,1mtyD,5
2incA,1mtyD,5
3ge3A,1mtyD,5
3u52A,1mtyD,5
6vk6A,1mtyD,5
1mv8A,1mv8A,1
1ml9A,1mvhA,7
1mvhA,1mvhA,7
2r3aA,1mvhA,7
3bo5A,1mvhA,7
3hnaA,1mvhA,7
5vscA,1mvhA,7
7ea5K,1mvhA,7
1mvqA,1mvqA,3
1nlsA,1mvqA,3
2je7A,1mvqA,3
1mz9A,1mz9A,1
1mzbA,1mzbA,16
2o03A,1mzbA,16
2w57A,1mzbA,16
2xigA,1mzbA,16
3eyyA,1mzbA,16
3mwmA,1mzbA,16
4mtdA,1mzbA,16
4razA,1mzbA,16
5fd6A,1mzbA,16
5nbcA,1mzbA,16
5nl9A,1mzbA,16
6dk4A,1mzbA,16
6dk4B,1mzbA,16
7dh8A,1mzbA,16
8j6wA,1mzbA,16
9ireA,1mzbA,16
1n0qB,1n0qB,1
1n0zA,1n0zA,1
1n13B,1n13B,1
1n13A,1n13G,2
1n13G,1n13G,2
1n1iC,1n1iC,1
1n4kA,1n4kA,1
1n52A,1n52A,1
1dgjA,1n62B,14
1ffvB,1n62B,14
1n62B,1n62B,14
1rm6A,1n62B,14
1t3qB,1n62B,14
2w3sB,1n62B,14
3nvwC,1n62B,14
4usaA,1n62B,14
4zohA,1n62B,14
5g5gC,1n62B,14
5y6qC,1n62B,14
7dqxA,1n62B,14
8gy3C,1n62B,14
8uemA,1n62B,14
1n6fA,1n6fA,1
1n7dA,1n7dA,1
1n7vA,1n7vA,1
1n8vA,1n8vA,1
1n08A,1nb0A,3
1nb0A,1nb0A,3
5a89A,1nb0A,3
1ncsA,1ncsA,1
1neeA,1neeA,1
1fvpA,1nfpA,2
1nfpA,1nfpA,2
1nji1,1nji1,7
8a3dj,1nji1,7
8azwa,1nji1,7
8ccsb,1nji1,7
8ovjo,1nji1,7
9axu1,1nji1,7
9j9hh,1nji1,7
1njrA,1njrA,1
1nkgA,1nkgA,1
1nkzA,1nkzA,2
7zdiA,1nkzA,2
1nkzB,1nkzB,1
1nl1A,1nl1A,1
1nltA,1nltA,2
6jzbA,1nltA,2
1nmoA,1nmoA,2
3wsgA,1nmoA,2
1nnfA,1nnfA,15
1si0A,1nnfA,15
1xc1A,1nnfA,15
1xvxA,1nnfA,15
2owsA,1nnfA,15
2pt2A,1nnfA,15
2vp1A,1nnfA,15
3e13X,1nnfA,15
3waeA,1nnfA,15
6g7nA,1nnfA,15
6j2sA,1nnfA,15
7li1A,1nnfA,15
8j4hA,1nnfA,15
8k7nA,1nnfA,15
8oeiA,1nnfA,15
1noyB,1noyB,2
8ojcA,1noyB,2
1np0D,1np0D,1
1np0E,1np0E,1
1nubA,1nubA,1
1ny5A,1ny5A,6
3dzdA,1ny5A,6
5m7oA,1ny5A,6
6iy8A,1ny5A,6
7v2bA,1ny5A,6
8pb9D,1ny5A,6
1nypA,1nypA,27
1wigA,1nypA,27
1x3hA,1nypA,27
1x4kA,1nypA,27
1x4lA,1nypA,27
1x61A,1nypA,27
1x62A,1nypA,27
1x64A,1nypA,27
2co8A,1nypA,27
2cuqA,1nypA,27
2curA,1nypA,27
2d8xA,1nypA,27
2d8yA,1nypA,27
2d8zA,1nypA,27
2dj7A,1nypA,27
2dloA,1nypA,27
2egqA,1nypA,27
2eheA,1nypA,27
2iybE,1nypA,27
2lzuA,1nypA,27
2o10A,1nypA,27
2o13A,1nypA,27
3ixeB,1nypA,27
4hi8B,1nypA,27
6mifA,1nypA,27
6u4mA,1nypA,27
7d2sB,1nypA,27
1nyrA,1nyrA,3
1qf6A,1nyrA,3
6vu9A,1nyrA,3
1nziA,1nziA,4
1szbA,1nziA,4
4losA,1nziA,4
6fzwD,1nziA,4
1nzjA,1nzjA,1
1o75A,1o75A,1
1o7dA,1o7dA,1
1o7dC,1o7dC,1
1o7lA,1o7lA,1
1o8bA,1o8bA,1
1o98A,1o98A,7
2ifyA,1o98A,7
3igzB,1o98A,7
3nvlA,1o98A,7
5vpuA,1o98A,7
7knfA,1o98A,7
7tl8A,1o98A,7
1o9wA,1o9wA,3
1oioA,1o9wA,3
7mzqA,1o9wA,3
1oa7A,1oa7A,4
3engA,1oa7A,4
5gm9A,1oa7A,4
6mvjA,1oa7A,4
1jqkA,1oaoA,12
1oaoA,1oaoA,12
3cf4A,1oaoA,12
4udxX,1oaoA,12
6elqA,1oaoA,12
6oncA,1oaoA,12
6t7jA,1oaoA,12
6yu9A,1oaoA,12
7b7qA,1oaoA,12
8riuA,1oaoA,12
9c0rA,1oaoA,12
9fu4A,1oaoA,12
1ocyA,1ocyA,1
1odhA,1odhA,1
1ofcX,1ofcX,1
1lesB,1ofsB,4
1lobB,1ofsB,4
1ofsB,1ofsB,4
2b7yB,1ofsB,4
1og1A,1og1A,3
6gnkC,1og1A,3
6gnnC,1og1A,3
1ogoX,1ogoX,2
2z8gA,1ogoX,2
1ohfA,1ohfA,1
1oi0A,1oi0A,1
1okcA,1okcA,5
4c9gA,1okcA,5
4c9qA,1okcA,5
6gciA,1okcA,5
8j1nA,1okcA,5
1okgA,1okgA,2
6h99A,1okgA,2
1olmA,1olmA,2
4tlgA,1olmA,2
1oltA,1oltA,1
1onsA,1onsA,2
5xr2C,1onsA,2
1opoB,1opoB,8
2tbvA,1opoB,8
2tbvC,1opoB,8
2zahA,1opoB,8
2zahC,1opoB,8
4llfA,1opoB,8
6mrlA,1opoB,8
6mrmA,1opoB,8
1e2kA,1osnA,3
1osnA,1osnA,3
1p6xA,1osnA,3
1ou8A,1ou8A,1
1b1xA,1ovtA,11
1ce2A,1ovtA,11
1dotA,1ovtA,11
1h76A,1ovtA,11
1i6qA,1ovtA,11
1jnfA,1ovtA,11
1lcfA,1ovtA,11
1ovtA,1ovtA,11
3v83A,1ovtA,11
6o0fA,1ovtA,11
8v65A,1ovtA,11
1dqeA,1ow4A,15
1oohA,1ow4A,15
1ow4A,1ow4A,15
1tujA,1ow4A,15
2wcjA,1ow4A,15
3cz1A,1ow4A,15
3k1eB,1ow4A,15
3ognA,1ow4A,15
3q8iA,1ow4A,15
3r1vA,1ow4A,15
3r72A,1ow4A,15
3s0bA,1ow4A,15
4inwA,1ow4A,15
6oghA,1ow4A,15
7vwaA,1ow4A,15
1ox5A,1ox5A,1
1ej8A,1ozuB,40
1esoA,1ozuB,40
1f1gA,1ozuB,40
1oalA,1ozuB,40
1ozuB,1ozuB,40
1pzsA,1ozuB,40
1q0eA,1ozuB,40
1srdA,1ozuB,40
1to4A,1ozuB,40
1xsoA,1ozuB,40
1xtmA,1ozuB,40
1z9nA,1ozuB,40
2apsA,1ozuB,40
2aqpA,1ozuB,40
2e47A,1ozuB,40
2jlpA,1ozuB,40
2k4wA,1ozuB,40
2q2lA,1ozuB,40
2wwoA,1ozuB,40
3ce1A,1ozuB,40
3f7lA,1ozuB,40
3gttA,1ozuB,40
3hffA,1ozuB,40
3kbfA,1ozuB,40
3km1A,1ozuB,40
3l9yA,1ozuB,40
3mndA,1ozuB,40
3pu7A,1ozuB,40
4a7uA,1ozuB,40
4l05A,1ozuB,40
4n3tA,1ozuB,40
4ojaA,1ozuB,40
4rvpA,1ozuB,40
5in2A,1ozuB,40
6d52A,1ozuB,40
6fn8A,1ozuB,40
6zs1A,1ozuB,40
7wx0A,1ozuB,40
7yprA,1ozuB,40
8jd8A,1ozuB,40
1p0sL,1p0sL,1
1p4aA,1p4aA,1
1p4vA,1p4vA,3
4o48A,1p4vA,3
4pvrA,1p4vA,3
1p7aA,1p7aA,1
1p9pA,1p9pA,13
4h3zA,1p9pA,13
4ig6A,1p9pA,13
4mcbA,1p9pA,13
4yqdA,1p9pA,13
5wyqA,1p9pA,13
5zhjA,1p9pA,13
6qokA,1p9pA,13
6w15A,1p9pA,13
7kffA,1p9pA,13
7mysA,1p9pA,13
8byhA,1p9pA,13
8fciA,1p9pA,13
1pb5A,1pb5A,1
1jmxA,1pbyA,2
1pbyA,1pbyA,2
1pftA,1pftA,1
1pg6A,1pg6A,1
1pinA,1pinA,1
1pj5A,1pj5A,2
4pabA,1pj5A,2
1pk2A,1pk2A,1
1hzeA,1pkvA,3
1pkvA,1pkvA,3
6l2uA,1pkvA,3
1d4oA,1pnoA,4
1pnoA,1pnoA,4
2bruC,1pnoA,4
4j1tC,1pnoA,4
1pocA,1pocA,1
1pp9F,1pp9F,1
1prrA,1prrA,1
1o94A,1ps9A,6
1ps9A,1ps9A,6
3k30A,1ps9A,6
6de6A,1ps9A,6
6l6jA,1ps9A,6
6qkgA,1ps9A,6
1bcpC,1ptoB,2
1ptoB,1ptoB,2
1pvjA,1pvjA,1
1pxeA,1pxeA,1
1pycA,1pycA,1
1pyiA,1pyiA,1
1pyiB,1pyiB,1
1q08A,1q08A,1
1q16B,1q16B,1
1q16C,1q16C,1
1ct9A,1q19A,4
1jgtA,1q19A,4
1q19A,1q19A,4
6gq3A,1q19A,4
1q2lA,1q2lA,1
1q33A,1q33A,1
1mo8A,1q3iA,2
1q3iA,1q3iA,2
1n5sB,1q4rA,20
1q4rA,1q4rA,20
1tuvA,1q4rA,20
1x8dA,1q4rA,20
2djwB,1q4rA,20
2od6A,1q4rA,20
2qlwB,1q4rA,20
2z4pA,1q4rA,20
2zbcA,1q4rA,20
2zdoA,1q4rA,20
2zdpA,1q4rA,20
3bguA,1q4rA,20
3hf5A,1q4rA,20
3hx9A,1q4rA,20
3kkfA,1q4rA,20
5y02A,1q4rA,20
7bywA,1q4rA,20
7w6eA,1q4rA,20
8avhB,1q4rA,20
9im9A,1q4rA,20
1q7lA,1q7lA,1
1q8hA,1q8hA,1
1q90G,1q90G,1
1q90M,1q90M,1
1q90N,1q90N,2
8xlpy,1q90N,2
1qd1A,1qd1A,1
1qd6C,1qd6C,2
1tlzA,1qd6C,2
1qf8A,1qf8A,2
3eedA,1qf8A,2
1qgeE,1qgeE,1
1omzA,1qgqA,7
1qgqA,1qgqA,7
1v84A,1qgqA,7
2qgiA,1qgqA,7
3cu0A,1qgqA,7
3zf8A,1qgqA,7
4d11F,1qgqA,7
1qhdA,1qhdA,1
1qhhA,1qhhA,1
1qhhD,1qhhD,1
1qhuA,1qhuA,1
1ex7A,1qhxA,51
1jjvA,1qhxA,51
1kdoA,1qhxA,51
1ko5A,1qhxA,51
1lvgA,1qhxA,51
1qhxA,1qhxA,51
1shkA,1qhxA,51
1uf9C,1qhxA,51
1uj2A,1qhxA,51
1vhtA,1qhxA,51
1y63A,1qhxA,51
1znyA,1qhxA,51
1zuiA,1qhxA,51
2an9A,1qhxA,51
2bbwA,1qhxA,51
2dftA,1qhxA,51
2f6rA,1qhxA,51
2grjA,1qhxA,51
2h92A,1qhxA,51
2iyvA,1qhxA,51
2pezB,1qhxA,51
2qorA,1qhxA,51
2qt1A,1qhxA,51
2uvqA,1qhxA,51
2xb4A,1qhxA,51
3a4mA,1qhxA,51
3iijA,1qhxA,51
3kb2A,1qhxA,51
3lncA,1qhxA,51
3lw7B,1qhxA,51
3tlxD,1qhxA,51
3tr0A,1qhxA,51
3w34A,1qhxA,51
4cvnA,1qhxA,51
4dieA,1qhxA,51
4i1vA,1qhxA,51
4qm6A,1qhxA,51
4qrhB,1qhxA,51
4ttrA,1qhxA,51
4y0aA,1qhxA,51
6mfuA,1qhxA,51
6wctA,1qhxA,51
6zjeA,1qhxA,51
7ckjA,1qhxA,51
7l4aA,1qhxA,51
7owjA,1qhxA,51
7u5fA,1qhxA,51
8ptsA,1qhxA,51
8u94A,1qhxA,51
9d8aA,1qhxA,51
9drzA,1qhxA,51
1qmoA,1qmoA,1
1qmoE,1qmoE,1
1qpsA,1qpsA,1
1qr0A,1qr0A,8
2c43A,1qr0A,8
4qjlA,1qr0A,8
4u89A,1qr0A,8
6qxrA,1qr0A,8
7bczA,1qr0A,8
7ed1A,1qr0A,8
8gkfG,1qr0A,8
1qs2A,1qs2A,4
4h03A,1qs2A,4
5wtzA,1qs2A,4
6x6xA,1qs2A,4
1d2sA,1qu0A,22
1pz7A,1qu0A,22
1qu0A,1qu0A,22
2h0bA,1qu0A,22
2r16A,1qu0A,22
2r1bA,1qu0A,22
2r1dI,1qu0A,22
2uurA,1qu0A,22
2v73A,1qu0A,22
3bodA,1qu0A,22
3flpA,1qu0A,22
3mw3A,1qu0A,22
3mw4A,1qu0A,22
3pvnA,1qu0A,22
3sh5A,1qu0A,22
3v64A,1qu0A,22
4avsA,1qu0A,22
4c1wA,1qu0A,22
4pbpA,1qu0A,22
5freA,1qu0A,22
6er4A,1qu0A,22
6ypeA,1qu0A,22
1jf0A,1qv0A,16
1nyaA,1qv0A,16
1qv0A,1qv0A,16
1uhkA,1qv0A,16
2ccmA,1qv0A,16
2hpsA,1qv0A,16
2sasA,1qv0A,16
2scpA,1qv0A,16
3akbA,1qv0A,16
3kpxA,1qv0A,16
4nqgA,1qv0A,16
4wriA,1qv0A,16
5bpjA,1qv0A,16
6kthA,1qv0A,16
7pjdA,1qv0A,16
7wboA,1qv0A,16
1qvrA,1qvrA,3
5zuiA,1qvrA,3
6azyA,1qvrA,3
1qwyA,1qwyA,1
1qwzA,1qwzA,1
1qxnA,1qxnA,1
1qxoA,1qxoA,3
1um0A,1qxoA,3
2qhfA,1qxoA,3
1qypA,1qypA,1
1qzgB,1qzgB,1
1r44A,1r44A,1
1r4vA,1r4vA,1
1r5nA,1r5nA,1
1r6nA,1r6nA,1
1r6vA,1r6vA,1
1r79A,1r79A,1
1r8eA,1r8eA,1
1r8sE,1r8sE,2
3ltlA,1r8sE,2
1rdrA,1rdrA,2
8iibA,1rdrA,2
1rfhA,1rfhA,1
1rgiG,1rgiG,1
1rgoA,1rgoA,1
1rjdA,1rjdA,10
1rjgA,1rjdA,10
2qe6A,1rjdA,10
2uyqA,1rjdA,10
3go4A,1rjdA,10
3h2bA,1rjdA,10
3ieiA,1rjdA,10
5t39A,1rjdA,10
8ryeA,1rjdA,10
8rygA,1rjdA,10
1rjuV,1rjuV,1
1ro2A,1ro2A,1
1ro7A,1ro7A,2
2p2vA,1ro7A,2
1rqbA,1rqbA,3
2nx9A,1rqbA,3
5ks8F,1rqbA,3
1k4tA,1rr8C,3
1rr8C,1rr8C,3
2b9sA,1rr8C,3
1rrkA,1rrkA,2
2odpA,1rrkA,2
1rxqD,1rxqD,5
5cofA,1rxqD,5
5wk0A,1rxqD,5
6iz2A,1rxqD,5
8f5vA,1rxqD,5
1s1qA,1s1qA,14
3r3qA,1s1qA,14
3rz3A,1s1qA,14
4gprA,1s1qA,14
4onmB,1s1qA,14
5d1lA,1s1qA,14
5f6yA,1s1qA,14
5jneB,1s1qA,14
6nydC,1s1qA,14
6nyoA,1s1qA,14
7meyB,1s1qA,14
8jucA,1s1qA,14
8q7rC,1s1qA,14
9b5cC,1s1qA,14
1s2kA,1s2kA,1
1s3nA,1s3nA,6
1su1A,1s3nA,6
1z2wA,1s3nA,6
3ck2A,1s3nA,6
5xchA,1s3nA,6
6nvpA,1s3nA,6
1s4eA,1s4eG,4
1s4eB,1s4eG,4
1s4eG,1s4eG,4
2oi2A,1s4eG,4
1s4mA,1s4mA,1
1s5lM,1s5lM,1
1s5lh,1s5lh,1
1s6iA,1s6iA,1
1s6jA,1s6jA,1
1s99A,1s99A,1
1scfD,1scfD,1
1i3oE,1se0A,18
1i3oF,1se0A,18
1jd5A,1se0A,18
1oxnA,1se0A,18
1se0A,1se0A,18
1xb0A,1se0A,18
2i3hA,1se0A,18
2poiA,1se0A,18
2uvlA,1se0A,18
2vm5A,1se0A,18
3m1dA,1se0A,18
3sipF,1se0A,18
4hy4A,1se0A,18
4hy4B,1se0A,18
4j44A,1se0A,18
4kmpA,1se0A,18
7qgjA,1se0A,18
8gh7A,1se0A,18
1sedA,1sedA,1
1aw1A,1sgjA,307
1ci1B,1sgjA,307
1ct5A,1sgjA,307
1dbtA,1sgjA,307
1egzA,1sgjA,307
1eixA,1sgjA,307
1ep3A,1sgjA,307
1euaA,1sgjA,307
1eyeA,1sgjA,307
1g0cA,1sgjA,307
1gvfA,1sgjA,307
1h1zA,1sgjA,307
1hg3A,1sgjA,307
1i6nA,1sgjA,307
1jclA,1sgjA,307
1jcmP,1sgjA,307
1k77A,1sgjA,307
1lbmA,1sgjA,307
1m3uA,1sgjA,307
1m5wA,1sgjA,307
1m9hA,1sgjA,307
1mumA,1sgjA,307
1nvmA,1sgjA,307
1o5qA,1sgjA,307
1o5xA,1sgjA,307
1o68A,1sgjA,307
1oy0B,1sgjA,307
1pymA,1sgjA,307
1q6oA,1sgjA,307
1qtwA,1sgjA,307
1rvgA,1sgjA,307
1sgjA,1sgjA,307
1sw0A,1sgjA,307
1tqxA,1sgjA,307
1tvpB,1sgjA,307
1ub3A,1sgjA,307
1vhnA,1sgjA,307
1w8gA,1sgjA,307
1w8sA,1sgjA,307
1wa3A,1sgjA,307
1x7iB,1sgjA,307
1xp3A,1sgjA,307
1zgdA,1sgjA,307
1zlpA,1sgjA,307
2btmA,1sgjA,307
2cksA,1sgjA,307
2czeA,1sgjA,307
2e7fA,1sgjA,307
2ekgA,1sgjA,307
2f6xA,1sgjA,307
2fliA,1sgjA,307
2g0wA,1sgjA,307
2h9aB,1sgjA,307
2hjpA,1sgjA,307
2hk1A,1sgjA,307
2issA,1sgjA,307
2iswA,1sgjA,307
2j27A,1sgjA,307
2j6vA,1sgjA,307
2jgqA,1sgjA,307
2q02A,1sgjA,307
2qjgA,1sgjA,307
2qw5A,1sgjA,307
2r6oA,1sgjA,307
2tpsA,1sgjA,307
2v82A,1sgjA,307
2vxnA,1sgjA,307
2whlA,1sgjA,307
2xz9A,1sgjA,307
2y5sA,1sgjA,307
2y7eA,1sgjA,307
2y88A,1sgjA,307
2ycjA,1sgjA,307
2yyuA,1sgjA,307
2ze3A,1sgjA,307
2ztjA,1sgjA,307
3a9iA,1sgjA,307
3aalA,1sgjA,307
3aamA,1sgjA,307
3ajxA,1sgjA,307
3ayvA,1sgjA,307
3b0pA,1sgjA,307
3b8iA,1sgjA,307
3bleA,1sgjA,307
3bwwA,1sgjA,307
3chvA,1sgjA,307
3cqjA,1sgjA,307
3ctlA,1sgjA,307
3dx5A,1sgjA,307
3e02A,1sgjA,307
3e49A,1sgjA,307
3elfA,1sgjA,307
3extA,1sgjA,307
3f4nA,1sgjA,307
3fa4A,1sgjA,307
3fa5A,1sgjA,307
3gdtA,1sgjA,307
3gk0A,1sgjA,307
3glcA,1sgjA,307
3h4gA,1sgjA,307
3hv8A,1sgjA,307
3igsA,1sgjA,307
3ivsA,1sgjA,307
3jr2A,1sgjA,307
3k13A,1sgjA,307
3kwsA,1sgjA,307
3kzpA,1sgjA,307
3l23A,1sgjA,307
3lotA,1sgjA,307
3lyeA,1sgjA,307
3manA,1sgjA,307
3ngfA,1sgjA,307
3ngjA,1sgjA,307
3no5A,1sgjA,307
3o05A,1sgjA,307
3o6dA,1sgjA,307
3ovpA,1sgjA,307
3pjuA,1sgjA,307
3pm6A,1sgjA,307
3pm6B,1sgjA,307
3pztA,1sgjA,307
3q94A,1sgjA,307
3qc0A,1sgjA,307
3qh2A,1sgjA,307
3qhoA,1sgjA,307
3qxbA,1sgjA,307
3qyqA,1sgjA,307
3r79B,1sgjA,307
3rmjA,1sgjA,307
3sj3A,1sgjA,307
3t44A,1sgjA,307
3taoA,1sgjA,307
3tc3A,1sgjA,307
3tvaA,1sgjA,307
3uwqA,1sgjA,307
3uwvA,1sgjA,307
3uzjA,1sgjA,307
3uzjB,1sgjA,307
3vcrA,1sgjA,307
3ve7A,1sgjA,307
3vk5A,1sgjA,307
3vniA,1sgjA,307
3vylA,1sgjA,307
3vzxA,1sgjA,307
3w07A,1sgjA,307
3wqoA,1sgjA,307
4a29A,1sgjA,307
4ac1X,1sgjA,307
4aduA,1sgjA,307
4bfaA,1sgjA,307
4bi6A,1sgjA,307
4dbeA,1sgjA,307
4df1A,1sgjA,307
4djdD,1sgjA,307
4ff7A,1sgjA,307
4firA,1sgjA,307
4fk9A,1sgjA,307
4fojA,1sgjA,307
4gujA,1sgjA,307
4gzjA,1sgjA,307
4h3dA,1sgjA,307
4h6qA,1sgjA,307
4hjfA,1sgjA,307
4hnoA,1sgjA,307
4hu0A,1sgjA,307
4iqdA,1sgjA,307
4jejA,1sgjA,307
4jn6A,1sgjA,307
4lj3A,1sgjA,307
4lrtA,1sgjA,307
4lsbA,1sgjA,307
4lujA,1sgjA,307
4ml9A,1sgjA,307
4mm1A,1sgjA,307
4muzA,1sgjA,307
4mvaA,1sgjA,307
4n6fA,1sgjA,307
4naeA,1sgjA,307
4nirA,1sgjA,307
4nu7A,1sgjA,307
4o1eA,1sgjA,307
4ov4A,1sgjA,307
4r9xA,1sgjA,307
4to8A,1sgjA,307
4tx9A,1sgjA,307
4utuA,1sgjA,307
4wtrA,1sgjA,307
4wy0B,1sgjA,307
4xp7A,1sgjA,307
4xslA,1sgjA,307
4xzwA,1sgjA,307
4y7eA,1sgjA,307
4y8eA,1sgjA,307
4y90A,1sgjA,307
5a5wA,1sgjA,307
5a95A,1sgjA,307
5an7A,1sgjA,307
5b7yA,1sgjA,307
5cssA,1sgjA,307
5d2wA,1sgjA,307
5d88A,1sgjA,307
5dmmA,1sgjA,307
5dn1A,1sgjA,307
5ecuA,1sgjA,307
5ey5A,1sgjA,307
5eywA,1sgjA,307
5i2uA,1sgjA,307
5jh2A,1sgjA,307
5lnrA,1sgjA,307
5m1tA,1sgjA,307
5m42A,1sgjA,307
5nm8A,1sgjA,307
5ucsA,1sgjA,307
5umfA,1sgjA,307
5uncA,1sgjA,307
5vopA,1sgjA,307
5xsfA,1sgjA,307
5yrpA,1sgjA,307
5z9yA,1sgjA,307
5zfsA,1sgjA,307
5zfxB,1sgjA,307
5zhzA,1sgjA,307
5zjnA,1sgjA,307
5zmuA,1sgjA,307
5zolA,1sgjA,307
6arbA,1sgjA,307
6bveA,1sgjA,307
6chuA,1sgjA,307
6clvA,1sgjA,307
6dnjA,1sgjA,307
6ei9A,1sgjA,307
6h5gA,1sgjA,307
6hulA,1sgjA,307
6ij2A,1sgjA,307
6jo3A,1sgjA,307
6ki3A,1sgjA,307
6neeA,1sgjA,307
6ofuA,1sgjA,307
6omzA,1sgjA,307
6oogA,1sgjA,307
6ooiA,1sgjA,307
6pm9A,1sgjA,307
6q62A,1sgjA,307
6sfhA,1sgjA,307
6sj8A,1sgjA,307
6t5mA,1sgjA,307
6uarA,1sgjA,307
6uawA,1sgjA,307
6uaxA,1sgjA,307
6ub1A,1sgjA,307
6ub6A,1sgjA,307
6ubbA,1sgjA,307
6v9kA,1sgjA,307
6wn6A,1sgjA,307
6y88A,1sgjA,307
6yr3A,1sgjA,307
7b1wA,1sgjA,307
7cj9A,1sgjA,307
7dnnA,1sgjA,307
7dz2A,1sgjA,307
7dz9A,1sgjA,307
7ernA,1sgjA,307
7exbA,1sgjA,307
7fc0B,1sgjA,307
7ne2A,1sgjA,307
7ouzA,1sgjA,307
7sbjA,1sgjA,307
7tcxA,1sgjA,307
7u5yA,1sgjA,307
7vpfA,1sgjA,307
7w1wA,1sgjA,307
7x7wA,1sgjA,307
7xrfA,1sgjA,307
7yehC,1sgjA,307
8a3hA,1sgjA,307
8arvA,1sgjA,307
8axyA,1sgjA,307
8bc3A,1sgjA,307
8bqbA,1sgjA,307
8bvkA,1sgjA,307
8c10A,1sgjA,307
8ek7C,1sgjA,307
8hi7B,1sgjA,307
8ih7A,1sgjA,307
8khlA,1sgjA,307
8ppsA,1sgjA,307
8q57A,1sgjA,307
8q58A,1sgjA,307
8qb6A,1sgjA,307
8qceA,1sgjA,307
8qocG,1sgjA,307
8rioA,1sgjA,307
8ro4A,1sgjA,307
8tcsA,1sgjA,307
8tctA,1sgjA,307
8umcA,1sgjA,307
8v09A,1sgjA,307
8xivA,1sgjA,307
8ya7A,1sgjA,307
8z1iA,1sgjA,307
9f69A,1sgjA,307
9f9vB,1sgjA,307
9fcgA,1sgjA,307
9fzyE,1sgjA,307
9johA,1sgjA,307
9jooA,1sgjA,307
9jp3A,1sgjA,307
1shwA,1shwA,1
1slmA,1slmA,3
2mzeA,1slmA,3
8k5yA,1slmA,3
1sp3A,1sp3A,1
1sqpJ,1sqpJ,1
1sraA,1sraA,1
1sy7A,1sy7A,6
2iufA,1sy7A,6
4aj9A,1sy7A,6
4aumA,1sy7A,6
6lfkA,1sy7A,6
6ztxA,1sy7A,6
1sz0A,1sz0A,1
1t0fA,1t0fA,1
1t1eA,1t1eA,5
3afgA,1t1eA,5
3edyA,1t1eA,5
4tr2A,1t1eA,5
8polA,1t1eA,5
1t3kA,1t3kA,1
1t57A,1t57A,2
1vp8A,1t57A,2
1t5eC,1t5eC,1
1t61C,1t61C,1
1t84A,1t84A,1
1t8sA,1t8sA,1
1taqA,1taqA,2
6vdeA,1taqA,2
1a95B,1tc1B,56
1bd4A,1tc1B,56
1dqnA,1tc1B,56
1fsgA,1tc1B,56
1hgxA,1tc1B,56
1i5eA,1tc1B,56
1j7jA,1tc1B,56
1l1qA,1tc1B,56
1mzvA,1tc1B,56
1o5oA,1tc1B,56
1pzmA,1tc1B,56
1qb7A,1tc1B,56
1tc1A,1tc1B,56
1tc1B,1tc1B,56
1xttA,1tc1B,56
1y0bA,1tc1B,56
2gebA,1tc1B,56
2igbA,1tc1B,56
2jbhA,1tc1B,56
2vfaA,1tc1B,56
2xbuA,1tc1B,56
3acdA,1tc1B,56
3h83A,1tc1B,56
4m0kA,1tc1B,56
4p86A,1tc1B,56
4pawA,1tc1B,56
4pfqA,1tc1B,56
4qyiA,1tc1B,56
4rhxA,1tc1B,56
4trcA,1tc1B,56
5bqpA,1tc1B,56
5esxA,1tc1B,56
5hiaA,1tc1B,56
5hkfA,1tc1B,56
5iaoA,1tc1B,56
5ipfA,1tc1B,56
5jsqA,1tc1B,56
5k51C,1tc1B,56
5vjnA,1tc1B,56
5vn4A,1tc1B,56
5vogA,1tc1B,56
5xtkA,1tc1B,56
5yw5A,1tc1B,56
5znqA,1tc1B,56
6bo7A,1tc1B,56
6d9rA,1tc1B,56
6fchA,1tc1B,56
6igsA,1tc1B,56
6mxcA,1tc1B,56
6wn8A,1tc1B,56
7f06A,1tc1B,56
7kl6A,1tc1B,56
7rh8A,1tc1B,56
7tuxA,1tc1B,56
7y94A,1tc1B,56
8fx3A,1tc1B,56
1texA,1texA,1
1g2fC,1tf3A,12
1tf3A,1tf3A,12
2kmkA,1tf3A,12
2wbsA,1tf3A,12
5k5hA,1tf3A,12
5k5iA,1tf3A,12
5kl3A,1tf3A,12
6b0oA,1tf3A,12
6blwA,1tf3A,12
6jnmA,1tf3A,12
8h9hG,1tf3A,12
8ymzE,1tf3A,12
1tf6A,1tf6A,1
1tfiA,1tfiA,1
1tjlA,1tjlA,1
1tkeA,1tkeA,1
1totA,1totA,7
5yp7A,1totA,7
5yp8A,1totA,7
6ds6A,1totA,7
6mj7A,1totA,7
6ww3A,1totA,7
6ww4A,1totA,7
1tv4A,1tv4A,2
7xcnA,1tv4A,2
1li5A,1u0bB,25
1pg2A,1u0bB,25
1rqgA,1u0bB,25
1u0bB,1u0bB,25
2ct8A,1u0bB,25
2d5bA,1u0bB,25
2x1lA,1u0bB,25
3c8zA,1u0bB,25
3sp1A,1u0bB,25
3tqoA,1u0bB,25
3ziuA,1u0bB,25
4g6zA,1u0bB,25
4mw0A,1u0bB,25
4py2A,1u0bB,25
5gl7A,1u0bB,25
5urbA,1u0bB,25
5xetC,1u0bB,25
6spoA,1u0bB,25
6swxA,1u0bB,25
6ujdA,1u0bB,25
6wqtA,1u0bB,25
7ulzA,1u0bB,25
8i9iA,1u0bB,25
8qhpA,1u0bB,25
8xm4A,1u0bB,25
1u0jA,1u0jA,3
2v9pA,1u0jA,3
9kbgA,1u0jA,3
1u10A,1u10A,1
1r22A,1u2wD,6
1r23A,1u2wD,6
1u2wA,1u2wD,6
1u2wD,1u2wD,6
6cdbA,1u2wD,6
6o8mA,1u2wD,6
1u2zA,1u2zA,3
5mw4A,1u2zA,3
6te6A,1u2zA,3
1u3eM,1u3eM,1
1u3fA,1u3fA,3
2jcbA,1u3fA,3
3hy3A,1u3fA,3
1u6pA,1u6pA,1
1k1eA,1u7pA,21
1rkuA,1u7pA,21
1u7pA,1u7pA,21
2fi1A,1u7pA,21
2fprA,1u7pA,21
2ghtA,1u7pA,21
2hhlA,1u7pA,21
2jarA,1u7pA,21
2pr7A,1u7pA,21
2q5eA,1u7pA,21
2r8eA,1u7pA,21
3bwvA,1u7pA,21
3e8mA,1u7pA,21
3mmzA,1u7pA,21
3n07A,1u7pA,21
3n1uA,1u7pA,21
3qleA,1u7pA,21
4hgnA,1u7pA,21
4l57A,1u7pA,21
4mumA,1u7pA,21
4um7A,1u7pA,21
1u85A,1u85A,2
2elqA,1u85A,2
1u8bA,1u8bA,1
1u96A,1u96A,1
1gc5A,1ua4A,9
1ua4A,1ua4A,9
3drwA,1ua4A,9
5ck7A,1ua4A,9
5k27A,1ua4A,9
5o0jA,1ua4A,9
5o5yB,1ua4A,9
5od2A,1ua4A,9
6c8zA,1ua4A,9
1udvA,1udvA,4
2eh1B,1udvA,4
2z7cA,1udvA,4
3iabB,1udvA,4
1uhaA,1uhaA,1
1ul4A,1ul4A,2
1ul5A,1ul4A,2
1ulvA,1ulvA,1
1qs0B,1umdB,8
1umdB,1umdB,8
1w85B,1umdB,8
2j9fB,1umdB,8
2ozlB,1umdB,8
5exeA,1umdB,8
8ys5A,1umdB,8
9bt4A,1umdB,8
1un6D,1un6D,1
1un9A,1un9A,1
1upsA,1upsA,1
1ur6B,1ur6B,1
1urkA,1urkA,1
1us2A,1us2A,1
1usqA,1usqA,1
1usyB,1usyB,1
1utrA,1utrA,1
1uw5A,1uw5A,1
1uwcA,1uwcA,3
5ch8A,1uwcA,3
6o8vA,1uwcA,3
1uwkA,1uwkA,8
1x87A,1uwkA,8
2fknA,1uwkA,8
6uekA,1uwkA,8
6uekD,1uwkA,8
7jfzA,1uwkA,8
7nedA,1uwkA,8
8q9uA,1uwkA,8
1uwvA,1uwvA,3
2jjqA,1uwvA,3
5zq0A,1uwvA,3
1gnyA,1uwwA,20
1gwmA,1uwwA,20
1j83A,1uwwA,20
1oh4A,1uwwA,20
1pmhX,1uwwA,20
1uwwA,1uwwA,20
2e33A,1uwwA,20
2xomA,1uwwA,20
2zexA,1uwwA,20
2zezA,1uwwA,20
3achA,1uwwA,20
3p6bA,1uwwA,20
4w50A,1uwwA,20
4xuoA,1uwwA,20
4xurA,1uwwA,20
5l73A,1uwwA,20
6nk0A,1uwwA,20
6r3mA,1uwwA,20
6yf6A,1uwwA,20
8qx6A,1uwwA,20
1ux6A,1ux6A,1
1v0dA,1v0dA,1
1fr2B,1v15A,6
1v13A,1v15A,6
1v15A,1v15A,6
3u43B,1v15A,6
3zfkA,1v15A,6
4qkoB,1v15A,6
1v5nA,1v5nA,1
1v5rA,1v5rA,1
1v6gA,1v6gA,1
1v87A,1v87A,1
1kc7A,1vbgA,3
1vbgA,1vbgA,3
5jvjA,1vbgA,3
1vclA,1vclA,1
1vd4A,1vd4A,1
1ve0A,1ve0A,1
1q90D,1vf5B,5
1vf5B,1vf5B,5
4ogqB,1vf5B,5
7r0wB,1vf5B,5
9es7B,1vf5B,5
1vk5A,1vk5A,1
1vk9A,1vk9A,1
1vkmA,1vkmA,4
4ex8A,1vkmA,4
4gimA,1vkmA,4
8k06A,1vkmA,4
1dihA,1vm6A,12
1j5pA,1vm6A,12
1vm6A,1vm6A,12
2dc1A,1vm6A,12
3ijpA,1vm6A,12
4ywjA,1vm6A,12
5eesA,1vm6A,12
5temA,1vm6A,12
5tjzA,1vm6A,12
5u5nA,1vm6A,12
5wolA,1vm6A,12
5z2eA,1vm6A,12
1vq8T,1vq8T,2
9g6j9,1vq8T,2
1vr0A,1vr0A,2
2z0jA,1vr0A,2
1vrcA,1vrcA,1
1cw0A,1vsrA,2
1vsrA,1vsrA,2
1vtnC,1vtnC,8
2c6yA,1vtnC,8
3co6C,1vtnC,8
3g73A,1vtnC,8
3l2cA,1vtnC,8
6akpC,1vtnC,8
6nceA,1vtnC,8
7voxA,1vtnC,8
1eioA,1vygA,30
1kqwA,1vygA,30
1lfoA,1vygA,30
1vygA,1vygA,30
2cbrA,1vygA,30
2g7bA,1vygA,30
2lbaA,1vygA,30
3akmA,1vygA,30
3aknA,1vygA,30
3elzA,1vygA,30
3pptA,1vygA,30
4azqA,1vygA,30
4i3bA,1vygA,30
4qynA,1vygA,30
5bvsA,1vygA,30
5hbsA,1vygA,30
5l8nA,1vygA,30
5uraA,1vygA,30
5xn9A,1vygA,30
5z4gA,1vygA,30
6e6kA,1vygA,30
6i8xA,1vygA,30
6nu9A,1vygA,30
6s2mA,1vygA,30
7fezA,1vygA,30
7fy8A,1vygA,30
7g0eA,1vygA,30
7g0zA,1vygA,30
9bcbA,1vygA,30
9etcA,1vygA,30
1vyxA,1vyxA,1
1vz0A,1vz0A,1
1vzmA,1vzmA,1
1vq0A,1vzyA,2
1vzyA,1vzyA,2
1w0pA,1w0pA,1
1w25A,1w25A,1
1w3fA,1w3fA,2
7r55A,1w3fA,2
1w55A,1w55A,2
8xhuA,1w55A,2
1umpA,1w6kA,2
1w6kA,1w6kA,2
1w6sD,1w6sD,1
1w85J,1w85J,1
1wcoN,1wcoN,1
1wd2A,1wd2A,1
1wdcB,1wdcB,4
3pn7B,1wdcB,4
7mf3D,1wdcB,4
9gz1D,1wdcB,4
1weeA,1weeA,1
1weoA,1weoA,1
1weqA,1weqA,1
1weuA,1weuA,1
1wevA,1wevA,1
1wf3A,1wf3A,2
3ievA,1wf3A,2
1wfeA,1wfeA,1
1wffA,1wffA,1
1wfhA,1wfhA,1
1wflA,1wflA,1
1wfpA,1wfpA,1
1wg2A,1wg2A,1
1gxsA,1whtA,3
1whtA,1whtA,3
4az3A,1whtA,3
1whtB,1whtB,2
4az3B,1whtB,2
1wiiA,1wiiA,1
1wilA,1wilA,1
1wimA,1wimA,2
7v8fB,1wimA,2
1wirA,1wirA,1
1wj0A,1wj0A,3
8j49A,1wj0A,3
8j4bB,1wj0A,3
1wjaA,1wjaA,2
1wjbA,1wjaA,2
1wjpA,1wjpA,1
1wjvA,1wjvA,1
1wk9A,1wk9A,1
1wmgC,1wmgC,1
1k23D,1wpnA,2
1wpnA,1wpnA,2
1worA,1wsvA,6
1wsvA,1wsvA,6
3a8iA,1wsvA,6
3tfiA,1wsvA,6
5x1jA,1wsvA,6
6qe4A,1wsvA,6
1chmA,1wy2A,21
1pv9A,1wy2A,21
1wn1A,1wy2A,21
1wy2A,1wy2A,21
2zsgA,1wy2A,21
3q6dA,1wy2A,21
3rvaA,1wy2A,21
3s6bA,1wy2A,21
4b28A,1wy2A,21
4egeA,1wy2A,21
4qr8A,1wy2A,21
4r60A,1wy2A,21
4rgz1,1wy2A,21
4rzyA,1wy2A,21
4zwoA,1wy2A,21
5cdvA,1wy2A,21
5cnxA,1wy2A,21
5xevA,1wy2A,21
6twkA,1wy2A,21
6xmrA,1wy2A,21
7e5cA,1wy2A,21
1wy9A,1wy9A,1
1wysA,1wysA,1
1x0gA,1x0gA,1
1x0pA,1x0pA,6
1yrxA,1x0pA,6
2bycA,1x0pA,6
2hfnA,1x0pA,6
2kb2A,1x0pA,6
6w6zA,1x0pA,6
1x3cA,1x3cA,1
1wenA,1x4iA,2
1x4iA,1x4iA,2
1x4sA,1x4sA,1
1wfkA,1x4uA,2
1x4uA,1x4uA,2
1x4vA,1x4vA,1
1x4wA,1x4wA,1
1x5wA,1x5wA,1
1x6eA,1x6eA,1
1x6fA,1x6fA,1
1x6hA,1x6hA,1
1x6mA,1x6mA,1
1moqA,1x9iA,6
1x9iA,1x9iA,6
2df8A,1x9iA,6
2pocA,1x9iA,6
2zj3A,1x9iA,6
8eymA,1x9iA,6
1x9pA,1x9pA,1
1ptmA,1xcoA,10
1xcoA,1xcoA,10
2af4C,1xcoA,10
3lxyA,1xcoA,10
3uf6A,1xcoA,10
4jqpA,1xcoA,10
6ioxA,1xcoA,10
6xmyA,1xcoA,10
6zntA,1xcoA,10
8zinA,1xcoA,10
1xcrA,1xcrA,1
1s68A,1xdnA,9
1xdnA,1xdnA,9
2hvqA,1xdnA,9
3bacA,1xdnA,9
3uq8A,1xdnA,9
4glwA,1xdnA,9
4lh6A,1xdnA,9
5fpoA,1xdnA,9
7k72A,1xdnA,9
1xdpA,1xdpA,1
1xdqA,1xdqA,1
1xerA,1xerA,1
1xezA,1xezA,1
1xfeA,1xfeA,1
1xfiA,1xfiA,1
1xfxA,1xfxA,1
1xk5A,1xk5A,1
1bulA,1xkzA,54
1ghpA,1xkzA,54
1m40A,1xkzA,54
1n9bA,1xkzA,54
1xkzA,1xkzA,54
2jbfA,1xkzA,54
2wk0A,1xkzA,54
2zqaA,1xkzA,54
3bffA,1xkzA,54
3itaA,1xkzA,54
3lezA,1xkzA,54
3mzfA,1xkzA,54
3ny4A,1xkzA,54
4euzA,1xkzA,54
4gogA,1xkzA,54
4iedB,1xkzA,54
4mllA,1xkzA,54
4pprA,1xkzA,54
5ctnA,1xkzA,54
5e2fA,1xkzA,54
5gwaA,1xkzA,54
5l2fA,1xkzA,54
5mozA,1xkzA,54
5ne2A,1xkzA,54
5tg4A,1xkzA,54
5tr7A,1xkzA,54
5tw4A,1xkzA,54
5zqaA,1xkzA,54
6afpA,1xkzA,54
6bpfA,1xkzA,54
6d3gA,1xkzA,54
6mkqA,1xkzA,54
6mz2A,1xkzA,54
6n6uA,1xkzA,54
6o9sA,1xkzA,54
6pxxA,1xkzA,54
6twwA,1xkzA,54
6w2zA,1xkzA,54
6wjmA,1xkzA,54
6xj3A,1xkzA,54
7dooA,1xkzA,54
7lnqA,1xkzA,54
7vviA,1xkzA,54
8ek9A,1xkzA,54
8eo6A,1xkzA,54
8ep6A,1xkzA,54
8isrA,1xkzA,54
8ix8A,1xkzA,54
8jk3B,1xkzA,54
8rmaA,1xkzA,54
8rquB,1xkzA,54
9bzrA,1xkzA,54
9f0tA,1xkzA,54
9io6A,1xkzA,54
1s5kB,1xmtA,14
1xmtA,1xmtA,14
2beiA,1xmtA,14
2cntA,1xmtA,14
2h5mA,1xmtA,14
3f8kA,1xmtA,14
4qvtA,1xmtA,14
5ib0A,1xmtA,14
5jphA,1xmtA,14
5ls7B,1xmtA,14
5xxsA,1xmtA,14
8a9oA,1xmtA,14
8iyoA,1xmtA,14
9mtoA,1xmtA,14
1xovA,1xovA,1
1xqsC,1xqsC,4
2p9pB,1xqsC,4
3ukrB,1xqsC,4
5oowA,1xqsC,4
1b06A,1xreA,67
1bsmA,1xreA,67
1cojA,1xreA,67
1dt0A,1xreA,67
1gv3A,1xreA,67
1idsA,1xreA,67
1ix9A,1xreA,67
1jr9A,1xreA,67
1kkcA,1xreA,67
1ma1A,1xreA,67
1mngA,1xreA,67
1my6A,1xreA,67
1uerA,1xreA,67
1unfX,1xreA,67
1wb7A,1xreA,67
1xreA,1xreA,67
1xuqA,1xreA,67
2cw2A,1xreA,67
2cw3A,1xreA,67
2gojA,1xreA,67
2gpcA,1xreA,67
2nybA,1xreA,67
2rcvA,1xreA,67
2w7wA,1xreA,67
3ak2A,1xreA,67
3ceiA,1xreA,67
3dc6A,1xreA,67
3esfA,1xreA,67
3evkA,1xreA,67
3h1sA,1xreA,67
3js4A,1xreA,67
3kkyA,1xreA,67
3lioA,1xreA,67
3tjtA,1xreA,67
3tqjA,1xreA,67
4br6A,1xreA,67
4c7uA,1xreA,67
4dvhA,1xreA,67
4f2nA,1xreA,67
4f6eA,1xreA,67
4ffkA,1xreA,67
4gunA,1xreA,67
4yetA,1xreA,67
4yioA,1xreA,67
4yipA,1xreA,67
5tirA,1xreA,67
5x2jA,1xreA,67
6bejA,1xreA,67
6gscA,1xreA,67
6j55A,1xreA,67
6jovA,1xreA,67
6proA,1xreA,67
6qv8A,1xreA,67
6qv9A,1xreA,67
6s0dA,1xreA,67
7azqA,1xreA,67
7bjkA,1xreA,67
7sbhA,1xreA,67
8avlA,1xreA,67
8avnA,1xreA,67
8bhxA,1xreA,67
8r5oI,1xreA,67
8r5oN,1xreA,67
8wa0G,1xreA,67
8wa0L,1xreA,67
8xzvL,1xreA,67
9bwqA,1xreA,67
1xrsB,1xrsB,2
8t0vD,1xrsB,2
1xv2A,1xv2A,5
4bt2A,1xv2A,5
5xneA,1xv2A,5
6incA,1xv2A,5
6j92B,1xv2A,5
1xzqA,1xzqA,3
3geeA,1xzqA,3
3gehA,1xzqA,3
1xzqB,1xzqB,1
1y02A,1y02A,1
1gnfA,1y0jA,4
1y0jA,1y0jA,4
2vutI,1y0jA,4
8j48A,1y0jA,4
1y10A,1y10A,1
1y2gA,1y2gA,1
1y3iA,1y3iA,2
8qgoA,1y3iA,2
1afjA,1y3jA,20
1fvsA,1y3jA,20
1kqkA,1y3jA,20
1mwzA,1y3jA,20
1oq6A,1y3jA,20
1s6uA,1y3jA,20
1y3jA,1y3jA,20
1yjtA,1y3jA,20
2kkhA,1y3jA,20
2qifA,1y3jA,20
2rsqA,1y3jA,20
2xmjA,1y3jA,20
3dxsX,1y3jA,20
3iwlA,1y3jA,20
4a4jA,1y3jA,20
4y2iA,1y3jA,20
5t7lB,1y3jA,20
5vdeB,1y3jA,20
6a71B,1y3jA,20
6ff2A,1y3jA,20
1y56A,1y56A,1
1y60A,1y60A,1
1y7bA,1y7bA,12
2exhA,1y7bA,12
3c7fA,1y7bA,12
3zxkA,1y7bA,12
5joxA,1y7bA,12
5jozA,1y7bA,12
5msxA,1y7bA,12
5z5dA,1y7bA,12
5zqsA,1y7bA,12
6ms3A,1y7bA,12
7k1rA,1y7bA,12
8hcjA,1y7bA,12
1y7pA,1y7pA,1
1y81A,1y81A,3
2d5aA,1y81A,3
3q9nA,1y81A,3
1y8oA,1y8oA,5
2e0aA,1y8oA,5
5j71A,1y8oA,5
8egfA,1y8oA,5
9m3oA,1y8oA,5
1tlqA,1y9iA,2
1y9iA,1y9iA,2
1y9qA,1y9qA,1
1y9tA,1y9tA,1
1yaxA,1yaxB,2
1yaxB,1yaxB,2
1ybkC,1ybkC,1
1yd0A,1yd0A,1
1ye9A,1ye9A,1
1ye9E,1ye9E,1
1yi9A,1yi9A,1
1ykdA,1ykdA,1
1yleA,1yleA,1
1yn4A,1yn4A,1
1s9rA,1ynhA,8
1ynhA,1ynhA,8
2a9gA,1ynhA,8
3h7cX,1ynhA,8
4ytbA,1ynhA,8
6b2wA,1ynhA,8
6nicA,1ynhA,8
8jdwA,1ynhA,8
1ys7A,1ys7A,2
2gwrA,1ys7A,2
1ysxA,1ysxA,1
1yt3A,1yt3A,1
1yt8A,1yt8A,1
1ytzI,1ytzI,1
1ytzT,1ytzT,1
1yu0A,1yu0A,1
1yuiA,1yuiA,1
1yvpA,1yvpA,2
2nvoA,1yvpA,2
1ywhA,1ywhA,1
1dgpA,1yyqB,30
1yyqB,1yyqB,30
3v1vA,1yyqB,30
4kwdA,1yyqB,30
4mc3A,1yyqB,30
4okzA,1yyqB,30
4xlyA,1yyqB,30
5dz2A,1yyqB,30
5nx5A,1yyqB,30
5nx7A,1yyqB,30
6lopA,1yyqB,30
6oh6A,1yyqB,30
6wkdA,1yyqB,30
7ao3A,1yyqB,30
7e4nA,1yyqB,30
7oflA,1yyqB,30
7w5hA,1yyqB,30
7y88A,1yyqB,30
7y9gA,1yyqB,30
7zrnA,1yyqB,30
8b4mB,1yyqB,30
8gr7A,1yyqB,30
8h4pA,1yyqB,30
8h6uA,1yyqB,30
8h72A,1yyqB,30
8kihA,1yyqB,30
8su3A,1yyqB,30
8yzyA,1yyqB,30
9c7iA,1yyqB,30
9c7lA,1yyqB,30
1z05A,1z05A,2
1z6rA,1z05A,2
1z0bA,1z0bA,3
6x27A,1z0bA,3
8dvhA,1z0bA,3
1z2mA,1z2mA,1
1z3hA,1z3hA,1
1z45A,1z45A,1
1z60A,1z60A,1
1z6cA,1z6cA,1
1z6tA,1z6tA,1
1rmdA,1z6uA,10
1z6uA,1z6uA,10
2cklB,1z6uA,10
2yu4A,1z6uA,10
3fl2A,1z6uA,10
3l11A,1z6uA,10
4aycA,1z6uA,10
4gb0A,1z6uA,10
5dkaA,1z6uA,10
9g0lA,1z6uA,10
1z7eA,1z7eA,2
8gjhA,1z7eA,2
1t3cA,1z7hA,13
1z7hA,1z7hA,13
1zb7A,1z7hA,13
2a97A,1z7hA,13
2fpqA,1z7hA,13
2qn0A,1z7hA,13
3bonA,1z7hA,13
6bvdA,1z7hA,13
6g8uA,1z7hA,13
6rimA,1z7hA,13
7dvlA,1z7hA,13
7na9A,1z7hA,13
8ow8A,1z7hA,13
1z7lA,1z7lA,1
1usyE,1z7nE,3
1z7nE,1z7nE,3
6fctA,1z7nE,3
1zbdB,1zbdB,1
1ze1A,1ze1A,2
2hvyA,1ze1A,2
1zehB,1zehB,1
1zfdA,1zfdA,2
6zr5C,1zfdA,2
1zfoA,1zfoA,1
1zhsA,1zhsA,1
1zm8A,1zm8A,3
6m3fB,1zm8A,3
7r6vD,1zm8A,3
1zmeC,1zmeC,1
1ex2A,1znoB,9
1znoB,1znoB,9
2amhA,1znoB,9
2dvnA,1znoB,9
2j4eA,1znoB,9
2mjpA,1znoB,9
2q16A,1znoB,9
3s86A,1znoB,9
3tquA,1znoB,9
1zoyC,1zoyC,5
2h88C,1zoyC,5
2wdqC,1zoyC,5
4ysxC,1zoyC,5
6wu6C,1zoyC,5
1aozA,1zpuA,44
1gycA,1zpuA,44
1hfuA,1zpuA,44
1kyaA,1zpuA,44
1v10A,1zpuA,44
1zpuA,1zpuA,44
2hzhA,1zpuA,44
2q9oA,1zpuA,44
2qt6A,1zpuA,44
2wsdA,1zpuA,44
2xybA,1zpuA,44
3gyrA,1zpuA,44
3kw7A,1zpuA,44
3ppsA,1zpuA,44
3pxlA,1zpuA,44
3sqrA,1zpuA,44
3t6vA,1zpuA,44
3x1bA,1zpuA,44
3zx1A,1zpuA,44
4e9sA,1zpuA,44
5a7eA,1zpuA,44
5ehfA,1zpuA,44
5k7aA,1zpuA,44
5lwxA,1zpuA,44
5z1xA,1zpuA,44
6evgA,1zpuA,44
6f5kA,1zpuA,44
6iqxA,1zpuA,44
6k3dA,1zpuA,44
6kliA,1zpuA,44
6ri6A,1zpuA,44
6syyA,1zpuA,44
6vowA,1zpuA,44
6voxA,1zpuA,44
6xizA,1zpuA,44
6xj0A,1zpuA,44
7z5pA,1zpuA,44
7zn6A,1zpuA,44
8r4hA,1zpuA,44
8r7iA,1zpuA,44
8z59A,1zpuA,44
8z5bA,1zpuA,44
9bd5A,1zpuA,44
9f1tA,1zpuA,44
1zq1A,1zq1A,1
1zr9A,1zr9A,1
1zsqA,1zsqA,1
1zu1A,1zu1A,1
1jw9B,1zud1,9
1zud1,1zud1,9
3wv7A,1zud1,9
4d79A,1zud1,9
5iaaA,1zud1,9
6h77A,1zud1,9
6h78F,1zud1,9
6yubB,1zud1,9
7tsqA,1zud1,9
1zw8A,1zw8A,1
2a00A,2a00A,1
1jfzA,2a11A,5
2a11A,2a11A,5
2eb1A,2a11A,5
2gslA,2a11A,5
5f3oB,2a11A,5
2a1kA,2a1kA,1
2a25A,2a25A,1
1pieA,2a2cA,12
2a2cA,2a2cA,12
2aj4A,2a2cA,12
3v2uC,2a2cA,12
4dpuA,2a2cA,12
5gmdA,2a2cA,12
6e2tA,2a2cA,12
6n0xA,2a2cA,12
6n10A,2a2cA,12
6teqA,2a2cA,12
6xr5A,2a2cA,12
6zgxA,2a2cA,12
2a51A,2a51A,1
2a5fB,2a5fB,4
4z9dA,2a5fB,4
5h6jA,2a5fB,4
7sneA,2a5fB,4
2a5hA,2a5hA,1
2a5yB,2a5yB,1
2a68O,2a68O,1
2a8kA,2a8kA,1
1ag6A,2aanA,44
1azcA,2aanA,44
1b3iA,2aanA,44
1bxvA,2aanA,44
1bypA,2aanA,44
1cuoA,2aanA,44
1cyxA,2aanA,44
1ibyA,2aanA,44
1id2A,2aanA,44
1iuzA,2aanA,44
1joiA,2aanA,44
1kdjA,2aanA,44
1nwpA,2aanA,44
1pcsA,2aanA,44
1plaA,2aanA,44
1qhqA,2aanA,44
2aanA,2aanA,44
2calA,2aanA,44
2ccwA,2aanA,44
2cuaA,2aanA,44
2gimA,2aanA,44
2iaaC,2aanA,44
2ov0A,2aanA,44
2pltA,2aanA,44
3ay2A,2aanA,44
3cvbA,2aanA,44
3fsaA,2aanA,44
3s8fB,2aanA,44
4dp1X,2aanA,44
4dp9X,2aanA,44
4hcfA,2aanA,44
4w9zA,2aanA,44
5fc9A,2aanA,44
5sydA,2aanA,44
5u7nA,2aanA,44
5yt7A,2aanA,44
6l1vA,2aanA,44
6l9sA,2aanA,44
6pttA,2aanA,44
6yezP,2aanA,44
7degB,2aanA,44
7pcyA,2aanA,44
7z3bA,2aanA,44
9pcyA,2aanA,44
2aaoA,2aaoA,1
2adrA,2adrA,1
2agyH,2agyH,3
2j56M,2agyH,3
2oizD,2agyH,3
1lriA,2aibA,2
2aibA,2aibA,2
1wk8B,2ajhA,7
2ajhA,2ajhA,7
3pz0B,2ajhA,7
7bzjA,2ajhA,7
7n12A,2ajhA,7
7pqkA,2ajhA,7
8porA,2ajhA,7
2akfB,2akfB,1
2aklA,2aklA,1
2aleA,2aleA,1
2anvA,2anvA,4
3k2rA,2anvA,4
7logA,2anvA,4
7lxaA,2anvA,4
1ijrA,2aoaB,5
1o43A,2aoaB,5
2aoaB,2aoaB,5
3c7iA,2aoaB,5
7mphA,2aoaB,5
2aorA,2aorA,2
2reuA,2aorA,2
2aqcA,2aqcA,1
2arhA,2arhA,1
2atzA,2atzA,2
7nqeA,2atzA,2
2au3A,2au3A,1
2apoB,2ausB,2
2ausB,2ausB,2
2auvA,2auvA,1
2avuE,2avuE,2
8j56C,2avuE,2
2ayjA,2ayjA,1
2b1oA,2b1oA,1
2b3zA,2b3zA,5
2hxvA,2b3zA,5
2o7pA,2b3zA,5
3zpgA,2b3zA,5
8dqbA,2b3zA,5
2b5lC,2b5lC,1
2b97A,2b97A,2
2fz6A,2b97A,2
2b9lA,2b9lA,1
2baiA,2baiA,1
2bbhA,2bbhA,3
2hn1A,2bbhA,3
3nvoA,2bbhA,3
1f8vC,2bbvA,3
2bbvA,2bbvA,3
4ftbA,2bbvA,3
1pg5B,2be7D,6
2atcB,2be7D,6
2be7D,2be7D,6
2ywwA,2be7D,6
4fyyB,2be7D,6
6kjbB,2be7D,6
2bf0X,2bf0X,1
1qs0A,2bfdA,6
1umdA,2bfdA,6
1w85A,2bfdA,6
1w88E,2bfdA,6
2bfdA,2bfdA,6
2ozlA,2bfdA,6
2bibA,2bibA,1
2bjrA,2bjrA,1
2bkoA,2bkoA,1
2bl0C,2bl0C,1
2bl6A,2bl6A,1
1ogpA,2blfA,8
1soxA,2blfA,8
2biiA,2blfA,8
2blfA,2blfA,8
2xtsA,2blfA,8
3hbgA,2blfA,8
5k3xA,2blfA,8
8s5sA,2blfA,8
1dlwA,2bmmA,22
1dlyA,2bmmA,22
1s69A,2bmmA,22
1ux8A,2bmmA,22
2bkmA,2bmmA,22
2bmmA,2bmmA,22
2gkmA,2bmmA,22
2ig3A,2bmmA,22
2qrwA,2bmmA,22
2xykA,2bmmA,22
3aq9A,2bmmA,22
4c0nA,2bmmA,22
4maxA,2bmmA,22
4nk2A,2bmmA,22
4uurA,2bmmA,22
5ab8A,2bmmA,22
5d1vA,2bmmA,22
5v3tA,2bmmA,22
6bmeA,2bmmA,22
6ciiA,2bmmA,22
6td7A,2bmmA,22
8vijA,2bmmA,22
2bo6A,2bo6A,1
1z0sA,2bonA,11
2bonA,2bonA,11
2p1rA,2bonA,11
2qv7A,2bonA,11
3afoA,2bonA,11
4v24A,2bonA,11
4werA,2bonA,11
4wrrA,2bonA,11
7qvsA,2bonA,11
7r4mA,2bonA,11
9craA,2bonA,11
2bouA,2bouA,1
1czjA,2bq4A,4
1gyoA,2bq4A,4
2bq4A,2bq4A,4
2cy3A,2bq4A,4
2bsfA,2bsfA,4
2vrsA,2bsfA,4
4gu4A,2bsfA,4
4xc5A,2bsfA,4
2bumB,2buuA,5
2buuA,2buuA,5
4whsA,2buuA,5
4whsB,2buuA,5
6bdjA,2buuA,5
2bv4A,2bv4A,6
2chhA,2bv4A,6
2wraA,2bv4A,6
4ce8A,2bv4A,6
5a6yA,2bv4A,6
7f9jA,2bv4A,6
2bx2L,2bx2L,1
2bz1A,2bz1A,1
2c1iA,2c1iA,1
2c36A,2c36A,1
2c4iA,2c4iA,1
2c4xA,2c4xA,1
2c60A,2c60A,1
2c7nA,2c7nE,2
2c7nE,2c7nE,2
1y44A,2cbnA,18
1zkpA,2cbnA,18
2cbnA,2cbnA,18
2fk6A,2cbnA,18
2p4zA,2cbnA,18
3g1pA,2cbnA,18
3md7A,2cbnA,18
3rpcA,2cbnA,18
3zwfA,2cbnA,18
4ojvA,2cbnA,18
4qn9A,2cbnA,18
4z67A,2cbnA,18
4z7rA,2cbnA,18
6brmA,2cbnA,18
6knsA,2cbnA,18
7dckA,2cbnA,18
7wi1A,2cbnA,18
8gygA,2cbnA,18
2cdqA,2cdqA,5
2j0wA,2cdqA,5
3c1mA,2cdqA,5
3l76A,2cdqA,5
3tviA,2cdqA,5
2cfaA,2cfaA,8
3fnnA,2cfaA,8
3gwcA,2cfaA,8
3n3yA,2cfaA,8
4fzbA,2cfaA,8
4gt9A,2cfaA,8
4p5aA,2cfaA,8
6j61A,2cfaA,8
2cfuA,2cfuA,3
2yheA,2cfuA,3
4nurA,2cfuA,3
2ch4A,2ch4A,1
2cjlA,2cjlA,2
3hbeX,2cjlA,2
2cjsC,2cjsC,1
2conA,2conA,1
2corA,2corA,1
2cotA,2cotA,1
2cqeA,2cqeA,1
2cqfA,2cqfA,1
2cr8A,2cr8A,1
2crcA,2crcA,1
2cs3A,2cs3A,1
2cs7A,2cs7A,1
2cs8A,2cs8A,1
2cshA,2cshA,1
2csvA,2csvA,1
2cszA,2cszA,1
2ct0A,2ct0A,1
2ct1A,2ct1A,1
2ct5A,2ct5A,1
2ct7A,2ct7A,1
2ctdA,2ctdA,1
2cttA,2cttA,1
2ctuA,2ctuA,1
1imlA,2cu8A,2
2cu8A,2cu8A,2
1rp0A,2culA,10
2culA,2culA,10
2ywlA,2culA,10
3fpzA,2culA,10
3jskA,2culA,10
4ccrD,2culA,10
4y4mA,2culA,10
4y4nA,2culA,10
6hk1A,2culA,10
7rk0A,2culA,10
2cupA,2cupA,1
1s20A,2cwhA,9
1v9nA,2cwhA,9
1vbiA,2cwhA,9
1z2iA,2cwhA,9
2cwhA,2cwhA,9
2g8yA,2cwhA,9
2x06A,2cwhA,9
3i0pA,2cwhA,9
4h8aA,2cwhA,9
1bo4A,2cy2A,139
1cjwA,2cy2A,139
1cm0A,2cy2A,139
1gheA,2cy2A,139
1i12A,2cy2A,139
1k4jA,2cy2A,139
1m4iA,2cy2A,139
1n71A,2cy2A,139
1qsmA,2cy2A,139
1s3zA,2cy2A,139
1s7nA,2cy2A,139
1tiqA,2cy2A,139
1wwzA,2cy2A,139
1yreA,2cy2A,139
1yvkA,2cy2A,139
1z4rA,2cy2A,139
2b3vA,2cy2A,139
2bueA,2cy2A,139
2cy2A,2cy2A,139
2fiwA,2cy2A,139
2ge3A,2cy2A,139
2i79A,2cy2A,139
2j8rA,2cy2A,139
2jdcA,2cy2A,139
2o28A,2cy2A,139
2pr1A,2cy2A,139
2q04A,2cy2A,139
2q0yA,2cy2A,139
2refA,2cy2A,139
2vezA,2cy2A,139
2vzzA,2cy2A,139
3d3sA,2cy2A,139
3d3sD,2cy2A,139
3d8pA,2cy2A,139
3dr8A,2cy2A,139
3exnA,2cy2A,139
3f5bA,2cy2A,139
3fbuA,2cy2A,139
3gy9A,2cy2A,139
3k9uA,2cy2A,139
3ld2A,2cy2A,139
3mgdA,2cy2A,139
3owcA,2cy2A,139
3pp9A,2cy2A,139
3qb8A,2cy2A,139
3r9fA,2cy2A,139
3s6fA,2cy2A,139
3wr7A,2cy2A,139
3zj0A,2cy2A,139
4ag7A,2cy2A,139
4b5oA,2cy2A,139
4evyA,2cy2A,139
4gs4A,2cy2A,139
4h6uA,2cy2A,139
4hkfA,2cy2A,139
4jwpA,2cy2A,139
4jxrB,2cy2A,139
4k30A,2cy2A,139
4kvxA,2cy2A,139
4l8aA,2cy2A,139
4mxeA,2cy2A,139
4nf1A,2cy2A,139
4pv6A,2cy2A,139
4qc6A,2cy2A,139
4r3lA,2cy2A,139
4ri1A,2cy2A,139
4rs2A,2cy2A,139
4ua3A,2cy2A,139
4xnhB,2cy2A,139
4xnhC,2cy2A,139
4xplA,2cy2A,139
4y49B,2cy2A,139
4zbgA,2cy2A,139
5dwnA,2cy2A,139
5f47A,2cy2A,139
5fvjA,2cy2A,139
5hgzA,2cy2A,139
5hmnA,2cy2A,139
5k04B,2cy2A,139
5k18B,2cy2A,139
5ktcA,2cy2A,139
5n22A,2cy2A,139
5nnpB,2cy2A,139
5t53A,2cy2A,139
5t7dA,2cy2A,139
5wjeA,2cy2A,139
5wphA,2cy2A,139
5xunA,2cy2A,139
5ygeA,2cy2A,139
6ao7A,2cy2A,139
6bffA,2cy2A,139
6bvcA,2cy2A,139
6c37A,2cy2A,139
6d72A,2cy2A,139
6dymA,2cy2A,139
6e1xA,2cy2A,139
6edvA,2cy2A,139
6g96A,2cy2A,139
6gtpA,2cy2A,139
6gtrA,2cy2A,139
6mfdA,2cy2A,139
6nbeN,2cy2A,139
6o07C,2cy2A,139
6pplC,2cy2A,139
6sllA,2cy2A,139
6sp0A,2cy2A,139
6th0A,2cy2A,139
6v3tA,2cy2A,139
6wfnA,2cy2A,139
6ygbA,2cy2A,139
6yugA,2cy2A,139
6z00A,2cy2A,139
6zmpA,2cy2A,139
7ak7A,2cy2A,139
7ciwA,2cy2A,139
7csiA,2cy2A,139
7dajA,2cy2A,139
7dqgA,2cy2A,139
7jzsA,2cy2A,139
7k0aA,2cy2A,139
7kpuA,2cy2A,139
7l1kA,2cy2A,139
7ojuA,2cy2A,139
7ovuA,2cy2A,139
7ovvA,2cy2A,139
7rb3A,2cy2A,139
7stxA,2cy2A,139
7ypuA,2cy2A,139
7zhcA,2cy2A,139
8gxfA,2cy2A,139
8gxkA,2cy2A,139
8hehA,2cy2A,139
8q6uA,2cy2A,139
8xbnA,2cy2A,139
8yalC,2cy2A,139
9cr5A,2cy2A,139
9evqA,2cy2A,139
9iglA,2cy2A,139
9ilrA,2cy2A,139
2czrA,2czrA,1
2czsA,2czsA,1
2d00A,2d00A,1
1nbwA,2d0oA,2
2d0oA,2d0oA,2
2d3aA,2d3aA,21
3ng0A,2d3aA,21
4acfA,2d3aA,21
4hppA,2d3aA,21
4s17A,2d3aA,21
5dm3A,2d3aA,21
5zlpA,2d3aA,21
7cprA,2d3aA,21
7cqnA,2d3aA,21
7tdpA,2d3aA,21
7tf6A,2d3aA,21
7tf9A,2d3aA,21
7tfcA,2d3aA,21
7u5nA,2d3aA,21
8oooA,2d3aA,21
8oowA,2d3aA,21
8s59A,2d3aA,21
8v22A,2d3aA,21
8wwuA,2d3aA,21
9k2nA,2d3aA,21
9otpA,2d3aA,21
2d3dA,2d3dA,1
2d3kB,2d3kB,1
2d4cA,2d4cA,3
8qbdA,2d4cA,3
9ivkA,2d4cA,3
2d4qA,2d4qA,1
2d6fC,2d6fC,6
2f2aB,2d6fC,6
3al0B,2d6fC,6
3h0lB,2d6fC,6
3ip4B,2d6fC,6
3kfuF,2d6fC,6
2d81A,2d81A,1
2d8rA,2d8rA,1
2d8sA,2d8sA,1
2d8tA,2d8tA,1
2d8uA,2d8uA,1
2d8vA,2d8vA,1
2d9gA,2d9gA,1
2d9hA,2d9hA,1
2d9kA,2d9kA,1
2d9mA,2d9mA,1
1wyhA,2darA,3
1x63A,2darA,3
2darA,2darA,3
2dasA,2dasA,1
2db3A,2db3A,16
2j0sA,2db3A,16
3bxzA,2db3A,16
3fhtA,2db3A,16
3i5xA,2db3A,16
3peyA,2db3A,16
4d25A,2db3A,16
4kbfA,2db3A,16
5supA,2db3A,16
6uv3A,2db3A,16
7gquA,2db3A,16
7pliA,2db3A,16
8arpA,2db3A,16
8enkA,2db3A,16
8wtlA,2db3A,16
9dtsA,2db3A,16
2ddfA,2ddfA,9
2rjpA,2ddfA,9
2rjqA,2ddfA,9
2v4bA,2ddfA,9
3b8zA,2ddfA,9
4wk7A,2ddfA,9
6r7vA,2ddfA,9
6r7wA,2ddfA,9
8cd8A,2ddfA,9
1i9zA,2ddrA,29
1vybB,2ddrA,29
2a40B,2ddrA,29
2ddrA,2ddrA,29
2imqX,2ddrA,29
2jc4A,2ddrA,29
2jc5A,2ddrA,29
3i46A,2ddrA,29
3ngqA,2ddrA,29
3w2xA,2ddrA,29
4a9cB,2ddrA,29
4awnA,2ddrA,29
4cmlA,2ddrA,29
4cmnA,2ddrA,29
4fvaA,2ddrA,29
4qheA,2ddrA,29
4ruwA,2ddrA,29
5cfeA,2ddrA,29
5j3pA,2ddrA,29
5j42A,2ddrA,29
5j8nA,2ddrA,29
6bt2A,2ddrA,29
6ca4A,2ddrA,29
6rvzA,2ddrA,29
6wcdA,2ddrA,29
7a0vA,2ddrA,29
7kiuA,2ddrA,29
8igiA,2ddrA,29
8ka4B,2ddrA,29
2df7A,2df7A,1
2dhoA,2dhoA,3
2pnyA,2dhoA,3
3fcmA,2dhoA,3
2di3A,2di3A,1
2dipA,2dipA,1
2dj8A,2dj8A,1
2djaA,2djaA,1
2djrA,2djrA,1
2dlkA,2dlkA,1
2dlqA,2dlqA,1
2dmdA,2dmdA,1
2dmiA,2dmiA,1
1uw0A,2dmjA,7
1v9xA,2dmjA,7
2cs2A,2dmjA,7
2dmjA,2dmjA,7
2l31A,2dmjA,7
3od8A,2dmjA,7
3odcA,2dmjA,7
2drpA,2drpA,1
2ds5A,2ds5A,1
2dsyB,2dsyB,1
2dv6A,2dv6A,4
2zooA,2dv6A,4
3ziyA,2dv6A,4
6tfoA,2dv6A,4
1w66A,2dxuA,9
2c8mA,2dxuA,9
2dxuA,2dxuA,9
2ej9A,2dxuA,9
2qhsA,2dxuA,9
3bfmA,2dxuA,9
3efsA,2dxuA,9
6ck0A,2dxuA,9
6jhuA,2dxuA,9
2dyrE,2dyrE,1
2e1mA,2e1mA,1
2e1mB,2e1mB,1
2e1mC,2e1mC,1
2e26A,2e26A,2
6a48A,2e26A,2
2e2zA,2e2zA,1
1a05A,2e5mA,35
1cnzA,2e5mA,35
1tyoA,2e5mA,35
2d1cA,2e5mA,35
2d4vA,2e5mA,35
2e5mA,2e5mA,35
2iv0A,2e5mA,35
2qfyA,2e5mA,35
2uxqA,2e5mA,35
3flkA,2e5mA,35
3ty3A,2e5mA,35
3vmkA,2e5mA,35
3wzyA,2e5mA,35
4ajaA,2e5mA,35
4aouA,2e5mA,35
4f7iA,2e5mA,35
4hcxA,2e5mA,35
4i3lA,2e5mA,35
4xxvA,2e5mA,35
4y1pA,2e5mA,35
4yb4A,2e5mA,35
5hn6A,2e5mA,35
5i95A,2e5mA,35
5j34A,2e5mA,35
6ajcA,2e5mA,35
6bkxA,2e5mA,35
6c0eA,2e5mA,35
6ixtA,2e5mA,35
6l59A,2e5mA,35
6l59B,2e5mA,35
6lkyA,2e5mA,35
6m3sA,2e5mA,35
6xxyA,2e5mA,35
7e3nA,2e5mA,35
8grdB,2e5mA,35
2e5rA,2e5rA,1
2e5sA,2e5sA,2
5u6lA,2e5sA,2
2e61A,2e61A,1
2e6iA,2e6iA,1
2e6lA,2e6lA,5
2fc0A,2e6lA,5
5zo5A,2e6lA,5
7mpoA,2e6lA,5
7mptA,2e6lA,5
2e6rA,2e6rA,1
2e72A,2e72A,1
1z1nX,2e84A,3
2cvcA,2e84A,3
2e84A,2e84A,3
1zosA,2e85A,13
2e85A,2e85A,13
3bl6A,2e85A,13
4f1wB,2e85A,13
4g41B,2e85A,13
4l0mA,2e85A,13
4mchA,2e85A,13
4qarB,2e85A,13
4qezA,2e85A,13
5dk6A,2e85A,13
6aqsA,2e85A,13
6if8A,2e85A,13
6po4A,2e85A,13
2e87A,2e87A,1
2ebfX,2ebfX,1
2ebtA,2ebtA,1
2ebvA,2ebvA,1
2ec7A,2ec7A,1
1iymA,2ecmA,2
2ecmA,2ecmA,2
2ecnA,2ecnA,1
2ecvA,2ecvA,9
4tkpB,2ecvA,9
5ferA,2ecvA,9
6yxeA,2ecvA,9
6yxeB,2ecvA,9
7t9xA,2ecvA,9
8a38A,2ecvA,9
8a38B,2ecvA,9
8a58C,2ecvA,9
2ecjA,2ecyA,2
2ecyA,2ecyA,2
2ee8A,2ee8A,1
1txuA,2efeA,2
2efeA,2efeA,2
1m6eX,2eg5A,9
2efjA,2eg5A,9
2eg5A,2eg5A,9
3b5iA,2eg5A,9
5f2kA,2eg5A,9
6c8rA,2eg5A,9
6lyhA,2eg5A,9
8uzdA,2eg5A,9
8wwqA,2eg5A,9
1ig5A,2egdB,23
1j55A,2egdB,23
1k96A,2egdB,23
1qlsA,2egdB,23
1qx2A,2egdB,23
2egdA,2egdB,23
2egdB,2egdB,23
2wcbA,2egdB,23
2wndA,2egdB,23
2y5iA,2egdB,23
3ko0Q,2egdB,23
4cfqA,2egdB,23
4cfqB,2egdB,23
4dirA,2egdB,23
4duqA,2egdB,23
4ggfA,2egdB,23
4ggfC,2egdB,23
4pcwA,2egdB,23
4pe0A,2egdB,23
6wn7A,2egdB,23
6zdyA,2egdB,23
8s9wA,2egdB,23
8sjbC,2egdB,23
2egpA,2egpA,1
2eh9A,2eh9A,1
2ej4A,2ej4A,2
5y0uA,2ej4A,2
1bdoA,2ejfC,3
1z6hA,2ejfC,3
2ejfC,2ejfC,3
2ejnA,2ejnA,1
2ejqB,2ejqB,1
2ejuA,2ejuA,2
3axsA,2ejuA,2
2el4A,2el4A,1
2el6A,2el6A,1
2eliA,2eliA,1
1sp2A,2elnA,3
1va1A,2elnA,3
2elnA,2elnA,3
1paaA,2eloA,5
2eloA,2eloA,5
2eluA,2eloA,5
2enhA,2eloA,5
2rshA,2eloA,5
2elpA,2elpA,1
2elrA,2elsA,6
2elsA,2elsA,6
2elxA,2elsA,6
2embA,2elsA,6
2epcA,2elsA,6
5aazA,2elsA,6
2eltA,2eltA,1
2elyA,2elyA,8
2em8A,2elyA,8
2emcA,2elyA,8
2emxA,2elyA,8
2emzA,2elyA,8
2en1A,2elyA,8
2en2A,2elyA,8
2eonA,2elyA,8
2elzA,2elzA,1
2em0A,2em0A,1
2em3A,2em3A,1
2emaA,2emaA,1
2emfA,2emfA,2
2emkA,2emfA,2
2emjA,2emjA,1
2el5A,2en0A,29
2em4A,2en0A,29
2em5A,2en0A,29
2em6A,2en0A,29
2em7A,2en0A,29
2em9A,2en0A,29
2emgA,2en0A,29
2emhA,2en0A,29
2emlA,2en0A,29
2empA,2en0A,29
2emwA,2en0A,29
2emyA,2en0A,29
2en0A,2en0A,29
2en3A,2en0A,29
2enaA,2en0A,29
2entA,2en0A,29
2eogA,2en0A,29
2eokA,2en0A,29
2eolA,2en0A,29
2eooA,2en0A,29
2eopA,2en0A,29
2epvA,2en0A,29
2epxA,2en0A,29
2epyA,2en0A,29
2yrjA,2en0A,29
2ytjA,2en0A,29
2ytkA,2en0A,29
2ytoA,2en0A,29
2ytsA,2en0A,29
2en4A,2en4A,1
2en6A,2en6A,1
2en7A,2en7A,1
2en8A,2en8A,1
2en9A,2en9A,1
2emmA,2encA,2
2encA,2encA,2
2eneA,2eneA,1
2eodA,2eodA,1
2eofA,2eofA,3
2eovA,2eofA,3
2ytfA,2eofA,3
2eohA,2eohA,1
2eoiA,2eoiA,1
2eojA,2eojA,1
2eomA,2eomA,1
2eoqA,2eoqA,1
2eosA,2eosA,1
2eouA,2eouA,1
2elvA,2eoxA,4
2emiA,2eoxA,4
2eoxA,2eoxA,4
2eptA,2eoxA,4
2eoyA,2eoyA,1
2eowA,2ep0A,2
2ep0A,2ep0A,2
2ep4A,2ep4A,1
2epaA,2epaA,1
2epnA,2epnA,2
5a6bA,2epnA,2
2eppA,2eppA,1
2epqA,2epqA,1
2eprA,2eprA,1
2epsA,2epsA,1
2epuA,2epuA,1
2epwA,2epwA,1
2ep1A,2epzA,3
2epzA,2epzA,3
2yspA,2epzA,3
2eq0A,2eq0A,1
2eq2A,2eq2A,1
2eq1A,2eq3A,2
2eq3A,2eq3A,2
2eq4A,2eq4A,1
2eqaA,2eqaA,2
6f87A,2eqaA,2
2eqeA,2eqeA,1
2eqfA,2eqfA,1
2eqgA,2eqgA,1
2eqwA,2eqwA,1
2er8A,2ereA,2
2ereA,2ereA,2
2etjA,2etjA,1
2eulA,2eulA,1
2ex5A,2ex5A,1
2exuA,2exuA,1
1dmuA,2ezvA,2
2ezvA,2ezvA,2
2dt9A,2f06A,7
2dtjA,2f06A,7
2f06A,2f06A,7
2re1A,2f06A,7
3ab4J,2f06A,7
3s1tA,2f06A,7
5yeiB,2f06A,7
2f2eB,2f2eB,1
2f44A,2f44A,1
2f4lA,2f4lA,3
2ii1A,2f4lA,3
3tkkA,2f4lA,3
1x3zA,2f4mA,2
2f4mA,2f4mA,2
2f5tX,2f5tX,1
1h3iB,2f69A,2
2f69A,2f69A,2
2fc6A,2fc6A,1
2fcoA,2fcoA,1
2fcwB,2fcwB,1
2fe3A,2fe3A,1
2ffcA,2ffcA,2
3n3mA,2ffcA,2
2ffwA,2ffwA,1
2fgeA,2fgeA,2
4l3tA,2fgeA,2
2fhjA,2fhjA,2
6s6yD,2fhjA,2
2fi3I,2fi3I,1
2fiyA,2fiyA,1
2fk1A,2fk1A,1
2fk4A,2fk4A,1
2fkcA,2fkcA,1
1txcA,2flhA,20
2flhA,2flhA,20
2l65A,2flhA,20
2qimA,2flhA,20
3ns2A,2flhA,20
3tl1A,2flhA,20
3tvqA,2flhA,20
4c9iF,2flhA,20
4mnsA,2flhA,20
4q0kA,2flhA,20
4reiA,2flhA,20
4ryvA,2flhA,20
5gtgA,2flhA,20
5gwpD,2flhA,20
5z36A,2flhA,20
5zcgC,2flhA,20
6awrA,2flhA,20
6ka2A,2flhA,20
8vo3A,2flhA,20
8z3jA,2flhA,20
2fn0A,2fn0A,5
3bznA,2fn0A,5
5jxzA,2fn0A,5
8qn5A,2fn0A,5
8w6vA,2fn0A,5
2foiC,2foiC,1
2fp2B,2fp2B,1
2fq1A,2fq1A,1
1nktA,2fshA,7
2fshA,2fshA,7
3jv2A,2fshA,7
4ys0A,2fshA,7
5eulA,2fshA,7
5k9tA,2fshA,7
6t4hA,2fshA,7
2fw5A,2fwtA,3
2fwtA,2fwtA,3
3u99A,2fwtA,3
2fylB,2fylB,1
2g0yA,2g0yA,1
2g38B,2g38B,1
2g42B,2g42B,1
2g5gX,2g5gX,1
2g7cA,2g7cA,1
1uodA,2g7zA,10
2dt8A,2g7zA,10
2g7zA,2g7zA,10
3ct4A,2g7zA,10
3fysA,2g7zA,10
3lupA,2g7zA,10
5uxyA,2g7zA,10
5v85A,2g7zA,10
6alwA,2g7zA,10
6cngA,2g7zA,10
1ig0A,2g9zA,2
2g9zA,2g9zA,2
1x31A,2gagA,2
2gagA,2gagA,2
1ryiA,2gagB,35
1y56B,2gagB,35
1zovA,2gagB,35
2gagB,2gagB,35
2gf3A,2gagB,35
2olnA,2gagB,35
2qcuA,2gagB,35
2rghA,2gagB,35
2uzzA,2gagB,35
3axbA,2gagB,35
3c4nA,2gagB,35
3da1A,2gagB,35
3djeA,2gagB,35
3qj4A,2gagB,35
3wgtA,2gagB,35
4rslA,2gagB,35
4wctA,2gagB,35
4yshA,2gagB,35
4zcdA,2gagB,35
5ez7A,2gagB,35
5fjnA,2gagB,35
5hxwA,2gagB,35
5i39A,2gagB,35
6a6sA,2gagB,35
6gg2A,2gagB,35
6j38A,2gagB,35
6pxsA,2gagB,35
6y4jA,2gagB,35
7ct4A,2gagB,35
7cyxA,2gagB,35
7exsA,2gagB,35
7fgpA,2gagB,35
7koeC,2gagB,35
7u9uA,2gagB,35
7xqaA,2gagB,35
1x31D,2gagD,2
2gagD,2gagD,2
2gbxD,2gbxD,1
2c8sA,2gc4D,4
2d0wA,2gc4D,4
2gc4D,2gc4D,4
7c90A,2gc4D,4
1sx5A,2ge5A,2
2ge5A,2ge5A,2
2gf4A,2gf4B,2
2gf4B,2gf4B,2
2gfqA,2gfqA,1
2ghfA,2ghfA,1
1apzB,2gl9B,4
2gl9B,2gl9B,4
2zalB,2gl9B,4
4pu6B,2gl9B,4
2glzA,2glzA,2
3d00A,2glzA,2
2gmhA,2gmhA,1
2gqjA,2gqjA,1
2gsmB,2gsmB,14
2yevB,2gsmB,14
3hb3B,2gsmB,14
5z62B,2gsmB,14
6kobB,2gsmB,14
7cohB,2gsmB,14
7e1wE,2gsmB,14
7jrob,2gsmB,14
7n9zG,2gsmB,14
7qhmE,2gsmB,14
8c8qB,2gsmB,14
8ovdQ,2gsmB,14
8ucmb,2gsmB,14
9etzb,2gsmB,14
2gtvX,2gtvX,1
1c3mA,2gudA,18
1vboA,2gudA,18
1xxrB,2gudA,18
2gudA,2gudA,18
3lm1A,2gudA,18
3vzeA,2gudA,18
4ddnA,2gudA,18
4gx7A,2gudA,18
4pitA,2gudA,18
4r6rA,2gudA,18
5gvyA,2gudA,18
5tqzA,2gudA,18
5v6fA,2gudA,18
5xfiA,2gudA,18
5yrgA,2gudA,18
6flzA,2gudA,18
7v4sA,2gudA,18
7w62A,2gudA,18
1xkwA,2gufA,7
2gufA,2gufA,7
4aiqA,2gufA,7
6bpnA,2gufA,7
6h7fA,2gufA,7
8s34A,2gufA,7
9c4oA,2gufA,7
2gviA,2gviA,1
2gysB,2gysB,1
1ycdA,2h1iA,10
2h1iA,2h1iA,10
3bdvA,2h1iA,10
3deaA,2h1iA,10
3escA,2h1iA,10
4pseA,2h1iA,10
5ctaA,2h1iA,10
7oexA,2h1iA,10
7r1kA,2h1iA,10
9bi7A,2h1iA,10
2h21A,2h21A,3
3qxyA,2h21A,3
6mbkA,2h21A,3
2h28A,2h28A,1
2h5nA,2h5nA,2
2ou3A,2h5nA,2
2h6fA,2h6fA,5
3pz2A,2h6fA,5
3q7aA,2h6fA,5
4l9pA,2h6fA,5
6j7xA,2h6fA,5
2hb5A,2hb5A,9
2qkkA,2hb5A,9
3h08B,2hb5A,9
3p1gA,2hb5A,9
3qioA,2hb5A,9
4e19A,2hb5A,9
4qagA,2hb5A,9
6dopA,2hb5A,9
7vsdA,2hb5A,9
2hbaA,2hbaA,1
2hcjA,2hcjA,1
2hd0G,2hd0G,1
2hjiA,2hjiA,3
4qgnA,2hjiA,3
5i8tA,2hjiA,3
2deuA,2hmaA,2
2hmaA,2hmaA,2
2bn2A,2hnuA,2
2hnuA,2hnuA,2
2hqyA,2hqyA,4
4v35A,2hqyA,4
4v36A,2hqyA,4
7z5zA,2hqyA,4
2hsiA,2hsiA,2
6jmyA,2hsiA,2
2hu9A,2hu9A,1
2huhA,2huhA,1
2hv6A,2hv6A,1
2hw2A,2hw2A,1
2bj7A,2hzaA,4
2hzaA,2hzaA,4
2wvfB,2hzaA,4
3phtA,2hzaA,4
1sumB,2i0mA,2
2i0mA,2i0mA,2
2i2xA,2i2xA,1
2i2xB,2i2xB,1
2i4bA,2i4bA,1
2i4iA,2i4iA,1
1ci0A,2i51A,10
1dnlA,2i51A,10
1t9mA,2i51A,10
1wv4A,2i51A,10
2i51A,2i51A,10
2ou5A,2i51A,10
2qeaA,2i51A,10
4hmsA,2i51A,10
4hmwA,2i51A,10
6h00A,2i51A,10
2i52F,2i52F,2
2ogfA,2i52F,2
2i6hB,2i6hB,1
2i71A,2i71A,1
2i74A,2i74A,1
2i82A,2i82A,2
5ubaA,2i82A,2
2i9wA,2i9wA,1
2iafA,2iafA,1
2huoA,2ibnA,2
2ibnA,2ibnA,2
1b0nA,2icpA,3
2icpA,2icpA,3
9chlA,2icpA,3
2ih2A,2ih2A,1
2ihxA,2ihxA,1
2iieA,2iieA,1
2iiiA,2iiiA,1
1y4sA,2iopA,7
2iopA,2iopA,7
2o1uA,2iopA,7
5ulsA,2iopA,7
6xlgA,2iopA,7
7krjA,2iopA,7
8u1lA,2iopA,7
2crrA,2iqjA,9
2crwA,2iqjA,9
2iqjA,2iqjA,9
2olmA,2iqjA,9
2owaA,2iqjA,9
2p57A,2iqjA,9
3dwdA,2iqjA,9
3subA,2iqjA,9
7jtzA,2iqjA,9
2faqA,2iryA,3
2iryA,2iryA,3
6sa1A,2iryA,3
1d7bA,2ivfC,5
1i82A,2ivfC,5
2ivfC,2ivfC,5
4qi3A,2ivfC,5
6jt6A,2ivfC,5
2ivzA,2ivzA,1
2iw3A,2iw3A,1
2iwvA,2iwvA,2
4d5bA,2iwvA,2
1dztA,2ixkA,14
1epzA,2ixkA,14
1nywA,2ixkA,14
1oi6A,2ixkA,14
2ixcA,2ixkA,14
2ixkA,2ixkA,14
3rykA,2ixkA,14
4hn1A,2ixkA,14
5buvA,2ixkA,14
6c46A,2ixkA,14
6ndrA,2ixkA,14
7m15A,2ixkA,14
8dakA,2ixkA,14
8db5A,2ixkA,14
1ud9A,2izoC,7
2io4B,2izoC,7
2izoC,2izoC,7
3v61B,2izoC,7
3vkxA,2izoC,7
5iwdA,2izoC,7
7wp3A,2izoC,7
2j0jA,2j0jA,1
2j0pA,2j0pA,3
4cdpA,2j0pA,3
4mf9A,2j0pA,3
2hcmA,2j16B,13
2j16B,2j16B,13
3rgqA,2j16B,13
4ercA,2j16B,13
4r0tB,2j16B,13
4wohA,2j16B,13
5bx1A,2j16B,13
5z5aA,2j16B,13
6i28A,2j16B,13
7moeA,2j16B,13
7mpdA,2j16B,13
7umvA,2j16B,13
8tk2A,2j16B,13
1fzdA,2j1gB,14
1jc9A,2j1gB,14
1z3uA,2j1gB,14
2j1gB,2j1gB,14
2j5zA,2j1gB,14
2wnpF,2j1gB,14
4epuA,2j1gB,14
5r61A,2j1gB,14
6y41A,2j1gB,14
6y43A,2j1gB,14
6zqxA,2j1gB,14
7tz2A,2j1gB,14
7zmkA,2j1gB,14
8fnaA,2j1gB,14
1a0sP,2j1nA,19
1af6A,2j1nA,19
2fgqX,2j1nA,19
2j1nA,2j1nA,19
2mprA,2j1nA,19
2o4vA,2j1nA,19
2porA,2j1nA,19
2xe5B,2j1nA,19
3a2sX,2j1nA,19
3prnA,2j1nA,19
4auiA,2j1nA,19
4gcsA,2j1nA,19
4geyA,2j1nA,19
4kr8C,2j1nA,19
5fvnA,2j1nA,19
5nxuA,2j1nA,19
5o79A,2j1nA,19
6ehfA,2j1nA,19
7eqmA,2j1nA,19
2j2sA,2j2sA,1
2j44A,2j44A,1
2j4lC,2j4lH,2
2j4lH,2j4lH,2
2j7aC,2j7aC,1
2j7jA,2j7jA,1
2j8gA,2j8gA,1
2j9uB,2j9uB,1
2jaxA,2jaxA,6
3ab8A,2jaxA,6
3cisA,2jaxA,6
3loqA,2jaxA,6
4r2jA,2jaxA,6
4wy2A,2jaxA,6
2jb7A,2jb7A,1
2jc9A,2jc9A,2
4ohfA,2jc9A,2
2jesA,2jesA,1
1wbiA,2jgsA,7
1y55X,2jgsA,7
2c1sA,2jgsA,7
2jgsA,2jgsA,7
2uywA,2jgsA,7
4bj8A,2jgsA,7
6xndA,2jgsA,7
2jh3A,2jh3A,1
2jhpA,2jhpA,1
2jizG,2jizG,5
2jj2G,2jizG,5
5hkkG,2jizG,5
7md2G,2jizG,5
8ap9G,2jizG,5
2jksA,2jksA,1
2jm3A,2jm3A,1
2i1pA,2jm4A,3
2jm4A,2jm4A,3
2m7pA,2jm4A,3
2ea5A,2jmdA,18
2ecgA,2jmdA,18
2jmdA,2jmdA,18
2lxhC,2jmdA,18
2ma6A,2jmdA,18
2yhoA,2jmdA,18
2yurA,2jmdA,18
3eb5A,2jmdA,18
4auqB,2jmdA,18
5d0iB,2jmdA,18
5jw7B,2jmdA,18
5zi6A,2jmdA,18
6a3zA,2jmdA,18
6f98A,2jmdA,18
6hprA,2jmdA,18
8i3xA,2jmdA,18
8w59A,2jmdA,18
8x7kL,2jmdA,18
2jmiA,2jmiA,1
2jmoA,2jmoA,1
2jneA,2jneA,2
2jrpA,2jneA,2
2jnxA,2jnxA,1
2joxA,2joxA,1
2jq6A,2jq6A,1
2jrjA,2jrjA,1
2jtgA,2jtgA,1
2jtnA,2jtnA,1
2ju4A,2ju4A,1
2junA,2junA,1
2jw6A,2jw6A,1
2jxaA,2jxaA,1
2jydA,2jydA,1
2jz8A,2jz8A,1
2k0cA,2k0cA,1
2k1pA,2k1pA,1
2dktA,2k2cA,2
2k2cA,2k2cA,2
2k33A,2k33A,1
2k3mA,2k3mA,1
1x0tA,2k3rA,2
2k3rA,2k3rA,2
2k4xA,2k4xA,1
2k5cA,2k5cA,1
1x9lA,2k6zA,7
2k6zA,2k6zA,7
3zjaA,2k6zA,7
6p16A,2k6zA,7
6p1gA,2k6zA,7
7qhmH,2k6zA,7
8ovdb,2k6zA,7
2k7bA,2k7bA,11
2kszA,2k7bA,11
2lc5A,2k7bA,11
2m29A,2k7bA,11
2pq3A,2k7bA,11
3sd6A,2k7bA,11
3uctB,2k7bA,11
4q57A,2k7bA,11
5k89A,2k7bA,11
5ve9A,2k7bA,11
9cicA,2k7bA,11
2k7rA,2k7rA,1
2k8dA,2k8dA,1
2k9hA,2k9hA,1
2kaeA,2kaeA,1
2kakA,2kakA,1
1rgrA,2kawA,20
2awxB,2kawA,20
2exgA,2kawA,20
2f0aB,2kawA,20
2kawA,2kawA,20
2m0zA,2kawA,20
2r4hC,2kawA,20
2vz5A,2kawA,20
3bpuA,2kawA,20
3o5nE,2kawA,20
4uu5A,2kawA,20
4ydpA,2kawA,20
6ar4A,2kawA,20
6lcbA,2kawA,20
6yx0B,2kawA,20
6zbqA,2kawA,20
7jzrB,2kawA,20
7wegA,2kawA,20
8b87A,2kawA,20
8hckA,2kawA,20
2kdxA,2kdxA,2
5aunA,2kdxA,2
2kgoA,2kgoA,1
2kinA,2kinA,2
4etpB,2kinA,2
2kizA,2kizA,1
2kkrA,2kkrA,1
2kktA,2kktA,1
2km0A,2km0A,1
2kmxA,2kmxA,1
1a75A,2kn2A,31
1avsA,2kn2A,31
1bu3A,2kn2A,31
1fi5A,2kn2A,31
1pvaA,2kn2A,31
1rroA,2kn2A,31
1rwyA,2kn2A,31
1ttxA,2kn2A,31
2e6wA,2kn2A,31
2kn2A,2kn2A,31
2kyfA,2kn2A,31
2lv7A,2kn2A,31
2mbxA,2kn2A,31
2pvbA,2kn2A,31
3fs7A,2kn2A,31
3h4sE,2kn2A,31
4cpvA,2kn2A,31
5h7dE,2kn2A,31
5jojA,2kn2A,31
5xndA,2kn2A,31
5z1qA,2kn2A,31
5zgmA,2kn2A,31
5zh6A,2kn2A,31
6iieA,2kn2A,31
6k67B,2kn2A,31
7sc2A,2kn2A,31
7supA,2kn2A,31
8fnrA,2kn2A,31
8fnsA,2kn2A,31
8jp4C,2kn2A,31
9barA,2kn2A,31
2kn9A,2kn9A,1
2knxA,2knxA,1
2knyA,2knyA,1
2fvaA,2kooA,9
2k0xA,2kooA,9
2kooA,2kooA,9
2ll8A,2kooA,9
5kp8B,2kooA,9
6oddA,2kooA,9
6y79O,2kooA,9
7arcU,2kooA,9
9f5yJ,2kooA,9
2kp8A,2kp8A,2
3favC,2kp8A,2
2hf1A,2kpiA,2
2kpiA,2kpiA,2
2kpnA,2kpnA,1
2kq9A,2kq9A,1
2kqbA,2kqbA,1
2kqcA,2kqcA,1
2kr1A,2kr1A,1
1bbpA,2kt4B,49
1dzkA,2kt4B,49
1epbA,2kt4B,49
1gkaA,2kt4B,49
1gkaB,2kt4B,49
1iiuA,2kt4B,49
1kt6A,2kt4B,49
1lkeA,2kt4B,49
1n0sA,2kt4B,49
1pm1X,2kt4B,49
1x8pA,2kt4B,49
1xkiA,2kt4B,49
1z24A,2kt4B,49
1zndA,2kt4B,49
2a2gA,2kt4B,49
2hlvA,2kt4B,49
2hzqA,2kt4B,49
2kt4B,2kt4B,49
2ktdA,2kt4B,49
2ovdA,2kt4B,49
2ra6A,2kt4B,49
2yg2A,2kt4B,49
3hwgB,2kt4B,49
3kffA,2kt4B,49
3kq0A,2kt4B,49
3saoA,2kt4B,49
4boeA,2kt4B,49
4ge1A,2kt4B,49
4gnyA,2kt4B,49
4iaxA,2kt4B,49
4imoA,2kt4B,49
4n7cA,2kt4B,49
4nyqA,2kt4B,49
4xmeA,2kt4B,49
5ez2A,2kt4B,49
5h9nA,2kt4B,49
6gr0A,2kt4B,49
6kfdA,2kt4B,49
6qmuA,2kt4B,49
6uboA,2kt4B,49
6z2cA,2kt4B,49
6z6zA,2kt4B,49
7br1A,2kt4B,49
7oubB,2kt4B,49
7ycbA,2kt4B,49
8aeiA,2kt4B,49
8aejA,2kt4B,49
8epvA,2kt4B,49
8wb2A,2kt4B,49
2kuoA,2kuoA,1
2kwqA,2kwqA,1
2kyuA,2kyuA,1
2kz2A,2kz2A,1
2kzyA,2kzyA,1
2l00A,2l00A,1
1x4jA,2l0bA,9
2ectA,2l0bA,9
2l0bA,2l0bA,9
4v3lC,2l0bA,9
5d0iA,2l0bA,9
5zc4A,2l0bA,9
6w7zB,2l0bA,9
7bvwA,2l0bA,9
9n1fA,2l0bA,9
2l0zA,2l0zA,1
2l43A,2l43A,1
2l4dA,2l4dA,4
3cp5A,2l4dA,4
3wfdC,2l4dA,4
4xydB,2l4dA,4
2l4zA,2l4zA,1
2l51A,2l51A,1
1mm2A,2l5uA,7
1xwhA,2l5uA,7
2kftA,2l5uA,7
2l5uA,2l5uA,7
2puyA,2l5uA,7
2yqlA,2l5uA,7
7cwhB,2l5uA,7
2k60A,2l5yA,3
2l5yA,2l5yA,3
6pw7A,2l5yA,3
2l6lA,2l6lA,1
2l6mA,2l6mA,1
2l6yB,2l6yB,1
2l7pA,2l7pA,1
2l7xA,2l7xA,1
2l8eA,2l8eA,1
2l9zA,2l9zA,1
2lauA,2lauA,1
2lbuB,2lbuB,1
2lceA,2lceA,1
1wj2A,2lexA,11
2aydA,2lexA,11
2lexA,2lexA,11
5w3xB,2lexA,11
6j4eB,2lexA,11
6j4fB,2lexA,11
6j4gB,2lexA,11
7d11A,2lexA,11
7z0rA,2lexA,11
8iexA,2lexA,11
8k31B,2lexA,11
2lgpA,2lgpA,1
2lk0A,2lk0A,1
2lkoA,2lkoA,1
2ll4M,2ll4M,1
2lliA,2lliA,1
2lmtA,2lmtA,2
7mirB,2lmtA,2
2lo2A,2lo2A,1
2lo3A,2lo3A,1
2lq6A,2lq6A,1
2lriC,2lriC,1
2lrrA,2lrrA,1
2b7yA,2ltnA,2
2ltnA,2ltnA,2
2luyA,2luyA,1
2lv2A,2lv2A,1
2lvhA,2lvhA,1
2lvrA,2lvrA,2
6h0fC,2lvrA,2
2lwrA,2lwrA,1
2lxdA,2lxdA,1
2lxwA,2lxwA,1
2lxyA,2lxyA,1
2ly0A,2ly0A,1
2lzeA,2lzeA,1
2lzgA,2lzgA,1
2m0dA,2m0dA,2
7mc3A,2m0dA,2
2m13A,2m13A,1
2m1sA,2m1sA,1
2ljxA,2m3lA,4
2ljyA,2m3lA,4
2ljzA,2m3lA,4
2m3lA,2m3lA,4
2m48A,2m48A,1
2m6mA,2m6mA,1
2m6nA,2m6nA,2
2rt9A,2m6nA,2
2m7aA,2m7aA,1
2m7bA,2m7bA,1
2m7yA,2m7yA,1
2m85A,2m85A,1
2m96A,2m96A,1
2m98A,2m98A,1
2m9aA,2m9aA,1
2m9rA,2m9rA,1
2m9yA,2m9yA,1
2ma5A,2ma5A,1
2ma7A,2ma7A,1
2mbvA,2mbvA,1
2mc0A,2mc0A,1
2md7B,2md7B,1
2mdgA,2mdgA,1
2mf8A,2mf8A,1
2mijA,2mijA,1
2miqA,2miqA,1
2miuA,2miuA,1
1a6vH,2movA,218
1a6vL,2movA,218
1bfvH,2movA,218
1bfvL,2movA,218
1dfxA,2movA,218
1dl7H,2movA,218
1dqiA,2movA,218
1dvfB,2movA,218
1dvfD,2movA,218
1ek3A,2movA,218
1i3uA,2movA,218
1kj2A,2movA,218
1mfaL,2movA,218
1nmbH,2movA,218
1qd0A,2movA,218
1qfoA,2movA,218
1t6wA,2movA,218
1u9kA,2movA,218
1vziA,2movA,218
1waaA,2movA,218
1wz1H,2movA,218
1xedA,2movA,218
1y07A,2movA,218
2aepH,2movA,218
2aepL,2movA,218
2cjuH,2movA,218
2e27H,2movA,218
2e27L,2movA,218
2g5rA,2movA,218
2hvbA,2movA,218
2movA,2movA,218
2nncA,2movA,218
2uziH,2movA,218
2verN,2movA,218
3bd5A,2movA,218
3bibX,2movA,218
3cu1A,2movA,218
3h3pH,2movA,218
3iduA,2movA,218
3kaaB,2movA,218
3noiB,2movA,218
3qxtA,2movA,218
3qxvE,2movA,218
3qzbA,2movA,218
3r8bB,2movA,218
3t0wA,2movA,218
3u79A,2movA,218
43caA,2movA,218
43caB,2movA,218
4aizA,2movA,218
4bglA,2movA,218
4bk8A,2movA,218
4gosA,2movA,218
4k3gB,2movA,218
4k55A,2movA,218
4lgrB,2movA,218
4nfdA,2movA,218
4ob5L,2movA,218
4rzcA,2movA,218
4rzcB,2movA,218
4ut6L,2movA,218
4y88A,2movA,218
4y8aA,2movA,218
4yqxH,2movA,218
5abdE,2movA,218
5acmA,2movA,218
5f7hA,2movA,218
5hggS,2movA,218
5ja8D,2movA,218
5jdjB,2movA,218
5l6qA,2movA,218
5n0aL,2movA,218
5vl2A,2movA,218
5vm0A,2movA,218
5vm6A,2movA,218
5xwdD,2movA,218
5xwdH,2movA,218
6b8oA,2movA,218
6c74A,2movA,218
6cdi3,2movA,218
6d4aA,2movA,218
6dcqH,2movA,218
6dfhG,2movA,218
6f2gB,2movA,218
6gq8A,2movA,218
6h3tI,2movA,218
6h4lA,2movA,218
6itqA,2movA,218
6j11F,2movA,218
6ks1L,2movA,218
6ksnA,2movA,218
6mtjD,2movA,218
6obgC,2movA,218
6okpK,2movA,218
6okpM,2movA,218
6ozcC,2movA,218
6p62C,2movA,218
6r0xE,2movA,218
6s2iA,2movA,218
6sm1A,2movA,218
6tnpA,2movA,218
6tnpB,2movA,218
6udjB,2movA,218
6udjE,2movA,218
6v7zF,2movA,218
6vi0D,2movA,218
6vttH,2movA,218
6xrtH,2movA,218
6y54O,2movA,218
6y54P,2movA,218
7a3qH,2movA,218
7fauB,2movA,218
7k9jH,2movA,218
7kc1E,2movA,218
7kd2C,2movA,218
7kdeJ,2movA,218
7l56F,2movA,218
7lg6L,2movA,218
7lx2H,2movA,218
7lx2L,2movA,218
7m3zA,2movA,218
7olzC,2movA,218
7om5A,2movA,218
7pc2J,2movA,218
7pc2M,2movA,218
7pc2N,2movA,218
7ph3C,2movA,218
7qbgE,2movA,218
7quiA,2movA,218
7r8mH,2movA,218
7r8oH,2movA,218
7rsnJ,2movA,218
7t74H,2movA,218
7t74L,2movA,218
7t9aH,2movA,218
7te8A,2movA,218
7te8C,2movA,218
7tjcA,2movA,218
7tn9M,2movA,218
7tn9N,2movA,218
7uotL,2movA,218
7uovF,2movA,218
7ur6D,2movA,218
7uraH,2movA,218
7wvgC,2movA,218
7xjfC,2movA,218
7xldB,2movA,218
7y0wH,2movA,218
7yadC,2movA,218
7zlkO,2movA,218
7zlkR,2movA,218
8a67D,2movA,218
8cohA,2movA,218
8d53D,2movA,218
8derL,2movA,218
8dokD,2movA,218
8dt3H,2movA,218
8dtoD,2movA,218
8ejhh,2movA,218
8fczC,2movA,218
8fk5L,2movA,218
8fl1H,2movA,218
8flwL,2movA,218
8ftgA,2movA,218
8fymI,2movA,218
8g3oC,2movA,218
8g40C,2movA,218
8gpiA,2movA,218
8h7mA,2movA,218
8idoC,2movA,218
8jn4H,2movA,218
8pizB,2movA,218
8pjpC,2movA,218
8q6rA,2movA,218
8qf5G,2movA,218
8r9xL,2movA,218
8s4hA,2movA,218
8s6zC,2movA,218
8sarM,2movA,218
8sauC,2movA,218
8sauD,2movA,218
8sayD,2movA,218
8sayH,2movA,218
8sb4C,2movA,218
8ulsL,2movA,218
8v9xA,2movA,218
8vbaH,2movA,218
8vbbH,2movA,218
8xr5A,2movA,218
8yteC,2movA,218
9auhG,2movA,218
9b9kL,2movA,218
9bdgF,2movA,218
9bioH,2movA,218
9bnlH,2movA,218
9bnmH,2movA,218
9bnmL,2movA,218
9bnpH,2movA,218
9bsvD,2movA,218
9btlL,2movA,218
9btvL,2movA,218
9cu5E,2movA,218
9cu6L,2movA,218
9d1wH,2movA,218
9d1wL,2movA,218
9d3dH,2movA,218
9d90J,2movA,218
9ehlH,2movA,218
9ehlJ,2movA,218
9etjC,2movA,218
9fauF,2movA,218
9fxfA,2movA,218
9g6qH,2movA,218
9g6qL,2movA,218
9i0uA,2movA,218
9msyI,2movA,218
9o55H,2movA,218
9o55L,2movA,218
2mreB,2mreB,1
2mtzA,2mtzA,1
2mwgA,2mwgA,1
2mwjA,2mwjA,1
2mxvA,2mxvA,1
2my5A,2my5A,1
2mzzA,2mzzA,16
2nytA,2mzzA,16
2nytD,2mzzA,16
3v4kA,2mzzA,16
3vowA,2mzzA,16
4rovB,2mzzA,16
5cqiA,2mzzA,16
5hx5A,2mzzA,16
5k81A,2mzzA,16
5tkmA,2mzzA,16
5w3vA,2mzzA,16
5z98A,2mzzA,16
5zvbA,2mzzA,16
8fiiA,2mzzA,16
8fikA,2mzzA,16
8j62A,2mzzA,16
2kdpA,2n1uA,2
2n1uA,2n1uA,2
2n26A,2n26A,1
2n8aA,2n8aA,1
2n8rD,2n8rD,1
2n8yA,2n8yA,1
2n94A,2n94A,1
2n95A,2n95A,1
2n9oA,2n9oA,1
2na5A,2na5A,1
2nabA,2nabA,1
2naxA,2naxA,1
2nb9A,2nb9A,1
2nc3A,2nc3A,1
1vpyA,2nlyA,26
2c71A,2nlyA,26
2cc0A,2nlyA,26
2e67A,2nlyA,26
2iw0A,2nlyA,26
2j13A,2nlyA,26
2nlyA,2nlyA,26
2vyoA,2nlyA,26
2w3zA,2nlyA,26
2y8uA,2nlyA,26
3cl7A,2nlyA,26
3hftA,2nlyA,26
3rxzA,2nlyA,26
4ly4A,2nlyA,26
5jmuA,2nlyA,26
5n1pA,2nlyA,26
5o6yA,2nlyA,26
5z34A,2nlyA,26
5zntA,2nlyA,26
6h8nA,2nlyA,26
7ax7A,2nlyA,26
7blyA,2nlyA,26
7vi8A,2nlyA,26
8he1A,2nlyA,26
8hfaA,2nlyA,26
8jqeA,2nlyA,26
2nogA,2nogA,1
2nomB,2nomB,1
1vi0A,2np5A,56
2eh3A,2np5A,56
2i10A,2np5A,56
2id3A,2np5A,56
2np5A,2np5A,56
2v57A,2np5A,56
2vprA,2np5A,56
2xpwA,2np5A,56
2y30A,2np5A,56
2yveA,2np5A,56
3anpA,2np5A,56
3aqtA,2np5A,56
3b6cA,2np5A,56
3bqzA,2np5A,56
3frqA,2np5A,56
3htiA,2np5A,56
3lsjA,2np5A,56
3p9tA,2np5A,56
3qbmA,2np5A,56
3v78A,2np5A,56
4ac0A,2np5A,56
4i76A,2np5A,56
4jykA,2np5A,56
4w97A,2np5A,56
5d1rA,2np5A,56
5dy1A,2np5A,56
5fglA,2np5A,56
5k7hA,2np5A,56
5mruA,2np5A,56
5ojyA,2np5A,56
5vlgA,2np5A,56
5x3rA,2np5A,56
6ayhA,2np5A,56
6ayiA,2np5A,56
6dewA,2np5A,56
6el2A,2np5A,56
6g8gA,2np5A,56
6hs0A,2np5A,56
6o6nA,2np5A,56
6rxbA,2np5A,56
6rxbB,2np5A,56
6srnA,2np5A,56
6wp9A,2np5A,56
7acmA,2np5A,56
7e1nA,2np5A,56
7kd8A,2np5A,56
7n4zD,2np5A,56
7n53A,2np5A,56
7nggC,2np5A,56
7xxnA,2np5A,56
8fw3A,2np5A,56
8hjbA,2np5A,56
8oo2A,2np5A,56
8suaA,2np5A,56
8t5yA,2np5A,56
8w39A,2np5A,56
2np9A,2np9A,1
1cbfA,2npnA,15
1s4dA,2npnA,15
1v9aA,2npnA,15
2bb3A,2npnA,15
2e0nA,2npnA,15
2npnA,2npnA,15
2qbuA,2npnA,15
2yboA,2npnA,15
2z6rA,2npnA,15
2zvbA,2npnA,15
3nd1A,2npnA,15
3ndcA,2npnA,15
3nutA,2npnA,15
5hw4A,2npnA,15
9chkA,2npnA,15
2ns6A,2ns6A,3
4ht4A,2ns6A,3
4lviA,2ns6A,3
2nsfA,2nsfA,1
2nspA,2nspA,3
5olrA,2nspA,3
9mm2A,2nspA,3
2nugA,2nugA,3
4oogC,2nugA,3
7r97A,2nugA,3
2nv4A,2nv4A,2
3okxA,2nv4A,2
2nvuB,2nvuB,1
2nwbA,2nwbA,4
2v7kA,2nwbA,4
8abxA,2nwbA,4
9dfiA,2nwbA,4
2nxpA,2nxpA,1
2gx8A,2nydB,3
2nydA,2nydB,3
2nydB,2nydB,3
2nykA,2nykA,16
3fruC,2nykA,16
3g08A,2nykA,16
3l9rA,2nykA,16
3p73A,2nykA,16
4f7eA,2nykA,16
4x6cC,2nykA,16
5j1aA,2nykA,16
5wl1A,2nykA,16
6c98A,2nykA,16
6pudA,2nykA,16
6r2uA,2nykA,16
7mx4A,2nykA,16
7p4bE,2nykA,16
8sosA,2nykA,16
8vz9A,2nykA,16
2nz0B,2nz0B,1
2o012,2o012,1
2o013,2o013,1
2o01H,2o01H,1
2o08A,2o08A,5
2ogiA,2o08A,5
3ccgA,2o08A,5
8jjaA,2o08A,5
8wmyA,2o08A,5
2o0jA,2o0jA,1
2o14A,2o14A,1
2o1kB,2o1kB,1
2o39C,2o39C,1
2o5aA,2o5aA,3
4wcwD,2o5aA,3
7pd3u,2o5aA,3
2o73A,2o73A,3
2q37A,2o73A,3
3o7jA,2o73A,3
2o7sA,2o7sA,1
2oajA,2oajA,1
2obbA,2obbA,1
2obdA,2obdA,1
2obeA,2obeA,1
1exrA,2obhA,9
1ggzA,2obhA,9
1topA,2obhA,9
2f2oA,2obhA,9
2obhA,2obhA,9
3qrxA,2obhA,9
5d43A,2obhA,9
6oqqB,2obhA,9
8fo6B,2obhA,9
1pvoB,2oblA,10
2dpyB,2oblA,10
2oblA,2oblA,10
3ofnV,2oblA,10
5jjiA,2oblA,10
5ybiA,2oblA,10
6njpB,2oblA,10
6sdxA,2oblA,10
7oqhA,2oblA,10
8hsjA,2oblA,10
2od0B,2od0B,1
2oaaA,2odiA,2
2odiA,2odiA,2
1nkuA,2ofkA,3
2jg6A,2ofkA,3
2ofkA,2ofkA,3
2okcA,2okcA,4
5ybbA,2okcA,4
7vruA,2okcA,4
7vruB,2okcA,4
2olvA,2olvA,2
3vmaA,2olvA,2
1n1bA,2ongA,15
2ongA,2ongA,15
3g4fA,2ongA,15
3n0gA,2ongA,15
3p5pA,2ongA,15
3sdrA,2ongA,15
4lixA,2ongA,15
5il3A,2ongA,15
5uv2A,2ongA,15
6a2cA,2ongA,15
6a3xA,2ongA,15
7bzbA,2ongA,15
7xkwA,2ongA,15
7y47B,2ongA,15
9d2aA,2ongA,15
2oo4A,2oo4A,3
3etoA,2oo4A,3
5czxA,2oo4A,3
2oolA,2oolA,8
4e04A,2oolA,8
5ajgA,2oolA,8
5vivA,2oolA,8
6bafA,2oolA,8
6saxA,2oolA,8
8r45A,2oolA,8
9naaA,2oolA,8
2opcA,2opcA,1
2oqrA,2oqrA,1
1jymA,2os1A,33
1lm4A,2os1A,33
1lqyA,2os1A,33
1n5nA,2os1A,33
1rl4A,2os1A,33
1ws1A,2os1A,33
1xeoA,2os1A,33
1y6hA,2os1A,33
2oklA,2os1A,33
2os1A,2os1A,33
2os3A,2os1A,33
3e3uA,2os1A,33
3fwxA,2os1A,33
3g5kA,2os1A,33
3g6nA,2os1A,33
3l87A,2os1A,33
3pn3A,2os1A,33
3qu1A,2os1A,33
3u04A,2os1A,33
3uwbA,2os1A,33
4dr8A,2os1A,33
4je6A,2os1A,33
4wxlA,2os1A,33
5hgwA,2os1A,33
5j46A,2os1A,33
5jf3A,2os1A,33
5kobA,2os1A,33
6ck7A,2os1A,33
6iktA,2os1A,33
6jevA,2os1A,33
6jf8A,2os1A,33
6jfcA,2os1A,33
6ow7P,2os1A,33
2osoA,2osoA,4
3a8eA,2osoA,4
5fryA,2osoA,4
7vqfA,2osoA,4
2ostA,2ostA,1
2ou2A,2ou2A,5
2pq8A,2ou2A,5
3to7A,2ou2A,5
7d0pA,2ou2A,5
9dznA,2ou2A,5
2owlA,2owlA,1
2ox6A,2ox6A,1
1vecA,2oxcA,18
2gxqA,2oxcA,18
2oxcA,2oxcA,18
2pl3A,2oxcA,18
3berA,2oxcA,18
3dkpA,2oxcA,18
3fe2A,2oxcA,18
3fmoB,2oxcA,18
3iuyA,2oxcA,18
3llmA,2oxcA,18
3ly5A,2oxcA,18
4px9A,2oxcA,18
5gjuA,2oxcA,18
5h1yA,2oxcA,18
5zbzA,2oxcA,18
6aicA,2oxcA,18
7ks4B,2oxcA,18
9dlpD,2oxcA,18
1ethA,2oxeA,9
1gplA,2oxeA,9
1hplA,2oxeA,9
1lpbB,2oxeA,9
1rp1A,2oxeA,9
1w52X,2oxeA,9
2oxeA,2oxeA,9
2pplA,2oxeA,9
6oauA,2oxeA,9
2oy3A,2oy3A,6
6j02A,2oy3A,6
6sa5A,2oy3A,6
7bzzA,2oy3A,6
7c00A,2oy3A,6
7dpxA,2oy3A,6
2oyyA,2oyyA,1
2oz5A,2oz5A,1
2oznB,2oznB,1
2ozyA,2ozyA,1
2p09A,2p0xA,2
2p0xA,2p0xA,2
2p1oB,2p1oB,2
3ogkB,2p1oB,2
1g0hA,2p3nA,23
1jp4A,2p3nA,23
2bjiA,2p3nA,23
2cziA,2p3nA,23
2p3nA,2p3nA,23
3d1rA,2p3nA,23
3lv0A,2p3nA,23
3rojA,2p3nA,23
4as5A,2p3nA,23
4i3yA,2p3nA,23
4qxdA,2p3nA,23
5a5lA,2p3nA,23
5djhA,2p3nA,23
5dw8A,2p3nA,23
5eq8A,2p3nA,23
5zonA,2p3nA,23
6ayuA,2p3nA,23
6b62A,2p3nA,23
6giuA,2p3nA,23
6ib8A,2p3nA,23
7txgA,2p3nA,23
8wdqA,2p3nA,23
9mmiA,2p3nA,23
2oaiA,2p4pB,5
2p4pB,2p4pB,5
2pliA,2p4pB,5
2plsG,2p4pB,5
3dedA,2p4pB,5
2p9xC,2p9xC,1
2pagA,2pagA,1
2pebA,2pebA,1
2pf4E,2pf4E,1
2pgqA,2pgqA,1
2pi4A,2pi4A,4
8ap1A,2pi4A,4
8dh5M,2pi4A,4
8u8vE,2pi4A,4
2pjpA,2pjpA,1
2pkgC,2pkgC,1
2pkpA,2pkpA,1
1ag9A,2pl1A,122
1b1cA,2pl1A,122
1bvyF,2pl1A,122
1ccwA,2pl1A,122
1cznA,2pl1A,122
1dckA,2pl1A,122
1fueA,2pl1A,122
1gtzA,2pl1A,122
1id8A,2pl1A,122
1j56A,2pl1A,122
1jlkA,2pl1A,122
1k68A,2pl1A,122
1l5yA,2pl1A,122
1mb3A,2pl1A,122
1mvoA,2pl1A,122
1qmpA,2pl1A,122
1rljA,2pl1A,122
1srrA,2pl1A,122
1xhfA,2pl1A,122
1y80A,2pl1A,122
1ykgA,2pl1A,122
1zesA,2pl1A,122
1zh2A,2pl1A,122
1zy2A,2pl1A,122
2c4wA,2pl1A,122
2fcrA,2pl1A,122
2fz5A,2pl1A,122
2jk1A,2pl1A,122
2m6sA,2pl1A,122
2mt9A,2pl1A,122
2pl1A,2pl1A,122
2r25B,2pl1A,122
2wc1A,2pl1A,122
2xodA,2pl1A,122
2y71A,2pl1A,122
2y77A,2pl1A,122
3a10A,2pl1A,122
3cg4A,2pl1A,122
3edoA,2pl1A,122
3f6rA,2pl1A,122
3h1gA,2pl1A,122
3hdgA,2pl1A,122
3hlyB,2pl1A,122
3hr4A,2pl1A,122
3hzhA,2pl1A,122
3kapA,2pl1A,122
3klbA,2pl1A,122
3m6mD,2pl1A,122
3n3aC,2pl1A,122
3nhzB,2pl1A,122
3nnnA,2pl1A,122
3nnsA,2pl1A,122
3q15D,2pl1A,122
3rvqA,2pl1A,122
3to5A,2pl1A,122
3w9sA,2pl1A,122
4d6yA,2pl1A,122
4e7pA,2pl1A,122
4eukA,2pl1A,122
4h2dA,2pl1A,122
4h60A,2pl1A,122
4heqA,2pl1A,122
4iciA,2pl1A,122
4igaA,2pl1A,122
4j8pA,2pl1A,122
4ja2A,2pl1A,122
4le0A,2pl1A,122
4n82A,2pl1A,122
4nicA,2pl1A,122
4oxxA,2pl1A,122
4qpjD,2pl1A,122
4r3uC,2pl1A,122
4uhjA,2pl1A,122
5brjA,2pl1A,122
5ic5A,2pl1A,122
5k9bA,2pl1A,122
5ljiA,2pl1A,122
5ljpA,2pl1A,122
5lwkA,2pl1A,122
5n2nA,2pl1A,122
5nulA,2pl1A,122
5vegA,2pl1A,122
5widA,2pl1A,122
5wq0A,2pl1A,122
5xjpA,2pl1A,122
5ydbA,2pl1A,122
5yobA,2pl1A,122
6eb7A,2pl1A,122
6ekgY,2pl1A,122
6fsgA,2pl1A,122
6gaqA,2pl1A,122
6hsaA,2pl1A,122
6ifhA,2pl1A,122
6is3C,2pl1A,122
6ohkA,2pl1A,122
6ontA,2pl1A,122
6puqA,2pl1A,122
6qrlA,2pl1A,122
6swlA,2pl1A,122
6vbfA,2pl1A,122
6xvuA,2pl1A,122
6ziiA,2pl1A,122
7cciA,2pl1A,122
7cfwA,2pl1A,122
7e1hA,2pl1A,122
7lcmA,2pl1A,122
7mmsE,2pl1A,122
7mmsH,2pl1A,122
7p8dA,2pl1A,122
7p8eA,2pl1A,122
7qz2A,2pl1A,122
7ve6A,2pl1A,122
7w9hA,2pl1A,122
8g64A,2pl1A,122
8iduA,2pl1A,122
8j4vC,2pl1A,122
8j4yG,2pl1A,122
8pdcA,2pl1A,122
8phnA,2pl1A,122
8phxA,2pl1A,122
8snzA,2pl1A,122
8svzA,2pl1A,122
1wuwA,2plhA,2
2plhA,2plhA,2
2plyB,2plyB,1
2bb6A,2pmvA,5
2pmvA,2pmvA,5
4kkiA,2pmvA,5
7qbfA,2pmvA,5
8ixtA,2pmvA,5
2i0oA,2pomA,20
2i44A,2pomA,20
2iq1A,2pomA,20
2p8eA,2pomA,20
2pnqA,2pomA,20
2pomA,2pomA,20
3kdjB,2pomA,20
3qn1B,2pomA,20
3ujkA,2pomA,20
4iikA,2pomA,20
4jndA,2pomA,20
4n0gA,2pomA,20
4oicB,2pomA,20
4ragA,2pomA,20
4yzgA,2pomA,20
5zcgA,2pomA,20
6b67A,2pomA,20
7n0zA,2pomA,20
8ayaB,2pomA,20
8t2jA,2pomA,20
2puqL,2puqL,1
2pyjA,2pyjA,1
2pziA,2pziA,2
7mxbA,2pziA,2
2q1fA,2q1fA,2
7eiqA,2q1fA,2
1rqjA,2q58A,47
1ubyA,2q58A,47
2e8vA,2q58A,47
2j1pA,2q58A,47
2q58A,2q58A,47
3aq0A,2q58A,47
3aqbB,2q58A,47
3kraA,2q58A,47
3lsnA,2q58A,47
3oyrB,2q58A,47
3pdeA,2q58A,47
3q1oA,2q58A,47
3q2qA,2q58A,47
3qqvA,2q58A,47
3zouA,2q58A,47
4gp1A,2q58A,47
4jzxA,2q58A,47
4kkmB,2q58A,47
4lfgA,2q58A,47
4llsA,2q58A,47
5ahuB,2q58A,47
5cg5A,2q58A,47
5ermA,2q58A,47
5eroA,2q58A,47
5hn9A,2q58A,47
5qtfA,2q58A,47
6b04A,2q58A,47
6c57B,2q58A,47
6g31E,2q58A,47
6j8vD,2q58A,47
6j8wD,2q58A,47
6kd7A,2q58A,47
6lcdA,2q58A,47
6r09A,2q58A,47
6vkzA,2q58A,47
6vydA,2q58A,47
7my0A,2q58A,47
7my6A,2q58A,47
7s0mA,2q58A,47
8a7cA,2q58A,47
8djmB,2q58A,47
8f8kA,2q58A,47
8yl9A,2q58A,47
8ylaA,2q58A,47
9cslA,2q58A,47
9imrA,2q58A,47
9nsrA,2q58A,47
2q6qA,2q6qA,1
2q73A,2q73B,6
2q73B,2q73B,6
4qgpA,2q73B,6
5ie9A,2q73B,6
6sqwA,2q73B,6
7mu5A,2q73B,6
2q7aA,2q7aA,1
2q7sA,2q7sA,1
1qx0A,2q7tA,5
2a0iA,2q7tA,5
2q7tA,2q7tA,5
3l6tA,2q7tA,5
8a1bA,2q7tA,5
2qb7A,2qb7A,1
1bcpE,2qcpX,20
1bcpF,2qcpX,20
1djrD,2qcpX,20
1v1qA,2qcpX,20
2qcpX,2qcpX,20
3dwqA,2qcpX,20
4l6tB,2qcpX,20
5elbA,2qcpX,20
5g3lD,2qcpX,20
5gqoA,2qcpX,20
5whuA,2qcpX,20
6a6jA,2qcpX,20
6p4nC,2qcpX,20
6rupB,2qcpX,20
7depB,2qcpX,20
7ee5A,2qcpX,20
7vumA,2qcpX,20
7ym1A,2qcpX,20
8bwvA,2qcpX,20
8c2qA,2qcpX,20
2qdfA,2qdfA,1
2qebA,2qebA,2
3l4lA,2qebA,2
2cfeA,2qerA,9
2eslF,2qerA,9
2igvA,2qerA,9
2qerA,2qerA,9
3iciA,2qerA,9
6hmzX,2qerA,9
6lkbA,2qerA,9
7th6A,2qerA,9
9e3sC,2qerA,9
1m4mA,2qfaA,3
2qfaA,2qfaA,3
2raxA,2qfaA,3
2qjoA,2qjoA,2
2qjtA,2qjoA,2
2qkdA,2qkdA,1
2qkhB,2qkhB,1
2kxvA,2qngA,3
2qngA,2qngA,3
3ibzA,2qngA,3
2qqdC,2qqdC,1
2qqmA,2qqoA,3
2qqoA,2qqoA,3
7t4sF,2qqoA,3
2qrdB,2qrdB,1
1q5yA,2qswA,8
2qswA,2qswA,8
2raqA,2qswA,8
3bkfA,2qswA,8
3bpdA,2qswA,8
3phtB,2qswA,8
6y2cA,2qswA,8
6y2cB,2qswA,8
2qt7A,2qt7A,1
1gpuA,2qtcA,33
1itzA,2qtcA,33
1r9jA,2qtcA,33
2jgdA,2qtcA,33
2qtcA,2qtcA,33
2xt6B,2qtcA,33
3ahcA,2qtcA,33
3m49A,2qtcA,33
3m6lA,2qtcA,33
3rimA,2qtcA,33
3uptA,2qtcA,33
4c7xA,2qtcA,33
4kxvA,2qtcA,33
4xeuA,2qtcA,33
5nd5A,2qtcA,33
5rw1A,2qtcA,33
5vrbA,2qtcA,33
5xvtA,2qtcA,33
6guaA,2qtcA,33
6kmaA,2qtcA,33
6lxvA,2qtcA,33
6r29A,2qtcA,33
6tj8A,2qtcA,33
7wrrA,2qtcA,33
8cipA,2qtcA,33
8i0kA,2qtcA,33
8io8A,2qtcA,33
8qmfA,2qtcA,33
8r3oA,2qtcA,33
8r3pA,2qtcA,33
8r3qA,2qtcA,33
8r3rA,2qtcA,33
8r3sA,2qtcA,33
2qthA,2qthA,1
2qtsA,2qtsA,1
2qv6A,2qv6A,1
2qvwA,2qvwA,1
1cbkA,2qx0A,6
1ru1A,2qx0A,6
2qx0A,2qx0A,6
3ip0A,2qx0A,6
5etrA,2qx0A,6
8sk1A,2qx0A,6
2qxfA,2qxfA,1
2r09A,2r09A,1
2r2vC,2r2vC,1
2r4fA,2r4fB,12
2r4fB,2r4fB,12
4i6yA,2r4fB,12
5wpjA,2r4fB,12
5wpkB,2r4fB,12
6dioB,2r4fB,12
6eevA,2r4fB,12
6hr8A,2r4fB,12
6p7kA,2r4fB,12
7m3hA,2r4fB,12
7m66A,2r4fB,12
8ecgA,2r4fB,12
2r6fA,2r6fA,5
2vf7A,2r6fA,5
3pihA,2r6fA,5
3zqjA,2r6fA,5
9ga5A,2r6fA,5
2r7dA,2r7dA,1
2r7eA,2r7eA,1
1sddB,2r7eB,2
2r7eB,2r7eB,2
2r8uA,2r8uA,1
2hciA,2ra4B,5
2ra4B,2ra4B,5
4r9wB,2ra4B,5
5coyA,2ra4B,5
5d65A,2ra4B,5
2rakA,2rakA,1
1dyqA,2rdgA,19
1eu3A,2rdgA,19
1eu4A,2rdgA,19
1ewcA,2rdgA,19
1hqrD,2rdgA,19
1l0yB,2rdgA,19
1se3A,2rdgA,19
1ty2A,2rdgA,19
2aq2B,2rdgA,19
2g9hD,2rdgA,19
2iciA,2rdgA,19
2j4xA,2rdgA,19
2rdgA,2rdgA,19
2z8lA,2rdgA,19
3ea6A,2rdgA,19
4rcoA,2rdgA,19
4rfbA,2rdgA,19
5fkaC,2rdgA,19
5i4dA,2rdgA,19
2d9nA,2rhkC,2
2rhkC,2rhkC,2
1fqoA,2ri1A,11
1ne7A,2ri1A,11
2bkxA,2ri1A,11
2okgB,2ri1A,11
2ri1A,2ri1A,11
3eb9A,2ri1A,11
4l51A,2ri1A,11
4l5jA,2ri1A,11
4oqpA,2ri1A,11
4tm7A,2ri1A,11
5hj5A,2ri1A,11
2ri7A,2ri7A,1
2rioA,2rioA,3
4eutA,2rioA,3
6w39A,2rioA,3
2riqA,2riqA,1
2rjiA,2rjiA,1
1bwoA,2rknA,7
1fk6A,2rknA,7
1midA,2rknA,7
1tukA,2rknA,7
2rknA,2rknA,7
5lqvA,2rknA,7
5tviW,2rknA,7
2rlfC,2rlfC,1
2rnbA,2rnbA,1
2rpcA,2rpcA,1
2rprA,2rprA,1
1wewA,2rsdA,2
2rsdA,2rsdA,2
2rsfA,2rsfA,1
2rsiA,2rsiA,1
2rsjA,2rsjA,1
2uvfA,2uvfA,1
2uvpB,2uvpB,1
2uwnA,2uwnA,1
1ffyA,2v0cA,13
1gaxA,2v0cA,13
1ileA,2v0cA,13
1obhA,2v0cA,13
2v0cA,2v0cA,13
4arcA,2v0cA,13
5ah5A,2v0cA,13
6ldkA,2v0cA,13
6lpfA,2v0cA,13
7d5cA,2v0cA,13
7nu0A,2v0cA,13
8c9gA,2v0cA,13
8wnjA,2v0cA,13
1hm9A,2v0iA,7
1hv9A,2v0iA,7
2qkxA,2v0iA,7
2v0iA,2v0iA,7
4fceA,2v0iA,7
4g3qA,2v0iA,7
9dr4A,2v0iA,7
1jnuA,2v0uA,18
2pr5A,2v0uA,18
2v0uA,2v0uA,18
2z6cA,2v0uA,18
2z6dA,2v0uA,18
3ue6A,2v0uA,18
3ue6C,2v0uA,18
6t74A,2v0uA,18
7a6pA,2v0uA,18
7ob0A,2v0uA,18
7r5nA,2v0uA,18
7yx0A,2v0uA,18
7yx0C,2v0uA,18
8a37A,2v0uA,18
8dikA,2v0uA,18
8j68A,2v0uA,18
8qi8A,2v0uA,18
9vf8A,2v0uA,18
2v2kA,2v2kA,2
7fd1A,2v2kA,2
1gqiA,2v5cA,8
1l8nA,2v5cA,8
2v5cA,2v5cA,8
2v5dA,2v5cA,8
5fkyA,2v5cA,8
6hzfA,2v5cA,8
6hzgA,2v5cA,8
6pv4A,2v5cA,8
2v5eA,2v5eA,1
1dcpA,2v6tA,2
2v6tA,2v6tA,2
2v89A,2v89B,2
2v89B,2v89B,2
2v8tA,2v8tA,1
2v9kA,2v9kA,1
2vacA,2vacA,2
5hvkD,2vacA,2
1ofuA,2vapA,15
1w5fA,2vapA,15
2r751,2vapA,15
2rhlA,2vapA,15
2vapA,2vapA,15
3m89A,2vapA,15
3r4vA,2vapA,15
3zbqA,2vapA,15
3zidA,2vapA,15
4b45A,2vapA,15
4b46A,2vapA,15
4xcqA,2vapA,15
6rvqA,2vapA,15
6umkA,2vapA,15
6y1uA,2vapA,15
2vboA,2vboA,4
3e54B,2vboA,4
3mipA,2vboA,4
5a74B,2vboA,4
2vbuA,2vbuA,1
2vckA,2vckA,6
2x9oA,2vckA,6
3agcA,2vckA,6
3i94A,2vckA,6
6kmeA,2vckA,6
6qx6A,2vckA,6
1a3wA,2vgiB,21
2vgiB,2vgiB,21
3hqpA,2vgiB,21
3qv8A,2vgiB,21
3qv9B,2vgiB,21
4ip7A,2vgiB,21
4kctA,2vgiB,21
4ks0A,2vgiB,21
5ws9A,2vgiB,21
6b6uA,2vgiB,21
6du6A,2vgiB,21
6k0kA,2vgiB,21
6k0kC,2vgiB,21
6p0yA,2vgiB,21
6qxlA,2vgiB,21
6qxlJ,2vgiB,21
6su2A,2vgiB,21
6wp3B,2vgiB,21
7fs3A,2vgiB,21
7z4nA,2vgiB,21
8eq0A,2vgiB,21
2vh3A,2vh3A,1
2vhjA,2vhjA,1
2f4fA,2vjuA,4
2vicA,2vjuA,4
2vjuA,2vjuA,4
2xo6A,2vjuA,4
1q6zA,2vk8A,51
1v5eA,2vk8A,51
2c31A,2vk8A,51
2ihtA,2vk8A,51
2nxwA,2vk8A,51
2pgnA,2vk8A,51
2q28A,2vk8A,51
2uz1A,2vk8A,51
2vbfA,2vk8A,51
2vbiA,2vk8A,51
2vk4A,2vk8A,51
2vk8A,2vk8A,51
2x7jA,2vk8A,51
3eyaA,2vk8A,51
4cokA,2vk8A,51
4k9qA,2vk8A,51
4kgdA,2vk8A,51
4q9dA,2vk8A,51
4rjjA,2vk8A,51
5ahkA,2vk8A,51
5dx6A,2vk8A,51
5ej8A,2vk8A,51
5esoA,2vk8A,51
5eujA,2vk8A,51
5npuA,2vk8A,51
5tmaA,2vk8A,51
6bd9A,2vk8A,51
6denA,2vk8A,51
6lpiA,2vk8A,51
6qsiA,2vk8A,51
6wo1A,2vk8A,51
6xn8A,2vk8A,51
7aygA,2vk8A,51
7eheA,2vk8A,51
7pt1A,2vk8A,51
7tinA,2vk8A,51
8hp4A,2vk8A,51
8i08A,2vk8A,51
8rphF,2vk8A,51
8rpjA,2vk8A,51
8vzcA,2vk8A,51
8vzeA,2vk8A,51
8vziA,2vk8A,51
8vzjA,2vk8A,51
8vzkA,2vk8A,51
8x3xA,2vk8A,51
8x3zA,2vk8A,51
8y8mA,2vk8A,51
8zk6A,2vk8A,51
9c4pA,2vk8A,51
9ev3A,2vk8A,51
2vm9A,2vm9A,2
2wn3A,2vm9A,2
2vmhA,2vmhA,2
2vngA,2vmhA,2
2vn2A,2vn2A,1
2vn5B,2vn5B,3
2vn6B,2vn5B,3
5lxvB,2vn5B,3
1ouoA,2vndA,3
2pu3A,2vndA,3
2vndA,2vndA,3
2vovA,2vovA,1
2vpyC,2vpyC,1
1h0hB,2vpzB,4
2vpzB,2vpzB,4
6cz7B,2vpzB,4
8cm6B,2vpzB,4
2vq2A,2vq2A,3
7cc7A,2vq2A,3
8chyA,2vq2A,3
2vqgA,2vqgA,1
1npcA,2vqxA,12
2vqxA,2vqxA,12
3nqxA,2vqxA,12
4gerA,2vqxA,12
4k90A,2vqxA,12
5jviE,2vqxA,12
7eccA,2vqxA,12
7qfyA,2vqxA,12
7qp3A,2vqxA,12
7sklA,2vqxA,12
8cr4A,2vqxA,12
9h0xA,2vqxA,12
2vrdA,2vrdA,1
2vrwB,2vrwB,1
2vsoA,2vsoA,2
4ct4B,2vsoA,2
2dt5A,2vt3A,4
2vt3A,2vt3A,4
3wghA,2vt3A,4
5zz6A,2vt3A,4
2vvdA,2vvdA,1
2vveA,2vveA,1
2vvfA,2vvfA,1
2vvjA,2vvjA,1
2vwaA,2vwaA,1
2vwoL,2vwoL,3
2y80B,2vwoL,3
5parA,2vwoL,3
2vxoA,2vxoA,1
2vy4A,2vy4A,1
1c4kA,2vycA,5
2vycA,2vycA,5
3n75A,2vycA,5
6q6iA,2vycA,5
9e0oA,2vycA,5
2r58A,2vytB,3
2vytA,2vytB,3
2vytB,2vytB,3
1jgcA,2vzbA,100
1ji5A,2vzbA,100
1jigA,2vzbA,100
1lkoA,2vzbA,100
1n1qA,2vzbA,100
1nfvA,2vzbA,100
1s3qA,2vzbA,100
1tjoA,2vzbA,100
1uvhA,2vzbA,100
1yuzA,2vzbA,100
1z6oA,2vzbA,100
1z6oM,2vzbA,100
2c2uA,2vzbA,100
2clbA,2vzbA,100
2fjcA,2vzbA,100
2fkzA,2vzbA,100
2gyqA,2vzbA,100
2jd60,2vzbA,100
2oh3A,2vzbA,100
2pybA,2vzbA,100
2ux1A,2vzbA,100
2vxxA,2vzbA,100
2vzbA,2vzbA,100
2wluA,2vzbA,100
2yjkA,2vzbA,100
2zhzA,2vzbA,100
2zhzB,2vzbA,100
3a68A,2vzbA,100
3ak9A,2vzbA,100
3bknA,2vzbA,100
3bvfA,2vzbA,100
3ge4A,2vzbA,100
3gvyA,2vzbA,100
3kwoA,2vzbA,100
3oghA,2vzbA,100
3q4oA,2vzbA,100
3r2rA,2vzbA,100
3uoia,2vzbA,100
3vnxA,2vzbA,100
4a25A,2vzbA,100
4am5A,2vzbA,100
4cmyA,2vzbA,100
4cvrA,2vzbA,100
4cybA,2vzbA,100
4dyuA,2vzbA,100
4eruA,2vzbA,100
4evbA,2vzbA,100
4iwkA,2vzbA,100
4m32A,2vzbA,100
4zttA,2vzbA,100
5d8xA,2vzbA,100
5ffdA,2vzbA,100
5gn8B,2vzbA,100
5hjhA,2vzbA,100
5j93A,2vzbA,100
5lbhA,2vzbA,100
5lg8A,2vzbA,100
5wpnA,2vzbA,100
5xx9A,2vzbA,100
5zurA,2vzbA,100
6a4uC,2vzbA,100
6b8fA,2vzbA,100
6hx2A,2vzbA,100
6j4jA,2vzbA,100
6l55A,2vzbA,100
6ljgA,2vzbA,100
6lk9A,2vzbA,100
6lkpA,2vzbA,100
6lkpF,2vzbA,100
6lp5A,2vzbA,100
6lpdA,2vzbA,100
6lpeA,2vzbA,100
6tb5A,2vzbA,100
6txiA,2vzbA,100
6zlqA,2vzbA,100
7dieA,2vzbA,100
7emlA,2vzbA,100
7o63A,2vzbA,100
7pfhA,2vzbA,100
7sssE,2vzbA,100
7stwA,2vzbA,100
7tmvA,2vzbA,100
7urhA,2vzbA,100
7usnA,2vzbA,100
7vp8A,2vzbA,100
7xa2A,2vzbA,100
7xz4A,2vzbA,100
7y74A,2vzbA,100
8afjA,2vzbA,100
8ffcA,2vzbA,100
8fhcA,2vzbA,100
8gy1A,2vzbA,100
8sqoA,2vzbA,100
8w1dA,2vzbA,100
8w1eA,2vzbA,100
8w95b,2vzbA,100
8wpvA,2vzbA,100
9btsA,2vzbA,100
9btsa,2vzbA,100
9iigM,2vzbA,100
2w1aC,2w1aC,2
5hudE,2w1aC,2
2w27A,2w27A,1
2w3oA,2w3oA,3
3poaA,2w3oA,3
4g2sB,2w3oA,3
2w3sA,2w3sA,1
2w4yA,2w4yA,2
4l8hB,2w4yA,2
2w5fA,2w5fA,1
1uzkA,2w86A,2
2w86A,2w86A,2
2w8hA,2w8hA,1
2w92A,2w92A,2
3fhaA,2w92A,2
2w9mA,2w9mA,2
3b0xA,2w9mA,2
2waoA,2waoA,1
2wb0X,2wb0X,1
2wbtA,2wbtB,2
2wbtB,2wbtB,2
1kf6D,2wdqD,7
1zoyD,2wdqD,7
2h88D,2wdqD,7
2wdqD,2wdqD,7
6lumC,2wdqD,7
6lumD,2wdqD,7
6lumH,2wdqD,7
2wg7A,2wg7A,1
2whhA,2whhA,2
3ka2A,2whhA,2
2whxA,2whxA,1
2wjsA,2wjsA,1
2wknA,2wknA,1
2wkqA,2wkqA,1
2wmhA,2wmhA,2
4d6gA,2wmhA,2
2woyA,2woyA,3
3opuA,2woyA,3
4ofqA,2woyA,3
2qieA,2wp4B,2
2wp4B,2wp4B,2
2hwgA,2wqdA,2
2wqdA,2wqdA,2
2wsc1,2wsc1,1
2wsc2,2wsc2,1
2wsc4,2wsc4,1
2wsiA,2wsiA,2
3fwkA,2wsiA,2
2wt1A,2wt1A,1
1jbwA,2wtzC,24
1p3dA,2wtzC,24
1w78A,2wtzC,24
2vosA,2wtzC,24
2wtzA,2wtzC,24
2wtzC,2wtzC,24
3n2aA,2wtzC,24
3zl8A,2wtzC,24
3zm6A,2wtzC,24
4bubA,2wtzC,24
4bucA,2wtzC,24
4c12A,2wtzC,24
4cvkA,2wtzC,24
4hv4A,2wtzC,24
4qdiA,2wtzC,24
6vr7A,2wtzC,24
6vr8I,2wtzC,24
7b61A,2wtzC,24
7bvaA,2wtzC,24
7ti7A,2wtzC,24
8dp2A,2wtzC,24
8g6pA,2wtzC,24
9bn9A,2wtzC,24
9ir6A,2wtzC,24
2wvlA,2wvlA,2
2zu9A,2wvlA,2
2ww5A,2ww5A,1
2ww8A,2ww8A,1
2x24A,2x24A,5
3tdcA,2x24A,5
4wz8B,2x24A,5
8xl1B,2x24A,5
8xl2D,2x24A,5
2x3cA,2x3cA,1
1qftA,2x45A,5
2x45A,2x45A,5
3brnA,2x45A,5
3bu1A,2x45A,5
3zuoA,2x45A,5
1ydfA,2x4dB,14
1zjjA,2x4dB,14
2c4nA,2x4dB,14
2ho4A,2x4dB,14
2hx1A,2x4dB,14
2x4dA,2x4dB,14
2x4dB,2x4dB,14
3kc2A,2x4dB,14
4bkmA,2x4dB,14
4i9fA,2x4dB,14
4jdpA,2x4dB,14
4o8cB,2x4dB,14
7po7H,2x4dB,14
8s8aA,2x4dB,14
2x5cA,2x5cA,1
2x5rA,2x5rA,1
1fwyA,2x65A,20
1yp2A,2x65A,20
2ggqA,2x65A,20
2pa4A,2x65A,20
2ux8A,2x65A,20
2ux8B,2x65A,20
2x65A,2x65A,20
3jukA,2x65A,20
5i1fA,2x65A,20
5l6vA,2x65A,20
5ve7A,2x65A,20
5w5rA,2x65A,20
6knlA,2x65A,20
7d73A,2x65A,20
7d73E,2x65A,20
7whsA,2x65A,20
7x8kA,2x65A,20
8b68A,2x65A,20
8f73A,2x65A,20
9o90A,2x65A,20
1atlA,2x7mA,17
1budA,2x7mA,17
1iagA,2x7mA,17
1quaA,2x7mA,17
1r55A,2x7mA,17
1wniA,2x7mA,17
1yp1A,2x7mA,17
2w15A,2x7mA,17
2x7mA,2x7mA,17
3gboA,2x7mA,17
3lmcA,2x7mA,17
3zvsA,2x7mA,17
4dd8A,2x7mA,17
4j4mA,2x7mA,17
4q1lA,2x7mA,17
6x5xA,2x7mA,17
8weoA,2x7mA,17
2xcmE,2xcmE,2
2yrtA,2xcmE,2
2xdbA,2xdbA,1
2xdgA,2xdgA,3
3c5tA,2xdgA,3
3n7sA,2xdgA,3
1g25A,2xeuA,15
2csyA,2xeuA,15
2ct2A,2xeuA,15
2ea6A,2xeuA,15
2xeuA,2xeuA,15
4a49A,2xeuA,15
4r7eA,2xeuA,15
5feyA,2xeuA,15
5trbA,2xeuA,15
5vzvA,2xeuA,15
6m2dA,2xeuA,15
7lybM,2xeuA,15
8gujL,2xeuA,15
8iejA,2xeuA,15
8iejM,2xeuA,15
1na0B,2xevA,14
2xevA,2xevA,14
3wxxG,2xevA,14
4am9A,2xevA,14
5lynA,2xevA,14
5v87A,2xevA,14
7p42B,2xevA,14
7pe0A,2xevA,14
7ykaB,2xevA,14
8ckrA,2xevA,14
8dhuA,2xevA,14
8dioB,2xevA,14
8ei0A,2xevA,14
8gadA,2xevA,14
2xf3A,2xf3A,1
2xfdA,2xfdA,1
2xfvA,2xfvA,1
2xg5A,2xg5A,1
2xgfA,2xgfA,1
2xgjA,2xgjB,9
2xgjB,2xgjB,9
2zj5A,2xgjB,9
4a4zA,2xgjB,9
5agaA,2xgjB,9
5e02A,2xgjB,9
6c90A,2xgjB,9
6iehB,2xgjB,9
8qcfM,2xgjB,9
2xgsA,2xgsB,3
2xgsB,2xgsB,3
5djsA,2xgsB,3
2xiuA,2xiuA,2
3fymA,2xiuA,2
2xjpA,2xjpA,7
4couA,2xjpA,7
4cp0A,2xjpA,7
4lhkA,2xjpA,7
5a3lA,2xjpA,7
6hosA,2xjpA,7
6y9jA,2xjpA,7
1rutX,2xjzC,3
2xjyA,2xjzC,3
2xjzC,2xjzC,3
2xkiA,2xkiA,2
6hrkA,2xkiA,2
2xlgA,2xlgA,1
2xmoA,2xmoA,7
5ebbA,2xmoA,7
5fc1A,2xmoA,7
5fi9A,2xmoA,7
5hqnA,2xmoA,7
5i81A,2xmoA,7
5karA,2xmoA,7
2xn6B,2xn6B,5
4bb2B,2xn6B,5
5om2B,2xn6B,5
6hgiB,2xn6B,5
8zcrB,2xn6B,5
2xocA,2xocA,1
2xowA,2xowA,1
2xq0A,2xq0A,3
3u9wA,2xq0A,3
4gaaA,2xq0A,3
2xqnT,2xqnT,1
2xqrB,2xqrB,2
6n63A,2xqrB,2
2xrcA,2xrcA,1
2xrhA,2xrhA,1
2v4jA,2xsjB,8
2v4jB,2xsjB,8
2xsjA,2xsjB,8
2xsjB,2xsjB,8
3mm5A,2xsjB,8
3mm5B,2xsjB,8
3or1A,2xsjB,8
3or1B,2xsjB,8
1etuA,2xtmA,41
1fzqA,2xtmA,41
1h65A,2xtmA,41
1kshA,2xtmA,41
1mozA,2xtmA,41
1mr3F,2xtmA,41
1o3yA,2xtmA,41
1r8sA,2xtmA,41
1uptA,2xtmA,41
1yzgA,2xtmA,41
1z6xA,2xtmA,41
2a5dA,2xtmA,41
2b6hA,2xtmA,41
2fh5B,2xtmA,41
2h17A,2xtmA,41
2qu8A,2xtmA,41
2x77A,2xtmA,41
2xtmA,2xtmA,41
3aq4A,2xtmA,41
3bh7A,2xtmA,41
3defA,2xtmA,41
3lrpA,2xtmA,41
3lxxA,2xtmA,41
3n5cA,2xtmA,41
3tjzA,2xtmA,41
3v70A,2xtmA,41
3zjcA,2xtmA,41
3zjcB,2xtmA,41
3zjcD,2xtmA,41
4basA,2xtmA,41
4gokA,2xtmA,41
4y0vA,2xtmA,41
5ck4A,2xtmA,41
5de3A,2xtmA,41
5uf8A,2xtmA,41
6a8dA,2xtmA,41
6vs4A,2xtmA,41
6z3eA,2xtmA,41
7nfxv,2xtmA,41
7obqv,2xtmA,41
8jcaA,2xtmA,41
2xtsB,2xtsB,1
1cipA,2xtzA,16
1shzA,2xtzA,16
1tadA,2xtzA,16
1zcaA,2xtzA,16
1zcbA,2xtzA,16
2xtzA,2xtzA,16
2xtzB,2xtzA,16
3c7kA,2xtzA,16
4fidA,2xtzA,16
7bphA,2xtzA,16
8gg9A,2xtzA,16
8htgA,2xtzA,16
8qehA,2xtzA,16
8vgaA,2xtzA,16
8vgbA,2xtzA,16
8vgbB,2xtzA,16
2xu0A,2xu0A,2
5mzaA,2xu0A,2
2xvtC,2xvtC,2
3n7sC,2xvtC,2
2xxpA,2xxpA,1
2xygA,2xygA,7
3kjnA,2xygA,7
4feaA,2xygA,7
5v6zB,2xygA,7
6f6rA,2xygA,7
6px9B,2xygA,7
8eg6A,2xygA,7
2y20A,2y20A,1
2y3nB,2y3nD,2
2y3nD,2y3nD,2
2y4qA,2y4qA,1
2y5pA,2y5pA,1
2y5qA,2y5qA,4
5hzlB,2y5qA,4
5xnpA,2y5qA,4
5xnqA,2y5qA,4
2y8nB,2y8nB,1
1w2yA,2yayA,3
2yayA,2yayA,3
4dl8A,2yayA,3
2yb5A,2yb5A,2
4adnA,2yb5A,2
2yd1A,2yd1A,2
2yd8A,2yd1A,2
2yepA,2yepA,2
3it6A,2yepA,2
1k12A,2yfuA,26
2j1aA,2yfuA,26
2j1vA,2yfuA,26
2j22A,2yfuA,26
2v72A,2yfuA,26
2w1sA,2yfuA,26
2xqxA,2yfuA,26
2yfuA,2yfuA,26
3gglA,2yfuA,26
3hnmA,2yfuA,26
3nngA,2yfuA,26
4a3zA,2yfuA,26
4a41A,2yfuA,26
4a42A,2yfuA,26
4cu9A,2yfuA,26
4cuaA,2yfuA,26
4dxrA,2yfuA,26
4gwiA,2yfuA,26
4lksA,2yfuA,26
4lplA,2yfuA,26
4txwA,2yfuA,26
4uapA,2yfuA,26
4zz8A,2yfuA,26
5ed8A,2yfuA,26
7blkA,2yfuA,26
8pe9A,2yfuA,26
2ygkA,2ygkA,1
2yglA,2yglA,1
2ygqA,2ygqA,1
2yhxA,2yhxA,1
2r72A,2yi9A,3
2yi9A,2yi9A,3
5cx6A,2yi9A,3
2yipA,2yipA,1
1jayA,2yjzA,6
2rafA,2yjzA,6
2vq3A,2yjzA,6
2yjzA,2yjzA,6
3dttA,2yjzA,6
5n2iA,2yjzA,6
2yk0A,2yk0A,1
2yk4A,2yk4A,1
2ymvA,2ymvA,1
2yn3B,2yn3B,3
2yn3D,2yn3B,3
2yn5A,2yn3B,3
1qguA,2ynmD,24
1qguB,2ynmD,24
2xdqA,2ynmD,24
2ynmC,2ynmD,24
2ynmD,2ynmD,24
3aekA,2ynmD,24
3aekB,2ynmD,24
3pdiA,2ynmD,24
3pdiB,2ynmD,24
3u7qA,2ynmD,24
3u7qB,2ynmD,24
4wesA,2ynmD,24
4wesB,2ynmD,24
5kohA,2ynmD,24
5kohB,2ynmD,24
7adrA,2ynmD,24
7adrB,2ynmD,24
8boqA,2ynmD,24
8boqB,2ynmD,24
8oieA,2ynmD,24
8oieC,2ynmD,24
8vqhA,2ynmD,24
8vqhB,2ynmD,24
9nsvB,2ynmD,24
2yqpA,2yqpA,1
2yqqA,2yqqA,1
2yrcA,2yrcA,1
2yreA,2yreA,1
2yrhA,2yrhA,1
2yrkA,2yrkA,1
2elmA,2yrmA,2
2yrmA,2yrmA,2
2ys2A,2ys2A,1
2ysaA,2ysaA,1
2ysjA,2ysjA,1
2yslA,2yslA,1
2ysmA,2ysmA,6
5b78A,2ysmA,6
5szcA,2ysmA,6
5u2jA,2ysmA,6
5vdcA,2ysmA,6
9atnA,2ysmA,6
2ysoA,2ysoA,1
2ysvA,2ysvA,1
2ku3A,2yt5A,2
2yt5A,2yt5A,2
2yt9A,2yt9A,1
1m36A,2ytaA,4
2em2A,2ytaA,4
2ytaA,2ytaA,4
2yteA,2ytaA,4
2em1A,2ytbA,9
2emeA,2ytbA,9
2emvA,2ytbA,9
2eorA,2ytbA,9
2eozA,2ytbA,9
2ep3A,2ytbA,9
2ytbA,2ytbA,9
2ytdA,2ytbA,9
2ytgA,2ytbA,9
2ytmA,2ytmA,1
2enfA,2yttA,3
2ytqA,2yttA,3
2yttA,2yttA,3
2yu5A,2yu5A,1
2yucA,2yucA,1
2e73A,2yuuA,3
2rowA,2yuuA,3
2yuuA,2yuuA,3
1t9hA,2yv5A,7
1u0lA,2yv5A,7
2rcnA,2yv5A,7
2yv5A,2yv5A,7
6h4dA,2yv5A,7
6zhlA,2yv5A,7
7boiW,2yv5A,7
2ywfA,2ywfA,3
3jcex,2ywfA,3
4zclA,2ywfA,3
2cwwA,2yx1A,7
2igtA,2yx1A,7
2yx1A,2yx1A,7
3ldfA,2yx1A,7
3vseA,2yx1A,7
4dmgA,2yx1A,7
5hjmA,2yx1A,7
2yx6B,2yx6B,1
2yfdA,2yxhA,5
2yfdD,2yxhA,5
2yxhA,2yxhA,5
7odyA,2yxhA,5
7yh5F,2yxhA,5
1sqfA,2yxlA,5
2yxlA,2yxlA,5
3m6wA,2yxlA,5
5zveA,2yxlA,5
9imbA,2yxlA,5
2woeA,2yzvA,3
2yzvA,2yzvA,3
5ovoA,2yzvA,3
1cozA,2z08A,16
1mjhA,2z08A,16
2gm3A,2z08A,16
2z08A,2z08A,16
3fdxA,2z08A,16
3glvB,2z08A,16
3hgmA,2z08A,16
3qtbA,2z08A,16
3s3tA,2z08A,16
3tnjA,2z08A,16
4r2lA,2z08A,16
5ahwA,2z08A,16
5ahwC,2z08A,16
5uj0A,2z08A,16
5x3dA,2z08A,16
7ji4A,2z08A,16
2z0aA,2z0aA,1
2z0xA,2z0xA,1
1hp1A,2z1aA,10
2wdcA,2z1aA,10
2z1aA,2z1aA,10
3c9fA,2z1aA,10
3iveA,2z1aA,10
3ztvA,2z1aA,10
3zu0B,2z1aA,10
4q7fA,2z1aA,10
5h7wA,2z1aA,10
6tveP,2z1aA,10
2z1dA,2z1dA,1
1m5oC,2z30B,11
1rk8A,2z30B,11
2rokA,2z30B,11
2xs7A,2z30B,11
2z30B,2z30B,11
3lqvA,2z30B,11
4qu6A,2z30B,11
4wwuG,2z30B,11
5w0gA,2z30B,11
6hipB,2z30B,11
6ud7C,2z30B,11
1mq0A,2z3gA,18
1r5tA,2z3gA,18
1uwzA,2z3gA,18
2d30A,2z3gA,18
2fr5A,2z3gA,18
2hvwA,2z3gA,18
2w4lA,2z3gA,18
2z3gA,2z3gA,18
3dmoA,2z3gA,18
3mpzA,2z3gA,18
3oj6A,2z3gA,18
3r2nA,2z3gA,18
4f3wA,2z3gA,18
4wigA,2z3gA,18
6kw6A,2z3gA,18
7fh9A,2z3gA,18
7zobA,2z3gA,18
8x6yA,2z3gA,18
2z3oA,2z3oA,1
2z45A,2z45A,1
2z51A,2z51A,1
2z72A,2z72A,15
3icfA,2z72A,15
4i5lC,2z72A,15
4or9A,2z72A,15
4zx2A,2z72A,15
5b8iA,2z72A,15
5jpfA,2z72A,15
6nucA,2z72A,15
6tz6A,2z72A,15
6tz8A,2z72A,15
6uuqA,2z72A,15
6zegA,2z72A,15
6zejA,2z72A,15
7qwjA,2z72A,15
8pq7A,2z72A,15
2z86A,2z86A,1
2qubA,2z8xA,2
2z8xA,2z8xA,2
2zc2B,2zc2B,1
2ze6A,2ze6A,1
2zejA,2zejA,2
6ojfA,2zejA,2
2zetC,2zetC,1
2zg1A,2zg1A,2
7aw6A,2zg1A,2
2zjsY,2zjsY,4
5eulY,2zjsY,4
8b6cK,2zjsY,4
9hz5B,2zjsY,4
2zkmX,2zkmX,4
3qr0A,2zkmX,4
6pmpA,2zkmX,4
7sq2B,2zkmX,4
2zktA,2zktB,4
2zktB,2zktB,4
3ot9A,2zktB,4
4n7tA,2zktB,4
2zp9I,2zp9I,1
2ztgA,2ztgA,3
2zzeA,2ztgA,3
3wqyA,2ztgA,3
2k74A,2zuqA,3
2zuqA,2zuqA,3
8yt8S,2zuqA,3
2zuxA,2zuyA,3
2zuyA,2zuyA,3
4cagA,2zuyA,3
2zw5A,2zw5A,1
2zwaA,2zwaA,1
2zwsA,2zwsA,2
4wgkA,2zwsA,2
2zx2A,2zx2A,1
2zxrA,2zxrA,3
6lrdA,2zxrA,3
8y30A,2zxrA,3
2x5fA,2zy4A,5
2zy2A,2zy4A,5
2zy4A,2zy4A,5
3pplA,2zy4A,5
5c6uA,2zy4A,5
2zy9A,2zy9A,1
2zyrA,2zyrA,1
2zzdB,2zzdB,1
3a0bl,3a0bl,1
3a16A,3a16A,3
3w08A,3a16A,3
7f2yA,3a16A,3
3a22A,3a22A,2
5awqA,3a22A,2
3a2yA,3a2yA,1
1kzlA,3a35A,4
3a35A,3a35A,4
3ddyA,3a35A,4
4g6iA,3a35A,4
3a8gA,3a8gA,6
3hhtA,3a8gA,6
3qyhA,3a8gA,6
3vygC,3a8gA,6
4ob0A,3a8gA,6
4zgjA,3a8gA,6
3a8gB,3a8gB,2
4ob0B,3a8gB,2
3a8rA,3a8rA,1
3a8tA,3a8tA,2
3fozB,3a8tA,2
2blfB,3a9fA,2
3a9fA,3a9fA,2
3aagA,3aagA,1
3ab4A,3ab4A,2
5yeiA,3ab4A,2
1hpcA,3ab9A,2
3ab9A,3ab9A,2
2x41A,3ac0A,18
3ac0A,3ac0A,18
3zyzA,3ac0A,18
4i3gA,3ac0A,18
4iibA,3ac0A,18
5a7mA,3ac0A,18
5fjiA,3ac0A,18
5fjjA,3ac0A,18
5ju6A,3ac0A,18
5nbsA,3ac0A,18
5z9sA,3ac0A,18
6jxgA,3ac0A,18
6q7iA,3ac0A,18
6sz6A,3ac0A,18
7xtjA,3ac0A,18
7yo7A,3ac0A,18
7zdyW,3ac0A,18
8y0lA,3ac0A,18
2xr1A,3af5A,14
2ycbA,3af5A,14
3af5A,3af5A,14
3bk2A,3af5A,14
3zq4A,3af5A,14
4xwwA,3af5A,14
5a0tA,3af5A,14
5ws2A,3af5A,14
6k6sA,3af5A,14
7sn8K,3af5A,14
7wntA,3af5A,14
8rc4k,3af5A,14
8yygA,3af5A,14
9bcuJ,3af5A,14
3ahqA,3ahqA,2
3m31A,3ahqA,2
2qmmA,3aiaA,7
3aiaA,3aiaA,7
3bbdA,3aiaA,7
3o7bA,3aiaA,7
3oiiA,3aiaA,7
5faiA,3aiaA,7
9jgcA,3aiaA,7
3ajmB,3ajmB,1
3ak5A,3ak5A,1
2x8sA,3akhA,4
3akhA,3akhA,4
3lv4A,3akhA,4
4kc8A,3akhA,4
3akkA,3akkA,4
4hneA,3akkA,4
5jdaA,3akkA,4
7wcfA,3akkA,4
3alrA,3alrD,3
3alrD,3alrD,3
5kl1B,3alrD,3
1hr6B,3amjA,13
1pp9A,3amjA,13
1pp9B,3amjA,13
3amjA,3amjA,13
3go9A,3amjA,13
3hdiA,3amjA,13
5eufA,3amjA,13
7v4yA,3amjA,13
8bepB,3amjA,13
8e7sa,3amjA,13
8q1bA,3amjA,13
8zomB,3amjA,13
9g9td,3amjA,13
1gyeB,3amrA,71
1pjxA,3amrA,71
1uv4A,3amrA,71
2dg1A,3amrA,71
2g8sA,3amrA,71
2ismA,3amrA,71
2ydtA,3amrA,71
2z2pA,3amrA,71
3a9gA,3amrA,71
3amrA,3amrA,71
3dasA,3amrA,71
3dr2A,3amrA,71
3e5zA,3amrA,71
3g4eA,3amrA,71
3k1uA,3amrA,71
3kstA,3amrA,71
3qeeA,3amrA,71
3r4zA,3amrA,71
3sovA,3amrA,71
3sreA,3amrA,71
3tawA,3amrA,71
3v64C,3amrA,71
3wasA,3amrA,71
3wmyA,3amrA,71
4ak7A,3amrA,71
4gn8A,3amrA,71
4mlgA,3amrA,71
4n1iA,3amrA,71
4n2zA,3amrA,71
4o5tA,3amrA,71
4o8oA,3amrA,71
4pviA,3amrA,71
4rmlA,3amrA,71
4u6bA,3amrA,71
4u6dA,3amrA,71
4udkA,3amrA,71
5a7vA,3amrA,71
5aycA,3amrA,71
5ayeA,3amrA,71
5b0rA,3amrA,71
5c0pA,3amrA,71
5glnA,3amrA,71
5gtqA,3amrA,71
5m8bA,3amrA,71
5m8eA,3amrA,71
5mujA,3amrA,71
5ta9A,3amrA,71
5ubjA,3amrA,71
6a8hA,3amrA,71
6b7kA,3amrA,71
6eugA,3amrA,71
6f1jA,3amrA,71
6i1tA,3amrA,71
6jwfA,3amrA,71
6n1bA,3amrA,71
6naxA,3amrA,71
6q4zA,3amrA,71
6qhjA,3amrA,71
6xn2A,3amrA,71
7cdyA,3amrA,71
7fisA,3amrA,71
7pgnA,3amrA,71
7phwA,3amrA,71
7pldA,3amrA,71
7skeA,3amrA,71
7x2xA,3amrA,71
7x36A,3amrA,71
8djfA,3amrA,71
8rg1A,3amrA,71
8sucA,3amrA,71
9fj8A,3amrA,71
3aqxA,3aqzA,19
3aqzA,3aqzA,19
3kgrA,3aqzA,19
4mmxC,3aqzA,19
5a43C,3aqzA,19
5mtmB,3aqzA,19
5v7pD,3aqzA,19
6d0jC,3aqzA,19
6dpsA,3aqzA,19
6gf7A,3aqzA,19
6umtA,3aqzA,19
6ux8B,3aqzA,19
6x38A,3aqzA,19
6x39A,3aqzA,19
7l0fB,3aqzA,19
8bw6A,3aqzA,19
8f0mB,3aqzA,19
8orlA,3aqzA,19
8tgyC,3aqzA,19
2zxeA,3ar4A,20
3ar4A,3ar4A,20
4nabA,3ar4A,20
6k7lA,3ar4A,20
6llyA,3ar4A,20
7bsvA,3ar4A,20
7e20A,3ar4A,20
7ky6A,3ar4A,20
7ky7A,3ar4A,20
7m5xA,3ar4A,20
7rd7A,3ar4A,20
7yagA,3ar4A,20
8d3wA,3ar4A,20
8ijlA,3ar4A,20
8ijxA,3ar4A,20
8k1lA,3ar4A,20
8ox5A,3ar4A,20
8qmpA,3ar4A,20
8zyjA,3ar4A,20
9euqA,3ar4A,20
3asiA,3asiA,1
3awuB,3awuB,1
3ax1A,3ax1A,1
3ayqA,3ayqA,1
3b08B,3b08B,1
3b08G,3b08G,1
3b42A,3b47A,2
3b47A,3b47A,2
3b4nA,3b4nA,2
4u49B,3b4nA,2
3b4rA,3b4rA,1
3b55A,3b55A,1
2pq7A,3b57A,9
2qgsA,3b57A,9
3b57A,3b57A,9
3djbA,3b57A,9
3nqwA,3b57A,9
5dqwA,3b57A,9
5vxaA,3b57A,9
7qodA,3b57A,9
7qoeA,3b57A,9
3b9tA,3b9tA,1
3ba0A,3ba0A,1
3bb6A,3bb6A,1
1nstA,3bd9A,8
3bd9A,3bd9A,8
3rnlA,3bd9A,8
3uanA,3bd9A,8
4gbmA,3bd9A,8
4goxA,3bd9A,8
4ndzA,3bd9A,8
6xkgA,3bd9A,8
3bh3A,3bh3A,3
4jmdA,3bh3A,3
4zbtA,3bh3A,3
3bh7B,3bh7B,1
2zfnA,3biyA,4
3biyA,3biyA,4
5zbaA,3biyA,4
7c3oA,3biyA,4
3bjeA,3bjeA,5
3eufA,3bjeA,5
3kvyA,3bjeA,5
3p0fA,3bjeA,5
6k8pA,3bjeA,5
3bk5A,3bk5A,1
3bl9A,3bl9A,2
5bv3A,3bl9A,2
1oahA,3bnjA,11
1qdbA,3bnjA,11
2j7aA,3bnjA,11
2rdzA,3bnjA,11
3bnjA,3bnjA,11
3fo3A,3bnjA,11
3sxqA,3bnjA,11
6p73A,3bnjA,11
6v0aA,3bnjA,11
8bcxA,3bnjA,11
8rv0Y,3bnjA,11
3bocA,3bocA,2
7bf0A,3bocA,2
3bowA,3bowA,1
2w2nE,3bpsE,2
3bpsE,3bpsE,2
3bptA,3bptA,2
4hdtA,3bptA,2
3bqfA,3bqfA,3
4d7lA,3bqfA,3
4lwmA,3bqfA,3
3brfA,3brfA,1
3bs1A,3bs1A,1
1nsxA,3bs6A,5
1so0A,3bs6A,5
2cirA,3bs6A,5
3bs6A,3bs6A,5
4bzfA,3bs6A,5
1khwA,3bsoA,28
1s49A,3bsoA,28
1tp7A,3bsoA,28
2haiA,3bsoA,28
2hcnA,3bsoA,28
2hfzA,3bsoA,28
2ijd1,3bsoA,28
2im0A,3bsoA,28
3bsoA,3bsoA,28
3hkwA,3bsoA,28
3hvoA,3bsoA,28
3sfgA,3bsoA,28
4hdhA,3bsoA,28
4hhjA,3bsoA,28
4nyzA,3bsoA,28
4y34A,3bsoA,28
5twmA,3bsoA,28
5u04A,3bsoA,28
5xe0A,3bsoA,28
6ar1A,3bsoA,28
6kwqA,3bsoA,28
6ld1A,3bsoA,28
7d6nA,3bsoA,28
7i29A,3bsoA,28
7ziuA,3bsoA,28
8c1nA,3bsoA,28
8psoB,3bsoA,28
8wimA,3bsoA,28
3bsuC,3bsuC,1
3bulA,3bulA,2
8sseA,3bulA,2
3by6A,3by6A,1
3bywB,3bywB,1
3c0oA,3c0oA,1
1mowA,3c0wA,23
2qojZ,3c0wA,23
2vs7A,3c0wA,23
3c0wA,3c0wA,23
3fd2A,3c0wA,23
3mxaA,3c0wA,23
3uvfA,3c0wA,23
4efjA,3c0wA,23
4loxA,3c0wA,23
4lq0A,3c0wA,23
4yhxA,3c0wA,23
4yisA,3c0wA,23
4yitA,3c0wA,23
5espA,3c0wA,23
5t2hA,3c0wA,23
5t2nA,3c0wA,23
5t2oA,3c0wA,23
5t8dA,3c0wA,23
5thgA,3c0wA,23
6bceA,3c0wA,23
6bd0A,3c0wA,23
7rcfA,3c0wA,23
8dy7I,3c0wA,23
3c1qA,3c1qA,1
3c1yA,3c1yA,1
3c25A,3c25A,1
155cA,3c2cA,29
1ccrA,3c2cA,29
1co6A,3c2cA,29
1cotA,3c2cA,29
1cxcA,3c2cA,29
1h32B,3c2cA,29
1hroA,3c2cA,29
1i54A,3c2cA,29
1i8oA,3c2cA,29
1jdlA,3c2cA,29
1ql3A,3c2cA,29
1qn2A,3c2cA,29
1vydA,3c2cA,29
1ytcA,3c2cA,29
2aiuA,3c2cA,29
2bh4X,3c2cA,29
2c1dB,3c2cA,29
2yk3A,3c2cA,29
3c2cA,3c2cA,29
3m97X,3c2cA,29
4gedB,3c2cA,29
4n0kA,3c2cA,29
5dfsA,3c2cA,29
6c4wA,3c2cA,29
6k9jA,3c2cA,29
6rgiA,3c2cA,29
7tlx1,3c2cA,29
8ed4I,3c2cA,29
9mszA,3c2cA,29
1qapA,3c2vA,7
1qpqA,3c2vA,7
2b7nA,3c2vA,7
3c2vA,3c2vA,7
4i9aA,3c2vA,7
4kwwA,3c2vA,7
7xglA,3c2vA,7
3c37A,3c37A,1
2o2zA,3c3dA,3
3c3dA,3c3dA,3
6uw5A,3c3dA,3
1i7eA,3c5nA,2
3c5nA,3c5nA,2
3c5pA,3c5pA,1
3c6eC,3c6eC,1
1wesA,3c6wA,9
2fuuA,3c6wA,9
2g6qA,3c6wA,9
2k1jA,3c6wA,9
2mumA,3c6wA,9
2qicA,3c6wA,9
3c6wA,3c6wA,9
6lqeA,3c6wA,9
7zmxA,3c6wA,9
3c7aA,3c7aA,4
6c4mC,3c7aA,4
6h3dA,3c7aA,4
6pbmA,3c7aA,4
3c8vC,3c8vC,1
3c9iA,3c9iA,2
4linA,3c9iA,2
2yyeA,3c9uA,13
2z1uA,3c9uA,13
3c9uA,3c9uA,13
3fd5A,3c9uA,13
3m84A,3c9uA,13
3mdoA,3c9uA,13
3p4eA,3c9uA,13
3u0oA,3c9uA,13
3vtiC,3c9uA,13
3wjpA,3c9uA,13
5cm7A,3c9uA,13
5vk4A,3c9uA,13
8yksA,3c9uA,13
1abrB,3ca1A,8
1hwmB,3ca1A,8
1rzoB,3ca1A,8
2aaiB,3ca1A,8
3ca1A,3ca1A,8
4hr6C,3ca1A,8
4zgrB,3ca1A,8
9kx8B,3ca1A,8
3caoA,3caoA,1
2btoA,3cb2A,18
3cb2A,3cb2A,18
4ei7A,3cb2A,18
4u3jA,3cb2A,18
4u3jB,3cb2A,18
6s8kA,3cb2A,18
6s8kB,3cb2A,18
6v5vg,3cb2A,18
7evcB,3cb2A,18
7m2wA,3cb2A,18
7pjeA,3cb2A,18
7pjeB,3cb2A,18
7quqB,3cb2A,18
9c6ra,3cb2A,18
9e78A,3cb2A,18
9e78C,3cb2A,18
9f6tB,3cb2A,18
9hxca,3cb2A,18
1jq5A,3ce9A,45
1kq3A,3ce9A,45
1o2dA,3ce9A,45
1sg6A,3ce9A,45
1ta9A,3ce9A,45
1vljA,3ce9A,45
1xahA,3ce9A,45
2gruA,3ce9A,45
3bfjA,3ce9A,45
3ce9A,3ce9A,45
3clhA,3ce9A,45
3hl0A,3ce9A,45
3jzdA,3ce9A,45
3okfA,3ce9A,45
3ox4A,3ce9A,45
3qbeA,3ce9A,45
3rf7A,3ce9A,45
3uhjA,3ce9A,45
3zdrA,3ce9A,45
3zokA,3ce9A,45
4mcaA,3ce9A,45
4p53A,3ce9A,45
4qgsA,3ce9A,45
4rflA,3ce9A,45
5br4A,3ce9A,45
5eksA,3ce9A,45
5fb3A,3ce9A,45
5hvnA,3ce9A,45
5k8cA,3ce9A,45
5tprA,3ce9A,45
5xn8A,3ce9A,45
5yvrA,3ce9A,45
6c5cA,3ce9A,45
6c7lA,3ce9A,45
6jkoA,3ce9A,45
6llaA,3ce9A,45
6scgA,3ce9A,45
7fjgA,3ce9A,45
7w9zA,3ce9A,45
8k1gA,3ce9A,45
8uhwF,3ce9A,45
8x6mA,3ce9A,45
8zrlA,3ce9A,45
8zwdA,3ce9A,45
8zwdG,3ce9A,45
3cf6E,3cf6E,1
3chmA,3chmA,1
3chxA,3chxA,5
7s4hA,3chxA,5
7s4lA,3chxA,5
7s4mA,3chxA,5
9cl6A,3chxA,5
1yewC,3chxC,2
3chxC,3chxC,2
3ci3A,3ci3A,5
3ke5A,3ci3A,5
6wgsA,3ci3A,5
7rutA,3ci3A,5
7ruuA,3ci3A,5
1gr0A,3cinA,9
1jkfA,3cinA,9
1p1jA,3cinA,9
1vkoA,3cinA,9
3cinA,3cinA,9
3qvsA,3cinA,9
6k96A,3cinA,9
7nwrA,3cinA,9
9f2kA,3cinA,9
3cjqB,3cjqB,2
3cjtB,3cjqB,2
1pn4A,3cjyA,15
2essA,3cjyA,15
3cjyA,3cjyA,15
3kg6A,3cjyA,15
3wewA,3cjyA,15
4mobA,3cjyA,15
4mocA,3cjyA,15
4r4uA,3cjyA,15
5bp2A,3cjyA,15
5kbzA,3cjyA,15
5njiA,3cjyA,15
5tz6A,3cjyA,15
6vfyD,3cjyA,15
6x7nA,3cjyA,15
7zmfA,3cjyA,15
3ckgA,3ckgA,1
3cniA,3cniA,1
3coqA,3coqA,1
2es2A,3cp0A,6
3cp0A,3cp0A,6
4ql5B,3cp0A,6
8ayeQ,3cp0A,6
8uu6q,3cp0A,6
9b1yQ,3cp0A,6
3cq3A,3cq3A,1
3cqoA,3cqoA,1
3cr3A,3cr3A,4
3pnlB,3cr3A,4
7ed6A,3cr3A,4
7rm7A,3cr3A,4
3crcA,3crcA,1
3crvA,3crvA,1
3csqA,3csqA,1
3ctrA,3ctrA,1
3cuxA,3cuxA,2
3cuzA,3cuxA,2
3cvjA,3cvjA,6
4ivnA,3cvjA,6
4lzjA,3cvjA,6
8k3bA,3cvjA,6
8v4vB,3cvjA,6
9eolA,3cvjA,6
3cvzA,3cvzA,1
1efdN,3cx3A,37
1pq4A,3cx3A,37
1toaA,3cx3A,37
1xvlC,3cx3A,37
2o1eA,3cx3A,37
2prsA,3cx3A,37
2q8pA,3cx3A,37
2xy4A,3cx3A,37
3cx3A,3cx3A,37
3gfvB,3cx3A,37
3lhsA,3cx3A,37
3mfqA,3cx3A,37
3mwfA,3cx3A,37
3pshA,3cx3A,37
3r5tA,3cx3A,37
3tlkA,3cx3A,37
3ujpA,3cx3A,37
3zkaA,3cx3A,37
4cl2A,3cx3A,37
4h0fA,3cx3A,37
4hmqA,3cx3A,37
4irmC,3cx3A,37
4nnoA,3cx3A,37
4oxrA,3cx3A,37
5ggxA,3cx3A,37
5i4kA,3cx3A,37
5kzjA,3cx3A,37
5m29A,3cx3A,37
5uxsA,3cx3A,37
5yscA,3cx3A,37
6mflA,3cx3A,37
6nsiA,3cx3A,37
6ru4A,3cx3A,37
7jj8A,3cx3A,37
7w8fA,3cx3A,37
8svcA,3cx3A,37
8yj6C,3cx3A,37
1xa6A,3cxlA,2
3cxlA,3cxlA,2
2b6fA,3cyiA,4
3cyiA,3cyiA,4
6ky4A,3cyiA,4
6rykA,3cyiA,4
1qhwA,3d03A,18
1t71A,3d03A,18
1uf3A,3d03A,18
2bq8X,3d03A,18
2hy1A,3d03A,18
2nxfA,3d03A,18
2z06A,3d03A,18
3d03A,3d03A,18
3gveA,3d03A,18
3ib7A,3d03A,18
3jyfA,3d03A,18
4b2oA,3d03A,18
5b4bA,3d03A,18
5eqvA,3d03A,18
5k8kA,3d03A,18
5uq6A,3d03A,18
8qjzA,3d03A,18
9cd0A,3d03A,18
1t4wA,3d06A,8
2ioiA,3d06A,8
2rmnA,3d06A,8
2xwcA,3d06A,8
3d06A,3d06A,8
3q01A,3d06A,8
7pc6A,3d06A,8
7z7eA,3d06A,8
1a4fA,3d1kB,143
1a9wE,3d1kB,143
1ashA,3d1kB,143
1b0bA,3d1kB,143
1binA,3d1kB,143
1cg5A,3d1kB,143
1cg5B,3d1kB,143
1ch4A,3d1kB,143
1ecaA,3d1kB,143
1emyA,3d1kB,143
1fhjA,3d1kB,143
1fhjB,3d1kB,143
1gcvA,3d1kB,143
1gcvB,3d1kB,143
1gdjA,3d1kB,143
1h97A,3d1kB,143
1hbrA,3d1kB,143
1hdsA,3d1kB,143
1hdsB,3d1kB,143
1hlbA,3d1kB,143
1hlmA,3d1kB,143
1it2A,3d1kB,143
1ithA,3d1kB,143
1jebB,3d1kB,143
1jf3A,3d1kB,143
1la6B,3d1kB,143
1lhsA,3d1kB,143
1mbaA,3d1kB,143
1outA,3d1kB,143
1outB,3d1kB,143
1qpwA,3d1kB,143
1qpwB,3d1kB,143
1spgA,3d1kB,143
1spgB,3d1kB,143
1tu9A,3d1kB,143
1v4xA,3d1kB,143
1v4xB,3d1kB,143
1v5hA,3d1kB,143
1wmuA,3d1kB,143
1wmuB,3d1kB,143
1x3kA,3d1kB,143
1x46A,3d1kB,143
1x9fA,3d1kB,143
1x9fB,3d1kB,143
1x9fC,3d1kB,143
1x9fD,3d1kB,143
1xq5A,3d1kB,143
1xq5B,3d1kB,143
1yhuA,3d1kB,143
1yhuB,3d1kB,143
1yhuC,3d1kB,143
1yhuD,3d1kB,143
2aa1B,3d1kB,143
2d5xA,3d1kB,143
2d5xB,3d1kB,143
2dc3A,3d1kB,143
2gnvA,3d1kB,143
2lhbA,3d1kB,143
2oifA,3d1kB,143
2r50A,3d1kB,143
2r80A,3d1kB,143
2raoA,3d1kB,143
2vywA,3d1kB,143
2w72A,3d1kB,143
2w72B,3d1kB,143
2wtgA,3d1kB,143
2zfbA,3d1kB,143
2zs0A,3d1kB,143
2zs0B,3d1kB,143
2zs0C,3d1kB,143
2zs0D,3d1kB,143
3at5A,3d1kB,143
3at5B,3d1kB,143
3bcqA,3d1kB,143
3bcqB,3d1kB,143
3bomA,3d1kB,143
3bomB,3d1kB,143
3d1kA,3d1kB,143
3d1kB,3d1kB,143
3fh9A,3d1kB,143
3fh9B,3d1kB,143
3g46A,3d1kB,143
3gdjA,3d1kB,143
3gdjB,3d1kB,143
3gqpA,3d1kB,143
3gqpB,3d1kB,143
3hf4A,3d1kB,143
3hyuA,3d1kB,143
3hyuB,3d1kB,143
3lb2A,3d1kB,143
3mkbA,3d1kB,143
3mkbB,3d1kB,143
3pt8A,3d1kB,143
3pt8B,3d1kB,143
3qm5A,3d1kB,143
3qqqA,3d1kB,143
3rgkA,3d1kB,143
3ubcA,3d1kB,143
3vrgA,3d1kB,143
3vrgB,3d1kB,143
3w4uA,3d1kB,143
3wtgA,3d1kB,143
3zhwA,3d1kB,143
4b4yA,3d1kB,143
4bjaA,3d1kB,143
4esaA,3d1kB,143
4esaB,3d1kB,143
4h2lA,3d1kB,143
4h2lB,3d1kB,143
4hrrA,3d1kB,143
4hrrB,3d1kB,143
4u8uA,3d1kB,143
4u8uB,3d1kB,143
4u8uC,3d1kB,143
4wchD,3d1kB,143
4yu3A,3d1kB,143
4yu3B,3d1kB,143
5euiA,3d1kB,143
5euiB,3d1kB,143
5yceA,3d1kB,143
5ziqA,3d1kB,143
6hitA,3d1kB,143
6hitB,3d1kB,143
6ii1A,3d1kB,143
6ii1B,3d1kB,143
6iyhA,3d1kB,143
6iyhB,3d1kB,143
6iyiA,3d1kB,143
6q6pA,3d1kB,143
6zmxA,3d1kB,143
6zmxB,3d1kB,143
7dduA,3d1kB,143
7qu4G,3d1kB,143
7vldA,3d1kB,143
7vldB,3d1kB,143
7vldC,3d1kB,143
7vldD,3d1kB,143
7vqgA,3d1kB,143
7zosA,3d1kB,143
8oupA,3d1kB,143
8u5aA,3d1kB,143
8wizA,3d1kB,143
8wizB,3d1kB,143
2rppA,3d2nA,4
3d2nA,3d2nA,4
3d2qA,3d2nA,4
5u6hA,3d2nA,4
3d34A,3d34A,2
3q13A,3d34A,2
3d3hA,3d3hA,2
3hzsA,3d3hA,2
3d3lA,3d3lA,3
3rdeA,3d3lA,3
8gheA,3d3lA,3
3d45A,3d45A,1
3d6tB,3d6tB,1
3d8nA,3d8nA,1
3da3A,3da3A,4
4fzlA,3da3A,4
4fzmA,3da3A,4
4g75A,3da3A,4
3db7A,3db7A,1
3d19A,3dbyA,2
3dbyA,3dbyA,2
3dd4A,3dd4A,1
2qrdE,3ddjA,6
2v8qE,3ddjA,6
2yzqA,3ddjA,6
3ddjA,3ddjA,6
3kh5A,3ddjA,6
3t4nC,3ddjA,6
3ddnB,3ddnB,1
3demA,3demA,3
4lorA,3demA,3
5cisA,3demA,3
3df6C,3df6C,1
1au1A,3dgcM,2
3dgcM,3dgcM,2
1a2pC,3dgyA,4
1goyA,3dgyA,4
1rgeA,3dgyA,4
3dgyA,3dgyA,4
3dkxA,3dkxA,1
1k6yA,3dlrA,11
1vsdA,3dlrA,11
3dlrA,3dlrA,11
3f9kA,3dlrA,11
3hphA,3dlrA,11
3oymB,3dlrA,11
3vq8A,3dlrA,11
3vq8B,3dlrA,11
5cz2A,3dlrA,11
6qbtA,3dlrA,11
6rwmC,3dlrA,11
3dmgA,3dmgA,2
4dcmA,3dmgA,2
3dnfA,3dnfA,3
4h4dA,3dnfA,3
4n7bA,3dnfA,3
3dntA,3dntA,2
4pu5A,3dntA,2
3dplR,3dplR,4
7oniR,3dplR,4
7shkR,3dplR,4
9gawC,3dplR,4
3dpmA,3dpmA,1
3dt5A,3dt5A,1
2hsjA,3dt9A,10
2vptA,3dt9A,10
3dc7B,3dt9A,10
3dciA,3dt9A,10
3dt9A,3dt9A,10
5b5lA,3dt9A,10
5tifA,3dt9A,10
6njcA,3dt9A,10
7c23A,3dt9A,10
7trrA,3dt9A,10
1ka2A,3dwcA,36
1y791,3dwcA,36
2h1nA,3dwcA,36
2o36A,3dwcA,36
3ahnA,3dwcA,36
3ce2A,3dwcA,36
3dwcA,3dwcA,36
3hq2A,3dwcA,36
3sksA,3dwcA,36
4ca7A,3dwcA,36
4ka7A,3dwcA,36
5ambA,3dwcA,36
5e3xA,3dwcA,36
5givA,3dwcA,36
5l44A,3dwcA,36
5wvuA,3dwcA,36
6h5wA,3dwcA,36
6s1yA,3dwcA,36
7c8jA,3dwcA,36
7c8kA,3dwcA,36
7dhxA,3dwcA,36
7e3jA,3dwcA,36
7w6uA,3dwcA,36
7wa3A,3dwcA,36
7wrhD,3dwcA,36
7wsfA,3dwcA,36
8byjA,3dwcA,36
8kc2A,3dwcA,36
8u0tA,3dwcA,36
8vjyA,3dwcA,36
8zufA,3dwcA,36
9d32A,3dwcA,36
9dakA,3dwcA,36
9e0iA,3dwcA,36
9fmmA,3dwcA,36
9fmmB,3dwcA,36
3dwrA,3dwrA,1
3dy5A,3dy5A,1
3dzaC,3dzaC,1
3dzmA,3dzmA,1
3e1yA,3e1yA,2
4af1A,3e1yA,2
3e1zA,3e1zA,1
3e38A,3e38A,1
3e3cA,3e3cA,1
3e3rA,3e3rB,2
3e3rB,3e3rB,2
3e4gA,3e4gA,1
2xkoA,3e6cC,11
3e6cC,3e6cC,11
3i54A,3e6cC,11
3la3A,3e6cC,11
4cydA,3e6cC,11
4r8hA,3e6cC,11
5cvrA,3e6cC,11
6exmA,3e6cC,11
7fewA,3e6cC,11
7pzaA,3e6cC,11
8qtoA,3e6cC,11
3aosA,3e8tA,2
3e8tA,3e8tA,2
3e90A,3e90A,1
1blxA,3eb0A,320
1cm8A,3eb0A,320
1csnA,3eb0A,320
1j1bA,3eb0A,320
1jpaA,3eb0A,320
1kobA,3eb0A,320
1phkA,3eb0A,320
1q8yA,3eb0A,320
1s9iA,3eb0A,320
1t46A,3eb0A,320
1u5qA,3eb0A,320
1v0oA,3eb0A,320
1zy5A,3eb0A,320
2ac3A,3eb0A,320
2b9hA,3eb0A,320
2c47A,3eb0A,320
2f57B,3eb0A,320
2fgiA,3eb0A,320
2izrA,3eb0A,320
2oo8X,3eb0A,320
2pmlX,3eb0A,320
2qluA,3eb0A,320
2qocA,3eb0A,320
2r4bA,3eb0A,320
2v7oA,3eb0A,320
2vwiA,3eb0A,320
2vwiB,3eb0A,320
2w4oA,3eb0A,320
2w5aA,3eb0A,320
2weiA,3eb0A,320
2wtkC,3eb0A,320
2x4fA,3eb0A,320
2x7fD,3eb0A,320
2xrwA,3eb0A,320
2y6oA,3eb0A,320
2y7jA,3eb0A,320
2ycfA,3eb0A,320
2yexA,3eb0A,320
2z7qA,3eb0A,320
2zvaA,3eb0A,320
3a62A,3eb0A,320
3a7iA,3eb0A,320
3a99A,3eb0A,320
3alnA,3eb0A,320
3aqvA,3eb0A,320
3blrA,3eb0A,320
3cokA,3eb0A,320
3ddqC,3eb0A,320
3dkoA,3eb0A,320
3dlsA,3eb0A,320
3eb0A,3eb0A,320
3f3zA,3eb0A,320
3fhrA,3eb0A,320
3fzsA,3eb0A,320
3gc0A,3eb0A,320
3gniB,3eb0A,320
3gp0A,3eb0A,320
3hkoA,3eb0A,320
3is5A,3eb0A,320
3lltA,3eb0A,320
3lw0A,3eb0A,320
3ma6A,3eb0A,320
3mdyA,3eb0A,320
3my0A,3eb0A,320
3my0J,3eb0A,320
3nieA,3eb0A,320
3nizA,3eb0A,320
3ohtA,3eb0A,320
3orkA,3eb0A,320
3ot8A,3eb0A,320
3ounB,3eb0A,320
3pozA,3eb0A,320
3socA,3eb0A,320
3uibA,3eb0A,320
3uimA,3eb0A,320
3wf7A,3eb0A,320
3zduA,3eb0A,320
4aaaA,3eb0A,320
4af3A,3eb0A,320
4aguA,3eb0A,320
4au8A,3eb0A,320
4b8lA,3eb0A,320
4b9dA,3eb0A,320
4bgqA,3eb0A,320
4bwpA,3eb0A,320
4bwxA,3eb0A,320
4c2vA,3eb0A,320
4csvA,3eb0A,320
4cyiA,3eb0A,320
4e1zA,3eb0A,320
4e93A,3eb0A,320
4eqmA,3eb0A,320
4euuA,3eb0A,320
4f9cA,3eb0A,320
4fg8A,3eb0A,320
4g3fA,3eb0A,320
4hcuA,3eb0A,320
4i94A,3eb0A,320
4idtA,3eb0A,320
4iirA,3eb0A,320
4itjA,3eb0A,320
4ix3A,3eb0A,320
4jrnA,3eb0A,320
4js8A,3eb0A,320
4kb8A,3eb0A,320
4knbD,3eb0A,320
4krcA,3eb0A,320
4ks7A,3eb0A,320
4lgdA,3eb0A,320
4lv5A,3eb0A,320
4nfnA,3eb0A,320
4nstA,3eb0A,320
4o2zA,3eb0A,320
4oboA,3eb0A,320
4pdsA,3eb0A,320
4qnyA,3eb0A,320
4qtbA,3eb0A,320
4qtcA,3eb0A,320
4rt7A,3eb0A,320
4tthB,3eb0A,320
4uyaA,3eb0A,320
4w9wA,3eb0A,320
4wnoA,3eb0A,320
4x7kA,3eb0A,320
4x7qA,3eb0A,320
4x7qB,3eb0A,320
4xh0A,3eb0A,320
4y85A,3eb0A,320
4y8dA,3eb0A,320
4yfiA,3eb0A,320
4yjrA,3eb0A,320
4yznA,3eb0A,320
5a4eC,3eb0A,320
5awmA,3eb0A,320
5byzA,3eb0A,320
5ckwA,3eb0A,320
5dbxA,3eb0A,320
5drbA,3eb0A,320
5e7rA,3eb0A,320
5ekoA,3eb0A,320
5es1A,3eb0A,320
5ew8A,3eb0A,320
5gnkA,3eb0A,320
5gzaA,3eb0A,320
5hg8A,3eb0A,320
5hniX,3eb0A,320
5hnvA,3eb0A,320
5hu3A,3eb0A,320
5itaB,3eb0A,320
5j5tA,3eb0A,320
5jfwA,3eb0A,320
5jzjA,3eb0A,320
5k00A,3eb0A,320
5ko1A,3eb0A,320
5l6oA,3eb0A,320
5lpbA,3eb0A,320
5lvoA,3eb0A,320
5lwmA,3eb0A,320
5lxcA,3eb0A,320
5m06B,3eb0A,320
5my8A,3eb0A,320
5o0yA,3eb0A,320
5o2bA,3eb0A,320
5qinA,3eb0A,320
5te0A,3eb0A,320
5ug9A,3eb0A,320
5uisD,3eb0A,320
5ukfB,3eb0A,320
5uv4A,3eb0A,320
5vczA,3eb0A,320
5vdkA,3eb0A,320
5vefA,3eb0A,320
5wnjA,3eb0A,320
5wnoA,3eb0A,320
5x5oA,3eb0A,320
5xd6A,3eb0A,320
5xs2A,3eb0A,320
5xzvA,3eb0A,320
5y80A,3eb0A,320
5y86A,3eb0A,320
5zj6A,3eb0A,320
6ao5A,3eb0A,320
6b2qA,3eb0A,320
6bdnA,3eb0A,320
6bfnA,3eb0A,320
6bruB,3eb0A,320
6ccfA,3eb0A,320
6cthA,3eb0A,320
6dkiA,3eb0A,320
6e2nA,3eb0A,320
6easA,3eb0A,320
6egeA,3eb0A,320
6eimA,3eb0A,320
6f7bA,3eb0A,320
6fd3A,3eb0A,320
6fdyU,3eb0A,320
6fexA,3eb0A,320
6fnkA,3eb0A,320
6ft8A,3eb0A,320
6fylA,3eb0A,320
6fyrA,3eb0A,320
6fyvA,3eb0A,320
6g77A,3eb0A,320
6gr8A,3eb0A,320
6gu2A,3eb0A,320
6gzdA,3eb0A,320
6hvdA,3eb0A,320
6j5tB,3eb0A,320
6jkmA,3eb0A,320
6kzdA,3eb0A,320
6n7aA,3eb0A,320
6op9A,3eb0A,320
6oqoA,3eb0A,320
6oytA,3eb0A,320
6p5sA,3eb0A,320
6q2aA,3eb0A,320
6q4gA,3eb0A,320
6q7dA,3eb0A,320
6qavA,3eb0A,320
6ra7A,3eb0A,320
6rcgA,3eb0A,320
6s14A,3eb0A,320
6sp9A,3eb0A,320
6srhA,3eb0A,320
6tfvA,3eb0A,320
6tfyA,3eb0A,320
6tg0B,3eb0A,320
6tu9A,3eb0A,320
6u5lA,3eb0A,320
6uipC,3eb0A,320
6unpA,3eb0A,320
6vbzA,3eb0A,320
6vrfA,3eb0A,320
6vvgA,3eb0A,320
6ya6A,3eb0A,320
6yojA,3eb0A,320
6ziwI,3eb0A,320
7aqbA,3eb0A,320
7aymA,3eb0A,320
7b36A,3eb0A,320
7b56B,3eb0A,320
7b7rA,3eb0A,320
7ctvA,3eb0A,320
7dh9A,3eb0A,320
7jurB,3eb0A,320
7kpmA,3eb0A,320
7kueA,3eb0A,320
7monB,3eb0A,320
7mxjA,3eb0A,320
7n8tA,3eb0A,320
7naaA,3eb0A,320
7nthA,3eb0A,320
7o7jA,3eb0A,320
7q4aA,3eb0A,320
7qwkA,3eb0A,320
7qwkH,3eb0A,320
7rxoA,3eb0A,320
7s6vA,3eb0A,320
7sj3A,3eb0A,320
7sxfA,3eb0A,320
7ujtA,3eb0A,320
7ukzA,3eb0A,320
7up6A,3eb0A,320
7w5cA,3eb0A,320
7wj6A,3eb0A,320
7xdwA,3eb0A,320
7z4vA,3eb0A,320
7z5nH,3eb0A,320
7z5xA,3eb0A,320
7zkxA,3eb0A,320
8a27A,3eb0A,320
8ak3A,3eb0A,320
8aojA,3eb0A,320
8ba3A,3eb0A,320
8bfmA,3eb0A,320
8bjuA,3eb0A,320
8bw9C,3eb0A,320
8bxhA,3eb0A,320
8c2zA,3eb0A,320
8c7xA,3eb0A,320
8h4rA,3eb0A,320
8h59A,3eb0A,320
8ho6A,3eb0A,320
8hoaA,3eb0A,320
8jupA,3eb0A,320
8pavA,3eb0A,320
8pm3A,3eb0A,320
8ps7A,3eb0A,320
8q1zA,3eb0A,320
8qelB,3eb0A,320
8r4vA,3eb0A,320
8r9aA,3eb0A,320
8rpcA,3eb0A,320
8tucA,3eb0A,320
8txyA,3eb0A,320
8u2oA,3eb0A,320
8uojA,3eb0A,320
8v5hA,3eb0A,320
8vb5A,3eb0A,320
8vf6A,3eb0A,320
8vyoA,3eb0A,320
8vysA,3eb0A,320
8x5mA,3eb0A,320
8yp5A,3eb0A,320
8z5rC,3eb0A,320
9axhC,3eb0A,320
9axmB,3eb0A,320
9ay7A,3eb0A,320
9bfbA,3eb0A,320
9cdyA,3eb0A,320
9cskB,3eb0A,320
9edxA,3eb0A,320
9emyA,3eb0A,320
9f3vA,3eb0A,320
9gc6A,3eb0A,320
9gfzA,3eb0A,320
9h8fA,3eb0A,320
9j9dA,3eb0A,320
9lfwA,3eb0A,320
9na5A,3eb0A,320
1iy1A,3ec2A,23
1ojlE,3ec2A,23
2qz4A,3ec2A,23
2w58A,3ec2A,23
2z4sA,3ec2A,23
3bosA,3ec2A,23
3ec2A,3ec2A,23
3m0eA,3ec2A,23
4qhtA,3ec2A,23
4qosA,3ec2A,23
5bq5A,3ec2A,23
5ep2A,3ec2A,23
5he9A,3ec2A,23
5j1sA,3ec2A,23
5x06E,3ec2A,23
5x06G,3ec2A,23
5zqmA,3ec2A,23
6g2vA,3ec2A,23
6jdiA,3ec2A,23
6qemG,3ec2A,23
7vbwA,3ec2A,23
8bv3A,3ec2A,23
8q3wA,3ec2A,23
1so2A,3ecmA,24
1tazA,3ecmA,24
1tbfA,3ecmA,24
1y2kA,3ecmA,24
1zklA,3ecmA,24
2h44A,3ecmA,24
2ourA,3ecmA,24
2qykA,3ecmA,24
2qymA,3ecmA,24
2r8qA,3ecmA,24
3ecmA,3ecmA,24
3v93A,3ecmA,24
4dffB,3ecmA,24
4kp6A,3ecmA,24
4qgeA,3ecmA,24
4wziA,3ecmA,24
5h2qA,3ecmA,24
5ohjA,3ecmA,24
5u00A,3ecmA,24
6ezuA,3ecmA,24
6fe3A,3ecmA,24
7d7pA,3ecmA,24
7l27A,3ecmA,24
8w4sA,3ecmA,24
1im5A,3eefA,14
2wt9A,3eefA,14
3eefA,3eefA,14
3l8hA,3eefA,14
3o94A,3eefA,14
3pl1A,3eefA,14
3r2jA,3eefA,14
3s2sA,3eefA,14
3v8eA,3eefA,14
4wgfA,3eefA,14
5hwhA,3eefA,14
5zn8A,3eefA,14
6kuaA,3eefA,14
8cibD,3eefA,14
3eh3C,3eh3C,1
3ehhA,3ehhA,2
7ssjA,3ehhA,2
3elbA,3elbA,1
1nhkL,3em1A,22
1s59A,3em1A,22
1wklA,3em1A,22
2az3A,3em1A,22
2dxeA,3em1A,22
3em1A,3em1A,22
3fkbA,3em1A,22
3nguA,3em1A,22
3q8uA,3em1A,22
4dz6A,3em1A,22
4fkxA,3em1A,22
4hr2A,3em1A,22
4s0mD,3em1A,22
4uohB,3em1A,22
5kk8A,3em1A,22
5u2iB,3em1A,22
6xpsA,3em1A,22
7kpfF,3em1A,22
8oovA,3em1A,22
8pywA,3em1A,22
8qw3A,3em1A,22
9pfyA,3em1A,22
2a1xA,3emrA,27
2fctA,3emrA,27
2rdqA,3emrA,27
3emrA,3emrA,27
3gjbA,3emrA,27
3nnfA,3emrA,27
3obzA,3emrA,27
4mhuA,3emrA,27
4naoA,3emrA,27
4xacA,3emrA,27
4xcbA,3emrA,27
5ep9A,3emrA,27
5epaA,3emrA,27
5m0tA,3emrA,27
5ncjA,3emrA,27
5yblA,3emrA,27
5ybnA,3emrA,27
5zm4A,3emrA,27
6s0uA,3emrA,27
7e01A,3emrA,27
7etkA,3emrA,27
7fcbC,3emrA,27
7oltA,3emrA,27
7vbqA,3emrA,27
7vbqB,3emrA,27
8xp6A,3emrA,27
8zybA,3emrA,27
3en9A,3en9A,1
3eo7A,3eo7A,1
3ep6B,3ep6B,1
3ephA,3ephA,1
3epoA,3epoA,3
4s28A,3epoA,3
4s2aA,3epoA,3
3epyA,3epyA,1
3er9B,3er9B,1
3essA,3essA,2
6edgA,3essA,2
1wdyA,3eu9A,5
2pnnA,3eu9A,5
3eu9A,3eu9A,5
3w9fA,3eu9A,5
9damA,3eu9A,5
1bc6A,3eunA,6
1h98A,3eunA,6
1rgvA,3eunA,6
2fgoA,3eunA,6
2zvsA,3eunA,6
3eunA,3eunA,6
2f01A,3ew2D,16
2zscA,3ew2D,16
3ew2A,3ew2D,16
3ew2D,3ew2D,16
3szjA,3ew2D,16
4bboA,3ew2D,16
4gdaA,3ew2D,16
4ggzA,3ew2D,16
4jnjA,3ew2D,16
4z28A,3ew2D,16
6czhA,3ew2D,16
6hdtA,3ew2D,16
6ohhA,3ew2D,16
7cpzA,3ew2D,16
7p8zA,3ew2D,16
8an6A,3ew2D,16
3ewkA,3ewkA,1
3ez2A,3ez2A,2
7npeA,3ez2A,2
3f2kA,3f2kA,2
4mdaA,3f2kA,2
3f53A,3f53A,1
3f6gA,3f6gA,1
1txoA,3f79B,13
2j82A,3f79B,13
2jfrA,3f79B,13
2pk0A,3f79B,13
3f79B,3f79B,13
3pu9A,3f79B,13
3w42A,3f79B,13
3zt9A,3f79B,13
6ae9A,3f79B,13
6ihrA,3f79B,13
6ihuA,3f79B,13
6jkvA,3f79B,13
6k4eA,3f79B,13
3f97A,3f97A,1
2jstB,3favB,4
3favB,3favB,4
3ze3B,3favB,4
5dwkD,3favB,4
1yo8A,3fbyA,2
3fbyA,3fbyA,2
1u8cB,3fcsB,5
3fcsB,3fcsB,5
3fcsD,3fcsB,5
6bxjA,3fcsB,5
7uslB,3fcsB,5
1keqA,3fe4A,33
1kopA,3fe4A,33
1rj5A,3fe4A,33
1y7wA,3fe4A,33
3b1bA,3fe4A,33
3fe4A,3fe4A,33
3fw3A,3fe4A,33
3k34A,3fe4A,33
3q31A,3fe4A,33
3uyqA,3fe4A,33
4cnxA,3fe4A,33
4coqA,3fe4A,33
4g7aA,3fe4A,33
4twlA,3fe4A,33
4x5sA,3fe4A,33
4xfwA,3fe4A,33
4xiwA,3fe4A,33
4xz5A,3fe4A,33
5cjfA,3fe4A,33
5e5uA,3fe4A,33
5hpjA,3fe4A,33
5ogjA,3fe4A,33
5tt3D,3fe4A,33
6ekiA,3fe4A,33
6im1A,3fe4A,33
6q9tA,3fe4A,33
6rqqA,3fe4A,33
7bm4A,3fe4A,33
7q0dA,3fe4A,33
8jifR,3fe4A,33
8q3uA,3fe4A,33
8w7xA,3fe4A,33
9f2oA,3fe4A,33
1obbA,3fefA,8
1u8xX,3fefA,8
3fefA,3fefA,8
5c3mA,3fefA,8
6duxA,3fefA,8
6vc6A,3fefA,8
6wbtA,3fefA,8
7ctmA,3fefA,8
1mbxA,3fesB,4
3fesB,3fesB,4
5hbnA,3fesB,4
8b9oA,3fesB,4
3ff5A,3ff5A,4
5l87A,3ff5A,4
6sptA,3ff5A,4
7qrcA,3ff5A,4
2fh1A,3fg6A,2
3fg6A,3fg6A,2
3fggA,3fggA,1
3fhdA,3fhdA,1
3fidA,3fidA,1
3fjuB,3fjuB,1
3fkqA,3fkqA,1
3fm2A,3fm2A,1
1xgsA,3fm3A,4
3fm3A,3fm3A,4
5d6eA,3fm3A,4
8onxA,3fm3A,4
3fnbA,3fnbA,5
4i4cA,3fnbA,5
8qbhA,3fnbA,5
8qd3A,3fnbA,5
8qd8A,3fnbA,5
3fp2A,3fp2A,1
3fpfA,3fpfA,1
3frlA,3frlA,1
2wlgA,3fs8A,9
3fs8A,3fs8A,9
3i3xA,3fs8A,9
3twdA,3fs8A,9
4r37A,3fs8A,9
6p9qA,3fs8A,9
7aqqz,3fs8A,9
7ojwA,3fs8A,9
8bpxy,3fs8A,9
2o35A,3fybB,3
2o35B,3fybB,3
3fybB,3fybB,3
2imfA,3fz5A,14
3eu3A,3fz5A,14
3feuA,3fz5A,14
3fz5A,3fz5A,14
3kzqB,3fz5A,14
3rpnA,3fz5A,14
4wf5A,3fz5A,14
4z7xA,3fz5A,14
5dchA,3fz5A,14
6ghbD,3fz5A,14
7jveB,3fz5A,14
7luhA,3fz5A,14
7luiA,3fz5A,14
9edlA,3fz5A,14
3g27A,3g27A,1
3g3rA,3g3rA,1
3g4sC,3g4sC,8
7o9mF,3g4sC,8
7sfrE,3g4sC,8
7unwE,3g4sC,8
8uuaE,3g4sC,8
9b1yb,3g4sC,8
9morD,3g4sC,8
9no7F,3g4sC,8
3g5sA,3g5sA,1
3g8qA,3g8qA,1
3gbfA,3gbfA,3
6b9rA,3gbfA,3
6b9tA,3gbfA,3
3gcdA,3gcdA,2
3pa8A,3gcdA,2
3gd9A,3gd9A,3
5h9yA,3gd9A,3
7vtmA,3gd9A,3
3gfzA,3gfzA,1
1m1jB,3ghgB,2
3ghgB,3ghgB,2
3ghmA,3ghmA,1
3gl6A,3gl6A,1
3bxvA,3gn6A,5
3gn6A,3gn6A,5
6m35A,3gn6A,5
6qo0A,3gn6A,5
6qpaA,3gn6A,5
3g20A,3gn9A,3
3gn9A,3gn9A,3
5o2yA,3gn9A,3
3gnzP,3gnzP,2
3st1A,3gnzP,2
3goxA,3goxA,1
3gplA,3gplA,2
8jx6B,3gplA,2
3gqkA,3gqkA,1
1cdoA,3gqvA,135
1d1tA,3gqvA,135
1e3iA,3gqvA,135
1e3jA,3gqvA,135
1f8fA,3gqvA,135
1h2bA,3gqvA,135
1iyzA,3gqvA,135
1jqbA,3gqvA,135
1jvbA,3gqvA,135
1kolA,3gqvA,135
1lluA,3gqvA,135
1o8cA,3gqvA,135
1p0fA,3gqvA,135
1piwA,3gqvA,135
1pl8A,3gqvA,135
1qorA,3gqvA,135
1rjwA,3gqvA,135
1u3wA,3gqvA,135
1uufA,3gqvA,135
1v3vA,3gqvA,135
1vj0A,3gqvA,135
1y9eA,3gqvA,135
1yb5A,3gqvA,135
1yqdA,3gqvA,135
2b5wA,3gqvA,135
2c0cA,3gqvA,135
2cdcA,3gqvA,135
2cf5A,3gqvA,135
2d8aA,3gqvA,135
2dphA,3gqvA,135
2dq4A,3gqvA,135
2eerA,3gqvA,135
2eihA,3gqvA,135
2fzwA,3gqvA,135
2h6eA,3gqvA,135
2j3iA,3gqvA,135
2j8zA,3gqvA,135
2jhfA,3gqvA,135
2ouiA,3gqvA,135
2vn8A,3gqvA,135
2y05A,3gqvA,135
2zb3A,3gqvA,135
2zb4A,3gqvA,135
3cosA,3gqvA,135
3fpcA,3gqvA,135
3fplA,3gqvA,135
3ftnA,3gqvA,135
3gazA,3gqvA,135
3gfbA,3gqvA,135
3gqvA,3gqvA,135
3i4cB,3gqvA,135
3iupA,3gqvA,135
3jynA,3gqvA,135
3m6iA,3gqvA,135
3meqA,3gqvA,135
3nx4A,3gqvA,135
3qe3A,3gqvA,135
3qwbA,3gqvA,135
3s2eA,3gqvA,135
3tqhA,3gqvA,135
3twoA,3gqvA,135
3ukoA,3gqvA,135
3widA,3gqvA,135
4a0sA,3gqvA,135
4b7xA,3gqvA,135
4cpdA,3gqvA,135
4eezA,3gqvA,135
4ej6A,3gqvA,135
4gi2A,3gqvA,135
4gkvA,3gqvA,135
4hfmA,3gqvA,135
4idcA,3gqvA,135
4ilkA,3gqvA,135
4jbgA,3gqvA,135
4jlwA,3gqvA,135
4nh4A,3gqvA,135
4oaqA,3gqvA,135
4oh1A,3gqvA,135
4rvuA,3gqvA,135
4uejA,3gqvA,135
4w6zA,3gqvA,135
4w9nA,3gqvA,135
4wasA,3gqvA,135
4y1bA,3gqvA,135
4z6kA,3gqvA,135
5a3jA,3gqvA,135
5dozA,3gqvA,135
5dp2A,3gqvA,135
5fi3A,3gqvA,135
5gxeA,3gqvA,135
5h82A,3gqvA,135
5h83A,3gqvA,135
5k1sA,3gqvA,135
5kiaA,3gqvA,135
5o9fA,3gqvA,135
5tnxA,3gqvA,135
5vktA,3gqvA,135
5vm2A,3gqvA,135
5yatA,3gqvA,135
5ylnA,3gqvA,135
5z0cA,3gqvA,135
5zxuA,3gqvA,135
6c49A,3gqvA,135
6dkhA,3gqvA,135
6eowA,3gqvA,135
6ie0B,3gqvA,135
6iqdA,3gqvA,135
6isvA,3gqvA,135
6k3gB,3gqvA,135
6lhrA,3gqvA,135
6ljhA,3gqvA,135
6n7lA,3gqvA,135
6oweA,3gqvA,135
6xhkA,3gqvA,135
6yuxA,3gqvA,135
7aasA,3gqvA,135
7bu2A,3gqvA,135
7cguA,3gqvA,135
7dl3A,3gqvA,135
7qulA,3gqvA,135
7utcA,3gqvA,135
7vb3A,3gqvA,135
7vemA,3gqvA,135
7vr4A,3gqvA,135
7y9pA,3gqvA,135
8a3nA,3gqvA,135
8b1vA,3gqvA,135
8conA,3gqvA,135
8h2aA,3gqvA,135
8h2bA,3gqvA,135
8ov8A,3gqvA,135
8wwdA,3gqvA,135
8z6zA,3gqvA,135
9flzA,3gqvA,135
9jmlA,3gqvA,135
3gs2A,3gs2A,2
9cmkA,3gs2A,2
3guzA,3guzA,2
3q10D,3guzA,2
3gw6B,3gw6B,1
3gwoA,3gwoA,1
3gydA,3gydA,3
3idbB,3gydA,3
4ev0A,3gydA,3
3gygA,3gygB,2
3gygB,3gygB,2
3gyhX,3gyhX,1
1twfJ,3h0gJ,2
3h0gJ,3h0gJ,2
3h0nA,3h0nA,1
3ec1A,3h2yA,2
3h2yA,3h2yA,2
3h36A,3h36A,1
3h41A,3h41A,1
1bg2A,3h4sA,48
1f9vA,3h4sA,48
1gojA,3h4sA,48
1v8kA,3h4sA,48
2gryA,3h4sA,48
2hehA,3h4sA,48
2owmA,3h4sA,48
2vvgA,3h4sA,48
2y65A,3h4sA,48
2zfiA,3h4sA,48
3b6uA,3h4sA,48
3b6vA,3h4sA,48
3cobA,3h4sA,48
3dc4A,3h4sA,48
3gbjB,3h4sA,48
3h4sA,3h4sA,48
3lreA,3h4sA,48
3nwnA,3h4sA,48
3t0qA,3h4sA,48
3u06A,3h4sA,48
3x2tA,3h4sA,48
3zcwA,3h4sA,48
3zfdA,3h4sA,48
4a14A,3h4sA,48
4bn2A,3h4sA,48
4etpA,3h4sA,48
4gkrA,3h4sA,48
5gszA,3h4sA,48
5wdeA,3h4sA,48
5wdhA,3h4sA,48
5zbrA,3h4sA,48
6a20A,3h4sA,48
6b0cK,3h4sA,48
6bbnE,3h4sA,48
6njeA,3h4sA,48
6tleA,3h4sA,48
6wwrK,3h4sA,48
7a5eA,3h4sA,48
7lffA,3h4sA,48
7lxrA,3h4sA,48
7rs5a,3h4sA,48
7tr3K,3h4sA,48
7x4nE,3h4sA,48
7z2bK,3h4sA,48
8hfhA,3h4sA,48
8utuK,3h4sA,48
9di0A,3h4sA,48
9l7eA,3h4sA,48
3f70A,3h6zA,2
3h6zA,3h6zA,2
1qwrA,3h7jA,12
1zx5A,3h7jA,12
2p17A,3h7jA,12
3h7jA,3h7jA,12
3o14A,3h7jA,12
4e2qA,3h7jA,12
5zbeA,3h7jA,12
6d0gA,3h7jA,12
6d0pA,3h7jA,12
6n0kA,3h7jA,12
6utsA,3h7jA,12
7tg5A,3h7jA,12
3h8tA,3h8tA,2
8b61A,3h8tA,2
3hazA,3hazA,4
4nm9A,3hazA,4
5ur2A,3hazA,4
5ux5A,3hazA,4
3hbnA,3hbnA,2
4x1tA,3hbnA,2
1g9kA,3hbvP,5
1k7iA,3hbvP,5
1kapP,3hbvP,5
3hbvP,3hbvP,5
5d7wA,3hbvP,5
3hbzA,3hbzA,1
3hc1A,3hc1A,1
3hcjA,3hcjA,1
2eciA,3hctA,8
2ecwA,3hctA,8
3hctA,3hctA,8
3knvA,3hctA,8
5dinA,3hctA,8
5h7rD,3hctA,8
5olmA,3hctA,8
5vnzA,3hctA,8
3hd7A,3hd7A,1
3hd7B,3hd7B,1
2vvpA,3heeA,6
3heeA,3heeA,6
3k7sA,3heeA,6
4lflA,3heeA,6
4lflB,3heeA,6
6mu0A,3heeA,6
3hf0A,3hf0A,1
3ga8A,3hi2C,2
3hi2C,3hi2C,2
3hiaA,3hiaA,2
3hiaC,3hiaA,2
1h8gA,3hiaB,2
3hiaB,3hiaB,2
1b0yA,3hipA,7
1hlqA,3hipA,7
1hpiA,3hipA,7
2hipA,3hipA,7
3hipA,3hipA,7
5d8vA,3hipA,7
8z82a,3hipA,7
3hixA,3hixA,3
3ilmA,3hixA,3
3ilmC,3hixA,3
1y7oA,3hlnE,19
2fzsA,3hlnE,19
3hlnE,3hlnE,19
3p2lA,3hlnE,19
3q7hA,3hlnE,19
3st9B,3hlnE,19
3tt7A,3hlnE,19
6cfdA,3hlnE,19
6hwmA,3hlnE,19
6w9tF,3hlnE,19
7dfuA,3hlnE,19
8dlaA,3hlnE,19
8e71A,3hlnE,19
8hgkA,3hlnE,19
8r04A,3hlnE,19
8r05A,3hlnE,19
8sznb,3hlnE,19
9jvpG,3hlnE,19
9jvpN,3hlnE,19
3hq1A,3hq1A,1
3hrdA,3hrdA,1
3hrdB,3hrdB,1
1fx7A,3hruA,7
3hruA,3hruA,7
4o5vA,3hruA,7
5cviA,3hruA,7
5zr6A,3hruA,7
6o5cA,3hruA,7
7b1vA,3hruA,7
3hrzD,3hrzD,1
2f1wA,3hsvA,2
3hsvA,3hsvA,2
3htkC,3htkC,1
2h6lA,3htnB,4
2hx0A,3htnB,4
2p6yA,3htnB,4
3htnB,3htnB,4
3htrA,3htrA,1
3htxA,3htxA,1
3hugB,3hugF,2
3hugF,3hugF,2
1ofhA,3hwsB,20
1um8A,3hwsB,20
2c9oA,3hwsB,20
3hwsB,3hwsB,20
4lj9A,3hwsB,20
6n2iA,3hwsB,20
6vfxA,3hwsB,20
7mhbA,3hwsB,20
7ttsA,3hwsB,20
7us2A,3hwsB,20
8e91A,3hwsB,20
8oopA,3hwsB,20
8oopD,3hwsB,20
8yd0A,3hwsB,20
8yd1E,3hwsB,20
9c57B,3hwsB,20
9c88B,3hwsB,20
9c9zT,3hwsB,20
9c9zU,3hwsB,20
9emaD,3hwsB,20
1r5lA,3hx3A,5
3hx3A,3hx3A,5
3hy5A,3hx3A,5
6w32A,3hx3A,5
6zpdA,3hx3A,5
3hx6A,3hx6A,1
3i08A,3i08A,1
1mpxA,3i2kA,3
1nx9A,3i2kA,3
3i2kA,3i2kA,3
1pn0A,3i3lA,49
2aqjA,3i3lA,49
2dkhA,3i3lA,49
2e4gA,3i3lA,49
2qa1A,3i3lA,49
2qa2A,3i3lA,49
2r0cA,3i3lA,49
2weuA,3i3lA,49
3i3lA,3i3lA,49
3ihgA,3i3lA,49
3nixA,3i3lA,49
4cy8A,3i3lA,49
4k2xA,3i3lA,49
4k5sA,3i3lA,49
4x4jA,3i3lA,49
5bukA,3i3lA,49
5bvaA,3i3lA,49
5dbjA,3i3lA,49
5hy5A,3i3lA,49
5koxA,3i3lA,49
5uaoA,3i3lA,49
5wgxA,3i3lA,49
5xgvA,3i3lA,49
6ainB,3i3lA,49
6brdA,3i3lA,49
6bznD,3i3lA,49
6dllA,3i3lA,49
6j0zC,3i3lA,49
6ju1A,3i3lA,49
6nsdA,3i3lA,49
6u0pA,3i3lA,49
6ui5A,3i3lA,49
6ul2A,3i3lA,49
6y1wA,3i3lA,49
7aquA,3i3lA,49
7fcoA,3i3lA,49
7on9A,3i3lA,49
7v0bA,3i3lA,49
7vwpA,3i3lA,49
7yj0A,3i3lA,49
8fhjA,3i3lA,49
8fovA,3i3lA,49
8gu0A,3i3lA,49
8jqoA,3i3lA,49
8r1rA,3i3lA,49
8r2uA,3i3lA,49
8t3pA,3i3lA,49
8up4A,3i3lA,49
8urcA,3i3lA,49
3i57A,3i57A,1
3breA,3i5aA,2
3i5aA,3i5aA,2
3i6cA,3i6cA,1
1ec7A,3i6tA,129
1iyxA,3i6tA,129
1kczA,3i6tA,129
1kkrA,3i6tA,129
1mucA,3i6tA,129
1nu5A,3i6tA,129
1pdzA,3i6tA,129
1r6wA,3i6tA,129
1sjdA,3i6tA,129
1tkkA,3i6tA,129
1tzzA,3i6tA,129
1w6tA,3i6tA,129
1wufA,3i6tA,129
2akzA,3i6tA,129
2al1A,3i6tA,129
2chrA,3i6tA,129
2fymA,3i6tA,129
2ggeA,3i6tA,129
2gghA,3i6tA,129
2gl5A,3i6tA,129
2hxtA,3i6tA,129
2o56A,3i6tA,129
2og9A,3i6tA,129
2ox4A,3i6tA,129
2p8bA,3i6tA,129
2pp1A,3i6tA,129
2ps2A,3i6tA,129
2psnA,3i6tA,129
2ptzA,3i6tA,129
2qgyA,3i6tA,129
2qq6A,3i6tA,129
2qvhA,3i6tA,129
2rdxA,3i6tA,129
2xsxA,3i6tA,129
2zadA,3i6tA,129
3bjsA,3i6tA,129
3boxA,3i6tA,129
3cawA,3i6tA,129
3ck5A,3i6tA,129
3dg3A,3i6tA,129
3dgbA,3i6tA,129
3ekgA,3i6tA,129
3fcpA,3i6tA,129
3fv9A,3i6tA,129
3fvdA,3i6tA,129
3fxgA,3i6tA,129
3fyyA,3i6tA,129
3go2A,3i6tA,129
3gy1A,3i6tA,129
3h70A,3i6tA,129
3h7vA,3i6tA,129
3i4kA,3i6tA,129
3i6eA,3i6tA,129
3i6tA,3i6tA,129
3ijlA,3i6tA,129
3jvaA,3i6tA,129
3mqtA,3i6tA,129
3mwcA,3i6tA,129
3my9A,3i6tA,129
3n4eA,3i6tA,129
3nfuA,3i6tA,129
3no1A,3i6tA,129
3nxlA,3i6tA,129
3nzgA,3i6tA,129
3ozyA,3i6tA,129
3p0wA,3i6tA,129
3pfrA,3i6tA,129
3q45A,3i6tA,129
3qkeA,3i6tA,129
3qn3A,3i6tA,129
3qtpA,3i6tA,129
3r0uA,3i6tA,129
3rcyA,3i6tA,129
3ro6A,3i6tA,129
3rraA,3i6tA,129
3sbfA,3i6tA,129
3sjnA,3i6tA,129
3sqsA,3i6tA,129
3stpA,3i6tA,129
3t6cA,3i6tA,129
3t8qA,3i6tA,129
3tcsA,3i6tA,129
3thuA,3i6tA,129
3tjiA,3i6tA,129
3toyA,3i6tA,129
3tqpA,3i6tA,129
3twbA,3i6tA,129
3u4fA,3i6tA,129
3ugvA,3i6tA,129
3uj2A,3i6tA,129
3v3wA,3i6tA,129
3v5cA,3i6tA,129
3va8A,3i6tA,129
3vc6A,3i6tA,129
3vcnA,3i6tA,129
4a35A,3i6tA,129
4dn1A,3i6tA,129
4e5tA,3i6tA,129
4fi4A,3i6tA,129
4g7fA,3i6tA,129
4gfiA,3i6tA,129
4gisA,3i6tA,129
4h19A,3i6tA,129
4h1zA,3i6tA,129
4h2hA,3i6tA,129
4hnlA,3i6tA,129
4hpnA,3i6tA,129
4il2A,3i6tA,129
4ip4A,3i6tA,129
4it1A,3i6tA,129
4j1oA,3i6tA,129
4k8gA,3i6tA,129
4kemA,3i6tA,129
4m0xA,3i6tA,129
4mggA,3i6tA,129
4mksA,3i6tA,129
4mmwA,3i6tA,129
4ropA,3i6tA,129
4x2pA,3i6tA,129
4ywsA,3i6tA,129
5boeA,3i6tA,129
5olcC,3i6tA,129
5xd7A,3i6tA,129
6nb2A,3i6tA,129
6o4nA,3i6tA,129
7cllA,3i6tA,129
7rhwA,3i6tA,129
7ughA,3i6tA,129
7vrdA,3i6tA,129
3i9v7,3i9v7,1
3ibjA,3ibjA,1
3ic3B,3ic3D,2
3ic3D,3ic3D,2
3icqU,3icqU,5
4hatC,3icqU,5
6gx9A,3icqU,5
6tvoA,3icqU,5
7b9cC,3icqU,5
3idvA,3idvA,1
3ieuA,3ieuA,1
3ifuA,3ifuA,1
3ig5A,3ig5A,1
3igcA,3igcA,1
1ig3A,3ihkA,5
3ihkA,3ihkA,5
3lm8A,3ihkA,5
3melA,3ihkA,5
3s4yA,3ihkA,5
3ihpA,3ihpA,1
3ikwA,3ikwA,1
3ildA,3ildA,1
3ioxA,3ioxA,3
6e36A,3ioxA,3
6ubvA,3ioxA,3
3iqeA,3iqeA,1
3ir9A,3ir9A,1
2yepB,3it6B,2
3it6B,3it6B,2
1srkA,3iufA,2
3iufA,3iufA,2
3iwcA,3iwcA,1
3iwcB,3iwcB,1
3iwfA,3iwfA,1
3j6bW,3j6bW,1
3j7y0,3j7y0,3
7of00,3j7y0,3
9hcf0,3j7y0,3
3j9dA,3j9dA,1
3jb6B,3jb6B,1
3jckG,3jckG,5
4d10E,3jckG,5
8usbc,3jckG,5
9cgcV,3jckG,5
9is6E,3jckG,5
3jcuf,3jcuf,1
2wzfA,3jszA,3
3jszA,3jszA,3
7xgxA,3jszA,3
3jucA,3jucA,1
1dcqA,3jueA,3
2b0oE,3jueA,3
3jueA,3jueA,3
3jygA,3jygA,2
7v0fA,3jygA,2
3jyuB,3jyuB,1
3jz0A,3jz0A,4
4ebkA,3jz0A,4
6un8A,3jz0A,4
8vxbA,3jz0A,4
3k1lA,3k1lA,1
3k2sA,3k2sA,1
1cp9B,3k3wB,10
1gk9B,3k3wB,10
1jw0B,3k3wB,10
3k3wB,3k3wB,10
4hstB,3k3wB,10
4pemB,3k3wB,10
4wksC,3k3wB,10
6nvwB,3k3wB,10
6nvyB,3k3wB,10
8brsB,3k3wB,10
3k4zA,3k4zA,1
2c9qA,3k6iA,20
2omxB,3k6iA,20
2wbxA,3k6iA,20
3k6dA,3k6iA,20
3k6iA,3k6iA,20
4aqoA,3k6iA,20
4f8lA,3k6iA,20
4jguA,3k6iA,20
4l9dB,3k6iA,20
4u7kA,3k6iA,20
4xedA,3k6iA,20
5icuA,3k6iA,20
5ln8A,3k6iA,20
6aemA,3k6iA,20
6cpdA,3k6iA,20
6nfqA,3k6iA,20
6nz0Z,3k6iA,20
6ppoU,3k6iA,20
7knvA,3k6iA,20
8ytqA,3k6iA,20
3k6jA,3k6jA,1
2dw0A,3k7lA,8
2e3xA,3k7lA,8
2eroA,3k7lA,8
3dslA,3k7lA,8
3g5cA,3k7lA,8
3hdbA,3k7lA,8
3k7lA,3k7lA,8
9clpA,3k7lA,8
3k7nA,3k7nA,1
3k9tA,3k9tA,1
3k9xA,3k9xA,2
8ephA,3k9xA,2
3kcpA,3kcpA,1
3kdeC,3kdeC,1
3ke6A,3ke6A,1
3keoA,3keoA,1
3kewA,3kewA,1
2parA,3kh1A,10
3kh1A,3kh1A,10
3mzoA,3kh1A,10
4dmbA,3kh1A,10
5tk8A,3kh1A,10
5tkaA,3kh1A,10
5yoxA,3kh1A,10
6yvcA,3kh1A,10
6zpaA,3kh1A,10
7smgA,3kh1A,10
3kifA,3kihA,2
3kihA,3kihA,2
1cp2A,3kjhA,53
1dadA,3kjhA,53
1g3qA,3kjhA,53
1ionA,3kjhA,53
2bekA,3kjhA,53
2ozeA,3kjhA,53
2wojA,3kjhA,53
2wojB,3kjhA,53
2wooA,3kjhA,53
2xj9A,3kjhA,53
2ynmA,3kjhA,53
3a36A,3kjhA,53
3cwqA,3kjhA,53
3ea0A,3kjhA,53
3fwyA,3kjhA,53
3ibgA,3kjhA,53
3io3A,3kjhA,53
3iqwA,3kjhA,53
3kjhA,3kjhA,53
3q9lA,3kjhA,53
3qxcA,3kjhA,53
3ug7A,3kjhA,53
3zq6A,3kjhA,53
4dzzA,3kjhA,53
4rz3A,3kjhA,53
4v03A,3kjhA,53
5aunB,3kjhA,53
5if9A,3kjhA,53
5j1jA,3kjhA,53
5k5zA,3kjhA,53
5tvkA,3kjhA,53
6bs3A,3kjhA,53
6bs3B,3kjhA,53
6g2gA,3kjhA,53
6iubA,3kjhA,53
6n4lA,3kjhA,53
6nopA,3kjhA,53
6nzjA,3kjhA,53
6obyA,3kjhA,53
6riqC,3kjhA,53
6yb3A,3kjhA,53
7dutA,3kjhA,53
7l1jA,3kjhA,53
7qqaA,3kjhA,53
7ru9A,3kjhA,53
7spyA,3kjhA,53
7sq0A,3kjhA,53
8hacA,3kjhA,53
8oieD,3kjhA,53
8q50A,3kjhA,53
8q5wA,3kjhA,53
8q5xA,3kjhA,53
8rayA,3kjhA,53
3kloA,3kloA,1
3kloD,3kloD,1
3kmhA,3kmhA,4
3ww3A,3kmhA,4
4q0pA,3kmhA,4
5avpA,3kmhA,4
3kp1A,3kp1A,1
3kpeA,3kpeA,1
3kpeB,3kpeB,1
3kq4B,3kq4B,1
1f2uA,3ktaA,4
3ktaA,3ktaA,4
5h67A,3ktaA,4
6qpwA,3ktaA,4
1f2uB,3ktaB,3
3ktaB,3ktaB,3
6qpwE,3ktaB,3
3ktbD,3ktbD,1
3ktmA,3ktmA,1
3kw0A,3kw0A,1
1lk7A,3kwmD,8
1o8bB,3kwmD,8
1uj6A,3kwmD,8
3envA,3kwmD,8
3hheA,3kwmD,8
3kwmD,3kwmD,8
3uw1A,3kwmD,8
6mc0A,3kwmD,8
3kwvA,3kwvA,6
6kloA,3kwvA,6
7vnjA,3kwvA,6
8ekkA,3kwvA,6
8yrmA,3kwvA,6
9jsoA,3kwvA,6
3kxaA,3kxaA,1
3kyaA,3kyaA,1
3kyqA,3kyqA,1
3kziJ,3kziJ,1
3l1eA,3l1eA,3
4yl9D,3l1eA,3
5zs6A,3l1eA,3
3l2bA,3l2bA,1
2y27A,3l2kA,7
2y4oA,3l2kA,7
3l2kA,3l2kA,7
4rvnA,3l2kA,7
6hdxA,3l2kA,7
6sizA,3l2kA,7
6wuqB,3l2kA,7
3l2pA,3l2pA,3
6dt1A,3l2pA,3
6p0cA,3l2pA,3
3l43A,3l43A,2
6di7A,3l43A,2
3l4gC,3l4gC,1
3l8qA,3l8qA,1
3l9qA,3l9qA,3
6dtvA,3l9qA,3
8g9lB,3l9qA,3
3l9wA,3l9wA,1
3lapA,3lapA,1
3lapD,3lapD,1
3lcnA,3lcnA,1
2bx9A,3lczA,2
3lczA,3lczA,2
3lfiA,3lfiA,3
5nslA,3lfiA,3
5xhaA,3lfiA,3
3ljuX,3ljuX,1
3lkuA,3lkuA,1
3llkA,3llkA,1
3lmmA,3lmmB,2
3lmmB,3lmmB,2
2r9rB,3lnmD,4
3lnmD,3lnmD,4
7ssyA,3lnmD,4
8qudA,3lnmD,4
3lnnA,3lnnA,1
1a8pA,3lo8A,28
1fdrA,3lo8A,28
1fnbA,3lo8A,28
1gawA,3lo8A,28
1krhA,3lo8A,28
1qfzA,3lo8A,28
2b5oA,3lo8A,28
2bgiA,3lo8A,28
2bmwA,3lo8A,28
2piaA,3lo8A,28
2qdxA,3lo8A,28
2rc5A,3lo8A,28
3fpkA,3lo8A,28
3jqqA,3lo8A,28
3lo8A,3lo8A,28
3vo2A,3lo8A,28
3w5hA,3lo8A,28
4b4dA,3lo8A,28
4fk8A,3lo8A,28
4wqmA,3lo8A,28
5ogxA,3lo8A,28
5thxA,3lo8A,28
5tr9A,3lo8A,28
6rraA,3lo8A,28
7c3bA,3lo8A,28
7ylrA,3lo8A,28
8a1wF,3lo8A,28
8dosA,3lo8A,28
1i5gA,3lorB,19
1xzoA,3lorB,19
2b7jA,3lorB,19
2ggtA,3lorB,19
2p5rA,3lorB,19
2rliA,3lorB,19
2yp6A,3lorB,19
3lorB,3lorB,19
3lwaA,3lorB,19
3s9fA,3lorB,19
4hqsA,3lorB,19
4mmmA,3lorB,19
4wbrD,3lorB,19
5imdA,3lorB,19
6gxgA,3lorB,19
6hkqA,3lorB,19
6n5uA,3lorB,19
8zxuD,3lorB,19
9f64A,3lorB,19
1ksiA,3loyA,10
1tu5A,3loyA,10
1w7cA,3loyA,10
2c10A,3loyA,10
3hi7A,3loyA,10
3loyA,3loyA,10
3pgbA,3loyA,10
3sxxA,3loyA,10
3wa2X,3loyA,10
6grrA,3loyA,10
1genA,3lp9A,7
1pexA,3lp9A,7
2jxyA,3lp9A,7
3lp9A,3lp9A,7
3oyoA,3lp9A,7
3s18A,3lp9A,7
7rj9A,3lp9A,7
1ryqA,3lpeB,4
3lpeB,3lpeB,4
4zn3B,3lpeB,4
9bctI,3lpeB,4
3lqhA,3lqhA,1
2cklA,3lrqA,10
2djbA,3lrqA,10
2y43A,3lrqA,10
3lrqA,3lrqA,10
3ztgA,3lrqA,10
4ccgX,3lrqA,10
4ccgY,3lrqA,10
4s3oC,3lrqA,10
4zdtA,3lrqA,10
7jzvB,3lrqA,10
1dkuA,3lrtA,9
1u9zA,3lrtA,9
3dahA,3lrtA,9
3lrtA,3lrtA,9
4twbA,3lrtA,9
6nfeA,3lrtA,9
7pn0A,3lrtA,9
7xmuA,3lrtA,9
8dbiA,3lrtA,9
1v7zA,3lubA,2
3lubA,3lubA,2
3lufA,3lufA,1
3luuA,3luuA,1
2qmxA,3luyA,5
3luyA,3luyA,5
3mwbA,3luyA,5
6vh5A,3luyA,5
7am0A,3luyA,5
3lvqE,3lvqE,1
2wsc3,3lw53,2
3lw53,3lw53,2
2wscH,3lw5H,2
3lw5H,3lw5H,2
3lyaA,3lyaA,1
1hyoA,3lzkA,3
3lzkA,3lzkA,3
5ti1A,3lzkA,3
3m1cA,3m1cA,1
3m1mA,3m1mA,1
3m4wE,3m4wE,1
3m50P,3m50P,1
3m6zA,3m6zA,1
3m7kA,3m7kA,1
3m7nA,3m7nA,1
3m7pA,3m7pA,1
3m9gA,3m9gA,1
1hxrA,3maoA,22
3cxkA,3maoA,22
3eqtA,3maoA,22
3ga3A,3maoA,22
3hchA,3maoA,22
3maoA,3maoA,22
4a2vA,3maoA,22
4v2zC,3maoA,22
5j6pA,3maoA,22
5oh7C,3maoA,22
6qa0A,3maoA,22
6r1dA,3maoA,22
6symA,3maoA,22
6tr8A,3maoA,22
7bahA,3maoA,22
7sfzA,3maoA,22
7sfzG,3maoA,22
8ou3C,3maoA,22
8ou7C,3maoA,22
8qbnY,3maoA,22
9cuoA,3maoA,22
9domA,3maoA,22
1aquA,3mgcA,24
1fmjA,3mgcA,24
1g3mA,3mgcA,24
1j99A,3mgcA,24
1ls6A,3mgcA,24
1q20A,3mgcA,24
2gwhA,3mgcA,24
2reoA,3mgcA,24
2zptX,3mgcA,24
3ap1A,3mgcA,24
3bfxA,3mgcA,24
3cklA,3mgcA,24
3mgbA,3mgcA,24
3mgcA,3mgcA,24
4eecA,3mgcA,24
5mekA,3mgcA,24
5wriA,3mgcA,24
5x2bA,3mgcA,24
7d1xA,3mgcA,24
7r0sA,3mgcA,24
7v1oA,3mgcA,24
8k9yA,3mgcA,24
8w5zA,3mgcA,24
8xjpA,3mgcA,24
3mgvB,3mgvB,1
3mh6A,3mh6A,1
3mhsA,3mhsA,2
9hnwA,3mhsA,2
3mi9C,3mi9C,1
3mj9A,3mj9A,1
3mjhB,3mjhB,1
3mk7B,3mk7B,2
8smrF,3mk7B,2
3mk7C,3mk7C,3
8smrG,3mk7C,3
8snhG,3mk7C,3
1bucA,3mkhA,69
1r2jA,3mkhA,69
1rx0A,3mkhA,69
1siqA,3mkhA,69
1u8vA,3mkhA,69
1udyA,3mkhA,69
1ukwA,3mkhA,69
2c12A,3mkhA,69
2d29A,3mkhA,69
2dvlA,3mkhA,69
2ebaA,3mkhA,69
2ix5A,3mkhA,69
2jbsA,3mkhA,69
2jifA,3mkhA,69
2pg0A,3mkhA,69
2rfqA,3mkhA,69
2vigA,3mkhA,69
2wbiA,3mkhA,69
2yyiA,3mkhA,69
3gqtA,3mkhA,69
3m9vA,3mkhA,69
3mkhA,3mkhA,69
3mpiA,3mkhA,69
3nf4A,3mkhA,69
3p4tA,3mkhA,69
3pfdA,3mkhA,69
3r7kA,3mkhA,69
3sf6A,3mkhA,69
3swoA,3mkhA,69
3x0yA,3mkhA,69
4hr3A,3mkhA,69
4irnA,3mkhA,69
4iv6A,3mkhA,69
4ktoA,3mkhA,69
4l1fA,3mkhA,69
4m9aA,3mkhA,69
4n5fA,3mkhA,69
4p13A,3mkhA,69
4x28A,3mkhA,69
4x28C,3mkhA,69
4xvxA,3mkhA,69
4zyjA,3mkhA,69
5af7A,3mkhA,69
5iduA,3mkhA,69
5jscA,3mkhA,69
5lnxA,3mkhA,69
5mr6A,3mkhA,69
5ol2C,3mkhA,69
5xdcA,3mkhA,69
5z8tA,3mkhA,69
5zw7A,3mkhA,69
6cxtB,3mkhA,69
6fahC,3mkhA,69
6qyiA,3mkhA,69
6u1vA,3mkhA,69
6vjrA,3mkhA,69
6wy9A,3mkhA,69
6wy9B,3mkhA,69
7e8pA,3mkhA,69
7f72A,3mkhA,69
7p9aA,3mkhA,69
7szvA,3mkhA,69
7xp7A,3mkhA,69
8hk0A,3mkhA,69
8hk0C,3mkhA,69
8i4pA,3mkhA,69
8v3uA,3mkhA,69
8w0zA,3mkhA,69
9jq3A,3mkhA,69
3mkzA,3mkzA,1
1ogyB,3ml1B,2
3ml1B,3ml1B,2
1mwwC,3mlcA,7
3mlcA,3mlcA,7
7ms8A,3mlcA,7
7ms9A,3mlcA,7
9c4lA,3mlcA,7
9c6dA,3mlcA,7
9o2oA,3mlcA,7
3mliD,3mliD,1
3mlnA,3mlnA,1
3mlpA,3mlpE,2
3mlpE,3mlpE,2
3mmpG,3mmpG,1
3mq7E,3mq7E,1
3mseB,3mseB,1
3mu6A,3mu6A,1
1o6gA,3muoA,23
2ajcA,3muoA,23
2bklA,3muoA,23
2z3zA,3muoA,23
3muoA,3muoA,23
4a5sA,3muoA,23
4hxfB,3muoA,23
4q1vA,3muoA,23
4re5A,3muoA,23
5jrkA,3muoA,23
5t88A,3muoA,23
5uw7A,3muoA,23
5vtaA,3muoA,23
5yp4A,3muoA,23
6eopA,3muoA,23
6jciA,3muoA,23
6y0fA,3muoA,23
7qunA,3muoA,23
7vgbA,3muoA,23
7y4gA,3muoA,23
7ywpA,3muoA,23
7zxsA,3muoA,23
8wt1A,3muoA,23
3mwpA,3mwpA,1
3n1eA,3n1eA,1
3n2oA,3n2oA,2
3nzpA,3n2oA,2
3n3uA,3n3uA,1
2wc9A,3n4pA,7
3c6aA,3n4pA,7
3n4pA,3n4pA,7
4dkwA,3n4pA,7
5c12A,3n4pA,7
5m1pA,3n4pA,7
8dkrA,3n4pA,7
3dsoA,3n7dA,2
3n7dA,3n7dA,2
3n7xA,3n7xA,2
6wh31,3n7xA,2
3n8bA,3n8bA,2
3nm7A,3n8bA,2
3n91A,3n91A,1
3n98A,3n98A,2
9ii1A,3n98A,2
3n9bA,3n9bA,2
5dmpA,3n9bA,2
3n9yC,3n9yC,1
1kfiA,3na5A,16
1p5dX,3na5A,16
1wqaA,3na5A,16
2dkdA,3na5A,16
3i3wA,3na5A,16
3na5A,3na5A,16
3uw2A,3na5A,16
4hjhA,3na5A,16
4qg5A,3na5A,16
5bmnA,3na5A,16
5jn5A,3na5A,16
5o9xA,3na5A,16
6y8yA,3na5A,16
7omlA,3na5A,16
7p5oA,3na5A,16
7pjcA,3na5A,16
3nb0A,3nb0A,2
7q13A,3nb0A,2
1ej2A,3nbkA,37
1f9aA,3nbkA,37
1k4mA,3nbkA,37
1kaqA,3nbkA,37
1o6bA,3nbkA,37
1od6A,3nbkA,37
1vlhA,3nbkA,37
1yumA,3nbkA,37
2h29A,3nbkA,37
2pg3A,3nbkA,37
2qtrA,3nbkA,37
3bl5A,3nbkA,37
3hl4A,3nbkA,37
3k9wA,3nbkA,37
3l92A,3nbkA,37
3nbkA,3nbkA,37
3nd6A,3nbkA,37
3otwA,3nbkA,37
4f3rB,3nbkA,37
4mvcA,3nbkA,37
4natA,3nbkA,37
4rukA,3nbkA,37
4s1oA,3nbkA,37
4wsoA,3nbkA,37
4ybrA,3nbkA,37
4ymiA,3nbkA,37
4ymiB,3nbkA,37
5lltA,3nbkA,37
5zzcA,3nbkA,37
6b7cA,3nbkA,37
7lc5A,3nbkA,37
7q9vA,3nbkA,37
7yy9A,3nbkA,37
8aiiA,3nbkA,37
9deuA,3nbkA,37
9kpyA,3nbkA,37
9ntoB,3nbkA,37
3nbxX,3nbxX,1
1bf6A,3nehA,60
1ituA,3nehA,60
2dvtA,3nehA,60
2f6kA,3nehA,60
2gwgA,3nehA,60
2hbvA,3nehA,60
2ob3A,3nehA,60
2qeeA,3nehA,60
2qpxA,3nehA,60
2ragA,3nehA,60
2z26A,3nehA,60
3a4jA,3nehA,60
3b40A,3nehA,60
3gtxA,3nehA,60
3ij6A,3nehA,60
3jzeA,3nehA,60
3k2gA,3nehA,60
3ly0A,3nehA,60
3nehA,3nehA,60
3nurA,3nehA,60
3ovgA,3nehA,60
3pnuA,3nehA,60
3pnzA,3nehA,60
3rhgA,3nehA,60
3s2jA,3nehA,60
3tn4A,3nehA,60
4di9A,3nehA,60
4do7A,3nehA,60
4hjwA,3nehA,60
4hk5A,3nehA,60
4i6vA,3nehA,60
4if2A,3nehA,60
4l6dA,3nehA,60
4lakA,3nehA,60
4lfyA,3nehA,60
4ofcA,3nehA,60
4qrnA,3nehA,60
4qroA,3nehA,60
4rdzA,3nehA,60
5lx4A,3nehA,60
5vgmA,3nehA,60
5vn5A,3nehA,60
5vrkA,3nehA,60
6bh7A,3nehA,60
6ctyA,3nehA,60
6dxsA,3nehA,60
6jqwA,3nehA,60
6l0aA,3nehA,60
6m53A,3nehA,60
6ompA,3nehA,60
7a19A,3nehA,60
8fumA,3nehA,60
8fumB,3nehA,60
8p7fA,3nehA,60
8sf9D,3nehA,60
8sm6A,3nehA,60
8sm7A,3nehA,60
8sm8A,3nehA,60
8sm9B,3nehA,60
8uyrA,3nehA,60
3njnA,3njnA,1
3nkeC,3nkeC,1
3nl6A,3nl6A,1
3nlcA,3nlcA,1
3nmuA,3nmuA,1
3nojA,3nojA,1
3nqbA,3nqbA,1
3nqnB,3nqnB,1
3nsjA,3nsjA,1
3nwaA,3nwaA,2
9cu4A,3nwaA,2
3ny7A,3ny7A,1
3nybB,3nybB,1
1amuA,3nyqA,68
1mdbA,3nyqA,68
1v25A,3nyqA,68
2d1sA,3nyqA,68
3cw9A,3nyqA,68
3e7wA,3nyqA,68
3fceA,3nyqA,68
3kxwA,3nyqA,68
3lgxA,3nyqA,68
3nyqA,3nyqA,68
3o83A,3nyqA,68
3rixA,3nyqA,68
3vnrA,3nyqA,68
3wv5A,3nyqA,68
4d4iA,3nyqA,68
4dg8A,3nyqA,68
4dg9A,3nyqA,68
4futA,3nyqA,68
4gr5A,3nyqA,68
4ir7A,3nyqA,68
4oxiA,3nyqA,68
5busB,3nyqA,68
5d6jA,3nyqA,68
5es7A,3nyqA,68
5hm3A,3nyqA,68
5jjqA,3nyqA,68
5kytA,3nyqA,68
5n9xA,3nyqA,68
5oe3A,3nyqA,68
5uptA,3nyqA,68
5wm2A,3nyqA,68
5zrnA,3nyqA,68
6akdA,3nyqA,68
6ea3B,3nyqA,68
6ijbB,3nyqA,68
6k4dA,3nyqA,68
6nj0A,3nyqA,68
6o6eB,3nyqA,68
6sq8A,3nyqA,68
6ulyA,3nyqA,68
6vhvA,3nyqA,68
6vhxA,3nyqA,68
7a9jA,3nyqA,68
7dq5B,3nyqA,68
7kydA,3nyqA,68
7r27A,3nyqA,68
7r7eA,3nyqA,68
7thnB,3nyqA,68
7tz4A,3nyqA,68
7vhvA,3nyqA,68
7wewA,3nyqA,68
7wuaA,3nyqA,68
7wuaD,3nyqA,68
7xbtA,3nyqA,68
7xbvA,3nyqA,68
7ywkA,3nyqA,68
8g0uC,3nyqA,68
8g96A,3nyqA,68
8gicA,3nyqA,68
8hdfA,3nyqA,68
8k4rA,3nyqA,68
8wevA,3nyqA,68
8wwwA,3nyqA,68
8yyrA,3nyqA,68
8ztzD,3nyqA,68
9bhzA,3nyqA,68
9bq0A,3nyqA,68
9n1uA,3nyqA,68
3hztA,3nyvA,5
3nyvA,3nyvA,5
3soaA,3nyvA,5
4qoxA,3nyvA,5
5dvrA,3nyvA,5
3o3mA,3o3mA,5
3o3mB,3o3mA,5
6enoA,3o3mA,5
8s02A,3o3mA,5
8s02B,3o3mA,5
3o47A,3o47A,1
3o6xA,3o6xA,1
3o9xA,3o9xA,1
1h32A,3oa8A,3
2c1dA,3oa8A,3
3oa8A,3oa8A,3
3oa8B,3oa8B,1
3oadA,3oadA,1
3oadB,3oadB,1
3obvA,3obvA,10
4ct7B,3obvA,10
4cv5B,3obvA,10
4d49E,3obvA,10
4v3qA,3obvA,10
5aeiA,3obvA,10
5mfdA,3obvA,10
5mfgC,3obvA,10
5mfgD,3obvA,10
8gsjA,3obvA,10
1dfmA,3odhA,3
3bamA,3odhA,3
3odhA,3odhA,3
3odvA,3odvA,2
6ay7A,3odvA,2
3of1A,3of1A,1
2icyA,3oh3A,10
2yqcA,3oh3A,10
3gueA,3oh3A,10
3oh3A,3oh3A,10
4bqhA,3oh3A,10
4r7pA,3oh3A,10
5nzgA,3oh3A,10
6g9vB,3oh3A,10
6z2fA,3oh3A,10
8yp3A,3oh3A,10
1aecA,3oisA,39
1csbB,3oisA,39
1iwdA,3oisA,39
1m6dA,3oisA,39
1megA,3oisA,39
1nb5A,3oisA,39
1sp4B,3oisA,39
1theA,3oisA,39
2bdzA,3oisA,39
2dccA,3oisA,39
2p86A,3oisA,39
2preA,3oisA,39
2xu3A,3oisA,39
3bcnA,3oisA,39
3bpfA,3oisA,39
3bwkA,3oisA,39
3f5vA,3oisA,39
3hhiA,3oisA,39
3i06A,3oisA,39
3ioqA,3oisA,39
3oisA,3oisA,39
4bs6A,3oisA,39
4x6hA,3oisA,39
5a24A,3oisA,39
5vplA,3oisA,39
6a0qB,3oisA,39
6p4eA,3oisA,39
6thoA,3oisA,39
6x42X,3oisA,39
6yccA,3oisA,39
6ycgB,3oisA,39
6yi7A,3oisA,39
7qgwA,3oisA,39
8b4tA,3oisA,39
8iuiA,3oisA,39
8jcqA,3oisA,39
8v58A,3oisA,39
9ckwA,3oisA,39
9gj2A,3oisA,39
3ojaB,3ojaB,1
1b74A,3ojcA,21
1zuwA,3ojcA,21
2dwuA,3ojcA,21
2gzmA,3ojcA,21
2jfnA,3ojcA,21
2jfqA,3ojcA,21
2ohvA,3ojcA,21
2vvtA,3ojcA,21
3hfrA,3ojcA,21
3ixlA,3ojcA,21
3ojcA,3ojcA,21
3outA,3ojcA,21
3qvlA,3ojcA,21
3s7zB,3ojcA,21
3uhfA,3ojcA,21
5hj7A,3ojcA,21
5hraA,3ojcA,21
5ijwA,3ojcA,21
5w16A,3ojcA,21
5wxyA,3ojcA,21
8tbaA,3ojcA,21
3omxA,3omxA,1
3omyB,3omyB,1
2rd5C,3opkC,4
3opkC,3opkC,4
4usjC,3opkC,4
6bwqA,3opkC,4
3oqqA,3oqqA,1
2xsjC,3or2C,2
3or2C,3or2C,2
3or3A,3or3A,1
3orjA,3orjA,3
6d2yA,3orjA,3
7k44A,3orjA,3
3di4A,3oruA,2
3oruA,3oruA,2
3ossD,3ossD,1
3otkA,3otkA,1
3ottA,3ottA,1
3oueA,3oueA,1
3ouqA,3ouqA,1
3ov0A,3ov0A,1
3ow7A,3ow7A,1
3ox6A,3ox6A,1
3ox6E,3ox6E,1
2l1wA,3oxqB,2
3oxqB,3oxqB,2
3oymA,3oymA,1
3p0jB,3p0jB,2
5usfA,3p0jB,2
3p0kA,3p0kA,1
1ogdA,3p13A,5
2wcuA,3p13A,5
2wcvA,3p13A,5
3p13A,3p13A,5
4a34A,3p13A,5
2wwwA,3p32A,5
3nxsA,3p32A,5
3p32A,3p32A,5
3tk1A,3p32A,5
4lc1A,3p32A,5
3p43A,3p4hA,2
3p4hA,3p4hA,2
3p4xA,3p4xA,1
3p7nA,3p7nA,2
7talA,3p7nA,2
3pddA,3pddA,2
8tonA,3pddA,2
3pdfA,3pdfA,3
4oelA,3pdfA,3
6czsA,3pdfA,3
3pe0A,3pe0A,1
3pf2A,3pf2A,5
3qdhA,3pf2A,5
4hsqA,3pf2A,5
4uzgA,3pf2A,5
9ltyA,3pf2A,5
3pf7A,3pf7A,1
1a5tA,3pfiA,37
1in4A,3pfiA,37
1iqpA,3pfiA,37
1sxjE,3pfiA,37
2a5yC,3pfiA,37
2c9oC,3pfiA,37
2chgA,3pfiA,37
2chqA,3pfiA,37
2fnaA,3pfiA,37
2qenA,3pfiA,37
3pfiA,3pfiA,37
3uk6H,3pfiA,37
3uk6L,3pfiA,37
5c3cA,3pfiA,37
6blbA,3pfiA,37
6k0rD,3pfiA,37
6l1qA,3pfiA,37
6p8vA,3pfiA,37
6ut6A,3pfiA,37
6z1eB,3pfiA,37
7jlvA,3pfiA,37
7pboA,3pfiA,37
7ufi1,3pfiA,37
8dqwB,3pfiA,37
8dqwC,3pfiA,37
8dqwD,3pfiA,37
8dqwE,3pfiA,37
8efvA,3pfiA,37
8gj2B,3pfiA,37
8rduD,3pfiA,37
8uh7B,3pfiA,37
8umvB,3pfiA,37
8umvC,3pfiA,37
8umvD,3pfiA,37
8umvE,3pfiA,37
8xvbA,3pfiA,37
9eq2A,3pfiA,37
3pkxA,3pkxA,1
3plwA,3plwA,1
3k21A,3pm8A,5
3kheA,3pm8A,5
3l19A,3pm8A,5
3o4yA,3pm8A,5
3pm8A,3pm8A,5
1b8dA,3pmdA,15
1eyxB,3pmdA,15
2vjhA,3pmdA,15
2wy4A,3pmdA,15
3pmdA,3pmdA,15
3tm9A,3pmdA,15
3v57A,3pmdA,15
3v57B,3pmdA,15
4xxiA,3pmdA,15
5nb4A,3pmdA,15
6fznA,3pmdA,15
6wk3A,3pmdA,15
7dihA,3pmdA,15
7lj0B,3pmdA,15
8u0yA,3pmdA,15
1aksA,3po1B,4
1gg6B,3po1B,4
1kdqA,3po1B,4
3po1B,3po1B,4
2wnoA,3pojA,4
3pojA,3pojA,4
6f1dA,3pojA,4
6gh8A,3pojA,4
3poyA,3poyA,1
3pp5A,3pp5A,1
3pqhA,3pqhA,1
3pqiA,3pqiA,1
3proC,3proC,1
3ptyA,3ptyA,1
3ps9A,3pvcA,2
3pvcA,3pvcA,2
3pw3A,3pw3A,1
3hahA,3q0kA,3
3q0kA,3q0kA,3
3qe6A,3q0kA,3
1l3wA,3q2vA,11
3q2vA,3q2vA,11
3q2vB,3q2vA,11
3q2wA,3q2vA,11
5eqxA,3q2vA,11
5erdA,3q2vA,11
5erpA,3q2vA,11
5iryA,3q2vA,11
5j5jA,3q2vA,11
7stzC,3q2vA,11
7stzD,3q2vA,11
1wubA,3q34A,9
1y0gA,3q34A,9
2x32A,3q34A,9
3hpeA,3q34A,9
3q34A,3q34A,9
5ixgA,3q34A,9
5ixhA,3q34A,9
5w39A,3q34A,9
7bwlA,3q34A,9
3q3mE,3q3mE,1
2wy2D,3q7sB,2
3q7sB,3q7sB,2
3q8xD,3q8xD,1
3qc5X,3qc5X,1
3qcpA,3qcpA,1
1o72A,3qdtA,6
1y2wA,3qdtA,6
2ofdA,3qdtA,6
3qdtA,3qdtA,6
5gwfB,3qdtA,6
9eymA,3qdtA,6
1tllA,3qe2A,6
2bpoA,3qe2A,6
3fjoA,3qe2A,6
3qe2A,3qe2A,6
5gxuA,3qe2A,6
6t1uA,3qe2A,6
1ddgA,3qfsA,9
1f20A,3qfsA,9
2qtlA,3qfsA,9
3es9B,3qfsA,9
3qfsA,3qfsA,9
4dqlA,3qfsA,9
5gxuB,3qfsA,9
6efvA,3qfsA,9
7suxA,3qfsA,9
3qouA,3qouA,1
2avxA,3qp1A,4
3qp1A,3qp1A,4
3qp8A,3qp1A,4
5l09A,3qp1A,4
3qp5A,3qp5A,2
3qp6A,3qp5A,2
3qphA,3qphA,1
1cr5A,3qq7A,2
3qq7A,3qq7A,2
3qqaA,3qqaA,2
7eqfA,3qqaA,2
3qqcA,3qqcA,1
2a07F,3qrfF,2
3qrfF,3qrfF,2
1i5lA,3qsuB,12
1lnxA,3qsuB,12
1lojA,3qsuB,12
1m8vA,3qsuB,12
3qsuB,3qsuB,12
3swnA,3qsuB,12
4c8qC,3qsuB,12
4j6wA,3qsuB,12
4pnoA,3qsuB,12
4x9dA,3qsuB,12
5mkiC,3qsuB,12
6tflA,3qsuB,12
3qtaA,3qtaA,1
3qu6A,3qu6A,1
3qw4B,3qw4B,1
3r3tA,3r3tA,1
1i1qA,3r75A,7
1i7qA,3r75A,7
1k0eA,3r75A,7
3r75A,3r75A,7
5cwaA,3r75A,7
7bvdA,3r75A,7
7qu9A,3r75A,7
3r9vB,3r9vB,1
3rb5A,3rb5A,2
3us9A,3rb5A,2
3rbzB,3rbzB,2
8fz7A,3rbzB,2
3rc3A,3rc3A,1
2h9dC,3retB,2
3retB,3retB,2
3rfaA,3rfaA,2
6fz6A,3rfaA,2
3rfeA,3rfeA,1
1v4pA,3rfnA,2
3rfnA,3rfnA,2
2zzjA,3rg0A,12
3powA,3rg0A,12
3rg0A,3rg0A,12
3zypA,3rg0A,12
4le4D,3rg0A,12
5hcaA,3rg0A,12
5hcfB,3rg0A,12
7qpdC,3rg0A,12
8q29A,3rg0A,12
8q2aA,3rg0A,12
8xvfA,3rg0A,12
9k7mA,3rg0A,12
2z7xA,3rg1A,13
2z81A,3rg1A,13
3b2dA,3rg1A,13
3rg1A,3rg1A,13
3rgzA,3rg1A,13
3t6qA,3rg1A,13
4g8aA,3rg1A,13
4j0mA,3rg1A,13
5ixoA,3rg1A,13
6nysA,3rg1A,13
7mlmA,3rg1A,13
7w3vC,3rg1A,13
9btpA,3rg1A,13
3rgaA,3rgaA,1
3rh7A,3rh7A,2
5zyrA,3rh7A,2
1t0bA,3rhtA,6
2vdjA,3rhtA,6
3rhtA,3rhtA,6
4e5vA,3rhtA,6
4l8fB,3rhtA,6
4pxyA,3rhtA,6
3rk1A,3rk1A,1
3rk2B,3rk2B,1
3rl5A,3rl5A,2
6uncA,3rl5A,2
3rlfF,3rlfF,1
3rmqA,3rmqA,1
1b3xA,3ro8A,38
1fcvA,3ro8A,38
1j9yA,3ro8A,38
1odzA,3ro8A,38
1r85A,3ro8A,38
1uozA,3ro8A,38
1ur1A,3ro8A,38
1v0lA,3ro8A,38
1vbrA,3ro8A,38
1w32A,3ro8A,38
2bogX,3ro8A,38
2d22A,3ro8A,38
2qhaA,3ro8A,38
2v3gA,3ro8A,38
3cuiA,3ro8A,38
3emzA,3ro8A,38
3msgA,3ro8A,38
3ro8A,3ro8A,38
3u7bB,3ro8A,38
3w25A,3ro8A,38
3wdrA,3ro8A,38
3wugA,3ro8A,38
4pmdA,3ro8A,38
4pmxA,3ro8A,38
4w8lA,3ro8A,38
4xx6A,3ro8A,38
5d4yA,3ro8A,38
5efdA,3ro8A,38
5ofkA,3ro8A,38
5xzuA,3ro8A,38
6jdzA,3ro8A,38
6q8nA,3ro8A,38
6sryA,3ro8A,38
6wqwA,3ro8A,38
7cplA,3ro8A,38
7d88A,3ro8A,38
7nl2A,3ro8A,38
7vt5A,3ro8A,38
3rogA,3rogA,1
1g5bA,3rqzA,7
2dfjA,3rqzA,7
2qjcA,3rqzA,7
3qfmA,3rqzA,7
3rqzA,3rqzA,7
4j6oA,3rqzA,7
5vjwA,3rqzA,7
3rsnA,3rsnA,1
3rtaA,3rtaA,1
3ruiA,3ruiA,3
6om4A,3ruiA,3
6yubA,3ruiA,3
3rv0A,3rv0A,1
3rv0B,3rv0B,1
3rwnA,3rwnA,1
3rwrJ,3rwrJ,1
3rwrM,3rwrM,1
3s1sA,3s1sA,1
3s28A,3s28A,1
3s4lA,3s4lA,1
3s5xA,3s5xA,2
7dc4A,3s5xA,2
3s6lA,3s6lA,1
3s6xA,3s6xA,1
1nmsA,3s70A,6
3s70A,3s70A,6
4fxoA,3s70A,6
7fqiA,3s70A,6
7wldK,3s70A,6
7wr6A,3s70A,6
3s82A,3s82A,13
4l7iA,3s82A,13
4odjA,3s82A,13
5t8sA,3s82A,13
6rk7A,3s82A,13
6s83A,3s82A,13
6vd1A,3s82A,13
7p8mA,3s82A,13
7r2wA,3s82A,13
7r3bA,3s82A,13
7rwgA,3s82A,13
8jzgA,3s82A,13
8swaA,3s82A,13
3rq4A,3s8pA,3
3s8pA,3s8pA,3
8t9fK,3s8pA,3
3s9lC,3s9lC,2
3s9nD,3s9lC,2
3sahB,3sahB,2
5c0yB,3sahB,2
3sgiA,3sgiA,1
3shqA,3shqA,1
3shrA,3shrA,1
3siwA,3siwA,3
3zy2A,3siwA,3
5kxhA,3siwA,3
3skdA,3skdA,1
3slkA,3slkA,1
3slrA,3slrA,1
3sucA,3sucA,1
3swfB,3swfB,1
3gasA,3swjA,2
3swjA,3swjA,2
3sxkA,3sxkA,3
7c7eA,3sxkA,3
9jplA,3sxkA,3
3sm4B,3syyA,3
3syyA,3syyA,3
4ic1A,3syyA,3
3szgA,3szgA,1
3t0tA,3t0tA,2
8xw9A,3t0tA,2
3r1mA,3t2cA,2
3t2cA,3t2cA,2
1g6iA,3t33A,10
1nxcA,3t33A,10
1x9dA,3t33A,10
2g0dA,3t33A,10
2ri9A,3t33A,10
3t33A,3t33A,10
4aypA,3t33A,10
6wq1A,3t33A,10
8bykA,3t33A,10
8d19A,3t33A,10
3t58A,3t58A,1
3t5oA,3t5oA,1
3t6aB,3t6aB,1
3t6pA,3t6pA,1
1hyiA,3t7lA,4
2yqmA,3t7lA,4
2yw8A,3t7lA,4
3t7lA,3t7lA,4
3t91A,3t91A,1
3talA,3talA,1
1qxyA,3tavA,9
2b3hA,3tavA,9
2gg2A,3tavA,9
3mx6A,3tavA,9
3pkaA,3tavA,9
3tavA,3tavA,9
4fo7A,3tavA,9
4fukA,3tavA,9
8khoA,3tavA,9
3tbnA,3tbnA,2
6avjA,3tbnA,2
3tbmA,3tboA,2
3tboA,3tboA,2
3td7A,3td7A,1
3th0A,3th0A,1
1ii7A,3thoB,12
3auzA,3thoB,12
3t1iA,3thoB,12
3thoB,3thoB,12
4fbwA,3thoB,12
4fbwB,3thoB,12
4m0vA,3thoB,12
4ykeA,3thoB,12
5dnyA,3thoB,12
6x1zA,3thoB,12
7dogA,3thoB,12
7yzoA,3thoB,12
3thtA,3thtA,1
1m6yA,3tkaA,6
1wg8A,3tkaA,6
3tkaA,3tkaA,6
7pnvb,3tkaA,6
8ipkA,3tkaA,6
8ipmD,3tkaA,6
3ndvA,3tm2A,3
3tm2A,3tm2A,3
5tzbA,3tm2A,3
3tm8A,3tm8A,1
3qhqA,3tocA,4
3s5uA,3tocA,4
3tocA,3tocA,4
6qxfA,3tocA,4
3tp9A,3tp9A,1
3tqcA,3tqcA,3
4bfzA,3tqcA,3
4ne2A,3tqcA,3
2h5eA,3tr5A,4
3tr5A,3tr5A,4
3vqtA,3tr5A,4
7siqA,3tr5A,4
3tutA,3tutA,2
4o8jA,3tutA,2
3tvyA,3tvyA,1
3tw1A,3tw1A,2
4khoA,3tw1A,2
3txaA,3txaA,1
2lhiA,3u0kA,2
3u0kA,3u0kA,2
2hekA,3u1nD,15
2q14A,3u1nD,15
3u1nD,3u1nD,15
4lrlA,3u1nD,15
5ao4D,3u1nD,15
5yhwA,3u1nD,15
5yhwD,3u1nD,15
6brhA,3u1nD,15
6dwdA,3u1nD,15
6pwyA,3u1nD,15
6u6xB,3u1nD,15
6u6xC,3u1nD,15
6u6zA,3u1nD,15
8gb1C,3u1nD,15
9mr6A,3u1nD,15
3iukA,3u24A,2
3u24A,3u24A,2
3u88C,3u88C,1
3u8pA,3u8pA,16
4l1iA,3u8pA,16
4w7rA,3u8pA,16
4z4mA,3u8pA,16
5mwcD,3u8pA,16
6hr1A,3u8pA,16
6jgjA,3u8pA,16
6quhB,3u8pA,16
6wvbA,3u8pA,16
6wvfA,3u8pA,16
6wvhA,3u8pA,16
7pcaA,3u8pA,16
7vcmA,3u8pA,16
8c0tA,3u8pA,16
8smuA,3u8pA,16
9bcfB,3u8pA,16
3ua3A,3ua3A,1
3ubfA,3ubfA,1
3ubhA,3ubhA,1
3e6yA,3ubwA,9
3ubwA,3ubwA,9
4dx0A,3ubwA,9
5n10A,3ubwA,9
6bcrA,3ubwA,9
6s9kA,3ubwA,9
6zfgA,3ubwA,9
7az2A,3ubwA,9
8qtcA,3ubwA,9
3ucpA,3ucpA,1
3udgA,3udgA,1
3udzA,3udzA,3
5mw8A,3udzA,3
6fjkA,3udzA,3
2nu8B,3ufxB,5
3ufxB,3ufxB,5
5tdeA,3ufxB,5
6hxiC,3ufxB,5
6wcvB,3ufxB,5
3uj0A,3uj0A,1
3ujzA,3ujzA,1
3ukgA,3ukgA,1
3ukmA,3ukmA,10
4twkA,3ukmA,10
6rv3A,3ukmA,10
6w8cA,3ukmA,10
7lj5A,3ukmA,10
8de8A,3ukmA,10
8qz3A,3ukmA,10
9c09A,3ukmA,10
9g9wA,3ukmA,10
9melA,3ukmA,10
3uoaC,3uoaC,1
1fcyA,3up3A,81
1g2nA,3up3A,81
1hj1A,3up3A,81
1n83A,3up3A,81
1nq7A,3up3A,81
1sqnA,3up3A,81
1xiuA,3up3A,81
1xnxA,3up3A,81
1xvpD,3up3A,81
1ymtA,3up3A,81
1z5xE,3up3A,81
2awhB,3up3A,81
2j7yA,3up3A,81
2nxxE,3up3A,81
2p4yB,3up3A,81
2q1hA,3up3A,81
2qa8A,3up3A,81
2r40D,3up3A,81
3b0tA,3up3A,81
3gytA,3up3A,81
3k6pA,3up3A,81
3mnpA,3up3A,81
3ollA,3up3A,81
3ry9A,3up3A,81
3tx7B,3up3A,81
3up3A,3up3A,81
3uvvA,3up3A,81
4dm6A,3up3A,81
4dorA,3up3A,81
4iqrA,3up3A,81
4n73A,3up3A,81
4oztE,3up3A,81
4oztU,3up3A,81
4pf3A,3up3A,81
4refA,3up3A,81
5hjsA,3up3A,81
5t92A,3up3A,81
5u3qA,3up3A,81
5uc1A,3up3A,81
5x0rA,3up3A,81
5y41A,3up3A,81
6eu9B,3up3A,81
6gggA,3up3A,81
6hl1A,3up3A,81
6i65A,3up3A,81
6kkbX,3up3A,81
6l88A,3up3A,81
6lb4A,3up3A,81
6litA,3up3A,81
6lxaA,3up3A,81
6psjB,3up3A,81
6s4nC,3up3A,81
6s5kA,3up3A,81
6sq0A,3up3A,81
6suoA,3up3A,81
6vc2A,3up3A,81
6w9lA,3up3A,81
6xp9A,3up3A,81
7nfbA,3up3A,81
7npcA,3up3A,81
7pdqA,3up3A,81
7qpiA,3up3A,81
7rafA,3up3A,81
7rs0B,3up3A,81
7rs7B,3up3A,81
7uj7C,3up3A,81
7ujoA,3up3A,81
7ujoB,3up3A,81
8b94A,3up3A,81
8d8iA,3up3A,81
8du8A,3up3A,81
8e1aA,3up3A,81
8f5yB,3up3A,81
8fkcA,3up3A,81
9ez2A,3up3A,81
9f7wA,3up3A,81
9fzjA,3up3A,81
9gfeA,3up3A,81
9ix5A,3up3A,81
9m1dA,3up3A,81
9n9lA,3up3A,81
3uplA,3uplA,1
3urgA,3urgA,1
3urzA,3urzA,1
3u4aA,3ut0A,9
3ut0A,3ut0A,9
5jp0A,3ut0A,9
5tf0A,3ut0A,9
5xxlA,3ut0A,9
6r5tA,3ut0A,9
7qe1A,3ut0A,9
7vc7A,3ut0A,9
8va3A,3ut0A,9
2vrzA,3uulA,5
3atpA,3uulA,5
3uulA,3uulA,5
5aquB,3uulA,5
8fyvA,3uulA,5
1a0cA,3uvaA,16
1a0dA,3uvaA,16
1a0eA,3uvaA,16
1d8wA,3uvaA,16
1muwA,3uvaA,16
1ximA,3uvaA,16
3ktcA,3uvaA,16
3m0mA,3uvaA,16
3uvaA,3uvaA,16
4xiaA,3uvaA,16
4xkmA,3uvaA,16
5nh6A,3uvaA,16
5tnvA,3uvaA,16
6intA,3uvaA,16
6n98A,3uvaA,16
8jq4A,3uvaA,16
3ux3A,3ux3A,1
3uxjA,3uxjA,1
3n0aA,3v0hA,2
3v0hA,3v0hA,2
3v1cA,3v1cA,1
3v1eA,3v1eA,1
3dvoA,3v20A,2
3v20A,3v20A,2
3v5wA,3v5wA,1
3v6iA,3v6iA,1
1nkqA,3v77A,17
2eb6A,3v77A,17
2q1aX,3v77A,17
3qdfA,3v77A,17
3r6oA,3v77A,17
3v77A,3v77A,17
4dbfA,3v77A,17
5d2kA,3v77A,17
6fohA,3v77A,17
6iymA,3v77A,17
6j5xA,3v77A,17
6j5yA,3v77A,17
6jvwA,3v77A,17
6sbjA,3v77A,17
6v77A,3v77A,17
8gstA,3v77A,17
8sutA,3v77A,17
3v97A,3v97A,1
3vajB,3vajB,1
3vb9B,3vb9B,1
1krrA,3vbiA,31
1qreA,3vbiA,31
1v3wA,3vbiA,31
2xatA,3vbiA,31
3dhoA,3vbiA,31
3igjA,3vbiA,31
3ixcA,3vbiA,31
3mqgA,3vbiA,31
3nz2A,3vbiA,31
3r3rA,3vbiA,31
3r8yA,3vbiA,31
3tioA,3vbiA,31
3vbiA,3vbiA,31
3vnpA,3vbiA,31
4hurA,3vbiA,31
4isxA,3vbiA,31
4n27A,3vbiA,31
5v0zA,3vbiA,31
6iveA,3vbiA,31
6pxaA,3vbiA,31
6sc4A,3vbiA,31
6u9cA,3vbiA,31
7zw9A,3vbiA,31
8bpxx,3vbiA,31
8e62A,3vbiA,31
8gpmA,3vbiA,31
8j40A,3vbiA,31
8vr6A,3vbiA,31
9f5yt,3vbiA,31
9jywA,3vbiA,31
9linA,3vbiA,31
3vd6C,3vd6C,1
1ks4A,3vgiA,14
1uu6A,3vgiA,14
2bwaA,3vgiA,14
2dckA,3vgiA,14
2jenA,3vgiA,14
2nlrA,3vgiA,14
3amnA,3vgiA,14
3vgiA,3vgiA,14
3vl9A,3vgiA,14
3wp6A,3vgiA,14
5gm5A,3vgiA,14
6sduA,3vgiA,14
7eejA,3vgiA,14
7s8kA,3vgiA,14
2hs3A,3viuA,2
3viuA,3viuA,2
3vk6A,3vk6A,1
3vklA,3vklA,1
2e89A,3vrhA,4
3vrhA,3vrhA,4
5ztbA,3vrhA,4
6scyA,3vrhA,4
3vsvA,3vsvA,1
3ttcA,3vthA,3
3vthA,3vthA,3
3vthB,3vthA,3
3qr7A,3vtoA,2
3vtoA,3vtoA,2
2y8dA,3vuvA,2
3vuvA,3vuvA,2
3oj3I,3vuxE,2
3vuxE,3vuxE,2
3vvpA,3vvpA,5
5c6oA,3vvpA,5
5c6pA,3vvpA,5
5t77A,3vvpA,5
9g97A,3vvpA,5
3o72A,3vxjA,22
3vxjA,3vxjA,22
4g2cA,3vxjA,22
4gs1A,3vxjA,22
4w7kA,3vxjA,22
5c2iA,3vxjA,22
5fw4A,3vxjA,22
6fskA,3vxjA,22
6gzwA,3vxjA,22
6jbnA,3vxjA,22
6qzoA,3vxjA,22
7anvA,3vxjA,22
7d8mA,3vxjA,22
7e5qA,3vxjA,22
7odzA,3vxjA,22
8ck9A,3vxjA,22
8fjrA,3vxjA,22
8re3A,3vxjA,22
9az0A,3vxjA,22
9az1A,3vxjA,22
9az2A,3vxjA,22
9fy7A,3vxjA,22
3vywA,3vywA,1
3w0lB,3w0lB,3
4bb9A,3w0lB,3
4lc9A,3w0lB,3
3w0tA,3w0tA,1
3bb0A,3w36A,3
3w36A,3w36A,3
4citA,3w36A,3
1jr8A,3w4yA,8
1oqcA,3w4yA,8
2hj3A,3w4yA,8
3gwlA,3w4yA,8
3gwnA,3w4yA,8
3u5sA,3w4yA,8
3w4yA,3w4yA,8
4e0hA,3w4yA,8
3w54A,3w54A,1
3thdA,3w5fA,4
3w5fA,3w5fA,4
4e8cA,3w5fA,4
6eonA,3w5fA,4
3w5kB,3w5kB,1
1qsrA,3w6xA,8
1ro5A,3w6xA,8
2g0bA,3w6xA,8
3p2hA,3w6xA,8
3w6xA,3w6xA,8
5gi7A,3w6xA,8
5w8eA,3w6xA,8
6wn0A,3w6xA,8
1uo4B,3w92A,2
3w92A,3w92A,2
3wazA,3wazA,1
3wb0A,3wb0A,1
3wdmA,3wdmA,1
1fftA,3wfdB,16
2gsmA,3wfdB,16
3hb3A,3wfdB,16
3mk7A,3wfdB,16
3wfdB,3wfdB,16
4xydA,3wfdB,16
6hwhQ,3wfdB,16
6kobA,3wfdB,16
7cohA,3wfdB,16
7jroa,3wfdB,16
7qhmD,3wfdB,16
8c8qA,3wfdB,16
8ovdL,3wfdB,16
8smrE,3wfdB,16
8ucma,3wfdB,16
9etza,3wfdB,16
3wfwA,3wfwA,1
3wguE,3wguE,1
1bh6A,3whiA,41
1ga6A,3whiA,41
1gciA,3whiA,41
1r0rE,3whiA,41
1sh7A,3whiA,41
1t1gA,3whiA,41
1to2E,3whiA,41
1wmdA,3whiA,41
1y9zA,3whiA,41
2b6nA,3whiA,41
2gkoA,3whiA,41
2id4A,3whiA,41
2ixtA,3whiA,41
2pwaA,3whiA,41
2w2nA,3whiA,41
2xrmA,3whiA,41
2xtjA,3whiA,41
2z30A,3whiA,41
3cnqS,3whiA,41
3f7oA,3whiA,41
3lpcA,3whiA,41
3t41A,3whiA,41
3ti9A,3whiA,41
3vyvA,3whiA,41
3whiA,3whiA,41
3wiuA,3whiA,41
3wqbA,3whiA,41
4dztA,3whiA,41
4hvlA,3whiA,41
5ffnA,3whiA,41
5vlkA,3whiA,41
5wslA,3whiA,41
5yl7A,3whiA,41
5z6oA,3whiA,41
7lcuA,3whiA,41
7w2aA,3whiA,41
7y6mC,3whiA,41
8c4xA,3whiA,41
8c4zB,3whiA,41
8eheA,3whiA,41
8gkpC,3whiA,41
1g87A,3wkgA,65
1h12A,3wkgA,65
1ia6A,3wkgA,65
1kscA,3wkgA,65
1kwfA,3wkgA,65
1n4qB,3wkgA,65
1rq5A,3wkgA,65
1tf4A,3wkgA,65
1wu6A,3wkgA,65
2d8lA,3wkgA,65
2fv1A,3wkgA,65
2h6fB,3wkgA,65
2jg0A,3wkgA,65
2xfgA,3wkgA,65
2yikA,3wkgA,65
2zblA,3wkgA,65
3ankA,3wkgA,65
3draB,3wkgA,65
3dssB,3wkgA,65
3gzkA,3wkgA,65
3qryA,3wkgA,65
3qxqA,3wkgA,65
3wc3A,3wkgA,65
3wkgA,3wkgA,65
3x17A,3wkgA,65
4cj0A,3wkgA,65
4doeA,3wkgA,65
4l9pB,3wkgA,65
4wvbA,3wkgA,65
4xhcA,3wkgA,65
4ydeB,3wkgA,65
4zh5A,3wkgA,65
5agdA,3wkgA,65
5dgrA,3wkgA,65
5g1wA,3wkgA,65
5gooA,3wkgA,65
5gxxA,3wkgA,65
5gzkA,3wkgA,65
5m4aA,3wkgA,65
5m7yA,3wkgA,65
5oi0A,3wkgA,65
5u2oA,3wkgA,65
5z3fA,3wkgA,65
5z66A,3wkgA,65
5z74A,3wkgA,65
6dhtA,3wkgA,65
6g09A,3wkgA,65
6imvA,3wkgA,65
6ry0A,3wkgA,65
6sbcA,3wkgA,65
6sudA,3wkgA,65
6y8fA,3wkgA,65
7d5gA,3wkgA,65
7eawA,3wkgA,65
7f82A,3wkgA,65
7t08B,3wkgA,65
7temA,3wkgA,65
7unpA,3wkgA,65
7v0iA,3wkgA,65
8h1lB,3wkgA,65
8iwfA,3wkgA,65
8u49A,3wkgA,65
8xulA,3wkgA,65
9nwfA,3wkgA,65
9r4mA,3wkgA,65
3wmpD,3wmpD,2
4q56A,3wmpD,2
3wo3B,3wo3B,2
5y32B,3wo3B,2
2zaiA,3wovA,3
3vu1A,3wovA,3
3wovA,3wovA,3
3wraA,3wraA,1
3wroA,3wroA,1
3wryA,3wryA,1
3wryC,3wryC,2
6jimA,3wryC,2
1fvuB,3wsrA,17
1ixxA,3wsrA,17
1j34A,3wsrA,17
1jznA,3wsrA,17
1rdl1,3wsrA,17
1sl6A,3wsrA,17
1wt9A,3wsrA,17
1xphA,3wsrA,17
2bphA,3wsrA,17
2brsB,3wsrA,17
2e3xB,3wsrA,17
2msbA,3wsrA,17
2xr6A,3wsrA,17
3vppA,3wsrA,17
3wsrA,3wsrA,17
6rygA,3wsrA,17
7oduA,3wsrA,17
3wupA,3wupA,1
3wvcA,3wvcA,1
3wvkA,3wvkA,1
2muqA,3wwqC,2
3wwqC,3wwqC,2
3wwtB,3wwtB,1
3wzhB,3wzhB,1
3wzsA,3wzsA,1
3x01A,3x01A,5
6cn2A,3x01A,5
6ux9A,3x01A,5
7n81B,3x01A,5
7qpnA,3x01A,5
3x0eA,3x0eA,1
3x27A,3x27A,1
3x3mA,3x3mA,1
3zcbB,3zcbB,1
1ey2A,3zdsA,2
3zdsA,3zdsA,2
3ze3A,3ze3A,2
8szaA,3ze3A,2
3zfjA,3zfjA,1
1jqnA,3zgeA,4
3zgeA,3zgeA,4
5fdnA,3zgeA,4
6mgiA,3zgeA,4
3zgpA,3zgpA,1
3zj1A,3zj1A,1
3zj2A,3zj2A,1
2xquA,3zk1A,4
3zk1A,3zk1A,4
4f4sA,3zk1A,4
8ki34,3zk1A,4
16pkA,3zlbA,12
1ltkA,3zlbA,12
1phpA,3zlbA,12
1qpgA,3zlbA,12
1vpeA,3zlbA,12
1zmrA,3zlbA,12
2paaA,3zlbA,12
2wzbA,3zlbA,12
3zlbA,3zlbA,12
4feyA,3zlbA,12
4ng4A,3zlbA,12
6yjeA,3zlbA,12
3zm8A,3zm8A,2
6uehA,3zm8A,2
3znfA,3znfA,1
3zp7A,3zp7A,1
3o01A,3zqeB,3
3zqeA,3zqeB,3
3zqeB,3zqeB,3
3zqsA,3zqsA,1
3zthA,3zthA,1
3dwbA,3zukA,4
3zukA,3zukA,4
4iuwA,3zukA,4
6sukA,3zukA,4
3zvlA,3zvlA,1
1l6rA,3zx4A,29
1nf2A,3zx4A,29
1rkqA,3zx4A,29
1rlmA,3zx4A,29
1s2oA,3zx4A,29
1u02A,3zx4A,29
1wzcA,3zx4A,29
2b30A,3zx4A,29
2fueA,3zx4A,29
2i54A,3zx4A,29
2rbkA,3zx4A,29
3f9rA,3zx4A,29
3l7yA,3zx4A,29
3pgvA,3zx4A,29
3r4cA,3zx4A,29
3zx4A,3zx4A,29
4dwoA,3zx4A,29
4zevA,3zx4A,29
5dx9A,3zx4A,29
5dxiA,3zx4A,29
5dxnA,3zx4A,29
5ue7A,3zx4A,29
6cj0A,3zx4A,29
6i5xA,3zx4A,29
6qj6A,3zx4A,29
6updA,3zx4A,29
7myvA,3zx4A,29
7o58A,3zx4A,29
8b5vA,3zx4A,29
3zx7A,3zx7A,1
3zxuA,3zxuA,1
3tbdA,3zyjB,8
3zyjB,3zyjB,8
4aqtA,3zyjB,8
4oveA,3zyjB,8
4ploA,3zyjB,8
4wnxA,3zyjB,8
8dmkG,3zyjB,8
8edkA,3zyjB,8
1dvpA,3zyqA,2
3zyqA,3zyqA,2
3zyyX,3zyyX,2
3zyyY,3zyyX,2
3zzrA,3zzrA,1
1gtfA,3zzsA,4
3zzlA,3zzsA,4
3zzqA,3zzsA,4
3zzsA,3zzsA,4
4a0gA,4a0gA,1
4a0pA,4a0pA,2
6l6rA,4a0pA,2
4a0tA,4a0tA,1
4a0zA,4a0zA,1
4a24A,4a24A,1
4a2lE,4a2lE,1
4a2nB,4a2nB,1
4a3nA,4a3nA,1
4a4aA,4a4aA,2
4xwhA,4a4aA,2
4a4kA,4a4kA,1
4a59A,4a59A,1
4a69C,4a69C,1
1fp1D,4a6dA,46
1fp2A,4a6dA,46
1kyzA,4a6dA,46
1x1aA,4a6dA,46
1zg3A,4a6dA,46
2qyoA,4a6dA,46
3gwzA,4a6dA,46
3lstA,4a6dA,46
3p9cA,4a6dA,46
4a6dA,4a6dA,46
4e70A,4a6dA,46
4kibA,4a6dA,46
4pghA,4a6dA,46
4u1qA,4a6dA,46
5cvvA,4a6dA,46
5f8fA,4a6dA,46
5i2hA,4a6dA,46
5iceA,4a6dA,46
5w7pA,4a6dA,46
5xohA,4a6dA,46
6c5bA,4a6dA,46
6i6mA,4a6dA,46
6i73A,4a6dA,46
6ix8A,4a6dA,46
6nehA,4a6dA,46
7clfA,4a6dA,46
7ux7A,4a6dA,46
7v6jA,4a6dA,46
7vb8A,4a6dA,46
7wdqA,4a6dA,46
7wh9A,4a6dA,46
7wuyA,4a6dA,46
7y3hA,4a6dA,46
8bh0A,4a6dA,46
8bicA,4a6dA,46
8bifA,4a6dA,46
8bijA,4a6dA,46
8birA,4a6dA,46
8harA,4a6dA,46
8phaA,4a6dA,46
8r4zA,4a6dA,46
8rdmA,4a6dA,46
8rxgA,4a6dA,46
8tjjA,4a6dA,46
8xteA,4a6dA,46
8zn0A,4a6dA,46
1btnA,4a6hA,20
1faoA,4a6hA,20
1i7aD,4a6hA,20
1maiA,4a6hA,20
1unqA,4a6hA,20
1uprA,4a6hA,20
2cy5A,4a6hA,20
2i5fA,4a6hA,20
2p0dA,4a6hA,20
2p0hA,4a6hA,20
4a6hA,4a6hA,20
5c79A,4a6hA,20
5oc7D,4a6hA,20
5u77A,4a6hA,20
6rd2A,4a6hA,20
6v6fA,4a6hA,20
7bmyA,4a6hA,20
7kjzA,4a6hA,20
7yisA,4a6hA,20
8ftqA,4a6hA,20
4a7kA,4a7kA,1
1a4iA,4a8tA,51
1duvG,4a8tA,51
1ee9A,4a8tA,51
1ekxA,4a8tA,51
1ml4A,4a8tA,51
1nvtA,4a8tA,51
1nytA,4a8tA,51
1othA,4a8tA,51
1p77A,4a8tA,51
2a9fA,4a8tA,51
2d5cA,4a8tA,51
2dvmA,4a8tA,51
2fg6C,4a8tA,51
2haeA,4a8tA,51
2hk9A,4a8tA,51
3dooA,4a8tA,51
3jyoA,4a8tA,51
3kznA,4a8tA,51
3nglA,4a8tA,51
3phhA,4a8tA,51
3r7fA,4a8tA,51
3sefA,4a8tA,51
3sefC,4a8tA,51
3t4eA,4a8tA,51
3tnlA,4a8tA,51
4a8tA,4a8tA,51
4b4uA,4a8tA,51
4bjhB,4a8tA,51
4cjxA,4a8tA,51
4h31A,4a8tA,51
4j4hA,4a8tA,51
4k28A,4a8tA,51
4nf2A,4a8tA,51
4p4gA,4a8tA,51
5ceeA,4a8tA,51
5g1nA,4a8tA,51
5o22A,4a8tA,51
5tc4A,4a8tA,51
6debB,4a8tA,51
6fbaA,4a8tA,51
6jkrA,4a8tA,51
6pnzA,4a8tA,51
6tm3A,4a8tA,51
6v6yA,4a8tA,51
6yspA,4a8tA,51
6zn7A,4a8tA,51
7colA,4a8tA,51
7nnyA,4a8tA,51
7qeiA,4a8tA,51
8bplA,4a8tA,51
8qeuA,4a8tA,51
4a9vA,4a9vA,1
3d2mA,4ab7D,3
3s6gB,4ab7D,3
4ab7D,4ab7D,3
4adjA,4adjA,1
4ae2A,4ae2A,2
5k31A,4ae2A,2
4afpA,4afpA,3
4f6pA,4afpA,3
7qp0A,4afpA,3
4ag4A,4ag4A,1
1gl6A,4ag5A,2
4ag5A,4ag5A,2
4ag5C,4ag5C,2
4ag5D,4ag5C,2
4ak2A,4ak2A,1
4ap4A,4ap4A,1
4aq1A,4aq1C,2
4aq1C,4aq1C,2
4areA,4areA,1
4ar9A,4arfA,3
4arfA,4arfA,3
7z5uA,4arfA,3
4arxA,4arxA,1
1oc7A,4au0A,9
3a9bA,4au0A,9
3voiA,4au0A,9
4a05A,4au0A,9
4au0A,4au0A,9
4avoA,4au0A,9
6idwA,4au0A,9
6k52A,4au0A,9
8w8vA,4au0A,9
1i1hA,4au1A,2
4au1A,4au1A,2
4aw7A,4aw7A,3
5ta0A,4aw7A,3
8h97A,4aw7A,3
4azsA,4azsA,2
4uw0A,4azsA,2
4b09A,4b09A,1
4b0aA,4b0aA,1
1f7kA,4b0hA,34
1f7rA,4b0hA,34
1pkkB,4b0hA,34
1sehA,4b0hA,34
1xs1A,4b0hA,34
2hxdA,4b0hA,34
2ol1A,4b0hA,34
2qxxA,4b0hA,34
2v9xJ,4b0hA,34
3araA,4b0hA,34
3ehwA,4b0hA,34
3hzaA,4b0hA,34
3p48A,4b0hA,34
3t64A,4b0hA,34
3t64B,4b0hA,34
3tq5A,4b0hA,34
3zf0A,4b0hA,34
4ao5A,4b0hA,34
4b0hA,4b0hA,34
4gv8A,4b0hA,34
4oopA,4b0hA,34
4xjcA,4b0hA,34
5ccoA,4b0hA,34
5f9kA,4b0hA,34
5y5qA,4b0hA,34
5y5qC,4b0hA,34
6ky9A,4b0hA,34
6maoA,4b0hA,34
6mjkA,4b0hA,34
7n6sA,4b0hA,34
8hrvA,4b0hA,34
8xhmA,4b0hA,34
8y1qA,4b0hA,34
8y1wA,4b0hA,34
4b0tA,4b0tA,2
7oxyA,4b0tA,2
4b17A,4b17A,1
4b1qP,4b1qP,1
4b1uM,4b1uM,1
1xqpA,4b21A,3
4b21A,4b21A,3
7oliA,4b21A,3
2y0oA,4b29A,4
4b29A,4b29A,4
4la2A,4b29A,4
5cu1A,4b29A,4
4b2nA,4b2nA,1
4b4aA,4b4aA,1
4b4rA,4b4rA,1
1faqA,4b6dA,10
1tbnA,4b6dA,10
1y8fA,4b6dA,10
2db6A,4b6dA,10
2ennA,4b6dA,10
2enzA,4b6dA,10
3uffA,4b6dA,10
4b6dA,4b6dA,10
4fkdA,4b6dA,10
7lf3A,4b6dA,10
3l2nA,4b6zA,3
4a37A,4b6zA,3
4b6zA,4b6zA,3
4b7xI,4b7xI,3
4c4oA,4b7xI,3
4c4oD,4b7xI,3
4b9hA,4b9hA,1
4b9kC,4b9kC,2
7z76C,4b9kC,2
4bbjA,4bbjA,6
4umwA,4bbjA,6
7qc0A,4bbjA,6
7si3A,4bbjA,6
7si7A,4bbjA,6
8q75A,4bbjA,6
4bbqA,4bbqA,3
4o64A,4bbqA,3
6asbC,4bbqA,3
4bbrM,4bbrM,2
7ml4M,4bbrM,2
4be6B,4be6B,1
4besA,4besA,1
2vraA,4bfeA,13
4bfeA,4bfeA,13
4bfgA,4bfeA,13
4of3A,4bfeA,13
5oyjC,4bfeA,13
6oolA,4bfeA,13
6xq1A,4bfeA,13
7xyqA,4bfeA,13
7yshD,4bfeA,13
7ysuC,4bfeA,13
7yswC,4bfeA,13
8ediA,4bfeA,13
9gwtP,4bfeA,13
1g99A,4bgbA,64
1huxA,4bgbA,64
1sazA,4bgbA,64
1sz2A,4bgbA,64
1woqA,4bgbA,64
2aa4A,4bgbA,64
2ap1A,4bgbA,64
2ch6A,4bgbA,64
2e2oA,4bgbA,64
2f9wA,4bgbA,64
2gupA,4bgbA,64
2ivnA,4bgbA,64
2qm1A,4bgbA,64
2yhwA,4bgbA,64
3bexA,4bgbA,64
3enoA,4bgbA,64
3fe1A,4bgbA,64
3i33A,4bgbA,64
3kvgA,4bgbA,64
3ohrA,4bgbA,64
3qfuA,4bgbA,64
3vglA,4bgbA,64
3vovA,4bgbA,64
3zeuB,4bgbA,64
4bgbA,4bgbA,64
4db3A,4bgbA,64
4ehuA,4bgbA,64
4gniA,4bgbA,64
4ijnA,4bgbA,64
4iz9A,4bgbA,64
4k25A,4bgbA,64
4mo4A,4bgbA,64
4o5fA,4bgbA,64
4rtfD,4bgbA,64
4xh4A,4bgbA,64
5b8hA,4bgbA,64
5bn8A,4bgbA,64
5brhA,4bgbA,64
5f0xA,4bgbA,64
5f7qC,4bgbA,64
5f7rA,4bgbA,64
5jmvA,4bgbA,64
5obyA,4bgbA,64
6da0A,4bgbA,64
6gfaA,4bgbA,64
6gwjK,4bgbA,64
6jdcA,4bgbA,64
6jdhA,4bgbA,64
6n9aD,4bgbA,64
6p2uA,4bgbA,64
6rzqA,4bgbA,64
6vzzA,4bgbA,64
7fj8A,4bgbA,64
7fjaB,4bgbA,64
7raxA,4bgbA,64
8d24A,4bgbA,64
8dtcA,4bgbA,64
8ieyA,4bgbA,64
8k20A,4bgbA,64
8oqxA,4bgbA,64
8ow7A,4bgbA,64
8w1mA,4bgbA,64
8zpoA,4bgbA,64
9dv9A,4bgbA,64
4bhqA,4bhqA,1
4bihA,4bihA,1
4binA,4binA,1
4bl6C,4bl6C,1
3dm0A,4bl9A,2
4bl9A,4bl9A,2
4bloA,4bloA,1
4bmjA,4bmjD,2
4bmjD,4bmjD,2
4bpsA,4bpsA,2
5ag3A,4bpsA,2
4bq2A,4bq2A,1
4bqnA,4bqnA,1
3zx2A,4br5A,4
4br5A,4br5A,4
4brcA,4br5A,4
5u7wA,4br5A,4
1b48A,4bvxA,92
1b4pA,4bvxA,92
1byeA,4bvxA,92
1gsuA,4bvxA,92
1gwcA,4bvxA,92
1k0aA,4bvxA,92
1ml6A,4bvxA,92
1n2aA,4bvxA,92
1pn9A,4bvxA,92
1r5aA,4bvxA,92
1tu8A,4bvxA,92
1v2aA,4bvxA,92
1vf2A,4bvxA,92
1xwkA,4bvxA,92
1z9hA,4bvxA,92
2c3qA,4bvxA,92
2c4jA,4bvxA,92
2c80A,4bvxA,92
2dsaA,4bvxA,92
2gsqA,4bvxA,92
2gsrA,4bvxA,92
2imkA,4bvxA,92
2perA,4bvxA,92
2v6kA,4bvxA,92
2wb9A,4bvxA,92
2ycdA,4bvxA,92
2yv7A,4bvxA,92
2yv9A,4bvxA,92
3bbyA,4bvxA,92
3ergA,4bvxA,92
3f6dA,4bvxA,92
3fr3A,4bvxA,92
3gx0A,4bvxA,92
3ik7A,4bvxA,92
3isoA,4bvxA,92
3ljrA,4bvxA,92
3vlnA,4bvxA,92
3vurA,4bvxA,92
4bvxA,4bvxA,92
4bvxB,4bvxA,92
4chsA,4bvxA,92
4f0bA,4bvxA,92
4f0cA,4bvxA,92
4hojA,4bvxA,92
4id0B,4bvxA,92
4jedA,4bvxA,92
4kaeA,4bvxA,92
4mk3A,4bvxA,92
4mzwA,4bvxA,92
4naxA,4bvxA,92
4pngA,4bvxA,92
4pqiA,4bvxA,92
4qq7A,4bvxA,92
4yavA,4bvxA,92
4zb6A,4bvxA,92
4zb8A,4bvxA,92
4zbaA,4bvxA,92
5a4uA,4bvxA,92
5d9xA,4bvxA,92
5f8bA,4bvxA,92
5j41A,4bvxA,92
5kejA,4bvxA,92
5myeA,4bvxA,92
5u56B,4bvxA,92
6atrA,4bvxA,92
6f05A,4bvxA,92
6f71A,4bvxA,92
6gibB,4bvxA,92
6gsvA,4bvxA,92
6hpeA,4bvxA,92
6jreB,4bvxA,92
6m1tA,4bvxA,92
6n69A,4bvxA,92
6rivA,4bvxA,92
6rwdA,4bvxA,92
6sr9A,4bvxA,92
6tahB,4bvxA,92
6wegD,4bvxA,92
6zjcA,4bvxA,92
7d9lA,4bvxA,92
7db2A,4bvxA,92
7ebvA,4bvxA,92
7fbqA,4bvxA,92
7jr8A,4bvxA,92
7ncuA,4bvxA,92
7opyA,4bvxA,92
7pkaA,4bvxA,92
8a0rA,4bvxA,92
8agqA,4bvxA,92
8c5dA,4bvxA,92
8udhA,4bvxA,92
9f7kA,4bvxA,92
1w3bA,4bwrA,2
4bwrA,4bwrA,2
2wkxA,4bxdA,3
4bolA,4bxdA,3
4bxdA,4bxdA,3
4bxoB,4bxoB,1
4by6A,4by6A,1
4bz4A,4bz4A,1
4c0kA,4c0kA,2
5kszA,4c0kA,2
4c16A,4c16A,1
2w5yA,4c1qA,11
3kmtA,4c1qA,11
3rayA,4c1qA,11
4c1qA,4c1qA,11
4ijdA,4c1qA,11
5f5eA,4c1qA,11
5vacA,4c1qA,11
6chgC,4c1qA,11
6kiuK,4c1qA,11
7breB,4c1qA,11
7u5vA,4c1qA,11
1fuiA,4c20A,8
3a9sA,4c20A,8
4c20A,4c20A,8
4f2dA,4c20A,8
4r1qA,4c20A,8
7cwvA,4c20A,8
7cx7A,4c20A,8
7cxoA,4c20A,8
4c3eA,4c3eA,3
4c3eE,4c3eA,3
4cs9A,4c3eA,3
1ad3A,4c3sA,92
1bpwA,4c3sA,92
1ez0A,4c3sA,92
1o04A,4c3sA,92
1o9jA,4c3sA,92
1t90A,4c3sA,92
1uxtA,4c3sA,92
1wndA,4c3sA,92
2bhqA,4c3sA,92
2d4eC,4c3sA,92
2impA,4c3sA,92
2j6lA,4c3sA,92
2jg7A,4c3sA,92
2qe0A,4c3sA,92
2w8rA,4c3sA,92
2wmeA,4c3sA,92
2y53A,4c3sA,92
3b4wA,4c3sA,92
3efvA,4c3sA,92
3iwjA,4c3sA,92
3iwkA,4c3sA,92
3ju8A,4c3sA,92
3jz4A,4c3sA,92
3rhdA,4c3sA,92
3rhhA,4c3sA,92
3rhjA,4c3sA,92
3szbA,4c3sA,92
3ty7B,4c3sA,92
3u4jA,4c3sA,92
4c3sA,4c3sA,92
4f3xA,4c3sA,92
4go4A,4c3sA,92
4i3vA,4c3sA,92
4i8pA,4c3sA,92
4i9bA,4c3sA,92
4itaA,4c3sA,92
4iymA,4c3sA,92
4jbeA,4c3sA,92
4jdcA,4c3sA,92
4jz6A,4c3sA,92
4o6rA,4c3sA,92
4oe4A,4c3sA,92
4ohtA,4c3sA,92
4pxlA,4c3sA,92
4pxnA,4c3sA,92
4pz2A,4c3sA,92
4u3wA,4c3sA,92
4v37A,4c3sA,92
4yweA,4c3sA,92
4zz7A,4c3sA,92
5ekcA,4c3sA,92
5eyuA,4c3sA,92
5gtlA,4c3sA,92
5iuvA,4c3sA,92
5izdA,4c3sA,92
5j6bA,4c3sA,92
5jfnA,4c3sA,92
5jryA,4c3sA,92
5kloA,4c3sA,92
5n5sA,4c3sA,92
5nnoA,4c3sA,92
5tjrA,4c3sA,92
5u0lA,4c3sA,92
5ucdA,4c3sA,92
5x5uA,4c3sA,92
6aljA,4c3sA,92
6d97A,4c3sA,92
6dbbA,4c3sA,92
6fkuA,4c3sA,92
6j76A,4c3sA,92
6popA,4c3sA,92
6rttA,4c3sA,92
6vr6A,4c3sA,92
6wsbA,4c3sA,92
6x9lA,4c3sA,92
7jwsA,4c3sA,92
7mjdA,4c3sA,92
7qk9A,4c3sA,92
7rluA,4c3sA,92
7uyyA,4c3sA,92
7w5kA,4c3sA,92
8c54A,4c3sA,92
8cejA,4c3sA,92
8hapA,4c3sA,92
8of1A,4c3sA,92
8qhnA,4c3sA,92
8qmqA,4c3sA,92
8rkrA,4c3sA,92
8rwkA,4c3sA,92
8skfA,4c3sA,92
8zokA,4c3sA,92
9kokA,4c3sA,92
1ds1A,4c5wA,13
2og7A,4c5wA,13
2wbqA,4c5wA,13
4c5wA,4c5wA,13
4m25A,4c5wA,13
6dawA,4c5wA,13
6f2aA,4c5wA,13
6npcA,4c5wA,13
6vwqA,4c5wA,13
7n7vA,4c5wA,13
7y5iA,4c5wA,13
8cdfA,4c5wA,13
9j0jA,4c5wA,13
4c91A,4c91A,2
7pxqA,4c91A,2
4ca1A,4ca1A,2
5h9mA,4ca1A,2
4cbkF,4cbkF,3
4v1fA,4cbkF,3
7vw2B,4cbkF,3
4ccdA,4ccdA,1
3bofA,4cczA,2
4cczA,4cczA,2
4cfpA,4cfpA,1
4cg4C,4cg4C,1
4cibA,4cibA,1
4cidA,4cidA,1
2pk4A,4cikA,7
4bvcA,4cikA,7
4bvvA,4cikA,7
4cikA,4cikA,7
6dcmA,4cikA,7
8tceA,4cikA,7
8v9bA,4cikA,7
4ckbA,4ckbA,1
3fqmA,4cl1A,2
4cl1A,4cl1A,2
4clvA,4clvA,1
4cn9A,4cn9A,1
4cnlA,4cnlA,1
4cosA,4cosA,1
12asA,4cs4A,21
1b7yA,4cs4A,21
2iy5A,4cs4A,21
2rhqA,4cs4A,21
3a5yA,4cs4A,21
3l4gA,4cs4A,21
3p8vA,4cs4A,21
4cs4A,4cs4A,21
4h2wA,4cs4A,21
4p72C,4cs4A,21
6oz5C,4cs4A,21
6p24A,4cs4A,21
6p8tC,4cs4A,21
6p8tD,4cs4A,21
6p8tG,4cs4A,21
7by6A,4cs4A,21
7db8A,4cs4A,21
7dpiA,4cs4A,21
8dqgA,4cs4A,21
8ffyA,4cs4A,21
9dsxA,4cs4A,21
2iwaA,4csdA,11
3mbrX,4csdA,11
3nokA,4csdA,11
3nolA,4csdA,11
3qqzA,4csdA,11
4csdA,4csdA,11
4ruqA,4csdA,11
5fsbA,4csdA,11
5y2zB,4csdA,11
6gkeA,4csdA,11
6rekA,4csdA,11
4ct3E,4ct3E,1
4cv4A,4cv4A,1
4cv5A,4cv5A,1
4cv7A,4cv7A,1
4cvhA,4cvhA,1
4cvoA,4cvoA,1
4cykA,4cykA,1
4czcA,4czcA,1
4czwA,4czwA,2
4q8hA,4czwA,2
4d06A,4d06A,1
4d07A,4d07A,1
2x6fA,4d0lA,4
4d0lA,4d0lA,4
7rspA,4d0lA,4
8q6fA,4d0lA,4
2a65A,4d1aA,55
2wswA,4d1aA,55
3dh4A,4d1aA,55
3hfxA,4d1aA,55
4d1aA,4d1aA,55
4llhA,4d1aA,55
4us3A,4d1aA,55
5j4nA,4d1aA,55
5m87A,4d1aA,55
5m95A,4d1aA,55
5nv9A,4d1aA,55
5oqtA,4d1aA,55
6c08F,4d1aA,55
6cseM,4d1aA,55
6jmqA,4d1aA,55
6kkrA,4d1aA,55
6li9B,4d1aA,55
6m17A,4d1aA,55
6nphA,4d1aA,55
6uknA,4d1aA,55
7cmiB,4d1aA,55
7dskB,4d1aA,55
7epzB,4d1aA,55
7nf8B,4d1aA,55
7qoaA,4d1aA,55
7sl9A,4d1aA,55
7slaA,4d1aA,55
7uuzA,4d1aA,55
7wgtA,4d1aA,55
7wmvA,4d1aA,55
7y7wA,4d1aA,55
7zgoA,4d1aA,55
8b70A,4d1aA,55
8de4A,4d1aA,55
8e60A,4d1aA,55
8fhqA,4d1aA,55
8hezA,4d1aA,55
8p31C,4d1aA,55
8wfiA,4d1aA,55
8wntB,4d1aA,55
8ybqA,4d1aA,55
8zp2A,4d1aA,55
8zqoA,4d1aA,55
9cp4A,4d1aA,55
9eo4B,4d1aA,55
9f6nA,4d1aA,55
9f6pA,4d1aA,55
9fquA,4d1aA,55
9h76A,4d1aA,55
9j7dA,4d1aA,55
9jd5A,4d1aA,55
9jdsA,4d1aA,55
9kjuB,4d1aA,55
9kriA,4d1aA,55
9ldrA,4d1aA,55
4d1lF,4d1lF,1
4d4zA,4d4zA,1
4ci7A,4d5aA,2
4d5aA,4d5aA,2
4d63A,4d63A,1
4d7pA,4d7pA,1
1u12B,4d7tB,7
2ptmA,4d7tB,7
3bpzA,4d7tB,7
3pnaA,4d7tB,7
4d7sA,4d7tB,7
4d7tB,4d7tB,7
4muvA,4d7tB,7
4d86A,4d86A,1
4d8eA,4d8eA,1
4da2A,4da2A,1
1nd4A,4dcaA,42
1nw1A,4dcaA,42
2olcA,4dcaA,42
2pywA,4dcaA,42
2q83A,4dcaA,42
3atsA,4dcaA,42
3c5iA,4dcaA,42
3csvA,4dcaA,42
3dxpA,4dcaA,42
3fegA,4dcaA,42
3g15B,4dcaA,42
3i0oA,4dcaA,42
3mesA,4dcaA,42
3tm0A,4dcaA,42
3w0oA,4dcaA,42
4dcaA,4dcaA,42
4fevE,4dcaA,42
4gkhA,4dcaA,42
4ocvA,4dcaA,42
4pdyA,4dcaA,42
4r78A,4dcaA,42
5bylA,4dcaA,42
5ftgA,4dcaA,42
5igiA,4dcaA,42
5iwuA,4dcaA,42
5uxdA,4dcaA,42
6cd7B,4dcaA,42
6ctzA,4dcaA,42
6ef6A,4dcaA,42
6fuxA,4dcaA,42
6iy9A,4dcaA,42
6oidA,4dcaA,42
6sulA,4dcaA,42
6sumA,4dcaA,42
6yxsA,4dcaA,42
7f0bA,4dcaA,42
7s3lA,4dcaA,42
7w15A,4dcaA,42
8i8hA,4dcaA,42
8zicA,4dcaA,42
9cxmA,4dcaA,42
9dk3A,4dcaA,42
4dcuA,4dcuA,1
4dguA,4dguA,1
4dgwA,4dgwA,3
7dcou,4dgwA,3
7evoC,4dgwA,3
2cclB,4dh2B,10
3ul4B,4dh2B,10
4dh2B,4dh2B,10
4fl4A,4dh2B,10
4uypB,4dh2B,10
5m2oB,4dh2B,10
5m2sB,4dh2B,10
5n5pB,4dh2B,10
6kgcB,4dh2B,10
8ajyB,4dh2B,10
2h9aA,4djdC,4
2yclA,4djdC,4
4djdC,4djdC,4
9fzzF,4djdC,4
4dkyB,4dkyB,1
1eyqA,4dokA,7
4dokA,4dokA,7
5wkrA,4dokA,7
5yx4A,4dokA,7
6ms8A,4dokA,7
8ew9A,4dokA,7
8v8pA,4dokA,7
3x1lA,4dozA,2
4dozA,4dozA,2
4dq5A,4dqjA,2
4dqjA,4dqjA,2
4dthA,4dthA,1
4dv8A,4dv8A,1
3p5nA,4dveA,8
3rlbA,4dveA,8
4dveA,4dveA,8
4m5bA,4dveA,8
4tkrA,4dveA,8
5edlA,4dveA,8
5kbwA,4dveA,8
8ovvA,4dveA,8
4dw5A,4dw5A,1
4dxbA,4dxbA,1
4dynA,4dynA,1
4dzrA,4dzrA,1
4e0iA,4e0iA,1
4e0yA,4e0yA,1
4e2xA,4e2xA,3
4rv9A,4e2xA,3
5t67A,4e2xA,3
4e45E,4e45E,1
4e6kH,4e6kH,1
2xdeA,4e91A,2
4e91A,4e91A,2
3bdkA,4eacA,2
4eacA,4eacA,2
4eaxA,4eaxA,1
4ecgA,4ecgA,2
7xrxA,4ecgA,2
4edkA,4edkA,1
4egcB,4egcB,1
4egdA,4egdA,1
1ep3B,4eh1A,28
1qx4A,4eh1A,28
1tvcA,4eh1A,28
2cndA,4eh1A,28
2eixA,4eh1A,28
2gpjA,4eh1A,28
2r6hA,4eh1A,28
4eh1A,4eh1A,28
4yhbA,4eh1A,28
4ylfA,4eh1A,28
5jcaS,4eh1A,28
5kswB,4eh1A,28
5o0xA,4eh1A,28
5vj7B,4eh1A,28
5ylyA,4eh1A,28
6gehA,4eh1A,28
6k2lA,4eh1A,28
6tekA,4eh1A,28
7lrnA,4eh1A,28
7qu0A,4eh1A,28
7qu5A,4eh1A,28
7romA,4eh1A,28
7tswE,4eh1A,28
7xlzA,4eh1A,28
8ad4A,4eh1A,28
8c4lA,4eh1A,28
8qq1C,4eh1A,28
9nf0C,4eh1A,28
1bxoA,4ehcA,31
1dpjA,4ehcA,31
1ibqA,4ehcA,31
1izeA,4ehcA,31
1oewA,4ehcA,31
1qrpE,4ehcA,31
1yg9A,4ehcA,31
2anlA,4ehcA,31
2bjuA,4ehcA,31
2h6tA,4ehcA,31
3fnsA,4ehcA,31
3inhA,4ehcA,31
3ivhA,4ehcA,31
3k1wA,4ehcA,31
3msjA,4ehcA,31
3oozA,4ehcA,31
3q70A,4ehcA,31
3qs1A,4ehcA,31
3tneA,4ehcA,31
4ehcA,4ehcA,31
5nfgA,4ehcA,31
5ux4A,4ehcA,31
6ej2A,4ehcA,31
6eqmA,4ehcA,31
6r61A,4ehcA,31
6xczA,4ehcA,31
7d5bA,4ehcA,31
7myiA,4ehcA,31
8tygA,4ehcA,31
8tyhA,4ehcA,31
9hb0A,4ehcA,31
3kjrA,4eilB,6
4eilB,4eilB,6
5t7oA,4eilB,6
6kp7A,4eilB,6
6pf8A,4eilB,6
7fgxA,4eilB,6
4en6B,4en6B,2
4lo6B,4en6B,2
4eneA,4eneA,3
6d0jA,4eneA,3
8ta2A,4eneA,3
4eo3A,4eo3A,1
4eo7A,4eo7A,2
6o0wA,4eo7A,2
4eogA,4eogA,2
6o6yA,4eogA,2
4eojB,4eojB,2
8vq3B,4eojB,2
4esjA,4esjA,1
4esnA,4esnA,2
4obiA,4esnA,2
4eu0A,4eu0A,1
2hn2A,4ev6A,4
2iubD,4ev6A,4
4ev6A,4ev6A,4
8q8pA,4ev6A,4
3ub8A,4exoA,2
4exoA,4exoA,2
3k3gA,4ezcA,6
4ezcA,4ezcA,6
6qd5A,4ezcA,6
8bloA,4ezcA,6
8xd7A,4ezcA,6
8xdiA,4ezcA,6
4f0qA,4f0qA,1
4f0xB,4f0xB,1
1a54A,4f19A,2
4f19A,4f19A,2
4f42A,4f42A,1
4f48B,4f48B,1
4f9cB,4f9cB,2
6ya6B,4f9cB,2
4f9dA,4f9dA,1
4fbvA,4fbvA,2
4gk9A,4fbvA,2
4fchA,4fchA,1
4fe9A,4fe9A,1
3alnC,4ff8A,7
3w2cA,4ff8A,7
4ff8A,4ff8A,7
5wvdA,4ff8A,7
5wvdB,4ff8A,7
6j5tA,4ff8A,7
6j5uC,4ff8A,7
4fgmA,4fgmA,3
7xyoA,4fgmA,3
8j9dA,4fgmA,3
4fhdA,4fhdA,1
4fixA,4fixA,1
2xcoA,4fm9A,11
2xkkA,4fm9A,11
3l4jA,4fm9A,11
3qx3A,4fm9A,11
4fm9A,4fm9A,11
6waaB,4fm9A,11
8gccA,4fm9A,11
8j9vA,4fm9A,11
8qmbA,4fm9A,11
9foyA,4fm9A,11
9n26A,4fm9A,11
4fmaA,4fmbA,2
4fmbA,4fmbA,2
4fmcF,4fmcF,1
4fmoA,4fmoA,1
3wjoA,4fp4A,8
4fp4A,4fp4A,8
4jxyA,4fp4A,8
4od5A,4fp4A,8
4tq3A,4fp4A,8
5zlfB,4fp4A,8
6m31A,4fp4A,8
8j8jA,4fp4A,8
4fppA,4fppA,2
4qpjA,4fppA,2
4fsdA,4fsdA,1
3tiqA,4fuoA,2
4fuoA,4fuoA,2
3qpiA,4fvcA,4
4fvcA,4fvcA,4
5k91A,4fvcA,4
9gtjA,4fvcA,4
1fblA,4fvlA,4
1su3A,4fvlA,4
2cltA,4fvlA,4
4fvlA,4fvlA,4
3k1jA,4fwgA,3
4fwgA,4fwgA,3
8k8yA,4fwgA,3
4fxqA,4fxqA,1
4fxsA,4fxsA,2
7qdxA,4fxsA,2
4fygA,4fygA,1
2i33A,4fypA,4
3ocuA,4fypA,4
4fypA,4fypA,4
7f7cA,4fypA,4
4g06A,4g06A,1
4g0kA,4g0kA,2
6gccA,4g0kA,2
1c3rA,4g3hA,61
1d3vA,4g3hA,61
1gq6A,4g3hA,61
1wogA,4g3hA,61
2aebA,4g3hA,61
2cevA,4g3hA,61
2ef5A,4g3hA,61
2vqmA,4g3hA,61
3c10A,4g3hA,61
3lhlA,4g3hA,61
3m1rA,4g3hA,61
3menA,4g3hA,61
3nioA,4g3hA,61
3niqA,4g3hA,61
3pzlA,4g3hA,61
3sl1A,4g3hA,61
4a69A,4g3hA,61
4dz4A,4g3hA,61
4g3hA,4g3hA,61
4hzeA,4g3hA,61
4mykA,4g3hA,61
4q40A,4g3hA,61
4rhmA,4g3hA,61
4zurA,4g3hA,61
5g0xA,4g3hA,61
5g1aA,4g3hA,61
5hj9A,4g3hA,61
5ji5A,4g3hA,61
5vi6A,4g3hA,61
5wgiA,4g3hA,61
5zeeA,4g3hA,61
5zmpA,4g3hA,61
6fu1A,4g3hA,61
6hshA,4g3hA,61
6hshB,4g3hA,61
6j6tA,4g3hA,61
6ksyA,4g3hA,61
6nbkA,4g3hA,61
6nfpA,4g3hA,61
6pidA,4g3hA,61
6uo3A,4g3hA,61
6vssA,4g3hA,61
6vsuA,4g3hA,61
7esrA,4g3hA,61
7kbgA,4g3hA,61
7lolA,4g3hA,61
7q1bA,4g3hA,61
7wjlA,4g3hA,61
8hpoF,4g3hA,61
8i02B,4g3hA,61
8szuA,4g3hA,61
8x3gA,4g3hA,61
9fekA,4g3hA,61
9gkuA,4g3hA,61
9gkxA,4g3hA,61
9gkyA,4g3hA,61
9gkzA,4g3hA,61
9gl0A,4g3hA,61
9gl1A,4g3hA,61
9gn6A,4g3hA,61
9ixcA,4g3hA,61
2o7rA,4g4jA,11
4g4jA,4g4jA,11
5aobA,4g4jA,11
6gocA,4g4jA,11
6rt8A,4g4jA,11
6ru1B,4g4jA,11
6syvA,4g4jA,11
6szoA,4g4jA,11
8ea1A,4g4jA,11
8qclA,4g4jA,11
8truA,4g4jA,11
4g56A,4g56A,2
9mgqA,4g56A,2
4g6uA,4g6uA,1
3la4A,4g7eB,2
4g7eB,4g7eB,2
4g86A,4g86A,1
1bkjA,4g8sA,72
1kqbA,4g8sA,72
1noxA,4g8sA,72
1vfrA,4g8sA,72
1ywqA,4g8sA,72
1zchA,4g8sA,72
2b67A,4g8sA,72
2freA,4g8sA,72
2h0uA,4g8sA,72
2hayA,4g8sA,72
2i7hA,4g8sA,72
2ifaA,4g8sA,72
2iskA,4g8sA,72
2r01A,4g8sA,72
2wqfA,4g8sA,72
2wzvA,4g8sA,72
3bemA,4g8sA,72
3bm1A,4g8sA,72
3e10A,4g8sA,72
3e39A,4g8sA,72
3ek3A,4g8sA,72
3eo8A,4g8sA,72
3eofA,4g8sA,72
3gagA,4g8sA,72
3gb5A,4g8sA,72
3gbhA,4g8sA,72
3ge5A,4g8sA,72
3ge6A,4g8sA,72
3gfaA,4g8sA,72
3gr3A,4g8sA,72
3h4oA,4g8sA,72
3hj9A,4g8sA,72
3hoiA,4g8sA,72
3k6hA,4g8sA,72
3kwkA,4g8sA,72
3m5kA,4g8sA,72
3n2sA,4g8sA,72
3of4A,4g8sA,72
3pxvA,4g8sA,72
3qdlA,4g8sA,72
3tnzA,4g8sA,72
4dn2A,4g8sA,72
4g8sA,4g8sA,72
4qlxA,4g8sA,72
4ttbA,4g8sA,72
4xoqA,4g8sA,72
5hdjA,4g8sA,72
5heiA,4g8sA,72
5j62A,4g8sA,72
5j6cA,4g8sA,72
5krdA,4g8sA,72
5uu6A,4g8sA,72
5yakA,4g8sA,72
6tykA,4g8sA,72
6wt2A,4g8sA,72
7dp1A,4g8sA,72
7jh4A,4g8sA,72
7ldqA,4g8sA,72
7ly5B,4g8sA,72
7q0oA,4g8sA,72
7tmgA,4g8sA,72
7uwtA,4g8sA,72
7vqkA,4g8sA,72
8c5fA,4g8sA,72
8cqsA,4g8sA,72
8cqtA,4g8sA,72
8cqvA,4g8sA,72
8dilA,4g8sA,72
8dorA,4g8sA,72
8qygA,4g8sA,72
8uc3A,4g8sA,72
9exvA,4g8sA,72
4g97A,4g97A,2
9by5A,4g97A,2
4gc1A,4gc1A,1
4gczA,4gczA,1
4gdfA,4gdfA,1
4gdzA,4gdzA,1
1g4uS,4ge6A,13
2h03A,4ge6A,13
3qcgA,4ge6A,13
3s3eA,4ge6A,13
4ge6A,4ge6A,13
4j51A,4ge6A,13
4rddA,4ge6A,13
4ri5A,4ge6A,13
4zn5A,4ge6A,13
5h08A,4ge6A,13
8g65A,4ge6A,13
8u0hA,4ge6A,13
9eezA,4ge6A,13
4gejA,4gejA,1
4gfjA,4gfjA,1
4gjwB,4gjwB,1
2ykgA,4gl2A,10
3tbkA,4gl2A,10
4a36A,4gl2A,10
4gl2A,4gl2A,10
5jajA,4gl2A,10
5jc3A,4gl2A,10
7bkpA,4gl2A,10
8t5sA,4gl2A,10
9mw7A,4gl2A,10
9mx3A,4gl2A,10
4gnxC,4gnxC,1
1pvmA,4gqyA,32
2j9lA,4gqyA,32
2rc3A,4gqyA,32
2rifA,4gqyA,32
2uv4A,4gqyA,32
3fhmA,4gqyA,32
3fnaA,4gqyA,32
3fwsA,4gqyA,32
3hf7A,4gqyA,32
3jtfA,4gqyA,32
3k2vA,4gqyA,32
3kpbA,4gqyA,32
3lfrA,4gqyA,32
3lhhA,4gqyA,32
3ocmA,4gqyA,32
3oi8A,4gqyA,32
4fryA,4gqyA,32
4gqyA,4gqyA,32
4iy0A,4gqyA,32
4o9kA,4gqyA,32
4uuuA,4gqyA,32
5g5xA,4gqyA,32
5k25C,4gqyA,32
5ks7A,4gqyA,32
5nplA,4gqyA,32
5yz2A,4gqyA,32
6xnvA,4gqyA,32
6yj9A,4gqyA,32
6zzaA,4gqyA,32
7cfiA,4gqyA,32
7cfkA,4gqyA,32
7msuA,4gqyA,32
4gslA,4gslA,1
4guaA,4guaA,1
4gvqA,4gvqA,1
4gx0A,4gx0A,1
4gvlA,4gx0B,3
4gx0B,4gx0B,3
4j9vA,4gx0B,3
4gyiA,4gyiA,2
6fdmA,4gyiA,2
4gz9A,4gz9A,2
7m0rE,4gz9A,2
1uvjA,4gzkA,3
4gzkA,4gzkA,3
9fejA,4gzkA,3
1rtqA,4h2kA,32
1tkjA,4h2kA,32
2afwA,4h2kA,32
2c1cA,4h2kA,32
3cdxA,4h2kA,32
3iehA,4h2kA,32
3lwuA,4h2kA,32
3na6A,4h2kA,32
3pb6X,4h2kA,32
3si2A,4h2kA,32
3tc8A,4h2kA,32
4f9uA,4h2kA,32
4faiA,4h2kA,32
4fuuA,4h2kA,32
4h2kA,4h2kA,32
4ihmA,4h2kA,32
4mhnA,4h2kA,32
4okoA,4h2kA,32
4op4A,4h2kA,32
5gneA,4h2kA,32
6eslA,4h2kA,32
6qroA,4h2kA,32
6twmA,4h2kA,32
6zepA,4h2kA,32
6zeqA,4h2kA,32
7cjeA,4h2kA,32
7d17A,4h2kA,32
7d18A,4h2kA,32
7d1bA,4h2kA,32
7eqxC,4h2kA,32
8eipA,4h2kA,32
8vplA,4h2kA,32
4h2yD,4h2yD,1
1ssqA,4h7oA,9
3gvdA,4h7oA,9
3q1xA,4h7oA,9
4h7oA,4h7oA,9
4hzdA,4h7oA,9
4n69A,4h7oA,9
6wyeA,4h7oA,9
7bw9A,4h7oA,9
8i09A,4h7oA,9
4h9dA,4h9dA,1
4h9kA,4h9kA,1
4hc7B,4hc7B,1
4hc9A,4hc9A,1
4hdrA,4hdrB,4
4hdrB,4hdrB,4
4kqiA,4hdrB,4
6pt8A,4hdrB,4
4hg0A,4hg0A,1
4hgaA,4hgaA,1
4hh0A,4hh0A,1
1gxuA,4hi1A,40
1o51A,4hi1A,40
1ul3B,4hi1A,40
1v3sA,4hi1A,40
2dclA,4hi1A,40
2eg2A,4hi1A,40
2gnkA,4hi1A,40
2iygA,4hi1A,40
2j9dB,4hi1A,40
2ns1B,4hi1A,40
2xzwE,4hi1A,40
3lf0A,4hi1A,40
3n5bA,4hi1A,40
3ncqA,4hi1A,40
3ta1A,4hi1A,40
3ta1C,4hi1A,40
4affA,4hi1A,40
4co3A,4hi1A,40
4co4A,4hi1A,40
4hi1A,4hi1A,40
4ozjA,4hi1A,40
4r25A,4hi1A,40
4rleA,4hi1A,40
4rwwA,4hi1A,40
4usiA,4hi1A,40
4wk1A,4hi1A,40
5d4nA,4hi1A,40
5fiiA,4hi1A,40
5l9nA,4hi1A,40
5n7lA,4hi1A,40
5yppA,4hi1A,40
6mm2A,4hi1A,40
6yc7A,4hi1A,40
7o4xA,4hi1A,40
7p4vA,4hi1A,40
7p50A,4hi1A,40
7p52A,4hi1A,40
7qriA,4hi1A,40
7r31A,4hi1A,40
7r32A,4hi1A,40
4hi6A,4hi6A,1
3ju4A,4hizA,2
4hizA,4hizA,2
1lspA,4hjvA,2
4hjvA,4hjvA,2
4hlqG,4hlqG,2
5hjqA,4hlqG,2
4hnxA,4hnxA,2
4xpdA,4hnxA,2
2jyiA,4hp3C,10
3qmdA,4hp3C,10
4hp3C,4hp3C,10
4nw3A,4hp3C,10
4pziA,4hp3C,10
5exhC,4hp3C,10
5vc9C,4hp3C,10
5w9qA,4hp3C,10
5w9sC,4hp3C,10
6asdC,4hp3C,10
4hqoA,4hqoA,5
6qtaA,4hqoA,5
8ql1A,4hqoA,5
9docA,4hqoA,5
9ef2B,4hqoA,5
1efmA,4hs4B,35
1t0iA,4hs4B,35
1t5bA,4hs4B,35
1x77A,4hs4B,35
2b3dA,4hs4B,35
2hpvA,4hs4B,35
2oysA,4hs4B,35
2z98A,4hs4B,35
3f2vA,4hs4B,35
3gfsA,4hs4B,35
3rpeA,4hs4B,35
3svlA,4hs4B,35
3u7rA,4hs4B,35
3w77A,4hs4B,35
3w7aA,4hs4B,35
4c0xA,4hs4B,35
4eseA,4hs4B,35
4f8yA,4hs4B,35
4hs4B,4hs4B,35
4ltnA,4hs4B,35
4m0cA,4hs4B,35
4n65A,4hs4B,35
4r81A,4hs4B,35
5lvaA,4hs4B,35
5ug1A,4hs4B,35
6dqoA,4hs4B,35
6jxsA,4hs4B,35
6qu0A,4hs4B,35
6wn9A,4hs4B,35
7awvA,4hs4B,35
7bx9A,4hs4B,35
7f76A,4hs4B,35
8h4jA,4hs4B,35
8pjkA,4hs4B,35
8snzB,4hs4B,35
4hsaC,4hsaC,1
2z3yA,4hsuA,2
4hsuA,4hsuA,2
4hteA,4hteA,1
2o1qA,4hvqA,9
3balA,4hvqA,9
3cewA,4hvqA,9
3ht2A,4hvqA,9
4hvqA,4hvqA,9
4r52A,4hvqA,9
5bpxA,4hvqA,9
8ch4A,4hvqA,9
8oz8A,4hvqA,9
2gqpA,4hz5A,33
2iorA,4hz5A,33
2iwxA,4hz5A,33
2xcmA,4hz5A,33
3fv5A,4hz5A,33
3iedA,4hz5A,33
3k60A,4hz5A,33
3o6oA,4hz5A,33
3pehA,4hz5A,33
3u67A,4hz5A,33
4b6cA,4hz5A,33
4emvA,4hz5A,33
4gqtA,4hz5A,33
4hxzB,4hz5A,33
4hy1B,4hz5A,33
4hz5A,4hz5A,33
4k4oA,4hz5A,33
4kqvB,4hz5A,33
4urnA,4hz5A,33
4xclA,4hz5A,33
5cphA,4hz5A,33
5j2xA,4hz5A,33
6cjpB,4hz5A,33
6y8lA,4hz5A,33
6y8oA,4hz5A,33
7c7bA,4hz5A,33
7d22A,4hz5A,33
7k9vA,4hz5A,33
7p2mA,4hz5A,33
7pqmA,4hz5A,33
7ptfA,4hz5A,33
7u4cA,4hz5A,33
9msuA,4hz5A,33
4i14A,4i14A,1
4i1sB,4i1sB,1
4i5jA,4i5jA,1
4i5vA,4i5vA,1
4i7zG,4i7zG,1
4i9oA,4i9oA,1
4i9xA,4i9xA,1
4i9xD,4i9xD,1
4iaoA,4iaoA,1
4iauA,4iauA,1
4ghlA,4ibgA,2
4ibgA,4ibgA,2
4ie5A,4ie5A,1
4ieeA,4ieeA,1
4iejA,4iejA,1
4ig3B,4ig3B,2
7sr6G,4ig3B,2
2w2iA,4igqA,13
2xxzA,4igqA,13
3optA,4igqA,13
4igqA,4igqA,13
4lxlA,4igqA,13
5fjkA,4igqA,13
5fzoA,4igqA,13
5r7xA,4igqA,13
5uqdA,4igqA,13
6bgyA,4igqA,13
6g5xA,4igqA,13
6gdyA,4igqA,13
6h10A,4igqA,13
2oap1,4ihqA,3
4ihqA,4ihqA,3
9e26A,4ihqA,3
4ii1A,4ii1A,1
4ildA,4ildA,1
4ilvA,4ilvA,1
4im0A,4im0A,2
4kikA,4im0A,2
1lj8A,4im7A,3
4im7A,4im7A,3
7rk5A,4im7A,3
2fr1A,4impA,8
3mjeA,4impA,8
4hxyA,4impA,8
4impA,4impA,8
4l4xA,4impA,8
5d2eA,4impA,8
6nnaA,4impA,8
7s6cC,4impA,8
4indA,4indA,1
4iruC,4iruC,1
3bvoA,4it5A,3
3bvoB,4it5A,3
4it5A,4it5A,3
4itlA,4itlA,1
4iumA,4iumA,2
8ehnA,4iumA,2
4iupA,4iupA,3
6vyjA,4iupA,3
7ef0A,4iupA,3
4ixjA,4ixjA,1
4ixnA,4ixnA,1
4j00B,4j00B,1
1pi1A,4j1vA,6
2hjnA,4j1vA,6
4j1vA,4j1vA,6
4jizA,4j1vA,6
5ncmA,4j1vA,6
5ncnA,4j1vA,6
4j3hA,4j3hA,1
2e8yA,4j3vA,9
2ya0A,4j3vA,9
2ya1A,4j3vA,9
3fawA,4j3vA,9
3wdhA,4j3vA,9
4j3vA,4j3vA,9
6j34A,4j3vA,9
6jhfA,4j3vA,9
7lsaA,4j3vA,9
3ov9A,4j4vA,2
4j4vA,4j4vA,2
4j6eA,4j6eA,1
4j7hA,4j7hA,1
1sjwA,4j9aG,19
2f99A,4j9aG,19
2jq5A,4j9aG,19
3f8hA,4j9aG,19
3g0kA,4j9aG,19
4j9aE,4j9aG,19
4j9aG,4j9aG,19
5aigA,4j9aG,19
5ieoA,4j9aG,19
5u35A,4j9aG,19
5wqiA,4j9aG,19
6islA,4j9aG,19
6wf4A,4j9aG,19
7f0yA,4j9aG,19
7f14A,4j9aG,19
8vfqA,4j9aG,19
8zecA,4j9aG,19
9iqlA,4j9aG,19
9iqmA,4j9aG,19
4j9zB,4j9zB,4
5v03B,4j9zB,4
7uq2A,4j9zB,4
8h39A,4j9zB,4
4jc0A,4jc0A,3
7mjwA,4jc0A,3
9ccbA,4jc0A,3
1c6rA,4jcgA,24
1cchA,4jcgA,24
1ctjA,4jcgA,24
1cyiA,4jcgA,24
1ls9A,4jcgA,24
1w2lA,4jcgA,24
2d0sA,4jcgA,24
2zxyA,4jcgA,24
3dmiA,4jcgA,24
3dp5A,4jcgA,24
3zowP,4jcgA,24
4eicA,4jcgA,24
4jcgA,4jcgA,24
4xxlA,4jcgA,24
5aurA,4jcgA,24
5mxyA,4jcgA,24
5xdhA,4jcgA,24
5xecA,4jcgA,24
5xecC,4jcgA,24
6kq1A,4jcgA,24
6r6mB,4jcgA,24
6u97A,4jcgA,24
7o38A,4jcgA,24
8gthA,4jcgA,24
4ferA,4jcwA,3
4jcwA,4jcwA,3
9ms4A,4jcwA,3
4jdzA,4jdzA,2
8vdkA,4jdzA,2
1g63A,4jemA,40
1mvlA,4jemA,40
1p3y1,4jemA,40
1qzuA,4jemA,40
1s2dA,4jemA,40
1sbzA,4jemA,40
2f62A,4jemA,40
3qjgA,4jemA,40
3sbxA,4jemA,40
3wisA,4jemA,40
4jemA,4jemA,40
4kxlA,4jemA,40
4p5dA,4jemA,40
4p5eA,4jemA,40
4rheA,4jemA,40
4zavA,4jemA,40
5ajuA,4jemA,40
5forA,4jemA,40
5h75A,4jemA,40
5zbkA,4jemA,40
5zblC,4jemA,40
6eoaA,4jemA,40
6jddA,4jemA,40
6jlsA,4jemA,40
6m8tA,4jemA,40
6m8vA,4jemA,40
6qlgA,4jemA,40
7cfuA,4jemA,40
7km2A,4jemA,40
7km2I,4jemA,40
7najA,4jemA,40
7uxsA,4jemA,40
7uxuA,4jemA,40
7vu8B,4jemA,40
7w2iA,4jemA,40
7xozA,4jemA,40
8pqrA,4jemA,40
8wcfA,4jemA,40
9da2A,4jemA,40
9f09A,4jemA,40
4jfnA,4jfnA,1
1bmtA,4jgiA,5
3ezxA,4jgiA,5
4jgiA,4jgiA,5
7te2A,4jgiA,5
7xcnM,4jgiA,5
4jglA,4jglA,1
1h4kX,4jgtA,4
2eg4A,4jgtA,4
4jgtA,4jgtA,4
5wqjA,4jgtA,4
4jj0A,4jj0A,1
4jkaA,4jkaA,2
5r0dA,4jkaA,2
2h3qA,4jmuA,4
2k4iA,4jmuA,4
4jmuA,4jmuA,4
6cv8A,4jmuA,4
3vypA,4jmxA,4
4jmxA,4jmxA,4
5e51A,4jmxA,4
6d4kA,4jmxA,4
4jnoA,4jnoA,1
3f2bA,4jomA,3
4jomA,4jomA,3
5lewA,4jomA,3
1e7uA,4jpsA,11
2wxfA,4jpsA,11
2y3aA,4jpsA,11
4bfrA,4jpsA,11
4jpsA,4jpsA,11
6pyrA,4jpsA,11
7bi2A,4jpsA,11
7r26A,4jpsA,11
7z74A,4jpsA,11
8exlA,4jpsA,11
8soaA,4jpsA,11
4jrfA,4jrfA,2
5nf2A,4jrfA,2
4juiA,4juiA,2
6yq4A,4juiA,2
4jx0A,4jx0A,1
4k17B,4k17B,1
4k3lA,4k3lA,5
5agvA,4k3lA,5
5fxtA,4k3lA,5
6p81A,4k3lA,5
8dt6A,4k3lA,5
4k6mA,4k6mA,5
5jjsA,4k6mA,5
5u0bA,4k6mA,5
5zqkA,4k6mA,5
6qsnA,4k6mA,5
4k70A,4k70A,2
8qlnA,4k70A,2
4k7rA,4k7rA,3
4mt4A,4k7rA,3
5azpA,4k7rA,3
3rznA,4k84A,5
4gjqA,4k84A,5
4k84A,4k84A,5
4ntoA,4k84A,5
5kdiA,4k84A,5
1atgA,4kd5C,74
1gtkA,4kd5C,74
1ii5A,4kd5C,74
1p99A,4kd5C,74
1twyA,4kd5C,74
1xs5A,4kd5C,74
2de3A,4kd5C,74
2dvzA,4kd5C,74
2f5xA,4kd5C,74
2f7aB,4kd5C,74
2f7cA,4kd5C,74
2pyyA,4kd5C,74
2vhaA,4kd5C,74
3c9hA,4kd5C,74
3cvgA,4kd5C,74
3fj7A,4kd5C,74
3gzgA,4kd5C,74
3k2dA,4kd5C,74
3n6uA,4kd5C,74
3tqwA,4kd5C,74
4g4pA,4kd5C,74
4htgA,4kd5C,74
4ib2A,4kd5C,74
4kd5C,4kd5C,74
4kqpA,4kd5C,74
4lq2A,4kd5C,74
4mlvA,4kd5C,74
4ntlA,4kd5C,74
4oteA,4kd5C,74
4q8rA,4kd5C,74
4qhqA,4kd5C,74
4rpoA,4kd5C,74
4rxlA,4kd5C,74
4xxuA,4kd5C,74
4yahX,4kd5C,74
4zefA,4kd5C,74
5h6oA,4kd5C,74
5lq1A,4kd5C,74
5lq5A,4kd5C,74
5lv1A,4kd5C,74
5o37A,4kd5C,74
5oeiA,4kd5C,74
5t1pA,4kd5C,74
5tedA,4kd5C,74
5ub7A,4kd5C,74
5ub9A,4kd5C,74
5vviA,4kd5C,74
5y2wA,4kd5C,74
5ydvA,4kd5C,74
5z49A,4kd5C,74
6a80A,4kd5C,74
6ghtA,4kd5C,74
6hkeA,4kd5C,74
6jf1A,4kd5C,74
6lkkA,4kd5C,74
6ojaA,4kd5C,74
6st0A,4kd5C,74
6xl2A,4kd5C,74
6yizA,4kd5C,74
7aakA,4kd5C,74
7erpA,4kd5C,74
7f6qA,4kd5C,74
7ndsA,4kd5C,74
7qejA,4kd5C,74
7t50A,4kd5C,74
7tavB,4kd5C,74
7trwA,4kd5C,74
7w07A,4kd5C,74
7xroB,4kd5C,74
8b5eA,4kd5C,74
8h5aA,4kd5C,74
8hkaA,4kd5C,74
8k8lA,4kd5C,74
8zj9A,4kd5C,74
1ek8A,4kddA,2
4kddA,4kddA,2
4kf9A,4kf9A,1
4kfuA,4kfuA,1
4kfzA,4kfzA,1
4khpS,4khpS,2
8ifcS,4khpS,2
4kjmA,4kjmA,1
4km6A,4km6A,2
4kn0A,4km6A,2
4knhB,4knhB,1
4kp1A,4kp1A,2
7cnsA,4kp1A,2
4k1cA,4kppA,2
4kppA,4kppA,2
2c5sA,4kr7A,2
4kr7A,4kr7A,2
4ep4B,4ktzA,6
4ktzA,4ktzA,6
5e6fA,4ktzA,6
6is8B,4ktzA,6
6kvoA,4ktzA,6
7w8dA,4ktzA,6
4ku0A,4ku0A,1
1ia9A,4kujA,4
3lkmA,4kujA,4
4kujA,4kujA,4
8zd3B,4kujA,4
4kyrA,4kyrA,1
4kznA,4kznA,1
4l0jA,4l0jA,1
1t7lA,4l6hA,5
1u1jA,4l6hA,5
3t0cA,4l6hA,5
4l6hA,4l6hA,5
4ztxA,4l6hA,5
4l92A,4l92A,1
4ladB,4ladB,1
4layA,4layA,1
1mwqA,4lbpA,3
3zo7A,4lbpA,3
4lbpA,4lbpA,3
1lk2A,4lccC,11
3ov6A,4lccC,11
4lccC,4lccC,11
5j6hA,4lccC,11
5vgeA,4lccC,11
5wetA,4lccC,11
6lb2A,4lccC,11
6lt6A,4lccC,11
6tdpA,4lccC,11
8bp6A,4lccC,11
8rooA,4lccC,11
4ledA,4ledA,1
4lhdA,4lhdA,2
6i35A,4lhdA,2
4liqE,4liqE,1
4lj0A,4lj0A,1
2effA,4lk8B,3
3s5eA,4lk8B,3
4lk8B,4lk8B,3
4lklA,4lklA,2
6mf4A,4lklA,2
4ll7A,4ll7A,1
4lmgA,4lmgA,1
4lmyA,4lmyA,1
4lp7A,4lp7A,1
4lqfA,4lqfA,1
4lqxA,4lqxA,2
8w1qA,4lqxA,2
4lrjA,4lrjA,4
4q5hA,4lrjA,4
6pwgA,4lrjA,4
8yv5A,4lrjA,4
1q79A,4lt6A,4
1r89A,4lt6A,4
2q66A,4lt6A,4
4lt6A,4lt6A,4
4lxcA,4lxcA,1
4lxoA,4lxoA,1
2epfA,4ly5A,5
3mz8A,4ly5A,5
3q2rA,4ly5A,5
3u3uC,4ly5A,5
4ly5A,4ly5A,5
4m00A,4m00A,1
4m01A,4m01A,3
7yl4A,4m01A,3
7yl4B,4m01A,3
4m02A,4m03A,2
4m03A,4m03A,2
4m0wA,4m0wA,8
4ow0B,4m0wA,8
4rnaA,4m0wA,8
4yptA,4m0wA,8
5ko3A,4m0wA,8
5wfiA,4m0wA,8
7uv5A,4m0wA,8
7wfcA,4m0wA,8
4m1pA,4m1pA,1
1c4qA,4m1uB,3
2bosA,4m1uB,3
4m1uB,4m1uB,3
4m3oA,4m3oA,3
5c2yA,4m3oA,3
7f4gR,4m3oA,3
1lt8B,4m3pA,5
1r3sA,4m3pA,5
3rpdA,4m3pA,5
4ay7A,4m3pA,5
4m3pA,4m3pA,5
1lssA,4m55E,8
2g1uA,4m55E,8
2hmtA,4m55E,8
3fwzA,4m55E,8
4m55E,4m55E,8
4m55F,4m55E,8
5nc8A,4m55E,8
7zp9A,4m55E,8
4m5eA,4m5eA,1
4m6tA,4m6tA,1
4m7sA,4m7sA,2
4m7tA,4m7sA,2
2vheA,4m99A,7
3kwcA,4m99A,7
3kwdA,4m99A,7
4ea9A,4m99A,7
4m99A,4m99A,7
7s45A,4m99A,7
7txsA,4m99A,7
4ma7A,4ma7A,1
4mb4A,4mb4A,1
4mcwA,4mcwA,1
1a8aA,4mdvA,16
1axnA,4mdvA,16
1dm5A,4mdvA,16
1mcxA,4mdvA,16
1w3wA,4mdvA,16
1yiiA,4mdvA,16
2hyvA,4mdvA,16
2iicA,4mdvA,16
3brxA,4mdvA,16
3chjA,4mdvA,16
4evhA,4mdvA,16
4mdvA,4mdvA,16
6tu2A,4mdvA,16
8h9zA,4mdvA,16
8w5sA,4mdvA,16
9ga6A,4mdvA,16
4mewA,4mewA,1
4mfzA,4mfzA,2
6iixA,4mfzA,2
1gu3A,4mgqA,3
1guiA,4mgqA,3
4mgqA,4mgqA,3
3ooiA,4mi0A,8
4mi0A,4mi0A,8
5jlbA,4mi0A,8
5lsuA,4mi0A,8
6cenA,4mi0A,8
6ineA,4mi0A,8
6nzoS,4mi0A,8
6wzwA,4mi0A,8
4mkmA,4mkmA,1
4mkoB,4mkoB,1
4i5qA,4mlyA,3
4mlyA,4mlyA,3
4npbA,4mlyA,3
4mndA,4mndA,3
4o6mA,4mndA,3
5d91A,4mndA,3
4mq0A,4mq0A,1
1dbgA,4mr0A,26
1h80A,4mr0A,26
1rmgA,4mr0A,26
2invA,4mr0A,26
2pygA,4mr0A,26
4mr0A,4mr0A,26
5gqfA,4mr0A,26
5lw3A,4mr0A,26
5olpA,4mr0A,26
5z9tA,4mr0A,26
5zlaA,4mr0A,26
5zruA,4mr0A,26
6beaA,4mr0A,26
6k0pA,4mr0A,26
6kqsA,4mr0A,26
6qpsA,4mr0A,26
7c7dA,4mr0A,26
7o84A,4mr0A,26
7v6iA,4mr0A,26
7v6mA,4mr0A,26
7znqD,4mr0A,26
8huiA,4mr0A,26
8ikxA,4mr0A,26
8jazA,4mr0A,26
8wm1A,4mr0A,26
9j4iA,4mr0A,26
1t8kA,4mrtC,37
2ehtA,4mrtC,37
2kr5A,4mrtC,37
2liwA,4mrtC,37
2lkiA,4mrtC,37
2lmlA,4mrtC,37
2n5hA,4mrtC,37
2n6zA,4mrtC,37
2qnwA,4mrtC,37
2x2bA,4mrtC,37
3gzmB,4mrtC,37
4bphA,4mrtC,37
4h2wD,4mrtC,37
4mrtC,4mrtC,37
5ejdE,4mrtC,37
5hv8A,4mrtC,37
5zk4D,4mrtC,37
6c4vA,4mrtC,37
6d8iA,4mrtC,37
6lvuA,4mrtC,37
6o6eE,4mrtC,37
6rcxB,4mrtC,37
6w1dC,4mrtC,37
6y79Q,4mrtC,37
7aufA,4mrtC,37
7f2rB,4mrtC,37
7r47U,4mrtC,37
7r49H,4mrtC,37
7zmgO,4mrtC,37
8ahqC,4mrtC,37
8aigA,4mrtC,37
8ba0T,4mrtC,37
8beeU,4mrtC,37
8bq6T,4mrtC,37
8cg6C,4mrtC,37
8jfhE,4mrtC,37
8qziE,4mrtC,37
2oxnA,4mssA,6
4gvhA,4mssA,6
4mssA,4mssA,6
5g6tA,4mssA,6
6jtkA,4mssA,6
7vi6A,4mssA,6
4mt2A,4mt2A,1
3lijA,4mvfA,5
3mwuA,4mvfA,5
3q5iA,4mvfA,5
4mvfA,4mvfA,5
4ysjA,4mvfA,5
3i2dA,4mvtA,4
4fo9A,4mvtA,4
4mvtA,4mvtA,4
6u75A,4mvtA,4
4mxpA,4mxpA,1
1yw4A,4mxuA,6
2bcoA,4mxuA,6
2bcoB,4mxuA,6
2q4zB,4mxuA,6
3nh4A,4mxuA,6
4mxuA,4mxuA,6
4mzuA,4mzuA,1
4mzvA,4mzvA,1
4n0nA,4n0nA,1
4n1aA,4n1aA,1
1wd9A,4n2kA,6
2dewX,4n2kA,6
4n2kA,4n2kA,6
4x8cA,4n2kA,6
5hp5A,4n2kA,6
7d8nA,4n2kA,6
1j5uA,4n2pA,3
4n2pA,4n2pA,3
8odoB,4n2pA,3
4n49A,4n49A,1
4n4rA,4n4rA,1
4n58A,4n58A,2
8jc1A,4n58A,2
4n5xA,4n5xA,1
4n8mA,4n8mA,1
4nb5A,4nb5A,2
6kf9G,4nb5A,2
4nc7A,4nc7A,1
1e19A,4ndoA,37
1gs5A,4ndoA,37
2akoA,4ndoA,37
2bneA,4ndoA,37
2btyA,4ndoA,37
2bufA,4ndoA,37
2j4jA,4ndoA,37
2j5vA,4ndoA,37
2ji5A,4ndoA,37
2jjxA,4ndoA,37
2rd5A,4ndoA,37
2v5hA,4ndoA,37
2we5A,4ndoA,37
3d40A,4ndoA,37
3ek5A,4ndoA,37
3k56A,4ndoA,37
3l86A,4ndoA,37
3ll5A,4ndoA,37
3ll9A,4ndoA,37
3nwyA,4ndoA,37
3t7bA,4ndoA,37
3wwmA,4ndoA,37
3zzhA,4ndoA,37
4a7wA,4ndoA,37
4f6tA,4ndoA,37
4jz7A,4ndoA,37
4ndoA,4ndoA,37
4ndoB,4ndoA,37
7lnxA,4ndoA,37
7n9dA,4ndoA,37
7nloA,4ndoA,37
7wx3A,4ndoA,37
8crvA,4ndoA,37
8j0fA,4ndoA,37
8u0kA,4ndoA,37
8y2hB,4ndoA,37
8yh1A,4ndoA,37
4ndvA,4ndvA,2
4xreA,4ndvA,2
4nejA,4nejA,1
4neyA,4neyA,1
4nh0A,4nh0A,1
3kt7A,4nhxA,2
4nhxA,4nhxA,2
4njhA,4njhA,5
5th5A,4njhA,5
6djtA,4njhA,5
6nhlA,4njhA,5
8fsiA,4njhA,5
4nkbA,4nkbA,1
4esvA,4nmnA,4
4nmnA,4nmnA,4
8a3vA,4nmnA,4
9oa1A,4nmnA,4
4nnbA,4nnbA,1
4nniA,4nniA,1
4npkA,4npkA,1
4ns5A,4ns5A,1
4nt5A,4nt5A,2
5bqcA,4nt5A,2
4nuzA,4nuzA,3
6mdsA,4nuzA,3
8w4gA,4nuzA,3
4nv5A,4nv5A,1
4nwvA,4nwvA,2
8yf8A,4nwvA,2
4nz6A,4nz6A,1
4nzgA,4nzgA,1
4o0aA,4o0aA,1
4lgjA,4o2iB,2
4o2iB,4o2iB,2
4o4sA,4o4sA,1
4o65A,4o65A,1
1dk0A,4o6uA,4
4o6uA,4o6uA,4
4xzdA,4o6uA,4
8ki0A,4o6uA,4
4o7pB,4o7pB,3
4u98A,4o7pB,3
6hwjA,4o7pB,3
2gqrA,4o7yA,6
2ywvA,4o7yA,6
2z02A,4o7yA,6
3nuaA,4o7yA,6
4fe2A,4o7yA,6
4o7yA,4o7yA,6
3pvhA,4oa3A,3
4oa3A,4oa3A,3
7tbrA,4oa3A,3
4oavB,4oavB,2
6m12a,4oavB,2
4ociA,4ociA,1
4odoA,4odoA,1
1dppA,4oesA,35
1uqwA,4oesA,35
1xocA,4oesA,35
2o7iA,4oesA,35
2olbA,4oesA,35
2wopA,4oesA,35
3m8uA,4oesA,35
3o9pA,4oesA,35
3rqtA,4oesA,35
4fajA,4oesA,35
4oesA,4oesA,35
4oevA,4oesA,35
4oflA,4oesA,35
4pfyA,4oesA,35
4qflA,4oesA,35
5f1qA,4oesA,35
5hm4B,4oesA,35
5on8A,4oesA,35
5yhgA,4oesA,35
5z99A,4oesA,35
6epzA,4oesA,35
6hlxA,4oesA,35
6lu3A,4oesA,35
6npoA,4oesA,35
6tfxA,4oesA,35
7ebiA,4oesA,35
7kz9A,4oesA,35
7og0A,4oesA,35
7vevA,4oesA,35
8ay0A,4oesA,35
8cawA,4oesA,35
8ci6A,4oesA,35
8ckeA,4oesA,35
8i5kA,4oesA,35
8upiA,4oesA,35
4ofaA,4ofaA,1
4ofzA,4ofzA,1
4ogcA,4ogcA,5
4ogeA,4ogcA,5
6jooA,4ogcA,5
8d2oA,4ogcA,5
8d2qA,4ogcA,5
1q90B,4ogqA,4
4ogqA,4ogqA,4
7r0wA,4ogqA,4
9es7A,4ogqA,4
1vf5D,4ogqD,4
4ogqD,4ogqD,4
7r0wD,4ogqD,4
9es7D,4ogqD,4
4ogqE,4ogqE,1
4ohxA,4ohxA,2
4oi4A,4ohxA,2
1jpcA,4oitA,9
1kj1A,4oitA,9
1kj1D,4oitA,9
3a0eA,4oitA,9
3dzwA,4oitA,9
4oitA,4oitA,9
4tkcA,4oitA,9
5d5gA,4oitA,9
5d5gB,4oitA,9
4ojpA,4ojpA,1
1wpuA,4ok9A,2
4ok9A,4ok9A,2
1wljA,4okeA,6
3q7cA,4okeA,6
4gveA,4okeA,6
4o6iA,4okeA,6
4okeA,4okeA,6
5ls4A,4okeA,6
1k94A,4okhA,9
1y1xA,4okhA,9
2i7aA,4okhA,9
3sibA,4okhA,9
4okhA,4okhA,9
4okhC,4okhA,9
4phjA,4okhA,9
4uslA,4okhA,9
5jjgA,4okhA,9
4oliA,4oliA,1
4avaA,4ollA,2
4ollA,4ollA,2
4omfB,4omfB,2
6qgrB,4omfB,2
4onqA,4onqA,2
7l4cA,4onqA,2
1p0zA,4onxA,2
4onxA,4onxA,2
2c37B,4oo1E,5
2c37I,4oo1E,5
2pnzA,4oo1E,5
2pnzB,4oo1E,5
4oo1E,4oo1E,5
3s2rA,4ooaA,5
3s2rB,4ooaA,5
4ezfA,4ooaA,5
4ooaA,4ooaA,5
7yvzA,4ooaA,5
4as2A,4ovyA,5
4fe3A,4ovyA,5
4nv0A,4ovyA,5
4ovyA,4ovyA,5
7zeeA,4ovyA,5
4mphA,4ox3A,6
4muqA,4ox3A,6
4murA,4ox3A,6
4nt9A,4ox3A,6
4ox3A,4ox3A,6
5zhfA,4ox3A,6
4oybA,4oybA,3
6yiiA,4oybA,3
8bv5A,4oybA,3
4oz1A,4oz1A,1
4p02B,4p02B,1
4p05A,4p05A,1
3hr6A,4p0dA,5
3kptB,4p0dA,5
3uxfA,4p0dA,5
4hssA,4p0dA,5
4p0dA,4p0dA,5
4p0gA,4p0gA,3
8ovoA,4p0gA,3
8pnhA,4p0gA,3
4p0pA,4p0pA,1
4p2yA,4p2yA,1
1at3A,4p3hA,5
1o6eA,4p3hA,5
4p3hA,4p3hA,5
4v08A,4p3hA,5
7tczA,4p3hA,5
4p42A,4p42A,1
1bpeA,4p4mA,6
1zqzA,4p4mA,6
4kliA,4p4mA,6
4p4mA,4p4mA,6
4p4oA,4p4mA,6
5ca7A,4p4mA,6
4p5wA,4p5xA,2
4p5xA,4p5xA,2
4p99A,4p99A,1
1g8xA,4pa0A,5
1kk8A,4pa0A,5
4anjA,4pa0A,5
4pa0A,4pa0A,5
5i4eA,4pa0A,5
4pa5A,4pa5A,1
2r79A,4pagA,20
2r7aA,4pagA,20
2xuzA,4pagA,20
3nu1A,4pagA,20
3tnyA,4pagA,20
4filA,4pagA,20
4ls3A,4pagA,20
4mlzA,4pagA,20
4pagA,4pagA,20
5ad1A,4pagA,20
5b4zA,4pagA,20
5cr9A,4pagA,20
5gj3A,4pagA,20
5y8aA,4pagA,20
6enkA,4pagA,20
7fhpA,4pagA,20
7sf6A,4pagA,20
8baxA,4pagA,20
8bf6A,4pagA,20
8xetA,4pagA,20
4pd6A,4pd6A,2
5l26A,4pd6A,2
4pdeA,4pdeA,1
4pdnA,4pdnA,1
4peuA,4peuA,1
4peyA,4peyA,1
1pfkA,4pfkA,4
4pfkA,4pfkA,4
5xz7A,4pfkA,4
9cisA,4pfkA,4
1httA,4phcA,7
3lc0A,4phcA,7
4e51A,4phcA,7
4phcA,4phcA,7
4rdxA,4phcA,7
5e3iA,4phcA,7
6fttA,4phcA,7
4phtX,4phtX,1
4pi8A,4pi8A,2
7podA,4pi8A,2
4pibA,4pibA,2
4q52A,4pibA,2
4pioA,4pioA,2
7sewA,4pioA,2
4pj2A,4pj2A,1
4pkbA,4pkbA,2
9ioqA,4pkbA,2
4pkfB,4pkfB,1
4pkgG,4pkhG,3
4pkhG,4pkhG,3
7w4zB,4pkhG,3
4pkiG,4pkiG,2
4z94G,4pkiG,2
1h45A,4powA,92
1hslA,4powA,92
1pb7A,4powA,92
1r9qA,4powA,92
1ryoA,4powA,92
1tfdA,4powA,92
1wdnA,4powA,92
1xt8A,4powA,92
1yaeF,4powA,92
2czlA,4powA,92
2pvuA,4powA,92
2q88A,4powA,92
2rc8A,4powA,92
2rcaA,4powA,92
2rinA,4powA,92
2v25A,4powA,92
2v3uA,4powA,92
2x7qA,4powA,92
2y7iA,4powA,92
2yjpA,4powA,92
2ylnA,4powA,92
3cfxA,4powA,92
3cfzA,4powA,92
3cg1A,4powA,92
3cg3A,4powA,92
3cijA,4powA,92
3cvgC,4powA,92
3ekiA,4powA,92
3fasA,4powA,92
3fd3A,4powA,92
3fxuA,4powA,92
3g3kA,4powA,92
3gbaA,4powA,92
3i6vA,4powA,92
3ix1A,4powA,92
3k4uA,4powA,92
3myuA,4powA,92
3oenA,4powA,92
3p7iA,4powA,92
3qaxA,4powA,92
3s9eA,4powA,92
3todA,4powA,92
3tqlA,4powA,92
3un6A,4powA,92
3vv5A,4powA,92
4c0rA,4powA,92
4dz1A,4powA,92
4gvoA,4powA,92
4h5gA,4powA,92
4h67B,4powA,92
4i62A,4powA,92
4io2A,4powA,92
4jwxA,4powA,92
4nmyA,4powA,92
4ohnA,4powA,92
4powA,4powA,92
4wxjA,4powA,92
4xz6A,4powA,92
4ykiA,4powA,92
4ymxA,4powA,92
4zdmA,4powA,92
4zv2A,4powA,92
5dt6A,4powA,92
5ehmA,4powA,92
5eyfA,4powA,92
5ikbA,4powA,92
5kkwA,4powA,92
5lomA,4powA,92
5nxxC,4powA,92
5orgA,4powA,92
5t0wA,4powA,92
6detA,4powA,92
6ft2A,4powA,92
6g1bJ,4powA,92
6h20A,4powA,92
6o9aA,4powA,92
6r88A,4powA,92
6r8aB,4powA,92
6svfA,4powA,92
6veaA,4powA,92
6xtvB,4powA,92
6yk4A,4powA,92
7an7A,4powA,92
7lz2A,4powA,92
7yleA,4powA,92
8bn2A,4powA,92
8hqrA,4powA,92
8s4jA,4powA,92
8u79A,4powA,92
8x3hA,4powA,92
9b1uA,4powA,92
9e2bA,4powA,92
3fzxA,4pr7A,2
4pr7A,4pr7A,2
4pswA,4pswA,2
6vo5A,4pswA,2
1jn9A,4pv2A,2
4pv2A,4pv2A,2
1ae1A,4pvdA,378
1bdbA,4pvdA,378
1bxkA,4pvdA,378
1dhrA,4pvdA,378
1e6uA,4pvdA,378
1e6wA,4pvdA,378
1e7wA,4pvdA,378
1e7wB,4pvdA,378
1edoA,4pvdA,378
1ek6A,4pvdA,378
1fk8A,4pvdA,378
1fmcA,4pvdA,378
1g0oA,4pvdA,378
1geeA,4pvdA,378
1gegA,4pvdA,378
1gy8A,4pvdA,378
1gz6B,4pvdA,378
1hdcA,4pvdA,378
1i24A,4pvdA,378
1ja9A,4pvdA,378
1jtvA,4pvdA,378
1k6xA,4pvdA,378
1kewA,4pvdA,378
1mg5A,4pvdA,378
1mxhA,4pvdA,378
1n5dA,4pvdA,378
1n7hA,4pvdA,378
1o5iB,4pvdA,378
1oc2A,4pvdA,378
1orrA,4pvdA,378
1p33A,4pvdA,378
1r6dA,4pvdA,378
1rkxA,4pvdA,378
1rpnA,4pvdA,378
1sb8A,4pvdA,378
1sbyA,4pvdA,378
1snyA,4pvdA,378
1uayA,4pvdA,378
1uznA,4pvdA,378
1vl8A,4pvdA,378
1w6uA,4pvdA,378
1wmaA,4pvdA,378
1wvgA,4pvdA,378
1x1tA,4pvdA,378
1xg5A,4pvdA,378
1xhlA,4pvdA,378
1xkqA,4pvdA,378
1xu9A,4pvdA,378
1y1pA,4pvdA,378
1yb1B,4pvdA,378
1yxmB,4pvdA,378
1zbqA,4pvdA,378
1zemA,4pvdA,378
1zk4A,4pvdA,378
1zmtA,4pvdA,378
2ae2A,4pvdA,378
2b4qA,4pvdA,378
2b69A,4pvdA,378
2bd0A,4pvdA,378
2belA,4pvdA,378
2bgmA,4pvdA,378
2c20A,4pvdA,378
2c5aA,4pvdA,378
2cfcA,4pvdA,378
2d1yA,4pvdA,378
2dknA,4pvdA,378
2dtxA,4pvdA,378
2ehdA,4pvdA,378
2ekpA,4pvdA,378
2ewmA,4pvdA,378
2gdzA,4pvdA,378
2gn4A,4pvdA,378
2hrbA,4pvdA,378
2hunA,4pvdA,378
2jahA,4pvdA,378
2jl1A,4pvdA,378
2o23A,4pvdA,378
2p5yA,4pvdA,378
2pd6A,4pvdA,378
2pk3A,4pvdA,378
2pzmA,4pvdA,378
2q1sA,4pvdA,378
2q1wA,4pvdA,378
2q2vB,4pvdA,378
2rhcA,4pvdA,378
2v6gA,4pvdA,378
2wm3A,4pvdA,378
2wsbA,4pvdA,378
2wyvB,4pvdA,378
2x9gA,4pvdA,378
2z1mA,4pvdA,378
2zatA,4pvdA,378
2zcuA,4pvdA,378
3a28A,4pvdA,378
3afnA,4pvdA,378
3ai3A,4pvdA,378
3asvA,4pvdA,378
3autB,4pvdA,378
3e03A,4pvdA,378
3enkA,4pvdA,378
3iahA,4pvdA,378
3iccA,4pvdA,378
3ijrA,4pvdA,378
3ko8A,4pvdA,378
3kvoA,4pvdA,378
3l77A,4pvdA,378
3lf2A,4pvdA,378
3lz6A,4pvdA,378
3o4rA,4pvdA,378
3oidA,4pvdA,378
3op4A,4pvdA,378
3orfA,4pvdA,378
3osuA,4pvdA,378
3p19A,4pvdA,378
3pk0A,4pvdA,378
3ppiA,4pvdA,378
3pvzA,4pvdA,378
3pvzB,4pvdA,378
3qwfA,4pvdA,378
3r3sA,4pvdA,378
3rkrA,4pvdA,378
3rufA,4pvdA,378
3rwbA,4pvdA,378
3sjuA,4pvdA,378
3toxA,4pvdA,378
3u4cA,4pvdA,378
3uceA,4pvdA,378
3uf0A,4pvdA,378
3uxyC,4pvdA,378
3vpsA,4pvdA,378
3wdsA,4pvdA,378
3wxbA,4pvdA,378
3wyeA,4pvdA,378
3zv6A,4pvdA,378
4ag3A,4pvdA,378
4b4oA,4pvdA,378
4b79A,4pvdA,378
4bmvA,4pvdA,378
4cqmB,4pvdA,378
4cr6A,4pvdA,378
4e5yA,4pvdA,378
4e5yC,4pvdA,378
4esoA,4pvdA,378
4fc7A,4pvdA,378
4fn4A,4pvdA,378
4g5hA,4pvdA,378
4gh5A,4pvdA,378
4gvxA,4pvdA,378
4h15A,4pvdA,378
4hp8A,4pvdA,378
4id9A,4pvdA,378
4iiuA,4pvdA,378
4imrA,4pvdA,378
4iqgA,4pvdA,378
4is3A,4pvdA,378
4ixwA,4pvdA,378
4j2oA,4pvdA,378
4j3fA,4pvdA,378
4jroB,4pvdA,378
4k26A,4pvdA,378
4k6fB,4pvdA,378
4kwhA,4pvdA,378
4lisA,4pvdA,378
4m89A,4pvdA,378
4n5mA,4pvdA,378
4nbtA,4pvdA,378
4nbuA,4pvdA,378
4nbwA,4pvdA,378
4o0lA,4pvdA,378
4o5oA,4pvdA,378
4ospA,4pvdA,378
4pvdA,4pvdA,378
4qedA,4pvdA,378
4tkmB,4pvdA,378
4tqgA,4pvdA,378
4troA,4pvdA,378
4urfA,4pvdA,378
4wecA,4pvdA,378
4wokA,4pvdA,378
4wuvA,4pvdA,378
4xgnA,4pvdA,378
4y9dA,4pvdA,378
4yacA,4pvdA,378
4za2D,4pvdA,378
4zrmA,4pvdA,378
5b1yA,4pvdA,378
5b4tA,4pvdA,378
5bjwA,4pvdA,378
5bt9A,4pvdA,378
5dcuA,4pvdA,378
5el0A,4pvdA,378
5epoA,4pvdA,378
5f5nA,4pvdA,378
5fffA,4pvdA,378
5g4lA,4pvdA,378
5gt9A,4pvdA,378
5gwtA,4pvdA,378
5gy7A,4pvdA,378
5h5xA,4pvdA,378
5ha5B,4pvdA,378
5ig2A,4pvdA,378
5ilgA,4pvdA,378
5itvA,4pvdA,378
5itvD,4pvdA,378
5iz4A,4pvdA,378
5jc8D,4pvdA,378
5jlaA,4pvdA,378
5jo9A,4pvdA,378
5jy1A,4pvdA,378
5l4lA,4pvdA,378
5mlnA,4pvdA,378
5mlrA,4pvdA,378
5ojiA,4pvdA,378
5ovkA,4pvdA,378
5t2uA,4pvdA,378
5t5qA,4pvdA,378
5thkA,4pvdA,378
5thqA,4pvdA,378
5ts3A,4pvdA,378
5u1pA,4pvdA,378
5u2wA,4pvdA,378
5u4qA,4pvdA,378
5u4sA,4pvdA,378
5u8pA,4pvdA,378
5u9cA,4pvdA,378
5u9pA,4pvdA,378
5uzhA,4pvdA,378
5va8A,4pvdA,378
5vmlA,4pvdA,378
5vn2A,4pvdA,378
5vpsA,4pvdA,378
5vt6A,4pvdA,378
5wjsA,4pvdA,378
5wqpA,4pvdA,378
5wuwA,4pvdA,378
5xtbJ,4pvdA,378
5xtgB,4pvdA,378
5yssB,4pvdA,378
5ywnA,4pvdA,378
5z2lA,4pvdA,378
6aqzA,4pvdA,378
6b9uA,4pvdA,378
6bi4A,4pvdA,378
6bwcA,4pvdA,378
6bwlA,4pvdA,378
6ci9A,4pvdA,378
6d9yB,4pvdA,378
6dntA,4pvdA,378
6ds1A,4pvdA,378
6el3A,4pvdA,378
6f9qA,4pvdA,378
6gpkA,4pvdA,378
6h0mA,4pvdA,378
6h0nA,4pvdA,378
6i9wA,4pvdA,378
6ihiA,4pvdA,378
6ixjA,4pvdA,378
6ixmB,4pvdA,378
6j7uA,4pvdA,378
6jhaA,4pvdA,378
6jkhA,4pvdA,378
6k0gA,4pvdA,378
6kwtA,4pvdA,378
6l1hA,4pvdA,378
6nkiA,4pvdA,378
6nkmA,4pvdA,378
6oz7A,4pvdA,378
6pejA,4pvdA,378
6pnlA,4pvdA,378
6q1yA,4pvdA,378
6qheA,4pvdA,378
6r48A,4pvdA,378
6rfqE,4pvdA,378
6rnwA,4pvdA,378
6t5xA,4pvdA,378
6t62A,4pvdA,378
6t6nA,4pvdA,378
6tq5A,4pvdA,378
6uh2A,4pvdA,378
6uhxA,4pvdA,378
6ujkA,4pvdA,378
6vloA,4pvdA,378
6vlyA,4pvdA,378
6vo6A,4pvdA,378
6wjaA,4pvdA,378
6x3bA,4pvdA,378
6xexA,4pvdA,378
6y4dA,4pvdA,378
6y79E,4pvdA,378
6yc8A,4pvdA,378
6zlkA,4pvdA,378
6zyzA,4pvdA,378
6zzoA,4pvdA,378
6zzsA,4pvdA,378
7arcP,4pvdA,378
7bsxA,4pvdA,378
7c1eA,4pvdA,378
7caxB,4pvdA,378
7cs5A,4pvdA,378
7cs6F,4pvdA,378
7csdA,4pvdA,378
7cshA,4pvdA,378
7djsA,4pvdA,378
7dlmA,4pvdA,378
7dn1B,4pvdA,378
7do7A,4pvdA,378
7e3xA,4pvdA,378
7ejiA,4pvdA,378
7emgA,4pvdA,378
7f44A,4pvdA,378
7jk9A,4pvdA,378
7k3pA,4pvdA,378
7k73A,4pvdA,378
7kf3A,4pvdA,378
7kn1A,4pvdA,378
7krgA,4pvdA,378
7krmA,4pvdA,378
7lgbA,4pvdA,378
7m13A,4pvdA,378
7n09A,4pvdA,378
7o71E,4pvdA,378
7pcsB,4pvdA,378
7qsmP,4pvdA,378
7qujA,4pvdA,378
7u0mA,4pvdA,378
7ucwA,4pvdA,378
7uf8A,4pvdA,378
7umwA,4pvdA,378
7v1qA,4pvdA,378
7vb7J,4pvdA,378
7w61A,4pvdA,378
7wbcA,4pvdA,378
7wwxA,4pvdA,378
7x5jA,4pvdA,378
7xpoA,4pvdA,378
7xwmA,4pvdA,378
7yb2A,4pvdA,378
7ymbA,4pvdA,378
7ys9A,4pvdA,378
7zmgE,4pvdA,378
8b9zP,4pvdA,378
8bcjA,4pvdA,378
8beeP,4pvdA,378
8cxaA,4pvdA,378
8dt1A,4pvdA,378
8du0A,4pvdA,378
8du1A,4pvdA,378
8ewuA,4pvdA,378
8fd8A,4pvdA,378
8g93A,4pvdA,378
8g9vA,4pvdA,378
8g9vF,4pvdA,378
8h61B,4pvdA,378
8hs4A,4pvdA,378
8ijgA,4pvdA,378
8jatA,4pvdA,378
8jfhA,4pvdA,378
8om1P,4pvdA,378
8r2jA,4pvdA,378
8rdgA,4pvdA,378
8sc0C,4pvdA,378
8sg0A,4pvdA,378
8sk0A,4pvdA,378
8u9aA,4pvdA,378
8vr2A,4pvdA,378
8w0nA,4pvdA,378
8wovA,4pvdA,378
8wxkA,4pvdA,378
8y83A,4pvdA,378
8zaxA,4pvdA,378
9ar1A,4pvdA,378
9av4B,4pvdA,378
9b2fA,4pvdA,378
9clyA,4pvdA,378
9f5yP,4pvdA,378
9febA,4pvdA,378
9gwvA,4pvdA,378
9k8rA,4pvdA,378
4pxgA,4pxgA,1
4pxqA,4pxqA,2
6i01A,4pxqA,2
2d0bA,4py5A,2
4py5A,4py5A,2
3jqmA,4pyaA,3
4pyaA,4pyaA,3
4pydA,4pyaA,3
4pyhA,4pyhA,1
1ckmA,4pz6B,3
1p16A,4pz6B,3
4pz6B,4pz6B,3
4pzvA,4pzvA,2
8sl9A,4pzvA,2
4q2eA,4q2eA,1
4q4w4,4q4w4,1
4q51A,4q51A,1
4q5kA,4q5kA,1
2gkeA,4q60A,15
2pw0A,4q60A,15
2pw0B,4q60A,15
3ejxA,4q60A,15
4j9wA,4q60A,15
4k7gB,4q60A,15
4lb0B,4q60A,15
4q60A,4q60A,15
5m47A,4q60A,15
6hjfA,4q60A,15
6j7cA,4q60A,15
6p3hA,4q60A,15
6r77A,4q60A,15
9f96A,4q60A,15
9mrpA,4q60A,15
4q66I,4q66I,1
4q86A,4q86A,1
1fx5A,4q8kA,25
1g7yA,4q8kA,25
1gzcA,4q8kA,25
1hqlA,4q8kA,25
1lu1A,4q8kA,25
1ukgA,4q8kA,25
2bqpA,4q8kA,25
2zacA,4q8kA,25
3a0nA,4q8kA,25
3ipvA,4q8kA,25
3ujoA,4q8kA,25
3usuA,4q8kA,25
3wcsA,4q8kA,25
4q8kA,4q8kA,25
4u36A,4q8kA,25
5honA,4q8kA,25
5u38A,4q8kA,25
6d2cA,4q8kA,25
6kcwA,4q8kA,25
7c8fA,4q8kA,25
7oofA,4q8kA,25
7w13A,4q8kA,25
7w16A,4q8kA,25
8r43A,4q8kA,25
9c4iA,4q8kA,25
4q95A,4q95A,1
4qafA,4qafB,2
4qafB,4qafB,2
4qbbA,4qbbA,1
4qblA,4qblA,1
4qboA,4qboA,1
4qdgA,4qdgA,1
4jiuA,4qhjA,3
4jixA,4qhjA,3
4qhjA,4qhjA,3
4qi6A,4qi6A,2
4qi7A,4qi6A,2
4aybP,4qiwP,3
4qiwP,4qiwP,3
7oqyP,4qiwP,3
1j3qA,4qm9A,17
1lr5A,4qm9A,17
1s4cA,4qm9A,17
1xe8A,4qm9A,17
2q1zB,4qm9A,17
3ibmA,4qm9A,17
3jzvA,4qm9A,17
3kgzA,4qm9A,17
3lzzA,4qm9A,17
4lukA,4qm9A,17
4qm9A,4qm9A,17
4tsdA,4qm9A,17
4xezA,4qm9A,17
5flhA,4qm9A,17
8qflA,4qm9A,17
8zyhA,4qm9A,17
9jrrA,4qm9A,17
4qn1A,4qn1A,1
4n4jA,4qo5A,6
4qo5A,4qo5A,6
6h5lA,4qo5A,6
6hifA,4qo5A,6
6m0qA,4qo5A,6
6t5eA,4qo5A,6
4qplA,4qplA,1
1d2hA,4qpnA,270
1ej0A,4qpnA,270
1g8sA,4qpnA,270
1i1nA,4qpnA,270
1i9gA,4qpnA,270
1im8A,4qpnA,270
1jg1A,4qpnA,270
1khhA,4qpnA,270
1l3iA,4qpnA,270
1nt2A,4qpnA,270
1p91A,4qpnA,270
1qanA,4qpnA,270
1r18A,4qpnA,270
1suiA,4qpnA,270
1ve3A,4qpnA,270
1wy7A,4qpnA,270
1wznA,4qpnA,270
1xcjA,4qpnA,270
1xtpA,4qpnA,270
1z3cA,4qpnA,270
1zq9A,4qpnA,270
2a14A,4qpnA,270
2aotA,4qpnA,270
2avdA,4qpnA,270
2avnA,4qpnA,270
2b25A,4qpnA,270
2b3tA,4qpnA,270
2br4A,4qpnA,270
2br5D,4qpnA,270
2bzgA,4qpnA,270
2esrB,4qpnA,270
2fcaA,4qpnA,270
2gb4A,4qpnA,270
2gluA,4qpnA,270
2gpyA,4qpnA,270
2gs9A,4qpnA,270
2hnkA,4qpnA,270
2i62A,4qpnA,270
2nxeA,4qpnA,270
2nyuA,4qpnA,270
2oxtA,4qpnA,270
2oyrA,4qpnA,270
2p35A,4qpnA,270
2p41A,4qpnA,270
2pbfA,4qpnA,270
2plwA,4qpnA,270
2pwyA,4qpnA,270
2px2A,4qpnA,270
2pxxA,4qpnA,270
2vdvE,4qpnA,270
2vdwA,4qpnA,270
2wa2A,4qpnA,270
2wa2B,4qpnA,270
2wk1A,4qpnA,270
2xvmA,4qpnA,270
2yqzA,4qpnA,270
2yvlA,4qpnA,270
2zfuA,4qpnA,270
3a25A,4qpnA,270
3a27A,4qpnA,270
3busA,4qpnA,270
3bwyA,4qpnA,270
3bxoA,4qpnA,270
3c3yA,4qpnA,270
3c85C,4qpnA,270
3cbgA,4qpnA,270
3ckkA,4qpnA,270
3dh0A,4qpnA,270
3dlcA,4qpnA,270
3douA,4qpnA,270
3dtnA,4qpnA,270
3duwA,4qpnA,270
3dxyA,4qpnA,270
3e23A,4qpnA,270
3e8sA,4qpnA,270
3eeyA,4qpnA,270
3egiD,4qpnA,270
3eldA,4qpnA,270
3evfA,4qpnA,270
3frhA,4qpnA,270
3ftfA,4qpnA,270
3fuuA,4qpnA,270
3fzgA,4qpnA,270
3g2oA,4qpnA,270
3g2oB,4qpnA,270
3g5tA,4qpnA,270
3g89A,4qpnA,270
3gczA,4qpnA,270
3gdhA,4qpnA,270
3ggdA,4qpnA,270
3gruA,4qpnA,270
3gu3A,4qpnA,270
3hm2G,4qpnA,270
3i9fA,4qpnA,270
3ihtA,4qpnA,270
3iv6A,4qpnA,270
3jwgA,4qpnA,270
3jwhA,4qpnA,270
3kkzA,4qpnA,270
3lbfA,4qpnA,270
3lbyA,4qpnA,270
3lccA,4qpnA,270
3lcvB,4qpnA,270
3lkzA,4qpnA,270
3mb5A,4qpnA,270
3mq2A,4qpnA,270
3njrA,4qpnA,270
3nmuF,4qpnA,270
3ofkA,4qpnA,270
3ofkD,4qpnA,270
3orhA,4qpnA,270
3ou2A,4qpnA,270
3p2eA,4qpnA,270
3p2kA,4qpnA,270
3pfgA,4qpnA,270
3q87B,4qpnA,270
3t0iA,4qpnA,270
3t7sA,4qpnA,270
3thrA,4qpnA,270
3tosA,4qpnA,270
3tr6A,4qpnA,270
3ujcA,4qpnA,270
3vc1A,4qpnA,270
4df3A,4qpnA,270
4f84A,4qpnA,270
4gc9A,4qpnA,270
4gekA,4qpnA,270
4hh4A,4qpnA,270
4htfA,4qpnA,270
4iv0A,4qpnA,270
4iv8A,4qpnA,270
4kdrA,4qpnA,270
4l7vA,4qpnA,270
4lecA,4qpnA,270
4lg1A,4qpnA,270
4mikA,4qpnA,270
4mtlA,4qpnA,270
4necA,4qpnA,270
4o29A,4qpnA,270
4obwA,4qpnA,270
4pcaA,4qpnA,270
4pneA,4qpnA,270
4pooA,4qpnA,270
4pwyA,4qpnA,270
4qdjA,4qpnA,270
4qnuA,4qpnA,270
4qpnA,4qpnA,270
4qtuB,4qpnA,270
4rfqA,4qpnA,270
4x7yA,4qpnA,270
4xcxA,4qpnA,270
4xvzA,4qpnA,270
4ymhA,4qpnA,270
5bp7A,4qpnA,270
5bp9A,4qpnA,270
5bszA,4qpnA,270
5bw4A,4qpnA,270
5bxyA,4qpnA,270
5c0oH,4qpnA,270
5cvdA,4qpnA,270
5dlyA,4qpnA,270
5dm2A,4qpnA,270
5e8jA,4qpnA,270
5ehiA,4qpnA,270
5epeA,4qpnA,270
5fa8A,4qpnA,270
5h02A,4qpnA,270
5i10A,4qpnA,270
5ikmA,4qpnA,270
5je2A,4qpnA,270
5jgkA,4qpnA,270
5kqrA,4qpnA,270
5kvaA,4qpnA,270
5lhmA,4qpnA,270
5m58A,4qpnA,270
5mgzA,4qpnA,270
5n5dA,4qpnA,270
5p9vA,4qpnA,270
5ufnA,4qpnA,270
5unaA,4qpnA,270
5w7kA,4qpnA,270
5w7mA,4qpnA,270
5wcjA,4qpnA,270
5wy0A,4qpnA,270
5x7fA,4qpnA,270
5xlxA,4qpnA,270
5zw4A,4qpnA,270
5zy6A,4qpnA,270
6aaxA,4qpnA,270
6dcbA,4qpnA,270
6dubA,4qpnA,270
6f5zA,4qpnA,270
6h40A,4qpnA,270
6hp2A,4qpnA,270
6iftA,4qpnA,270
6jclA,4qpnA,270
6jplB,4qpnA,270
6m1cA,4qpnA,270
6mroA,4qpnA,270
6pi9A,4qpnA,270
6pqbA,4qpnA,270
6uakA,4qpnA,270
6uk5A,4qpnA,270
6uv6A,4qpnA,270
7bggA,4qpnA,270
7c7mA,4qpnA,270
7cfeA,4qpnA,270
7ct9A,4qpnA,270
7cvwA,4qpnA,270
7d8dA,4qpnA,270
7d8uA,4qpnA,270
7ec0A,4qpnA,270
7ezgA,4qpnA,270
7f8bA,4qpnA,270
7fbhB,4qpnA,270
7o9mn,4qpnA,270
7oasA,4qpnA,270
7pd7A,4qpnA,270
7qcbA,4qpnA,270
7r7oA,4qpnA,270
7se7A,4qpnA,270
7slqA,4qpnA,270
7ud6A,4qpnA,270
7v1gA,4qpnA,270
7veoB,4qpnA,270
7vkqA,4qpnA,270
7vkrC,4qpnA,270
7wm6A,4qpnA,270
7wmtA,4qpnA,270
7wtuq,4qpnA,270
7wzfA,4qpnA,270
7wzgA,4qpnA,270
7xplE,4qpnA,270
7z2jA,4qpnA,270
7zkhA,4qpnA,270
8ajpA,4qpnA,270
8b51A,4qpnA,270
8c9sA,4qpnA,270
8c9vA,4qpnA,270
8fjmA,4qpnA,270
8gduA,4qpnA,270
8gxnB,4qpnA,270
8gxoA,4qpnA,270
8gyaA,4qpnA,270
8h0tA,4qpnA,270
8h26A,4qpnA,270
8owyA,4qpnA,270
8p7bA,4qpnA,270
8q69A,4qpnA,270
8qdgA,4qpnA,270
8qdjA,4qpnA,270
8rdlA,4qpnA,270
8x3wA,4qpnA,270
8x8jA,4qpnA,270
8xdoA,4qpnA,270
8y2oB,4qpnA,270
8ys9A,4qpnA,270
8zc8A,4qpnA,270
8zsaA,4qpnA,270
9bxjA,4qpnA,270
9bxnA,4qpnA,270
9fceA,4qpnA,270
9fcqA,4qpnA,270
9gdjA,4qpnA,270
9gvwA,4qpnA,270
9hcgt,4qpnA,270
9ko3A,4qpnA,270
9mg0A,4qpnA,270
9mg5A,4qpnA,270
9ohlC,4qpnA,270
4qqqA,4qqqA,2
5imtA,4qqqA,2
4qtnA,4qtnA,1
4qtqA,4qtqA,1
4qtsC,4qtsC,3
8z4lA,4qtsC,3
8z4lB,4qtsC,3
4quvA,4quvA,1
4qvuA,4qvuA,1
4r12A,4r12A,1
4r1dA,4r1dA,1
1wdcC,4r1eA,4
2bl0B,4r1eA,4
3i5gC,4r1eA,4
4r1eA,4r1eA,4
4r29A,4r29A,1
4r2yA,4r2yA,1
4r39A,4r39A,2
5epvA,4r39A,2
4r3aA,4r3aB,2
4r3aB,4r3aB,2
1o9iA,4r42A,3
3qhbA,4r42A,3
4r42A,4r42A,3
4r4xA,4r4xA,1
4r5kA,4r5kA,1
4r5qA,4r5qA,1
4r79A,4r79A,1
4r7fA,4r7fA,1
2z4tA,4r84A,5
3s44A,4r84A,5
4r84A,4r84A,5
4r9vA,4r84A,5
4v3cA,4r84A,5
1gkpA,4r85A,84
1gkrA,4r85A,84
1k1dA,4r85A,84
1nfgA,4r85A,84
1o12A,4r85A,84
1onwA,4r85A,84
1p1mA,4r85A,84
1ra0A,4r85A,84
1rk6A,4r85A,84
1xrtA,4r85A,84
1ynyA,4r85A,84
2bb0A,4r85A,84
2ftwA,4r85A,84
2ftyA,4r85A,84
2gwnA,4r85A,84
2i9uA,4r85A,84
2icsA,4r85A,84
2ogjA,4r85A,84
2ogjC,4r85A,84
2oodA,4r85A,84
2p53A,4r85A,84
2pajA,4r85A,84
2puzA,4r85A,84
2q09A,4r85A,84
2qs8A,4r85A,84
2vhlA,4r85A,84
2vr2A,4r85A,84
2vunA,4r85A,84
2z00A,4r85A,84
3be7A,4r85A,84
3dc8A,4r85A,84
3feqA,4r85A,84
3gipA,4r85A,84
3griA,4r85A,84
3hm7A,4r85A,84
3hpaA,4r85A,84
3icjA,4r85A,84
3iv8A,4r85A,84
3lnpA,4r85A,84
3ls9A,4r85A,84
3mduA,4r85A,84
3mkvA,4r85A,84
3mtwA,4r85A,84
3sfwA,4r85A,84
4aqlA,4r85A,84
4b92A,4r85A,84
4bjhA,4r85A,84
4c5yA,4r85A,84
4cnsA,4r85A,84
4cqbA,4r85A,84
4dzhA,4r85A,84
4f0lA,4r85A,84
4f0rA,4r85A,84
4gbdA,4r85A,84
4lcqA,4r85A,84
4m51A,4r85A,84
4r85A,4r85A,84
4tqtA,4r85A,84
4ub9A,4r85A,84
4v1xA,4r85A,84
4whbA,4r85A,84
4yiwA,4r85A,84
5xgwA,4r85A,84
6fv4A,4r85A,84
6i5sA,4r85A,84
6jkuA,4r85A,84
6klkA,4r85A,84
6nboA,4r85A,84
6oh9A,4r85A,84
6ohbA,4r85A,84
6sj3A,4r85A,84
7cdhX,4r85A,84
7lkkA,4r85A,84
7nuuA,4r85A,84
7uofA,4r85A,84
8dqnA,4r85A,84
8hfdA,4r85A,84
8ihrA,4r85A,84
8is4A,4r85A,84
8je0A,4r85A,84
8wzyA,4r85A,84
8yagA,4r85A,84
9fs2A,4r85A,84
9kb1A,4r85A,84
4rckA,4rckA,1
4reoA,4reoA,1
4rf7A,4rf7A,1
4rfuA,4rfuA,1
4rg1A,4rg1A,1
4rgpA,4rgpA,1
4pkmA,4rhzA,2
4rhzA,4rhzA,2
4rhzB,4rhzB,1
4ri2A,4ri2A,1
4rkgA,4rkgA,1
4rkhC,4rkhC,1
4rkkA,4rkkA,1
4rknA,4rknA,1
4rku1,4rku1,1
3pl9A,4rku2,13
4rku2,4rku2,13
6jo52,4rku2,13
7dkz1,4rku2,13
7xqp1,4rku2,13
7zqc9,4rku2,13
8bcv1,4rku2,13
8iwh4,4rku2,13
8j5k2,4rku2,13
8j7a1,4rku2,13
8wgh1,4rku2,13
9kqb1,4rku2,13
9kqpb,4rku2,13
4rkuK,4rkuK,1
4rlrA,4rlrA,1
2gu1A,4rnzA,3
4rnzA,4rnzA,3
6ue4A,4rnzA,3
4rouA,4rouA,1
4rp9A,4rp9A,2
5zovA,4rp9A,2
1i8tA,4rplA,13
1lv0A,4rplA,13
2b9wA,4rplA,13
2bcgG,4rplA,13
2bi7A,4rplA,13
2jaeA,4rplA,13
3hdqA,4rplA,13
3k7mX,4rplA,13
4mo2A,4rplA,13
4repA,4rplA,13
4rplA,4rplA,13
5br7A,4rplA,13
5er9A,4rplA,13
4rqoA,4rqoA,2
9fslA,4rqoA,2
4rr2D,4rr2D,1
1jkeA,4rriA,7
2okvA,4rriA,7
3lmvF,4rriA,7
4nbiA,4rriA,7
4rrfA,4rriA,7
4rriA,4rriA,7
4rrqA,4rriA,7
1v2bA,4rtiA,5
2vu4A,4rtiA,5
2xb3A,4rtiA,5
4rtiA,4rtiA,5
6e5fA,4rtiA,5
4rykA,4rykA,1
2mgyA,4ryoA,3
4ryoA,4ryoA,3
4uc1A,4ryoA,3
4s04A,4s04A,1
4s0nA,4s0nA,1
4s1bA,4s1bA,1
2e1dA,4s2bA,4
3tkfA,4s2bA,4
4s2bA,4s2bA,4
6zwfA,4s2bA,4
3ctzA,4s2rP,4
4s2rP,4s2rP,4
5jr6A,4s2rP,4
5jr6B,4s2rP,4
4s36A,4s36A,1
3noyA,4s39A,2
4s39A,4s39A,2
4s3qA,4s3qA,1
4tmaI,4tmaI,2
4tmaJ,4tmaI,2
4tmeA,4tmeA,1
4tn3A,4tn3A,1
4toiA,4toiA,1
4tplA,4tplA,2
8wbdb,4tplA,2
4tpuA,4tpuA,2
7pweA,4tpuA,2
2bwrA,4tqmA,2
4tqmA,4tqmA,2
1nw2A,4tr0A,21
1v98A,4tr0A,21
2e7pA,4tr0A,21
2ht9A,4tr0A,21
2wciA,4tr0A,21
2wulA,4tr0A,21
2xc2A,4tr0A,21
3f3qA,4tr0A,21
3hxsA,4tr0A,21
3ic4A,4tr0A,21
3o6tA,4tr0A,21
3rhcA,4tr0A,21
4huaA,4tr0A,21
4pomA,4tr0A,21
4rqrA,4tr0A,21
4tr0A,4tr0A,21
5g31A,4tr0A,21
5j3rA,4tr0A,21
6z7oA,4tr0A,21
7dipA,4tr0A,21
9gcoA,4tr0A,21
4tshA,4tshA,1
3qe5A,4tshB,3
4tshB,4tshB,3
7l0oA,4tshB,3
4tvrA,4tvrA,2
8xv7A,4tvrA,2
4txaA,4txaA,1
4txdA,4txdA,1
1jl5A,4u09A,11
1o6tA,4u09A,11
2bexB,4u09A,11
3rg1I,4u09A,11
4r6gA,4u09A,11
4u06A,4u09A,11
4u08A,4u09A,11
4u09A,4u09A,11
5hl3A,4u09A,11
5z8yA,4u09A,11
6qxpE,4u09A,11
4u0wA,4u0wA,1
2b59B,4u3sB,3
4u3sB,4u3sB,3
5m0yB,4u3sB,3
4u5gA,4u5gA,1
4u5tA,4u5tA,1
1i7wA,4u5uA,3
4u5uA,4u5uA,3
5zhxA,4u5uA,3
1dnpA,4u63A,27
1np7A,4u63A,27
1owlA,4u63A,27
1u3dA,4u63A,27
2e0iA,4u63A,27
2j07A,4u63A,27
2j4dA,4u63A,27
2xryA,4u63A,27
3fy4A,4u63A,27
3umvA,4u63A,27
3zxsA,4u63A,27
4djaA,4u63A,27
4gu5A,4u63A,27
4u63A,4u63A,27
5zm0A,4u63A,27
6k8kA,4u63A,27
6kiiA,4u63A,27
6lz3A,4u63A,27
6lz7A,4u63A,27
6ptzA,4u63A,27
7d1cA,4u63A,27
7v8yA,4u63A,27
8a1hA,4u63A,27
8c1uA,4u63A,27
8ijyA,4u63A,27
8p4xA,4u63A,27
9q8fA,4u63A,27
4u8hD,4u8hD,1
2gtlM,4u8uc,6
2gtlN,4u8uc,6
2gtlO,4u8uc,6
4u8ub,4u8uc,6
4u8uc,4u8uc,6
4u8ud,4u8uc,6
4u9nB,4u9nB,1
4u9rA,4u9rA,1
4uaiA,4uaiA,1
1l7mA,4uasA,55
1nnlA,4uasA,55
1swvA,4uasA,55
1te2A,4uasA,55
1ynsA,4uasA,55
1zrmA,4uasA,55
2b82A,4uasA,55
2fdrA,4uasA,55
2feaA,4uasA,55
2g80A,4uasA,55
2gmwA,4uasA,55
2go7A,4uasA,55
2hcfA,4uasA,55
2no5A,4uasA,55
2pkeA,4uasA,55
2qltA,4uasA,55
2ybdA,4uasA,55
2yn4A,4uasA,55
3a1cA,4uasA,55
3ddhA,4uasA,55
3dv9A,4uasA,55
3i76A,4uasA,55
3kd3A,4uasA,55
3m1yA,4uasA,55
3opxA,4uasA,55
3qnmA,4uasA,55
3qxgA,4uasA,55
3s6jA,4uasA,55
3umbA,4uasA,55
3vayA,4uasA,55
4ap9A,4uasA,55
4dfdA,4uasA,55
4eenA,4uasA,55
4ex6A,4uasA,55
4g9bA,4uasA,55
4knvA,4uasA,55
4rn3A,4uasA,55
4uasA,4uasA,55
4uavA,4uasA,55
4uw9A,4uasA,55
4ygsA,4uasA,55
5mwaA,4uasA,55
6aokA,4uasA,55
6cgkA,4uasA,55
6iahA,4uasA,55
6w04A,4uasA,55
6z1kA,4uasA,55
7ef6A,4uasA,55
8hp7A,4uasA,55
8pneA,4uasA,55
8q1fA,4uasA,55
8wbqA,4uasA,55
8wbtA,4uasA,55
9m7mA,4uasA,55
9v14A,4uasA,55
1je1A,4uc0A,51
1odiA,4uc0A,51
1qe5B,4uc0A,51
1rxyA,4uc0A,51
1tcvA,4uc0A,51
1vhwA,4uc0A,51
1yqqA,4uc0A,51
1yquA,4uc0A,51
1z34A,4uc0A,51
2a8yA,4uc0A,51
2h8gA,4uc0A,51
2p4sA,4uc0A,51
3bsfA,4uc0A,51
3eeiA,4uc0A,51
3fucA,4uc0A,51
3lbaA,4uc0A,51
3mb8A,4uc0A,51
3odgA,4uc0A,51
3ozbA,4uc0A,51
3qpbA,4uc0A,51
3u40A,4uc0A,51
3uawA,4uc0A,51
4da6A,4uc0A,51
4earA,4uc0A,51
4gljA,4uc0A,51
4josA,4uc0A,51
4jwtA,4uc0A,51
4lnaA,4uc0A,51
4m1eA,4uc0A,51
4nsnA,4uc0A,51
4oy3A,4uc0A,51
4pr3A,4uc0A,51
4r2wF,4uc0A,51
4txlA,4uc0A,51
4uc0A,4uc0A,51
4wkbA,4uc0A,51
5b7gA,4uc0A,51
5f7jA,4uc0A,51
5ifkA,4uc0A,51
5ko5A,4uc0A,51
5m2tA,4uc0A,51
5tc6A,4uc0A,51
5ue1A,4uc0A,51
6ayqA,4uc0A,51
7op9A,4uc0A,51
8c25A,4uc0A,51
8swtA,4uc0A,51
8swuA,4uc0A,51
8ws2A,4uc0A,51
9fpeA,4uc0A,51
9mgjA,4uc0A,51
4uc8A,4uc8A,1
4uciA,4uciA,2
4uciB,4uciA,2
4udmB,4udmB,1
4uieA,4uieA,1
1or4A,4uiiA,4
3mvcA,4uiiA,4
4uiiA,4uiiA,4
4uiqA,4uiiA,4
4uj7A,4uj7A,1
4uj8A,4uj8A,1
4umoA,4umoA,1
4umoB,4umoB,1
2cg4A,4un1B,8
2cyyA,4un1B,8
2p5vA,4un1B,8
2pn6A,4un1B,8
2vbwA,4un1B,8
4un1A,4un1B,8
4un1B,4un1B,8
7fbyA,4un1B,8
2xb1A,4up0A,2
4up0A,4up0A,2
1aszA,4up7A,28
1bbuA,4up7A,28
1c0aA,4up7A,28
1e1oA,4up7A,28
1x54A,4up7A,28
2xgtA,4up7A,28
3a74A,4up7A,28
3m4pA,4up7A,28
3nemA,4up7A,28
4ex5A,4up7A,28
4o2dA,4up7A,28
4o2dB,4up7A,28
4up7A,4up7A,28
4wj4A,4up7A,28
5hgqA,4up7A,28
5w25A,4up7A,28
6aqgA,4up7A,28
6aqhA,4up7A,28
6hcuA,4up7A,28
6hcwA,4up7A,28
6hhxA,4up7A,28
6ildA,4up7A,28
6ns0A,4up7A,28
6wbdA,4up7A,28
7f6wA,4up7A,28
7qh8A,4up7A,28
8tc8A,4up7A,28
9m5oA,4up7A,28
1e3dA,4uqlA,18
1yq9A,4uqlA,18
3ayxB,4uqlA,18
3myrA,4uqlA,18
4c3oB,4uqlA,18
4kn9S,4uqlA,18
4omfG,4uqlA,18
4u9hS,4uqlA,18
4uqlA,4uqlA,18
5aa5A,4uqlA,18
5jskA,4uqlA,18
5odqE,4uqlA,18
6fpiS,4uqlA,18
6fpoS,4uqlA,18
6qgrG,4uqlA,18
8dqvB,4uqlA,18
9e15A,4uqlA,18
9erbS,4uqlA,18
1fcdA,4usrA,61
1fl2A,4usrA,61
1trbA,4usrA,61
1vdcA,4usrA,61
2a87A,4usrA,61
2q0lA,4usrA,61
2q7vA,4usrA,61
2whdA,4usrA,61
2zbwA,4usrA,61
3ab1A,4usrA,61
3ctyA,4usrA,61
3d1cA,4usrA,61
3f8dA,4usrA,61
3fbsA,4usrA,61
3h8lA,4usrA,61
3itjA,4usrA,61
3lzwA,4usrA,61
3r9uA,4usrA,61
3s5wA,4usrA,61
3vrdB,4usrA,61
4b63A,4usrA,61
4c5oA,4usrA,61
4d7eA,4usrA,61
4d7eD,4usrA,61
4fk1A,4usrA,61
4gcmA,4usrA,61
4jn9A,4usrA,61
4jnqA,4usrA,61
4ntcA,4usrA,61
4ntdA,4usrA,61
4tm3A,4usrA,61
4up3A,4usrA,61
4usqA,4usrA,61
4usrA,4usrA,61
5j60A,4usrA,61
5k0aA,4usrA,61
5m5jA,4usrA,61
5mitA,4usrA,61
5n0jA,4usrA,61
5n1tA,4usrA,61
5o8pB,4usrA,61
5twbA,4usrA,61
5u63A,4usrA,61
5uwyA,4usrA,61
5vt3A,4usrA,61
5w4cA,4usrA,61
5xhuA,4usrA,61
5ygqA,4usrA,61
6bpyA,4usrA,61
6garA,4usrA,61
6gasA,4usrA,61
6oibA,4usrA,61
6xbbA,4usrA,61
7aawA,4usrA,61
7br0A,4usrA,61
7jypA,4usrA,61
7p9dA,4usrA,61
7us3A,4usrA,61
8cciA,4usrA,61
9nnsA,4usrA,61
9nnsB,4usrA,61
4usxA,4usxA,1
4uu2B,4uu2B,1
4uuwA,4uuwA,1
4uvqA,4uvqA,1
4uyrA,4uyrA,1
4v12A,4v12A,1
1bd0A,4v15A,47
1f3tA,4v15A,47
1hkvA,4v15A,47
1knwA,4v15A,47
1rcqA,4v15A,47
1twiA,4v15A,47
1vfsA,4v15A,47
2dy3A,4v15A,47
2nvaA,4v15A,47
2pljA,4v15A,47
2qghA,4v15A,47
2vd8A,4v15A,47
2yxxA,4v15A,47
3anuA,4v15A,47
3co8A,4v15A,47
3e5pA,4v15A,47
3llxA,4v15A,47
3n29A,4v15A,47
3wqcA,4v15A,47
4beuA,4v15A,47
4bf5A,4v15A,47
4fs9A,4v15A,47
4lusB,4v15A,47
4v15A,4v15A,47
4wr3A,4v15A,47
4xg1A,4v15A,47
4y2wA,4v15A,47
5fagA,4v15A,47
5gjoA,4v15A,47
5x7nA,4v15A,47
5yycA,4v15A,47
5zl6A,4v15A,47
6a2fA,4v15A,47
6g58A,4v15A,47
6kniA,4v15A,47
6n2aA,4v15A,47
6q71A,4v15A,47
6qkbA,4v15A,47
6sczA,4v15A,47
7kh2A,4v15A,47
7odcA,4v15A,47
7ru7A,4v15A,47
7s3gA,4v15A,47
7xllA,4v15A,47
7yqaA,4v15A,47
8d4iA,4v15A,47
9fosA,4v15A,47
4v19X,4v19X,1
4bs9A,4v1tA,3
4v1tA,4v1tA,3
7u58A,4v1tA,3
2ivfB,4v4eB,4
4v4eB,4v4eB,4
4yddB,4v4eB,4
7b04A,4v4eB,4
1mzyA,4w1tB,24
1ndsA,4w1tB,24
1oe1A,4w1tB,24
1sddA,4w1tB,24
3g5wA,4w1tB,24
3gdcA,4w1tB,24
3t9wA,4w1tB,24
4e9xA,4w1tB,24
4knuA,4w1tB,24
4w1tB,4w1tB,24
4yseA,4w1tB,24
5akrA,4w1tB,24
5tb7A,4w1tB,24
5zl1A,4w1tB,24
6qptA,4w1tB,24
6theA,4w1tB,24
6zatA,4w1tB,24
7bfmA,4w1tB,24
7p2fA,4w1tB,24
7puhA,4w1tB,24
7rabA,4w1tB,24
8aipA,4w1tB,24
9cckC,4w1tB,24
9kwtA,4w1tB,24
3ql9A,4w5aE,4
4w5aE,4w5aE,4
7o45A,4w5aE,4
8ba5A,4w5aE,4
4w8jA,4w8jA,1
4w8xA,4w8xA,1
4w8yA,4w8yA,10
6ifnA,4w8yA,10
6kc0A,4w8yA,10
6o75A,4w8yA,10
6o7hA,4w8yA,10
6s8bK,4w8yA,10
7v01F,4w8yA,10
9ashA,4w8yA,10
9g9eA,4w8yA,10
9g9fA,4w8yA,10
3mhsC,4wa6C,2
4wa6C,4wa6C,2
3mhsE,4wa6E,2
4wa6E,4wa6E,2
4wa6G,4wa6G,1
4waiA,4waiA,1
1ekjA,4wamA,25
1g5cA,4wamA,25
1ym3A,4wamA,25
2w3qA,4wamA,25
3e3iA,4wamA,25
3eyxA,4wamA,25
3lasA,4wamA,25
3tenA,4wamA,25
3ucjA,4wamA,25
3vqjA,4wamA,25
4o1jA,4wamA,25
4o1kA,4wamA,25
4wamA,4wamA,25
4yf4A,4wamA,25
5bq1A,4wamA,25
5cxkA,4wamA,25
5swcA,4wamA,25
6gwuA,4wamA,25
6jqdA,4wamA,25
6lacA,4wamA,25
6y04A,4wamA,25
6yjnA,4wamA,25
7coiA,4wamA,25
7cxyA,4wamA,25
9eatA,4wamA,25
4wbdA,4wbdA,1
4wckA,4wckA,1
4wd8A,4wd8A,1
4wdbA,4wdbA,1
4weiA,4weiA,1
4wf2A,4wf2A,5
4xtvA,4wf2A,5
6ndlA,4wf2A,5
8fi3A,4wf2A,5
9j8eA,4wf2A,5
4wh5A,4wh5A,2
4wqkA,4wh5A,2
4wh9A,4wh9A,1
4wkzA,4wkzA,1
4wlkA,4wlkA,1
1lh0A,4wmlA,4
2wnsA,4wmlA,4
4rv4A,4wmlA,4
4wmlA,4wmlA,4
4wn0A,4wn0A,3
6uscA,4wn0A,3
7e1eA,4wn0A,3
4wodA,4wodA,1
4wp4A,4wp4A,1
4wqdA,4wqdA,1
4wu3A,4wu3A,1
3n71A,4wuyA,4
4wuyA,4wuyA,4
6fndA,4wuyA,4
6p7zA,4wuyA,4
4wv7A,4wv7A,1
4qmaA,4wvzA,8
4wvzA,4wvzA,8
6s0pA,4wvzA,8
6xb9A,4wvzA,8
7chiA,4wvzA,8
7cxzA,4wvzA,8
7lvzA,4wvzA,8
9dxvA,4wvzA,8
4wwuB,4wwuB,1
4wz7A,4wz7A,1
4wz7B,4wz7B,1
4wz7H,4wz7H,1
4wz7I,4wz7I,1
4wzxA,4wzxA,1
1wgeA,4x33A,4
4d4oC,4x33A,4
4d4pH,4x33A,4
4x33A,4x33A,4
4x36A,4x36A,1
1x7pA,4x3lA,5
3gyqA,4x3lA,5
3nk7A,4x3lA,5
4x3lA,4x3lA,5
5kzkA,4x3lA,5
4x3nA,4x3nA,1
4x7gA,4x7gA,1
4pqgA,4x7rA,4
4x7rA,4x7rA,4
5e9uA,4x7rA,4
7vfmA,4x7rA,4
4x8yA,4x8yA,1
4xb6C,4xb6C,1
4xb6D,4xb6D,1
4xbmB,4xbmB,1
4xboA,4xboA,1
1j6wA,4xchA,6
1j6xA,4xchA,6
1j98A,4xchA,6
1vjeA,4xchA,6
4xchA,4xchA,6
5e68A,4xchA,6
4xcoA,4xcoA,1
4xczA,4xczA,2
5uijA,4xczA,2
3pndA,4xduA,6
4xduA,4xduA,6
4xgwA,4xduA,6
5mgyA,4xduA,6
6nxiA,4xduA,6
7esbA,4xduA,6
4xfmA,4xfmA,1
4xglA,4xglA,1
2h1cA,4xgqA,6
2lcqA,4xgqA,6
3h87A,4xgqA,6
4chgA,4xgqA,6
4xgqA,4xgqA,6
6ifcA,4xgqA,6
4xhpA,4xhpA,1
4xhzA,4xhzA,1
4xi6A,4xi6A,1
4xivA,4xivA,1
4xjjA,4xjjA,1
2sliA,4xjwA,3
4xjwA,4xjwA,3
4yw2A,4xjwA,3
4xjxA,4xjxA,2
6h2jB,4xjxA,2
1jb0K,4xk8K,5
4xk8K,4xk8K,5
6jo5K,4xk8K,5
8yz2O,4xk8K,5
9kc5K,4xk8K,5
4xklB,4xklB,2
5yt6B,4xklB,2
4cc0A,4xl1E,5
4cc0B,4xl1E,5
4xl1E,4xl1E,5
5mw5A,4xl1E,5
7altA,4xl1E,5
3gq8A,4xotA,4
4xotA,4xotA,4
6e0wA,4xotA,4
6f7kA,4xotA,4
4xpzA,4xpzA,1
3aihA,4xqmA,2
4xqmA,4xqmA,2
4xrpA,4xrpA,1
4e6nA,4xruB,2
4xruB,4xruB,2
4xruC,4xruC,1
4amqA,4xulA,2
4xulA,4xulA,2
4xupA,4xupA,1
4xymA,4xymA,1
4xypA,4xypA,1
4xz0A,4xz0A,1
3o8lA,4xz2A,6
3o8oA,4xz2A,6
3o8oB,4xz2A,6
3opyB,4xz2A,6
4xz2A,4xz2A,6
8w2hA,4xz2A,6
1a25A,4y1sA,24
1rlwA,4y1sA,24
1tjxA,4y1sA,24
1w15A,4y1sA,24
2cm5A,4y1sA,24
2uzpA,4y1sA,24
3b7yA,4y1sA,24
3n5aA,4y1sA,24
3twyA,4y1sA,24
3w57A,4y1sA,24
4lcvC,4y1sA,24
4ldcA,4y1sA,24
4ns0A,4y1sA,24
4v29A,4y1sA,24
4y1sA,4y1sA,24
5a52A,4y1sA,24
5h4yA,4y1sA,24
5vfeA,4y1sA,24
6anjA,4y1sA,24
6iejA,4y1sA,24
6nytA,4y1sA,24
7a1rA,4y1sA,24
7atpA,4y1sA,24
7jofA,4y1sA,24
4y4sA,4y4sA,1
4y4vA,4y4vA,1
4y6kC,4y6kC,1
4y7lA,4y7lA,1
4y7sA,4y7sA,1
3floB,4y97B,2
4y97B,4y97B,2
4y99A,4y99A,1
4yciA,4yciA,1
4yd9B,4yd9B,1
1a3lH,4ydjB,262
1c12B,4ydjB,262
1c1eH,4ydjB,262
1c5cH,4ydjB,262
1cf8H,4ydjB,262
1clyH,4ydjB,262
1clzH,4ydjB,262
1ct8B,4ydjB,262
1dbbH,4ydjB,262
1eapB,4ydjB,262
1etzB,4ydjB,262
1f3dH,4ydjB,262
1f4xH,4ydjB,262
1figH,4ydjB,262
1fl6B,4ydjB,262
1flrH,4ydjB,262
1gafH,4ydjB,262
1i7zB,4ydjB,262
1ibgH,4ydjB,262
1igjB,4ydjB,262
1indH,4ydjB,262
1jglH,4ydjB,262
1jguH,4ydjB,262
1jnhB,4ydjB,262
1jnnH,4ydjB,262
1kfaH,4ydjB,262
1l0yA,4ydjB,262
1lo0H,4ydjB,262
1m7dB,4ydjB,262
1mexH,4ydjB,262
1mfeH,4ydjB,262
1mh5B,4ydjB,262
1mj7H,4ydjB,262
1mjjB,4ydjB,262
1nc2B,4ydjB,262
1ncwH,4ydjB,262
1ngpH,4ydjB,262
1q0yH,4ydjB,262
1q72H,4ydjB,262
1qlrB,4ydjB,262
1r0aH,4ydjB,262
1rzgA,4ydjB,262
1s3kH,4ydjB,262
1t66D,4ydjB,262
1um5H,4ydjB,262
1uwgH,4ydjB,262
1uz8B,4ydjB,262
1vpoH,4ydjB,262
1y0lB,4ydjB,262
1yedB,4ydjB,262
1yejH,4ydjB,262
1ynlH,4ydjB,262
1yuhB,4ydjB,262
25c8H,4ydjB,262
2ajvH,4ydjB,262
2b4cH,4ydjB,262
2c1pB,4ydjB,262
2dquH,4ydjB,262
2fl5A,4ydjB,262
2g2rB,4ydjB,262
2g5bH,4ydjB,262
2gj6E,4ydjB,262
2gjzB,4ydjB,262
2h32H,4ydjB,262
2jb5H,4ydjB,262
2mcpH,4ydjB,262
2ntfB,4ydjB,262
2ny1D,4ydjB,262
2pcpB,4ydjB,262
2qscH,4ydjB,262
2vq1B,4ydjB,262
2yk1H,4ydjB,262
2z92A,4ydjB,262
3bz4B,4ydjB,262
3cfbB,4ydjB,262
3cfdB,4ydjB,262
3dggD,4ydjB,262
3fo2B,4ydjB,262
3fo9B,4ydjB,262
3hntH,4ydjB,262
3i9gH,4ydjB,262
3ijhB,4ydjB,262
3kdmB,4ydjB,262
3ks0H,4ydjB,262
3levH,4ydjB,262
3ls4H,4ydjB,262
3mffD,4ydjB,262
3ncjH,4ydjB,262
3ngbC,4ydjB,262
3nzhH,4ydjB,262
3o2wH,4ydjB,262
3p0vH,4ydjB,262
3qcuH,4ydjB,262
3qg6B,4ydjB,262
3qumH,4ydjB,262
3ra7H,4ydjB,262
3s35H,4ydjB,262
3so3C,4ydjB,262
3t65B,4ydjB,262
3tv3L,4ydjB,262
3u2sB,4ydjB,262
3ujiH,4ydjB,262
3v0wH,4ydjB,262
3vxmE,4ydjB,262
3whxA,4ydjB,262
4c83A,4ydjB,262
4ei5D,4ydjB,262
4elmH,4ydjB,262
4hihB,4ydjB,262
4hxbH,4ydjB,262
4i2xB,4ydjB,262
4jm2A,4ydjB,262
4jn2B,4ydjB,262
4jo1H,4ydjB,262
4jy6A,4ydjB,262
4jzjH,4ydjB,262
4lhuG,4ydjB,262
4m7jH,4ydjB,262
4m7kH,4ydjB,262
4nj9H,4ydjB,262
4ocxH,4ydjB,262
4odtH,4ydjB,262
4odvH,4ydjB,262
4qwwD,4ydjB,262
4r90H,4ydjB,262
4s1dC,4ydjB,262
4tprH,4ydjB,262
4tuoA,4ydjB,262
4tvpH,4ydjB,262
4uinH,4ydjB,262
4ww2B,4ydjB,262
4xcfH,4ydjB,262
4xmpH,4ydjB,262
4xzuA,4ydjB,262
4ydjB,4ydjB,262
4yhoH,4ydjB,262
4yhyB,4ydjB,262
5alcH,4ydjB,262
5b6fB,4ydjB,262
5cp3H,4ydjB,262
5d6cB,4ydjB,262
5d7sL,4ydjB,262
5dq9A,4ydjB,262
5dqdH,4ydjB,262
5drnA,4ydjB,262
5dtfA,4ydjB,262
5dyoA,4ydjB,262
5esvA,4ydjB,262
5i8oH,4ydjB,262
5jhdE,4ydjB,262
5jr1H,4ydjB,262
5k9kA,4ydjB,262
5kvlH,4ydjB,262
5kzpF,4ydjB,262
5m63H,4ydjB,262
5mheH,4ydjB,262
5mthA,4ydjB,262
5nbwB,4ydjB,262
5u3kH,4ydjB,262
5u6aB,4ydjB,262
5udcH,4ydjB,262
5v6mH,4ydjB,262
5v7jD,4ydjB,262
5vgjH,4ydjB,262
5w24H,4ydjB,262
5wnbH,4ydjB,262
5xqwH,4ydjB,262
5yfiH,4ydjB,262
6a9kB,4ydjB,262
6aodB,4ydjB,262
6aq7H,4ydjB,262
6b3kH,4ydjB,262
6be3H,4ydjB,262
6bf4B,4ydjB,262
6bj2E,4ydjB,262
6cbjH,4ydjB,262
6ch7Q,4ydjB,262
6dw2B,4ydjB,262
6dwiD,4ydjB,262
6iuvC,4ydjB,262
6jp7H,4ydjB,262
6lxjH,4ydjB,262
6m87B,4ydjB,262
6mg5A,4ydjB,262
6mqrH,4ydjB,262
6mtjH,4ydjB,262
6o3jA,4ydjB,262
6o3uB,4ydjB,262
6ohgC,4ydjB,262
6pueE,4ydjB,262
6pycH,4ydjB,262
6pydA,4ydjB,262
6sndH,4ydjB,262
6ug7H,4ydjB,262
6utkH,4ydjB,262
6vorC,4ydjB,262
6vtuH,4ydjB,262
6w9gH,4ydjB,262
6xlzL,4ydjB,262
6xukH,4ydjB,262
6xunA,4ydjB,262
6y54H,4ydjB,262
6zecH,4ydjB,262
7benD,4ydjB,262
7bepA,4ydjB,262
7bh8G,4ydjB,262
7dc7A,4ydjB,262
7f35B,4ydjB,262
7jvdH,4ydjB,262
7lj5G,4ydjB,262
7ll2H,4ydjB,262
7n2rF,4ydjB,262
7ox4A,4ydjB,262
7phwB,4ydjB,262
7qt2A,4ydjB,262
7qt3A,4ydjB,262
7qt4A,4ydjB,262
7rdkB,4ydjB,262
7rdmB,4ydjB,262
7sg1E,4ydjB,262
7t1wH,4ydjB,262
7towA,4ydjB,262
7u61H,4ydjB,262
7u62H,4ydjB,262
7u63B,4ydjB,262
7u64A,4ydjB,262
7uenH,4ydjB,262
7ut3H,4ydjB,262
8acfH,4ydjB,262
8b50H,4ydjB,262
8cc0H,4ydjB,262
8d3aH,4ydjB,262
8d4rD,4ydjB,262
8da0B,4ydjB,262
8db4A,4ydjB,262
8eqaB,4ydjB,262
8es8B,4ydjB,262
8es9B,4ydjB,262
8faxA,4ydjB,262
8hrhA,4ydjB,262
8qxcA,4ydjB,262
8rdaH,4ydjB,262
8rtwB,4ydjB,262
8s4kH,4ydjB,262
8sipH,4ydjB,262
8tfpB,4ydjB,262
8tn7H,4ydjB,262
8tw6B,4ydjB,262
8udrD,4ydjB,262
8vdlH,4ydjB,262
8y57A,4ydjB,262
9awyA,4ydjB,262
9axoH,4ydjB,262
9axpA,4ydjB,262
9axrH,4ydjB,262
9c3eB,4ydjB,262
9f1iH,4ydjB,262
9fkdH,4ydjB,262
9fxtH,4ydjB,262
9g6rH,4ydjB,262
9g6sH,4ydjB,262
9iy0H,4ydjB,262
1t7pA,4yfuA,9
2kfnA,4yfuA,9
4yfuA,4yfuA,9
6fbcA,4yfuA,9
6vdcA,4yfuA,9
6vddA,4yfuA,9
8e24A,4yfuA,9
8ef9A,4yfuA,9
9cayA,4yfuA,9
1oe5A,4ygmA,16
1udhA,4ygmA,16
1ui0A,4ygmA,16
1vk2A,4ygmA,16
1wywA,4ygmA,16
2d3yA,4ygmA,16
2eugA,4ygmA,16
3cxmA,4ygmA,16
3fciA,4ygmA,16
4fncA,4ygmA,16
4ws6A,4ygmA,16
4ygmA,4ygmA,16
4zbxA,4ygmA,16
5grkA,4ygmA,16
5h9iA,4ygmA,16
6ajpA,4ygmA,16
4yh8A,4yh8A,1
4yj0A,4yj0A,1
1o9oA,4yjiA,13
2f2aA,4yjiA,13
3a1iA,4yjiA,13
3a2qA,4yjiA,13
3h0lA,4yjiA,13
3ppmA,4yjiA,13
4n0iA,4yjiA,13
4yjiA,4yjiA,13
5h6sA,4yjiA,13
6c6gA,4yjiA,13
6diiA,4yjiA,13
8xtbA,4yjiA,13
9fz1A,4yjiA,13
3i4zA,4ylaA,13
3o2kA,4ylaA,13
4ld7A,4ylaA,13
4ylaA,4ylaA,13
4yzlA,4ylaA,13
5injA,4ylaA,13
5kd6A,4ylaA,13
6os6A,4ylaA,13
6vyaA,4ylaA,13
7w8yA,4ylaA,13
7xvjD,4ylaA,13
8db0A,4ylaA,13
8y9dA,4ylaA,13
2o6pA,4ympA,8
3qugA,4ympA,8
3qzmA,4ympA,8
3rtlA,4ympA,8
3sikA,4ympA,8
4h8qA,4ympA,8
4mypA,4ympA,8
4ympA,4ympA,8
4ymuC,4ymuC,1
4x27A,4yn2A,2
4yn2A,4yn2A,2
4yn3A,4yn3A,3
6u26B,4yn3A,3
6u3iA,4yn3A,3
4yn8A,4yn8A,1
4yorA,4yorA,2
5chiA,4yorA,2
4ypmA,4ypmA,1
1cydA,4yrbC,105
1d7oA,4yrbC,105
1eq2A,4yrbC,105
1h5qA,4yrbC,105
1hdoA,4yrbC,105
1iy8A,4yrbC,105
1n2sA,4yrbC,105
1nffA,4yrbC,105
1nhwA,4yrbC,105
1oaaA,4yrbC,105
1vl0A,4yrbC,105
1xq6A,4yrbC,105
2ag5A,4yrbC,105
2bkaA,4yrbC,105
2c29D,4yrbC,105
2ggsA,4yrbC,105
2r6jA,4yrbC,105
2ydxA,4yrbC,105
2yutA,4yrbC,105
2yy7A,4yrbC,105
3ajrA,4yrbC,105
3c1oA,4yrbC,105
3d3wA,4yrbC,105
3e8xA,4yrbC,105
3eheA,4yrbC,105
3f4bA,4yrbC,105
3gegA,4yrbC,105
3gy0A,4yrbC,105
3h2sA,4yrbC,105
3i6iA,4yrbC,105
3k31A,4yrbC,105
3lt0A,4yrbC,105
3m2pB,4yrbC,105
3o03A,4yrbC,105
3o26A,4yrbC,105
3oigA,4yrbC,105
3pgxA,4yrbC,105
3pxxA,4yrbC,105
3qvoA,4yrbC,105
3rfxA,4yrbC,105
3rkuA,4yrbC,105
3s55A,4yrbC,105
3sc6A,4yrbC,105
3sx2A,4yrbC,105
3sxpA,4yrbC,105
3t7cA,4yrbC,105
3tscA,4yrbC,105
3uveA,4yrbC,105
3vvbA,4yrbC,105
3wmwA,4yrbC,105
4d44A,4yrbC,105
4dmmB,4yrbC,105
4ej0A,4yrbC,105
4fdaA,4yrbC,105
4hnhA,4yrbC,105
4lk3A,4yrbC,105
4nk5A,4yrbC,105
4o1mA,4yrbC,105
4q9nA,4yrbC,105
4qqrA,4yrbC,105
4r1sA,4yrbC,105
4rgbA,4yrbC,105
4u7wA,4yrbC,105
4yagA,4yrbC,105
4yr9A,4yrbC,105
4yrbA,4yrbC,105
4yrbC,4yrbC,105
4zjuA,4yrbC,105
4zu3A,4yrbC,105
5ej2A,4yrbC,105
5i7sA,4yrbC,105
5k4wA,4yrbC,105
5koiA,4yrbC,105
5l53A,4yrbC,105
5ldgA,4yrbC,105
5o98A,4yrbC,105
5tf4A,4yrbC,105
5tqmA,4yrbC,105
5uzxA,4yrbC,105
5y1fA,4yrbC,105
5ycsA,4yrbC,105
5z75A,4yrbC,105
6i6vA,4yrbC,105
6jygA,4yrbC,105
6kv9A,4yrbC,105
6nbrA,4yrbC,105
6nd7A,4yrbC,105
6ow4A,4yrbC,105
6zk9d,4yrbC,105
7cgvA,4yrbC,105
7eprA,4yrbC,105
7epsA,4yrbC,105
7jidA,4yrbC,105
7us5A,4yrbC,105
7v0hA,4yrbC,105
8ctrA,4yrbC,105
8femA,4yrbC,105
8fewA,4yrbC,105
8fipA,4yrbC,105
8gjbA,4yrbC,105
8jfmA,4yrbC,105
8v1xA,4yrbC,105
8v4gA,4yrbC,105
8y46A,4yrbC,105
9d7jA,4yrbC,105
4yrdA,4yrdA,1
4ys4A,4ys4A,1
4ysxD,4ysxD,1
4yu6A,4yu6A,1
4ywqA,4ywqA,1
4ywtA,4ywtA,2
6xtzA,4ywtA,2
4z0oA,4z0oA,4
5sviA,4z0oA,4
5svyA,4z0oA,4
5yvxA,4z0oA,4
4z13A,4z13A,3
6elsA,4z13A,3
6hqiA,4z13A,3
4z2bA,4z2bA,1
4cw5A,4z38A,4
4yx6A,4z38A,4
4z38A,4z38A,4
6lkcA,4z38A,4
4z3gA,4z3gA,1
4z3xE,4z3xE,1
4z8iA,4z8iA,1
4cc9B,4z8lB,2
4z8lB,4z8lB,2
4z8nB,4z8nB,1
4z8wA,4z8wA,1
3vp5A,4za6A,3
4za6A,4za6A,3
5aqcA,4za6A,3
4zbpC,4zbpC,1
4zbqA,4zbqA,7
5oklB,4zbqA,7
6hn1A,4zbqA,7
6rq7B,4zbqA,7
8bsgA,4zbqA,7
8x1nA,4zbqA,7
9ik6A,4zbqA,7
4zcfC,4zcfC,1
4zckA,4zckA,1
1s1mA,4zdjA,9
1vcoA,4zdjA,9
4zdjA,4zdjA,9
7dptA,4zdjA,9
7miiA,4zdjA,9
7mipC,4zdjA,9
7miuC,4zdjA,9
7rkhA,4zdjA,9
7rmcD,4zdjA,9
4zelA,4zelA,1
1xffA,4zflA,2
4zflA,4zflA,2
4zfqA,4zfqA,2
7f71A,4zfqA,2
4zfvA,4zfvA,1
4zgfA,4zgfA,1
4zgnA,4zgnA,3
4zgpA,4zgnA,3
8phvA,4zgnA,3
4ontD,4zh1F,2
4zh1F,4zh1F,2
4zlhA,4zlhA,1
4zm1C,4zm1C,1
4zm6A,4zm6A,1
4zmiA,4zmiA,1
2a4eA,4zmtF,39
3k5sA,4zmtF,39
3mvsA,4zmtF,39
3ppeA,4zmtF,39
3qrbA,4zmtF,39
4apxB,4zmtF,39
4nqqA,4zmtF,39
4nuqA,4zmtF,39
4zmtF,4zmtF,39
4zmxA,4zmtF,39
5co1A,4zmtF,39
5czrA,4zmtF,39
5tflA,4zmtF,39
5tpkA,4zmtF,39
5vh2A,4zmtF,39
5vt8A,4zmtF,39
5wj8A,4zmtF,39
5wjmA,4zmtF,39
6bwnA,4zmtF,39
6cg6A,4zmtF,39
6cg7A,4zmtF,39
6cgbA,4zmtF,39
6cgsA,4zmtF,39
6cguA,4zmtF,39
6eb5A,4zmtF,39
6oaeA,4zmtF,39
6pimA,4zmtF,39
6vfvA,4zmtF,39
6ztbI,4zmtF,39
7ev1A,4zmtF,39
7n4pA,4zmtF,39
7skhA,4zmtF,39
7suuA,4zmtF,39
7t3sA,4zmtF,39
7t80A,4zmtF,39
8e51B,4zmtF,39
8e51C,4zmtF,39
8h62B,4zmtF,39
8umzA,4zmtF,39
4zn3A,4zn3A,1
4znoA,4znoA,1
1ffvC,4zohB,11
1n62C,4zohB,11
1rm6B,4zohB,11
1t3qC,4zohB,11
3hrdC,4zohB,11
3nvwB,4zohB,11
4zohB,4zohB,11
5g5gB,4zohB,11
5y6qB,4zohB,11
7dqxB,4zohB,11
8uemB,4zohB,11
4zphA,4zphA,1
4zr1A,4zr1A,1
1xlrA,4zsiA,4
2fa1B,4zsiA,4
3ddvB,4zsiA,4
4zsiA,4zsiA,4
4zxaW,4zxaW,2
5m26B,4zxaW,2
4zxqA,4zxqA,1
4zyaA,4zyaA,1
4ymkA,4zyoA,2
4zyoA,4zyoA,2
5a3dA,5a3dA,3
6j44A,5a3dA,3
6laeA,5a3dA,3
5a4gA,5a4gA,1
5a61A,5a61A,1
5a7yA,5a7yA,1
5aa6A,5aa6A,2
8vgxA,5aa6A,2
5aaqA,5aaqA,1
5absA,5absA,1
2wn9A,5afnA,10
3u8nN,5afnA,10
4afhA,5afnA,10
4uxuA,5afnA,10
4zjsB,5afnA,10
5afnA,5afnA,10
5fjvA,5afnA,10
7ndvA,5afnA,10
8blaA,5afnA,10
8ci1A,5afnA,10
5agiA,5agiA,2
5folA,5agiA,2
5aieA,5aieA,1
5aj3p,5aj3p,3
7pnuO,5aj3p,3
8cssO,5aj3p,3
5apgA,5apgA,1
5apwB,5apwB,1
5ax7B,5ax7B,1
3vmpA,5axhA,5
3wnoA,5axhA,5
5axhA,5axhA,5
5x7gA,5axhA,5
8iubA,5axhA,5
3otbA,5axmA,5
3wbzA,5axmA,5
4kgmA,5axmA,5
5axmA,5axmA,5
5xoxA,5axmA,5
5aykA,5aykA,1
5ayrB,5ayrB,1
5azaA,5azaA,1
5azbA,5azbA,1
1f3zA,5b0hA,13
2b0pA,5b0hA,13
3it5A,5b0hA,13
4qp5A,5b0hA,13
5b0hA,5b0hA,13
5gt1A,5b0hA,13
5j1lC,5b0hA,13
5kqbA,5b0hA,13
5kvpA,5b0hA,13
6ik4A,5b0hA,13
6smkA,5b0hA,13
8af1A,5b0hA,13
9gy1A,5b0hA,13
5b3hC,5b3hC,1
3mcrA,5b3pA,2
5b3pA,5b3pA,2
5b46B,5b48B,6
5b48B,5b48B,6
5exeC,5b48B,6
6n2nB,5b48B,6
8ys5C,5b48B,6
9bt4C,5b48B,6
3p5bL,5b4xB,4
5b4xB,5b4xB,4
8jxdA,5b4xB,4
8jxjA,5b4xB,4
5b4yB,5b4yB,1
5b57A,5b57A,2
7kypB,5b57A,2
5b5eF,5b5eF,1
5b66X,5b66X,1
5b66j,5b66j,1
5b66x,5b66x,1
5b66z,5b66z,10
5xnlz,5b66z,10
7n8oz,5b66z,10
7pi5z,5b66z,10
7s5cA,5b66z,10
7vd5z,5b66z,10
8iwhZ,5b66z,10
8wb4Z,5b66z,10
8xlpZ,5b66z,10
9is4z,5b66z,10
5b7xA,5b7xA,1
5b82A,5b82A,1
2i50A,5b8dA,9
2idaA,5b8dA,9
2l80A,5b8dA,9
2uzgA,5b8dA,9
3phdC,5b8dA,9
5b8dA,5b8dA,9
5g0fA,5b8dA,9
6kczA,5b8dA,9
7ms7A,5b8dA,9
5bmhA,5bmhA,4
5ofsA,5bmhA,4
6nl6B,5bmhA,4
6nlaA,5bmhA,4
1isiA,5bniB,5
3f6yA,5bniB,5
3i9lA,5bniB,5
3kouA,5bniB,5
5bniB,5bniB,5
5boaA,5boaA,1
5bp4I,5bp4I,1
5bp4L,5bp4L,1
5bqtD,5bqtD,1
5btxA,5btxA,1
4zkpA,5bu5A,2
5bu5A,5bu5A,2
3k6bA,5buoA,4
3qmkA,5buoA,4
5buoA,5buoA,4
8tyvA,5buoA,4
4q57B,5bvrA,3
5bvrA,5bvrA,3
5nl7A,5bvrA,3
5c0qA,5c0qA,1
5c17A,5c17A,2
5u7aA,5c17A,2
5c1tA,5c1tA,1
4zynA,5c1zA,2
5c1zA,5c1zA,2
5c22B,5c22B,1
5c2kA,5c2kA,1
5c2vA,5c2vA,1
1iqcA,5c2vC,11
1nmlA,5c2vC,11
1zzhA,5c2vC,11
2c1vA,5c2vC,11
2vhdA,5c2vC,11
3hq9A,5c2vC,11
3o5cA,5c2vC,11
4aanA,5c2vC,11
5c2vC,5c2vC,11
6e1cA,5c2vC,11
7zs8A,5c2vC,11
5c39A,5c39A,1
1c3qA,5c40A,76
1jxiA,5c40A,76
1lhrA,5c40A,76
1rkdA,5c40A,76
1td2A,5c40A,76
1tz6A,5c40A,76
1v1aA,5c40A,76
2afbA,5c40A,76
2ajrA,5c40A,76
2c49A,5c40A,76
2dcnA,5c40A,76
2ddoA,5c40A,76
2f02A,5c40A,76
2i5bA,5c40A,76
2jg1A,5c40A,76
2varA,5c40A,76
3b1nA,5c40A,76
3dzvA,5c40A,76
3go6A,5c40A,76
3hyoA,5c40A,76
3ie7A,5c40A,76
3ih0A,5c40A,76
3ikhA,5c40A,76
3in1A,5c40A,76
3iq0A,5c40A,76
3kd6A,5c40A,76
3ktnA,5c40A,76
3kzhA,5c40A,76
3looA,5c40A,76
3mbhA,5c40A,76
3otxA,5c40A,76
3rpzA,5c40A,76
3uboA,5c40A,76
3umoA,5c40A,76
3vasA,5c40A,76
3zs7A,5c40A,76
4c5kA,5c40A,76
4e84A,5c40A,76
4eumA,5c40A,76
4k8kA,5c40A,76
4o1gA,5c40A,76
4s1hA,5c40A,76
4wjmA,5c40A,76
4xdaA,5c40A,76
4xf7A,5c40A,76
4ywrA,5c40A,76
5c40A,5c40A,76
5cgeA,5c40A,76
5eynA,5c40A,76
5kb6A,5c40A,76
5ysqA,5c40A,76
5zwbA,5c40A,76
6a8aA,5c40A,76
6efxA,5c40A,76
6ilsA,5c40A,76
6k28A,5c40A,76
6k92A,5c40A,76
6p2dA,5c40A,76
6su9A,5c40A,76
6vwoA,5c40A,76
6wb4A,5c40A,76
6wb7A,5c40A,76
6xk2A,5c40A,76
6yk1A,5c40A,76
7ag6A,5c40A,76
7c1yA,5c40A,76
7l07A,5c40A,76
7r8yA,5c40A,76
7vskA,5c40A,76
7vtgA,5c40A,76
8cqxA,5c40A,76
8rgjA,5c40A,76
8rpaA,5c40A,76
8wr2A,5c40A,76
9fhdA,5c40A,76
9fw6A,5c40A,76
1ttvA,5c5aA,6
4lwuA,5c5aA,6
5c5aA,5c5aA,6
6q9lA,5c5aA,6
6q9yA,5c5aA,6
7c3yA,5c5aA,6
2qh0A,5c6xA,5
3oa4A,5c6xA,5
3rmuA,5c6xA,5
5c6xA,5c6xA,5
6wfiA,5c6xA,5
5c8fA,5c8fA,1
5c92A,5c92A,1
5ca8A,5ca8A,1
4i1fA,5cawA,6
4k7dA,5cawA,6
5cawA,5cawA,6
6djwA,5cawA,6
6glcA,5cawA,6
8ik6A,5cawA,6
5ccgE,5ccgE,1
5cd6A,5cd6A,1
5ce3B,5ce3B,1
1w5dA,5cedA,5
1w79A,5cedA,5
2ex6A,5cedA,5
3a3iA,5cedA,5
5cedA,5cedA,5
5cg9A,5cg9A,1
1q74A,5cgzA,9
2ixdA,5cgzA,9
3dfiA,5cgzA,9
3we7A,5cgzA,9
3wl4A,5cgzA,9
5cgzA,5cgzA,9
6iiyA,5cgzA,9
6ullA,5cgzA,9
8bgpA,5cgzA,9
5ci9A,5ci9A,1
3cwwA,5cioA,2
5cioA,5cioA,2
5cjpE,5cjpE,2
8bosG,5cjpE,2
1f6bA,5ck3D,13
1m2oB,5ck3D,13
3t1oA,5ck3D,13
4m9qA,5ck3D,13
4v0kB,5ck3D,13
5ck3B,5ck3D,13
5ck3D,5ck3D,13
6h17A,5ck3D,13
7rllA,5ck3D,13
8dzmA,5ck3D,13
8e0aA,5ck3D,13
8oukA,5ck3D,13
8ounA,5ck3D,13
1am4D,5ck3F,172
1d5cA,5ck3F,172
1ek0A,5ck3F,172
1g16A,5ck3F,172
1kaoA,5ck3F,172
1ky3A,5ck3F,172
1m7bA,5ck3F,172
1mh1A,5ck3F,172
1pljA,5ck3F,172
1plkA,5ck3F,172
1r2qA,5ck3F,172
1ryfA,5ck3F,172
1sviA,5ck3F,172
1tu3D,5ck3F,172
1u8yA,5ck3F,172
1vg8A,5ck3F,172
1wmsA,5ck3F,172
1x3sA,5ck3F,172
1yznA,5ck3F,172
1z06A,5ck3F,172
1z08A,5ck3F,172
1z0fA,5ck3F,172
1z0jA,5ck3F,172
2a5jA,5ck3F,172
2al7A,5ck3F,172
2ateA,5ck3F,172
2atvA,5ck3F,172
2atxA,5ck3F,172
2bcgY,5ck3F,172
2bmeA,5ck3F,172
2c2hA,5ck3F,172
2ce2X,5ck3F,172
2cjwA,5ck3F,172
2cxxA,5ck3F,172
2dykA,5ck3F,172
2e9sB,5ck3F,172
2efeB,5ck3F,172
2erxA,5ck3F,172
2ew1A,5ck3F,172
2f7sA,5ck3F,172
2f9lA,5ck3F,172
2fg5A,5ck3F,172
2fn4A,5ck3F,172
2folA,5ck3F,172
2g6bA,5ck3F,172
2gf0A,5ck3F,172
2gf9A,5ck3F,172
2gj8A,5ck3F,172
2h57A,5ck3F,172
2heiA,5ck3F,172
2hupA,5ck3F,172
2hxsA,5ck3F,172
2il1A,5ck3F,172
2j0vA,5ck3F,172
2j0vC,5ck3F,172
2j1lA,5ck3F,172
2lkdA,5ck3F,172
2ngrA,5ck3F,172
2ntyC,5ck3F,172
2nzjA,5ck3F,172
2o52A,5ck3F,172
2ocbA,5ck3F,172
2p5sA,5ck3F,172
2q3hA,5ck3F,172
2rhdA,5ck3F,172
2w2vA,5ck3F,172
2wjiA,5ck3F,172
2x1vA,5ck3F,172
2y8eA,5ck3F,172
2yc4C,5ck3F,172
3a58B,5ck3F,172
3bc1A,5ck3F,172
3bfkA,5ck3F,172
3bwdD,5ck3F,172
3c5cA,5ck3F,172
3cbqA,5ck3F,172
3clvA,5ck3F,172
3cpjB,5ck3F,172
3dz8A,5ck3F,172
3gj0A,5ck3F,172
3gj0B,5ck3F,172
3kkqA,5ck3F,172
3lluA,5ck3F,172
3m1iA,5ck3F,172
3oesA,5ck3F,172
3pqcA,5ck3F,172
3q3jB,5ck3F,172
3q72A,5ck3F,172
3q85A,5ck3F,172
3rabA,5ck3F,172
3regA,5ck3F,172
3rggA,5ck3F,172
3rwoA,5ck3F,172
3tsoA,5ck3F,172
3w5jA,5ck3F,172
3wygA,5ck3F,172
3x1xA,5ck3F,172
4djtA,5ck3F,172
4dkxA,5ck3F,172
4fmdF,5ck3F,172
4klzA,5ck3F,172
4ku4A,5ck3F,172
4lhvB,5ck3F,172
4lhwA,5ck3F,172
4lwzA,5ck3F,172
4lyhB,5ck3F,172
4mitA,5ck3F,172
4q66C,5ck3F,172
4q66L,5ck3F,172
4rkfA,5ck3F,172
4u5xA,5ck3F,172
4v0kA,5ck3F,172
4z7jA,5ck3F,172
5ck3F,5ck3F,172
5g53C,5ck3F,172
5jczI,5ck3F,172
5kspA,5ck3F,172
5ksyA,5ck3F,172
5kutA,5ck3F,172
5o74D,5ck3F,172
5ub8A,5ck3F,172
5ucvA,5ck3F,172
5vcuA,5ck3F,172
5vq2A,5ck3F,172
5wdrA,5ck3F,172
5x4bA,5ck3F,172
5xc5A,5ck3F,172
5xr6A,5ck3F,172
5zvpA,5ck3F,172
6bsxA,5ck3F,172
6d71A,5ck3F,172
6e6hA,5ck3F,172
6ff8A,5ck3F,172
6hduA,5ck3F,172
6hh2A,5ck3F,172
6hufA,5ck3F,172
6hxuA,5ck3F,172
6ia7A,5ck3F,172
6ianE,5ck3F,172
6if3B,5ck3F,172
6o62A,5ck3F,172
6p0iB,5ck3F,172
6s5fA,5ck3F,172
6v6uA,5ck3F,172
6vikB,5ck3F,172
6y7gA,5ck3F,172
6zrnA,5ck3F,172
7btaB,5ck3F,172
7eq2A,5ck3F,172
7ezbA,5ck3F,172
7kdcA,5ck3F,172
7q3eD,5ck3F,172
7szsA,5ck3F,172
7xqvA,5ck3F,172
7y4aA,5ck3F,172
8dzoA,5ck3F,172
8ecrB,5ck3F,172
8etdA,5ck3F,172
8fn0B,5ck3F,172
8gg0A,5ck3F,172
8jquA,5ck3F,172
8jr9A,5ck3F,172
8onvA,5ck3F,172
8p3iA,5ck3F,172
8qw7E,5ck3F,172
8t72C,5ck3F,172
8xqlA,5ck3F,172
8xtuA,5ck3F,172
8yl3A,5ck3F,172
9b4qA,5ck3F,172
9g0cB,5ck3F,172
9qu1C,5ck3F,172
1sw1A,5cm6A,63
2hzlA,5cm6A,63
2pfyA,5cm6A,63
2pfzA,5cm6A,63
2vpnA,5cm6A,63
2xwvA,5cm6A,63
2zzvA,5cm6A,63
3fxbA,5cm6A,63
3ppqA,5cm6A,63
4magA,5cm6A,63
4mijA,5cm6A,63
4mmpA,5cm6A,63
4mncA,5cm6A,63
4mnpA,5cm6A,63
4n17A,5cm6A,63
4n6dA,5cm6A,63
4n6kA,5cm6A,63
4n8gA,5cm6A,63
4n8yA,5cm6A,63
4n91A,5cm6A,63
4nguA,5cm6A,63
4nhbA,5cm6A,63
4nq8A,5cm6A,63
4nx1A,5cm6A,63
4o8mA,5cm6A,63
4oanA,5cm6A,63
4ovqA,5cm6A,63
4ovrA,5cm6A,63
4ovtA,5cm6A,63
4p1lA,5cm6A,63
4p56A,5cm6A,63
4p8bA,5cm6A,63
4paiA,5cm6A,63
4pakA,5cm6A,63
4pbqA,5cm6A,63
4pc9A,5cm6A,63
4pddA,5cm6A,63
4pdhA,5cm6A,63
4pe3A,5cm6A,63
4petA,5cm6A,63
4pf8A,5cm6A,63
4pfbA,5cm6A,63
4pgnA,5cm6A,63
4uabA,5cm6A,63
4x04A,5cm6A,63
4x8rA,5cm6A,63
4xeqA,5cm6A,63
4xfeA,5cm6A,63
4yzzA,5cm6A,63
5cm6A,5cm6A,63
5i7iA,5cm6A,63
6eylA,5cm6A,63
6v1rA,5cm6A,63
6wgmA,5cm6A,63
7bbrA,5cm6A,63
7nteA,5cm6A,63
7t3eA,5cm6A,63
7txkA,5cm6A,63
7ug8A,5cm6A,63
8dp7A,5cm6A,63
8te9A,5cm6A,63
9dwpA,5cm6A,63
9dy3A,5cm6A,63
5cocA,5cocA,3
5i2lA,5cocA,3
7ygwA,5cocA,3
5cp9B,5cp9B,1
2x1iA,5cpsA,5
5cpsA,5cpsA,5
5jiwA,5cpsA,5
6lx1A,5cpsA,5
6m6tA,5cpsA,5
5cumA,5cumA,1
5cuoA,5cuoA,1
5c5vA,5cuvA,3
5cuvA,5cuvA,3
5cuyA,5cuvA,3
4eqpA,5cv5B,3
4kd4A,5cv5B,3
5cv5B,5cv5B,3
2ml1A,5cvwA,4
2ml2A,5cvwA,4
2ml3A,5cvwA,4
5cvwA,5cvwA,4
5cw4A,5cw4A,2
8pvyA,5cw4A,2
2znrA,5cw6A,13
3rzvA,5cw6A,13
4f7oA,5cw6A,13
4jxeA,5cw6A,13
4ocmB,5cw6A,13
5cw6A,5cw6A,13
5johA,5cw6A,13
5ld9A,5cw6A,13
5w83B,5cw6A,13
6fjuA,5cw6A,13
6fnnA,5cw6A,13
8tyxB,5cw6A,13
9ildA,5cw6A,13
5cwfA,5cwfA,3
6n4nC,5cwfA,3
7unjA,5cwfA,3
5cybA,5cybA,1
5cyzC,5cyzC,1
5cz2F,5cz2F,1
1e0eA,5cz2G,4
5cz2G,5cz2G,4
5cz2K,5cz2G,4
6rwmE,5cz2G,4
5czyA,5czyA,1
5d0nA,5d0nA,1
5d1mB,5d1mB,1
1fgyA,5d3xA,7
1nu2A,5d3xA,7
1u29A,5d3xA,7
1w1gA,5d3xA,7
4kaxB,5d3xA,7
5d3xA,5d3xA,7
6o5oB,5d3xA,7
5d4vA,5d4vA,2
5o4jA,5d4vA,2
4yj1A,5d6aA,2
5d6aA,5d6aA,2
5d08A,5d6sA,2
5d6sA,5d6sA,2
5d76A,5d76A,1
5d8hC,5d8hC,1
5d9iB,5d9iB,1
5da0A,5da0A,10
5i6cA,5da0A,10
5xlsA,5da0A,10
7uz3C,5da0A,10
8gv8A,5da0A,10
8irmA,5da0A,10
8jewA,5da0A,10
8t3uA,5da0A,10
8y85A,5da0A,10
9j15A,5da0A,10
5deuA,5deuA,1
1a78A,5dg2B,40
1c1lA,5dg2B,40
1is3A,5dg2B,40
1sltA,5dg2B,40
2d6mA,5dg2B,40
2wkkA,5dg2B,40
2ymzB,5dg2B,40
2zgmA,5dg2B,40
2zhnA,5dg2B,40
3ajyA,5dg2B,40
3ajzA,5dg2B,40
3i8tA,5dg2B,40
3nv3A,5dg2B,40
3vv1A,5dg2B,40
3wg3A,5dg2B,40
3wucA,5dg2B,40
3wudA,5dg2B,40
3zsjA,5dg2B,40
4b1mA,5dg2B,40
4kg0A,5dg2B,40
4no4A,5dg2B,40
4q27A,5dg2B,40
4qt6A,5dg2B,40
4uw3A,5dg2B,40
4wvvA,5dg2B,40
4xzpA,5dg2B,40
5cblA,5dg2B,40
5dg2B,5dg2B,40
5jpgA,5dg2B,40
5nldB,5dg2B,40
6a63A,5dg2B,40
6e20A,5dg2B,40
6k2zA,5dg2B,40
6ljqA,5dg2B,40
6n3rB,5dg2B,40
6qrnA,5dg2B,40
7cxcA,5dg2B,40
7cyaA,5dg2B,40
7xxvA,5dg2B,40
9fyjA,5dg2B,40
5dgkA,5dgkA,1
5diiA,5diiA,1
5disC,5disC,1
5dj4A,5dj4A,1
5dk3B,5dk3B,1
1zbuB,5dk5A,2
5dk5A,5dk5A,2
5dmhA,5dmhA,1
5dn8A,5dn8A,2
6xrsA,5dn8A,2
2ae8A,5dnlA,7
5dnlA,5dnlA,7
5ekwA,5dnlA,7
6ezmA,5dnlA,7
6fwhA,5dnlA,7
6yjhA,5dnlA,7
8qawA,5dnlA,7
5dokA,5dokA,1
5dnkA,5dooA,2
5dooA,5dooA,2
1aihC,5dorB,2
5dorB,5dorB,2
3godA,5dqzB,3
5dqzB,5dqzB,3
6opmA,5dqzB,3
1cg2A,5ds0A,50
1fnoA,5ds0A,50
1lfwA,5ds0A,50
1vheA,5ds0A,50
1y0yA,5ds0A,50
1yloA,5ds0A,50
2f7vA,5ds0A,50
2pokA,5ds0A,50
2qyvA,5ds0A,50
2v8hA,5ds0A,50
2wyrA,5ds0A,50
2wznA,5ds0A,50
2zogA,5ds0A,50
3cpxA,5ds0A,50
3dljA,5ds0A,50
3ifeA,5ds0A,50
3ki9A,5ds0A,50
3kl9A,5ds0A,50
3mruA,5ds0A,50
3n5fA,5ds0A,50
3pfeA,5ds0A,50
3pfoA,5ds0A,50
3ramA,5ds0A,50
3rzaA,5ds0A,50
4ewtA,5ds0A,50
4g1pA,5ds0A,50
4mmoA,5ds0A,50
4pxdA,5ds0A,50
4pxeA,5ds0A,50
4ruhA,5ds0A,50
4wjbA,5ds0A,50
5ds0A,5ds0A,50
5i4mA,5ds0A,50
5k8pA,5ds0A,50
5tp4A,5ds0A,50
5uejA,5ds0A,50
5vo3A,5ds0A,50
5xoyA,5ds0A,50
6c0dA,5ds0A,50
6nw5A,5ds0A,50
6slfA,5ds0A,50
7lgpA,5ds0A,50
7ljhA,5ds0A,50
7m6uA,5ds0A,50
7yh4A,5ds0A,50
8apzA,5ds0A,50
8c46A,5ds0A,50
8f8oA,5ds0A,50
8uw6A,5ds0A,50
8vktA,5ds0A,50
4ljyA,5dtuA,2
5dtuA,5dtuA,2
5dzcA,5dzcA,1
1ojzA,5dzqA,7
2c8hA,5dzqA,7
2gwlA,5dzqA,7
4fk7A,5dzqA,7
4xshB,5dzqA,7
4yc0A,5dzqA,7
5dzqA,5dzqA,7
5e0yA,5e0yA,1
3cskA,5e33A,3
5e33A,5e33A,3
5yfdA,5e33A,3
5e37A,5e37A,1
5e4lA,5e4lB,3
5e4lB,5e4lB,3
5xtsA,5e4lB,3
1qmgA,5e4rA,4
3fr7A,5e4rA,4
3ulkA,5e4rA,4
5e4rA,5e4rA,4
5e4xA,5e4xA,1
3ldgA,5e72A,5
3lduA,5e72A,5
3tm4A,5e72A,5
5e72A,5e72A,5
6zxvA,5e72A,5
5e7gA,5e7gA,1
5e7pA,5e7pA,1
5d5vB,5e8gA,3
5d5vD,5e8gA,3
5e8gA,5e8gA,3
5e9oB,5e9oB,2
5lu3A,5e9oB,2
5eb3A,5eb3A,1
5ed4A,5ed4A,1
5edmA,5edmA,1
5eduA,5eduA,1
5edvA,5edvA,1
4k5yA,5ee7A,4
5ee7A,5ee7A,4
5vewA,5ee7A,4
6ln2A,5ee7A,4
2dbyA,5ee9A,4
2ohfA,5ee9A,4
5ee9A,5ee9A,4
7y9iA,5ee9A,4
5efvA,5efvA,1
5ehrA,5ehrB,3
5ehrB,5ehrB,3
8wx7A,5ehrB,3
3vpbE,5eioC,4
3wwlA,5eioC,4
5eioC,5eioC,4
5k2mE,5eioC,4
5ejqA,5ejqA,1
4dxwA,5ek0A,10
5ek0A,5ek0A,10
5klbA,5ek0A,10
6c1mA,5ek0A,10
6n4iA,5ek0A,10
7eebA,5ek0A,10
8j7fA,5ek0A,10
8j7mA,5ek0A,10
8s6jA,5ek0A,10
8u3aA,5ek0A,10
1ik3A,5ek8A,19
1loxA,5ek8A,19
2iujA,5ek8A,19
2iukA,5ek8A,19
3fg1A,5ek8A,19
3vf1A,5ek8A,19
4wfoA,5ek8A,19
5ek8A,5ek8A,19
5fnoA,5ek8A,19
5fx8A,5ek8A,19
5ir4A,5ek8A,19
5medA,5ek8A,19
6ns2A,5ek8A,19
6ns4A,5ek8A,19
7ttkA,5ek8A,19
8i6yA,5ek8A,19
8qdqA,5ek8A,19
8qdrA,5ek8A,19
8viyA,5ek8A,19
5elhA,5elhA,1
5elkA,5elkA,1
5enqC,5enqC,1
1lo7A,5eo2A,49
1q4tA,5eo2A,49
1vpmA,5eo2A,49
1wlvA,5eo2A,49
1y7uA,5eo2A,49
1yliA,5eo2A,49
2cyeA,5eo2A,49
2eisA,5eo2A,49
2f3xA,5eo2A,49
2gf6A,5eo2A,49
2oiwA,5eo2A,49
2q78A,5eo2A,49
2v1oA,5eo2A,49
2w3xA,5eo2A,49
2xemB,5eo2A,49
3azbC,5eo2A,49
3dp1A,5eo2A,49
3f1tA,5eo2A,49
3f5oA,5eo2A,49
3kviA,5eo2A,49
3lbeA,5eo2A,49
3nwzB,5eo2A,49
4a0zB,5eo2A,49
4gahA,5eo2A,49
4gahB,5eo2A,49
4i45A,5eo2A,49
4ienA,5eo2A,49
4k49A,5eo2A,49
4k4cA,5eo2A,49
4kehA,5eo2A,49
4m20A,5eo2A,49
4mtuA,5eo2A,49
4qd8C,5eo2A,49
4rltA,5eo2A,49
4zrbA,5eo2A,49
5byuA,5eo2A,49
5eglA,5eo2A,49
5eo2A,5eo2A,49
5eo2B,5eo2A,49
5eo2D,5eo2A,49
5f6rA,5eo2A,49
5hmcA,5eo2A,49
5t07A,5eo2A,49
5wsyA,5eo2A,49
6n3pA,5eo2A,49
7cz3A,5eo2A,49
7qv0A,5eo2A,49
8b72A,5eo2A,49
9ccrA,5eo2A,49
4jlxA,5eomA,12
4mkpA,5eomA,12
4oagA,5eomA,12
5eomA,5eomA,12
5eomJ,5eomA,12
6lrlB,5eomA,12
7lt2A,5eomA,12
8imgA,5eomA,12
8shkC,5eomA,12
9j2wA,5eomA,12
9j2xB,5eomA,12
9mdcA,5eomA,12
5ereA,5ereA,1
5ccbA,5ergB,2
5ergB,5ergB,2
5et3A,5et3A,3
6i1jA,5et3A,3
7ki0P,5et3A,3
1ab8A,5euhC,24
1azsA,5euhC,24
1wc3A,5euhC,24
1ybuA,5euhC,24
3i5cA,5euhC,24
3ignA,5euhC,24
3qyyA,5euhC,24
3tvkA,5euhC,24
4urgA,5euhC,24
4wp9A,5euhC,24
4wxwA,5euhC,24
4zmmA,5euhC,24
4zvfA,5euhC,24
5euhA,5euhC,24
5euhC,5euhC,24
5o5lA,5euhC,24
6aobB,5euhC,24
6khuA,5euhC,24
6sirA,5euhC,24
6ttrA,5euhC,24
6ttsA,5euhC,24
7a7eA,5euhC,24
7yz9A,5euhC,24
9bcvA,5euhC,24
2qb0B,5ewxA,3
5ewxA,5ewxA,3
6zx9C,5ewxA,3
5ex2A,5ex2A,1
5excE,5excE,1
5exeB,5exeB,1
5ey0A,5ey0A,3
5loeA,5ey0A,3
8c7uA,5ey0A,3
5ez1A,5ez1A,1
3wajA,5ezmA,9
5ezmA,5ezmA,9
5oglA,5ezmA,9
6s7oA,5ezmA,9
6s7tA,5ezmA,9
7zliA,5ezmA,9
8ageA,5ezmA,9
8if8B,5ezmA,9
9dlfC,5ezmA,9
5ezsA,5ezsA,1
5f0eB,5f0eB,2
8d43B,5f0eB,2
4xttA,5f29A,3
5f29A,5f29A,3
7b5uA,5f29A,3
5f2tA,5f2tA,1
5f2vO,5f2vO,2
6ewzA,5f2vO,2
5f33A,5f33A,2
5ktnA,5f33A,2
2vatA,5f4zA,7
3g0iA,5f4zA,7
5f4zA,5f4zA,7
5w8oA,5f4zA,7
6ioiA,5f4zA,7
6puxA,5f4zA,7
7dblA,5f4zA,7
3rglA,5f5wA,3
5f5wA,5f5wA,3
7eivA,5f5wA,3
4zh7A,5f7nA,2
5f7nA,5f7nA,2
1eljA,5f7vA,119
1eu8A,5f7vA,119
1mg1A,5f7vA,119
1ursA,5f7vA,119
1ytvA,5f7vA,119
2b3fA,5f7vA,119
2gh9A,5f7vA,119
2qryA,5f7vA,119
2uvjA,5f7vA,119
2vgqA,5f7vA,119
2w7yA,5f7vA,119
2xd3A,5f7vA,119
2xz3A,5f7vA,119
2z8fA,5f7vA,119
2zyoA,5f7vA,119
3csbA,5f7vA,119
3h3gA,5f7vA,119
3jzjA,5f7vA,119
3n93A,5f7vA,119
3n94A,5f7vA,119
3ob4A,5f7vA,119
3oo6A,5f7vA,119
3pgfA,5f7vA,119
3py7A,5f7vA,119
3q25A,5f7vA,119
3q26A,5f7vA,119
3q27A,5f7vA,119
3sewA,5f7vA,119
3ttmA,5f7vA,119
3vd8A,5f7vA,119
3vxcA,5f7vA,119
3woaA,5f7vA,119
4aq4A,5f7vA,119
4c1uA,5f7vA,119
4eqbA,5f7vA,119
4euoA,5f7vA,119
4exkA,5f7vA,119
4g68A,5f7vA,119
4hcyA,5f7vA,119
4hw8A,5f7vA,119
4irlA,5f7vA,119
4kysA,5f7vA,119
4qscA,5f7vA,119
4r2bA,5f7vA,119
4r2fA,5f7vA,119
4r75A,5f7vA,119
4r9fA,5f7vA,119
4rk9A,5f7vA,119
4ryaA,5f7vA,119
4thiA,5f7vA,119
4ua8A,5f7vA,119
4zs9A,5f7vA,119
5c7rA,5f7vA,119
5cfvA,5f7vA,119
5ci5A,5f7vA,119
5dviA,5f7vA,119
5e24A,5f7vA,119
5f7vA,5f7vA,119
5gpqA,5f7vA,119
5iaiA,5f7vA,119
5l9gA,5f7vA,119
5mk9A,5f7vA,119
5mltA,5f7vA,119
5mm3A,5f7vA,119
5mm3B,5f7vA,119
5tu0A,5f7vA,119
5yseA,5f7vA,119
5z0rA,5f7vA,119
5z6bA,5f7vA,119
6dtqA,5f7vA,119
6dtsA,5f7vA,119
6dtuA,5f7vA,119
6fflA,5f7vA,119
6fuvA,5f7vA,119
6h0hA,5f7vA,119
6hhbA,5f7vA,119
6hlyA,5f7vA,119
6hurA,5f7vA,119
6i5rA,5f7vA,119
6j9yA,5f7vA,119
6k7fA,5f7vA,119
6lceA,5f7vA,119
6pfoA,5f7vA,119
6prgA,5f7vA,119
6r1bA,5f7vA,119
6rkjA,5f7vA,119
6wbjA,5f7vA,119
6wceA,5f7vA,119
7apeA,5f7vA,119
7bvtA,5f7vA,119
7c0yA,5f7vA,119
7c63A,5f7vA,119
7cafE,5f7vA,119
7ehpA,5f7vA,119
7ehuA,5f7vA,119
7kd4A,5f7vA,119
7mk7A,5f7vA,119
7oywA,5f7vA,119
7rxcB,5f7vA,119
7v09A,5f7vA,119
7vfqA,5f7vA,119
7vn3A,5f7vA,119
7x0nA,5f7vA,119
7xjnA,5f7vA,119
7yzuA,5f7vA,119
8artA,5f7vA,119
8bfyA,5f7vA,119
8g8wB,5f7vA,119
8j2pA,5f7vA,119
8ja8A,5f7vA,119
8jv2A,5f7vA,119
8jxrC,5f7vA,119
8kd0A,5f7vA,119
8tlxA,5f7vA,119
8x1aB,5f7vA,119
8xbcA,5f7vA,119
9h0nA,5f7vA,119
9qbjI,5f7vA,119
9qbjJ,5f7vA,119
1b76A,5f9zA,29
1evlA,5f9zA,29
1hc7A,5f9zA,29
1nj1A,5f9zA,29
2i4oA,5f9zA,29
2j3lA,5f9zA,29
2zt5A,5f9zA,29
3a32A,5f9zA,29
3ialA,5f9zA,29
3uh0A,5f9zA,29
4hwtA,5f9zA,29
4qeiA,5f9zA,29
4wi1A,5f9zA,29
5e6mA,5f9zA,29
5f9zA,5f9zA,29
5xilA,5f9zA,29
5xipA,5f9zA,29
5znjA,5f9zA,29
5zy9C,5f9zA,29
6mn8A,5f9zA,29
6t7kA,5f9zA,29
6uyhA,5f9zA,29
7f9tA,5f9zA,29
7l3oA,5f9zA,29
7x09A,5f9zA,29
8je7A,5f9zA,29
8slgA,5f9zA,29
8t5nA,5f9zA,29
8w8jA,5f9zA,29
5fbsA,5fbsA,2
5fbtA,5fbsA,2
4xb4A,5fcxA,5
5fcxA,5fcxA,5
6mcjA,5fcxA,5
8qx5A,5fcxA,5
8to2B,5fcxA,5
5fd3A,5fd3A,1
4eysA,5fd8A,7
4iiyA,5fd8A,7
4injA,5fd8A,7
4jvoA,5fd8A,7
5fd8A,5fd8A,7
5jybA,5fd8A,7
5z01A,5fd8A,7
5ffzA,5ffzA,1
5fgnA,5fgnA,1
5fgsD,5fgsD,1
5fgwA,5fgwA,1
5fjeA,5fjeA,2
6zifA,5fjeA,2
5awsA,5fk0B,3
5fk0B,5fk0B,3
5jp2A,5fk0B,3
5fmaA,5fmaA,1
4m5rA,5fmlB,5
4nfzA,5fmlB,5
5fmlB,5fmlB,5
6fs8A,5fmlB,5
7xgcA,5fmlB,5
5fnpA,5fnpA,1
4ap6A,5foeA,2
5foeA,5foeA,2
3ckcA,5fq4A,15
3jq1A,5fq4A,15
3jysA,5fq4A,15
3kezA,5fq4A,15
3l22A,5fq4A,15
3mcxA,5fq4A,15
3mx3A,5fq4A,15
5cjzA,5fq4A,15
5cx8A,5fq4A,15
5e76A,5fq4A,15
5fq4A,5fq4A,15
6z8iA,5fq4A,15
7noxA,5fq4A,15
8uwvA,5fq4A,15
9balA,5fq4A,15
5frfA,5frfA,1
5ft0A,5ft0A,1
4g26A,5ft9A,3
5ft9A,5ft9A,3
8cbkE,5ft9A,3
1af7A,5ftwA,3
5ftwA,5ftwA,3
6l8uA,5ftwA,3
1u7gA,5fufA,5
2b2jA,5fufA,5
5fufA,5fufA,5
6eu6A,5fufA,5
7uzqL,5fufA,5
4lyaA,5fv0B,2
5fv0B,5fv0B,2
4ogqF,5fv8D,2
5fv8D,5fv8D,2
5fv8E,5fv8E,1
5fwsA,5fwsA,1
1aodA,5fypA,21
1xx1A,5fypA,21
1ydyA,5fypA,21
2oogA,5fypA,21
2pz0A,5fypA,21
3ea1A,5fypA,21
3ks6A,5fypA,21
3l12A,5fypA,21
3no3A,5fypA,21
3qvqA,5fypA,21
3rlgA,5fypA,21
4i90A,5fypA,21
4oecA,5fypA,21
4q6xA,5fypA,21
4r7oA,5fypA,21
5fypA,5fypA,21
5t9cE,5fypA,21
5vugA,5fypA,21
7e2bA,5fypA,21
7ymrA,5fypA,21
8ghhA,5fypA,21
1a0rB,5fzpA,61
1gxrA,5fzpA,61
1jmxB,5fzpA,61
1jofB,5fzpA,61
1pbyB,5fzpA,61
1s1dA,5fzpA,61
1yfqA,5fzpA,61
2oizA,5fzpA,61
3a72A,5fzpA,61
3c5mA,5fzpA,61
3odtA,5fzpA,61
3pe7A,5fzpA,61
3w15A,5fzpA,61
4a09B,5fzpA,61
4agiA,5fzpA,61
4h5iA,5fzpA,61
4immA,5fzpA,61
4l9oA,5fzpA,61
4n14A,5fzpA,61
4r5oA,5fzpA,61
4xgaA,5fzpA,61
5c2vB,5fzpA,61
5eo8A,5fzpA,61
5fzpA,5fzpA,61
5mulA,5fzpA,61
5u69A,5fzpA,61
5uamA,5fzpA,61
6ck1A,5fzpA,61
6cmkA,5fzpA,61
6e1zA,5fzpA,61
6jq9A,5fzpA,61
6m90A,5fzpA,61
6rg2A,5fzpA,61
6rguA,5fzpA,61
6tv9A,5fzpA,61
6y7pA,5fzpA,61
6zeaA,5fzpA,61
7ax2A,5fzpA,61
7b7cA,5fzpA,61
7c38A,5fzpA,61
7dh6B,5fzpA,61
7drqA,5fzpA,61
7eskA,5fzpA,61
7m40A,5fzpA,61
7ofeA,5fzpA,61
8bn0A,5fzpA,61
8d41A,5fzpA,61
8p2uA,5fzpA,61
8p85h,5fzpA,61
8ptdA,5fzpA,61
8pujA,5fzpA,61
8q81A,5fzpA,61
8q82A,5fzpA,61
8q83A,5fzpA,61
8qbn7,5fzpA,61
8sgeA,5fzpA,61
9bhsA,5fzpA,61
9c0yA,5fzpA,61
9c61A,5fzpA,61
9dtaA,5fzpA,61
9n3pB,5fzpA,61
5g26A,5g26A,1
5g56A,5g56A,1
3dm5A,5gadi,5
5gadi,5gadi,5
6frky,5gadi,5
7epkA,5gadi,5
7o5bg,5gadi,5
1yrbA,5gadl,13
3bfvA,5gadl,13
3ihlA,5gadl,13
3la6A,5gadl,13
4hi0E,5gadl,13
4jlvA,5gadl,13
5gadl,5gadl,13
5hciA,5gadl,13
5xktA,5gadl,13
6u1qA,5gadl,13
6z0pA,5gadl,13
7t85A,5gadl,13
7zhfA,5gadl,13
5ggbA,5ggbA,1
2apcA,5ggiA,2
5ggiA,5ggiA,2
5ggiB,5ggiB,1
5ggnA,5ggnA,1
5gkeA,5gkeA,1
5gl2A,5gl2A,1
3wv6A,5gm0A,2
5gm0A,5gm0A,2
5gm6a,5gm6a,1
5gmkF,5gmkF,1
5gmqA,5gmqA,6
6vw1E,5gmqA,6
7bemE,5gmqA,6
8becB,5gmqA,6
8if2B,5gmqA,6
9jmmB,5gmqA,6
5gnfA,5gnfA,1
3ihzA,5gpgA,21
4drjA,5gpgA,21
4dz2A,5gpgA,21
4nnrA,5gpgA,21
4odpA,5gpgA,21
4qt3A,5gpgA,21
5b8iC,5gpgA,21
5gpgA,5gpgA,21
5hkgA,5gpgA,21
5huaA,5gpgA,21
5hw8H,5gpgA,21
6j2mA,5gpgA,21
6mkeA,5gpgA,21
6tz6C,5gpgA,21
6tz8C,5gpgA,21
6vctA,5gpgA,21
6vcvA,5gpgA,21
6yf3A,5gpgA,21
7aotA,5gpgA,21
8bk5A,5gpgA,21
8z38A,5gpgA,21
5gpoA,5gpoA,1
5gpyA,5gpyA,2
7ml0W,5gpyA,2
5gq1A,5gq1F,5
5gq1F,5gq1F,5
5z3qA,5gq1F,5
6s3aA,5gq1F,5
8x3vA,5gq1F,5
5grqA,5grqA,1
5grqC,5grqC,1
5gufA,5gufA,1
5gutA,5gutA,4
6x9jA,5gutA,4
7ubuA,5gutA,4
9bazA,5gutA,4
5gv3A,5gv3A,1
5gvvA,5gvvA,1
5gvxA,5gvxA,1
3vrcA,5gyrA,2
5gyrA,5gyrA,2
5gzsA,5gzsA,1
3wj8A,5gzxA,2
5gzxA,5gzxA,2
5h0mA,5h0mA,1
5h29A,5h29A,1
4kfvA,5h3jA,2
5h3jA,5h3jA,2
5h4sA,5h4sA,1
5h5aA,5h5aA,1
5h5fA,5h5fA,1
2hkxB,5h5oA,16
3fhiB,5h5oA,16
3ocpA,5h5oA,16
4k8fA,5h5oA,16
4ku8A,5h5oA,16
4ku8B,5h5oA,16
4ofgA,5h5oA,16
5c8wA,5h5oA,16
5e16A,5h5oA,16
5h5oA,5h5oA,16
5jixA,5h5oA,16
5k8sA,5h5oA,16
5kjzA,5h5oA,16
5l0nA,5h5oA,16
6hq3A,5h5oA,16
8jskA,5h5oA,16
5h65A,5h65A,1
1hsjA,5h71A,87
1r6zA,5h71A,87
1y4cA,5h71A,87
3a09A,5h71A,87
3a3cA,5h71A,87
3ehuA,5h71A,87
3f5fA,5h71A,87
3h4zA,5h71A,87
3mp6A,5h71A,87
3o3uN,5h71A,87
3oaiA,5h71A,87
3ombA,5h71A,87
3osqA,5h71A,87
3osrA,5h71A,87
4b3nA,5h71A,87
4edqA,5h71A,87
4egcA,5h71A,87
4h1gA,5h71A,87
4ifpA,5h71A,87
4ikmA,5h71A,87
4kegA,5h71A,87
4kv3A,5h71A,87
4my2A,5h71A,87
4nufA,5h71A,87
4ozqA,5h71A,87
4pe2A,5h71A,87
4pqkA,5h71A,87
4qszA,5h71A,87
4qvhA,5h71A,87
4rwfA,5h71A,87
4tsmA,5h71A,87
4wrnA,5h71A,87
4wviA,5h71A,87
4xa2A,5h71A,87
4xaiA,5h71A,87
4xajA,5h71A,87
4xhsA,5h71A,87
4xzsA,5h71A,87
5az8A,5h71A,87
5dfmA,5h71A,87
5fsgA,5h71A,87
5g5yA,5h71A,87
5gppA,5h71A,87
5gx8A,5h71A,87
5h71A,5h71A,87
5h7qA,5h71A,87
5hz7A,5h71A,87
5hzvA,5h71A,87
5i04A,5h71A,87
5ii5A,5h71A,87
5iicA,5h71A,87
5jonA,5h71A,87
5osqA,5h71A,87
5t0aA,5h71A,87
5tibA,5h71A,87
5ttdA,5h71A,87
5vawA,5h71A,87
5w0rA,5h71A,87
5y2gA,5h71A,87
5ygpA,5h71A,87
6anvA,5h71A,87
6d67A,5h71A,87
6dd5A,5h71A,87
6eg3A,5h71A,87
6gfjA,5h71A,87
6n84A,5h71A,87
6sjaA,5h71A,87
6sjvA,5h71A,87
6slmA,5h71A,87
6smvA,5h71A,87
6wh0A,5h71A,87
6x91A,5h71A,87
6xdjA,5h71A,87
6xdsA,5h71A,87
6xrxA,5h71A,87
6zhoA,5h71A,87
7b01A,5h71A,87
7e29A,5h71A,87
7omtA,5h71A,87
7uajA,5h71A,87
8c5lA,5h71A,87
8g3sA,5h71A,87
8h68A,5h71A,87
8iizA,5h71A,87
8jyxA,5h71A,87
8sbuA,5h71A,87
8vxmA,5h71A,87
5h8cA,5h8cA,1
5h8yF,5h8yF,1
3eojA,5h8zA,2
5h8zA,5h8zA,2
1zj8A,5h92A,7
2akjA,5h92A,7
3b0gA,5h92A,7
3b0hA,5h92A,7
5h92A,5h92A,7
6c3mA,5h92A,7
9c91B,5h92A,7
1b4uB,5heeA,9
2pw6A,5heeA,9
3vsjB,5heeA,9
5heeA,5heeA,9
7kq8A,5heeA,9
7txyB,5heeA,9
8ihgA,5heeA,9
8in2A,5heeA,9
9ktiA,5heeA,9
5hh7A,5hh7A,1
5hj1A,5hj1A,1
4douA,5hkjA,2
5hkjA,5hkjA,2
2e5yA,5hkkH,3
5hkkH,5hkkH,3
8ap9H,5hkkH,3
5hmqA,5hmqA,1
5ho9A,5ho9A,1
5houA,5houA,1
5hp6A,5hp6A,1
2o99A,5hpiA,2
5hpiA,5hpiA,2
5hr4C,5hr4C,1
1bifA,5hr5A,4
1k6mA,5hr5A,4
5hr5A,5hr5A,4
6hviA,5hr5A,4
5hrbA,5hrbA,1
1hdfA,5ht7A,8
1npsA,5ht7A,8
2bv2A,5ht7A,8
3hz2A,5ht7A,8
3hzbA,5ht7A,8
3snyA,5ht7A,8
5ht7A,5ht7A,8
5z6eA,5ht7A,8
1glbG,5htxA,17
2itmA,5htxA,17
2uytA,5htxA,17
2w41A,5htxA,17
3ge1A,5htxA,17
3hz6A,5htxA,17
3i8bA,5htxA,17
3l0qA,5htxA,17
3ll3A,5htxA,17
3qdkA,5htxA,17
3wxlA,5htxA,17
4bc4A,5htxA,17
5htxA,5htxA,17
5huxA,5htxA,17
5ya1A,5htxA,17
6k76A,5htxA,17
6udeA,5htxA,17
5hu6D,5hu6D,2
5jdoA,5hu6D,2
5hwkA,5hwkA,1
5hxbA,5hxbA,1
5hyaA,5hyaA,1
2b56A,5hzdA,2
5hzdA,5hzdA,2
5hzhA,5hzhA,1
5hziA,5hziA,1
5hzrA,5hzrA,2
9ayqA,5hzrA,2
4wtvA,5i0nA,2
5i0nA,5i0nA,2
2bt9A,5i1yB,4
3zw0C,5i1yB,4
5i1yB,5i1yB,4
8proA,5i1yB,4
5i2cA,5i2cA,1
5i8gA,5i8gA,1
5ia9A,5ia9A,1
3iibA,5ib9A,4
5ib9A,5ib9A,4
6hc6A,5ib9A,4
8ac7A,5ib9A,4
5ibzA,5ibzA,1
5eiuA,5ieaA,3
5ieaA,5ieaA,3
5va4A,5ieaA,3
1tg7A,5ifpA,4
3og2A,5ifpA,4
4iugA,5ifpA,4
5ifpA,5ifpA,4
5iheA,5iheA,1
1w70B,5ihkA,14
2iimA,5ihkA,14
2xmfA,5ihkA,14
3rnjA,5ihkA,14
3ua7C,5ihkA,14
4e6rA,5ihkA,14
4f14A,5ihkA,14
5ihkA,5ihkA,14
5nv1A,5ihkA,14
6xx2A,5ihkA,14
7nesA,5ihkA,14
8a1pC,5ihkA,14
8cbsA,5ihkA,14
9nfrC,5ihkA,14
5iitB,5iitB,1
5ij4A,5ij4A,1
5ijlA,5ijlA,1
1h3fA,5ijxA,39
1i6kA,5ijxA,39
1jilA,5ijxA,39
1q11A,5ijxA,39
1r6tA,5ijxA,39
1r6uA,5ijxA,39
1tybE,5ijxA,39
1y42X,5ijxA,39
1yi8C,5ijxA,39
2cybA,5ijxA,39
2cycA,5ijxA,39
2dlcX,5ijxA,39
2g36A,5ijxA,39
2j5bA,5ijxA,39
2pidA,5ijxA,39
2yy5A,5ijxA,39
3a04A,5ijxA,39
3hv0A,5ijxA,39
3jxeA,5ijxA,39
3kt0A,5ijxA,39
3sz3A,5ijxA,39
3tzeA,5ijxA,39
3tzlA,5ijxA,39
4j75A,5ijxA,39
5ekdA,5ijxA,39
5ihxA,5ijxA,39
5ijxA,5ijxA,39
5tewA,5ijxA,39
6dfuA,5ijxA,39
6hb5A,5ijxA,39
6ncrA,5ijxA,39
6otjA,5ijxA,39
6wn2A,5ijxA,39
6wrtA,5ijxA,39
7eltA,5ijxA,39
7rorA,5ijxA,39
8zmiB,5ijxA,39
9kwwA,5ijxA,39
9lotA,5ijxA,39
5ikfA,5ikfA,1
5ikjA,5ikjA,1
5ikkA,5ikkA,2
6z6fA,5ikkA,2
5ikuA,5ikuA,1
1booA,5il2A,10
1eg2A,5il2A,10
1g60A,5il2A,10
2zifA,5il2A,10
5hfjA,5il2A,10
5il2A,5il2A,10
8s9mA,5il2A,10
8s9nA,5il2A,10
8urkA,5il2A,10
8xypA,5il2A,10
5inrA,5inrA,1
5iooA,5iooA,1
5iqjA,5iqjA,1
5iqnA,5iqnA,3
7uiia,5iqnA,3
9bacz,5iqnA,3
5iqr8,5iqr8,1
5irbA,5irbA,1
5irxA,5irxA,2
7mz5A,5irxA,2
5irxE,5irxE,1
5is2A,5is2A,1
3raeA,5iwiA,4
4cklA,5iwiA,4
5iwiA,5iwiA,4
8s7oA,5iwiA,4
5ixbA,5ixbA,1
5izeA,5izeA,2
6q99A,5izeA,2
2xi5A,5j1nA,4
5j1nA,5j1nA,4
5ltnA,5j1nA,4
7ex9A,5j1nA,4
5j1sB,5j1sB,1
1svmA,5j47A,2
5j47A,5j47A,2
5j4dI,5j4dI,2
8jdkN,5j4dI,2
5j4dJ,5j4dJ,1
1fioA,5j5lA,6
5csdA,5j5lA,6
5ecfB,5j5lA,6
5ecfJ,5j5lA,6
5j5lA,5j5lA,6
8paqA,5j5lA,6
5j67A,5j67A,1
5j72A,5j72A,1
1w4xA,5j7xA,29
2gv8A,5j7xA,29
3uoxA,5j7xA,29
4ap3A,5j7xA,29
4rg3A,5j7xA,29
5ipyA,5j7xA,29
5j7xA,5j7xA,29
5m10A,5j7xA,29
5mq6A,5j7xA,29
5nmxA,5j7xA,29
6er9A,5j7xA,29
6hnsA,5j7xA,29
6jdkA,5j7xA,29
6kbwA,5j7xA,29
6se3A,5j7xA,29
6sekA,5j7xA,29
6semA,5j7xA,29
6wpuA,5j7xA,29
6y48A,5j7xA,29
7al4A,5j7xA,29
7d4mA,5j7xA,29
8acsA,5j7xA,29
8b2dA,5j7xA,29
8cjdA,5j7xA,29
8cp2A,5j7xA,29
8odwA,5j7xA,29
8wkcA,5j7xA,29
8yqmA,5j7xA,29
8z12A,5j7xA,29
5j84A,5j84A,6
5oynA,5j84A,6
6ovtA,5j84A,6
7m3kA,5j84A,6
8ej0A,5j84A,6
8hs0A,5j84A,6
5j8b0,5j8b0,4
7unvY,5j8b0,4
8cgvv,5j8b0,4
9no70,5j8b0,4
5j8tA,5j8tA,1
5ja5A,5ja5A,1
5ja8C,5ja8C,1
5jcpA,5jcpA,1
5jczC,5jczC,1
5jdxA,5jdxA,1
2glfA,5jgfA,8
2gljA,5jgfA,8
3vatA,5jgfA,8
3wt4A,5jgfA,8
4emeA,5jgfA,8
5jgfA,5jgfA,8
5jm6A,5jgfA,8
7ddeA,5jgfA,8
3vliA,5jhxA,7
3wxoA,5jhxA,7
5jhxA,5jhxA,7
5sxwA,5jhxA,7
5whsA,5jhxA,7
7jz6A,5jhxA,7
8u3pA,5jhxA,7
1j2qH,5ji2A,18
1jjwA,5ji2A,18
1rypI,5ji2A,18
1rypL,5ji2A,18
2ntkA,5ji2A,18
3unfH,5ji2A,18
4hnzA,5ji2A,18
5a0qH,5ji2A,18
5a0qI,5ji2A,18
5fmgI,5ji2A,18
5ji2A,5ji2A,18
5le5H,5ji2A,18
6td5i,5ji2A,18
7b12i,5ji2A,18
8g6eI,5ji2A,18
8oixH,5ji2A,18
8p0tI,5ji2A,18
9fstb,5ji2A,18
1xm5A,5jigA,4
5jigA,5jigA,4
5xbnA,5jigA,4
7y7oA,5jigA,4
5jipA,5jipA,1
1phzA,5jk5A,2
5jk5A,5jk5A,2
2x0qA,5jm8A,8
2x3jA,5jm8A,8
3to3B,5jm8A,8
5jm8A,5jm8A,8
6p63A,5jm8A,8
7cbbA,5jm8A,8
7tgkA,5jm8A,8
7tgnA,5jm8A,8
5jneA,5jneA,1
5jp6A,5jp6A,1
2rh1A,5jqhA,91
2ydvA,5jqhA,91
2z73A,5jqhA,91
3pblA,5jqhA,91
3rzeA,5jqhA,91
3uonA,5jqhA,91
3v2yA,5jqhA,91
3vw7A,5jqhA,91
4buoA,5jqhA,91
4buoB,5jqhA,91
4bvnA,5jqhA,91
4dajA,5jqhA,91
4djhA,5jqhA,91
4dklA,5jqhA,91
4ej4A,5jqhA,91
4ldeA,5jqhA,91
4n6hA,5jqhA,91
4pxzA,5jqhA,91
4u15A,5jqhA,91
4zudA,5jqhA,91
5dhgB,5jqhA,91
5dsgA,5jqhA,91
5jqhA,5jqhA,91
5n2sA,5jqhA,91
5nm4A,5jqhA,91
5t1aA,5jqhA,91
5tgzA,5jqhA,91
5tzrA,5jqhA,91
5uenA,5jqhA,91
5unfA,5jqhA,91
5wiuA,5jqhA,91
5zbhA,5jqhA,91
5zbqA,5jqhA,91
5zkcA,5jqhA,91
5zkpA,5jqhA,91
5ztyA,5jqhA,91
6bqhA,5jqhA,91
6c1rB,5jqhA,91
6cm4A,5jqhA,91
6iblA,5jqhA,91
6iqlA,5jqhA,91
6j20A,5jqhA,91
6ko5A,5jqhA,91
6li0A,5jqhA,91
6li2A,5jqhA,91
6lw5A,5jqhA,91
6oijR,5jqhA,91
6ol9A,5jqhA,91
6os2A,5jqhA,91
6pt2B,5jqhA,91
6rz5A,5jqhA,91
6rz6A,5jqhA,91
6todA,5jqhA,91
6zfzA,5jqhA,91
7bvqA,5jqhA,91
7ddzA,5jqhA,91
7dfpA,5jqhA,91
7e33R,5jqhA,91
7f6gA,5jqhA,91
7f8yA,5jqhA,91
7jozR,5jqhA,91
7ld3R,5jqhA,91
7t94A,5jqhA,91
7trpR,5jqhA,91
7um5A,5jqhA,91
7wc8A,5jqhA,91
7xn9A,5jqhA,91
7xrrA,5jqhA,91
7yxaA,5jqhA,91
8ea0A,5jqhA,91
8eitR,5jqhA,91
8hdoR,5jqhA,91
8jjpA,5jqhA,91
8jwyA,5jqhA,91
8kh4A,5jqhA,91
8s2tR,5jqhA,91
8s4dA,5jqhA,91
8ugwA,5jqhA,91
8w1vA,5jqhA,91
8x17R,5jqhA,91
8xjkR,5jqhA,91
8y01R,5jqhA,91
8y02R,5jqhA,91
8yh0R,5jqhA,91
9as8A,5jqhA,91
9chuA,5jqhA,91
9ge2R,5jqhA,91
9ijeR,5jqhA,91
9jeaA,5jqhA,91
9jgkA,5jqhA,91
9m1hA,5jqhA,91
5jqpB,5jqpB,1
5jqsA,5jqsA,1
3qb5K,5jrcA,3
3zc0A,5jrcA,3
5jrcA,5jrcA,3
5jsdA,5jsdA,1
5juhA,5juhA,1
2aq6A,5jv4A,6
2fg9A,5jv4A,6
3a6rA,5jv4A,6
3in6A,5jv4A,6
5jv4A,5jv4A,6
7eg5A,5jv4A,6
5jvlB,5jvlB,1
5jwyA,5jwyA,1
1nbuA,5jyxA,10
2dttA,5jyxA,10
2nm3A,5jyxA,10
2o90A,5jyxA,10
4fgcA,5jyxA,10
5f3mA,5jyxA,10
5jyxA,5jyxA,10
6z89C,5jyxA,10
7su4A,5jyxA,10
8evkA,5jyxA,10
1zdeA,5k08A,7
4oz6A,5k08A,7
5k08A,5k08A,7
5ol7A,5k08A,7
6ownA,5k08A,7
6owuF,5k08A,7
6y75A,5k08A,7
1w07A,5k3jA,22
2ddhA,5k3jA,22
2fonA,5k3jA,22
2z1qA,5k3jA,22
3djlA,5k3jA,22
3owaA,5k3jA,22
4y9jA,5k3jA,22
5ez3A,5k3jA,22
5k3iA,5k3jA,22
5k3jA,5k3jA,22
5y9dA,5k3jA,22
5ys9A,5k3jA,22
6es9A,5k3jA,22
6kriA,5k3jA,22
6kseA,5k3jA,22
6sd8A,5k3jA,22
7q86A,5k3jA,22
7s7gA,5k3jA,22
8ciwA,5k3jA,22
8phfA,5k3jA,22
8pu5B,5k3jA,22
8r1eA,5k3jA,22
2didA,5k3qA,7
2dq5A,5k3qA,7
2yvrA,5k3qA,7
3ddtA,5k3qA,7
3q1dA,5k3qA,7
5jpxA,5k3qA,7
5k3qA,5k3qA,7
5k5lE,5k5lE,1
5k5lG,5k5lG,1
5b5xA,5k5wB,5
5b5zA,5k5wB,5
5k5wA,5k5wB,5
5k5wB,5k5wB,5
6kfsA,5k5wB,5
5k62A,5k62A,1
5k6nA,5k6nA,2
5wvpA,5k6nA,2
4x9fA,5k6vA,4
4xb8A,5k6vA,4
5k6vA,5k6vA,4
5k6xA,5k6vA,4
5k6wA,5k6wA,2
7ok5A,5k6wA,2
2yzcA,5k9gA,6
3l8wA,5k9gA,6
5k9gA,5k9gA,6
7cmnA,5k9gA,6
7f2wA,5k9gA,6
8g8vA,5k9gA,6
1bowA,5kaxA,8
5kawA,5kaxA,8
5kaxA,5kaxA,8
5x5mA,5kaxA,8
5xbiA,5kaxA,8
6wl5A,5kaxA,8
7oonA,5kaxA,8
7zhdA,5kaxA,8
5kayA,5kayA,1
5kbnA,5kbnA,2
5nkqA,5kbnA,2
5kcaA,5kcaA,1
5kd5A,5kd5A,4
5kdsA,5kd5A,4
6xszA,5kd5A,4
7yx8A,5kd5A,4
5kdwA,5kdwA,1
5kh0A,5kh0A,1
5khaA,5khaA,1
5kiqA,5kiqA,4
6effA,5kiqA,4
6efiA,5kiqA,4
7kmjA,5kiqA,4
5kj4A,5kj4A,1
5kleA,5kleA,1
5knkB,5knkB,1
4b2gA,5kodA,9
4eqlA,5kodA,9
4ewvA,5kodA,9
5eckA,5kodA,9
5kodA,5kodA,9
6e1qA,5kodA,9
6omsB,5kodA,9
7dk8A,5kodA,9
9fxdA,5kodA,9
5koeA,5koeA,1
2qkmB,5kq4B,2
5kq4B,5kq4B,2
5kueA,5kueA,1
5kwaA,5kwaA,1
5kwbA,5kwbA,1
2ejcA,5kwvA,9
3ag6A,5kwvA,9
3innA,5kwvA,9
3iubA,5kwvA,9
3n8hA,5kwvA,9
3q12A,5kwvA,9
3uk2A,5kwvA,9
3uy4A,5kwvA,9
5kwvA,5kwvA,9
5kzzA,5kzzA,4
5uryA,5kzzA,4
6c0bB,5kzzA,4
6tfbA,5kzzA,4
5l0qA,5l0qA,2
8snnA,5l0qA,2
5f85A,5l0vA,2
5l0vA,5l0vA,2
1edmB,5l0vB,7
1ff7A,5l0vB,7
5kn5C,5l0vB,7
5ky2B,5l0vB,7
5l0rB,5l0vB,7
5l0sB,5l0vB,7
5l0vB,5l0vB,7
5l1aA,5l1aA,1
5l2lA,5l2lA,1
5fr0A,5l7vA,5
5l7vA,5l7vA,5
8k2hA,5l7vA,5
8k2kA,5l7vA,5
8k2mA,5l7vA,5
5l9wb,5l9wb,2
5m45B,5l9wb,2
5laaA,5laaA,1
5lf2A,5lf2A,1
5lf5A,5lf5A,1
5ljxA,5ljxA,3
6y62B,5ljxA,3
7qqbB,5ljxA,3
5ld1A,5llbA,9
5ll0C,5llbA,9
5llbA,5llbA,9
6an9A,5llbA,9
6dzgA,5llbA,9
7pljA,5llbA,9
9gp9A,5llbA,9
9h8kA,5llbA,9
9igqA,5llbA,9
4gw9A,5llxA,6
5llxA,5llxA,6
6fhtA,5llxA,6
7l59A,5llxA,6
8upkA,5llxA,6
9eutA,5llxA,6
5e9sA,5lm4A,8
5lm4A,5lm4A,8
7rcpA,5lm4A,8
8cuaA,5lm4A,8
8oudA,5lm4A,8
8ouiB,5lm4A,8
9bh0A,5lm4A,8
9jvvA,5lm4A,8
5lm9A,5lm9A,1
5lmeA,5lmeA,1
5lnfA,5lnfA,1
5lnkh,5lnkh,1
5lnkw,5lnkw,1
5lnkz,5lnkz,1
5lo9A,5lo9A,1
2pmsC,5losA,9
2vs0B,5losA,9
5da5a,5losA,9
5losA,5losA,9
5n5ea,5losA,9
6wlwT,5losA,9
7s8tA,5losA,9
9mnzA,5losA,9
9mnzB,5losA,9
5lpiA,5lpiA,1
5lq4A,5lq4A,1
1l5wA,5lr8A,10
1ygpA,5lr8A,10
2c4mA,5lr8A,10
2gj4A,5lr8A,10
3ddsA,5lr8A,10
4bqeA,5lr8A,10
5ikoA,5lr8A,10
5lr8A,5lr8A,10
7tm7A,5lr8A,10
8r49A,5lr8A,10
1b3oA,5lsmA,61
1jcnA,5lsmA,61
1jr1A,5lsmA,61
1me8A,5lsmA,61
1nfbA,5lsmA,61
1zfjA,5lsmA,61
2a1yA,5lsmA,61
2bleA,5lsmA,61
2c6qA,5lsmA,61
2cu0A,5lsmA,61
2gjlA,5lsmA,61
2z6iA,5lsmA,61
3bw2A,5lsmA,61
3khjA,5lsmA,61
3usbA,5lsmA,61
4af0A,5lsmA,61
4iqlA,5lsmA,61
4qitA,5lsmA,61
4qq3A,5lsmA,61
4rv8A,5lsmA,61
4x3zA,5lsmA,61
4z0gA,5lsmA,61
4z87A,5lsmA,61
5ahmA,5lsmA,61
5ahnA,5lsmA,61
5gvhA,5lsmA,61
5k4xA,5lsmA,61
5lsmA,5lsmA,61
5mcpE,5lsmA,61
5mcpF,5lsmA,61
5mcpG,5lsmA,61
5mcpH,5lsmA,61
5upxA,5lsmA,61
5uwxA,5lsmA,61
6bkaA,5lsmA,61
6d4rA,5lsmA,61
6i0mA,5lsmA,61
6jigA,5lsmA,61
6lk4A,5lsmA,61
6mgrA,5lsmA,61
6mguA,5lsmA,61
6rpuA,5lsmA,61
7e1qA,5lsmA,61
7l00A,5lsmA,61
7oj1A,5lsmA,61
7pjiA,5lsmA,61
7pmzA,5lsmA,61
7qemC,5lsmA,61
7r50A,5lsmA,61
7rgiA,5lsmA,61
8c53A,5lsmA,61
8ebcA,5lsmA,61
8p37A,5lsmA,61
8qqpA,5lsmA,61
8u8oA,5lsmA,61
8u8yA,5lsmA,61
9auvA,5lsmA,61
9auyA,5lsmA,61
9av1A,5lsmA,61
9dmuA,5lsmA,61
9i0lA,5lsmA,61
5lteA,5lteA,1
2xauA,5ltjA,19
5aorA,5ltjA,19
5gm6Y,5ltjA,19
5ltjA,5ltjA,19
5vhcD,5ltjA,19
6h57A,5ltjA,19
6hegA,5ltjA,19
6hytA,5ltjA,19
6rm9A,5ltjA,19
6up4A,5ltjA,19
6zwwG,5ltjA,19
7dcpx,5ltjA,19
7mqjA,5ltjA,19
8b9jA,5ltjA,19
8cntA,5ltjA,19
8ejmA,5ltjA,19
8po7A,5ltjA,19
8rdyA,5ltjA,19
9mfpA,5ltjA,19
1gkmB,5ltmA,7
2o7eA,5ltmA,7
2qveA,5ltmA,7
3unvA,5ltmA,7
5ltmA,5ltmA,7
6s7qA,5ltmA,7
9eq5A,5ltmA,7
5lw0A,5lw0A,1
1xioA,5lxgA,57
2jafA,5lxgA,57
3am6A,5lxgA,57
3ddlA,5lxgA,57
3ug9A,5lxgA,57
3wqjA,5lxgA,57
4fbzA,5lxgA,57
4hyjA,5lxgA,57
4jq6A,5lxgA,57
4knfA,5lxgA,57
4l35A,5lxgA,57
4qi1A,5lxgA,57
5ax0A,5lxgA,57
5b0wA,5lxgA,57
5lwyA,5lxgA,57
5lxgA,5lxgA,57
6eidA,5lxgA,57
6eyuA,5lxgA,57
6gyhA,5lxgA,57
6jo0A,5lxgA,57
6k6iA,5lxgA,57
6kfqA,5lxgA,57
6lm0A,5lxgA,57
6lm1A,5lxgA,57
6nwdA,5lxgA,57
6s6cA,5lxgA,57
6sqgA,5lxgA,57
6su3A,5lxgA,57
6tk6A,5lxgA,57
6yxhA,5lxgA,57
7avpA,5lxgA,57
7e4gA,5lxgA,57
7o8fA,5lxgA,57
7u55A,5lxgA,57
7w74A,5lxgA,57
7z0eP,5lxgA,57
8cqcA,5lxgA,57
8h79A,5lxgA,57
8h86A,5lxgA,57
8h87A,5lxgA,57
8i2zA,5lxgA,57
8ifuA,5lxgA,57
8jh0A,5lxgA,57
8jxoA,5lxgA,57
8r0oA,5lxgA,57
8r0pA,5lxgA,57
8xx8A,5lxgA,57
8yelA,5lxgA,57
8yk0A,5lxgA,57
9h1xA,5lxgA,57
9in7A,5lxgA,57
9j7wA,5lxgA,57
9jtqA,5lxgA,57
9jwsA,5lxgA,57
9kmeA,5lxgA,57
9r22A,5lxgA,57
9r23A,5lxgA,57
5ly0A,5ly0A,1
1ajkA,5ly8A,73
1cpnA,5ly8A,73
1dbnA,5ly8A,73
1dhkB,5ly8A,73
1f9kA,5ly8A,73
1fatA,5ly8A,73
1fnyA,5ly8A,73
1gbgA,5ly8A,73
1gslA,5ly8A,73
1n47A,5ly8A,73
1o4yA,5ly8A,73
1qnwA,5ly8A,73
1sbfA,5ly8A,73
1umzA,5ly8A,73
1wbfA,5ly8A,73
2a5zA,5ly8A,73
2ayhA,5ly8A,73
2durA,5ly8A,73
2eigA,5ly8A,73
2fmdA,5ly8A,73
2hykA,5ly8A,73
2vh9A,5ly8A,73
2vy0A,5ly8A,73
2w39A,5ly8A,73
2w68A,5ly8A,73
3a4uA,5ly8A,73
3atgA,5ly8A,73
3azyA,5ly8A,73
3d6eA,5ly8A,73
3dgtA,5ly8A,73
3h0oA,5ly8A,73
3i4iA,5ly8A,73
3ilnA,5ly8A,73
3rq0A,5ly8A,73
3wdxA,5ly8A,73
4asmB,5ly8A,73
4ateA,5ly8A,73
4atfA,5ly8A,73
4awdA,5ly8A,73
4bpzA,5ly8A,73
4crqA,5ly8A,73
4pq9A,5ly8A,73
4qhzA,5ly8A,73
4w65A,5ly8A,73
4wzfA,5ly8A,73
4xdqA,5ly8A,73
4xxpA,5ly8A,73
5dzeA,5ly8A,73
5kxcA,5ly8A,73
5ly8A,5ly8A,73
5nbpA,5ly8A,73
5ocqA,5ly8A,73
5ocrA,5ly8A,73
5t5lA,5ly8A,73
6aiiA,5ly8A,73
6hy3A,5ly8A,73
6jh5A,5ly8A,73
6vawA,5ly8A,73
6xofA,5ly8A,73
6xt6A,5ly8A,73
7elvE,5ly8A,73
7eo3A,5ly8A,73
7fgzA,5ly8A,73
7sjkA,5ly8A,73
7smhA,5ly8A,73
8ew1A,5ly8A,73
8g1lA,5ly8A,73
8rr2A,5ly8A,73
8tb2A,5ly8A,73
8v31A,5ly8A,73
8va4A,5ly8A,73
8xpkA,5ly8A,73
9intA,5ly8A,73
4zu9A,5lzdz,2
5lzdz,5lzdz,2
1lnzA,5m04A,2
5m04A,5m04A,2
5m1mA,5m1mA,1
5m2aA,5m2aA,2
8qfeA,5m2aA,2
3sy8A,5m3cA,5
4rnhA,5m3cA,5
5m3cA,5m3cA,5
6hq7A,5m3cA,5
6pwkA,5m3cA,5
5m41A,5m41A,1
5m45A,5m45A,1
5m45C,5m45C,1
3eqnA,5m60A,2
5m60A,5m60A,2
5m7uA,5m7uA,3
5un9A,5m7uA,3
7khsA,5m7uA,3
5m86A,5m86A,1
5m9nB,5m9nB,2
5vqhA,5m9nB,2
5m9zA,5m9zA,1
5mabA,5mabA,1
1bwvA,5macA,24
1gk8A,5macA,24
1rblA,5macA,24
1wddA,5macA,24
2oemA,5macA,24
2rusA,5macA,24
3kdnA,5macA,24
3zxwA,5macA,24
4nasA,5macA,24
5c2cA,5macA,24
5hjxA,5macA,24
5macA,5macA,24
5nv3A,5macA,24
5oyaA,5macA,24
6hunA,5macA,24
6uraA,5macA,24
7qswA,5macA,24
7t1jA,5macA,24
7yyoA,5macA,24
8bdbA,5macA,24
8dhtA,5macA,24
8qmwA,5macA,24
8u66A,5macA,24
8vgsA,5macA,24
5mc9A,5mc9A,2
5xauA,5mc9A,2
1d5aA,5mdnA,17
1s5jA,5mdnA,17
2jguA,5mdnA,17
3iayA,5mdnA,17
3k59A,5mdnA,17
3qexA,5mdnA,17
4flwA,5mdnA,17
4fydA,5mdnA,17
4qclA,5mdnA,17
5mdnA,5mdnA,17
6p1hA,5mdnA,17
6q4tA,5mdnA,17
6tnyA,5mdnA,17
8s87A,5mdnA,17
8ucuA,5mdnA,17
8ywiA,5mdnA,17
9enqA,5mdnA,17
5mfdF,5mfdF,1
5mgwA,5mgwA,1
5mhfA,5mhfA,2
7r6jA,5mhfA,2
5milA,5milA,2
5myiD,5milA,2
5mioC,5mioC,1
1z5hA,5mj6A,20
3b34A,5mj6A,20
3qnfA,5mj6A,20
4fkeA,5mj6A,20
4fytA,5mj6A,20
4kx7A,5mj6A,20
4qhpA,5mj6A,20
4wz9A,5mj6A,20
5dllA,5mj6A,20
5mj6A,5mj6A,20
5zi7A,5mj6A,20
6ea4A,5mj6A,20
6oiuA,5mj6A,20
6sbqA,5mj6A,20
7v9oA,5mj6A,20
8sw0A,5mj6A,20
8t41A,5mj6A,20
8yziB,5mj6A,20
9dazA,5mj6A,20
9gk6A,5mj6A,20
5mkcC,5mkcC,1
5mkwA,5mkwA,1
1qrdA,5mldA,12
1yrhA,5mldA,12
2a5lA,5mldA,12
3zhoA,5mldA,12
4cetA,5mldA,12
4fglA,5mldA,12
4gi5A,5mldA,12
4lafA,5mldA,12
5f4bA,5mldA,12
5mldA,5mldA,12
7d39A,5mldA,12
8ok0A,5mldA,12
5mmiV,5mmiV,1
5mmmx,5mmmx,1
1i1cA,5mokD,13
2rgsA,5mokD,13
2vuoA,5mokD,13
5gsqD,5mokD,13
5m3vB,5mokD,13
5mokD,5mokD,13
5o4eB,5mokD,13
5vaaA,5mokD,13
5w5nB,5mokD,13
6bhqA,5mokD,13
6yt7A,5mokD,13
9fmbB,5mokD,13
9r2eP,5mokD,13
5molA,5molA,1
5mpyA,5mpyA,1
5hdaA,5mq4A,2
5mq4A,5mq4A,2
5mqpA,5mqpA,1
5ms9A,5ms9A,1
5mslA,5mslA,1
4e9aA,5mteA,2
5mteA,5mteA,2
5gofA,5mtvA,3
5mtvA,5mtvA,3
6jfkA,5mtvA,3
5mtwA,5mtwA,1
5mu9A,5muaA,2
5muaA,5muaA,2
5muyA,5muyA,1
1htwA,5mvrA,3
5mvrA,5mvrA,3
6n9aE,5mvrA,3
5mvwA,5mvwA,1
5mzyB,5mzyB,3
6cojB,5mzyB,3
9ctdB,5mzyB,3
5n07A,5n07A,2
6hsdA,5n07A,2
2gx5C,5n0lA,32
2jkgA,5n0lA,32
2k2nA,5n0lA,32
2k31A,5n0lA,32
2vzwA,5n0lA,32
2w3gA,5n0lA,32
2zmfA,5n0lA,32
3dbaA,5n0lA,32
3ix3A,5n0lA,32
3ko6A,5n0lA,32
3ksgA,5n0lA,32
3mmhA,5n0lA,32
3rfbA,5n0lA,32
3t1rA,5n0lA,32
3vv4A,5n0lA,32
4mn7B,5n0lA,32
4rqwA,5n0lA,32
4rruA,5n0lA,32
5ey1B,5n0lA,32
5m82A,5n0lA,32
5n0lA,5n0lA,32
5w10A,5n0lA,32
5zohA,5n0lA,32
5zzaP,5n0lA,32
6bhnA,5n0lA,32
6ozbA,5n0lA,32
6p58A,5n0lA,32
6uv8A,5n0lA,32
6xhhA,5n0lA,32
7lscA,5n0lA,32
7lsdA,5n0lA,32
8dgdA,5n0lA,32
1e6vB,5n28B,12
1e6yB,5n28B,12
3sqgB,5n28B,12
5a0yB,5n28B,12
5a8wB,5n28B,12
5n1qB,5n28B,12
5n28B,5n28B,12
7b1sB,5n28B,12
7nkgB,5n28B,12
9h1lD,5n28B,12
9qqtB,5n28B,12
9qr3B,5n28B,12
5n6nC,5n6nC,1
5n6xA,5n6xA,1
5n7yA,5n7yA,1
5n8pA,5n8pA,1
2w16B,5nc3A,20
3cslA,5nc3A,20
3qlbA,5nc3A,20
3v8xA,5nc3A,20
4cu4A,5nc3A,20
4rdrA,5nc3A,20
4rdtA,5nc3A,20
5fq8B,5nc3A,20
5nc3A,5nc3A,20
6e4vA,5nc3A,20
6fokA,5nc3A,20
6i96A,5nc3A,20
6i97A,5nc3A,20
6ofrA,5nc3A,20
6sm3B,5nc3A,20
6z8iB,5nc3A,20
6zazB,5nc3A,20
8p97A,5nc3A,20
8theA,5nc3A,20
9dheA,5nc3A,20
5nddA,5nddA,1
3byrA,5nfmA,8
3o2eA,5nfmA,8
3tr3A,5nfmA,8
5ho1A,5nfmA,8
5nfmA,5nfmA,8
6h87A,5nfmA,8
6vd8A,5nfmA,8
6vdaA,5nfmA,8
5nh2A,5nh2A,1
2doqC,5ninA,9
2n6aA,5ninA,9
2o5gA,5ninA,9
3kf9A,5ninA,9
4anjB,5ninA,9
4aqrB,5ninA,9
4mbeA,5ninA,9
5ninA,5ninA,9
8ahtA,5ninA,9
5niqA,5niqA,2
6gdzA,5niqA,2
5nj8A,5nj8C,2
5nj8C,5nj8C,2
5nj9A,5nj9A,1
2b8wA,5nkkF,5
5nkkF,5nkkF,5
6vkjA,5nkkF,5
7ckfA,5nkkF,5
7pw8C,5nkkF,5
5nm7A,5nm7A,1
5mriA,5nmrA,2
5nmrA,5nmrA,2
5nntA,5nntA,1
1kgzA,5nofA,6
3gbrA,5nofA,6
4giuA,5nofA,6
4yi7A,5nofA,6
5nofA,5nofA,6
7dspA,5nofA,6
5ns4A,5ns4A,5
8p85s,5ns4A,5
8uz3E,5ns4A,5
9b1yc,5ns4A,5
9no7G,5ns4A,5
5nusB,5nusB,1
3smjA,5nwgA,8
4pnlA,5nwgA,8
5lx6A,5nwgA,8
5nwgA,5nwgA,8
6qxuA,5nwgA,8
6v3wA,5nwgA,8
7otfA,5nwgA,8
7r3lA,5nwgA,8
1uf5A,5ny7A,9
2e2lA,5ny7A,9
3klcA,5ny7A,9
4gylA,5ny7A,9
4hg5A,5ny7A,9
5h8iB,5ny7A,9
5ny7A,5ny7A,9
6ypaA,5ny7A,9
8uxuA,5ny7A,9
5o0tA,5o0tA,1
5o1lA,5o1lA,2
8s1jA,5o1lA,2
4wceR,5o61V,5
5o61V,5o61V,5
6pj6c,5o61V,5
7mt2U,5o61V,5
9no7Y,5o61V,5
5o6cA,5o6cA,1
1i74A,5o70A,22
1ir6A,5o70A,22
1k20A,5o70A,22
2eb0A,5o70A,22
2enxA,5o70A,22
2hawA,5o70A,22
3devA,5o70A,22
3w5wA,5o70A,22
4ls9A,5o70A,22
4rpaA,5o70A,22
5cetA,5o70A,22
5ippA,5o70A,22
5o70A,5o70A,22
5x4kA,5o70A,22
5xspA,5o70A,22
5yh1A,5o70A,22
6ll8A,5o70A,22
7bmfA,5o70A,22
7ykvA,5o70A,22
8a8kA,5o70A,22
8iooA,5o70A,22
8iu7A,5o70A,22
5o85B,5o85B,1
5o8zA,5o8zA,1
2cx8A,5o96A,5
2egvA,5o96A,5
3kw2A,5o96A,5
5o96A,5o96A,5
5vm8B,5o96A,5
5o9bA,5o9bA,1
5oarA,5oarA,1
5ocaA,5ocaA,1
4driB,5od9A,4
5od9A,5od9A,4
6ypiA,5od9A,4
9cteA,5od9A,4
1je5B,5odjA,2
5odjA,5odjA,2
5odqC,5odqC,3
7bkec,5odqC,3
8rwnc,5odqC,3
5oeaA,5oeaA,1
1g71A,5of3A,7
1v33A,5of3A,7
4limA,5of3A,7
5of3A,5of3A,7
6rb4A,5of3A,7
8g9fD,5of3A,7
9f28A,5of3A,7
5of3C,5of3C,1
1ejrC,5ol4C,4
3qgaC,5ol4C,4
5ol4C,5ol4C,4
6zjaB,5ol4C,4
5on6n,5on6n,1
1jwqA,5onkA,23
3a9lA,5onkA,23
3czxA,5onkA,23
3giuA,5onkA,23
3lacB,5onkA,23
3ne8A,5onkA,23
3qayA,5onkA,23
3ro0A,5onkA,23
4axvA,5onkA,23
4m6iA,5onkA,23
4rn7A,5onkA,23
5emiA,5onkA,23
5hxdA,5onkA,23
5onkA,5onkA,23
5z48A,5onkA,23
7aglA,5onkA,23
7agmA,5onkA,23
7b3nA,5onkA,23
7ragB,5onkA,23
7tj4B,5onkA,23
8c0jA,5onkA,23
8c2oA,5onkA,23
9cunA,5onkA,23
5oolo,5oolo,1
2vo9A,5opzA,4
5opzA,5opzA,4
6akvA,5opzA,4
8p3aA,5opzA,4
5oqdA,5oqdA,1
1bugA,5or3A,7
2y9wA,5or3A,7
4ouaA,5or3A,7
4z0yA,5or3A,7
5m8sA,5or3A,7
5or3A,5or3A,7
6z1sA,5or3A,7
5ouoA,5ouoA,1
5owoA,5owoA,1
5oxfA,5oxfB,2
5oxfB,5oxfB,2
5oxfC,5oxfC,1
1ajjA,5oy9D,10
1j8eA,5oy9D,10
2kriB,5oy9D,10
2m0pA,5oy9D,10
3a7qB,5oy9D,10
5oy9D,5oy9D,10
7fffD,5oy9D,10
8ua4R,5oy9D,10
8ufbR,5oy9D,10
8xi5M,5oy9D,10
1d2jA,5oylD,4
5oylD,5oylD,4
8ihpM,5oylD,4
8ua8R,5oylD,4
2az4A,5q22A,5
5q22A,5q22A,5
7a1fA,5q22A,5
7afuA,5q22A,5
7sglD,5q22A,5
5qivA,5qivA,1
1jknA,5qoqA,44
1k26A,5qoqA,44
1ktgA,5qoqA,44
1ppvA,5qoqA,44
1r67A,5qoqA,44
1ryaA,5qoqA,44
1su2A,5qoqA,44
1vc8A,5qoqA,44
2a8tA,5qoqA,44
2b06A,5qoqA,44
2xsqA,5qoqA,44
3ef5A,5qoqA,44
3gz8A,5qoqA,44
3hhjA,5qoqA,44
3i7vA,5qoqA,44
3qsjA,5qoqA,44
3r03A,5qoqA,44
3sonA,5qoqA,44
3x0kA,5qoqA,44
4hvyA,5qoqA,44
4ijxA,5qoqA,44
4jzvA,5qoqA,44
4mpoA,5qoqA,44
4nfwA,5qoqA,44
4s2vA,5qoqA,44
4s2xA,5qoqA,44
5deqA,5qoqA,44
5mzgA,5qoqA,44
5otnA,5qoqA,44
5qhhA,5qoqA,44
5qoqA,5qoqA,44
5r4qA,5qoqA,44
5u7fA,5qoqA,44
5ws7A,5qoqA,44
5wwdA,5qoqA,44
5zrgA,5qoqA,44
6pckA,5qoqA,44
6ypfA,5qoqA,44
7aurA,5qoqA,44
7ausA,5qoqA,44
7b67A,5qoqA,44
7nnjB,5qoqA,44
7sycA,5qoqA,44
7ww6A,5qoqA,44
2x6uA,5qs9A,2
5qs9A,5qs9A,2
5qsxB,5qsxB,1
5qsyB,5qsyB,1
5r53A,5r53A,1
5r68A,5r68A,4
5wyiC,5r68A,4
8pj7A,5r68A,4
8pjiA,5r68A,4
1fwuA,5r8qA,30
1g82A,5r8qA,30
1knmA,5r8qA,30
2ds0A,5r8qA,30
2liqA,5r8qA,30
2p39A,5r8qA,30
2x2tA,5r8qA,30
2y9gA,5r8qA,30
3k1xA,5r8qA,30
3kmvA,5r8qA,30
3nbcA,5r8qA,30
4i4sA,5r8qA,30
4izxA,5r8qA,30
4owkA,5r8qA,30
4p6aA,5r8qA,30
4usoA,5r8qA,30
5f8wA,5r8qA,30
5r8qA,5r8qA,30
5uc6A,5r8qA,30
6ifbA,5r8qA,30
6lf2A,5r8qA,30
6lqkA,5r8qA,30
6p9eA,5r8qA,30
7yshB,5r8qA,30
7zopA,5r8qA,30
8b97A,5r8qA,30
8hueA,5r8qA,30
8r8aA,5r8qA,30
8vcpA,5r8qA,30
9fnlA,5r8qA,30
5rwwA,5rwwA,1
1gc6A,5ryoA,4
5ryoA,5ryoA,4
6cdsA,5ryoA,4
6oq4A,5ryoA,4
5s5aE,5s5aE,1
5sbqA,5sbqA,1
3wolA,5sddA,5
5jwiA,5sddA,5
5jxfA,5sddA,5
5sddA,5sddA,5
7dkcA,5sddA,5
5sldD,5sldD,2
7n0dB,5sldD,2
5sw1A,5sw1A,1
5swoB,5swoB,1
5sy1A,5sy1A,1
5sybA,5sybA,4
7dco5,5sybA,4
7dvq6,5sybA,4
7q4oG,5sybA,4
4il3A,5sytA,2
5sytA,5sytA,2
4zi9A,5t4mA,32
4zplA,5t4mA,32
4zpsA,5t4mA,32
5cyxA,5t4mA,32
5dzvA,5t4mA,32
5dzwA,5t4mA,32
5dzxA,5t4mA,32
5i8dA,5t4mA,32
5iu9A,5t4mA,32
5k8rA,5t4mA,32
5szmA,5t4mA,32
5szpA,5t4mA,32
5szqA,5t4mA,32
5szrA,5t4mA,32
5t4mA,5t4mA,32
5uz8A,5t4mA,32
5v5xA,5t4mA,32
5vvmA,5t4mA,32
5w4tA,5t4mA,32
6bx7A,5t4mA,32
6bxuA,5t4mA,32
6cv7A,5t4mA,32
6pgwA,5t4mA,32
6vfqA,5t4mA,32
6vfrA,5t4mA,32
6vftA,5t4mA,32
6vfuA,5t4mA,32
7rgfA,5t4mA,32
7sz8A,5t4mA,32
8d40A,5t4mA,32
8egwB,5t4mA,32
8egxA,5t4mA,32
5t5iD,5t5iD,3
7bkcj,5t5iD,3
8rjaD,5t5iD,3
1pujA,5t62W,8
3cnlA,5t62W,8
5t62W,5t62W,8
6g15A,5t62W,8
7o9mC,5t62W,8
7of1m,5t62W,8
8qsjz,5t62W,8
9hcfz,5t62W,8
1f0yA,5t95A,78
1i36A,5t95A,78
1m66A,5t95A,78
1yonA,5t95A,78
1z82A,5t95A,78
2ag8A,5t95A,78
2ahrA,5t95A,78
2cvzA,5t95A,78
2f1kA,5t95A,78
2g5cA,5t95A,78
2i76A,5t95A,78
2plaA,5t95A,78
2pv7A,5t95A,78
2rcyA,5t95A,78
2uyyA,5t95A,78
3adpA,5t95A,78
3b1fA,5t95A,78
3d1lB,5t95A,78
3f3sA,5t95A,78
3hdhC,5t95A,78
3hwrA,5t95A,78
3pduA,5t95A,78
3pefA,5t95A,78
3triA,5t95A,78
3ws7A,5t95A,78
3zhbA,5t95A,78
4d3fB,5t95A,78
4dydA,5t95A,78
4kugA,5t95A,78
4ol9A,5t95A,78
4om8A,5t95A,78
4oqyA,5t95A,78
4pzdA,5t95A,78
4wjiA,5t95A,78
4ycaA,5t95A,78
5a9tA,5t95A,78
5ayvA,5t95A,78
5bsfA,5t95A,78
5g6rA,5t95A,78
5je8A,5t95A,78
5ocmA,5t95A,78
5ojlA,5t95A,78
5t57A,5t95A,78
5t95A,5t95A,78
5u5gA,5t95A,78
5x20A,5t95A,78
6aa8E,5t95A,78
6jizB,5t95A,78
6k1rA,5t95A,78
6pypA,5t95A,78
6smtA,5t95A,78
6smzA,5t95A,78
6to4A,5t95A,78
6u60A,5t95A,78
7a3wA,5t95A,78
7mqvA,5t95A,78
7og3A,5t95A,78
7osnA,5t95A,78
7wnnA,5t95A,78
7xr5A,5t95A,78
7y8nA,5t95A,78
8a5zA,5t95A,78
8bk1A,5t95A,78
8hwyA,5t95A,78
8ixhA,5t95A,78
8j43A,5t95A,78
8j44A,5t95A,78
8jytA,5t95A,78
8ozvA,5t95A,78
8qheA,5t95A,78
8td7A,5t95A,78
8u06A,5t95A,78
8yxyA,5t95A,78
8z9fA,5t95A,78
9fbdA,5t95A,78
9fm7A,5t95A,78
9jhyB,5t95A,78
9jmxA,5t95A,78
3cl5A,5t96A,7
3i1lA,5t96A,7
3i26D,5t96A,7
4c7wA,5t96A,7
5e65A,5t96A,7
5jilA,5t96A,7
5t96A,5t96A,7
5tbwt,5tbwt,1
3iu6A,5tckA,16
3s92A,5tckA,16
5fh7A,5tckA,16
5ig6A,5tckA,16
5n18A,5tckA,16
5s9gA,5tckA,16
5tckA,5tckA,16
5tcmA,5tckA,16
5u9nA,5tckA,16
5v84A,5tckA,16
6nezA,5tckA,16
7amcA,5tckA,16
7lejA,5tckA,16
7w3dA,5tckA,16
8r6mA,5tckA,16
9hhcA,5tckA,16
5tcxA,5tcxA,2
8esvB,5tcxA,2
2lv9A,5tdrA,3
5tdrA,5tdrA,3
6o7gB,5tdrA,3
5te1A,5te1A,1
1qezA,5teaA,8
1wcfA,5teaA,8
2au7A,5teaA,8
3ej0A,5teaA,8
3q46A,5teaA,8
3tr4A,5teaA,8
5teaA,5teaA,8
6ki8A,5teaA,8
1yagA,5tgcA,31
2p9iA,5tgcA,31
3cipA,5tgcA,31
4fo0A,5tgcA,31
4pl7A,5tgcA,31
5i9eA,5tgcA,31
5ljwA,5tgcA,31
5ly3A,5tgcA,31
5tgcA,5tgcA,31
6i4eA,5tgcA,31
6i4mA,5tgcA,31
7ju4u,5tgcA,31
7w4zA,5tgcA,31
7z8iA,5tgcA,31
7z8mJ,5tgcA,31
7zi4H,5tgcA,31
7zvwG,5tgcA,31
8a5dU,5tgcA,31
8a5dW,5tgcA,31
8a5oU,5tgcA,31
8c47A,5tgcA,31
8ccoA,5tgcA,31
8ootJ,5tgcA,31
8r2nA,5tgcA,31
8tahB,5tgcA,31
8uxwA,5tgcA,31
8uxwB,5tgcA,31
8x1cK,5tgcA,31
8xvtI,5tgcA,31
9b1dC,5tgcA,31
9c57L,5tgcA,31
2gijA,5tgqA,2
5tgqA,5tgqA,2
1pguA,5thaA,15
2cn3A,5thaA,15
2ebsA,5thaA,15
5fksA,5thaA,15
5jwzA,5thaA,15
5m11A,5thaA,15
5thaA,5thaA,15
6mglA,5thaA,15
6p2kA,5thaA,15
6p2lA,5thaA,15
6p2mA,5thaA,15
6p2nA,5thaA,15
6p2oA,5thaA,15
7kn8A,5thaA,15
8bu1A,5thaA,15
3fe5A,5tkqA,2
5tkqA,5tkqA,2
2xxlA,5to3B,8
4bxwA,5to3B,8
5ce1A,5to3B,8
5to3B,5to3B,8
7meqA,5to3B,8
8s0lA,5to3B,8
9cliZ,5to3B,8
9d40A,5to3B,8
5trdA,5trdA,1
5tsaA,5tsaA,2
8j1mA,5tsaA,2
5tt5A,5tt5A,1
5tt6A,5tt6A,1
5tv7A,5tv7A,1
5flgA,5tvaA,2
5tvaA,5tvaA,2
5tvfA,5tvfA,1
1jl0A,5tvfB,3
3ep6A,5tvfB,3
5tvfB,5tvfB,3
4ivgA,5tvxA,4
5tthA,5tvxA,4
5tvxA,5tvxA,4
7klvA,5tvxA,4
1gpmA,5tw7E,4
2ywcA,5tw7E,4
3uowA,5tw7E,4
5tw7E,5tw7E,4
4fakA,5twkA,2
5twkA,5twkA,2
5tx6A,5tx6A,5
6omnE,5tx6A,5
6y6nA,5tx6A,5
8bwlA,5tx6A,5
9dpmA,5tx6A,5
5txuA,5txuA,1
1kk1A,5ty0A,23
1s0uA,5ty0A,23
2c78A,5ty0A,23
3p27A,5ty0A,23
3vmfA,5ty0A,23
3wnbA,5ty0A,23
4ac9A,5ty0A,23
4b43A,5ty0A,23
4rd4A,5ty0A,23
4tmxA,5ty0A,23
4zkdA,5ty0A,23
5h7kA,5ty0A,23
5izkA,5ty0A,23
5izlA,5ty0A,23
5o8wA,5ty0A,23
5ty0A,5ty0A,23
5yt0A,5ty0A,23
6fyyk,5ty0A,23
6zp4Y,5ty0A,23
7ase5,5ty0A,23
8qzzA,5ty0A,23
8rw1k,5ty0A,23
8ylyA,5ty0A,23
5tzdA,5tzdA,2
5tzdB,5tzdA,2
5u19A,5u19A,2
7rc2A,5u19A,2
3cyqD,5u1hA,6
3td3A,5u1hA,6
4g4xA,5u1hA,6
5n2cA,5u1hA,6
5u1hA,5u1hA,6
7rjjA,5u1hA,6
2bnmA,5u55A,2
5u55A,5u55A,2
5u6zA,5u6zA,1
5u75A,5u75A,1
2x1eA,5u84A,3
5u81A,5u84A,3
5u84A,5u84A,3
3npeA,5u97A,14
4ou9A,5u97A,14
4rscA,5u97A,14
5j53A,5u97A,14
5u97A,5u97A,14
5v2dA,5u97A,14
6ojrA,5u97A,14
6vcgA,5u97A,14
6xm6A,5u97A,14
7vudA,5u97A,14
7wh0A,5u97A,14
7wh1A,5u97A,14
8ftyA,5u97A,14
9g88A,5u97A,14
5u9jA,5u9jA,1
5ud5A,5ud5A,1
5udzA,5udzA,1
5ue8A,5ue8A,1
5ufiA,5ufiA,1
2vtcA,5ufvA,25
3ejaA,5ufvA,25
3zudA,5ufvA,25
4b5qA,5ufvA,25
4d7uA,5ufvA,25
4eirA,5ufvA,25
4eisA,5ufvA,25
4maiA,5ufvA,25
4qi8A,5ufvA,25
5fohA,5ufvA,25
5nltA,5ufvA,25
5nnsA,5ufvA,25
5no7A,5ufvA,25
5o2xA,5ufvA,25
5ufvA,5ufvA,25
6haqA,5ufvA,25
6rs9A,5ufvA,25
7a8vA,5ufvA,25
7exkA,5ufvA,25
7ntlA,5ufvA,25
7pyyA,5ufvA,25
7vfcA,5ufvA,25
9bjqA,5ufvA,25
9fdlA,5ufvA,25
9hdgA,5ufvA,25
2p06A,5uhsA,4
5uhsA,5uhsA,4
8yw8A,5uhsA,4
9givA,5uhsA,4
5uj5A,5uj5A,1
5uk5A,5uk5A,1
5ukhA,5ukhA,1
5ukiA,5ukiA,1
5ul3A,5ul3A,1
5umd2,5umd2,1
5un1A,5un1A,1
4q4fA,5uphA,2
5uphA,5uphA,2
5uvdA,5uvdA,1
3qt2B,5uwcG,2
5uwcG,5uwcG,2
1a76A,5v07Z,10
3zdbA,5v07Z,10
4q0wA,5v07Z,10
5co8A,5v07Z,10
5hmlA,5v07Z,10
5t9jB,5v07Z,10
5v07Z,5v07Z,10
5zodA,5v07Z,10
6c33A,5v07Z,10
9l56A,5v07Z,10
3dyeA,5v13A,6
3nhiA,5v13A,6
5v13A,5v13A,6
6mt7A,5v13A,6
6v4cA,5v13A,6
7tx8A,5v13A,6
4k36A,5v1tA,5
5v1tA,5v1tA,5
5wggA,5v1tA,5
8vpoA,5v1tA,5
9gm3A,5v1tA,5
5v1vA,5v1vA,3
6jx3B,5v1vA,3
8t19A,5v1vA,3
5v2oA,5v2oA,1
5v3jE,5v3jE,1
4phrA,5v4aA,2
5v4aA,5v4aA,2
5ux1A,5v4tA,3
5v4tA,5v4tA,3
8fhbA,5v4tA,3
5jysA,5v51A,2
5v51A,5v51A,2
5v56A,5v56A,1
5v7pA,5v7pA,1
5v8kA,5v8kA,2
7z6qa,5v8kA,2
1e5dA,5v8sA,7
1ycgA,5v8sA,7
2ohhA,5v8sA,7
2q9uA,5v8sA,7
4d02A,5v8sA,7
5v8sA,5v8sA,7
6frnA,5v8sA,7
5varA,5varA,1
5vbnB,5vbnB,1
5vcmA,5vcmA,1
5ve9C,5ve9C,1
5vf0B,5vf0B,1
5vf4A,5vf4A,1
5mh6A,5vg6G,4
5nzoA,5vg6G,4
5vg6G,5vg6G,4
7cvpA,5vg6G,4
5vgcA,5vgcA,1
3x1dA,5vgrB,7
5vgrA,5vgrB,7
5vgrB,5vgrB,7
6b9fA,5vgrB,7
6b9gA,5vgrB,7
6xjoA,5vgrB,7
9jjvA,5vgrB,7
5vgtA,5vgtA,1
5vi0A,5vi0A,1
1mj3A,5vj1E,38
1nzyA,5vj1E,38
1rjmA,5vj1E,38
1sg4B,5vj1E,38
1szoA,5vj1E,38
1xx4A,5vj1E,38
2a81A,5vj1E,38
2f9iB,5vj1E,38
2j5sA,5vj1E,38
2uzfA,5vj1E,38
2vsuA,5vj1E,38
3h81A,5vj1E,38
3omeA,5vj1E,38
3p85A,5vj1E,38
3pe8A,5vj1E,38
3rrvA,5vj1E,38
3t3wA,5vj1E,38
4fnbA,5vj1E,38
4i42A,5vj1E,38
4i4zA,5vj1E,38
4izcA,5vj1E,38
4jvtA,5vj1E,38
4qiiA,5vj1E,38
4zdcA,5vj1E,38
5dufA,5vj1E,38
5jbxA,5vj1E,38
5kdrA,5vj1E,38
5vj1D,5vj1E,38
5vj1E,5vj1E,38
5zaiA,5vj1E,38
6l3pA,5vj1E,38
6n92A,5vj1E,38
6p5uA,5vj1E,38
7borA,5vj1E,38
7xwtB,5vj1E,38
7xwvA,5vj1E,38
8uz2D,5vj1E,38
8zryA,5vj1E,38
1cjcA,5vj7A,7
1lqtA,5vj7A,7
4ylfB,5vj7A,7
5jcaL,5vj7A,7
5vj7A,5vj7A,7
6s6uG,5vj7A,7
7mfmI,5vj7A,7
5vjjA,5vjjA,1
3zciA,5vjtA,18
5er7A,5vjtA,18
5vjtA,5vjtA,18
6l3tA,5vjtA,18
7jh6A,5vjtA,18
7lepG,5vjtA,18
7vg5A,5vjtA,18
7xqfA,5vjtA,18
8aynI,5vjtA,18
8ii8A,5vjtA,18
8qjfA,5vjtA,18
8qojA,5vjtA,18
8w6eA,5vjtA,18
8xbmA,5vjtA,18
8yvuF,5vjtA,18
9cmiA,5vjtA,18
9fajL,5vjtA,18
9r7jA,5vjtA,18
5vk3B,5vk3B,1
5lfrA,5vkmA,2
5vkmA,5vkmA,2
5vmdA,5vmdA,1
3v1uA,5vp5A,2
5vp5A,5vp5A,2
3ci0K,5vtmX,2
5vtmX,5vtmX,2
2rdeA,5vx6A,5
3kyfA,5vx6A,5
5ejlA,5vx6A,5
5vx6A,5vx6A,5
5y6fA,5vx6A,5
1dxeA,5vxcA,14
1izcA,5vxcA,14
2vwtA,5vxcA,14
3oyzA,5vxcA,14
3r4iA,5vxcA,14
4b5sA,5vxcA,14
4l80A,5vxcA,14
4l9yB,5vxcA,14
4l9zA,5vxcA,14
4tv5A,5vxcA,14
5ugrA,5vxcA,14
5vxcA,5vxcA,14
7etbA,5vxcA,14
7obuA,5vxcA,14
2qf7B,5vywA,3
5vywA,5vywA,3
8gk8C,5vywA,3
5vztB,5vztB,1
1h46X,5w11A,13
1ojjA,5w11A,13
2ovwA,5w11A,13
2rfyA,5w11A,13
2v3iA,5w11A,13
2xspA,5w11A,13
3pfzA,5w11A,13
4ipmA,5w11A,13
4v20A,5w11A,13
4xebA,5w11A,13
4zzvA,5w11A,13
5o59A,5w11A,13
5w11A,5w11A,13
5w1dA,5w1dA,1
5w1oA,5w1xA,3
5w1xA,5w1xA,3
5y9eA,5w1xA,3
1tzdA,5w2iA,9
2a98A,5w2iA,9
2aqxA,5w2iA,9
2iewA,5w2iA,9
4o4fA,5w2iA,9
5w2iA,5w2iA,9
8pp8A,5w2iA,9
8pp9B,5w2iA,9
8t93A,5w2iA,9
5w6sA,5w6sA,2
8iq9A,5w6sA,2
5w7bA,5w7bA,1
5w7bC,5w7bC,2
5w7cC,5w7bC,2
5w7dA,5w7dA,1
2n7lC,5w88A,2
5w88A,5w88A,2
5w8xA,5w8xA,1
5w99A,5w99A,2
7cwwA,5w99A,2
5w9aA,5w9aA,1
5waiB,5waiB,1
5wakB,5wakB,1
5wamB,5wamB,1
1qh5A,5wckA,47
1xm8A,5wckA,47
2p18A,5wckA,47
2p97A,5wckA,47
2qedA,5wckA,47
2r2dA,5wckA,47
2vw8A,5wckA,47
2zo4A,5wckA,47
3adrA,5wckA,47
3aj3A,5wckA,47
3dhaA,5wckA,47
3r2uA,5wckA,47
4ad9A,5wckA,47
4efzA,5wckA,47
4le6A,5wckA,47
4o98A,5wckA,47
4v0hA,5wckA,47
4xukA,5wckA,47
4yslA,5wckA,47
4zo2A,5wckA,47
5aebA,5wckA,47
5i0pA,5wckA,47
5k0wA,5wckA,47
5u8oA,5wckA,47
5ve3A,5wckA,47
5wckA,5wckA,47
6ao1A,5wckA,47
6c2cA,5wckA,47
6cgyA,5wckA,47
6dqhA,5wckA,47
6mfiA,5wckA,47
6n36A,5wckA,47
6n9iA,5wckA,47
6qwoA,5wckA,47
6r9nA,5wckA,47
6rz0A,5wckA,47
6u10A,5wckA,47
6uxuA,5wckA,47
7luuA,5wckA,47
7y7uA,5wckA,47
7zo3A,5wckA,47
8d2zA,5wckA,47
8ewoA,5wckA,47
8u00A,5wckA,47
8x78A,5wckA,47
8zu4A,5wckA,47
8zxgA,5wckA,47
5wd6A,5wd6A,1
5wdtZ,5wdtZ,2
9no73,5wdtZ,2
3o8bA,5wdxA,2
5wdxA,5wdxA,2
5we2B,5we2B,1
5wfgA,5wfgA,1
5wfsQ,5wfsQ,2
9no7U,5wfsQ,2
1bjoA,5wgbA,74
1d2fA,5wgbA,74
1djeA,5wgbA,74
1fc4A,5wgbA,74
1m32A,5wgbA,74
1v72A,5wgbA,74
1vjoA,5wgbA,74
1w23A,5wgbA,74
1wyuB,5wgbA,74
1xi9A,5wgbA,74
2bkwA,5wgbA,74
2bwnA,5wgbA,74
2c0rA,5wgbA,74
2ch1A,5wgbA,74
2dgkA,5wgbA,74
2dr1A,5wgbA,74
2fyfA,5wgbA,74
2hufA,5wgbA,74
2x3lA,5wgbA,74
2yrrA,5wgbA,74
2z9vA,5wgbA,74
3b8xA,5wgbA,74
3cq5A,5wgbA,74
3ffrA,5wgbA,74
3islA,5wgbA,74
3kgwA,5wgbA,74
3kkiA,5wgbA,74
3l8aA,5wgbA,74
3ly1A,5wgbA,74
3qboA,5wgbA,74
3qm2A,5wgbA,74
3tqxA,5wgbA,74
3zrpA,5wgbA,74
4dq6A,5wgbA,74
4hvkA,5wgbA,74
4r5zA,5wgbA,74
4r8dA,5wgbA,74
4wbtA,5wgbA,74
5f9sA,5wgbA,74
5g4iA,5wgbA,74
5k1rA,5wgbA,74
5qr1A,5wgbA,74
5txrA,5wgbA,74
5vyeA,5wgbA,74
5wgbA,5wgbA,74
5wt2A,5wgbA,74
5yb0J,5wgbA,74
5yd2A,5wgbA,74
5zssA,5wgbA,74
6c3cA,5wgbA,74
6czzA,5wgbA,74
6ldrA,5wgbA,74
6mfbA,5wgbA,74
6pk1A,5wgbA,74
6xdkA,5wgbA,74
7bxqA,5wgbA,74
7k0kA,5wgbA,74
7k0kB,5wgbA,74
7mfoA,5wgbA,74
7t7jA,5wgbA,74
7u7hA,5wgbA,74
7v58A,5wgbA,74
7yjoA,5wgbA,74
7yjoB,5wgbA,74
8a5vA,5wgbA,74
8bj3A,5wgbA,74
8h20A,5wgbA,74
8iajA,5wgbA,74
8iajB,5wgbA,74
8jg7A,5wgbA,74
8jijA,5wgbA,74
8s1yA,5wgbA,74
8xhaA,5wgbA,74
9e97A,5wgbA,74
5wheF,5wheF,1
5whgA,5whgA,1
5whmA,5whmA,1
5fmmA,5wl0A,2
5wl0A,5wl0A,2
5wlqA,5wlqA,1
5wmmA,5wmmA,1
3qzcA,5wo2B,3
4wwfA,5wo2B,3
5wo2B,5wo2B,3
4ineA,5wp4A,5
4krgA,5wp4A,5
4kriA,5wp4A,5
5wp4A,5wp4A,5
6wlfA,5wp4A,5
5wp5A,5wp5A,1
4kqbA,5wrsA,3
5wrsA,5wrsA,3
5xooA,5wrsA,3
5lj7A,5ws4A,2
5ws4A,5ws4A,2
5wtlA,5wtlA,1
5a2zA,5wu3A,3
5wu3A,5wu3A,3
8idfA,5wu3A,3
5wuqC,5wuqC,1
5rl9A,5wwpA,3
5wwpA,5wwpA,3
5wwpB,5wwpA,3
1we9A,5wxhA,23
1wemA,5wxhA,23
1wepA,5wxhA,23
2e6sA,5wxhA,23
2k16A,5wxhA,23
2mnyA,5wxhA,23
3aslA,5wxhA,23
3o7aA,5wxhA,23
3zvzB,5wxhA,23
4l58A,5wxhA,23
4l7xA,5wxhA,23
4qf2A,5wxhA,23
5tabA,5wxhA,23
5tbnA,5wxhA,23
5wlfA,5wxhA,23
5wxhA,5wxhA,23
5y20A,5wxhA,23
5yc3A,5wxhA,23
6fi0B,5wxhA,23
6vfoA,5wxhA,23
7m10A,5wxhA,23
8vlfA,5wxhA,23
9c0oA,5wxhA,23
5x0jA,5x0jA,1
5x14A,5x14A,2
6lg2A,5x14A,2
5x20D,5x20D,1
5x2eA,5x2eA,1
5x42A,5x42A,1
2v3zA,5x49A,7
3ig4A,5x49A,7
4pv4A,5x49A,7
5wzeA,5x49A,7
5x49A,5x49A,7
6a9tA,5x49A,7
6sreA,5x49A,7
5x62A,5x62A,2
5yf0A,5x62A,2
5x6cA,5x6cA,1
5x6tA,5x6tA,1
5x6yA,5x6yA,2
5x6yB,5x6yA,2
2fbhA,5x7zA,27
2frhA,5x7zA,27
3gflA,5x7zA,27
3hsrA,5x7zA,27
3kp2A,5x7zA,27
3tgnA,5x7zA,27
4em0B,5x7zA,27
4rguA,5x7zA,27
4xrfA,5x7zA,27
5aipA,5x7zA,27
5cyvA,5x7zA,27
5e1xA,5x7zA,27
5hliA,5x7zA,27
5jluA,5x7zA,27
5x7zA,5x7zA,27
5yhyA,5x7zA,27
6c28A,5x7zA,27
6fi9A,5x7zA,27
6pcpA,5x7zA,27
7dvrA,5x7zA,27
7kfoA,5x7zA,27
7kuaA,5x7zA,27
7l19A,5x7zA,27
7l1iA,5x7zA,27
8yljA,5x7zA,27
8yllA,5x7zA,27
8ylmA,5x7zA,27
5x9rA,5x9rA,1
3x2mA,5xbxA,2
5xbxA,5xbxA,2
5xe9B,5xe9B,2
6pgvA,5xe9B,2
5xekA,5xekA,1
3hwpA,5xeyB,2
5xeyB,5xeyB,2
5xf9B,5xf9B,2
9mqxA,5xf9B,2
5xfnA,5xfnA,2
5xfrA,5xfnA,2
5xgaA,5xgaA,1
5xgdA,5xgdA,1
2id0A,5xguA,6
5xguA,5xguA,6
6f3hA,5xguA,6
7didA,5xguA,6
7dolA,5xguA,6
7tuvA,5xguA,6
5xhtA,5xhtA,1
5xisD,5xisD,1
5xj5A,5xj5A,1
1p6oA,5xkrA,18
1vq2A,5xkrA,18
1wkqA,5xkrA,18
1wwrA,5xkrA,18
1z3aA,5xkrA,18
2a8nA,5xkrA,18
2b3jA,5xkrA,18
2g84A,5xkrA,18
2nx8A,5xkrA,18
4p9cA,5xkrA,18
5jfyA,5xkrA,18
5xkrA,5xkrA,18
6l2mA,5xkrA,18
7cphA,5xkrA,18
7dc9A,5xkrA,18
7dryA,5xkrA,18
7nz9A,5xkrA,18
8aw32,5xkrA,18
5xkxA,5xkxA,1
5xlkC,5xlkC,1
4rt1A,5xlyB,3
5xlyB,5xlyB,3
5y6gA,5xlyB,3
2bs2C,5xmjC,2
5xmjC,5xmjC,2
3v0rA,5xmzA,2
5xmzA,5xmzA,2
5xnli,5xnli,1
5xnlm,5xnlm,1
5xnlx,5xnlx,1
5xnml,5xnml,2
7pi0L,5xnml,2
5xnrA,5xnrA,1
1fuqA,5xnzA,28
1k7wA,5xnzA,28
2e9fA,5xnzA,28
2j91A,5xnzA,28
2ptrA,5xnzA,28
2qgaB,5xnzA,28
2x75A,5xnzA,28
3oceA,5xnzA,28
3r6qA,5xnzA,28
3r6yF,5xnzA,28
4eeiA,5xnzA,28
4efcA,5xnzA,28
4mx2A,5xnzA,28
5eytA,5xnzA,28
5nxaB,5xnzA,28
5nxaC,5xnzA,28
5vkwB,5xnzA,28
5xnzA,5xnzA,28
6ienA,5xnzA,28
6rx8A,5xnzA,28
6s43A,5xnzA,28
6wngA,5xnzA,28
7c18A,5xnzA,28
7lubA,5xnzA,28
7t29A,5xnzA,28
9bpwA,5xnzA,28
9ggjA,5xnzA,28
9h4eB,5xnzA,28
3au7A,5xobZ,2
5xobZ,5xobZ,2
3po3S,5xonU,3
5iybU,5xonU,3
5xonU,5xonU,3
5xopA,5xopA,1
5xqgA,5xqgA,1
5xqlA,5xqlA,1
5xsvA,5xsvA,1
5xtcU,5xtcU,1
5xtcb,5xtcb,1
5xtce,5xtce,2
7v2he,5xtce,2
5xtcf,5xtcf,1
5xtch,5xtch,2
7v2hh,5xtch,2
5xtcj,5xtcj,1
5xtco,5xtco,1
5xteD,5xteD,1
5jugA,5xttA,2
5xttA,5xttA,2
1esdA,5xtuA,6
5xtuA,5xtuA,6
6jkzA,5xtuA,6
8a26A,5xtuA,6
8d8xA,5xtuA,6
8h09A,5xtuA,6
1f7lA,5xukA,13
1fthA,5xukA,13
2qg8A,5xukA,13
2watA,5xukA,13
2wdsA,5xukA,13
3hqjA,5xukA,13
3hykA,5xukA,13
3nfdA,5xukA,13
3qmnA,5xukA,13
5suvA,5xukA,13
5xuhA,5xukA,13
5xukA,5xukA,13
7r49B,5xukA,13
5f1cA,5xw6A,10
5svlA,5xw6A,10
5u1xA,5xw6A,10
5wzyA,5xw6A,10
5xw6A,5xw6A,10
8zt2A,5xw6A,10
9b73A,5xw6A,10
9bqiA,5xw6A,10
9c48A,5xw6A,10
9ik1A,5xw6A,10
5xwdA,5xwdA,1
1ei6A,5xwiA,4
3szyA,5xwiA,4
5tj3A,5xwiA,4
5xwiA,5xwiA,4
5xwmA,5xwmA,1
3na7A,5y06A,3
4iloA,5y06A,3
5y06A,5y06A,3
5y0qA,5y0tA,2
5y0tA,5y0tA,2
5y2vA,5y2vA,2
9f14A,5y2vA,2
5y4cA,5y4cA,1
5y5sE,5y5sE,1
5y95A,5y95A,1
5y9xA,5y9xA,1
1ubdC,5yegA,19
2gliA,5yegA,19
2i13A,5yegA,19
2i13B,5yegA,19
5ei9E,5yegA,19
5kkqA,5yegA,19
5t0uA,5yegA,19
5undA,5yegA,19
5v3gA,5yegA,19
5yefA,5yegA,19
5yegA,5yegA,19
6e94A,5yegA,19
6ml3A,5yegA,19
6ml4A,5yegA,19
6wmiA,5yegA,19
7eyiG,5yegA,19
7ysfA,5yegA,19
8sstA,5yegA,19
9hjuA,5yegA,19
5yelA,5yelA,1
5yeuA,5yeuA,1
5yf4A,5yf4A,1
2yvkA,5yfjA,6
3a9cA,5yfjA,6
5yfjA,5yfjA,6
6cajC,5yfjA,6
6o85E,5yfjA,6
7kmaA,5yfjA,6
5yhbA,5yhbA,1
5yixA,5yixA,1
5yixB,5yixB,1
5yj3C,5yj3C,1
5yjgA,5yjgA,1
5yjjA,5yjjA,1
5yjlA,5yjlA,1
5yk6A,5yk6A,1
5ylgA,5ylgA,1
5ynmB,5ynmB,3
7nh7B,5ynmB,3
9fzkA,5ynmB,3
5yq0C,5yq0C,1
1iwpB,5yrvB,2
5yrvB,5yrvB,2
5ys3A,5ys3A,1
5ysiA,5ysiA,1
1iwpA,5ysnA,3
5yrvA,5ysnA,3
5ysnA,5ysnA,3
5ysnB,5ysnB,1
5yt6D,5yt6D,1
1omoA,5yu3A,10
1x7dA,5yu3A,10
2i99A,5yu3A,10
4bvaA,5yu3A,10
4mp8A,5yu3A,10
5yu3A,5yu3A,10
6rqaA,5yu3A,10
6t3eA,5yu3A,10
7cxuB,5yu3A,10
8j1cA,5yu3A,10
5yufA,5yufA,2
9jtaC,5yufA,2
5yugA,5yugE,3
5yugE,5yugE,3
5z28A,5yugE,3
3gqcA,5yuyA,13
3mfiA,5yuyA,13
3osnA,5yuyA,13
4f4wA,5yuyA,13
4f4yA,5yuyA,13
4f4zB,5yuyA,13
4tqrA,5yuyA,13
5yuyA,5yuyA,13
6cstA,5yuyA,13
6jumA,5yuyA,13
6x6zA,5yuyA,13
7m7nA,5yuyA,13
7yllA,5yuyA,13
5ywrB,5ywrB,1
4mj7A,5yz4A,4
5oqlP,5yz4A,4
5yz4A,5yz4A,4
9g25K,5yz4A,4
5yz9A,5yz9A,1
5yzcB,5yzcB,1
5z06A,5z06A,1
5z25A,5z25A,1
5z2wA,5z2wA,1
5z6wA,5z6wA,2
8s5aA,5z6wA,2
5z9xA,5z9xA,1
4yxpA,5zb1A,3
5zb1A,5zb1A,3
6hatA,5zb1A,3
5zb2A,5zb2A,1
5zcyA,5zcyA,2
6vpqA,5zcyA,2
1qtqA,5zdkA,6
3aiiA,5zdkA,6
4h3sA,5zdkA,6
5zdkA,5zdkA,6
7wajA,5zdkA,6
8uk6A,5zdkA,6
5ze3A,5ze3A,1
5ze8A,5ze8A,1
5zggB,5zggB,1
1kqrA,5zhoA,11
3sitA,5zhoA,11
4yg0A,5zhoA,11
4yg6A,5zhoA,11
5cb7B,5zhoA,11
5vkiB,5zhoA,11
5vx5A,5zhoA,11
5zhoA,5zhoA,11
6h9yA,5zhoA,11
7ki5B,5zhoA,11
9jakA,5zhoA,11
5zjiN,5zjiN,1
1zhxA,5zm8A,9
3spwA,5zm8A,9
4b2zA,5zm8A,9
4inqA,5zm8A,9
5h2dA,5zm8A,9
5zm5A,5zm8A,9
5zm8A,5zm8A,9
7deiA,5zm8A,9
7v62A,5zm8A,9
5zmmA,5zmmF,2
5zmmF,5zmmF,2
5yijA,5zq7A,2
5zq7A,5zq7A,2
5zrtA,5zrtA,1
1pmiA,5zvxA,2
5zvxA,5zvxA,2
5zwmv,5zwmv,2
7dcov,5zwmv,2
5zwnY,5zwnY,1
5zyvA,5zyvA,2
5zywA,5zyvA,2
4g67A,5zzwA,2
5zzwA,5zzwA,2
6a56A,6a56A,1
6a57A,6a58A,2
6a58A,6a58A,2
6a5dA,6a5dA,1
4nj5A,6a5kA,3
4qeoA,6a5kA,3
6a5kA,6a5kA,3
6ab6A,6ab6C,3
6ab6C,6ab6C,3
6h2bA,6ab6C,3
6agbK,6agbK,1
2x49A,6ai0A,2
6ai0A,6ai0A,2
2csgA,6akzA,3
6akzA,6akzA,3
7twcA,6akzA,3
1dyoA,6al8E,9
3km5A,6al8E,9
3m1hA,6al8E,9
4itcA,6al8E,9
5wpsA,6al8E,9
5yvkA,6al8E,9
6a9fA,6al8E,9
6al8E,6al8E,9
8yt7A,6al8E,9
1ecmA,6al9A,3
5gmuA,6al9A,3
6al9A,6al9A,3
6am0A,6am0A,1
1kaeA,6an0A,5
4g09A,6an0A,5
5vlcA,6an0A,5
6an0A,6an0A,5
9cp8A,6an0A,5
6ankA,6ankA,1
2c2nA,6apgA,8
3hjvA,6apgA,8
3im9A,6apgA,8
3tqeA,6apgA,8
5czcA,6apgA,8
6apgA,6apgA,8
6u0jA,6apgA,8
8avzA,6apgA,8
6asbF,6asbF,1
6atgB,6atgB,1
1p7tA,6axeA,5
4ex4A,6axeA,5
5vfbA,6axeA,5
6as6A,6axeA,5
6axeA,6axeA,5
6ayiB,6ayiB,1
6b05A,6b05A,1
6b3pA,6b3pA,1
6b4eA,6b4eA,1
6b4eD,6b4eD,1
2wyhA,6b9oA,4
3bvxA,6b9oA,4
3lvtA,6b9oA,4
6b9oA,6b9oA,4
6bbtB,6bbtB,3
6bbwA,6bbtB,3
6n0aA,6bbtB,3
3sj5A,6bdeA,6
3tfgA,6bdeA,6
4u9bA,6bdeA,6
5mnwA,6bdeA,6
6bdeA,6bdeA,6
6ocvA,6bdeA,6
5klqA,6be0A,3
5w3xA,6be0A,3
6be0A,6be0A,3
6be6A,6be6A,1
5tipA,6bebA,2
6bebA,6bebA,2
6bg3A,6bg3A,1
6bgdA,6bgdA,1
2opaA,6bgnA,2
6bgnA,6bgnA,2
6bjyA,6bjyA,1
3jb9a,6bk8F,8
5gmkQ,6bk8F,8
5lj3N,6bk8F,8
5y88M,6bk8F,8
6bk8F,6bk8F,8
9dtrN,6bk8F,8
9esiM,6bk8F,8
9l5rM,6bk8F,8
1bxdA,6blkA,15
1id0A,6blkA,15
1th8A,6blkA,15
3a0wA,6blkA,15
3cgyA,6blkA,15
3ehgA,6blkA,15
3sl2A,6blkA,15
4gt8A,6blkA,15
4pl9A,6blkA,15
5epvC,6blkA,15
5idmA,6blkA,15
6blkA,6blkA,15
8dx0B,6blkA,15
8oz9A,6blkA,15
8sbmA,6blkA,15
6bm5A,6bm5A,1
2w5qA,6bncA,16
2w5vA,6bncA,16
2w8dA,6bncA,16
2x98A,6bncA,16
3a52A,6bncA,16
4kavA,6bncA,16
4kjdA,6bncA,16
4tn0A,6bncA,16
4uorA,6bncA,16
5k4pA,6bncA,16
5mx9A,6bncA,16
5oltA,6bncA,16
5zzuA,6bncA,16
6bncA,6bncA,16
6pczA,6bncA,16
6vdfA,6bncA,16
1zswA,6bnzA,4
3oajA,6bnzA,4
4huzA,6bnzA,4
6bnzA,6bnzA,4
3oqjA,6bqzA,4
4q24A,6bqzA,4
6bqzA,6bqzA,4
6ztuA,6bqzA,4
6br9A,6br9A,1
1j09A,6brlA,7
2cfoA,6brlA,7
3afhA,6brlA,7
3al0C,6brlA,7
4griA,6brlA,7
6brlA,6brlA,7
8vc5A,6brlA,7
6bsuA,6bsuA,1
1dmrA,6btmB,12
1eu1A,6btmB,12
1tmoA,6btmB,12
2napA,6btmB,12
4v4eA,6btmB,12
4yddA,6btmB,12
6btmB,6btmB,12
6f0kB,6btmB,12
6lodB,6btmB,12
7l5iA,6btmB,12
8x2jB,6btmB,12
9h4tA,6btmB,12
4bvqA,6bumA,5
4nq3A,6bumA,5
5hweA,6bumA,5
5t13A,6bumA,5
6bumA,6bumA,5
6bwyA,6bwyA,5
6wmaA,6bwyA,5
8cx0A,6bwyA,5
8edjA,6bwyA,5
8h0iA,6bwyA,5
3lzdA,6bxoA,3
6bxoA,6bxoA,3
6q2eA,6bxoA,3
6bxzA,6bxzA,1
3ut1A,6bybA,2
6bybA,6bybA,2
6byvA,6byvA,1
6c0bA,6c0bA,1
3fpvA,6c0zA,3
5cx7A,6c0zA,3
6c0zA,6c0zA,3
6c10A,6c10A,1
6c263,6c263,1
6c6kB,6c6kB,1
6c72A,6c72A,1
1gq2A,6c7nA,8
1o0sA,6c7nA,8
6c7nA,6c7nA,8
6c7nC,6c7nA,8
6w49A,6c7nA,8
7x11A,6c7nA,8
8eyoA,6c7nA,8
9ayiA,6c7nA,8
6c7nD,6c7nD,1
6c8cA,6c8cA,1
1kqpA,6c8qA,11
1wxiA,6c8qA,11
1xngA,6c8qA,11
2e18A,6c8qA,11
2pz8A,6c8qA,11
3fiuA,6c8qA,11
3hmqA,6c8qA,11
3q4gA,6c8qA,11
5f23A,6c8qA,11
5huhA,6c8qA,11
6c8qA,6c8qA,11
6cb8A,6cb8A,1
6cbsA,6cbsA,1
6cchA,6cchA,1
1jshA,6cf7A,28
2virC,6cf7A,28
3httA,6cf7A,28
3m5jA,6cf7A,28
3ubqC,6cf7A,28
4bh4A,6cf7A,28
4gxxA,6cf7A,28
4kpsA,6cf7A,28
4ln6A,6cf7A,28
4m44A,6cf7A,28
4uo2A,6cf7A,28
5bqyA,6cf7A,28
5e34A,6cf7A,28
5t0bA,6cf7A,28
5tg9A,6cf7A,28
5xl7A,6cf7A,28
5xrsA,6cf7A,28
6aouA,6cf7A,28
6bkrA,6cf7A,28
6cf7A,6cf7A,28
6tvbA,6cf7A,28
6tzbA,6cf7A,28
7jpdD,6cf7A,28
7t1vA,6cf7A,28
7wvgA,6cf7A,28
8tj4A,6cf7A,28
8vqqA,6cf7A,28
9dipA,6cf7A,28
6cfwN,6cfwN,1
1cf8L,6ch7R,86
1ct8A,6ch7R,86
1jnhA,6ch7R,86
1knoA,6ch7R,86
1mexL,6ch7R,86
1mh5A,6ch7R,86
1n7mH,6ch7R,86
1ncwL,6ch7R,86
1q72L,6ch7R,86
1rurL,6ch7R,86
1s3kL,6ch7R,86
1um5L,6ch7R,86
1vpoL,6ch7R,86
1wejL,6ch7R,86
2adjA,6ch7R,86
2ajvL,6ch7R,86
2jb5L,6ch7R,86
2qscL,6ch7R,86
2xzcL,6ch7R,86
2z93D,6ch7R,86
3hc4L,6ch7R,86
3hntL,6ch7R,86
3i9gL,6ch7R,86
3kdmL,6ch7R,86
3l1oL,6ch7R,86
3ls4L,6ch7R,86
3oazL,6ch7R,86
3phoA,6ch7R,86
3sy0A,6ch7R,86
3ubxI,6ch7R,86
4j6rL,6ch7R,86
4jn2A,6ch7R,86
4llyB,6ch7R,86
4tuoB,6ch7R,86
4xcfL,6ch7R,86
4xzuF,6ch7R,86
5aumB,6ch7R,86
5d6cA,6ch7R,86
5dtfB,6ch7R,86
5esvB,6ch7R,86
5i8eB,6ch7R,86
5jopD,6ch7R,86
5jxaL,6ch7R,86
5kzpI,6ch7R,86
5t1kC,6ch7R,86
5t4zL,6ch7R,86
5u7mL,6ch7R,86
5vz1C,6ch7R,86
5w5xL,6ch7R,86
5xhgA,6ch7R,86
5xqwL,6ch7R,86
5ye4B,6ch7R,86
5yfiL,6ch7R,86
6be3L,6ch7R,86
6ch7R,6ch7R,86
6gxxL,6ch7R,86
6mqrL,6ch7R,86
6mtjL,6ch7R,86
6ncpB,6ch7R,86
6nfnA,6ch7R,86
6ug7L,6ch7R,86
6utkL,6ch7R,86
6vl9L,6ch7R,86
6w9gL,6ch7R,86
6xukL,6ch7R,86
6yhqL,6ch7R,86
7a0xF,6ch7R,86
7f35E,6ch7R,86
7jksL,6ch7R,86
7lm9L,6ch7R,86
7mxdD,6ch7R,86
7n04L,6ch7R,86
7ox4B,6ch7R,86
7t1wL,6ch7R,86
7tusB,6ch7R,86
7u62L,6ch7R,86
7uenL,6ch7R,86
8b50L,6ch7R,86
8bjzB,6ch7R,86
8cc0L,6ch7R,86
8dp1F,6ch7R,86
8fbwD,6ch7R,86
8tfpA,6ch7R,86
8vltL,6ch7R,86
9bbcA,6ch7R,86
9g6rL,6ch7R,86
6cj6A,6cj6A,1
6ckoA,6ckoA,1
6ckoC,6ckoC,1
6cl5A,6cl6A,2
6cl6A,6cl6A,2
6cmeA,6cmeA,1
1ujcA,6cnlA,3
6cnlA,6cnlA,3
8s6rA,6cnlA,3
6cnpA,6cnpA,1
6cojA,6cojA,1
6cpuA,6cpuA,1
4rulA,6cq2A,5
6cq2A,6cq2A,5
6k8nA,6cq2A,5
9ca4A,6cq2A,5
9cahA,6cq2A,5
2pmuE,6cqgA,3
5ju7A,6cqgA,3
6cqgA,6cqgA,3
6cslA,6cslA,1
6cu2A,6cu2A,1
6culA,6culA,1
4xbaA,6cvqA,2
6cvqA,6cvqA,2
6cw3E,6cw3E,1
6cw3G,6cw3G,1
6bt4A,6cwlB,3
6cwlB,6cwlB,3
6cwrA,6cwlB,3
6cxbA,6cxbA,1
6cxhC,6cxhC,1
3ojyA,6cxoA,5
3ojyB,6cxoA,5
6cxoA,6cxoA,5
6dlwA,6cxoA,5
8de6A,6cxoA,5
6cy9A,6cy9A,1
1h72C,6cyzA,20
1kvkA,6cyzA,20
2dejA,6cyzA,20
2hfuA,6cyzA,20
2v8pA,6cyzA,20
3gonA,6cyzA,20
3pyfA,6cyzA,20
4ed4A,6cyzA,20
4hacA,6cyzA,20
4n3oB,6cyzA,20
4rksA,6cyzA,20
4utgA,6cyzA,20
6cyzA,6cyzA,20
6jbdA,6cyzA,20
6yqqA,6cyzA,20
8ckhA,6cyzA,20
8qcoA,6cyzA,20
8tebA,6cyzA,20
8tfoA,6cyzA,20
9iipA,6cyzA,20
3c5hA,6d4gB,2
6d4gB,6d4gB,2
6d57A,6d57A,1
1g9gA,6d5dA,8
4fusA,6d5dA,8
4jjjA,6d5dA,8
4xwmA,6d5dA,8
5bv9A,6d5dA,8
5yj6A,6d5dA,8
6d5dA,6d5dA,8
7kw6A,6d5dA,8
2vnuD,6d6qK,4
4pmwA,6d6qK,4
5jeaJ,6d6qK,4
6d6qK,6d6qK,4
6d6tE,6d6tE,4
6dw1A,6d6tE,4
6dw1B,6d6tE,4
9cxaE,6d6tE,4
6d6yA,6d6yA,1
1yq2A,6d7jA,20
2vr4A,6d7jA,20
2vzsA,6d7jA,20
3bgaA,6d7jA,20
3obaA,6d7jA,20
4cu7A,6d7jA,20
4cvuA,6d7jA,20
5dmyA,6d7jA,20
5n6uA,6d7jA,20
5t99A,6d7jA,20
5t9gA,6d7jA,20
5uj6A,6d7jA,20
6bygA,6d7jA,20
6d7jA,6d7jA,20
6ddtA,6d7jA,20
6hpdA,6d7jA,20
6zjsA,6d7jA,20
7cwdA,6d7jA,20
8dhlA,6d7jA,20
8ri8A,6d7jA,20
1z26A,6d8pA,14
4z4dA,6d8pA,14
5g5sA,6d8pA,14
5guhA,6d8pA,14
6d8pA,6d8pA,14
6kr6A,6d8pA,14
6qzkA,6d8pA,14
7svaA,6d8pA,14
7yfqA,6d8pA,14
8jsiA,6d8pA,14
8r3zA,6d8pA,14
8xk3A,6d8pA,14
9ij3A,6d8pA,14
9k6qA,6d8pA,14
4h54A,6d9mA,4
6d9mA,6d9mA,4
6zxbA,6d9mA,4
7e6gA,6d9mA,4
1flgA,6damA,15
1lrwA,6damA,15
1w6sA,6damA,15
2ad6A,6damA,15
2d0vA,6damA,15
4cvbA,6damA,15
4mh1B,6damA,15
5xm3A,6damA,15
6damA,6damA,15
6fkwA,6damA,15
6oc6A,6damA,15
6zcwA,6damA,15
7ce5A,6damA,15
7o6zA,6damA,15
7wmkA,6damA,15
4ii2A,6dc6A,6
6dc6A,6dc6A,6
7solA,6dc6A,6
7zh9A,6dc6A,6
8se9A,6dc6A,6
9jtcA,6dc6A,6
4nl4H,6dcrA,2
6dcrA,6dcrA,2
5xynD,6dexB,2
6dexB,6dexB,2
6dfbA,6dfbA,1
4rapA,6dfeA,2
6dfeA,6dfeA,2
6dk9A,6dk9A,1
6dlhA,6dnsA,2
6dnsA,6dnsA,2
4kisA,6dnwA,3
4kisD,6dnwA,3
6dnwA,6dnwA,3
3vusA,6dq3A,6
4u10A,6dq3A,6
4v33A,6dq3A,6
4wcjA,6dq3A,6
6dq3A,6dq3A,6
6go1A,6dq3A,6
6drdL,6drdL,1
1t5jA,6dreA,7
2qtyA,6dreA,7
6dreA,6dreA,7
6g1pA,6dreA,7
6iuxA,6dreA,7
7arwA,6dreA,7
8za7A,6dreA,7
6dtaB,6dtaB,1
6dtkA,6dtkA,1
6dwwA,6dwwA,1
6dxxA,6dxzA,2
6dxzA,6dxzA,2
6e12B,6e12B,1
6e5xA,6e5xA,1
6e6qA,6e6qA,1
1jdnA,6e7rB,43
1peaA,6e7rB,43
1usiA,6e7rB,43
1z16A,6e7rB,43
2e4uA,6e7rB,43
3a3kA,6e7rB,43
3eafA,6e7rB,43
3h6gA,6e7rB,43
3i45A,6e7rB,43
3ipcA,6e7rB,43
3ks9A,6e7rB,43
3lkbA,6e7rB,43
3lmkA,6e7rB,43
3lopA,6e7rB,43
3mq4A,6e7rB,43
3sg0A,6e7rB,43
3sm9A,6e7rB,43
3td9A,6e7rB,43
3uk0A,6e7rB,43
4eygA,6e7rB,43
4gnrA,6e7rB,43
4ms4A,6e7rB,43
4n0qA,6e7rB,43
4q6bA,6e7rB,43
4q6wA,6e7rB,43
4rv5A,6e7rB,43
4xaqA,6e7rB,43
4zpjA,6e7rB,43
5c5cA,6e7rB,43
5fbkA,6e7rB,43
5k5sA,6e7rB,43
5kc8A,6e7rB,43
5kznA,6e7rB,43
5tpwB,6e7rB,43
5x2nA,6e7rB,43
5x2nB,6e7rB,43
6bszA,6e7rB,43
6e7rA,6e7rB,43
6e7rB,6e7rB,43
7s6eA,6e7rB,43
8hicA,6e7rB,43
8wchA,6e7rB,43
9novA,6e7rB,43
6e8iA,6e8iA,1
6e9bD,6e9bD,1
4gc0A,6e9nA,64
4ikzA,6e9nA,64
4tphA,6e9nA,64
4u4tA,6e9nA,64
4uvmA,6e9nA,64
4zp0A,6e9nA,64
5aymA,6e9nA,64
5oxoA,6e9nA,64
6e9nA,6e9nA,64
6ei3A,6e9nA,64
6exsA,6e9nA,64
6gs4A,6e9nA,64
6kkiA,6e9nA,64
6m20A,6e9nA,64
6ob7A,6e9nA,64
6t1zA,6e9nA,64
6vbgA,6e9nA,64
6wbvA,6e9nA,64
6zgsA,6e9nA,64
7aaqA,6e9nA,64
7bc7A,6e9nA,64
7ckoA,6e9nA,64
7mjsX,6e9nA,64
7q0mA,6e9nA,64
7t3nA,6e9nA,64
7wn1A,6e9nA,64
7xq0A,6e9nA,64
8d2sA,6e9nA,64
8et8A,6e9nA,64
8ex4A,6e9nA,64
8fq9A,6e9nA,64
8hijA,6e9nA,64
8hpkA,6e9nA,64
8jswA,6e9nA,64
8jttA,6e9nA,64
8jtzA,6e9nA,64
8jzxA,6e9nA,64
8s5zA,6e9nA,64
8sdzA,6e9nA,64
8tgnA,6e9nA,64
8u3gA,6e9nA,64
8uc0A,6e9nA,64
8ucoA,6e9nA,64
8vzoA,6e9nA,64
8xsmA,6e9nA,64
8xsnA,6e9nA,64
8xtyA,6e9nA,64
8z7zA,6e9nA,64
8zkeA,6e9nA,64
9b1gA,6e9nA,64
9biiA,6e9nA,64
9boiA,6e9nA,64
9dkcA,6e9nA,64
9dwyA,6e9nA,64
9g11A,6e9nA,64
9gszA,6e9nA,64
9irxA,6e9nA,64
9iryA,6e9nA,64
9j3lA,6e9nA,64
9j3nA,6e9nA,64
9j5wA,6e9nA,64
9m0sA,6e9nA,64
9u55A,6e9nA,64
9u5aA,6e9nA,64
6eacA,6eacA,2
6lnaA,6eacA,2
2onfA,6ebgA,4
3eerA,6ebgA,4
6ebgA,6ebgA,4
9k1jA,6ebgA,4
6ec0B,6ec0B,1
6ec8A,6ec8A,1
2hq9A,6eciG,9
2htiA,6eciG,9
2i02A,6eciG,9
2ig6A,6eciG,9
3ec6A,6eciG,9
3r5wA,6eciG,9
5jabA,6eciG,9
6eciA,6eciG,9
6eciG,6eciG,9
1jkxA,6edkA,12
2ywrA,6edkA,12
3da8A,6edkA,12
4nv1A,6edkA,12
4yfyA,6edkA,12
4zz1A,6edkA,12
5vyqA,6edkA,12
5vyrA,6edkA,12
6edkA,6edkA,12
6nbpA,6edkA,12
6v2tA,6edkA,12
6v33A,6edkA,12
6edwA,6edwA,1
3wevA,6eerA,2
6eerA,6eerA,2
6eetA,6eetA,1
4kdwA,6ef7A,2
6ef7A,6ef7A,2
6efaA,6efbA,2
6efbA,6efbA,2
6eg1A,6eg1A,1
6eg0B,6eg1B,2
6eg1B,6eg1B,2
6ej7A,6ej7A,1
1jg7A,6ejiA,141
1nlmA,6ejiA,141
1pn3A,6ejiA,141
1rrvA,6ejiA,141
1rzuA,6ejiA,141
1uqtA,6ejiA,141
1vgvB,6ejiA,141
1xv5A,6ejiA,141
2acvA,6ejiA,141
2c1xA,6ejiA,141
2iv3A,6ejiA,141
2iw1A,6ejiA,141
2iyaA,6ejiA,141
2nzxA,6ejiA,141
2qzsA,6ejiA,141
2r68A,6ejiA,141
2vchA,6ejiA,141
2x0fA,6ejiA,141
2xa2A,6ejiA,141
2xcuA,6ejiA,141
2zwiA,6ejiA,141
3beoA,6ejiA,141
3c4vA,6ejiA,141
3cv3A,6ejiA,141
3dzcA,6ejiA,141
3froB,6ejiA,141
3h4tA,6ejiA,141
3hbfA,6ejiA,141
3ia7A,6ejiA,141
3l7mA,6ejiA,141
3mboA,6ejiA,141
3okpA,6ejiA,141
3otgA,6ejiA,141
3otiA,6ejiA,141
3oy7A,6ejiA,141
3rhzA,6ejiA,141
3rscA,6ejiA,141
3s2uA,6ejiA,141
3t5tA,6ejiA,141
3tsaB,6ejiA,141
3vufA,6ejiA,141
3wadA,6ejiA,141
4fkzA,6ejiA,141
4g2tA,6ejiA,141
4hlnA,6ejiA,141
4leiA,6ejiA,141
4m83A,6ejiA,141
4n9wA,6ejiA,141
4nesA,6ejiA,141
4relA,6ejiA,141
4rifA,6ejiA,141
4w6qA,6ejiA,141
4xspA,6ejiA,141
4zhtA,6ejiA,141
5d01A,6ejiA,141
5dldA,6ejiA,141
5enzA,6ejiA,141
5gl5A,6ejiA,141
5hvlA,6ejiA,141
5hvmA,6ejiA,141
5hvoA,6ejiA,141
5jioA,6ejiA,141
5l3kG,6ejiA,141
5n80A,6ejiA,141
5nlmA,6ejiA,141
5nv8A,6ejiA,141
5uofB,6ejiA,141
5v0tA,6ejiA,141
5v2jA,6ejiA,141
5wcnA,6ejiA,141
5xvrA,6ejiA,141
5xvsA,6ejiA,141
5zfkA,6ejiA,141
6bk0A,6ejiA,141
6d9tA,6ejiA,141
6ejiA,6ejiA,141
6gneA,6ejiA,141
6gnfA,6ejiA,141
6gngA,6ejiA,141
6ij9A,6ejiA,141
6infA,6ejiA,141
6j7lA,6ejiA,141
6jbrA,6ejiA,141
6jemA,6ejiA,141
6jtdA,6ejiA,141
6kihA,6ejiA,141
6kqxA,6ejiA,141
6l7hA,6ejiA,141
6lfzA,6ejiA,141
6lg0A,6ejiA,141
6lg1A,6ejiA,141
6vlcA,6ejiA,141
7bv3A,6ejiA,141
7c2xA,6ejiA,141
7cywA,6ejiA,141
7es0A,6ejiA,141
7lvyA,6ejiA,141
7q3sA,6ejiA,141
7vejA,6ejiA,141
7vlbA,6ejiA,141
7vm0A,6ejiA,141
7vz6A,6ejiA,141
7w0kA,6ejiA,141
7yp3B,6ejiA,141
7zerA,6ejiA,141
8b5sA,6ejiA,141
8cgqA,6ejiA,141
8chdA,6ejiA,141
8d0uA,6ejiA,141
8dqdA,6ejiA,141
8fhwA,6ejiA,141
8hjoA,6ejiA,141
8hojA,6ejiA,141
8i0dA,6ejiA,141
8i90A,6ejiA,141
8inhA,6ejiA,141
8injA,6ejiA,141
8inpA,6ejiA,141
8ixqB,6ejiA,141
8j2vA,6ejiA,141
8jjqA,6ejiA,141
8k09A,6ejiA,141
8p6sA,6ejiA,141
8sfuA,6ejiA,141
8sxyA,6ejiA,141
8uagA,6ejiA,141
8w53A,6ejiA,141
8w7yA,6ejiA,141
8wp5A,6ejiA,141
8wvdA,6ejiA,141
8x3uA,6ejiA,141
8xfhA,6ejiA,141
8xsgA,6ejiA,141
8zi7A,6ejiA,141
8znkA,6ejiA,141
9hu9A,6ejiA,141
9imiA,6ejiA,141
9ir0A,6ejiA,141
9ksxA,6ejiA,141
9kt0A,6ejiA,141
9uceA,6ejiA,141
3c01E,6ejpC,3
3c03A,6ejpC,3
6ejpC,6ejpC,3
6ekbA,6ekbA,1
6ekoA,6ekoA,1
2ciwA,6ekzA,3
6ekzA,6ekzA,3
9he7A,6ekzA,3
6elvA,6elvA,1
6emfB,6emfB,1
1m2kA,6enxA,19
1q1aA,6enxA,19
1yc5A,6enxA,19
2hjhA,6enxA,19
3u31A,6enxA,19
4bn4A,6enxA,19
4kxqA,6enxA,19
4twjA,6enxA,19
4zziA,6enxA,19
5a3aA,6enxA,19
5btrC,6enxA,19
5oj7A,6enxA,19
5ol0A,6enxA,19
6enxA,6enxA,19
6eqsA,6enxA,19
6rxkA,6enxA,19
8of4L,6enxA,19
8wyfC,6enxA,19
9fdrA,6enxA,19
2v7yA,6eofA,12
3d2fA,6eofA,12
4j8fA,6eofA,12
4jneA,6eofA,12
5obuA,6eofA,12
5tkyA,6eofA,12
6asyA,6eofA,12
6eofA,6eofA,12
6sr6A,6eofA,12
7kruA,6eofA,12
7kw7C,6eofA,12
7odbA,6eofA,12
5na6A,6eomA,3
5zumA,6eomA,3
6eomA,6eomA,3
6ephB,6ephB,1
6et53,6et53,1
6euvA,6euxA,2
6euxA,6euxA,2
1na3A,6evlA,3
6evlA,6evlA,3
9ayeA,6evlA,3
6evqA,6evqA,1
6exnc,6exnc,2
9dtrc,6exnc,2
6btmA,6f0kA,4
6f0kA,6f0kA,4
6lodA,6f0kA,4
8x2jA,6f0kA,4
6f2mA,6f2mA,1
4b56A,6f30A,8
5gz5A,6f30A,8
6aekA,6f30A,8
6c02A,6f30A,8
6f30A,6f30A,8
6g4gA,6f30A,8
7g2wA,6f30A,8
8ghrA,6f30A,8
6f40I,6f40I,1
6f45A,6f45A,1
1h1hA,6f60A,11
1oj1A,6f60A,11
2bzzA,6f60A,11
2gmkA,6f60A,11
2rnfA,6f60A,11
3djqA,6f60A,11
3zbwA,6f60A,11
4qfiA,6f60A,11
5arkA,6f60A,11
6f60A,6f60A,11
6mv7A,6f60A,11
2yu1A,6f6dA,16
3k3oA,6f6dA,16
3kv4A,6f6dA,16
3kv5A,6f6dA,16
3kv9A,6f6dA,16
3puaA,6f6dA,16
3purA,6f6dA,16
4qx8A,6f6dA,16
5fwjA,6f6dA,16
5fyzA,6f6dA,16
5v9pA,6f6dA,16
5yknA,6f6dA,16
6f6dA,6f6dA,16
6fulA,6f6dA,16
6ip0A,6f6dA,16
8f8yA,6f6dA,16
1nmeB,6f6rB,4
3kjnB,6f6rB,4
6f6rB,6f6rB,4
8eg6B,6f6rB,4
1e8gA,6f72A,60
1f0xA,6f72A,60
1w1oA,6f72A,60
1wvfA,6f72A,60
1zr6A,6f72A,60
2bvfA,6f72A,60
2i0kA,6f72A,60
2ipiA,6f72A,60
2q4wA,6f72A,60
2uuuA,6f72A,60
2vfrA,6f72A,60
2y3sA,6f72A,60
3fw9A,6f72A,60
3js8A,6f72A,60
3pm9A,6f72A,60
3popA,6f72A,60
3rjaA,6f72A,60
3vteA,6f72A,60
4autA,6f72A,60
4bbyA,6f72A,60
4dnsA,6f72A,60
4mlaA,6f72A,60
4o95A,6f72A,60
4p8mB,6f72A,60
4p8nA,6f72A,60
4pvkA,6f72A,60
4ud8A,6f72A,60
5awvA,6f72A,60
5d79A,6f72A,60
5i1vA,6f72A,60
5l6gA,6f72A,60
6c80A,6f72A,60
6eo5A,6f72A,60
6f72A,6f72A,60
6f74A,6f72A,60
6foqA,6f72A,60
6jqhA,6f72A,60
6lpnA,6f72A,60
6v42A,6f72A,60
6yjiA,6f72A,60
6yjoA,6f72A,60
7e2vA,6f72A,60
7pbgA,6f72A,60
7qh2C,6f72A,60
7yavA,6f72A,60
7zzkA,6f72A,60
8ateA,6f72A,60
8ck6A,6f72A,60
8jdgA,6f72A,60
8ot8A,6f72A,60
8qncA,6f72A,60
8qvtA,6f72A,60
8s6gA,6f72A,60
8s7nA,6f72A,60
9ffeA,6f72A,60
9fgeA,6f72A,60
9gozA,6f72A,60
9h40A,6f72A,60
9h8pA,6f72A,60
9h92A,6f72A,60
6faid,6faid,1
6eniA,6falA,2
6falA,6falA,2
6fbvF,6fbvF,3
6kqfF,6fbvF,3
7l7bF,6fbvF,3
6fc3B,6fc3B,1
6fcxA,6fcxA,1
3io2A,6fgsA,8
3p57P,6fgsA,8
3t92A,6fgsA,8
5hp0A,6fgsA,8
5hpdA,6fgsA,8
6fgnA,6fgsA,8
6fgsA,6fgsA,8
7xfgA,6fgsA,8
1m15A,6fh3A,13
1qh4D,6fh3A,13
1u6rA,6fh3A,13
1vrpA,6fh3A,13
3jq3A,6fh3A,13
3ju5A,6fh3A,13
4bg4A,6fh3A,13
4z9mA,6fh3A,13
4z9mB,6fh3A,13
5u92A,6fh3A,13
6fh3A,6fh3A,13
6ky3A,6fh3A,13
9b14A,6fh3A,13
6fh4A,6fh4A,1
6fhnA,6fhnA,1
1gaiA,6fhwA,4
2f6dA,6fhwA,4
2vn4A,6fhwA,4
6fhwA,6fhwA,4
6fieB,6fieB,1
6figA,6fihA,2
6fihA,6fihA,2
6fj1A,6fj1A,1
3nvnB,6fkkA,5
4gz8A,6fkkA,5
6fkkA,6fkkA,5
6qp7A,6fkkA,5
6qp8A,6fkkA,5
6fkoA,6fm0A,4
6fm0A,6fm0A,4
7odxA,6fm0A,4
7vf6A,6fm0A,4
1eoiA,6fmxA,3
2akcA,6fmxA,3
6fmxA,6fmxA,3
6fneA,6fneA,1
5upiA,6fopA,3
5xbzA,6fopA,3
6fopA,6fopA,3
3khiA,6fpcA,5
6fpcA,6fpcA,5
6fpcD,6fpcA,5
6r4zA,6fpcA,5
9g0jA,6fpcA,5
6fpyA,6fpyA,1
4z2eD,6fqmB,3
5iwiB,6fqmB,3
6fqmB,6fqmB,3
6fueA,6fueA,1
4hqmA,6fuuA,6
5h20A,6fuuA,6
5zhvA,6fuuA,6
6fuuA,6fuuA,6
6qilA,6fuuA,6
7q34D,6fuuA,6
4a15A,6fwrA,6
6fwrA,6fwrA,6
7egb7,6fwrA,6
7o4j0,6fwrA,6
7xf0A,6fwrA,6
8revA,6fwrA,6
6fwvA,6fwvA,1
6fxmA,6fxmA,1
1gwiA,6fyjA,239
1io7A,6fyjA,239
1jfbA,6fyjA,239
1lfkA,6fyjA,239
1n40A,6fyjA,239
1n6bA,6fyjA,239
1n97A,6fyjA,239
1odoA,6fyjA,239
1po5A,6fyjA,239
1q5dA,6fyjA,239
1r9oA,6fyjA,239
1s1fA,6fyjA,239
1uedA,6fyjA,239
1z8oA,6fyjA,239
2cibA,6fyjA,239
2dkkA,6fyjA,239
2fdvA,6fyjA,239
2hi4A,6fyjA,239
2ij2A,6fyjA,239
2jjnA,6fyjA,239
2nnjA,6fyjA,239
2rfbA,6fyjA,239
2uuqA,6fyjA,239
2ve3A,6fyjA,239
2wiyA,6fyjA,239
2xbkA,6fyjA,239
2y5nA,6fyjA,239
2yooA,6fyjA,239
2z36A,6fyjA,239
2z3tA,6fyjA,239
3a4gA,6fyjA,239
3abaA,6fyjA,239
3abbA,6fyjA,239
3awmA,6fyjA,239
3b4xA,6fyjA,239
3b6hA,6fyjA,239
3b98A,6fyjA,239
3bujA,6fyjA,239
3czhA,6fyjA,239
3danA,6fyjA,239
3dbgA,6fyjA,239
3dskA,6fyjA,239
3e6iA,6fyjA,239
3ejbB,6fyjA,239
3ivyA,6fyjA,239
3k9vA,6fyjA,239
3l4dA,6fyjA,239
3mgxA,6fyjA,239
3mzsA,6fyjA,239
3n9yA,6fyjA,239
3nc3A,6fyjA,239
3oftA,6fyjA,239
3oo3A,6fyjA,239
3p3oA,6fyjA,239
3pm0A,6fyjA,239
3qi8A,6fyjA,239
3qz1A,6fyjA,239
3r9bA,6fyjA,239
3rwlA,6fyjA,239
3s79A,6fyjA,239
3tbgA,6fyjA,239
3tktA,6fyjA,239
3tywA,6fyjA,239
3v8dA,6fyjA,239
3wecA,6fyjA,239
3wvsA,6fyjA,239
3zpiA,6fyjA,239
4apyA,6fyjA,239
4c27A,6fyjA,239
4dnjA,6fyjA,239
4dxyA,6fyjA,239
4fb2A,6fyjA,239
4g3jA,6fyjA,239
4ggvA,6fyjA,239
4i8vA,6fyjA,239
4j6cA,6fyjA,239
4l0fA,6fyjA,239
4l4eA,6fyjA,239
4mm0A,6fyjA,239
4oqrA,6fyjA,239
4r1zA,6fyjA,239
4r21A,6fyjA,239
4rm4A,6fyjA,239
4tpnA,6fyjA,239
4tvfA,6fyjA,239
4ubsA,6fyjA,239
4wpzA,6fyjA,239
4y8wA,6fyjA,239
4yt3A,6fyjA,239
4yzrA,6fyjA,239
4z5pA,6fyjA,239
4z5qA,6fyjA,239
5bv5A,6fyjA,239
5bv5B,6fyjA,239
5cweA,6fyjA,239
5e58A,6fyjA,239
5ex6A,6fyjA,239
5ex8A,6fyjA,239
5foiA,6fyjA,239
5h1zA,6fyjA,239
5hdiA,6fyjA,239
5hh3A,6fyjA,239
5hiwA,6fyjA,239
5jlcA,6fyjA,239
5kyoA,6fyjA,239
5l1rA,6fyjA,239
5l92A,6fyjA,239
5li7A,6fyjA,239
5m0nA,6fyjA,239
5ncbA,6fyjA,239
5nwsA,6fyjA,239
5tl8A,6fyjA,239
5tz1A,6fyjA,239
5ufgA,6fyjA,239
5vccA,6fyjA,239
5vwsA,6fyjA,239
5x23A,6fyjA,239
5xjnA,6fyjA,239
5xw2A,6fyjA,239
5y1iA,6fyjA,239
5yhjA,6fyjA,239
5ylwA,6fyjA,239
5ysmA,6fyjA,239
5z9jA,6fyjA,239
6a15A,6fyjA,239
6a7iA,6fyjA,239
6b11A,6fyjA,239
6b82A,6fyjA,239
6bldA,6fyjA,239
6c93A,6fyjA,239
6cr2A,6fyjA,239
6dcdA,6fyjA,239
6f0cA,6fyjA,239
6f8aA,6fyjA,239
6fyjA,6fyjA,239
6g5oA,6fyjA,239
6g71A,6fyjA,239
6gk5A,6fyjA,239
6gmfA,6fyjA,239
6hqdA,6fyjA,239
6hqwA,6fyjA,239
6j83A,6fyjA,239
6j85A,6fyjA,239
6kfwA,6fyjA,239
6kzsA,6fyjA,239
6l39A,6fyjA,239
6l8hA,6fyjA,239
6l8iA,6fyjA,239
6ldlA,6fyjA,239
6m4qA,6fyjA,239
6m4sA,6fyjA,239
6mcwA,6fyjA,239
6mjmA,6fyjA,239
6n6qA,6fyjA,239
6oyuA,6fyjA,239
6q2cA,6fyjA,239
6ro8A,6fyjA,239
6uezA,6fyjA,239
6vbyA,6fyjA,239
6wgwA,6fyjA,239
6wplA,6fyjA,239
6wr1A,6fyjA,239
6xa2A,6fyjA,239
6xalA,6fyjA,239
6zi3A,6fyjA,239
7abbA,6fyjA,239
7antA,6fyjA,239
7ayxA,6fyjA,239
7cl8A,6fyjA,239
7di3A,6fyjA,239
7e7fA,6fyjA,239
7f3hA,6fyjA,239
7lyxA,6fyjA,239
7m8iA,6fyjA,239
7mk8A,6fyjA,239
7n6fA,6fyjA,239
7oq6A,6fyjA,239
7ow9A,6fyjA,239
7p5tA,6fyjA,239
7p6lA,6fyjA,239
7q9eA,6fyjA,239
7shiA,6fyjA,239
7tefA,6fyjA,239
7ttoA,6fyjA,239
7v43A,6fyjA,239
7wexA,6fyjA,239
7wygA,6fyjA,239
7wzmA,6fyjA,239
7x2qA,6fyjA,239
7x53A,6fyjA,239
7y9oA,6fyjA,239
7zb9A,6fyjA,239
8absA,6fyjA,239
8amoA,6fyjA,239
8amqA,6fyjA,239
8b2pA,6fyjA,239
8c9iA,6fyjA,239
8d39A,6fyjA,239
8d8pA,6fyjA,239
8e83A,6fyjA,239
8eukA,6fyjA,239
8ewnA,6fyjA,239
8ewrA,6fyjA,239
8exbA,6fyjA,239
8f91A,6fyjA,239
8fbcA,6fyjA,239
8fibA,6fyjA,239
8fkbA,6fyjA,239
8fz8A,6fyjA,239
8gtlA,6fyjA,239
8hg9A,6fyjA,239
8hgdB,6fyjA,239
8hkjA,6fyjA,239
8jncA,6fyjA,239
8jnpA,6fyjA,239
8k1xA,6fyjA,239
8q5jA,6fyjA,239
8q6yA,6fyjA,239
8q6zA,6fyjA,239
8rtvA,6fyjA,239
8swlA,6fyjA,239
8u1iA,6fyjA,239
8u2mA,6fyjA,239
8vk6A,6fyjA,239
8vwkA,6fyjA,239
8w1kA,6fyjA,239
8w6zA,6fyjA,239
8w7gA,6fyjA,239
8x1wA,6fyjA,239
8yhnA,6fyjA,239
8yzaA,6fyjA,239
8z9sA,6fyjA,239
9batA,6fyjA,239
9cjgA,6fyjA,239
9cv8A,6fyjA,239
9dujA,6fyjA,239
9g9rA,6fyjA,239
9jhwA,6fyjA,239
9kppA,6fyjA,239
2d74B,6fyyl,6
2e9hA,6fyyl,6
2qmuC,6fyyl,6
6fyyl,6fyyl,6
6zp44,6fyyl,6
8casm,6fyyl,6
6g0cA,6g0cA,1
6g1iA,6g1iA,1
1ohdA,6g85A,2
6g85A,6g85A,2
4gd3A,6g94A,3
5oc0A,6g94A,3
6g94A,6g94A,3
2ce7A,6gcnA,4
2dhrA,6gcnA,4
6gcnA,6gcnA,4
7zbhA,6gcnA,4
1fviA,6gdrA,6
4d05A,6gdrA,6
6gdrA,6gdrA,6
6nhxA,6gdrA,6
7obnA,6gdrA,6
8u6xA,6gdrA,6
6gezA,6gezA,1
6gfbB,6gfbB,1
6gfeH,6gfeH,1
6gfmA,6gfmA,1
6gfoE,6gfoE,1
6ggoA,6ggoA,1
6ghcA,6ghcA,1
6ghsA,6ghsA,1
1xzwA,6gitA,5
2yeqA,6gitA,5
3zk4A,6gitA,5
6gitA,6gitA,5
6hwrA,6gitA,5
6gjtA,6gjtA,1
6gmnB,6gmnB,1
1tt4A,6gmoA,4
1va6A,6gmoA,4
3nztA,6gmoA,4
6gmoA,6gmoA,4
5niiA,6gnaA,3
6gnaA,6gnaA,3
6gncA,6gnaA,3
2ihmA,6go4A,5
6go4A,6go4A,5
7ktnA,6go4A,5
7m07A,6go4A,5
9cq3M,6go4A,5
6gpcA,6gpcA,1
6gpzA,6gpzA,1
6grh1,6grh1,1
6grhC,6grhC,2
7ly6A,6grhC,2
6gs2B,6gs2B,1
2okxA,6gszA,2
6gszA,6gszA,2
6gtzA,6gtzA,1
6guuA,6guuA,2
6q3mA,6guuA,2
6gvtB,6gvtB,1
6gw8A,6gw8A,1
1lw7A,6gyeA,3
6gyeA,6gyeA,3
8x7fA,6gyeA,3
6gyuB,6gyuB,1
6gyxA,6gyxA,6
7dg0A,6gyxA,6
7l8nA,6gyxA,6
8c4pA,6gyxA,6
8ofgA,6gyxA,6
8ohbA,6gyxA,6
6gzaA,6gzaA,2
7r7pI,6gzaA,2
5meyA,6h3rA,5
5nm9A,6h3rA,5
5od6A,6h3rA,5
6h3rA,6h3rA,5
6tbzA,6h3rA,5
6h3tA,6h3tA,1
6h56A,6h56A,1
6h5lB,6h5lB,1
6h7eA,6h7eA,1
6h8kI,6h8kI,1
6h96A,6h96A,1
6h9hA,6h9hA,1
6ha4A,6ha4A,2
7badA,6ha4A,2
3dafA,6havA,6
4yt5A,6havA,6
5ok4A,6havA,6
6havA,6havA,6
6huzA,6havA,6
6ykbA,6havA,6
6hbeA,6hbeA,2
9cckA,6hbeA,2
6hbzA,6hbzA,1
6hcyA,6hcyA,2
7taiA,6hcyA,2
6hczA,6hczA,1
6he6A,6he6A,1
6hftA,6hftA,1
6hh9A,6hh9A,1
6hhqK,6hhqK,1
4ppuA,6hjwA,5
5csmA,6hjwA,5
5w6yA,6hjwA,5
6hjwA,6hjwA,5
7rj1A,6hjwA,5
6hk5A,6hk5A,1
6hk9A,6hk9A,1
6hm3A,6hm3A,1
6hmjA,6hmjA,1
4c5sA,6hqfA,2
6hqfA,6hqfA,2
6hs4A,6hs4A,1
6htnA,6htnA,2
6r5yC,6htnA,2
6hw2A,6hw2A,1
6hwhK,6hwhK,1
6hwhi,6hwhi,1
6hxiB,6hxjB,2
6hxjB,6hxjB,2
6hxmA,6hxmA,4
6hxpA,6hxmA,4
6qclA,6hxmA,4
6qclB,6hxmA,4
2nu8A,6hxqA,5
5tdeB,6hxqA,5
6hxqA,6hxqA,5
6pfnA,6hxqA,5
6xruA,6hxqA,5
6hygA,6hygA,1
6i0aA,6i0aA,1
6i18A,6i18A,1
6i1rA,6i1rA,6
6qskD,6i1rA,6
6ukjA,6i1rA,6
6xboA,6i1rA,6
7b0kA,6i1rA,6
9i20A,6i1rA,6
6i2kB,6i2kB,1
5eokA,6i44A,2
6i44A,6i44A,2
6i5bA,6i5bA,1
1uhvA,6i6rA,5
2bs9A,6i6rA,5
5ndxA,6i6rA,5
6i6rA,6i6rA,5
6yyiB,6i6rA,5
6i7sA,6i7sA,1
6i9hA,6i9hA,1
6iaaA,6iaaA,1
6ibhA,6ibhA,1
2bryA,6iciA,3
4txiA,6iciA,3
6iciA,6iciA,3
6iczZ,6iczZ,2
7w5a1,6iczZ,2
6ie3A,6ie3A,2
6ksfA,6ie3A,2
6if5A,6if5A,2
9mhwA,6if5A,2
6iffA,6iffA,1
1behA,6igjA,3
2iqxA,6igjA,3
6igjA,6igjA,3
6igzI,6igzI,1
6igzM,6igzM,1
3p3gA,6ih0A,3
6caxA,6ih0A,3
6ih0A,6ih0A,3
1a5zA,6iheA,62
1b8vA,6iheA,62
1civA,6iheA,62
1ez4A,6iheA,62
1guzA,6iheA,62
1gv0A,6iheA,62
1hyeA,6iheA,62
1hyhA,6iheA,62
1ldmA,6iheA,62
1ldnA,6iheA,62
1lldA,6iheA,62
1o6zA,6iheA,62
1pzgA,6iheA,62
1sowA,6iheA,62
1up7A,6iheA,62
1ur5A,6iheA,62
1v6aA,6iheA,62
1y7tA,6iheA,62
2a92A,6iheA,62
2dfdA,6iheA,62
2hjrA,6iheA,62
2x0jA,6iheA,62
2xxjB,6iheA,62
3d4pA,6iheA,62
3gviA,6iheA,62
3ldhA,6iheA,62
3pqdA,6iheA,62
3wswA,6iheA,62
4i1iA,6iheA,62
4ln1A,6iheA,62
4nd2A,6iheA,62
4plgA,6iheA,62
4pltA,6iheA,62
4plzA,6iheA,62
4uunA,6iheA,62
4uupA,6iheA,62
5kkaA,6iheA,62
5kvvA,6iheA,62
5mdhA,6iheA,62
5nueA,6iheA,62
5ujkA,6iheA,62
5w8jA,6iheA,62
5zi2A,6iheA,62
6ct6A,6iheA,62
6h9sA,6iheA,62
6iheA,6iheA,62
6itkA,6iheA,62
6itlA,6iheA,62
6j9tB,6iheA,62
6k13A,6iheA,62
6qssA,6iheA,62
6r8gA,6iheA,62
6vdjA,6iheA,62
7by9A,6iheA,62
7dbjA,6iheA,62
7epmA,6iheA,62
7mdhA,6iheA,62
7nayA,6iheA,62
7qozA,6iheA,62
8ab3A,6iheA,62
8rs5A,6iheA,62
9dq9A,6iheA,62
6iihA,6iihA,1
6ijjI,6ijjI,1
6ijoH,6ijoH,1
6il9A,6il9A,2
9lhuA,6il9A,2
6imjA,6imjA,1
6immd,6immd,1
6in7B,6in7B,1
1f66C,6iq4G,8
1id3C,6iq4G,8
1id3D,6iq4G,8
1id3E,6iq4G,8
4j8uH,6iq4G,8
5b31A,6iq4G,8
6iq4G,6iq4G,8
9nquE,6iq4G,8
6iqqC,6iqqC,1
6ir0A,6ir0A,1
6irwA,6irwA,2
6iryA,6irwA,2
6istC,6istC,2
8h1iA,6istC,2
6iu3A,6iu3A,1
6iu5A,6iu5A,1
6iufA,6iufA,1
6iuqA,6iuqA,1
6iuyA,6iuyA,1
6iv9A,6iv9A,1
2b9dA,6iwdB,3
2ewlA,6iwdB,3
6iwdB,6iwdB,3
5egiA,6izfA,3
5eikA,6izfA,3
6izfA,6izfA,3
6j07B,6j07B,1
6j0dA,6j0dA,1
6j0pA,6j0pA,1
2qm3A,6j27A,3
5xncA,6j27A,3
6j27A,6j27A,3
6j2lA,6j2lA,2
7bgmA,6j2lA,2
6j2pA,6j2pA,1
3awuA,6j2uB,5
4hd4A,6j2uB,5
5ce9A,6j2uB,5
6j2uB,6j2uB,5
8bbqA,6j2uB,5
6j4pA,6j4pA,2
6j7bA,6j4pA,2
1aukA,6j66A,43
1fsuA,6j66A,43
1hdhA,6j66A,43
2gsoA,6j66A,43
2vqrA,6j66A,43
2w8sA,6j66A,43
4fdiA,6j66A,43
4lr2A,6j66A,43
4mhxA,6j66A,43
4uopA,6j66A,43
4uphA,6j66A,43
4upiA,6j66A,43
4uplA,6j66A,43
5eghA,6j66A,43
5fqlA,6j66A,43
5g2uA,6j66A,43
5g2vA,6j66A,43
5tcdA,6j66A,43
5vemA,6j66A,43
5veoA,6j66A,43
6b0kA,6j66A,43
6dgmA,6j66A,43
6g60A,6j66A,43
6hhmA,6j66A,43
6hr5A,6j66A,43
6j66A,6j66A,43
6psmA,6j66A,43
6pt4A,6j66A,43
6s20C,6j66A,43
6s21A,6j66A,43
6ussA,6j66A,43
6ustA,6j66A,43
6v8qA,6j66A,43
6xlpA,6j66A,43
7aj0A,6j66A,43
7ebpA,6j66A,43
7lhaA,6j66A,43
7snoA,6j66A,43
7sttA,6j66A,43
8eg3A,6j66A,43
9fo1A,6j66A,43
9fvtA,6j66A,43
9hh2A,6j66A,43
2j68A,6j72A,2
6j72A,6j72A,2
6j7aA,6j7aA,1
6j7qA,6j7qA,1
6j98A,6j98A,1
3m4wA,6jauA,2
6jauA,6jauA,2
6j17A,6jd5A,4
6j18A,6jd5A,4
6j19A,6jd5A,4
6jd5A,6jd5A,4
6jdrA,6jdrA,1
6jdsA,6jdsA,1
3rrxA,6jgaA,11
4gyjA,6jgaA,11
4zocA,6jgaA,11
5m6gA,6jgaA,11
5vqeA,6jgaA,11
5z87A,6jgaA,11
6jgaA,6jgaA,11
6k5jA,6jgaA,11
7eapA,6jgaA,11
8xruA,6jgaA,11
8xrxE,6jgaA,11
1byfA,6jjjA,51
1g1sA,6jjjA,51
1g1tA,6jjjA,51
1htnA,6jjjA,51
1hupA,6jjjA,51
1j34B,6jjjA,51
1pwbA,6jjjA,51
1qddA,6jjjA,51
1rtm1,6jjjA,51
1tdqB,6jjjA,51
1tn3A,6jjjA,51
1ukmB,6jjjA,51
1wmzA,6jjjA,51
1wt9B,6jjjA,51
2h2tB,6jjjA,51
2ox8A,6jjjA,51
2ox9A,6jjjA,51
2py2A,6jjjA,51
2vuvA,6jjjA,51
3aluA,6jjjA,51
3kqgA,6jjjA,51
3vykA,6jjjA,51
3wh2A,6jjjA,51
3whdA,6jjjA,51
3zhgA,6jjjA,51
4ak8A,6jjjA,51
4kzvA,6jjjA,51
4mthA,6jjjA,51
4wreA,6jjjA,51
4yliA,6jjjA,51
4zesA,6jjjA,51
5b1xA,6jjjA,51
5ktiA,6jjjA,51
5m62A,6jjjA,51
5vc1A,6jjjA,51
6a7tA,6jjjA,51
6a7tB,6jjjA,51
6bbdA,6jjjA,51
6jjjA,6jjjA,51
6jk4A,6jjjA,51
6lfjA,6jjjA,51
6puvA,6jjjA,51
6pwsA,6jjjA,51
7jubA,6jjjA,51
8ea7A,6jjjA,51
8rovA,6jjjA,51
8urfA,6jjjA,51
9g76A,6jjjA,51
9iudA,6jjjA,51
9ks7A,6jjjA,51
9qy1A,6jjjA,51
6a86A,6jk3A,2
6jk3A,6jk3A,2
6jluy,6jluy,1
6jmgA,6jmgA,1
6jmtA,6jmtA,1
1q05A,6jniA,8
2zhgA,6jniA,8
3gp4A,6jniA,8
4ua1A,6jniA,8
5crlB,6jniA,8
5gpeA,6jniA,8
6jniA,6jniA,8
6jniB,6jniA,8
2e5aA,6jomA,7
3a7rA,6jomA,7
5idhA,6jomA,7
5ij6A,6jomA,7
5t8uA,6jomA,7
6jomA,6jomA,7
8criA,6jomA,7
6jp9A,6jp9A,1
6jpaF,6jpaF,1
6jqnA,6jqnA,2
6mvuA,6jqnA,2
2f2hA,6jr7A,21
2xvlA,6jr7A,21
3l4yA,6jr7A,21
3lppB,6jr7A,21
3topA,6jr7A,21
3weoA,6jr7A,21
4ba0A,6jr7A,21
4xpqA,6jr7A,21
5dkyA,6jr7A,21
5iedA,6jr7A,21
5jovA,6jr7A,21
5nn4A,6jr7A,21
5zn7A,6jr7A,21
6c9xA,6jr7A,21
6druA,6jr7A,21
6jr7A,6jr7A,21
6pnrA,6jr7A,21
7f7qA,6jr7A,21
7kncA,6jr7A,21
7wj9A,6jr7A,21
8cb1A,6jr7A,21
6js9A,6jsaA,4
6jsaA,6jsaA,4
6jsbA,6jsaA,4
9bcjC,6jsaA,4
6jsjA,6jsjA,1
3t34A,6jtgA,7
3w6pA,6jtgA,7
4p4sA,6jtgA,7
4p4tA,6jtgA,7
5d3qA,6jtgA,7
6defA,6jtgA,7
6jtgA,6jtgA,7
6jtzA,6jtzA,1
1js8A,6ju5A,10
1lnlA,6ju5A,10
4ouaB,6ju5A,10
4yd9a,6ju5A,10
5zrdA,6ju5A,10
5zreA,6ju5A,10
6ju5A,6ju5A,10
6ju8A,6ju5A,10
8tnvA,6ju5A,10
9kzlA,6ju5A,10
2bmbA,6jwsA,3
5z79A,6jwsA,3
6jwsA,6jwsA,3
2x8mA,6jyxA,2
6jyxA,6jyxA,2
6jzeB,6jzeB,1
6jzyA,6jzyA,2
9e50A,6jzyA,2
6k02A,6k02A,1
6k15H,6k15H,1
6k18A,6k18A,1
6k4kC,6k4lC,4
6k4kD,6k4lC,4
6k4lC,6k4lC,4
6k4rC,6k4lC,4
1h8sA,6k4zA,19
1x9qA,6k4zA,19
2a9nA,6k4zA,19
3gkzA,6k4zA,19
3wbdA,6k4zA,19
4mngE,6k4zA,19
5i4fA,6k4zA,19
5j75A,6k4zA,19
6cbpA,6k4zA,19
6k4zA,6k4zA,19
6lfwA,6k4zA,19
6uy3A,6k4zA,19
6yxgH,6k4zA,19
7deoA,6k4zA,19
8becA,6k4zA,19
8cgeA,6k4zA,19
8dplC,6k4zA,19
8ytoA,6k4zA,19
9kasA,6k4zA,19
6k5lA,6k5lA,1
6k61M,6k61M,6
6zzxM,6k61M,6
7ycaM,6k61M,6
8zwbM,6k61M,6
9eysk,6k61M,6
9kqpM,6k61M,6
6k61i,6k61i,1
6k61x,6k61x,1
1cttA,6k63A,3
4eg2A,6k63A,3
6k63A,6k63A,3
6k7cA,6k7cA,1
6k7lC,6k7lC,1
6k7xA,6k7xA,1
6k82B,6k82B,3
6k88A,6k82B,3
8hmhA,6k82B,3
6kacM,6kacm,2
6kacm,6kacm,2
5xnlf,6kaff,2
6kaff,6kaff,2
6kakA,6kakA,1
1ci9A,6kbyA,34
1rgyA,6kbyA,34
1rgzA,6kbyA,34
1yqsA,6kbyA,34
2dcfA,6kbyA,34
2efxA,6kbyA,34
2efxF,6kbyA,34
2ffyA,6kbyA,34
2osuA,6kbyA,34
2qmiE,6kbyA,34
3hldA,6kbyA,34
3w8kA,6kbyA,34
3wrzA,6kbyA,34
3wwxA,6kbyA,34
4e6wA,6kbyA,34
4ivkA,6kbyA,34
4wz4A,6kbyA,34
5chuB,6kbyA,34
5jyoB,6kbyA,34
5tgfD,6kbyA,34
5zwrA,6kbyA,34
6fm7A,6kbyA,34
6kbyA,6kbyA,34
6kjdA,6kbyA,34
6kjpA,6kbyA,34
6ksvA,6kbyA,34
6lc8A,6kbyA,34
6lc8B,6kbyA,34
7mdfA,6kbyA,34
7pp8A,6kbyA,34
7u1bA,6kbyA,34
8akhA,6kbyA,34
8fqsB,6kbyA,34
8rlkA,6kbyA,34
6kc5B,6kc5B,1
6kevA,6kevA,1
6kezM,6kezM,1
5tdaA,6kgiB,5
6kgiB,6kgiB,5
7wunA,6kgiB,5
7xwfA,6kgiB,5
9v0kA,6kgiB,5
6kiaA,6kiaA,2
6kiaC,6kiaA,2
6kigI,6kigI,4
6vpv7,6kigI,4
8vu3I,6kigI,4
8zwbI,6kigI,4
6kijB,6kijB,1
6kjuA,6kjuA,1
6kkoA,6kkoA,1
6kksA,6kksA,1
1h6hA,6kojA,3
1ocuA,6kojA,3
6kojA,6kojA,3
1afsA,6kpmA,112
1ah4A,6kpmA,112
1c8yA,6kpmA,112
1eomA,6kpmA,112
1fdjA,6kpmA,112
1frbA,6kpmA,112
1gveA,6kpmA,112
1h7nA,6kpmA,112
1l6sA,6kpmA,112
1lloA,6kpmA,112
1lqaA,6kpmA,112
1mi3A,6kpmA,112
1og6A,6kpmA,112
1pv8A,6kpmA,112
1pz0A,6kpmA,112
1pz1A,6kpmA,112
1q5mA,6kpmA,112
1s1pA,6kpmA,112
1us0A,6kpmA,112
1vbjA,6kpmA,112
1vp5A,6kpmA,112
1w1zA,6kpmA,112
1w5qA,6kpmA,112
1ynpA,6kpmA,112
1zuaX,6kpmA,112
2bgsA,6kpmA,112
2bp1B,6kpmA,112
2c91A,6kpmA,112
2clpA,6kpmA,112
2fvlA,6kpmA,112
2hejA,6kpmA,112
2qdhA,6kpmA,112
2uy5A,6kpmA,112
2wzmA,6kpmA,112
3a4xA,6kpmA,112
3b3dA,6kpmA,112
3buvA,6kpmA,112
3d3fA,6kpmA,112
3eauA,6kpmA,112
3erpA,6kpmA,112
3fstA,6kpmA,112
3guwA,6kpmA,112
3h7rA,6kpmA,112
3h7uA,6kpmA,112
3ijdA,6kpmA,112
3kaoA,6kpmA,112
3krbA,6kpmA,112
3ln3A,6kpmA,112
3mmtA,6kpmA,112
3n17A,6kpmA,112
3n6qD,6kpmA,112
3o3rA,6kpmA,112
3obkA,6kpmA,112
3oihA,6kpmA,112
3qrhA,6kpmA,112
3v0sA,6kpmA,112
3wbwA,6kpmA,112
3wczA,6kpmA,112
3wg6A,6kpmA,112
4axnA,6kpmA,112
4exaA,6kpmA,112
4g5dA,6kpmA,112
4gieA,6kpmA,112
4h8nA,6kpmA,112
4ijrA,6kpmA,112
4p7qA,6kpmA,112
4toqA,6kpmA,112
4tr9A,6kpmA,112
4tx6A,6kpmA,112
4tx8A,6kpmA,112
4wghA,6kpmA,112
4xo6A,6kpmA,112
5az0A,6kpmA,112
5c7hA,6kpmA,112
5f4wA,6kpmA,112
5hmsA,6kpmA,112
5jh8A,6kpmA,112
5ketA,6kpmA,112
5lzlA,6kpmA,112
5tklA,6kpmA,112
5tleA,6kpmA,112
5umeA,6kpmA,112
5z6tA,6kpmA,112
5zcmA,6kpmA,112
6fnuA,6kpmA,112
6hg6A,6kpmA,112
6idnA,6kpmA,112
6kikA,6kpmA,112
6kpmA,6kpmA,112
6kstB,6kpmA,112
6ojbA,6kpmA,112
6ovxA,6kpmA,112
6rngB,6kpmA,112
7b0eA,6kpmA,112
7bc1A,6kpmA,112
7eziA,6kpmA,112
7rmlA,6kpmA,112
7s5fA,6kpmA,112
7svqA,6kpmA,112
7th4A,6kpmA,112
7twzA,6kpmA,112
7wmzA,6kpmA,112
7xg9A,6kpmA,112
8hnqA,6kpmA,112
8hw0A,6kpmA,112
8jwmA,6kpmA,112
8tf1A,6kpmA,112
8u9fA,6kpmA,112
8usuA,6kpmA,112
8yp9A,6kpmA,112
9fbrA,6kpmA,112
9ou1A,6kpmA,112
6kqfB,6kqfB,1
3u6wA,6ktqA,3
6e1jA,6ktqA,3
6ktqA,6ktqA,3
1czfB,6kvhA,14
1ia5A,6kvhA,14
1kccA,6kvhA,14
1nhcB,6kvhA,14
1o88A,6kvhA,14
2iq7E,6kvhA,14
3p4gA,6kvhA,14
3vmwA,6kvhA,14
3zscA,6kvhA,14
4q1qA,6kvhA,14
6fi2A,6kvhA,14
6kvhA,6kvhA,14
7bbvA,6kvhA,14
7xksA,6kvhA,14
1svyA,6kwzA,7
1t44G,6kwzA,7
5a1mA,6kwzA,7
5fafA,6kwzA,7
6i4eG,6kwzA,7
6kwzA,6kwzA,7
6ljeA,6kwzA,7
6kxkD,6kxkD,1
6kyfA,6kyfA,1
5ys0A,6kylB,7
6bymA,6kylB,7
6cayA,6kylB,7
6gqfA,6kylB,7
6i3yC,6kylB,7
6kylB,6kylB,7
8axwA,6kylB,7
6kz9A,6kz9A,2
7v55A,6kz9A,2
6l4nA,6l4nA,1
6l4uM,6l4uM,3
8xlsM,6l4uM,3
8z11m,6l4uM,3
4w7sB,6l5oA,2
6l5oA,6l5oA,2
6l7oC,6l7oC,1
6l7oE,6l7oE,1
6l7oG,6l7oG,1
6l7oQ,6l7oQ,1
6l7vA,6l7vA,1
6l8nA,6l8nA,1
1hc1A,6l8sA,14
1llaA,6l8sA,14
3gwjA,6l8sA,14
3hhsA,6l8sA,14
3hhsB,6l8sA,14
3wkyA,6l8sA,14
4yzwA,6l8sA,14
5yy2A,6l8sA,14
6l8sA,6l8sA,14
8ca9D,6l8sA,14
8cadA,6l8sA,14
8canA,6l8sA,14
8ji8A,6l8sA,14
8po9A,6l8sA,14
6l99A,6l99A,1
6kbhA,6laaA,2
6laaA,6laaA,2
1ao0A,6lbpA,3
6czfA,6lbpA,3
6lbpA,6lbpA,3
1n67A,6lebA,7
1r17A,6lebA,7
4b60B,6lebA,7
4f27A,6lebA,7
4je0A,6lebA,7
5cfaA,6lebA,7
6lebA,6lebA,7
6leoA,6leoA,1
3sigA,6lh4A,14
4iqyA,6lh4A,14
5fsyA,6lh4A,14
5kivA,6lh4A,14
5zdbA,6lh4A,14
6bxtA,6lh4A,14
6bxwA,6lh4A,14
6lh4A,6lh4A,14
8r66A,6lh4A,14
8rsjA,6lh4A,14
8rsmA,6lh4A,14
8v6rA,6lh4A,14
8v6sA,6lh4A,14
9qyeA,6lh4A,14
6lhdA,6lhdA,1
6ljcC,6ljcC,1
1uc9A,6ll9B,7
3vpbA,6ll9B,7
3vpdA,6ll9B,7
5k2mA,6ll9B,7
5zctA,6ll9B,7
6ll9B,6ll9B,7
7qyrA,6ll9B,7
6lmtA,6lmtA,2
6uiwA,6lmtA,2
6ln0A,6ln0A,1
4dygA,6lnrA,2
6lnrA,6lnrA,2
6btmE,6lodE,4
6f0kE,6lodE,4
6lodE,6lodE,4
8x2jE,6lodE,4
6loeD,6loeD,2
8x2jD,6loeD,2
2ahvA,6lp1A,8
2nvvA,6lp1A,8
2oasA,6lp1A,8
3oxoE,6lp1A,8
3qdqA,6lp1A,8
4eu9A,6lp1A,8
4n8jC,6lp1A,8
6lp1A,6lp1A,8
6lqfA,6lqfA,1
5on6o,6lqmw,4
6lqmw,6lqmw,4
7pwgF,6lqmw,4
8azwq,6lqmw,4
6lrgA,6lrgA,1
6lthL,6lthL,1
1kf6B,6lumB,8
2bs2B,6lumB,8
2h88B,6lumB,8
2wdqB,6lumB,8
4ysxB,6lumB,8
5xmjB,6lumB,8
6lumB,6lumB,8
7d6vB,6lumB,8
6lumE,6lumE,1
6ly5B,6ly5B,2
8z11B,6ly5B,2
6ly5N,6ly5N,5
6ly5R,6ly5N,5
8z11L,6ly5N,5
8z11O,6ly5N,5
8z11S,6ly5N,5
6ly5i,6ly5i,1
5zgbL,6ly5l,39
6igzL,6ly5l,39
6ijjL,6ly5l,39
6k61L,6ly5l,39
6kigL,6ly5l,39
6l4uL,6ly5l,39
6lu1L,6ly5l,39
6ly5l,6ly5l,39
6sl5L,6ly5l,39
6vpv0,6ly5l,39
6zzxL,6ly5l,39
7blzL,6ly5l,39
7dkzL,6ly5l,39
7dr1L,6ly5l,39
7dwqL,6ly5l,39
7dz7L,6ly5l,39
7lx0l,6ly5l,39
7qcol,6ly5l,39
7s3dL,6ly5l,39
7xqpL,6ly5l,39
7y7bL,6ly5l,39
7ycaL,6ly5l,39
7zqcL,6ly5l,39
8bcwL,6ly5l,39
8cmoL,6ly5l,39
8vu3L,6ly5l,39
8weyL,6ly5l,39
8wghL,6ly5l,39
8wm6L,6ly5l,39
8xlsL,6ly5l,39
8z11l,6ly5l,39
9au4l,6ly5l,39
9e0jl,6ly5l,39
9eysj,6ly5l,39
9grxl,6ly5l,39
9kc5L,6ly5l,39
9kqpL,6ly5l,39
9kqqL,6ly5l,39
9mh1L,6ly5l,39
6lziA,6lziA,1
6m0aA,6m0aA,1
6m0rA,6m0rA,2
6wm2R,6m0rA,2
2xwqA,6m2fA,2
6m2fA,6m2fA,2
6m3yA,6m3yA,1
4xu6A,6m49A,2
6m49A,6m49A,2
6m4vB,6m4vB,1
6m5rB,6m5rB,1
6m5uA,6m5uA,1
6m5yA,6m5yA,1
6m6sA,6m6sA,1
1goxA,6m74A,31
1jubA,6m74A,31
1p0nA,6m74A,31
1p4cA,6m74A,31
1vcfA,6m74A,31
2e6fA,6m74A,31
3oixA,6m74A,31
3sgzA,6m74A,31
3vkjA,6m74A,31
4ef8A,6m74A,31
4n02A,6m74A,31
4oqvA,6m74A,31
4oriA,6m74A,31
4xq6A,6m74A,31
5qifA,6m74A,31
5xfvA,6m74A,31
5zzrA,6m74A,31
6a4gA,6m74A,31
6aj5A,6m74A,31
6b8sA,6m74A,31
6bfgA,6m74A,31
6dvhA,6m74A,31
6dviD,6m74A,31
6m74A,6m74A,31
6rhtA,6m74A,31
6uy4A,6m74A,31
7l01A,6m74A,31
7t5kA,6m74A,31
7ut5A,6m74A,31
8ufyA,6m74A,31
9n68A,6m74A,31
6m8mA,6m8mA,2
6x7jA,6m8mA,2
1nn7A,6m8rA,7
1s1gA,6m8rA,7
3m52A,6m8rA,7
6m8rA,6m8rA,7
7lweA,6m8rA,7
7re5A,6m8rA,7
9du7A,6m8rA,7
6m97A,6m97A,1
6m9gA,6m9gA,1
5uuhA,6m9mA,2
6m9mA,6m9mA,2
5xezA,6m9tA,2
6m9tA,6m9tA,2
4jg4A,6maxA,2
6maxA,6maxA,2
6mcpC,6mcpC,1
6md3A,6md3A,1
6mdwA,6mdwA,1
4j6rG,6meoG,19
4lajA,6meoG,19
5fa2A,6meoG,19
5fyjG,6meoG,19
5te4G,6meoG,19
6meoG,6meoG,19
6mtjG,6meoG,19
6mugG,6meoG,19
6tybG,6meoG,19
6u0lB,6meoG,19
7t4gA,6meoG,19
8czzA,6meoG,19
8d53G,6meoG,19
8fm5A,6meoG,19
8tgwA,6meoG,19
9atzM,6meoG,19
9bioC,6meoG,19
9btvC,6meoG,19
9jkfA,6meoG,19
6mfsA,6mfsA,1
6mfvA,6mfvA,1
6mgbA,6mgbA,3
8cscA,6mgbA,3
8fuxA,6mgbA,3
2bjfA,6mhmB,15
2z71A,6mhmB,15
5x9iA,6mhmB,15
5y7pA,6mhmB,15
6dxxB,6mhmB,15
6dxzB,6mhmB,15
6dy2B,6mhmB,15
6mhmB,6mhmB,15
6uh4B,6mhmB,15
7svgA,6mhmB,15
7svjB,6mhmB,15
8eslA,6mhmB,15
8eteA,6mhmB,15
8etfA,6mhmB,15
8vsyA,6mhmB,15
1d2eA,6mijA,16
1jnyA,6mijA,16
1zunB,6mijA,16
3wy9A,6mijA,16
4j0qA,6mijA,16
4pc3A,6mijA,16
4zv4A,6mijA,16
5w75A,6mijA,16
5w7qA,6mijA,16
6gfuA,6mijA,16
6htwB,6mijA,16
6mijA,6mijA,16
6ra9A,6mijA,16
7bbnA,6mijA,16
7vmxB,6mijA,16
8rdwH,6mijA,16
6mlcA,6mlcA,1
6mltA,6mltA,1
6mm1A,6mm1A,1
2nygA,6mn1A,8
3ijwA,6mn1A,8
3smaA,6mn1A,8
6mb5A,6mn1A,8
6mn1A,6mn1A,8
6mn3A,6mn1A,8
6np3A,6mn1A,8
7q1dA,6mn1A,8
2o8mB,6mo0A,14
3e90B,6mo0A,14
3p8nA,6mo0A,14
3p8nB,6mo0A,14
3rc6A,6mo0A,14
3su6A,6mo0A,14
5idkA,6mo0A,14
5lc0A,6mo0A,14
6mo0A,6mo0A,14
6p6sA,6mo0A,14
6p6vA,6mo0A,14
6p6zA,6mo0A,14
7m1vA,6mo0A,14
8a15B,6mo0A,14
6mr1A,6mr1A,1
4cqkA,6mryF,2
6mryF,6mryF,2
6ms4B,6ms4B,1
6mukA,6mukA,1
6mtwA,6mvdA,2
6mvdA,6mvdA,2
3hn3A,6mvgA,26
3lpfA,6mvgA,26
4jklA,6mvgA,26
5c71A,6mvgA,26
5ldrA,6mvgA,26
5z1aA,6mvgA,26
5z1bA,6mvgA,26
6bo6A,6mvgA,26
6cxsA,6mvgA,26
6d6wA,6mvgA,26
6ed2A,6mvgA,26
6jz2A,6mvgA,26
6mvfA,6mvgA,26
6mvgA,6mvgA,26
6mvhA,6mvgA,26
6ncxA,6mvgA,26
6nczA,6mvgA,26
6u7jA,6mvgA,26
7kgyA,6mvgA,26
7kgzA,6mvgA,26
7sf2A,6mvgA,26
7vqmA,6mvgA,26
7xyrA,6mvgA,26
8dhwA,6mvgA,26
8gerA,6mvgA,26
9j6nA,6mvgA,26
6mvhD,6mvhD,1
5of9A,6mw7A,5
6mw7A,6mw7A,5
6o1eA,6mw7A,5
7k7tA,6mw7A,5
9cdhA,6mw7A,5
6mxvB,6mxvB,1
6myjD,6myjD,1
1v0wA,6n0dA,6
6n0dA,6n0dA,6
7jrwA,6n0dA,6
8q1kA,6n0dA,6
8yr6A,6n0dA,6
9hahA,6n0dA,6
2iuwA,6n1fA,37
2jigA,6n1fA,37
2rg4A,6n1fA,37
3bvcA,6n1fA,37
3s57A,6n1fA,37
3w20A,6n1fA,37
4gjzA,6n1fA,37
4j25A,6n1fA,37
4jhtA,6n1fA,37
4nplA,6n1fA,37
4o7xA,6n1fA,37
4qkdA,6n1fA,37
5c5tA,6n1fA,37
5hv0A,6n1fA,37
5trqA,6n1fA,37
5v1bA,6n1fA,37
5xegA,6n1fA,37
5ylbA,6n1fA,37
6ax7A,6n1fA,37
6ey1A,6n1fA,37
6lnhA,6n1fA,37
6n1fA,6n1fA,37
6nieA,6n1fA,37
6qgvA,6n1fA,37
7jsdA,6n1fA,37
7jsdD,6n1fA,37
7q5vA,6n1fA,37
7u6hA,6n1fA,37
7u6jA,6n1fA,37
7v4mB,6n1fA,37
7vjvA,6n1fA,37
8hb2A,6n1fA,37
8jnrC,6n1fA,37
8w8hA,6n1fA,37
9dq2A,6n1fA,37
9dqqB,6n1fA,37
9dqrA,6n1fA,37
4wa0A,6n2bA,3
6n2bA,6n2bA,3
6n2cA,6n2bA,3
6n2mA,6n2mA,1
5b46A,6n2nA,3
5b48A,6n2nA,3
6n2nA,6n2nA,3
6n35H,6n35H,1
6n59A,6n59A,6
7p5ha,6n59A,6
7p8na,6n59A,6
8a5eA,6n59A,6
8a6tA,6n59A,6
8zqdA,6n59A,6
2vugA,6n67A,5
3qwuA,6n67A,5
5d1oA,6n67A,5
6n67A,6n67A,5
8ucgA,6n67A,5
6n7eA,6n7eA,1
6n7rB,6n7rB,1
4apmA,6n87A,3
4yivA,6n87A,3
6n87A,6n87A,3
6n8jm,6n8jm,4
7uoom,6n8jm,4
8idtA,6n8jm,4
8inkw,6n8jm,4
4lsyB,6n90B,3
6n90B,6n90B,3
9chnB,6n90B,3
1nuiA,6n9uE,2
6n9uE,6n9uE,2
6nagA,6nagA,1
3cngA,6nchB,2
6nchB,6nchB,2
6nefA,6nefA,1
6nf1A,6nf1A,1
6nf4A,6nf4A,2
6nf6A,6nf4A,2
6nffA,6nffA,1
6njdB,6njdB,1
6njsA,6njsA,2
7ubtA,6njsA,2
4c98A,6njyA,2
6njyA,6njyA,2
6njwA,6nk8A,2
6nk8A,6nk8A,2
6nmiH,6nmiH,2
7egb0,6nmiH,2
6nnwA,6nnwA,1
4mlmA,6npaA,2
6npaA,6npaA,2
6nplA,6nplA,3
9bwtA,6nplA,3
9c0hA,6nplA,3
6nq3B,6nq3B,1
6nqzA,6nqzA,1
6ntsA,6ntsA,1
6ntsB,6ntsB,1
1gm9A,6nvyA,2
6nvyA,6nvyA,2
6k61k,6nwaK,9
6kigK,6nwaK,9
6nwaK,6nwaK,9
6tclK,6nwaK,9
6vpv9,6nwaK,9
7s3dk,6nwaK,9
8zwbK,6nwaK,9
9au4k,6nwaK,9
9eysi,6nwaK,9
6nwzA,6nwzA,1
3sjlA,6nx0A,2
6nx0A,6nx0A,2
2arcA,6nx3A,3
5u93A,6nx3A,3
6nx3A,6nx3A,3
6nz4A,6nz4A,1
6nzlA,6nzlA,1
6o19A,6o19A,1
2iutA,6o1wA,2
6o1wA,6o1wA,2
6o38A,6o38A,2
6o38C,6o38A,2
4jkvA,6o3cA,5
4qinA,6o3cA,5
6d32A,6o3cA,5
6o3cA,6o3cA,5
7zi0A,6o3cA,5
6o43A,6o43A,1
6o5iA,6o5iA,1
2egmA,6o5kA,4
2yrgA,6o5kA,4
6imqA,6o5kA,4
6o5kA,6o5kA,4
1jq3A,6o65A,12
2e5wA,6o65A,12
2o07A,6o65A,12
3anxA,6o65A,12
3c6kA,6o65A,12
3c6mC,6o65A,12
4yuyA,6o65A,12
6bq6A,6o65A,12
6hy1A,6o65A,12
6o65A,6o65A,12
6qmmA,6o65A,12
7xihA,6o65A,12
6o6bA,6o6bA,1
6o6jA,6o6jA,2
6v5aA,6o6jA,2
4n0lA,6o7hC,2
6o7hC,6o7hC,2
1ap8A,6o80A,17
2idvA,6o80A,17
2jgbA,6o80A,17
2wmcA,6o80A,17
3hxiA,6o80A,17
3m94A,6o80A,17
4b6uA,6o80A,17
4tpwA,6o80A,17
5abuA,6o80A,17
5abxA,6o80A,17
5m7xC,6o80A,17
5m7zC,6o80A,17
5me6A,6o80A,17
6fbzA,6o80A,17
6fc1A,6o80A,17
6o80A,6o80A,17
8qm8A,6o80A,17
2d7dA,6o8eA,2
6o8eA,6o8eA,2
1coyA,6o9nA,39
1gpeA,6o9nA,39
1ju2A,6o9nA,39
1kdgA,6o9nA,39
2jbvA,6o9nA,39
3pl8A,6o9nA,39
3q9tA,6o9nA,39
3qvpA,6o9nA,39
3redA,6o9nA,39
4h7uA,6o9nA,39
4ha6A,6o9nA,39
4mifA,6o9nA,39
4qi5A,6o9nA,39
4rekA,6o9nA,39
4udqA,6o9nA,39
4z24A,6o9nA,39
5hsaA,6o9nA,39
5oc1A,6o9nA,39
6a2uB,6o9nA,39
6h3oA,6o9nA,39
6lr8A,6o9nA,39
6o9nA,6o9nA,39
6ze6A,6o9nA,39
6zh7A,6o9nA,39
7dveA,6o9nA,39
7ptvA,6o9nA,39
7qf8A,6o9nA,39
7vzpA,6o9nA,39
8b7sA,6o9nA,39
8bxlA,6o9nA,39
8il4A,6o9nA,39
8k6kA,6o9nA,39
8qveA,6o9nA,39
8ridA,6o9nA,39
8rpfA,6o9nA,39
8rpgA,6o9nA,39
8s2yA,6o9nA,39
9avhA,6o9nA,39
9fl2A,6o9nA,39
2wllB,6o9uA,9
3syaA,6o9uA,9
3syqA,6o9uA,9
5kukA,6o9uA,9
6o9uA,6o9uA,9
7mitA,6o9uA,9
7w4pA,6o9uA,9
8i5mA,6o9uA,9
8ti1A,6o9uA,9
6oapA,6oapA,1
2rfmA,6ob5D,10
4zfhA,6ob5D,10
5aaoA,6ob5D,10
5cbnA,6ob5D,10
5oyjA,6ob5D,10
6ob5D,6ob5D,10
7b4vC,6ob5D,10
7b4wA,6ob5D,10
7z7cA,6ob5D,10
8ippB,6ob5D,10
1bjfA,6ocxA,30
1fpwA,6ocxA,30
1jbaA,6ocxA,30
1s6cA,6ocxA,30
2ct9A,6ocxA,30
2ehbA,6ocxA,30
2ggzA,6ocxA,30
2julA,6ocxA,30
2l4iA,6ocxA,30
2r2iA,6ocxA,30
2zfdA,6ocxA,30
4f0zB,6ocxA,30
4ov2A,6ocxA,30
4yi8A,6ocxA,30
5b8iB,6ocxA,30
5g08A,6ocxA,30
5g4pA,6ocxA,30
5x9aA,6ocxA,30
6nucB,6ocxA,30
6ocxA,6ocxA,30
6tz6B,6ocxA,30
6tz7B,6ocxA,30
6tz8B,6ocxA,30
6wu7A,6ocxA,30
7u0tA,6ocxA,30
7u0uA,6ocxA,30
7ukhI,6ocxA,30
8ahyB,6ocxA,30
8tkpB,6ocxA,30
8z3fA,6ocxA,30
3rguC,6oddB,3
6oddB,6oddB,3
6uxeB,6oddB,3
6of2B,6of2B,1
6ofbA,6ofbA,1
6ofsA,6ofsA,1
6ohjB,6ohjB,1
6ohmA,6ohmA,2
6u8zA,6ohmA,2
5a29A,6ojkA,2
6ojkA,6ojkA,2
3irbA,6ok1B,6
5m3kB,6ok1B,6
6et9E,6ok1B,6
6htjA,6ok1B,6
6ok1B,6ok1B,6
7pytA,6ok1B,6
6oley,6oley,1
6om7b,6om7b,1
3m6aA,6on2A,6
4yplA,6on2A,6
6on2A,6on2A,6
7p09A,6on2A,6
7sxoA,6on2A,6
7sxoB,6on2A,6
6on4A,6on4A,1
6onqA,6onqA,1
6oqaC,6oqaC,1
6oqqA,6oqqA,1
6oriA,6oriA,2
7c7rA,6oriA,2
1t10A,6otuA,15
2cxqA,6otuA,15
2o2cA,6otuA,15
3hjbB,6otuA,15
3pr3A,6otuA,15
3q7iA,6otuA,15
3ujhA,6otuA,15
4em6B,6otuA,15
4qfhA,6otuA,15
6bzcA,6otuA,15
6otuA,6otuA,15
7e78A,6otuA,15
7oylA,6otuA,15
9fkcA,6otuA,15
9g46A,6otuA,15
6oucA,6oucA,2
9eaoA,6oucA,2
2o1sA,6ouvA,6
6ouvA,6ouvA,6
8a45A,6ouvA,6
8a9cB,6ouvA,6
8oghA,6ouvA,6
8r2hA,6ouvA,6
6ov6A,6ov6A,1
3gocA,6oznA,4
6ozfA,6oznA,4
6ozhA,6oznA,4
6oznA,6oznA,4
1mw8X,6ozwA,2
6ozwA,6ozwA,2
1uheA,6p02B,4
2eeoB,6p02B,4
5ls7D,6p02B,4
6p02B,6p02B,4
6p20A,6p20A,1
4jivD,6p20D,4
4jiwD,6p20D,4
4ku0D,6p20D,4
6p20D,6p20D,4
4tvaB,6p24B,3
6p24B,6p24B,3
7ka0E,6p24B,3
6p25A,6p25B,2
6p25B,6p25B,2
6p2aA,6p2aA,1
6p4wA,6p4wA,1
6p5rA,6p5rA,1
4u0oB,6p78A,4
5exjA,6p78A,4
6p78A,6p78A,4
8trwA,6p78A,4
6p7oA,6p7oA,2
7zgvA,6p7oA,2
1on3A,6p7uA,8
3ib9A,6p7uA,8
3n6rB,6p7uA,8
5infB,6p7uA,8
6p7uA,6p7uA,8
6ybqA,6p7uA,8
7ybuC,6p7uA,8
8sgzC,6p7uA,8
2iu8A,6p89A,3
6p89A,6p89A,3
6uecA,6p89A,3
6pawH,6pawH,1
6pbdA,6pbdA,1
6pc3A,6pc3A,3
8gtyA,6pc3A,3
8jgwA,6pc3A,3
6pd2A,6pd2A,1
1bdgA,6pdtA,11
3b8aX,6pdtA,11
3f9mA,6pdtA,11
3hm8A,6pdtA,11
3o8mA,6pdtA,11
4qs7A,6pdtA,11
6jj8A,6pdtA,11
6ksrA,6pdtA,11
6pdtA,6pdtA,11
7zziA,6pdtA,11
9f3jA,6pdtA,11
1d2nA,6pdwB,48
1njgA,6pdwB,48
2qpaA,6pdwB,48
2r65A,6pdwB,48
3d8bA,6pdwB,48
3h4mA,6pdwB,48
3whkA,6pdwB,48
4d81A,6pdwB,48
4l16A,6pdwB,48
5eqtA,6pdwB,48
5m32d,6pdwB,48
5m32h,6pdwB,48
5ubvA,6pdwB,48
5uj7E,6pdwB,48
5z6rA,6pdwB,48
6b5dA,6pdwB,48
6bmfA,6pdwB,48
6p07A,6pdwB,48
6p14A,6pdwB,48
6pdwB,6pdwB,48
6pe0A,6pdwB,48
6pe0F,6pdwB,48
6u1yA,6pdwB,48
7l9xA,6pdwB,48
7uprB,6pdwB,48
7uptF,6pdwB,48
7w46B,6pdwB,48
8amzH,6pdwB,48
8amzI,6pdwB,48
8r64A,6pdwB,48
8r64F,6pdwB,48
8t5uA,6pdwB,48
8tp1A,6pdwB,48
8usbA,6pdwB,48
8usbB,6pdwB,48
8usbC,6pdwB,48
8usbD,6pdwB,48
8usbE,6pdwB,48
8usbF,6pdwB,48
9bv1E,6pdwB,48
9cgcH,6pdwB,48
9cgcI,6pdwB,48
9cgcJ,6pdwB,48
9cgcK,6pdwB,48
9cgcL,6pdwB,48
9cgcM,6pdwB,48
9gsnA,6pdwB,48
9nkfA,6pdwB,48
6cibA,6peuA,3
6grgD,6peuA,3
6peuA,6peuA,3
6pfjT,6pfjT,1
6ph3A,6ph3A,1
6ph4A,6ph4A,1
6ph4B,6ph4B,1
2wfqA,6pjvA,3
3k7gB,6pjvA,3
6pjvA,6pjvA,3
6pkiA,6pkuA,2
6pkuA,6pkuA,2
1pyyA,6pl6B,14
1qmfA,6pl6B,14
2wadA,6pl6B,14
3vslA,6pl6B,14
4cjnA,6pl6B,14
6g9sA,6pl6B,14
6pl6B,6pl6B,14
7kisA,6pl6B,14
7rczA,6pl6B,14
7rd0A,6pl6B,14
8c5oA,6pl6B,14
8f3uA,6pl6B,14
8yjxA,6pl6B,14
8yjxB,6pl6B,14
6pmgX,6pmgX,1
6pnjk,6pnjk,1
6pogB,6pogB,1
6polB,6polB,1
6ppuA,6ppuA,1
6pr1A,6pr1A,1
6pstN,6pstN,1
6pw4B,6pw5A,2
6pw5A,6pw5A,2
6px5X,6px5X,1
6pxhA,6pxhA,4
7b62A,6pxhA,4
8y8bA,6pxhA,4
9btbA,6pxhA,4
2d7iA,6pxuA,11
2ffuA,6pxuA,11
5fv9D,6pxuA,11
6e4qA,6pxuA,11
6h0bB,6pxuA,11
6iwrA,6pxuA,11
6pxuA,6pxuA,11
6s22A,6pxuA,11
8ujgA,6pxuA,11
8v9qA,6pxuA,11
8v9qB,6pxuA,11
6pxzA,6pxzA,1
1fe8A,6pyoA,19
1idoA,6pyoA,19
1mjnA,6pyoA,19
1q0pA,6pyoA,19
1shuX,6pyoA,19
1v7pC,6pyoA,19
2b2xB,6pyoA,19
3ibsA,6pyoA,19
3n2nA,6pyoA,19
3zqkA,6pyoA,19
4bj3A,6pyoA,19
4f1jA,6pyoA,19
4jduA,6pyoA,19
4okrA,6pyoA,19
5hgjA,6pyoA,19
6pyoA,6pyoA,19
6rhvC,6pyoA,19
6rhwC,6pyoA,19
6s4cA,6pyoA,19
3epzA,6pzvC,3
5wvoC,6pzvC,3
6pzvC,6pzvC,3
6q0rB,6q0rB,1
6q0rC,6q0rC,1
5uqzA,6q2lA,2
6q2lA,6q2lA,2
6q2oE,6q2oE,3
7amkA,6q2oE,3
7amlA,6q2oE,3
6fgcA,6q32A,2
6q32A,6q32A,2
6q53B,6q53B,1
3iekA,6q5aA,9
6i1dA,6q5aA,9
6m8qA,6q5aA,9
6q5aA,6q5aA,9
7pksk,6q5aA,9
8r23C,6q5aA,9
8t1qA,6q5aA,9
8uicK,6q5aA,9
8z4lH,6q5aA,9
6q8jA,6q8jA,1
6q8yN,6q8yN,6
7pzyg,6q8yN,6
7r4xf,6q8yN,6
8auvN,6q8yN,6
8t4sf,6q8yN,6
9npyb,6q8yN,6
3pifD,6q8yz,2
6q8yz,6q8yz,2
6q955,6q955,2
7acj5,6q955,2
6q95O,6q95O,9
6zxgO,6q95O,9
7pjyO,6q95O,9
7unuQ,6q95O,9
7uvzN,6q95O,9
8cdlq,6q95O,9
9fibK,6q95O,9
9no7S,6q95O,9
9no7k,6q95O,9
6qcbA,6qcbA,1
6qcbB,6qcbB,1
6qe0A,6qe0A,1
6qdiA,6qe7A,2
6qe7A,6qe7A,2
6qfmA,6qfmA,6
6udvA,6qfmA,6
7adtA,6qfmA,6
7jmtA,6qfmA,6
7p9wA,6qfmA,6
9girA,6qfmA,6
6qigA,6qigA,1
6qikw,6qikw,1
6qjaD,6qjaD,1
6qk5A,6qk5A,1
5l7jA,6qk7C,5
6qk7C,6qk7C,5
8aswC,6qk7C,5
8ptxC,6qk7C,5
8ptyC,6qk7C,5
4x8eA,6qkiA,6
6qkiA,6qkiA,6
8k5jA,6qkiA,6
8u42A,6qkiA,6
8vigA,6qkiA,6
8vihA,6qkiA,6
6qrjA,6qrjA,1
1afrA,6qrzA,47
1h0oA,6qrzA,47
1jk0A,6qrzA,47
1mxrA,6qrzA,47
1r2fA,6qrzA,47
1syyA,6qrzA,47
1t0sB,6qrzA,47
1uzrA,6qrzA,47
1za0A,6qrzA,47
2o1zA,6qrzA,47
2rccB,6qrzA,47
2rccC,6qrzA,47
2uw1A,6qrzA,47
3chhA,6qrzA,47
3ee4A,6qrzA,47
3hf1A,6qrzA,47
3mjoA,6qrzA,47
3n37A,6qrzA,47
3pvtA,6qrzA,47
4dr0A,6qrzA,47
4n83A,6qrzA,47
4rc8A,6qrzA,47
4tw3A,6qrzA,47
5hygA,6qrzA,47
5k52A,6qrzA,47
5k53A,6qrzA,47
5olkA,6qrzA,47
5tdsB,6qrzA,47
5ux2A,6qrzA,47
6cwoA,6qrzA,47
6d9fA,6qrzA,47
6f6mA,6qrzA,47
6gp3A,6qrzA,47
6qo9A,6qrzA,47
6qrzA,6qrzA,47
6sf5A,6qrzA,47
6y2nA,6qrzA,47
6zjkA,6qrzA,47
7ailA,6qrzA,47
7mmwA,6qrzA,47
7pp7A,6qrzA,47
7qbkA,6qrzA,47
7qbpA,6qrzA,47
7t63A,6qrzA,47
8dq3A,6qrzA,47
8dq4B,6qrzA,47
8dq5B,6qrzA,47
6qu1A,6qu1A,1
2f48A,6qu3A,3
6qu3A,6qu3A,3
9mdtA,6qu3A,3
6queB,6queB,1
6qvmA,6qvmA,1
2wnfA,6qvtA,5
4js1A,6qvtA,5
5bo7A,6qvtA,5
6aplA,6qvtA,5
6qvtA,6qvtA,5
6qw0A,6qw0A,1
4msxA,6qw6U,2
6qw6U,6qw6U,2
6qxzA,6qxzA,1
3pmqA,6qycA,4
4lmhA,6qycA,4
6qycA,6qycA,4
7o7gA,6qycA,4
6qzhA,6qzhA,1
2ux9A,6r1eA,5
2vxaA,6r1eA,5
2yizA,6r1eA,5
4b2hA,6r1eA,5
6r1eA,6r1eA,5
6r1gA,6r1gA,1
6r2qA,6r2qA,1
6r2qB,6r2qB,1
6r2wL,6r2wL,1
1oygA,6r3rA,28
1w2tA,6r3rA,28
1y9gA,6r3rA,28
2ac1A,6r3rA,28
2addA,6r3rA,28
2yfrA,6r3rA,28
3om4A,6r3rA,28
3pijA,6r3rA,28
3sc7X,6r3rA,28
3uggA,6r3rA,28
3vssA,6r3rA,28
3vszA,6r3rA,28
4ffhA,6r3rA,28
6eufA,6r3rA,28
6m0eA,6r3rA,28
6nu8A,6r3rA,28
6nunA,6r3rA,28
6r3rA,6r3rA,28
6s2bA,6r3rA,28
7bj4A,6r3rA,28
7bwcA,6r3rA,28
7bysA,6r3rA,28
7fdzA,6r3rA,28
7osoA,6r3rA,28
7vcpA,6r3rA,28
8besA,6r3rA,28
8qj5A,6r3rA,28
8xvpA,6r3rA,28
1cpqA,6r6mA,37
1gqaA,6r6mA,37
1he1A,6r6mA,37
1i4yA,6r6mA,37
1mqvA,6r6mA,37
1q0gA,6r6mA,37
1s05A,6r6mA,37
1t6uA,6r6mA,37
2ccyA,6r6mA,37
2hmqA,6r6mA,37
2hz8A,6r6mA,37
2j8wA,6r6mA,37
2mhrA,6r6mA,37
2ykzA,6r6mA,37
3agtA,6r6mA,37
3iq5A,6r6mA,37
3ls1A,6r6mA,37
3t9oA,6r6mA,37
3t9oB,6r6mA,37
4u9eA,6r6mA,37
4ulvA,6r6mA,37
4xpxA,6r6mA,37
5tgyA,6r6mA,37
5xzjA,6r6mA,37
6a3kA,6r6mA,37
6dyfA,6r6mA,37
6ot4A,6r6mA,37
6peqF,6r6mA,37
6r6mA,6r6mA,37
6wz1A,6r6mA,37
7ah0A,6r6mA,37
7bxoH,6r6mA,37
7jrqA,6r6mA,37
7lsjA,6r6mA,37
8rkpA,6r6mA,37
8sjiA,6r6mA,37
9u78A,6r6mA,37
6r6uA,6r6uA,1
6r86R,6r86R,1
6ra0A,6ra0A,1
4r7yA,6raw5,44
5v8f3,6raw5,44
6raw2,6raw5,44
6raw3,6raw5,44
6raw4,6raw5,44
6raw5,6raw5,44
6raw6,6raw5,44
6raw7,6raw5,44
7pmk4,6raw5,44
7w1y2,6raw5,44
7w1y3,6raw5,44
7w1y4,6raw5,44
7w1y5,6raw5,44
7w1y6,6raw5,44
7w1y7,6raw5,44
7w8g2,6raw5,44
7w8g3,6raw5,44
7w8g4,6raw5,44
7w8g5,6raw5,44
7w8g6,6raw5,44
7w8g7,6raw5,44
8b9a2,6raw5,44
8ealA,6raw5,44
8eamF,6raw5,44
8kg64,6raw5,44
8ouw2,6raw5,44
8ouw3,6raw5,44
8ouw4,6raw5,44
8ouw5,6raw5,44
8ouw6,6raw5,44
8ouw7,6raw5,44
8q67A,6raw5,44
8s097,6raw5,44
8s0e4,6raw5,44
8s0e6,6raw5,44
8w0i5,6raw5,44
8x7uA,6raw5,44
8x7uB,6raw5,44
8xgc2,6raw5,44
9e2z2,6raw5,44
9e2z5,6raw5,44
9gjp7,6raw5,44
9gjw5,6raw5,44
9gjw6,6raw5,44
6riwA,6riwA,1
6rk4A,6rk4A,2
7bngA,6rk4A,2
1sesA,6rltA,20
1wleA,6rltA,20
2cjaA,6rltA,20
2dq0A,6rltA,20
2dq3A,6rltA,20
3errA,6rltA,20
3qo8A,6rltA,20
3w3sA,6rltA,20
4l87A,6rltA,20
6bljA,6rltA,20
6bljB,6rltA,20
6hdzA,6rltA,20
6hdzB,6rltA,20
6oteA,6rltA,20
6r1mA,6rltA,20
6r1nA,6rltA,20
6rltA,6rltA,20
6x94A,6rltA,20
7tzbA,6rltA,20
9qofA,6rltA,20
3kdkA,6rmnB,3
4e4wB,6rmnB,3
6rmnB,6rmnB,3
6qv5A,6rn5A,3
6qvaA,6rn5A,3
6rn5A,6rn5A,3
6rneC,6rneC,1
6rniA,6rniA,1
6rniB,6rniB,1
6rp4A,6rp4A,1
6rreB,6rreB,3
8aggA,6rreB,3
8alkA,6rreB,3
6rrpA,6rrpA,1
1cx4A,6rsxA,7
1ne6A,6rsxA,7
5j3uA,6rsxA,7
5kbfA,6rsxA,7
6floA,6rsxA,7
6ftfB,6rsxA,7
6rsxA,6rsxA,7
2vkhA,6rtgA,5
5uqkA,6rtgA,5
6rtgA,6rtgA,5
7louA,6rtgA,5
7s0zA,6rtgA,5
6rtwA,6rtwA,1
5n61Q,6ruiQ,2
6ruiQ,6ruiQ,2
6rumA,6rumA,1
6rusA,6rusA,1
2yoyA,6rw7A,19
4alsA,6rw7A,19
4oy6A,6rw7A,19
4oy7A,6rw7A,19
5fjqA,6rw7A,19
5ftzA,6rw7A,19
5l2vA,6rw7A,19
5lsvA,6rw7A,19
5mszA,6rw7A,19
5opfA,6rw7A,19
5uizA,6rw7A,19
5vg0A,6rw7A,19
5wszA,6rw7A,19
6if7A,6rw7A,19
6rw7A,6rw7A,19
6t5zA,6rw7A,19
7zjbB,6rw7A,19
8cc3A,6rw7A,19
8rryA,6rw7A,19
6rwgA,6rwgA,1
6ryoA,6ryoA,1
6rzzs,6rzzs,1
6rzzu,6rzzu,1
6s0aB,6s0aB,1
6s0eA,6s0eA,1
6s2pN,6s2pN,1
6s48A,6s48A,1
6s4qA,6s4qA,1
3r7wA,6s6aD,9
3r7wB,6s6aD,9
3r7wD,6s6aD,9
6nzdF,6s6aD,9
6s6aD,6s6aD,9
6s6dA,6s6aD,9
6s6dC,6s6aD,9
8fw5D,6s6aD,9
8fw5E,6s6aD,9
5t5iC,6s6yC,2
6s6yC,6s6yC,2
6s7oE,6s7oE,1
6s7oF,6s7oF,2
8ageF,6s7oF,2
6s7tE,6s7tE,2
8ageE,6s7tE,2
6s8nF,6s8nG,4
6s8nG,6s8nG,4
7efoF,6s8nG,4
7efoG,6s8nG,4
6sarA,6sarA,1
6sc5A,6sc5A,1
6scpA,6scpA,1
4xlgA,6seiA,3
6seiA,6seiA,3
7cq3A,6seiA,3
6seiB,6seiB,1
6sftA,6sftA,1
1czsA,6sgfA,39
1od3A,6sgfA,39
1tvgA,6sgfA,39
1uxxX,6sgfA,39
1uy4A,6sgfA,39
1uyxA,6sgfA,39
1w0nA,6sgfA,39
1w9tA,6sgfA,39
2cdpA,6sgfA,39
2jdaA,6sgfA,39
2o8oA,6sgfA,39
2v4vA,6sgfA,39
2vzpA,6sgfA,39
2w3jA,6sgfA,39
2w47A,6sgfA,39
2w87A,6sgfA,39
2wz8A,6sgfA,39
2yc2A,6sgfA,39
2ypjA,6sgfA,39
3hnbM,6sgfA,39
3jqwA,6sgfA,39
4afdA,6sgfA,39
4bj0A,6sgfA,39
4qb6A,6sgfA,39
4qpwA,6sgfA,39
5dq0A,6sgfA,39
5fu2A,6sgfA,39
5fuiA,6sgfA,39
6fmcA,6sgfA,39
6q67A,6sgfA,39
6sgfA,6sgfA,39
7ay3A,6sgfA,39
7d2aA,6sgfA,39
7ehgA,6sgfA,39
7zvoA,6sgfA,39
8ad2A,6sgfA,39
8jmrA,6sgfA,39
8jmrB,6sgfA,39
9fowB,6sgfA,39
6shkA,6shkA,1
6sjaB,6sjaB,1
6sjwA,6sjwA,1
5afbA,6skaD,2
6skaD,6skaD,2
6sl2A,6sl2A,1
4y28H,6sl5H,2
6sl5H,6sl5H,2
6sl5I,6sl5I,2
7zqcI,6sl5I,2
6sloA,6sloA,1
6snaA,6snaF,2
6snaF,6snaF,2
6sneJ,6sneJ,1
6sntf,6sntf,2
8rw1f,6sntf,2
6sp2A,6sp2A,1
5mnjD,6sqpB,3
6sqpA,6sqpB,3
6sqpB,6sqpB,3
1lbaA,6srtA,22
1ohtA,6srtA,22
1yb0A,6srtA,22
2aphA,6srtA,22
2cb3A,6srtA,22
2eaxC,6srtA,22
2f2lA,6srtA,22
2f2lX,6srtA,22
2xz4A,6srtA,22
2y28A,6srtA,22
3latA,6srtA,22
3rdrA,6srtA,22
3rt4C,6srtA,22
4ivvA,6srtA,22
4knkA,6srtA,22
4olsA,6srtA,22
6fhgA,6srtA,22
6srtA,6srtA,22
6su5A,6srtA,22
7f5iA,6srtA,22
8c4dA,6srtA,22
9htuA,6srtA,22
4bpmA,6sssB,9
5tl9A,6sssB,9
6sssB,6sssB,9
6vgcA,6sssB,9
6wlw3,6sssB,9
7tapD,6sssB,9
7tapE,6sssB,9
8wciB,6sssB,9
9g14A,6sssB,9
5dztA,6st5A,2
6st5A,6st5A,2
4amlA,6stoA,2
6stoA,6stoA,2
6susA,6susA,1
6sxtA,6sxtA,1
6szwA,6szwA,1
6t0qA,6t0qA,1
6t4dA,6t4dA,2
6t69A,6t4dA,2
1d4dA,6t85A,25
1knrA,6t85A,25
1qo8A,6t85A,25
1y0pA,6t85A,25
2bs2A,6t85A,25
2e5vA,6t85A,25
2gqfA,6t85A,25
2i0zA,6t85A,25
3v76A,6t85A,25
4at0A,6t85A,25
4c3xA,6t85A,25
4cnkA,6t85A,25
4ysxA,6t85A,25
5kxjA,6t85A,25
5xmjA,6t85A,25
5zynB,6t85A,25
6awfE,6t85A,25
6b58A,6t85A,25
6c12A,6t85A,25
6lumA,6t85A,25
6t85A,6t85A,25
7d6vA,6t85A,25
7jz2A,6t85A,25
7p18A,6t85A,25
8dyeA,6t85A,25
6tbiA,6tbiA,3
7kmoA,6tbiA,3
8z47A,6tbiA,3
6tcbB,6tcbB,1
6tclX,6tclX,1
6tcvB,6tcvB,1
6tdvM,6tdvM,1
6tdvN,6tdvN,1
6tdvp,6tdvp,1
6tehC,6tehC,1
6fyhA,6tgkC,2
6tgkC,6tgkC,2
6tgvA,6tgvA,1
1u7zA,6th2A,2
6th2A,6th2A,2
6thhC,6thhC,1
6thkA,6thkA,1
6titA,6titA,1
6tj0A,6tj0A,1
6tj5A,6tj7A,2
6tj7A,6tj7A,2
6tkvA,6tkvA,1
6tl0B,6tl0B,1
6tlxA,6tlxA,1
6tlyA,6tlyA,1
6r41A,6tm0A,2
6tm0A,6tm0A,2
6to1A,6to1A,1
5y3zA,6topA,3
6topA,6topA,3
6u83A,6topA,3
6tp5A,6tp5A,1
6tp9A,6tp9A,1
1dy7A,6tpoA,6
1qksA,6tpoA,6
3mksD,6tpoA,6
6l8aC,6tpoA,6
6rteA,6tpoA,6
6tpoA,6tpoA,6
2zxdA,6tr4A,11
3uesA,6tr4A,11
4oueA,6tr4A,11
4wsjA,6tr4A,11
6gn6A,6tr4A,11
6orhA,6tr4A,11
6tr4A,6tr4A,11
7pm4A,6tr4A,11
9eu2A,6tr4A,11
9eu4A,6tr4A,11
9hy7A,6tr4A,11
6trkA,6trkA,1
2lulA,6tt2A,2
6tt2A,6tt2A,2
6tt7T,6tt7T,1
6tugA,6tugA,1
6tv0A,6tv0A,2
8k6hA,6tv0A,2
6tweA,6tweA,1
6ty0A,6ty0A,1
6ty2A,6ty2A,1
6tzkA,6tzkA,1
6qp0A,6tzxA,2
6tzxA,6tzxA,2
6tzyA,6tzyA,1
6u05A,6u05A,1
6u07A,6u07A,1
6u2mA,6u2mA,1
6u3bB,6u3bB,1
2ygtA,6u3tA,7
3lkfA,6u3tA,7
3m4eB,6u3tA,7
6u2sA,6u3tA,7
6u3fA,6u3tA,7
6u3tA,6u3tA,7
7p8uA,6u3tA,7
6u4bA,6u4bA,1
6u7lA,6u7lA,1
6u9dC,6u9dC,1
6u9dR,6u9dR,1
1llmC,6u9qA,4
1meyC,6u9qA,4
4x9jA,6u9qA,4
6u9qA,6u9qA,4
6ucaA,6ucaA,1
6a4iD,6ud5C,4
6pyzA,6ud5C,4
6ud5C,6ud5C,4
9esdA,6ud5C,4
6paiC,6ud7A,2
6ud7A,6ud7A,2
3u9gA,6uejA,2
6uejA,6uejA,2
5v8cA,6uexA,3
6mptA,6uexA,3
6uexA,6uexA,3
6ug4A,6ug4A,1
3f9xA,6ugmM,7
4z4pA,6ugmM,7
5w1yA,6ugmM,7
6ugmM,6ugmM,7
6uh5M,6ugmM,7
6venN,6ugmM,7
7w6lC,6ugmM,7
6uhhA,6uhhA,1
1jcgA,6uj5A,23
2fsnA,6uj5A,23
2i7nA,6uj5A,23
2ychA,6uj5A,23
2zgyA,6uj5A,23
3h1qA,6uj5A,23
3wt0A,6uj5A,23
4a2aA,6uj5A,23
4czgA,6uj5A,23
4xe8A,6uj5A,23
5e26A,6uj5A,23
5ec0A,6uj5A,23
5eouB,6uj5A,23
5jicA,6uj5A,23
5kqdA,6uj5A,23
6ixwA,6uj5A,23
6uj5A,6uj5A,23
7bvzA,6uj5A,23
7e1gA,6uj5A,23
7q6dA,6uj5A,23
7q6fA,6uj5A,23
7ue7A,6uj5A,23
7zpuM,6uj5A,23
6ukfX,6ukfX,1
2qnrA,6upqA,28
3tw4A,6upqA,28
4kv9A,6upqA,28
4z54A,6upqA,28
5cyoA,6upqA,28
5cyoB,6upqA,28
5irrA,6upqA,28
6mq9A,6upqA,28
6n0bA,6upqA,28
6upaB,6upqA,28
6upqA,6upqA,28
6upqB,6upqA,28
6uprB,6upqA,28
6uqqB,6upqA,28
7m6jA,6upqA,28
7m6jB,6upqA,28
8dktA,6upqA,28
8dktB,6upqA,28
8fwpB,6upqA,28
9bhtA,6upqA,28
9bhtB,6upqA,28
9bhtC,6upqA,28
9bhwA,6upqA,28
9bhwB,6upqA,28
9gd4A,6upqA,28
9gd4B,6upqA,28
9gd4C,6upqA,28
9gd4D,6upqA,28
6msoA,6uq8A,2
6uq8A,6uq8A,2
1m55A,6usmB,5
4zo0A,6usmB,5
4zo0C,6usmB,5
6usmB,6usmB,5
7szxB,6usmB,5
6ut3F,6ut3F,1
6ut5A,6ut5A,1
5bykA,6uuyA,3
5tizA,6uuyA,3
6uuyA,6uuyA,3
6uwaA,6uwaA,1
6uybA,6uybB,6
6uybB,6uybB,6
7li5A,6uybB,6
8caaA,6uybB,6
8p0mA,6uybB,6
8q68A,6uybB,6
6uzyA,6uzyA,3
6wbfA,6uzyA,3
7m19C,6uzyA,3
6v1cA,6v1cA,1
6v35E,6v35E,1
6v4tA,6v4tA,1
6v4vA,6v4vA,1
6v55A,6v55A,1
4y15A,6v7xB,5
6cc0A,6v7xB,5
6v7xB,6v7xB,5
7r3gA,6v7xB,5
7r3jC,6v7xB,5
1f2dA,6v82B,68
1fcjA,6v82B,68
1j0aA,6v82B,68
1kl7A,6v82B,68
1p5jA,6v82B,68
1pwhA,6v82B,68
1tdjA,6v82B,68
1tzjA,6v82B,68
1v71A,6v82B,68
1v7cA,6v82B,68
1vb3A,6v82B,68
1ve1A,6v82B,68
1ve5A,6v82B,68
1z7wA,6v82B,68
2c2bA,6v82B,68
2d1fA,6v82B,68
2gn2A,6v82B,68
2pqmA,6v82B,68
2rkbA,6v82B,68
2v03A,6v82B,68
2zsjA,6v82B,68
3dwgA,6v82B,68
3l6bA,6v82B,68
3pc3A,6v82B,68
3ss7X,6v82B,68
3vc3A,6v82B,68
3x44A,6v82B,68
3zeiA,6v82B,68
4aecA,6v82B,68
4cooA,6v82B,68
4d9bA,6v82B,68
4d9mA,6v82B,68
4f4fA,6v82B,68
4lmaA,6v82B,68
4lmbA,6v82B,68
4qysA,6v82B,68
5b1iA,6v82B,68
5c3uA,6v82B,68
5cvcA,6v82B,68
5d84A,6v82B,68
5dbhX,6v82B,68
5ey5B,6v82B,68
5ixjA,6v82B,68
5kzmB,6v82B,68
5ohxA,6v82B,68
5tcgB,6v82B,68
5xemA,6v82B,68
5z5cA,6v82B,68
6ahiB,6v82B,68
6c2zA,6v82B,68
6hulB,6v82B,68
6kr5A,6v82B,68
6l0qA,6v82B,68
6nmxA,6v82B,68
6v82B,6v82B,68
6vjuB,6v82B,68
6xo2A,6v82B,68
6z3sA,6v82B,68
7lklB,6v82B,68
7xnzA,6v82B,68
8b9wA,6v82B,68
8b9yA,6v82B,68
8eh0A,6v82B,68
8g1yA,6v82B,68
8h4qA,6v82B,68
8if7A,6v82B,68
8stwA,6v82B,68
8y1jA,6v82B,68
6v8oI,6v8oI,1
6v98A,6v98A,1
6v9pA,6v9pA,1
6v9vA,6v9vA,1
6va5A,6va5A,1
6vbu2,6vbu2,1
6vdqA,6vdqA,1
6vg1A,6vg1A,1
5sznA,6vg4A,3
5t9tA,6vg4A,3
6vg4A,6vg4A,3
6vg5A,6vg5A,1
6vh6B,6vh6B,1
6vhfA,6vhfA,1
6vj6A,6vj6A,1
3eykB,6vmzB,7
4k3xB,6vmzB,7
4uo0D,6vmzB,7
5t6sB,6vmzB,7
6vmzB,6vmzB,7
6vmzF,6vmzB,7
8vqqB,6vmzB,7
6vpvm,6vpvm,1
1y4jA,6vqpA,8
2q17A,6vqpA,8
2y3cA,6vqpA,8
5hhaA,6vqpA,8
5ssxA,6vqpA,8
6s07A,6vqpA,8
6vqpA,6vqpA,8
7spqA,6vqpA,8
6vriD,6vriD,1
6vriE,6vriE,1
6vt2A,6vt2A,1
6vtbA,6vtbA,1
5msoA,6vtjA,4
5msvA,6vtjA,4
6vtjA,6vtjA,4
7eozA,6vtjA,4
6vveA,6vveA,1
1sxjA,6vvoA,3
6vvoA,6vvoA,3
8zwoA,6vvoA,3
3i9v1,6vw7B,25
5xf9A,6vw7B,25
6tg9B,6vw7B,25
6vw7B,6vw7B,25
6zk91,6vw7B,25
7nz1F,6vw7B,25
7o71B,6vw7B,25
7p5hb,6vw7B,25
7t30B,6vw7B,25
7vw6B,6vw7B,25
7zmgB,6vw7B,25
8a5eB,6vw7B,25
8a6tB,6vw7B,25
8b9zF,6vw7B,25
8bedF,6vw7B,25
8e9gF,6vw7B,25
8oh5B,6vw7B,25
8qbyF,6vw7B,25
8qgwB,6vw7B,25
8x9vC,6vw7B,25
9bp5B,6vw7B,25
9f5yB,6vw7B,25
9ktrC,6vw7B,25
9mqxB,6vw7B,25
9n5vB,6vw7B,25
4lm9A,6vyoA,6
6lz8B,6vyoA,6
6vyoA,6vyoA,6
6wkpA,6vyoA,6
7dydD,6vyoA,6
7xx1D,6vyoA,6
6vz0A,6vz0A,1
2pc6A,6vz8G,4
6vz8F,6vz8G,4
6vz8G,6vz8G,4
6wo1B,6vz8G,4
4v2oB,6vzdA,2
6vzdA,6vzdA,2
6vzyA,6vzyA,1
2rjbA,6w1kA,5
2rjbC,6w1kA,5
2rjbD,6w1kA,5
6w1hA,6w1kA,5
6w1kA,6w1kA,5
2vg0A,6w2lB,16
3sgvA,6w2lB,16
3ugsA,6w2lB,16
3wqlA,6w2lB,16
4h8eA,6w2lB,16
4q9mA,6w2lB,16
5hc8A,6w2lB,16
5xk7A,6w2lB,16
5ygkA,6w2lB,16
6imeA,6w2lB,16
6szhB,6w2lB,16
6w2lB,6w2lB,16
7cc3A,6w2lB,16
7jlrA,6w2lB,16
7vqaA,6w2lB,16
8x35A,6w2lB,16
6dftA,6w3zA,8
6dftB,6w3zA,8
6w3zA,6w3zA,8
6wl6A,6w3zA,8
6xxjA,6w3zA,8
7cmcA,6w3zA,8
8putA,6w3zA,8
8qzwA,6w3zA,8
6w54A,6w54A,2
7jmvA,6w54A,2
1vfyA,6w9nA,2
6w9nA,6w9nA,2
6wb6A,6wb6A,1
2cfmA,6wboA,5
2hixA,6wboA,5
4eq5A,6wboA,5
6wboA,6wboA,5
9bs4E,6wboA,5
5g0iA,6wbqA,2
6wbqA,6wbqA,2
6wcwA,6wcwA,1
6wdzA,6wdzA,6
6we0A,6wdzA,6
7kiiA,6wdzA,6
7kikA,6wdzA,6
7vg8A,6wdzA,6
8amuA,6wdzA,6
6v1xA,6welA,11
6welA,6welA,11
7lftA,6welA,11
7np4A,6welA,11
7rhgB,6welA,11
7tj5A,6welA,11
8ev8A,6welA,11
8ev8D,6welA,11
8inzA,6welA,11
8t50A,6welA,11
9bc6A,6welA,11
1g9rA,6wfvA,45
1h5rA,6wfvA,45
1i52A,6wfvA,45
1ll2A,6wfvA,45
1lvwA,6wfvA,45
1mc3A,6wfvA,45
1o7qA,6wfvA,45
1s4oA,6wfvA,45
1tzfA,6wfvA,45
1vpaA,6wfvA,45
1yroB,6wfvA,45
2agdA,6wfvA,45
2p6wA,6wfvA,45
2vsiA,6wfvA,45
2xwlA,6wfvA,45
2yc3A,6wfvA,45
2yesA,6wfvA,45
3lw6A,6wfvA,45
3q80A,6wfvA,45
3u2uA,6wfvA,45
4ayjA,6wfvA,45
4aylA,6wfvA,45
4ecmA,6wfvA,45
4ho4A,6wfvA,45
4irpA,6wfvA,45
4uegA,6wfvA,45
4wmaA,6wfvA,45
4y7uA,6wfvA,45
5a07A,6wfvA,45
5ej0A,6wfvA,45
5fuhA,6wfvA,45
5hs2A,6wfvA,45
5ifyA,6wfvA,45
5y7fA,6wfvA,45
6b5kA,6wfvA,45
6eqlB,6wfvA,45
6fsnA,6wfvA,45
6gx2A,6wfvA,45
6mw8A,6wfvA,45
6n0uA,6wfvA,45
6tqgB,6wfvA,45
6wfvA,6wfvA,45
6xhtA,6wfvA,45
7bopA,6wfvA,45
8xkdA,6wfvA,45
6whgA,6whgA,1
6wi7A,6wi7A,1
6wisA,6wisA,1
6wlcA,6wlcA,1
6wlwV,6wlwV,1
6wm5A,6wm5A,1
6wnmA,6wnmA,1
6wpgA,6wpgB,2
6wpgB,6wpgB,2
6wpiA,6wpiA,1
1yioA,6wshA,10
3rqiA,6wshA,10
4if4A,6wshA,10
4ldzA,6wshA,10
4zmsA,6wshA,10
5hevA,6wshA,10
5xt2A,6wshA,10
6oecB,6wshA,10
6wshA,6wshA,10
7lzaA,6wshA,10
6wt7A,6wt7A,1
3r5yA,6wtaA,4
3r5zA,6wtaA,4
6wtaA,6wtaA,4
7kl8A,6wtaA,4
6fd2A,6wteA,3
6wteA,6wteA,3
7kdxA,6wteA,3
6wvwC,6wvwC,1
2yvvA,6wwxA,3
6wwxA,6wwxA,3
6x3mA,6wwxA,3
2vp7A,6wxkA,4
2vpbA,6wxkA,4
3zpv1,6wxkA,4
6wxkA,6wxkA,4
6wxpE,6wxpE,3
6wxpF,6wxpE,3
6zv9A,6wxpE,3
6wxuA,6wxuA,1
6wxrB,6wxuB,3
6wxuB,6wxuB,3
7d3fB,6wxuB,3
6sagA,6x0qC,2
6x0qC,6x0qC,2
6x19R,6x19R,6
7dtyR,6x19R,6
7f16R,6x19R,6
8f0kR,6x19R,6
8ha0R,6x19R,6
8jiuR,6x19R,6
4oltA,6x2qA,4
5hwaA,6x2qA,4
6x2qA,6x2qA,4
7c6dA,6x2qA,4
6x46A,6x46A,1
6x5bB,6x5bB,1
6x5vA,6x5vA,1
2yhhA,6x7hA,3
3hp8A,6x7hA,3
6x7hA,6x7hA,3
1eafA,6x7qA,6
1q23A,6x7qA,6
2ii3A,6x7qA,6
6x7qA,6x7qA,6
6zzjA,6x7qA,6
6zzmA,6x7qA,6
6x80A,6x80A,1
1gr3A,6x82E,16
1kxgA,6x82E,16
1o91C,6x82E,16
2wnvB,6x82E,16
2wnvC,6x82E,16
2wnvD,6x82E,16
2wq4A,6x82E,16
3lkjA,6x82E,16
4d7yA,6x82E,16
4qqlA,6x82E,16
6u66A,6x82E,16
6x82E,6x82E,16
7kp8A,6x82E,16
7r5iA,6x82E,16
9ojoB,6x82E,16
9ojyE,6x82E,16
6x8zA,6x8zA,1
6xb3A,6xb3A,4
6xb4A,6xb3A,4
6xb5A,6xb3A,4
8orvA,6xb3A,4
6xf9A,6xfaA,2
6xfaA,6xfaA,2
6xfiA,6xfiA,1
6xi7B,6xi7B,1
3gbgA,6xivA,2
6xivA,6xivA,2
1nf8A,6xjeA,7
3r77A,6xjeA,7
3tg2A,6xjeA,7
6azsB,6xjeA,7
6xjeA,6xjeA,7
6xjmA,6xjeA,7
8bkdC,6xjeA,7
6xl1A,6xl1A,2
8q42A,6xl1A,2
6xl5G,6xl5G,1
5ze0A,6xnxA,6
6dbiA,6xnxA,6
6dbjA,6xnxA,6
6p5aA,6xnxA,6
6pqnA,6xnxA,6
6xnxA,6xnxA,6
1tt5B,6xogB,3
6xogB,6xogB,3
6xoiB,6xogB,3
6xqiA,6xqiA,1
6xqjA,6xqjA,1
6agiA,6xqoI,4
6lb7A,6xqoI,4
6lb7B,6xqoI,4
6xqoI,6xqoI,4
6xr0M,6xr0M,1
3ek4A,6xu4A,6
4i2yA,6xu4A,6
4ik8A,6xu4A,6
5ukgA,6xu4A,6
6m63A,6xu4A,6
6xu4A,6xu4A,6
2iizA,6xubA,18
2vxhA,6xubA,18
3nn1A,6xubA,18
3qnsA,6xubA,18
5a12A,6xubA,18
5de0A,6xubA,18
5loqA,6xubA,18
5t2kA,6xubA,18
5vj0A,6xubA,18
6fiyA,6xubA,18
6xubA,6xubA,18
6yrdA,6xubA,18
7bokA,6xubA,18
7yloA,6xubA,18
7yztA,6xubA,18
8u4zA,6xubA,18
9f1oA,6xubA,18
9f1qA,6xubA,18
3w7tA,6xuxA,2
6xuxA,6xuxA,2
6xv2A,6xv2A,1
6xw2A,6xw2A,2
8osiA,6xw2A,2
6qhgA,6xyaB,2
6xyaB,6xyaB,2
6xyrA,6xyrA,1
1isuA,6xyvA,3
3h31A,6xyvA,3
6xyvA,6xyvA,3
5lpaA,6xz0A,3
6xz0A,6xz0A,3
7uy4A,6xz0A,3
6y2xB,6y2xB,1
6y4eA,6y4eA,1
6y2xA,6y5pA,2
6y5pA,6y5pA,2
3bwrA,6y5yA,12
4fmhB,6y5yA,12
4mbyA,6y5yA,12
4mj0A,6y5yA,12
4posA,6y5yA,12
4u60A,6y5yA,12
4x17B,6y5yA,12
5cpzA,6y5yA,12
6esb1,6y5yA,12
6y5yA,6y5yA,12
6y64A,6y5yA,12
6y6aa,6y5yA,12
1fwxA,6y77A,4
5i5mA,6y77A,4
6y77A,6y77A,4
9f8xA,6y77A,4
6y793,6y793,1
6y79X,6y79X,1
1awdA,6yacN,51
1b9rA,6yacN,51
1czpA,6yacN,51
1doiA,6yacN,51
1e0zA,6yacN,51
1frdA,6yacN,51
1frrA,6yacN,51
1i7hA,6yacN,51
1iueA,6yacN,51
1jq4A,6yacN,51
1l5pA,6yacN,51
1pfdA,6yacN,51
1rfkA,6yacN,51
1uwmA,6yacN,51
1wriA,6yacN,51
1xlqA,6yacN,51
2bt6A,6yacN,51
2mjdA,6yacN,51
2wlbA,6yacN,51
2y5cA,6yacN,51
3ah7A,6yacN,51
3av8A,6yacN,51
3b2fA,6yacN,51
3b2gA,6yacN,51
3huiA,6yacN,51
3lxfA,6yacN,51
3p1mA,6yacN,51
3wcqA,6yacN,51
4fxcA,6yacN,51
4itkA,6yacN,51
4ltuA,6yacN,51
4zhoA,6yacN,51
4zhpA,6yacN,51
5auiA,6yacN,51
5aukA,6yacN,51
5ffiE,6yacN,51
5h57A,6yacN,51
6icmD,6yacN,51
6iriA,6yacN,51
6lk1A,6yacN,51
6vjvA,6yacN,51
6xtfC,6yacN,51
6yacN,6yacN,51
7aktA,6yacN,51
7eu38,6yacN,51
7s3dW,6yacN,51
7wffc,6yacN,51
8bpxO,6yacN,51
8rmcI,6yacN,51
9gydA,6yacN,51
9i2aA,6yacN,51
6yb8A,6yb8A,1
6ybqG,6ybqG,1
6ybuE,6ybuE,1
6ygeA,6ygeA,1
4ywaA,6ygqA,3
5oduA,6ygqA,3
6ygqA,6ygqA,3
6yfvB,6yguB,2
6yguB,6yguB,2
6yhjL,6yhjL,1
6yhmA,6yhmA,1
6yhnA,6yhnA,1
6yj1A,6yj1A,1
1aogA,6ynxE,100
1dxlA,6ynxE,100
1ebdA,6ynxE,100
1fecA,6ynxE,100
1gesA,6ynxE,100
1lvlA,6ynxE,100
1mo9A,6ynxE,100
1nhpA,6ynxE,100
1onfA,6ynxE,100
1q1rA,6ynxE,100
1v59A,6ynxE,100
1xdiA,6ynxE,100
1xhcA,6ynxE,100
2bc0A,6ynxE,100
2cduA,6ynxE,100
2eq6A,6ynxE,100
2gqwA,6ynxE,100
2hqmA,6ynxE,100
2qaeA,6ynxE,100
2r9zA,6ynxE,100
2v3aA,6ynxE,100
2yquA,6ynxE,100
3cgbA,6ynxE,100
3dghA,6ynxE,100
3dgzA,6ynxE,100
3dk9A,6ynxE,100
3ef6A,6ynxE,100
3fg2P,6ynxE,100
3hywA,6ynxE,100
3ic9A,6ynxE,100
3icsA,6ynxE,100
3kljA,6ynxE,100
3l8kA,6ynxE,100
3ladA,6ynxE,100
3lxdA,6ynxE,100
3ntdA,6ynxE,100
3o0hA,6ynxE,100
3oc4A,6ynxE,100
3qfaA,6ynxE,100
3sx6A,6ynxE,100
3urhA,6ynxE,100
4dnaA,6ynxE,100
4eqsA,6ynxE,100
4fx9A,6ynxE,100
4j56A,6ynxE,100
4jq9A,6ynxE,100
4k7zA,6ynxE,100
4ywoA,6ynxE,100
5fs8A,6ynxE,100
5jciA,6ynxE,100
5jwcA,6ynxE,100
5na1A,6ynxE,100
5smjA,6ynxE,100
5u1oA,6ynxE,100
5u25A,6ynxE,100
5u8uA,6ynxE,100
5v36A,6ynxE,100
5vdnA,6ynxE,100
5vn0A,6ynxE,100
5w1jA,6ynxE,100
5wedA,6ynxE,100
5x1yA,6ynxE,100
5yjwA,6ynxE,100
6aonA,6ynxE,100
6awaA,6ynxE,100
6b4oA,6ynxE,100
6bz0A,6ynxE,100
6cmzA,6ynxE,100
6du7A,6ynxE,100
6i4rA,6ynxE,100
6krtA,6ynxE,100
6kyyA,6ynxE,100
6n7fA,6ynxE,100
6pfzA,6ynxE,100
6ruzA,6ynxE,100
6t95A,6ynxE,100
6tjrA,6ynxE,100
6tukB,6ynxE,100
6uziA,6ynxE,100
6ynxE,6ynxE,100
7a76A,6ynxE,100
7a7bA,6ynxE,100
7bkeA,6ynxE,100
7p0xA,6ynxE,100
7xpiA,6ynxE,100
8a56A,6ynxE,100
8ajjB,6ynxE,100
8ajkA,6ynxE,100
8c0zE,6ynxE,100
8k41A,6ynxE,100
8orjB,6ynxE,100
8pddA,6ynxE,100
8qcjA,6ynxE,100
8rwna,6ynxE,100
8u0qA,6ynxE,100
8uubA,6ynxE,100
8yoqA,6ynxE,100
9gezA,6ynxE,100
9mqyA,6ynxE,100
9n4ya,6ynxE,100
6ynxL,6ynxL,1
6ynxa,6ynxa,1
6ynxg,6ynxg,1
6ynxh,6ynxh,1
6ynxi,6ynxi,1
6ynxk,6ynxk,1
6ynxm,6ynxm,1
6ys4B,6ys4B,1
2uubG,6ysrg,6
6sntF,6ysrg,6
6ysrg,6ysrg,6
8c3aH,6ysrg,6
8jdk2,6ysrg,6
8r57P,6ysrg,6
6yt3B,6yt3B,1
1v39A,6yu8A,5
5ynmA,6yu8A,5
6yu8A,6yu8A,5
7nh7A,6yu8A,5
8ov1A,6yu8A,5
3ckvA,6yv8A,8
3f1yA,6yv8A,8
4decA,6yv8A,8
5tzjA,6yv8A,8
6h21A,6yv8A,8
6yv8A,6yv8A,8
7qi9A,6yv8A,8
9jmaA,6yv8A,8
6yweS,6yweS,1
6yws2,6yws2,1
6ywsE,6ywsE,1
2cnqA,6yx3A,2
6yx3A,6yx3A,2
6yx5B,6yx5B,1
6yxaA,6yxaA,1
6yyxA,6yyxA,1
2i5rA,6z2bB,2
6z2bB,6z2bB,2
6z32A,6z32A,1
6z5s6,6z5s6,1
6z5sW,6z5sW,2
7kraF,6z5sW,2
6z5uA,6z5uA,2
7cgeA,6z5uA,2
6z81C,6z81C,1
6z79A,6z8hA,4
6z7aA,6z8hA,4
6z8hA,6z8hA,4
8ok7A,6z8hA,4
6z96A,6z96A,1
6z9kA,6z9kA,1
1h8tA,6zckC,28
1mqtA,6zckC,28
1ncqA,6zckC,28
1ncrA,6zckC,28
1r1a1,6zckC,28
1vbb1,6zckC,28
1z7s1,6zckC,28
3vbfA,6zckC,28
3vddA,6zckC,28
4aedC,6zckC,28
4q4w1,6zckC,28
5abjA,6zckC,28
5bnoC,6zckC,28
6sk5A,6zckC,28
6t40A,6zckC,28
6t48C,6zckC,28
6zckA,6zckC,28
6zckC,6zckC,28
6zclA,6zckC,28
6zclC,6zckC,28
7ozkA,6zckC,28
7tafA,6zckC,28
8ayxA,6zckC,28
8ayzA,6zckC,28
8ayzC,6zckC,28
8c6dA,6zckC,28
8s7jA,6zckC,28
9f3qA,6zckC,28
6ze9A,6ze9C,2
6ze9C,6ze9C,2
6zfvA,6zfvA,1
5mnvI,6zi2I,4
6hqgA,6zi2I,4
6hqwB,6zi2I,4
6zi2I,6zi2I,4
6zieA,6zieA,1
1sidA,6zlzA,2
6zlzA,6zlzA,2
6zmqA,6zmqA,1
6zbbb,6zmrb,2
6zmrb,6zmrb,2
6zngA,6zngA,1
5v9xA,6znsA,3
6znpA,6znsA,3
6znsA,6znsA,3
6zo7B,6zo7B,4
7kf7B,6zo7B,4
7kggC,6zo7B,4
9qptC,6zo7B,4
6zopA,6zopA,1
6zqmb,6zqmb,1
6zqmf,6zqmf,1
6zrwA,6zrwA,1
6ztiA,6ztiA,1
2ch9A,6ztkA,3
6uioB,6ztkA,3
6ztkA,6ztkA,3
6zusA,6zusA,1
6zw0A,6zw0A,1
6zxaA,6zxaA,1
6zxaB,6zxaB,1
6zxey,6zxfy,4
6zxfy,6zxfy,4
7wtwy,6zxfy,4
8c01o,6zxfy,4
6zxgz,6zxgz,1
1dj2A,6zxqA,12
1dj3A,6zxqA,12
1iweA,6zxqA,12
1p9bA,6zxqA,12
1qf5A,6zxqA,12
2v40A,6zxqA,12
4m9dA,6zxqA,12
5i34A,6zxqA,12
5k7xA,6zxqA,12
6c25A,6zxqA,12
6jrqA,6zxqA,12
6zxqA,6zxqA,12
6zxuA,6zxuA,1
6zxwH,6zxwH,1
6zymP,6zymP,1
6j6qF,6zymu,3
6zymu,6zymu,3
7b9vD,6zymu,3
6zz1A,6zz1A,1
4d4oA,7a0kB,5
4nbmC,7a0kB,5
4o2wA,7a0kB,5
4x33B,7a0kB,5
7a0kB,7a0kB,5
5lnkJ,7a23N,7
7a23N,7a23N,7
7o716,7a23N,7
7v2hm,7a23N,7
7v2km,7a23N,7
8bpxJ,7a23N,7
8esz6,7a23N,7
7a23i,7a23i,1
1okeA,7a3rA,3
7a3nA,7a3rA,3
7a3rA,7a3rA,3
7a57B,7a57B,1
7a73A,7a73A,1
4za9A,7abnA,13
4zacA,7abnA,13
4zadA,7abnA,13
5m1eA,7abnA,13
5o3nA,7abnA,13
6da9A,7abnA,13
6h6xA,7abnA,13
7abnA,7abnA,13
7ae4A,7abnA,13
7nf2A,7abnA,13
7p9qA,7abnA,13
7pdaA,7abnA,13
8oz5A,7abnA,13
7abwA,7abwA,1
1i7qB,7ac8B,16
2nv2B,7ac8B,16
2vrnA,7ac8B,16
3cneA,7ac8B,16
3fijA,7ac8B,16
4k2hA,7ac8B,16
4p36A,7ac8B,16
6f2fA,7ac8B,16
6fqbE,7ac8B,16
6vtvA,7ac8B,16
7ac8B,7ac8B,16
7d4rA,7ac8B,16
7d54A,7ac8B,16
7yc6A,7ac8B,16
8u7jM,7ac8B,16
8vq1A,7ac8B,16
3hrzA,7ad7B,3
7ad7B,7ad7B,3
7bagA,7ad7B,3
7ae1I,7ae1I,1
7ae1P,7ae1P,1
7ae5a,7ae5f,2
7ae5f,7ae5f,2
6ojpB,7afvB,3
7afvB,7afvB,3
7kgqB,7afvB,3
5mfoA,7afwA,2
7afwA,7afwA,2
1peqA,7agjA,10
3hncA,7agjA,10
3k8tA,7agjA,10
3o0qA,7agjA,10
5im3A,7agjA,10
6cgnA,7agjA,10
6l3rA,7agjA,10
7agjA,7agjA,10
7b9pA,7agjA,10
8vhuA,7agjA,10
7agvA,7agvA,1
1a7wA,7ah8B,5
1tafB,7ah8B,5
4j8uF,7ah8B,5
7ah8A,7ah8B,5
7ah8B,7ah8B,5
7aihG,7aihG,1
7aihT,7aihT,1
7aihW,7aihW,1
6ntwA,7ajoA,4
7ajoA,7ajoA,4
7kgmA,7ajoA,4
7kgnA,7ajoA,4
1a8rA,7alcB,6
1wurA,7alcB,6
4du6A,7alcB,6
7alcA,7alcB,6
7alcB,7alcB,6
9p8zA,7alcB,6
7alcF,7alcF,1
4d0eA,7aljA,4
4d90A,7aljA,4
5mwbA,7aljA,4
7aljA,7aljA,4
7alzA,7alzA,1
7aocI,7aocI,2
9g1vI,7aocI,2
7aory,7aory,1
7aovA,7aovA,1
7aozI,7aozI,1
7aqqd,7aqqd,3
7o71b,7aqqd,3
7zmgb,7aqqd,3
7aqqf,7aqqf,1
7aqzA,7aqzA,2
8b3bA,7aqzA,2
7arcW,7arcW,1
1b0uA,7arjD,50
1ji0A,7arjD,50
1jj7A,7arjD,50
1mv5A,7arjD,50
1r0xA,7arjD,50
1xmiB,7arjD,50
2bbsA,7arjD,50
2cbzA,7arjD,50
2d2fA,7arjD,50
2ff7A,7arjD,50
2ixeA,7arjD,50
2oljA,7arjD,50
2pclA,7arjD,50
2pzeA,7arjD,50
3tifA,7arjD,50
3vx4A,7arjD,50
4hluC,7arjD,50
4p32A,7arjD,50
4r9uC,7arjD,50
4u00A,7arjD,50
4ymuA,7arjD,50
5dgxA,7arjD,50
5x40A,7arjD,50
5xu1A,7arjD,50
6bzrA,7arjD,50
6gjqA,7arjD,50
6mjpA,7arjD,50
6uk1A,7arjD,50
6xgyA,7arjD,50
6xjhC,7arjD,50
6z4wA,7arjD,50
7ahdC,7arjD,50
7arjD,7arjD,50
7ch8I,7arjD,50
7d09B,7arjD,50
7f04A,7arjD,50
7w78A,7arjD,50
7z15I,7arjD,50
7z15K,7arjD,50
8bmsB,7arjD,50
8g4cB,7arjD,50
8jiaA,7arjD,50
8k1oB,7arjD,50
8tshA,7arjD,50
8tzjA,7arjD,50
8w9mC,7arjD,50
8w9mD,7arjD,50
8ymcA,7arjD,50
9ge7B,7arjD,50
9h7xA,7arjD,50
7arrA,7arrA,1
7avkA,7avkA,1
3i9v6,7awtB,19
4wz7K,7awtB,19
5xf9C,7awtB,19
6cfwJ,7awtB,19
6rfqK,7awtB,19
6y116,7awtB,19
6zk96,7awtB,19
7awtB,7awtB,19
7nyrB,7awtB,19
7nz1B,7awtB,19
7o71K,7awtB,19
7q5yF,7awtB,19
7t30E,7awtB,19
7zmgK,7awtB,19
8b9zB,7awtB,19
8beeB,7awtB,19
8e9gB,7awtB,19
8qbyB,7awtB,19
9f5yF,7awtB,19
5k1aA,7ay2E,4
5k1bA,7ay2E,4
7ay2E,7ay2E,4
7p99A,7ay2E,4
7b04C,7b04C,1
7b1lA,7b1lA,1
1b1bA,7b24A,10
1bi3B,7b24A,10
1c0wA,7b24A,10
1f5tA,7b24A,10
1on2A,7b24A,10
2dtrA,7b24A,10
2x4hA,7b24A,10
6ktbB,7b24A,10
7b24A,7b24A,10
8pw0A,7b24A,10
7b26B,7b26B,2
8q6rD,7b26B,2
1hfaA,7b2lB,2
7b2lB,7b2lB,2
7b56A,7b56A,1
7b5mH,7b5sH,2
7b5sH,7b5sH,2
7b7pA,7b7pA,1
7b7uM,7b7uM,1
3zcnA,7b7zA,3
7b7zA,7b7zA,3
7cb8A,7b7zA,3
7b9vc,7b9vc,1
7bb8A,7bb8A,1
7bbdB,7bbdB,1
7besC,7besC,1
7bglA,7bglA,1
7bizA,7bizA,1
5t5iF,7bkbk,3
7bkbk,7bkbk,3
7bkck,7bkbk,3
5t5iA,7bkcg,4
6s6yA,7bkcg,4
7bkcg,7bkcg,4
8rjaA,7bkcg,4
1clfA,7bkcm,12
1durA,7bkcm,12
1fxdA,7bkcm,12
1sj1A,7bkcm,12
1vjwA,7bkcm,12
2fdnA,7bkcm,12
4id8A,7bkcm,12
7bkcl,7bkcm,12
7bkcm,7bkcm,12
7vzgB,7bkcm,12
8rjaF,7bkcm,12
9g03E,7bkcm,12
1fa2A,7blfA,51
1icpA,7blfA,51
1q45A,7blfA,51
1vyrA,7blfA,51
1wdqA,7blfA,51
1z41A,7blfA,51
2q3rA,7blfA,51
2r14A,7blfA,51
2xgbA,7blfA,51
3gkaA,7blfA,51
3gr7A,7blfA,51
3hgjA,7blfA,51
3kruA,7blfA,51
3l5lA,7blfA,51
3tjlA,7blfA,51
3vocA,7blfA,51
4a3uA,7blfA,51
4ab4A,7blfA,51
4awtA,7blfA,51
4b5nA,7blfA,51
4e2bA,7blfA,51
4gbuA,7blfA,51
4ot7A,7blfA,51
4qnwA,7blfA,51
4rnwA,7blfA,51
4rnxA,7blfA,51
4tmbA,7blfA,51
5dxxA,7blfA,51
5n6gA,7blfA,51
5ocsA,7blfA,51
5v4vA,7blfA,51
6agzA,7blfA,51
6mywA,7blfA,51
6s0gB,7blfA,51
6s32A,7blfA,51
7blfA,7blfA,51
7fevA,7blfA,51
7lr6A,7blfA,51
7lr8A,7blfA,51
7o0tA,7blfA,51
7qfxB,7blfA,51
7tmbA,7blfA,51
8aumA,7blfA,51
8bpqA,7blfA,51
8e5hA,7blfA,51
8e5iA,7blfA,51
8j59A,7blfA,51
8punA,7blfA,51
8s4pA,7blfA,51
8zrzA,7blfA,51
9qgcD,7blfA,51
2jlvA,7bm0A,5
3kqnA,7bm0A,5
5y4zA,7bm0A,5
7bm0A,7bm0A,5
8gzrB,7bm0A,5
6sdkA,7bm8A,4
7bm8A,7bm8A,4
7bnrA,7bm8A,4
8qa8A,7bm8A,4
7bpsA,7bpsA,1
7bqkA,7bqoA,2
7bqoA,7bqoA,2
7btzA,7btzA,1
7bu0A,7bu0A,1
7bu5A,7bu5A,1
7bv5A,7bv5A,1
7bv5C,7bv5C,1
7bw1A,7bw1A,2
7c83A,7bw1A,2
1no5A,7bxoA,3
7ae9E,7bxoA,3
7bxoA,7bxoA,3
7by1A,7by1A,1
7c2gG,7c2gG,2
7c2hG,7c2gG,2
4lv5B,7c3kA,3
7c3kA,7c3kA,3
7vexA,7c3kA,3
7c45A,7c45A,2
7c4cA,7c45A,2
6lxtE,7c53E,2
7c53E,7c53E,2
7c7aK,7c7aK,1
7c7lB,7c7lB,2
9i8yB,7c7lB,2
7c7qB,7c7qB,9
7c7sA,7c7qB,9
7dgeA,7c7qB,9
7m3gA,7c7qB,9
8jcu2,7c7qB,9
8jcu3,7c7qB,9
8jd44,7c7qB,9
8taoA,7c7qB,9
9utbA,7c7qB,9
7c7uA,7c7uA,1
1r9pA,7c8oB,5
2z7eB,7c8oB,5
7c8nA,7c8oB,5
7c8oB,7c8oB,5
8rmcD,7c8oB,5
1uliA,7c8zA,33
1wqlA,7c8zA,33
1z01A,7c8zA,33
2b1xA,7c8zA,33
2bmoA,7c8zA,33
2gbwA,7c8zA,33
2zylA,7c8zA,33
3en1A,7c8zA,33
3gcfA,7c8zA,33
3gkeA,7c8zA,33
3gkqA,7c8zA,33
3gzxA,7c8zA,33
3n0qA,7c8zA,33
3vcaA,7c8zA,33
4hm8A,7c8zA,33
4qdcA,7c8zA,33
4qdfB,7c8zA,33
5aewA,7c8zA,33
5xbpA,7c8zA,33
6iclA,7c8zA,33
6icnA,7c8zA,33
6y8sA,7c8zA,33
7bugA,7c8zA,33
7c8zA,7c8zA,33
7fhrA,7c8zA,33
7fjlA,7c8zA,33
7q06D,7c8zA,33
7qwtA,7c8zA,33
7szeA,7c8zA,33
7szhA,7c8zA,33
7ylsB,7c8zA,33
9inaA,7c8zA,33
9jp5A,7c8zA,33
6a4rA,7c9bA,3
7c9bA,7c9bA,3
7uqwA,7c9bA,3
7c9r1,7c9r1,3
7c9r9,7c9r1,3
7c9rQ,7c9r1,3
7c9r4,7c9r4,1
1pgnA,7cb2A,8
2iz1A,7cb2A,8
2w90A,7cb2A,8
2zydA,7cb2A,8
6fqzA,7cb2A,8
7cb2A,7cb2A,8
8c79A,7cb2A,8
8i4qA,7cb2A,8
7cbsA,7cbsA,1
7cbsF,7cbsF,1
1rqpA,7ccgA,7
2wr8A,7ccgA,7
2zbvA,7ccgA,7
5b6iA,7ccgA,7
6ryzA,7ccgA,7
7ccgA,7ccgA,7
7xtoA,7ccgA,7
7cffA,7cffA,1
7cgeG,7cgeG,1
1h6dA,7cgrA,46
1lc3A,7cgrA,46
1ryeA,7cgrA,46
1zh8A,7cgrA,46
2glxA,7cgrA,46
2h63A,7cgrA,46
2ixaA,7cgrA,46
2poqX,7cgrA,46
3btsA,7cgrA,46
3ceaA,7cgrA,46
3dtyA,7cgrA,46
3e18A,7cgrA,46
3ec7A,7cgrA,46
3m2tA,7cgrA,46
3o9zA,7cgrA,46
3oa2A,7cgrA,46
3q2iA,7cgrA,46
3q2kA,7cgrA,46
3rc1A,7cgrA,46
4koaA,7cgrA,46
4l8vA,7cgrA,46
4miyA,7cgrA,46
4n54A,7cgrA,46
4nheA,7cgrA,46
5a04A,7cgrA,46
5b3vA,7cgrA,46
5kvsA,7cgrA,46
5ui9A,7cgrA,46
6a3gA,7cgrA,46
6jw7A,7cgrA,46
6ktkA,7cgrA,46
6norA,7cgrA,46
6o15A,7cgrA,46
6t2bA,7cgrA,46
6z3bA,7cgrA,46
7bvjA,7cgrA,46
7cgrA,7cgrA,46
7d5mA,7cgrA,46
7x2yA,7cgrA,46
7xr9A,7cgrA,46
8qc2A,7cgrA,46
8qc5A,7cgrA,46
8tdfA,7cgrA,46
8tdiA,7cgrA,46
8w9sA,7cgrA,46
9azoA,7cgrA,46
7ck2A,7ck2A,1
7cm7A,7cm7A,2
8p2lA,7cm7A,2
7cm9A,7cm9A,1
7cmaA,7cmaA,1
7cn6B,7cn6B,1
7cnpA,7cnpA,1
1nxjA,7cnsB,2
7cnsB,7cnsB,2
7cnyA,7cnyA,1
7cohC,7cohC,1
7cohD,7cohD,1
7cohG,7cohG,2
7ypyG,7cohG,2
7cohH,7cohH,1
7cohJ,7cohJ,1
7cohL,7cohL,1
7cohM,7cohM,1
7cu5A,7cu5A,1
1zjcA,7cupA,5
2ayiA,7cupA,5
4icsA,7cupA,5
6zsvA,7cupA,5
7cupA,7cupA,5
7cv2A,7cv2A,1
7cv7A,7cv7A,1
5hsjA,7cx1A,2
7cx1A,7cx1A,2
7cy6A,7cy6A,1
7cymA,7cymA,1
7d0eA,7d0eA,1
6wqzA,7d0iB,3
6wr4A,7d0iB,3
7d0iB,7d0iB,3
7d2mB,7d2mB,1
2rgtA,7d2tB,3
4jcjA,7d2tB,3
7d2tB,7d2tB,3
7d30A,7d30A,1
1mbxD,7d34A,5
3g1bA,7d34A,5
4yjxA,7d34A,5
7d34A,7d34A,5
9aynA,7d34A,5
7d62A,7d62A,1
7d6vC,7d6vC,1
6csmA,7d7qB,3
7cj3A,7d7qB,3
7d7qB,7d7qB,3
5dagA,7d86A,5
5ercA,7d86A,5
7d86A,7d86A,5
8gdxA,7d86A,5
8ge0A,7d86A,5
3exmA,7d8gA,3
5zdmA,7d8gA,3
7d8gA,7d8gA,3
6m22A,7d99A,3
7aipA,7d99A,3
7d99A,7d99A,3
2dg5B,7d9eB,7
3g9kS,7d9eB,7
3whsB,7d9eB,7
5bpkC,7d9eB,7
5xluB,7d9eB,7
7d9eB,7d9eB,7
7ld9B,7d9eB,7
7d9xA,7d9xA,1
1h3dA,7dahC,6
1nh8A,7dahC,6
2vd3A,7dahC,6
4yb6A,7dahC,6
6czmA,7dahC,6
7dahC,7dahC,6
7dbuA,7dbuA,2
7df2A,7dbuA,2
7dcnA,7dcnA,1
7dcoM,7dcoM,1
7ddbA,7ddbA,1
7ddqA,7ddqA,1
7ddqX,7ddqX,1
7ddqa,7ddqa,1
7de2A,7de2A,2
7euuA,7de2A,2
7de7A,7de7A,1
7degC,7degC,1
5wy5A,7dg2A,2
7dg2A,7dg2A,2
7dg7A,7dg7A,1
5opjA,7difA,4
6ex6A,7difA,4
7difA,7difA,4
8k7yA,7difA,4
4bqcA,7dm0A,2
7dm0A,7dm0A,2
7dn9A,7dn9A,1
7dnnB,7dnnB,1
6v40A,7dnpA,2
7dnpA,7dnpA,2
7dpiB,7dpiB,1
7dr0K,7dr0K,1
7dr1I,7dr1I,1
7drcC,7drcC,1
6h59A,7drjA,2
7drjA,7drjA,2
7drtB,7drtB,1
6k0wA,7dsuA,3
6k0wC,7dsuA,3
7dsuA,7dsuA,3
3aibB,7dt1A,7
3aieA,7dt1A,7
3klkA,7dt1A,7
4amcA,7dt1A,7
5jbdA,7dt1A,7
7dt1A,7dt1A,7
8hw3A,7dt1A,7
7dtaA,7dtaA,1
7du2P,7du2P,1
7dufA,7dufA,1
7duwA,7duwA,2
7f47A,7duwA,2
7dvq0,7dvq0,1
7dvqI,7dvqI,1
7dvqM,7dvqM,1
7dvqv,7dvqv,1
7dwmA,7dwmA,1
7dwqF,7dwqF,1
7dwqM,7dwqM,1
5xnle,7dxae,7
7dxae,7dxae,7
7n8oe,7dxae,7
7ymie,7dxae,7
8c29E,7dxae,7
8wb4E,7dxae,7
9kqbE,7dxae,7
7dyrC,7dyrC,4
7vlyD,7dyrC,4
7xtgE,7dyrC,4
8hfsD,7dyrC,4
1gnlA,7e0lA,6
1gntA,7e0lA,6
7de4A,7e0lA,6
7e0lA,7e0lA,6
7wsxA,7e0lA,6
8cnsA,7e0lA,6
1eh6A,7e1pA,4
3l00A,7e1pA,4
6ga0A,7e1pA,4
7e1pA,7e1pA,4
2p0nA,7e1vG,3
3u9jA,7e1vG,3
7e1vG,7e1vG,3
7e1wB,7e1wB,5
7qhmB,7e1wB,5
8b6jC,7e1wB,5
8ovdH,7e1wB,5
9ftzH,7e1wB,5
7e1wC,7e1wC,3
7qhmC,7e1wC,3
8ovdC,7e1wC,3
7e20C,7e20C,1
6kbcA,7e22A,3
7e22A,7e22A,3
7e5vA,7e22A,3
7e2sA,7e2sA,1
7e34B,7e34B,1
7e4jB,7e4jB,1
7e57C,7e57C,1
1h9aA,7e6iA,7
5aq1A,7e6iA,7
6jyuA,7e6iA,7
7e6iA,7e6iA,7
7xhlA,7e6iA,7
7zhuA,7e6iA,7
8u2wA,7e6iA,7
7e9yA,7e9yA,1
4yfbC,7ea4A,4
5ubkA,7ea4A,4
7ea4A,7ea4A,4
7reoA,7ea4A,4
6amgA,7eadA,6
6hiuA,7eadA,6
7eadA,7eadA,6
7s5oA,7eadA,6
7zpsA,7eadA,6
8garA,7eadA,6
5e9gA,7ebeA,4
6g1oA,7ebeA,4
7ebeA,7ebeA,4
8z1rA,7ebeA,4
2ro1A,7ebkA,9
4n4fA,7ebkA,9
4ybmA,7ebkA,9
5pxlA,7ebkA,9
6g8rB,7ebkA,9
6gytA,7ebkA,9
6ieuA,7ebkA,9
7ebkA,7ebkA,9
7zddA,7ebkA,9
6ig4A,7ecdA,2
7ecdA,7ecdA,2
7edbA,7edbA,1
6aikA,7edzA,2
7edzA,7edzA,2
7eehA,7eehA,1
7eewA,7eewA,1
6ro4D,7egb2,4
7egb2,7egb2,4
7o4j6,7egb2,4
8ebuE,7egb2,4
7ej3A,7ej3A,1
1b9oA,7ekaA,10
1bb6A,7ekaA,10
1el1A,7ekaA,10
1hfxA,7ekaA,10
1jugA,7ekaA,10
1yroA,7ekaA,10
5lshA,7ekaA,10
5xuwA,7ekaA,10
7ekaA,7ekaA,10
8zstA,7ekaA,10
5i72A,7elcB,2
7elcB,7elcB,2
7emf0,7emf0,1
7emfP,7emfP,1
7ep0A,7ep0A,2
7lczA,7ep0A,2
6ffiA,7epeA,2
7epeA,7epeA,2
1t6cA,7epqA,2
7epqA,7epqA,2
7epuB,7epuB,1
7esyB,7eszA,2
7eszA,7eszA,2
7etyA,7etyA,1
1a7tA,7ev5A,57
1m2xA,7ev5A,57
1wraA,7ev5A,57
2e7yA,7ev5A,57
2gcuA,7ev5A,57
2wymA,7ev5A,57
2xf4A,7ev5A,57
2zwrA,7ev5A,57
3bv6A,7ev5A,57
3h3eA,7ev5A,57
3iogA,7ev5A,57
3kl7A,7ev5A,57
3l6nA,7ev5A,57
3x30A,7ev5A,57
4ax1B,7ev5A,57
4c1hA,7ev5A,57
4chlA,7ev5A,57
4d1tA,7ev5A,57
4ysbA,7ev5A,57
4zejA,7ev5A,57
5acsA,7ev5A,57
5b3rA,7ev5A,57
5iqkA,7ev5A,57
5mmdE,7ev5A,57
5ndeA,7ev5A,57
5nggA,7ev5A,57
5xp6A,7ev5A,57
6aufB,7ev5A,57
6b9vA,7ev5A,57
6cqsA,7ev5A,57
6e0sA,7ev5A,57
6hrgA,7ev5A,57
6jedA,7ev5A,57
6jv4A,7ev5A,57
6k4xA,7ev5A,57
6l3sA,7ev5A,57
6r79A,7ev5A,57
6t5kC,7ev5A,57
6t5lA,7ev5A,57
6v3qA,7ev5A,57
6v71A,7ev5A,57
6v72A,7ev5A,57
6xfrA,7ev5A,57
7bj9A,7ev5A,57
7e3wA,7ev5A,57
7ev5A,7ev5A,57
7fctA,7ev5A,57
7l0bA,7ev5A,57
7t28A,7ev5A,57
7u2rA,7ev5A,57
7u2sA,7ev5A,57
7xgtA,7ev5A,57
8pgpA,7ev5A,57
8zbdA,7ev5A,57
9c3dA,7ev5A,57
9gx8A,7ev5A,57
9gx9A,7ev5A,57
7ev7V,7ev7V,1
7f04C,7f04C,1
3us3A,7f05A,2
7f05A,7f05A,2
7f09C,7f09C,1
6p2jA,7f40A,7
6vyiA,7f40A,7
7f40A,7f40A,7
7mhyA,7f40A,7
7n6qA,7f40A,7
7urdA,7f40A,7
8jemA,7f40A,7
7f8lA,7f8lA,1
7exmA,7fa1A,2
7fa1A,7fa1A,2
7favA,7favA,1
7fb9M,7fb9M,1
6dzdA,7fbgA,4
6t0yA,7fbgA,4
7f3vA,7fbgA,4
7fbgA,7fbgA,4
1hbkA,7fc7A,6
2cb8A,7fc7A,6
2wh5A,7fc7A,6
3flvA,7fc7A,6
3fp5A,7fc7A,6
7fc7A,7fc7A,6
7fd2A,7fd2A,1
7fd2B,7fd2B,1
7fe0C,7fe0C,1
7fh8A,7fh8A,1
6c9aA,7fhoA,4
6e1kA,7fhoA,4
7fhoA,7fhoA,4
8ouoA,7fhoA,4
7fihR,7fihR,3
7utzR,7fihR,3
8i2gR,7fihR,3
7fmiB,7fmiB,1
7g8tB,7g8tB,1
4z02A,7hgrB,9
4z02B,7hgrB,9
5c6sA,7hgrB,9
5nv2A,7hgrB,9
6g25A,7hgrB,9
6ue6C,7hgrB,9
6xcgA,7hgrB,9
7hgrB,7hgrB,9
9exxA,7hgrB,9
6rd5M,7jgaa,6
6zmra,7jgaa,6
6zqma,7jgaa,6
7jgaa,7jgaa,6
8g0ea,7jgaa,6
8j0sa,7jgaa,6
1ysgA,7jgwA,7
2imsA,7jgwA,7
6qggA,7jgwA,7
7jgwA,7jgwA,7
7lhbC,7jgwA,7
7wjhA,7jgwA,7
8htsA,7jgwA,7
7jj9A,7jj9A,1
4aw8A,7jjaA,3
5xm5A,7jjaA,3
7jjaA,7jjaA,3
7jl5A,7jl5A,1
5tr1A,7jm6A,6
7cq5C,7jm6A,6
7jm6A,7jm6A,6
7xa9A,7jm6A,6
8jpoA,7jm6A,6
9do0A,7jm6A,6
3by4A,7jmsA,7
4hxdB,7jmsA,7
5jzeA,7jmsA,7
5v5hA,7jmsA,7
6oarA,7jmsA,7
6oatA,7jmsA,7
7jmsA,7jmsA,7
7jnbA,7jnbA,1
7jrlA,7jrlA,1
7jviA,7jviA,1
1ezwA,7jw9A,18
1rhcA,7jw9A,18
1z69A,7jw9A,18
3b4yA,7jw9A,18
3b9oA,7jw9A,18
3fgcA,7jw9A,18
4uwmA,7jw9A,18
5w4zA,7jw9A,18
5wanA,7jw9A,18
5xkdA,7jw9A,18
6aslA,7jw9A,18
7bipB,7jw9A,18
7czaA,7jw9A,18
7jw9A,7jw9A,18
8qplA,7jw9A,18
8t0wA,7jw9A,18
9fp4A,7jw9A,18
9gm0A,7jw9A,18
7k30A,7k30A,1
7k36H,7k36H,1
1a6eA,7k3zA,36
1a6eB,7k3zA,36
1kp8A,7k3zA,36
1q3qA,7k3zA,36
3ko1A,7k3zA,36
3ruvA,7k3zA,36
4v4oA,7k3zA,36
5da8M,7k3zA,36
5da8Q,7k3zA,36
5x9vA,7k3zA,36
6ks6A,7k3zA,36
6ks6H,7k3zA,36
6ks6b,7k3zA,36
6ks6d,7k3zA,36
6ks6e,7k3zA,36
6ks6g,7k3zA,36
6ks6q,7k3zA,36
6ks6z,7k3zA,36
6tmuA,7k3zA,36
6xhjA,7k3zA,36
7k3zA,7k3zA,36
7nvla,7k3zA,36
7nvlb,7k3zA,36
7nvld,7k3zA,36
7nvle,7k3zA,36
7nvlg,7k3zA,36
7nvlh,7k3zA,36
7nvlq,7k3zA,36
7nvlz,7k3zA,36
7x3uA,7k3zA,36
7x3uD,7k3zA,36
8sfeg,7k3zA,36
8sfeq,7k3zA,36
8wucA,7k3zA,36
8wuwA,7k3zA,36
9es2A,7k3zA,36
1k97A,7k5zA,6
1korA,7k5zA,6
2nz2A,7k5zA,6
4xfjA,7k5zA,6
6e5yA,7k5zA,6
7k5zA,7k5zA,6
3zuqA,7k84A,3
3zusA,7k84A,3
7k84A,7k84A,3
7k95A,7k95A,1
7kaaA,7kaaA,1
7kb7A,7kb7A,1
7kbuA,7kbuB,2
7kbuB,7kbuB,2
4f0aB,7kc4D,2
7kc4D,7kc4D,2
7kcmC,7kcmC,1
1ry2A,7kdnA,38
3c5eA,7kdnA,38
3ni2A,7kdnA,38
3pbkA,7kdnA,38
3r44A,7kdnA,38
4iz6A,7kdnA,38
4r0mA,7kdnA,38
4r0mB,7kdnA,38
4rlqA,7kdnA,38
4wd1A,7kdnA,38
4wv3A,7kdnA,38
5bsrA,7kdnA,38
5es8A,7kdnA,38
5gxdA,7kdnA,38
5ie2A,7kdnA,38
5jrhA,7kdnA,38
5msdA,7kdnA,38
5mssA,7kdnA,38
5mstA,7kdnA,38
5x8fA,7kdnA,38
6e8oA,7kdnA,38
6iykA,7kdnA,38
6oz1A,7kdnA,38
6qjzA,7kdnA,38
7kdnA,7kdnA,38
7kdnC,7kdnA,38
7knoA,7kdnA,38
7knoC,7kdnA,38
7knpC,7kdnA,38
7kq6A,7kdnA,38
7mmzA,7kdnA,38
8biqA,7kdnA,38
8i22A,7kdnA,38
8pyxA,7kdnA,38
8rplA,7kdnA,38
8u2rA,7kdnA,38
8v4pA,7kdnA,38
8v4pC,7kdnA,38
7kdpA,7kdpA,1
4l2hA,7kg8A,3
7kg8A,7kg8A,3
8adjA,7kg8A,3
7kilA,7kiqA,2
7kiqA,7kiqA,2
7kldA,7kldA,1
7kloA,7kloA,1
7kmmA,7kmmA,1
7knwA,7knwA,1
7kpjE,7kpjE,1
7kq5A,7kq5A,1
7kqnA,7kqnA,1
7kquA,7kquA,1
7kraC,7kraC,1
7kriA,7kriA,1
7krnD,7krnD,1
7ksfA,7ksfA,1
7ksoA,7ksoA,1
7ksoC,7ksoC,1
2p7vB,7kufB,3
6onoB,7kufB,3
7kufB,7kufB,3
6onoA,7kugA,7
7kufA,7kugA,7
7kugA,7kugA,7
8cwrA,7kugA,7
8cwtA,7kugA,7
8dy7H,7kugA,7
8dy9H,7kugA,7
4hj1A,7kv8A,5
7kv8A,7kv8A,5
7lchA,7kv8A,5
9e41A,7kv8A,5
9fk0A,7kv8A,5
7kw9A,7kw9A,1
7kzpG,7kzpG,1
7kzpL,7kzpL,1
3h90A,7kzzA,7
6xpdA,7kzzA,7
7kzzA,7kzzA,7
7y5hA,7kzzA,7
8j80B,7kzzA,7
8xmaA,7kzzA,7
9jj1A,7kzzA,7
5wo7A,7l2pA,9
6oo3A,7l2pA,9
7l2pA,7l2pA,9
7s8bA,7l2pA,9
7xj0A,7l2pA,9
8t1eA,7l2pA,9
8tf2A,7l2pA,9
8u4dA,7l2pA,9
9b3uA,7l2pA,9
3hcsA,7l3lA,3
5vo0D,7l3lA,3
7l3lA,7l3lA,3
7l6gA,7l6gA,1
7l8vA,7l8vA,1
7larA,7larA,1
7lb1A,7lb1A,1
7lbgC,7lbgC,1
7lidA,7lidA,8
8jmaA,7lidA,8
8jmhA,7lidA,8
8v02D,7lidA,8
8v3dD,7lidA,8
8vv3A,7lidA,8
8z9aD,7lidA,8
8ze3A,7lidA,8
7lixA,7lixA,1
7liyA,7liyA,1
7lizA,7lizA,1
4psrA,7ljjA,3
7ljjA,7ljjA,3
7xshA,7ljjA,3
2ikfA,7ljnA,29
3hj1A,7ljnA,29
4at8A,7ljnA,29
4ig8A,7ljnA,29
4nktA,7ljnA,29
4rwnA,7ljnA,29
4xj5A,7ljnA,29
4xj6A,7ljnA,29
5jnbB,7ljnA,29
5w0bA,7ljnA,29
5w0mA,7ljnA,29
5w0oA,7ljnA,29
5z4mA,7ljnA,29
6e0lA,7ljnA,29
6e0nA,7ljnA,29
6iw6A,7ljnA,29
6l8kA,7ljnA,29
6p80A,7ljnA,29
6p8jA,7ljnA,29
6ywnA,7ljnA,29
7ljlA,7ljnA,29
7ljmA,7ljnA,29
7ljnA,7ljnA,29
7ljoA,7ljnA,29
7x4gA,7ljnA,29
7x4pA,7ljnA,29
7x4qA,7ljnA,29
8ysmA,7ljnA,29
9ntoA,7ljnA,29
7llaA,7llaA,1
5z8lA,7lmkA,4
5z8nA,7lmkA,4
5znpA,7lmkA,4
7lmkA,7lmkA,4
2hrvA,7lmsB,8
2m5tA,7lmsB,8
5dgjA,7lmsB,8
5x45A,7lmsB,8
7h47A,7lmsB,8
7jreA,7lmsB,8
7lmsB,7lmsB,8
8u1wA,7lmsB,8
7lo5A,7lo5A,1
7lpqA,7lpqA,1
6pfjA,7lq4A,2
7lq4A,7lq4A,2
7lq4D,7lq4D,1
7lq5A,7lq5A,1
7lreA,7lreA,1
7lu4B,7lu4B,1
7lv3A,7lv3A,1
6okhA,7lvvC,2
7lvvC,7lvvC,2
7lw7A,7lw7A,1
6igzB,7lx0a,47
6k61A,7lx0a,47
6kigA,7lx0a,47
6kigB,7lx0a,47
6tclB,7lx0a,47
6vpv2,7lx0a,47
7dr1A,7lx0a,47
7dr1B,7lx0a,47
7dwqA,7lx0a,47
7dwqB,7lx0a,47
7lx0a,7lx0a,47
7qcoB,7lx0a,47
7qcoa,7lx0a,47
7s3dA,7lx0a,47
7s3db,7lx0a,47
7vzrA,7lx0a,47
7xqpB,7lx0a,47
7y7bA,7lx0a,47
7y7bB,7lx0a,47
7ycaB,7lx0a,47
8bcwA,7lx0a,47
8bcwB,7lx0a,47
8jjra,7lx0a,47
8jjrb,7lx0a,47
8jw0a,7lx0a,47
8jw0b,7lx0a,47
8jzfa,7lx0a,47
8jzfb,7lx0a,47
8vu3A,7lx0a,47
8vu3b,7lx0a,47
8weyA,7lx0a,47
8weyB,7lx0a,47
8xlsA,7lx0a,47
8xlsB,7lx0a,47
8z11a,7lx0a,47
8z11b,7lx0a,47
8zwbA,7lx0a,47
8zwbB,7lx0a,47
9e0jA,7lx0a,47
9e0jb,7lx0a,47
9eysa,7lx0a,47
9eysb,7lx0a,47
9kc5A,7lx0a,47
9kc5B,7lx0a,47
9kqpA,7lx0a,47
9kqpB,7lx0a,47
9mh1B,7lx0a,47
7lx0j,7lx0j,1
7lx0k,7lx0k,1
4b7yC,7lybN,4
4b7yD,7lybN,4
4b86H,7lybN,4
7lybN,7lybN,4
2dduA,7lyuA,2
7lyuA,7lyuA,2
7lzhA,7lzhA,1
7m1tA,7m1tA,1
7m2mA,7m2mA,1
7m4mA,7m4mA,1
7m4oA,7m4oA,1
1yf3A,7m6bA,4
2dpmA,7m6bA,4
2g1pA,7m6bA,4
7m6bA,7m6bA,4
7m7aA,7m7aA,1
7mbwA,7mbwA,2
8vcjC,7mbwA,2
1klrA,7mc1A,2
7mc1A,7mc1A,2
7mfdA,7mfdA,1
1g8mA,7mgqA,4
3zzmA,7mgqA,4
5uz0A,7mgqA,4
7mgqA,7mgqA,4
7mgxA,7mgxB,3
7mgxB,7mgxB,3
8tgyA,7mgxB,3
7mi4A,7mi4A,1
7mi4B,7mi4B,1
5xvpE,7mi4E,3
7mi4E,7mi4E,3
8q2nA,7mi4E,3
6yptA,7micA,2
7micA,7micA,2
7mieA,7mieA,1
7mjrA,7mjrA,1
7mk3A,7mk3A,1
2ag4A,7mlmC,11
2e59A,7mlmC,11
2hkaB,7mlmC,11
3b2dC,7mlmC,11
3m7oA,7mlmC,11
3mu3A,7mlmC,11
3rg1C,7mlmC,11
5kwyC,7mlmC,11
6r4nA,7mlmC,11
7mlmC,7mlmC,11
8dkyA,7mlmC,11
2ebqA,7mnvB,15
2ebrA,7mnvB,15
2gqeA,7mnvB,15
4xxbB,7mnvB,15
6g99B,7mnvB,15
7mnpB,7mnvB,15
7mnqB,7mnvB,15
7mnrB,7mnvB,15
7mnsB,7mnvB,15
7mnuB,7mnvB,15
7mnvB,7mnvB,15
7mo2B,7mnvB,15
7mo3B,7mnvB,15
7mo5B,7mnvB,15
9dbyM,7mnvB,15
1nj3A,7mo1B,4
3a9jC,7mo1B,4
7mo1B,7mo1B,4
9dg3M,7mo1B,4
1o6lA,7mp9A,73
2acxA,7mp9A,73
2i0eA,7mp9A,73
2r5tA,7mp9A,73
2rkuA,7mp9A,73
2vd5A,7mp9A,73
2wqnA,7mp9A,73
2xirA,7mp9A,73
2yabA,7mp9A,73
3c0iA,7mp9A,73
3c4zA,7mp9A,73
3d5wA,7mp9A,73
3hngA,7mp9A,73
3kn5A,7mp9A,73
3nynA,7mp9A,73
3ubdA,7mp9A,73
3uc3A,7mp9A,73
3v8sA,7mp9A,73
3warA,7mp9A,73
4aw2A,7mp9A,73
4b6lA,7mp9A,73
4crsA,7mp9A,73
4gv1A,7mp9A,73
4i5pA,7mp9A,73
4jr7A,7mp9A,73
4nstC,7mp9A,73
4otgA,7mp9A,73
4othA,7mp9A,73
4pf4A,7mp9A,73
4rlkA,7mp9A,73
4tndA,7mp9A,73
4wb7A,7mp9A,73
4y0xA,7mp9A,73
4yhjA,7mp9A,73
5efqA,7mp9A,73
5f9eA,7mp9A,73
5g6vA,7mp9A,73
5grnA,7mp9A,73
5gz9A,7mp9A,73
5li9A,7mp9A,73
5n1fA,7mp9A,73
5nclA,7mp9A,73
5o1sA,7mp9A,73
5oteA,7mp9A,73
5uuuA,7mp9A,73
5uvcA,7mp9A,73
5vi9A,7mp9A,73
5wnfB,7mp9A,73
5xvuA,7mp9A,73
5yj9D,7mp9A,73
6bg2A,7mp9A,73
6bxiA,7mp9A,73
6c9gA,7mp9A,73
6c9hA,7mp9A,73
6k3lB,7mp9A,73
6o6qA,7mp9A,73
6tguA,7mp9A,73
6z4xB,7mp9A,73
6zjfA,7mp9A,73
7mp9A,7mp9A,73
7nh5A,7mp9A,73
7t4uA,7mp9A,73
7v3vH,7mp9A,73
8bikA,7mp9A,73
8fp1A,7mp9A,73
8jotA,7mp9A,73
8pqdB,7mp9A,73
8u37A,7mp9A,73
8uyhA,7mp9A,73
8x92A,7mp9A,73
9av7A,7mp9A,73
9c1wA,7mp9A,73
9fmqA,7mp9A,73
7mqqA,7mqqA,1
7mskA,7msnA,2
7msnA,7msnA,2
7mspA,7mspA,1
7facA,7msxA,3
7mswA,7msxA,3
7msxA,7msxA,3
2e50A,7mtoA,3
5ypsA,7mtoA,3
7mtoA,7mtoA,3
7mwuA,7mwuA,1
7mwzA,7mwzD,2
7mwzD,7mwzD,2
6g13A,7n0iD,3
7n0iD,7n0iD,3
9f2hA,7n0iD,3
7n0lA,7n0lA,1
7n3zA,7n3zA,1
2hydA,7n59A,46
3zdqA,7n59A,46
4mrsA,7n59A,46
4pl0A,7n59A,46
4q4aA,7n59A,46
5l22A,7n59A,46
5ochA,7n59A,46
6a6mA,7n59A,46
6hrcA,7n59A,46
6jbjA,7n59A,46
6qv0B,7n59A,46
6rahA,7n59A,46
6rahB,7n59A,46
6tqfA,7n59A,46
7metB,7n59A,46
7n59A,7n59A,46
7ow8A,7n59A,46
7pr1A,7n59A,46
7psnA,7n59A,46
7sgrA,7n59A,46
7sgrF,7n59A,46
7v5cA,7n59A,46
7vgfA,7n59A,46
7vx8A,7n59A,46
7wivA,7n59A,46
7wiwB,7n59A,46
7zdtC,7n59A,46
7zdtD,7n59A,46
7zo9A,7n59A,46
8fhkC,7n59A,46
8fhkD,7n59A,46
8hf4A,7n59A,46
8iprA,7n59A,46
8iprC,7n59A,46
8tsoA,7n59A,46
8vozA,7n59A,46
8vp3A,7n59A,46
8vsiA,7n59A,46
8vsiB,7n59A,46
8z9xA,7n59A,46
9csiA,7n59A,46
9dbqA,7n59A,46
9g2pA,7n59A,46
9g2pB,7n59A,46
9iqgA,7n59A,46
9iqgB,7n59A,46
1f2iG,7n5vA,10
3uk3C,7n5vA,10
4m9vC,7n5vA,10
7n5vA,7n5vA,10
7y3lA,7n5vA,10
7y3mA,7n5vA,10
7y3mC,7n5vA,10
8cucF,7n5vA,10
8gn3A,7n5vA,10
9e6rY,7n5vA,10
2blnA,7n7bA,7
2cfiA,7n7bA,7
2fmtA,7n7bA,7
3r8xA,7n7bA,7
4lxqA,7n7bA,7
4ttsA,7n7bA,7
7n7bA,7n7bA,7
7n8oi,7n8oi,1
7n8ou,7n8ou,1
7n8ox,7n8ox,1
2yevA,7n9zF,4
3s8fA,7n9zF,4
7degA,7n9zF,4
7n9zF,7n9zF,4
7nacw,7nacw,1
7nafw,7nafw,1
7nbul,7nbul,1
4amvA,7ndlA,2
7ndlA,7ndlA,2
7nf9A,7nf9A,1
1yqtA,7nhk0,26
3bk7A,7nhk0,26
3ozxA,7nhk0,26
3ux8A,7nhk0,26
5zxdA,7nhk0,26
5zxdB,7nhk0,26
6ha8V,7nhk0,26
6n9lA,7nhk0,26
6tmfd,7nhk0,26
6yalk,7nhk0,26
7a1gx,7nhk0,26
7msmx,7nhk0,26
7nhk0,7nhk0,26
7nhl0,7nhk0,26
7nhn0,7nhk0,26
7p486,7nhk0,26
7p7q0,7nhk0,26
7sh1A,7nhk0,26
8buu9,7nhk0,26
8j5tD,7nhk0,26
8wdbD,7nhk0,26
9h1lK,7nhk0,26
9nl5E,7nhk0,26
9nl6Y,7nhk0,26
9nlhH,7nhk0,26
9nljU,7nhk0,26
2jdiA,7nk7A,52
2jdiD,7nk7A,52
2r9vA,7nk7A,52
3i4lA,7nk7A,52
3tgwB,7nk7A,52
3ziaA,7nk7A,52
3ziaD,7nk7A,52
5bn3A,7nk7A,52
5dn6A,7nk7A,52
5dn6D,7nk7A,52
5fl7A,7nk7A,52
5fl7D,7nk7A,52
5ik2A,7nk7A,52
5ik2D,7nk7A,52
5ze9A,7nk7A,52
5ze9D,7nk7A,52
6f5dA,7nk7A,52
6f5dD,7nk7A,52
6oqrA,7nk7A,52
6oqrD,7nk7A,52
6q45A,7nk7A,52
6q45D,7nk7A,52
6rdbT,7nk7A,52
6rdbX,7nk7A,52
6tdyA,7nk7A,52
6tdyD,7nk7A,52
6tmhA,7nk7A,52
6tmhB,7nk7A,52
6vooA,7nk7A,52
6vooD,7nk7A,52
6wlzC,7nk7A,52
6wlzF,7nk7A,52
7nk7A,7nk7A,52
7nk7D,7nk7A,52
7nkjB,7nk7A,52
7vawE,7nk7A,52
8gxuB,7nk7A,52
8hh7A,7nk7A,52
8hh7D,7nk7A,52
8j0sA,7nk7A,52
8u1hB,7nk7A,52
8zi3A,7nk7A,52
8zi3D,7nk7A,52
9b0xA,7nk7A,52
9b3jE,7nk7A,52
9copA,7nk7A,52
9copB,7nk7A,52
9io5A,7nk7A,52
9io5B,7nk7A,52
9io5D,7nk7A,52
9itjA,7nk7A,52
9itsD,7nk7A,52
1z3iX,7nkxW,18
3mwyW,7nkxW,18
6iy2O,7nkxW,18
6vz4K,7nkxW,18
7ennK,7nkxW,18
7nkxW,7nkxW,18
7vdtA,7nkxW,18
8b3db,7nkxW,18
8kccK,7nkxW,18
8oo9G,7nkxW,18
8skzA,7nkxW,18
8v4yW,7nkxW,18
8wh9K,7nkxW,18
9bz0b,7nkxW,18
9earW,7nkxW,18
9jaoC,7nkxW,18
9jnpK,7nkxW,18
9jo5K,7nkxW,18
5n7dA,7nmiB,11
6t58A,7nmiB,11
7nmiB,7nmiB,11
7p70A,7nmiB,11
7p73A,7nmiB,11
7pc3A,7nmiB,11
7pc5A,7nmiB,11
7pc7A,7nmiB,11
7pcbA,7nmiB,11
7qqlB,7nmiB,11
7qqmA,7nmiB,11
7np8A,7npaA,2
7npaA,7npaA,2
3n10A,7ns9A,8
3tj7A,7ns9A,8
3tvlA,7ns9A,8
5a65A,7ns9A,8
5a67A,7ns9A,8
6yp4A,7ns9A,8
7ns9A,7ns9A,8
8h92A,7ns9A,8
3ff1B,7ntgA,2
7ntgA,7ntgA,2
6ajgA,7nvhA,10
6or2A,7nvhA,10
7dfwA,7nvhA,10
7k65A,7nvhA,10
7nvhA,7nvhA,10
7rhrA,7nvhA,10
8qeeA,7nvhA,10
8v1gA,7nvhA,10
8zkpA,7nvhA,10
9gi3B,7nvhA,10
7nvoE,7nvod,11
7nvoa,7nvod,11
7nvob,7nvod,11
7nvod,7nvod,11
7nvoh,7nvod,11
8hkiG,7nvod,11
8hkiQ,7nvod,11
8hkiZ,7nvod,11
8hkiq,7nvod,11
8hkiz,7nvod,11
9es6A,7nvod,11
7nvsM,7nvsM,4
7nvuM,7nvsM,4
7o4jM,7nvsM,4
8s5nM,7nvsM,4
7nvv7,7nvv7,2
7o4j7,7nvv7,2
7nx4A,7nx4A,1
7nydB,7nydB,2
7nydC,7nydB,2
7nydH,7nydH,1
7nywB,7nywB,1
7nz1D,7nz1D,2
7z0sE,7nz1D,2
1oaoC,7nz5A,2
7nz5A,7nz5A,2
7nz9B,7nz9B,1
7cohF,7o37f,3
7jroe,7o37f,3
7o37f,7o37f,3
7o45D,7o45D,1
7nvx3,7o4j3,2
7o4j3,7o4j3,2
7egb3,7o4j4,2
7o4j4,7o4j4,2
7o4jW,7o4jW,1
7o4kA,7o4kA,1
7o4kB,7o4kB,2
7o4lB,7o4kB,2
7o4lA,7o4lA,1
1wdkA,7o4tA,6
3zwcA,7o4tA,6
6iunA,7o4tA,6
6tnmA,7o4tA,6
6yswA,7o4tA,6
7o4tA,7o4tA,6
7o6ya,7o6ya,1
7o713,7o713,1
7o71J,7o71J,2
7zmgJ,7o71J,2
5gkdA,7o7tA,3
7dmkA,7o7tA,3
7o7tA,7o7tA,3
3j9cA,7o85A,4
6v1sA,7o85A,4
7o85A,7o85A,4
8eklA,7o85A,4
7o9kW,7o9kW,1
7o9uA,7o9uA,1
7oa7A,7oa7A,1
7ob6A,7ob6A,1
7ob9I,7ob9I,1
7obaI,7obaI,1
4il1A,7obeA,4
4ja7A,7obeA,4
7obeA,7obeA,4
8jfyC,7obeA,4
7nfxx,7obrx,2
7obrx,7obrx,2
7oc5A,7oc5A,1
5lugB,7ocbB,2
7ocbB,7ocbB,2
7ocsA,7ocsA,2
7ocsC,7ocsA,2
5udhA,7od1A,3
7od1A,7od1A,3
7oniH,7od1A,3
7od3A,7od3A,2
7zh1A,7od3A,2
7lytA,7odfA,2
7odfA,7odfA,2
7odri,7odri,1
7ofqa,7ofqa,3
7ofqb,7ofqa,3
8rh5A,7ofqa,3
7og7A,7og7A,2
7znqL,7og7A,2
7ogrD,7ogrD,1
1vj7A,7oiwA,6
5xnxC,7oiwA,6
7ohgA,7oiwA,6
7oiwA,7oiwA,6
7qpsA,7oiwA,6
8acuA,7oiwA,6
7oixA,7oixA,1
6ei1A,7ojeA,2
7ojeA,7ojeA,2
7ojgA,7ojgA,1
7olaD,7olaD,6
7om0A,7olaD,6
8wh0A,7olaD,6
8xj6E,7olaD,6
8xj7F,7olaD,6
8xj8B,7olaD,6
7onjA,7onjA,1
2c5wB,7onnA,22
2y2mA,7onnA,22
2zc3B,7onnA,22
3udxA,7onnA,22
3upnA,7onnA,22
3zg9B,7onnA,22
4oonA,7onnA,22
4ovdA,7onnA,22
4r23A,7onnA,22
5cxwA,7onnA,22
6bsrA,7onnA,22
6i1hA,7onnA,22
6i1iA,7onnA,22
6kguA,7onnA,22
6p55A,7onnA,22
6synA,7onnA,22
6vbdA,7onnA,22
7au1A,7onnA,22
7onnA,7onnA,22
7onwA,7onnA,22
7u4hA,7onnA,22
8vbuA,7onnA,22
7ookA,7ookA,1
7opkA,7opkA,3
8jchM,7opkA,3
9e70A,7opkA,3
4aybA,7oqyA,4
7oqyA,7oqyA,4
8rboA,7oqyA,4
9bcuA,7oqyA,4
7oqyY,7oqyY,1
7oufA,7oufA,1
5b66o,7ouio,3
5g38A,7ouio,3
7ouio,7ouio,3
7ouiw,7ouiw,1
7ouix,7ouix,1
7oxdA,7oxdA,1
5doqA,7oy2B,9
6rkoA,7oy2B,9
6rkoB,7oy2B,9
7d5iA,7oy2B,9
7nkzA,7oy2B,9
7nkzB,7oy2B,9
7oy2B,7oy2B,9
7oy2C,7oy2B,9
8b4oA,7oy2B,9
7p0hA,7p0hA,1
1cijA,7p0yA,192
1cvlA,7p0yA,192
1eb9A,7p0yA,192
1ex9A,7p0yA,192
1exwA,7p0yA,192
1f0pA,7p0yA,192
1gklA,7p0yA,192
1hl7A,7p0yA,192
1iupA,7p0yA,192
1iz7A,7p0yA,192
1jt2A,7p0yA,192
1k8qA,7p0yA,192
1m33A,7p0yA,192
1q0rA,7p0yA,192
1qz3A,7p0yA,192
1tqhA,7p0yA,192
1wm1A,7p0yA,192
1xklA,7p0yA,192
1xroA,7p0yA,192
1yb6A,7p0yA,192
2cjpB,7p0yA,192
2gzsA,7p0yA,192
2hfkA,7p0yA,192
2o2iA,7p0yA,192
2ocgA,7p0yA,192
2pujA,7p0yA,192
2rauA,7p0yA,192
2wkwA,7p0yA,192
2wtnA,7p0yA,192
2x5xA,7p0yA,192
2xmrA,7p0yA,192
2xuaH,7p0yA,192
2zjfA,7p0yA,192
2zshA,7p0yA,192
3a2lA,7p0yA,192
3b12A,7p0yA,192
3bwxA,7p0yA,192
3dltA,7p0yA,192
3e0xA,7p0yA,192
3e4dA,7p0yA,192
3eblA,7p0yA,192
3fcxA,7p0yA,192
3fcyA,7p0yA,192
3fytC,7p0yA,192
3gzjA,7p0yA,192
3ia2A,7p0yA,192
3icwA,7p0yA,192
3mgaB,7p0yA,192
3pfbA,7p0yA,192
3r3vA,7p0yA,192
3s8yA,7p0yA,192
3stuB,7p0yA,192
3tjmA,7p0yA,192
3wwcA,7p0yA,192
3wwoA,7p0yA,192
4ao7A,7p0yA,192
4b9eA,7p0yA,192
4c01A,7p0yA,192
4c6hA,7p0yA,192
4ccwA,7p0yA,192
4cfsA,7p0yA,192
4f21E,7p0yA,192
4flmA,7p0yA,192
4ftwA,7p0yA,192
4g9eA,7p0yA,192
4jymA,7p0yA,192
4ke7A,7p0yA,192
4lxhA,7p0yA,192
4mydA,7p0yA,192
4nvrA,7p0yA,192
4o08A,7p0yA,192
4ob6A,7p0yA,192
4po3X,7p0yA,192
4qekA,7p0yA,192
4rotA,7p0yA,192
4uhdA,7p0yA,192
4v2iA,7p0yA,192
4zxfC,7p0yA,192
5c8zA,7p0yA,192
5cbkA,7p0yA,192
5cw2A,7p0yA,192
5cxxA,7p0yA,192
5d3kA,7p0yA,192
5dnuA,7p0yA,192
5esrA,7p0yA,192
5frdA,7p0yA,192
5g5mA,7p0yA,192
5h3hA,7p0yA,192
5h6bA,7p0yA,192
5hc0A,7p0yA,192
5hdpA,7p0yA,192
5jibA,7p0yA,192
5kreA,7p0yA,192
5lukA,7p0yA,192
5mifC,7p0yA,192
5ng7B,7p0yA,192
5symA,7p0yA,192
5synA,7p0yA,192
5tnqA,7p0yA,192
5uroA,7p0yA,192
5volA,7p0yA,192
5w15D,7p0yA,192
5xh2A,7p0yA,192
5xo7A,7p0yA,192
5y5rA,7p0yA,192
5yb5B,7p0yA,192
5z7wA,7p0yA,192
5z7xA,7p0yA,192
5z95A,7p0yA,192
6aidA,7p0yA,192
6ap7A,7p0yA,192
6ap8A,7p0yA,192
6codA,7p0yA,192
6e6tA,7p0yA,192
6eb3A,7p0yA,192
6fvjA,7p0yA,192
6g75B,7p0yA,192
6gi2A,7p0yA,192
6gurA,7p0yA,192
6i8wB,7p0yA,192
6idyA,7p0yA,192
6ieyA,7p0yA,192
6jd9A,7p0yA,192
6k3cB,7p0yA,192
6khlA,7p0yA,192
6kxhA,7p0yA,192
6nkfA,7p0yA,192
6ojdA,7p0yA,192
6ra3E,7p0yA,192
6rb0A,7p0yA,192
6sxyA,7p0yA,192
6t6xA,7p0yA,192
6tp8A,7p0yA,192
6xycA,7p0yA,192
6yuqA,7p0yA,192
6z69A,7p0yA,192
6zl7A,7p0yA,192
7atfA,7p0yA,192
7auyB,7p0yA,192
7b6bA,7p0yA,192
7bnbA,7p0yA,192
7cehA,7p0yA,192
7ci0A,7p0yA,192
7cofA,7p0yA,192
7d79D,7p0yA,192
7k38A,7p0yA,192
7l0aA,7p0yA,192
7omoA,7p0yA,192
7p0yA,7p0yA,192
7qjtA,7p0yA,192
7v3kA,7p0yA,192
7v6dA,7p0yA,192
7v8uA,7p0yA,192
7vmdA,7p0yA,192
7vo5A,7p0yA,192
7vpbA,7p0yA,192
7xriA,7p0yA,192
7xrtA,7p0yA,192
7y0lA,7p0yA,192
7z2vA,7p0yA,192
7zbaA,7p0yA,192
7zm4A,7p0yA,192
8a2cA,7p0yA,192
8bf3A,7p0yA,192
8braB,7p0yA,192
8clqA,7p0yA,192
8cluA,7p0yA,192
8ftpA,7p0yA,192
8hgwA,7p0yA,192
8ianA,7p0yA,192
8ik2A,7p0yA,192
8iybA,7p0yA,192
8jh8A,7p0yA,192
8p7eA,7p0yA,192
8q03A,7p0yA,192
8q17A,7p0yA,192
8qhfA,7p0yA,192
8qrjA,7p0yA,192
8qzdA,7p0yA,192
8sniA,7p0yA,192
8vcdA,7p0yA,192
8w2dA,7p0yA,192
8xhoA,7p0yA,192
8yqpA,7p0yA,192
8ytzA,7p0yA,192
8z53A,7p0yA,192
9byuA,7p0yA,192
9c0nA,7p0yA,192
9clrA,7p0yA,192
9f8dA,7p0yA,192
9g8uA,7p0yA,192
9j1gA,7p0yA,192
7p14A,7p14A,2
8xejX,7p14A,2
7p1nA,7p1nA,1
3fcsA,7p2dA,6
3ijeA,7p2dA,6
5es4C,7p2dA,6
7p2dA,7p2dA,6
7uslA,7p2dA,6
8xfgA,7p2dA,6
7p2jA,7p2jA,1
7p34A,7p34A,1
7p37A,7p37A,2
9fxkA,7p37A,2
7n2zA,7p3hA,2
7p3hA,7p3hA,2
7p41D,7p41D,1
7p47A,7p47A,1
5ow3C,7p4lA,2
7p4lA,7p4lA,2
7p5zG,7p5zG,1
7p6tA,7p6tA,1
7fieA,7p6uA,2
7p6uA,7p6uA,2
6ys5n,7p7qn,9
7p7qn,7p7qn,9
8auvU,7p7qn,9
8ogjT,7p7qn,9
8p85T,7p7qn,9
8uu5m,7p7qn,9
9no7m,7p7qn,9
9npyS,7p7qn,9
9q87M,7p7qn,9
7pabA,7pabA,1
7paxA,7paxA,1
7pchE,7pchE,1
7pcvA,7pcvA,1
7pd3E,7pd3E,2
9hchE,7pd3E,2
7pd3L,7pd3L,5
8oh66,7pd3L,5
8scbV,7pd3L,5
8uuaM,7pd3L,5
9no7O,7pd3L,5
7pd3O,7pd3O,2
9hcfO,7pd3O,2
7pd3Q,7pd3Q,1
6lrbE,7pdsA,2
7pdsA,7pdsA,2
7pgkA,7pgkA,1
1qzzA,7phfB,6
3i53A,7phfB,6
6clxA,7phfB,6
7pg7D,7phfB,6
7phdA,7phfB,6
7phfB,7phfB,6
7pi0F,7pi0F,1
7pi0W,7pi0W,1
3jcur,7pi0Y,121
5xnl3,7pi0Y,121
5xnl4,7pi0Y,121
5xnlr,7pi0Y,121
5xnls,7pi0Y,121
5zji3,7pi0Y,121
6igz0,7pi0Y,121
6igz1,7pi0Y,121
6igz2,7pi0Y,121
6igz3,7pi0Y,121
6igz4,7pi0Y,121
6igz6,7pi0Y,121
6igz7,7pi0Y,121
6igz9,7pi0Y,121
6ijo2,7pi0Y,121
6jlup,7pi0Y,121
6jo59,7pi0Y,121
6kacg,7pi0Y,121
6kacn,7pi0Y,121
6kacr,7pi0Y,121
6kacs,7pi0Y,121
6kacy,7pi0Y,121
6kadr,7pi0Y,121
6l355,7pi0Y,121
6sl54,7pi0Y,121
6sl55,7pi0Y,121
6yp7r,7pi0Y,121
6zzx1,7pi0Y,121
6zzx2,7pi0Y,121
6zzx3,7pi0Y,121
6zzx4,7pi0Y,121
6zzx5,7pi0Y,121
6zzx6,7pi0Y,121
6zzx7,7pi0Y,121
6zzx8,7pi0Y,121
6zzx9,7pi0Y,121
7bgi2,7pi0Y,121
7bgi9,7pi0Y,121
7dkz2,7pi0Y,121
7dkz3,7pi0Y,121
7dkz4,7pi0Y,121
7dz7V,7pi0Y,121
7ew65,7pi0Y,121
7ewk6,7pi0Y,121
7oui4,7pi0Y,121
7ouis,7pi0Y,121
7pi0Y,7pi0Y,121
7pi0g,7pi0Y,121
7pi0n,7pi0Y,121
7pi0r,7pi0Y,121
7pi0s,7pi0Y,121
7xqp2,7pi0Y,121
7xqp3,7pi0Y,121
7xqp4,7pi0Y,121
7xqp9,7pi0Y,121
7xqpa,7pi0Y,121
7yca2,7pi0Y,121
7yca3,7pi0Y,121
7yca4,7pi0Y,121
7yca5,7pi0Y,121
7yca6,7pi0Y,121
7zqc1,7pi0Y,121
7zqc3,7pi0Y,121
7zqc4,7pi0Y,121
7zqc5,7pi0Y,121
7zqc6,7pi0Y,121
7zqc7,7pi0Y,121
7zqc8,7pi0Y,121
8bcv2,7pi0Y,121
8bcv3,7pi0Y,121
8bcv4,7pi0Y,121
8bd30,7pi0Y,121
8bd31,7pi0Y,121
8bd32,7pi0Y,121
8bd33,7pi0Y,121
8bd3R,7pi0Y,121
8bd3s,7pi0Y,121
8bd3y,7pi0Y,121
8c29r,7pi0Y,121
8c29s,7pi0Y,121
8cmo1,7pi0Y,121
8cmo3,7pi0Y,121
8cmo4,7pi0Y,121
8cmo5,7pi0Y,121
8cmo6,7pi0Y,121
8cmo7,7pi0Y,121
8cmo8,7pi0Y,121
8cmo9,7pi0Y,121
8h2u6,7pi0Y,121
8h2u8,7pi0Y,121
8hg5P,7pi0Y,121
8hg5Q,7pi0Y,121
8hlvA,7pi0Y,121
8hpdB,7pi0Y,121
8hpdC,7pi0Y,121
8hw1A,7pi0Y,121
8j6zz,7pi0Y,121
8wgh2,7pi0Y,121
8wgh3,7pi0Y,121
8wgh4,7pi0Y,121
8y15A,7pi0Y,121
8z9d3,7pi0Y,121
9grxw,7pi0Y,121
9is4r,7pi0Y,121
9kqp2,7pi0Y,121
9kqp3,7pi0Y,121
9kqp4,7pi0Y,121
9kqp5,7pi0Y,121
9kqp6,7pi0Y,121
9kqp7,7pi0Y,121
9kqp8,7pi0Y,121
9kqp9,7pi0Y,121
9kqpa,7pi0Y,121
9lk5r,7pi0Y,121
9mgzT,7pi0Y,121
9mh11,7pi0Y,121
9mh12,7pi0Y,121
9mh13,7pi0Y,121
9mh17,7pi0Y,121
9mh18,7pi0Y,121
9mh19,7pi0Y,121
6kafe,7pi0e,3
7pi0e,7pi0e,3
9evxe,7pi0e,3
7pi0i,7pi0i,1
6dhet,7pi0t,2
7pi0t,7pi0t,2
7pilX,7pilX,1
7pinJ,7pinJ,1
7pjsn,7pjsn,1
7pktS,7pktS,1
7pkty,7pkty,1
7pl9A,7pl9A,1
7plpA,7plpA,1
1pzwA,7po9A,4
6fp5A,7po9A,4
7po9A,7po9A,4
7pokA,7po9A,4
7pohA,7pohA,1
7ppjA,7ppjA,1
7pppA,7pppB,2
7pppB,7pppB,2
7pr7B,7pr7B,1
7prjA,7prjA,1
7ptrA,7ptrA,1
7ptuA,7ptuA,1
7pujA,7pujA,1
7pupA,7pupA,1
4xguB,7puxA,5
5wc2A,7puxA,5
6hd3A,7puxA,5
7l9pA,7puxA,5
7puxA,7puxA,5
4fzpA,7pv0A,2
7pv0A,7pv0A,2
7pvaA,7pvaA,2
8p6fA,7pvaA,2
7pvcA,7pvcA,1
7pvmA,7pvmA,1
7pwgb,7pwgb,1
7q1wA,7q1wA,1
1f1uA,7q2aA,28
1f1xA,7q2aA,28
1kw3B,7q2aA,28
1lgtA,7q2aA,28
1mpyA,7q2aA,28
1sqiA,7q2aA,28
1t47A,7q2aA,28
1tfzA,7q2aA,28
2ehzA,7q2aA,28
2r5vA,7q2aA,28
2wl9A,7q2aA,28
2zyqA,7q2aA,28
3b59A,7q2aA,28
3hpyA,7q2aA,28
3isqA,7q2aA,28
3vb0A,7q2aA,28
3zgjA,7q2aA,28
4z6mA,7q2aA,28
5zsxA,7q2aA,28
6l3wA,7q2aA,28
7q2aA,7q2aA,28
7x7lA,7q2aA,28
7xntA,7q2aA,28
7yvvA,7q2aA,28
8jbwA,7q2aA,28
8x6aA,7q2aA,28
9kp0A,7q2aA,28
9liaB,7q2aA,28
1iicA,7q3aA,26
1iykA,7q3aA,26
1p0hA,7q3aA,26
1rxtC,7q3aA,26
2ft0A,7q3aA,26
2ozgA,7q3aA,26
2wpxA,7q3aA,26
3dddA,7q3aA,26
3sxnA,7q3aA,26
4c68A,7q3aA,26
4c7iA,7q3aA,26
4my0A,7q3aA,26
4uwjA,7q3aA,26
5kf9A,7q3aA,26
5o6hA,7q3aA,26
6pauA,7q3aA,26
6wqbA,7q3aA,26
6ycaA,7q3aA,26
7b3aA,7q3aA,26
7pk0A,7q3aA,26
7q3aA,7q3aA,26
7wx7A,7q3aA,26
8f4uA,7q3aA,26
8fbmA,7q3aA,26
9emtA,7q3aA,26
9mvaA,7q3aA,26
7q3gA,7q3gA,2
9ev8A,7q3gA,2
5yd0A,7q3zA,2
7q3zA,7q3zA,2
2j0bA,7q4iA,5
6wmmA,7q4iA,5
6wmnD,7q4iA,5
7q4iA,7q4iA,5
8zwpA,7q4iA,5
7onbM,7q4o1,2
7q4o1,7q4o1,2
7q4o9,7q4o9,1
3tvmE,7q5dA,4
7q5dA,7q5dA,4
7wt3D,7q5dA,4
9o55A,7q5dA,4
3u7zA,7q5nG,4
4hroA,7q5nG,4
5nsaA,7q5nG,4
7q5nG,7q5nG,4
7q92A,7q92A,1
7qb0A,7qb0A,1
7qbfC,7qbfC,1
7qceA,7qceB,2
7qceB,7qceB,2
7qclA,7qclA,2
7qcuA,7qclA,2
7qcoK,7qcoK,1
7qgsA,7qgsA,1
4v1ax,7qh7r,4
7of0r,7qh7r,4
7qh7r,7qh7r,4
9hcfr,7qh7r,4
7e1wA,7qhmA,3
7qhmA,7qhmA,3
8ovdG,7qhmA,3
7qhmI,7qhmI,1
6ywx6,7qi4e,2
7qi4e,7qi4e,2
7qlrA,7qlrA,1
7qm2B,7qm2B,1
7qofD,7qofD,1
7qojA,7qojA,1
1kpgA,7qosA,17
1l1eA,7qosA,17
1tpyA,7qosA,17
3hemA,7qosA,17
5gm1A,7qosA,17
5kpgA,7qosA,17
5z9oA,7qosA,17
6bqcA,7qosA,17
6ectA,7qosA,17
6ecwA,7qosA,17
6gkvA,7qosA,17
6p3nA,7qosA,17
7mcjA,7qosA,17
7q2hA,7qosA,17
7qosA,7qosA,17
7v6hA,7qosA,17
8raqA,7qosA,17
1k7hA,7qowA,9
1zedA,7qowA,9
3tg0A,7qowA,9
3wbhA,7qowA,9
4kjgA,7qowA,9
7kwdA,7qowA,9
7qowA,7qowA,9
7tm9A,7qowA,9
7yiwA,7qowA,9
7qp5A,7qp5A,1
1y8aA,7qplA,3
2yj3A,7qplA,3
7qplA,7qplA,3
7qprA,7qprA,1
7qqdA,7qqdA,1
2xn2A,7qqhA,25
2yfoA,7qqhA,25
4fnsA,7qqhA,25
5aeeA,7qqhA,25
5e1qA,7qqhA,25
5hqaA,7qqhA,25
5i0fB,7qqhA,25
5ohyA,7qqhA,25
5wzqA,7qqhA,25
5x3jA,7qqhA,25
5xfmA,7qqhA,25
6gvdA,7qqhA,25
6lckA,7qqhA,25
6phxA,7qqhA,25
7exrA,7qqhA,25
7kbrA,7qqhA,25
7qqgD,7qqhA,25
7qqhA,7qqhA,25
8j52A,7qqhA,25
8k7vA,7qqhA,25
8r56A,7qqhA,25
8rzgA,7qqhA,25
8wg0A,7qqhA,25
9ay8A,7qqhA,25
9bs5A,7qqhA,25
7qsmO,7qsmO,4
7v2hw,7qsmO,4
8b9zO,7qsmO,4
8om1O,7qsmO,4
7qsmn,7qsmn,2
8om1n,7qsmn,2
7qtlB,7qtlB,7
7zplB,7qtlB,7
8be0B,7qtlB,7
8p0uB,7qtlB,7
8rn8B,7qtlB,7
8z97B,7qtlB,7
9f37B,7qtlB,7
7qtlC,7qtlC,3
8be0C,7qtlC,3
9f37C,7qtlC,3
5gm6I,7qttI,2
7qttI,7qttI,2
7qttJ,7qttJ,1
7qttZ,7qttZ,1
1p4fA,7queB,50
1qpcA,7queB,50
2jamA,7queB,50
2ofvA,7queB,50
2pvfA,7queB,50
2qlqB,7queB,50
3bhyA,7queB,50
3dtcA,7queB,50
3f66B,7queB,50
3kfaA,7queB,50
3lxpA,7queB,50
3m2wA,7queB,50
3qupA,7queB,50
3repA,7queB,50
4at5A,7queB,50
4feqA,7queB,50
4r1vA,7queB,50
4wunA,7queB,50
4z55A,7queB,50
4zsaB,7queB,50
5a9uA,7queB,50
5fwkK,7queB,50
5hhwA,7queB,50
5p9jA,7queB,50
5tc0A,7queB,50
5u6bA,7queB,50
6cz4A,7queB,50
6jqrA,7queB,50
6mweA,7queB,50
6vpmA,7queB,50
6yz4A,7queB,50
7aaxA,7queB,50
7atuC,7queB,50
7duaA,7queB,50
7kp6A,7queB,50
7n9gC,7queB,50
7ng7A,7queB,50
7qhgA,7queB,50
7queA,7queB,50
7queB,7queB,50
7zvsA,7queB,50
8aauL,7queB,50
8kh9A,7queB,50
8pqdA,7queB,50
8s99A,7queB,50
8x2aA,7queB,50
8yp4A,7queB,50
8zkdA,7queB,50
9d1xA,7queB,50
9f32A,7queB,50
6gm5A,7qv7D,5
6ttlA,7qv7D,5
7qv7D,7qv7D,5
8ru6B,7qv7D,5
9gz4A,7qv7D,5
7bkeD,7qv7S,2
7qv7S,7qv7S,2
7qw5A,7qw5A,2
7rfkA,7qw5A,2
1ms9A,7qxoA,6
1n1tA,7qxoA,6
1w8oA,7qxoA,6
6mrvA,7qxoA,6
7qxoA,7qxoA,6
9db6A,7qxoA,6
7qy5B,7qy5B,1
7qzrF,7qzrF,1
7r07A,7r07A,1
5d98A,7r0eA,5
6szuA,7r0eA,5
7r0eA,7r0eA,5
8rn3A,7r0eA,5
8z98A,7r0eA,5
7r0tA,7r0tA,1
7r0wF,7r0wF,1
7r0wG,7r0wG,1
7r3eA,7r3eA,1
5xtci,7r41N,3
7r41N,7r41N,3
7v2hi,7r41N,3
5xtcg,7r41d,3
7r41d,7r41d,3
7v2hg,7r41d,3
5xtca,7r41h,2
7r41h,7r41h,2
6t02A,7r5lA,4
7nh2A,7r5lA,4
7qknA,7r5lA,4
7r5lA,7r5lA,4
2gvnA,7r6bB,13
2wltA,7r6bB,13
4q0mA,7r6bB,13
5dncA,7r6bB,13
5i48A,7r6bB,13
5k4gA,7r6bB,13
5mq5A,7r6bB,13
6nxcA,7r6bB,13
6wz6A,7r6bB,13
7m11D,7r6bB,13
7r6bB,7r6bB,13
8h4cA,7r6bB,13
9ufqA,7r6bB,13
7r70A,7r70A,1
7r7jA,7r7jA,1
7r84A,7r84A,1
7r86D,7r86D,1
7r8pA,7r8pA,1
3h9dB,7ra0A,7
4eoyA,7ra0A,7
6yooA,7ra0A,7
7brnA,7ra0A,7
7gagA,7ra0A,7
7ra0A,7ra0A,7
7zkrA,7ra0A,7
7rahE,7rahE,1
7ravA,7ravA,1
3x0dA,7rbqA,4
4c4aA,7rbqA,4
7rbqA,7rbqA,4
8rbkA,7rbqA,4
7rcxA,7rcxA,1
7rdnA,7rdnA,1
7rftA,7rftA,1
7rg7A,7rg7A,1
1igwA,7rgnA,9
3qm3A,7rgnA,9
5vjeA,7rgnA,9
6lrtA,7rgnA,9
6xppA,7rgnA,9
7cmyC,7rgnA,9
7rbxA,7rgnA,9
7rgnA,7rgnA,9
7v6gA,7rgnA,9
7rhqG,7rhqG,1
1f0lA,7ri3A,3
7ri3A,7ri3A,3
9biwA,7ri3A,3
7kosA,7rkbA,3
7kp2A,7rkbA,3
7rkbA,7rkbA,3
7royA,7royA,1
6tbuA,7rphA,2
7rphA,7rphA,2
7rpyA,7rpyA,1
7rr4A,7rr4A,1
7rr5T,7rr5T,1
2yb1A,7rtyA,4
3o0fA,7rtyA,4
7rtyA,7rtyA,4
9etkA,7rtyA,4
7rvaC,7rvaC,1
7rwsA,7rwsA,1
7ry1A,7ry1A,1
7s00D,7s00F,4
7s00F,7s00F,4
8queD,7s00F,4
9rjsD,7s00F,4
1bp3B,7s2sB,10
3dgcR,7s2sB,10
3elaT,7s2sB,10
4nzdA,7s2sB,10
5eh1A,7s2sB,10
6dg5B,7s2sB,10
6weo7,7s2sB,10
6weoC,7s2sB,10
7s2sB,7s2sB,10
9ezaD,7s2sB,10
7lx0i,7s3dI,3
7s3dI,7s3dI,3
9eysg,7s3dI,3
4xk8J,7s3dj,9
6zzxJ,7s3dj,9
7qcoj,7s3dj,9
7s3dj,7s3dj,9
7xqpJ,7s3dj,9
7ycaJ,7s3dj,9
8vu3j,7s3dj,9
8xlsJ,7s3dj,9
9eysh,7s3dj,9
7s3dm,7s3dm,1
3rgbC,7s4hC,5
7s4hC,7s4hC,5
7s4lC,7s4hC,5
7s4mC,7s4hC,5
9cl6C,7s4hC,5
7s4lB,7s4lB,3
7s4mB,7s4lB,3
7t4pB,7s4lB,3
7s6hA,7s6hA,1
7s6hB,7s6hB,1
7s7cB,7s7cB,1
7s7tA,7s7tA,1
7s9yA,7s9yA,1
7sa3E,7sa3E,1
7sa3F,7sa3F,1
7sa3K,7sa3K,1
7sa4i,7sa4i,2
9no7d,7sa4i,2
4tllB,7saaB,7
7saaB,7saaB,7
7yfhB,7saaB,7
7yfiB,7saaB,7
7yfiD,7saaB,7
8e96B,7saaB,7
9d37D,7saaB,7
7sceA,7sceA,1
7sckA,7sckB,3
7sckB,7sckB,3
8og1A,7sckB,3
3mozA,7sddA,2
7sddA,7sddA,2
7sezA,7sezA,1
1uvqB,7sg2B,6
3qibB,7sg2B,6
4z7vD,7sg2B,6
6bgaB,7sg2B,6
7sg2B,7sg2B,6
7zakB,7sg2B,6
7sgrH,7sgrH,1
7sheA,7sheA,1
7shgA,7shgA,1
1qyyA,7shkL,9
3e6jA,7shkL,9
3ulaA,7shkL,9
4arnB,7shkL,9
4k5uA,7shkL,9
5uf1A,7shkL,9
5ufcA,7shkL,9
7r86A,7shkL,9
7shkL,7shkL,9
7shwA,7shwA,1
3vrpA,7siyA,5
5hkxA,7siyA,5
6bk5A,7siyA,5
7siyA,7siyA,5
8vw5A,7siyA,5
7dxiA,7sj2A,3
7sj2A,7sj2A,3
9bgfA,7sj2A,3
7skuA,7skuA,1
7slvA,7slvA,1
5ifmA,7sp0B,2
7sp0B,7sp0B,2
4g1qA,7sr6A,2
7sr6A,7sr6A,2
7steA,7steA,1
7stmA,7stmA,2
8k52A,7stmA,2
4w78G,7svtB,3
4wnbB,7svtB,3
7svtB,7svtB,3
7sz2A,7sz2A,1
1zarA,7szcA,8
1zthA,7szcA,8
2a19C,7szcA,8
4otpA,7szcA,8
4ww7A,7szcA,8
6dflA,7szcA,8
7szcA,7szcA,8
7vnxA,7szcA,8
1jh7A,7t27A,7
2vfkA,7t27A,7
4ye2A,7t27A,7
5ldqA,7t27A,7
6d31A,7t27A,7
6pglA,7t27A,7
7t27A,7t27A,7
6opnB,7t75B,2
7t75B,7t75B,2
4z3uB,7t7iB,7
4zxsB,7t7iB,7
5d5nB,7t7iB,7
5docA,7t7iB,7
7t7iB,7t7iB,7
7t7iF,7t7iB,7
7t7iJ,7t7iB,7
1xg0A,7t89A,18
1xg0B,7t89A,18
4lm6A,7t89A,18
4lmsA,7t89A,18
4lmsC,7t89A,18
7ssfA,7t89A,18
7sutA,7t89A,18
7sutC,7t89A,18
7t7uA,7t89A,18
7t7uC,7t89A,18
7t89A,7t89A,18
7t8sB,7t89A,18
7t8sD,7t89A,18
7tjaA,7t89A,18
7tjaC,7t89A,18
7tjaG,7t89A,18
8el3A,7t89A,18
8el3C,7t89A,18
7t91A,7t91A,1
7t92A,7t92A,1
7t92B,7t92B,1
7t92C,7t92C,1
5ki9A,7t9rA,3
6cs9A,7t9rA,3
7t9rA,7t9rA,3
6wlw0,7tapC,2
7tapC,7tapC,2
7tbqA,7tbqA,2
7tcdA,7tbqA,2
7tbvA,7tbvA,1
7teaC,7teaC,1
7tfkA,7tfkA,2
7tflA,7tfkA,2
7tgqA,7tgqA,1
1c80A,7thiA,13
1e59A,7thiA,13
1h2fA,7thiA,13
1qhfA,7thiA,13
3c7tA,7thiA,13
3d6aA,7thiA,13
3gp3A,7thiA,13
3oi7A,7thiA,13
4qihA,7thiA,13
6m1xC,7thiA,13
7thiA,7thiA,13
7xb9B,7thiA,13
8u5mA,7thiA,13
7thwA,7thwA,1
7tjhE,7tjhE,1
7to3A,7to3A,1
4kqwA,7tocA,17
4tskA,7tocA,17
4xdyA,7tocA,17
4xdzA,7tocA,17
4xiyA,7tocA,17
4ypoA,7tocA,17
5yeqB,7tocA,17
6aqjA,7tocA,17
6jx2A,7tocA,17
6kqkA,7tocA,17
6l2iA,7tocA,17
7pctA,7tocA,17
7q03A,7tocA,17
7tocA,7tocA,17
8ep7A,7tocA,17
8k32A,7tocA,17
8uppA,7tocA,17
7tohA,7tohA,1
7tomA,7tomA,1
2dqbA,7tu0A,3
7tu0A,7tu0A,3
7u67A,7tu0A,3
2gfoA,7tuoA,30
2vhfA,7tuoA,30
2vhfB,7tuoA,30
2y6eA,7tuoA,30
3i3tA,7tuoA,30
4q8gA,7tuoA,30
5chtA,7tuoA,30
5gviA,7tuoA,30
5k16A,7tuoA,30
5l8hA,7tuoA,30
5n9tA,7tuoA,30
5ngeB,7tuoA,30
5ohkA,7tuoA,30
5txkA,7tuoA,30
5wchA,7tuoA,30
5xveA,7tuoA,30
6iikA,7tuoA,30
6ml1A,7tuoA,30
7ay0B,7tuoA,30
7tuoA,7tuoA,30
7w3rA,7tuoA,30
7zh4D,7tuoA,30
8bs9A,7tuoA,30
8c61A,7tuoA,30
8itnA,7tuoA,30
9f19A,7tuoA,30
9f19B,7tuoA,30
9f6gA,7tuoA,30
9lyfA,7tuoA,30
9n9yB,7tuoA,30
7tvpA,7tvpA,1
7tw9A,7tw9A,1
5n0oA,7twkA,4
5n0pB,7twkA,4
6mjgA,7twkA,4
7twkA,7twkA,4
7txcE,7txcE,1
7tyvA,7tyvA,1
7u0lB,7u0lB,1
3pt1A,7u1yA,4
6umqA,7u1yA,4
7u1yA,7u1yA,4
8tkzB,7u1yA,4
7txeA,7u2vA,2
7u2vA,7u2vA,2
7u3jA,7u3jA,1
6za0A,7u5qA,3
7u5qA,7u5qA,3
7xp1A,7u5qA,3
4heiA,7u66G,2
7u66G,7u66G,2
4o6yA,7u8gA,4
5zleA,7u8gA,4
6y9bA,7u8gA,4
7u8gA,7u8gA,4
2e3nA,7u9dA,4
3fo5A,7u9dA,4
3qszA,7u9dA,4
7u9dA,7u9dA,4
4gwmA,7uafA,3
7uabA,7uafA,3
7uafA,7uafA,3
7ubaA,7ubaA,2
8cwwP,7ubaA,2
7ubjA,7ubjA,1
7ubnQ,7ubnQ,1
7ubzB,7ubzB,1
6b3aA,7uciA,3
7uciA,7uciA,3
7uclA,7uciA,3
5yk0A,7udqA,3
7cz2A,7udqA,3
7udqA,7udqA,3
6m32B,7uebB,3
7uebB,7uebB,3
7z6qB,7uebB,3
7uebc,7uebc,2
7z6qc,7uebc,2
7uhyA,7uhyA,2
8adlB,7uhyA,2
7uhyC,7uhyC,2
8adlA,7uhyC,2
7uhyD,7uhyD,1
7ui4A,7ui4A,1
7ukhA,7ukhA,1
7ulcA,7ulcA,2
8dl3A,7ulcA,2
7uldA,7uldA,1
7un8A,7un8A,1
7un9H,7un9H,1
7uniA,7uniA,1
4kjzA,7unrx,6
4ncfA,7unrx,6
4nclA,7unrx,6
7unrx,7unrx,6
7yznA,7unrx,6
9g5e7,7unrx,6
5wdt3,7unw7,4
7unw7,7unw7,4
8p2f8,7unw7,4
9no78,7unw7,4
7uo8A,7uo8A,1
7uooI,7uooI,1
7uoou,7uoou,1
7puyA,7uovA,2
7uovA,7uovA,2
7upnC,7upnC,1
7urgA,7urgA,1
6rwmA,7usfA,6
6voyA,7usfA,6
7jn3A,7usfA,6
7u32A,7usfA,6
7usfA,7usfA,6
9c9mA,7usfA,6
7uslC,7uslC,1
7usxA,7usxA,2
8tkpD,7usxA,2
7utdQ,7utdQ,1
2bk9A,7uteA,8
2c0kA,7uteA,8
2vebA,7uteA,8
2w31A,7uteA,8
4zvaA,7uteA,8
5ohfA,7uteA,8
7uteA,7uteA,8
8h17A,7uteA,8
7uujA,7uujA,1
7uvzR,7uvzR,3
8g7pU,7uvzR,3
9no7W,7uvzR,3
7uw1W,7uw1W,2
9no71,7uw1W,2
7uwvA,7uwwA,2
7uwwA,7uwwA,2
7uy5I,7uy5I,1
7v1xA,7v1xA,2
8ah3A,7v1xA,2
7v2hj,7v2kj,2
7v2kj,7v2kj,2
7v31n,7v31n,1
7v3vI,7v3vI,1
7v6pA,7v6pA,1
7v7wB,7v7wB,2
7w80B,7v7wB,2
7arjC,7v8lE,3
7v8lE,7v8lE,3
7w78B,7v8lE,3
7vboA,7vboA,1
7vc0V,7vc0V,1
7vcfT,7vcfT,1
7vcnA,7vcnA,1
7vcnC,7vcnC,1
7vd5I,7vd5I,1
7vd5W,7vd5W,2
8iwhw,7vd5W,2
7vd5x,7vd5x,1
7vd5y,7vd5y,1
7vdvA,7vdvA,7
7zi4G,7vdvA,7
8oopG,7vdvA,7
8qyvM,7vdvA,7
8x19I,7vdvA,7
9b1dA,7vdvA,7
9ca7A,7vdvA,7
2qo3A,7vefA,7
4mz0A,7vefA,7
5my2D,7vefA,7
7s6cB,7vefA,7
7vefA,7vefA,7
8cuyA,7vefA,7
9ctiA,7vefA,7
5b16A,7vg2A,4
7vg2A,7vg2A,4
7xw2A,7vg2A,4
9asmA,7vg2A,4
7vgmA,7vgmA,1
1kwgA,7vkxA,10
3ttyA,7vkxA,10
4oifA,7vkxA,10
4ucfA,7vkxA,10
4uozA,7vkxA,10
5e9aA,7vkxA,10
5gsmA,7vkxA,10
6lvwA,7vkxA,10
7vkxA,7vkxA,10
8ibsA,7vkxA,10
7vlmA,7vlmA,1
7dyrB,7vlyC,4
7vlyC,7vlyC,4
7xtgD,7vlyC,4
8hfsY,7vlyC,4
7vlzA,7vlzA,2
8jt1A,7vlzA,2
7vmxA,7vmxA,1
7vnyY,7vnyY,1
1r30A,7vobC,22
1tv8A,7vobC,22
3t7vA,7vobC,22
4rtbA,7vobC,22
4wcxA,7vobC,22
5fewA,7vobC,22
6c8vA,7vobC,22
6efnA,7vobC,22
6htoA,7vobC,22
6q2pA,7vobC,22
6xigA,7vobC,22
6y1xA,7vobC,22
7bi7A,7vobC,22
7n7hA,7vobC,22
7pd1A,7vobC,22
7vobC,7vobC,22
8ai4A,7vobC,22
8vcwA,7vobC,22
8vdwA,7vobC,22
8wm2A,7vobC,22
9dfnA,7vobC,22
9dfwA,7vobC,22
7vor1,7vor1,1
7vor2,7vor2,1
7vorx,7vorx,1
7vprA,7vpuA,2
7vpuA,7vpuA,2
7vpxB,7vpxB,1
2mkdA,7vpxN,3
2mknA,7vpxN,3
7vpxN,7vpxN,3
2zl7A,7vs9A,24
3astA,7vs9A,24
3pvdA,7vs9A,24
3q39A,7vs9A,24
3r6kA,7vs9A,24
4p25A,7vs9A,24
4rdlA,7vs9A,24
4rm0A,7vs9A,24
4x06A,7vs9A,24
4x1zA,7vs9A,24
5e6tB,7vs9A,24
5lkkA,7vs9A,24
6e48A,7vs9A,24
6gw0A,7vs9A,24
6gw4A,7vs9A,24
6is5A,7vs9A,24
6jynA,7vs9A,24
7eqtA,7vs9A,24
7er1A,7vs9A,24
7vs9A,7vs9A,24
7yqgA,7vs9A,24
9dqcA,7vs9A,24
9oltA,7vs9A,24
9oluA,7vs9A,24
7vspA,7vspA,2
7wsjA,7vspA,2
2y2xA,7vu2A,9
4fmsA,7vu2A,9
4ft6A,7vu2A,9
5dl7A,7vu2A,9
5dl8A,7vu2A,9
5ldvA,7vu2A,9
7vu0A,7vu2A,9
7vu2A,7vu2A,9
8rqpA,7vu2A,9
7vukA,7vukA,2
7vukB,7vukA,2
1f55A,7vurA,28
1fw4A,7vurA,28
1g33A,7vurA,28
1h4bA,7vurA,28
1jc2A,7vurA,28
1sw8A,7vurA,28
2hf5A,7vurA,28
2k7dA,7vurA,28
2m28A,7vurA,28
2m5eA,7vurA,28
2m7nA,7vurA,28
2pmyA,7vurA,28
2ro9A,7vurA,28
2robA,7vurA,28
2vrgA,7vurA,28
3ifkA,7vurA,28
3rv5B,7vurA,28
3tz1A,7vurA,28
4jwqA,7vurA,28
4ygbB,7vurA,28
4ygcF,7vurA,28
5otjC,7vurA,28
6pawC,7vurA,28
6psdA,7vurA,28
6xu4E,7vurA,28
7vurA,7vurA,28
8ebtJ,7vurA,28
9o51E,7vurA,28
7vvwA,7vvwA,1
3acxA,7vwtA,9
3leeF,7vwtA,9
3vj9A,7vwtA,9
3wcaA,7vwtA,9
5iysA,7vwtA,9
7vwsA,7vwtA,9
7vwtA,7vwtA,9
7wghA,7vwtA,9
8is9A,7vwtA,9
7vy3B,7vy3B,1
7vy3Y,7vy3Y,1
7vy3Z,7vy3Z,1
7vzrC,7vzrC,1
7vzrE,7vzrE,1
7vzrc,7vzrc,1
7vzrf,7vzrf,1
7vzrg,7vzrg,1
7w12A,7w12A,1
4ru4A,7w1eA,5
4ru5A,7w1eA,5
4urrA,7w1eA,5
4y9vA,7w1eA,5
7w1eA,7w1eA,5
5hk1A,7w2dJ,3
7w2dJ,7w2dJ,3
8w4bA,7w2dJ,3
2fpdC,7w30D,8
2p4tA,7w30D,8
4a4fA,7w30D,8
5yj8A,7w30D,8
6l1pA,7w30D,8
7w2pA,7w30D,8
7w30D,7w30D,8
8h43A,7w30D,8
7w3eK,7w3eK,1
7w54A,7w54A,1
7vpnA,7w5pA,2
7w5pA,7w5pA,2
7w5zm,7w5zm,1
7w64A,7w64A,1
7w6bA,7w6bA,1
7w7hA,7w7hA,1
7w81A,7w81A,1
7o4fA,7w86A,2
7w86A,7w86A,2
7w8jA,7w8jA,1
7w9kB,7w9kB,1
7wg3I,7wg3I,1
7whfC,7whfC,1
7whgG,7whgG,1
1bk4A,7wjvA,13
1inpA,7wjvA,13
1ka1A,7wjvA,13
1nuwA,7wjvA,13
2q8mA,7wjvA,13
4he2A,7wjvA,13
4o7iA,7wjvA,13
5et8A,7wjvA,13
5ofuA,7wjvA,13
7kioA,7wjvA,13
7ns5A,7wjvA,13
7wjvA,7wjvA,13
8f9yA,7wjvA,13
4bwzA,7wkwA,10
7dswA,7wkwA,10
7p1kA,7wkwA,10
7qp9A,7wkwA,10
7wkwA,7wkwA,10
7x2uA,7wkwA,10
7y9vA,7wkwA,10
8j2mA,7wkwA,10
8pvrA,7wkwA,10
9quwA,7wkwA,10
7wldG,7wldG,1
7wldS,7wldS,1
6sniX,7wldU,3
7wldU,7wldU,3
9dm5A,7wldU,3
3dzyA,7wnhA,9
3dzyD,7wnhA,9
3ilzA,7wnhA,9
4nqaB,7wnhA,9
5uanA,7wnhA,9
5uanB,7wnhA,9
7prwA,7wnhA,9
7qdtA,7wnhA,9
7wnhA,7wnhA,9
6tm2A,7wppE,4
7wppE,7wppE,4
8oerA,7wppE,4
9gvjA,7wppE,4
7wr3A,7wr3A,1
7wrgA,7wrgA,1
7wstA,7wstA,1
7wuxC,7wuxC,2
7yn3A,7wuxC,2
5ujcA,7wuzA,2
7wuzA,7wuzA,2
4j7qA,7wvtA,6
4omjA,7wvtA,6
6sldA,7wvtA,6
7wvtA,7wvtA,6
7y11A,7wvtA,6
7zg9A,7wvtA,6
7wwbA,7wwbA,1
7wwcA,7wwcA,1
6cddA,7wwpA,3
6jwjA,7wwpA,3
7wwpA,7wwpA,3
7wytE,7wytE,1
7wyuE,7wyuE,1
7wzbA,7wzbA,1
7wzvA,7wzvA,1
7fghA,7x01A,2
7x01A,7x01A,2
7v0kO,7x1jA,3
7x1jA,7x1jA,3
8gvhA,7x1jA,3
7x6fB,7x6fB,1
7x6vB,7x6vB,1
2dioB,7x81A,12
4h69A,7x81A,12
4h6bA,7x81A,12
5bu3A,7x81A,12
5k21A,7x81A,12
5lalA,7x81A,12
7pxoA,7x81A,12
7x81A,7x81A,12
7ywfA,7x81A,12
8of7A,7x81A,12
8of7B,7x81A,12
9m2yA,7x81A,12
3venA,7xb6A,3
7vyjA,7xb6A,3
7xb6A,7xb6A,3
1fukA,7xc4A,28
2bfqA,7xc4A,28
2favB,7xc4A,28
2rb4A,7xc4A,28
3ew5A,7xc4A,28
3ewpA,7xc4A,28
3ewrA,7xc4A,28
3gqoA,7xc4A,28
3iidA,7xc4A,28
3q6zA,7xc4A,28
3v2bA,7xc4A,28
4j5rA,7xc4A,28
4jllA,7xc4A,28
5cb3A,7xc4A,28
5dusA,7xc4A,28
5lauA,7xc4A,28
5m3eA,7xc4A,28
5o2dA,7xc4A,28
5qhtA,7xc4A,28
6lftA,7xc4A,28
6meaA,7xc4A,28
6r0rA,7xc4A,28
7h6zA,7xc4A,28
7ny7A,7xc4A,28
7tx0A,7xc4A,28
7xc4A,7xc4A,28
8p0eA,7xc4A,28
9qyfA,7xc4A,28
7xcaA,7xcaA,2
9cp0A,7xcaA,2
7xezA,7xezA,1
7xftA,7xftA,1
7xgaA,7xgaA,1
7xhtA,7xhtA,1
7xjvA,7xjvA,1
4q46A,7xmeB,3
6euwA,7xmeB,3
7xmeB,7xmeB,3
7xmwA,7xmwA,1
7xn2A,7xn2A,1
7wr5A,7xn5B,2
7xn5B,7xn5B,2
3h7hA,7xn7V,2
7xn7V,7xn7V,2
7xogB,7xogB,1
7xoiA,7xoiA,1
7xoiB,7xoiB,1
7xptA,7xptA,1
7xpyA,7xpyA,1
7xqlA,7xqlA,1
6l4uI,7xqpI,10
6zzxI,7xqpI,10
7xqpI,7xqpI,10
7y7bI,7xqpI,10
7ycaI,7xqpI,10
8weyI,7xqpI,10
8wm6I,7xqpI,10
8xlsI,7xqpI,10
9kc5I,7xqpI,10
9kqpI,7xqpI,10
7xqpM,7xqpM,1
7xr7A,7xr7A,1
7xt2A,7xt2A,2
7xv2A,7xt2A,2
6z5s2,7xxf0,8
7oy81,7xxf0,8
7xxf0,7xxf0,8
8k5o1,7xxf0,8
8k5o4,7xxf0,8
8z810,7xxf0,8
8z814,7xxf0,8
8zjwa,7xxf0,8
7xzhA,7xzhA,1
7xzi5,7xzi5,1
7xziB,7xziB,1
7xziD,7xziD,1
4iokA,7xzoA,2
7xzoA,7xzoA,2
3ebeA,7y01A,2
7y01A,7y01A,2
1hwpA,7y07A,19
1j1rA,7y07A,19
1lpcA,7y07A,19
1m2tA,7y07A,19
1mrjA,7y07A,19
1qciA,7y07A,19
1tfmA,7y07A,19
2pqjA,7y07A,19
2qesA,7y07A,19
3bwhA,7y07A,19
3hiwA,7y07A,19
3ku0A,7y07A,19
3le7A,7y07A,19
4fbcA,7y07A,19
5z3iA,7y07A,19
6lozA,7y07A,19
7vhfA,7y07A,19
7y07A,7y07A,19
8cx8A,7y07A,19
6kd5A,7y0eA,3
7y0eA,7y0eA,3
8v1fC,7y0eA,3
6am3A,7y1pB,3
7sr2A,7y1pB,3
7y1pB,7y1pB,3
3q3hA,7y4iA,7
5a01A,7y4iA,7
5npsA,7y4iA,7
7y4iA,7y4iA,7
7yehA,7y4iA,7
8dtiA,7y4iA,7
8p0oA,7y4iA,7
7y4rB,7y4rB,1
7y7b8,7y7b8,4
8wm6h,7y7b8,4
8xls1,7y7b8,4
9kc51,7y7b8,4
7pi0X,7y7bM,2
7y7bM,7y7bM,2
7y7bZ,7y7bZ,2
8wm6s,7y7bZ,2
7y7lA,7y7lA,1
7y7qA,7y7qA,1
7yabA,7yabA,1
6igzH,7ycaH,10
6zzxH,7ycaH,10
7dkzH,7ycaH,10
7dz7H,7ycaH,10
7xqpH,7ycaH,10
7ycaH,7ycaH,10
8bcwH,7ycaH,10
8j6zH,7ycaH,10
8wghH,7ycaH,10
9kqpH,7ycaH,10
7ye1G,7ye1G,1
7yetA,7yetA,1
7yezH,7yezH,1
7yf2A,7yf2A,1
4tllA,7yfhA,3
7saaA,7yfhA,3
7yfhA,7yfhA,3
7yh2A,7yh3A,2
7yh3A,7yh3A,2
7yh5A,7yh5A,1
7yhpA,7yhpA,1
7yiaA,7yiaA,1
7yidA,7yidA,1
7of6C,7yla6,4
7yla6,7yla6,4
8a57D,7yla6,4
8vr44,7yla6,4
3iuuA,7ylqA,2
7ylqA,7ylqA,2
4mixA,7ym5A,5
5h62A,7ym5A,5
6aciA,7ym5A,5
6eytA,7ym5A,5
7ym5A,7ym5A,5
7ymif,7ymif,1
7ymii,7ymii,1
7ymik,7ymik,1
7ymlZ,7ymlZ,1
1u5kA,7ymoA,3
4jcvE,7ymoA,3
7ymoA,7ymoA,3
7ynfA,7ynfA,2
9o4bA,7ynfA,2
7ynxA,7ynxA,1
7yopA,7yopA,1
7yq2y,7yq2y,1
1pp9E,7yr9A,17
1rieA,7yr9A,17
2nwfA,7yr9A,17
2qjyC,7yr9A,17
2yiuC,7yr9A,17
3cx5E,7yr9A,17
3tguE,7yr9A,17
6klvA,7yr9A,17
6xi0E,7yr9A,17
7rjaC,7yr9A,17
7rjbE,7yr9A,17
7yr9A,7yr9A,17
8abeP,7yr9A,17
8belD,7yr9A,17
8q1bE,7yr9A,17
8smrC,7yr9A,17
9gs2H,7yr9A,17
5vanA,7yshA,2
7yshA,7yshA,2
2pptA,7ysiA,6
3p2aA,7ysiA,6
6dnlA,7ysiA,6
7d6lA,7ysiA,6
7rzbA,7ysiA,6
7ysiA,7ysiA,6
7yuiB,7yuiB,2
8eazA,7yuiB,2
7yujA,7yujA,1
7yulA,7yulA,1
6e3aA,7yw2A,5
7yw2A,7yw2A,5
7yw3A,7yw2A,5
8tfyA,7yw2A,5
8tg4A,7yw2A,5
7yw4A,7yw4A,1
7yzkA,7yzkA,1
2p9iB,7yzmE,5
6f95A,7yzmE,5
7x56A,7yzmE,5
7yzmE,7yzmE,5
7z8iF,7yzmE,5
7z0hI,7z0hI,1
7z0sG,7z0sG,1
7z0sF,7z0tF,2
7z0tF,7z0tF,2
7z36A,7z36A,1
7z5hA,7z5hA,1
7z67A,7z67A,1
7z6eA,7z6eA,1
7z7hF,7z7hF,1
6khiK,7z7vB,6
7p61B,7z7vB,6
7wg5K,7z7vB,6
7z7vB,7z7vB,6
7zciB,7z7vB,6
9grxK,7z7vB,6
7z8mY,7z8mY,2
9b85K,7z8mY,2
7z8nA,7z8nA,1
7z9cB,7z9cB,1
7zag7,7zag7,1
1uvqA,7zakA,4
5ks9C,7zakA,4
7apzA,7zakA,4
7zakA,7zakA,4
7o1rA,7zbpA,5
7zbpA,7zbpA,5
7zclA,7zbpA,5
7znvA,7zbpA,5
8iagA,7zbpA,5
4bu2A,7zccA,6
4bxfA,7zccA,6
4cckA,7zccA,6
4cswA,7zccA,6
4litA,7zccA,6
7zccA,7zccA,6
7zcuB,7zcuB,1
7zcuS,7zcuS,1
6q53A,7ze3A,3
7zcuA,7ze3A,3
7ze3A,7ze3A,3
7zgrB,7zgrB,1
7zgyA,7zgyA,1
7zhgP,7zhgP,7
8auvV,7zhgP,7
8ccs5,7zhgP,7
8r57d,7zhgP,7
9fhlP,7zhgP,7
9g6je,7zhgP,7
9npyd,7zhgP,7
6tmfY,7zhgW,3
7zhgW,7zhgW,3
9fhlW,7zhgW,3
7zhmA,7zhmA,1
7zhmC,7zhmC,1
7zi4R,7zi4R,1
7zjmB,7zjmB,1
7zkpg,7zkpg,1
7zkqT,7zkqT,1
5xpdA,7zkwA,2
7zkwA,7zkwA,2
7zlmA,7zlmA,1
3rkoB,7zmg4,27
3rkoC,7zmg4,27
5lnkL,7zmg4,27
5xtcr,7zmg4,27
6l7oB,7zmg4,27
6l7oD,7zmg4,27
6l7oF,7zmg4,27
6rfr5,7zmg4,27
6tjvF,7zmg4,27
6y794,7zmg4,27
7o712,7zmg4,27
7tgh5,7zmg4,27
7v2hl,7zmg4,27
7v2hr,7zmg4,27
7zmg2,7zmg4,27
7zmg4,7zmg4,27
7zmg5,7zmg4,27
8bpxL,7zmg4,27
8bpxM,7zmg4,27
8bpxN,7zmg4,27
8e9gL,7zmg4,27
8e9gM,7zmg4,27
8q48M,7zmg4,27
8qbyL,7zmg4,27
8qbyM,7zmg4,27
8qbyN,7zmg4,27
9grxF,7zmg4,27
3i9v2,7zmgH,11
6zk92,7zmgH,11
7a23B,7zmgH,11
7arcE,7zmgH,11
7o71H,7zmgH,11
7zmgH,7zmgH,11
8b9zE,7zmgH,11
8bedE,7zmgH,11
8e9gE,7zmgH,11
8qbyE,7zmgH,11
9f5yA,7zmgH,11
7zmgc,7zmgc,1
7o71j,7zmgj,2
7zmgj,7zmgj,2
7zn7B,7zn7B,1
7zokA,7zokA,1
7zpfA,7zpfA,1
4rkuG,7zqcK,24
4y28G,7zqcK,24
5zjiG,7zqcK,24
6igzK,7zqcK,24
6sl5G,7zqcK,24
6sl5K,7zqcK,24
6zzxG,7zqcK,24
6zzxK,7zqcK,24
7dkzG,7zqcK,24
7xqpG,7zqcK,24
7ycaG,7zqcK,24
7ycaK,7zqcK,24
7zq9G,7zqcK,24
7zqcG,7zqcK,24
7zqcK,7zqcK,24
8bcvG,7zqcK,24
8bcvK,7zqcK,24
8cmoG,7zqcK,24
8h2uG,7zqcK,24
8wghK,7zqcK,24
9kqpG,7zqcK,24
9kqpK,7zqcK,24
9mh1G,7zqcK,24
9mh1K,7zqcK,24
5goxA,7zqyA,2
7zqyA,7zqyA,2
7zs2A,7zs2A,1
7zvaA,7zvaA,1
7zvbA,7zvbA,1
7zvjA,7zvjA,1
7zwdb,7zwdb,1
1o4tA,7zybA,22
2fqpA,7zybA,22
2pa7A,7zybA,22
3h50A,7zybA,22
3lagA,7zybA,22
4h7lA,7zybA,22
4zu4A,7zybA,22
4zu5B,7zybA,22
5onnA,7zybA,22
5oo9A,7zybA,22
5tg0A,7zybA,22
5tpuA,7zybA,22
5tpvA,7zybA,22
5uqpA,7zybA,22
6b8wB,7zybA,22
6j4bA,7zybA,22
7euzA,7zybA,22
7n67A,7zybA,22
7zvmA,7zybA,22
7zvyA,7zybA,22
7zybA,7zybA,22
9bwhA,7zybA,22
3zuxA,7zyiA,3
6lgvA,7zyiA,3
7zyiA,7zyiA,3
3e90C,7zysA,2
7zysA,7zysA,2
8a0mB,8a0mB,1
8a1dA,8a1dA,1
8a28A,8a28A,1
4j1qA,8a30A,7
5ktkA,8a30A,7
6k8tA,8a30A,7
6k8wA,8a30A,7
8a30A,8a30A,7
8hi5A,8a30A,7
8hi6A,8a30A,7
8a3tU,8a3tU,1
8a3uA,8a3uA,1
1vq8Y,8a3wf,4
8a3wf,8a3wf,4
8agxR,8a3wf,4
8jdkj,8a3wf,4
8a47C,8a47C,1
8a7dC,8a7dC,2
8sl1A,8a7dC,2
8a7dQ,8a7dQ,1
3al5B,8a82A,6
4qu2A,8a82A,6
5nfoA,8a82A,6
7a1qA,8a82A,6
7yxgA,8a82A,6
8a82A,8a82A,6
1r6xA,8a8gA,6
1v47A,8a8gA,6
2qjfA,8a8gA,6
4mafA,8a8gA,6
7fh3A,8a8gA,6
8a8gA,8a8gA,6
4jo0A,8a90A,2
8a90A,8a90A,2
8aa2G,8aa2G,1
8aajA,8aajA,1
1l1oC,8aasA,4
3u50C,8aasA,4
7uy6D,8aasA,4
8aasA,8aasA,4
8abtA,8abtA,2
8abvA,8abtA,2
2j7qA,8adbA,2
8adbA,8adbA,2
8adlC,8adlC,1
8aezA,8aezA,1
6h6oA,8af3A,2
8af3A,8af3A,2
6s7oD,8agbD,2
8agbD,8agbD,2
8ageB,8ageB,1
6s7oC,8ageC,2
8ageC,8ageC,2
6s7oG,8ageG,2
8ageG,8ageG,2
8a1wD,8ahxA,6
8a1wE,8ahxA,6
8ahxA,8ahxA,6
8ahxE,8ahxA,6
9erkA,8ahxA,6
9erkE,8ahxA,6
8ahxB,8ahxB,1
8ahxC,8ahxC,2
9erkC,8ahxC,2
8a1wB,8ahxD,4
8ahxD,8ahxD,4
8rbqD,8ahxD,4
9erkD,8ahxD,4
8ajqA,8ajqA,1
8ajyA,8ajyA,1
1dgsA,8ak4A,2
8ak4A,8ak4A,2
8akr0,8akr0,1
8alzA,8alzA,1
8am5E,8am5E,2
8aslE,8am5E,2
8amyA,8amyA,1
8anvA,8anvA,1
8aolA,8aolA,1
5oh8C,8aoqC,3
8aopC,8aoqC,3
8aoqC,8aoqC,3
8ap7e,8ap7e,1
8ap7q,8ap7q,1
8aq2A,8aq2A,2
8q2pA,8aq2A,2
3ia8A,8aq6A,4
6r3wA,8aq6A,4
7bbmA,8aq6A,4
8aq6A,8aq6A,4
8aq9A,8aq9A,1
7nywA,8as8A,2
8as8A,8as8A,2
8attB,8attB,1
8au6A,8au6A,1
8avtA,8avtA,1
8aw33,8aw33,1
6a2jA,8aw5A,2
8aw5A,8aw5A,2
8axiA,8axiA,1
3jrsC,8ayaA,20
3kdjA,8ayaA,20
3ojiA,8ayaA,20
3w9rA,8ayaA,20
4c94A,8ayaA,20
4jhgA,8ayaA,20
4oicA,8ayaA,20
5e4bA,8ayaA,20
5i8fA,8ayaA,20
5ujvA,8ayaA,20
5ur4A,8ayaA,20
6ipwA,8ayaA,20
6rp3A,8ayaA,20
6v8mA,8ayaA,20
7mlcA,8ayaA,20
7zvrA,8ayaA,20
8ayaA,8ayaA,20
8h3jA,8ayaA,20
9gnlA,8ayaA,20
9qk5A,8ayaA,20
8ayhB,8ayhB,1
8ayrA,8ayrA,1
1jj22,8azwZ,9
6qikl,8azwZ,9
7pwgo,8azwZ,9
8a3di,8azwZ,9
8azwZ,8azwZ,9
8ccsa,8azwZ,9
8ovjp,8azwZ,9
9axu0,8azwZ,9
9j9hi,8azwZ,9
2hnfA,8b0vA,2
8b0vA,8b0vA,2
8b1nA,8b1nA,1
8b1sA,8b1sA,1
8b2gA,8b2gA,1
8b2hA,8b2hA,1
4av3A,8b37A,3
6afwA,8b37A,3
8b37A,8b37A,3
8b4iC,8b4iC,1
8b4iG,8b4iG,1
8b5wA,8b5wA,1
8b64R,8b64R,1
8b64X,8b64X,1
6z5sA,8b64o,4
8b64b,8b64o,4
8b64o,8b64o,4
8b64r,8b64o,4
8b6je,8b6je,1
8b6qA,8b6sA,3
8b6sA,8b6sA,3
9v59A,8b6sA,3
2qp2A,8b6uA,2
8b6uA,8b6uA,2
8b7y5,8b7y5,1
6zk9g,8b9zW,6
7o71P,8b9zW,6
7zmgP,8b9zW,6
8b9zW,8b9zW,6
8beeW,8b9zW,6
8bpxW,8b9zW,6
8badA,8badA,1
6jlhA,8banC,3
8banC,8banC,3
8bavC,8banC,3
8barA,8barA,1
8bauA,8bauA,1
8bbjC,8bbjC,1
8bbtA,8bbtA,1
5oc9A,8bc1A,11
6bgiA,8bc1A,11
6p46A,8bc1A,11
6p48A,8bc1A,11
6qpcA,8bc1A,11
7rxgA,8bc1A,11
7zk3A,8bc1A,11
8b8qA,8bc1A,11
8bc1A,8bc1A,11
8toiA,8bc1A,11
8xlrA,8bc1A,11
8bc8J,8bc8J,1
8bcwI,8bcwI,1
8bd3F,8bd3F,1
7pi0k,8bd3k,2
8bd3k,8bd3k,2
8bd3m,8bd3m,1
6kacw,8bd3w,3
8bd3w,8bd3w,3
8c29w,8bd3w,3
8befL,8befL,1
8befM,8befM,1
8befZ,8befZ,1
8begA,8begA,1
8bgjA,8bgjA,1
3ayfA,8bgwA,3
8bgwA,8bgwA,3
8zgpA,8bgwA,3
3wmtA,8bhhA,5
6g21A,8bhhA,5
6qz3A,8bhhA,5
7k4oA,8bhhA,5
8bhhA,8bhhA,5
6b2eB,8bikB,2
8bikB,8bikB,2
1q6iA,8bjdA,2
8bjdA,8bjdA,2
3uf8A,8bk4A,4
4mspA,8bk4A,4
8bk4A,8bk4A,4
8xi9A,8bk4A,4
8blwB,8blwB,1
5ftbA,8bnsA,7
5o6bA,8bnsA,7
6hphA,8bnsA,7
6s3oA,8bnsA,7
7otjA,8bnsA,7
8bnsA,8bnsA,7
8bnvA,8bnsA,7
8bobC,8bobC,1
8bozA,8bozA,1
7umta,8bp8E,3
8bp8E,8bp8E,3
9c1g0,8bp8E,3
8bpbC,8bpbC,1
1eceA,8bpdA,24
1h4pA,8bpdA,24
1uz4A,8bpdA,24
2jeqA,8bpdA,24
3aysA,8bpdA,24
3ndzA,8bpdA,24
4m82A,8bpdA,24
4tufA,8bpdA,24
4u5iA,8bpdA,24
4w88A,8bpdA,24
4w8bA,8bpdA,24
4yhgA,8bpdA,24
5d9oA,8bpdA,24
5h4rA,8bpdA,24
6gl0A,8bpdA,24
6m8nA,8bpdA,24
6o1jA,8bpdA,24
6wqvA,8bpdA,24
8bpdA,8bpdA,24
8ghyA,8bpdA,24
8oz1A,8bpdA,24
8p1sA,8bpdA,24
8z2yA,8bpdA,24
9bmkA,8bpdA,24
1vddA,8bprF,7
3vdpA,8bprF,7
5z2vA,8bprF,7
5zvqA,8bprF,7
8bprD,8bprF,7
8bprF,8bprF,7
8k3fA,8bprF,7
8bpxA,8bpxA,1
8bpxX,8bpxX,1
8bpxZ,8bpxZ,1
8bqeA,8bqeA,1
1k90A,8br1B,4
1zotA,8br1B,4
7p1gK,8br1B,4
8br1B,8br1B,4
8brpA,8brpA,1
7qfiB,8bt9A,2
8bt9A,8bt9A,2
8btjA,8btjA,1
8btpA,8btpA,1
8btyA,8btyA,1
8buxA,8buxA,1
8buzA,8buzA,1
8bwlC,8bwlC,1
8c05A,8c05A,1
8c06A,8c06A,1
6xz1A,8c07B,8
8c07B,8c07B,8
8ei4A,8c07B,8
8ei7A,8c07B,8
9b5bC,8c07B,8
9fshA,8c07B,8
9fsjA,8c07B,8
9h9oA,8c07B,8
8c18A,8c18A,1
5xnlh,8c29H,10
7n8oh,8c29H,10
7vd5H,8c29H,10
7ymiH,8c29H,10
8bd3H,8c29H,10
8c29H,8c29H,10
8iwhh,8c29H,10
8wb4H,8c29H,10
9evxH,8c29H,10
9kqbH,8c29H,10
8c29k,8c29k,1
8c29t,8c29t,1
8c3aJ,8c3aJ,1
8c3ai,8c3ai,1
3ccrB,8c3ak,4
8agxk,8c3ak,4
8c3ak,8c3ak,4
8jdkH,8c3ak,4
6lsra,8c3az,3
8c3az,8c3az,3
8p85z,8c3az,3
5amiC,8c3hC,4
6r13C,8c3hC,4
8bc6C,8c3hC,4
8c3hC,8c3hC,4
8c3jC,8c3jC,1
8c3wA,8c3wA,2
8s6pA,8c3wA,2
8c60C,8c60C,1
1n0uA,8c6jC,11
6u43A,8c6jC,11
7oldC,8c6jC,11
8bsia,8c6jC,11
8c6jC,8c6jC,11
8q87A,8c6jC,11
8ro0C,8c6jC,11
8xi2C,8c6jC,11
9dtrC,8c6jC,11
9esiB,8c6jC,11
9l5rC,8c6jC,11
8c6jM,8c6jM,3
8ro0O,8c6jM,3
8xi2O,8c6jM,3
8c6vD,8c6vD,1
8c73A,8c73A,2
8jbsA,8c73A,2
8c8jA,8c8jA,1
8cavA,8cavA,3
8samA,8cavA,3
8wgoA,8cavA,3
8cd0A,8cd0A,1
7a0sM,8cd1P,4
7pjsP,8cd1P,4
8cd1P,8cd1P,4
9no7T,8cd1P,4
8cdr8,8cdr8,1
8ce3A,8ce3A,1
5hccA,8cemB,3
8ayhA,8cemB,3
8cemB,8cemB,3
2vqeL,8cgjL,2
8cgjL,8cgjL,2
4wceJ,8cgkl,6
6ywsK,8cgkl,6
7a0sJ,8cgkl,6
8cgkl,8cgkl,6
9b1yi,8cgkl,6
9no7Q,8cgkl,6
7kczF,8chaA,3
8chaA,8chaA,3
8k7rA,8chaA,3
8ckgA,8ckgA,2
8ckkA,8ckgA,2
8cliB,8cliB,1
8cmo2,8cmo2,1
8cn6C,8cn6C,1
5lktA,8cnbA,4
7ss8A,8cnbA,4
7vhzA,8cnbA,4
8cnbA,8cnbA,4
6b2mA,8cp3A,2
8cp3A,8cp3A,2
8cq7I,8cq7I,1
5tbwy,8cq7y,4
6az3P,8cq7y,4
8cq7y,8cq7y,4
8jdkV,8cq7y,4
7e5aA,8cqbA,2
8cqbA,8cqbA,2
6zmwd,8creV,3
8creV,8creV,3
8p9aU,8creV,3
8cs9b,8cs9b,1
2vqeB,8cssB,6
7pnuB,8cssB,6
8cssB,8cssB,6
8d8lB,8cssB,6
8uu8b,8cssB,6
9q87B,8cssB,6
8cssL,8cssL,1
8cssP,8cssP,1
7pnuT,8cssT,2
8cssT,8cssT,2
8cszD,8cszD,2
9nvuP,8cszD,2
2jk5C,8ctsB,6
2q67A,8ctsB,6
4r8cA,8ctsB,6
4x89B,8ctsB,6
5cbgA,8ctsB,6
8ctsB,8ctsB,6
4v9fL,8cvmk,6
7m4yK,8cvmk,6
7unrN,8cvmk,6
8cvmk,8cvmk,6
9morL,8cvmk,6
9no7P,8cvmk,6
8cwtB,8cwtB,1
8d1eA,8d1nA,6
8d1iA,8d1nA,6
8d1nA,8d1nA,6
8d1oA,8d1nA,6
9efzA,8d1nA,6
9kc9A,8d1nA,6
8d3mI,8d3qJ,2
8d3qJ,8d3qJ,2
8d3tA,8d3tA,1
8d5vA,8d5vA,1
8db4E,8db4E,1
3tewA,8dcmC,4
6smsA,8dcmC,4
7vnnA,8dcmC,4
8dcmC,8dcmC,4
1e5qA,8debA,9
2ph5A,8debA,9
3abiA,8debA,9
4rl6A,8debA,9
4xqcA,8debA,9
5o1nA,8debA,9
6y87A,8debA,9
8debA,8debA,9
8h52A,8debA,9
8deoA,8deoA,1
8deyC,8deyC,1
6z2oA,8df2A,3
8dekA,8df2A,3
8df2A,8df2A,3
8df8A,8df8A,1
8dfu0,8dfu0,1
8dgcE,8dgcE,1
8dhmA,8dhmA,1
1d06A,8dikB,39
1v9yA,8dikB,39
1xj3A,8dikB,39
2gj3A,8dikB,39
2vv6A,8dikB,39
3bwlA,8dikB,39
3d72A,8dikB,39
3fg8A,8dikB,39
3h82A,8dikB,39
3t50A,8dikB,39
3volA,8dikB,39
4eetB,8dikB,39
4hhdA,8dikB,39
4hi4A,8dikB,39
4kukA,8dikB,39
4mn5A,8dikB,39
4r38A,8dikB,39
4wujA,8dikB,39
5hwvA,8dikB,39
5hwwB,8dikB,39
5svvA,8dikB,39
5svvB,8dikB,39
6ceqA,8dikB,39
6dgjA,8dikB,39
6gayA,8dikB,39
6gpuA,8dikB,39
6i20A,8dikB,39
6ph2A,8dikB,39
6rhfA,8dikB,39
6un0A,8dikB,39
7oo9A,8dikB,39
7vnhA,8dikB,39
7wa4B,8dikB,39
8ao0A,8dikB,39
8dikB,8dikB,39
8g4aA,8dikB,39
8q5fA,8dikB,39
8rw8B,8dikB,39
9vf7A,8dikB,39
8djmA,8djmA,1
8dkmP,8dkmP,1
3itgA,8dkpA,2
8dkpA,8dkpA,2
1p4tA,8dmlB,6
1qj8A,8dmlB,6
3gp6A,8dmlB,6
3qrcA,8dmlB,6
8dmlB,8dmlB,6
9fzcA,8dmlB,6
7w3sA,8dmuA,4
8dmrA,8dmuA,4
8dmtA,8dmuA,4
8dmuA,8dmuA,4
8dovI,8dovI,1
1mfiA,8dq6C,10
3gacE,8dq6C,10
3kanA,8dq6C,10
3kerA,8dq6C,10
3rf4A,8dq6C,10
4p7sA,8dq6C,10
8dq6A,8dq6C,10
8dq6C,8dq6C,10
8ur2B,8dq6C,10
9bnqA,8dq6C,10
7z6hK,8dqxA,4
8dqwA,8dqxA,4
8dqxA,8dqxA,4
8umvA,8dqxA,4
8dr3A,8dr3A,1
8drpA,8drpA,3
8dtbA,8drpA,3
8sexA,8drpA,3
2f7fA,8dscA,5
2i14A,8dscA,5
2i1oA,8dscA,5
7yqrA,8dscA,5
8dscA,8dscA,5
5uwaA,8dteA,3
6hsyA,8dteA,3
8dteA,8dteA,3
8dtnF,8dtnF,1
8dtpA,8dtpA,1
1i7zA,8dv4D,60
1n7mL,8dv4D,60
1y0lA,8dv4D,60
2fl5B,8dv4D,60
2gj6D,8dv4D,60
2q86C,8dv4D,60
2yk1L,8dv4D,60
3c6lA,8dv4D,60
3hujE,8dv4D,60
3ngbB,8dv4D,60
3qibC,8dv4D,60
3rugE,8dv4D,60
3tv3H,8dv4D,60
3u2sA,8dv4D,60
4dqoH,8dv4D,60
4en3A,8dv4D,60
4gg8A,8dv4D,60
4jm2B,8dv4D,60
4jo1L,8dv4D,60
4nj9L,8dv4D,60
4wo4C,8dv4D,60
4ydjH,8dv4D,60
4yhyC,8dv4D,60
5alcL,8dv4D,60
5drnB,8dv4D,60
5hj3B,8dv4D,60
5ks9E,8dv4D,60
5l2kD,8dv4D,60
5m63L,8dv4D,60
5t33H,8dv4D,60
5t4zH,8dv4D,60
5t85L,8dv4D,60
5v6mL,8dv4D,60
5wkiD,8dv4D,60
5xcvA,8dv4D,60
6cbjL,8dv4D,60
6dfqC,8dv4D,60
6lcsA,8dv4D,60
6lcsB,8dv4D,60
6mcoE,8dv4D,60
6mjjC,8dv4D,60
6mssA,8dv4D,60
6sndL,8dv4D,60
6umhh,8dv4D,60
6vl9H,8dv4D,60
7dc8B,8dv4D,60
7k37H,8dv4D,60
7l2cC,8dv4D,60
7l79B,8dv4D,60
7l79H,8dv4D,60
7ll2J,8dv4D,60
7mxdX,8dv4D,60
8dp1E,8dv4D,60
8dv4D,8dv4D,60
8hwsI,8dv4D,60
8iqrh,8dv4D,60
8ttwC,8dv4D,60
8tw6A,8dv4D,60
8zcaA,8dv4D,60
9axnA,8dv4D,60
8dw6H,8dw6H,1
8dydC,8dydC,1
8dyeB,8dyeB,1
3jvfB,8dygB,3
8dygB,8dygB,3
8ussA,8dygB,3
1reqA,8dylB,4
1reqD,8dylB,4
6oxcA,8dylB,4
8dylB,8dylB,4
8dzdA,8dzdA,1
8e0eA,8e0eA,1
8e0pA,8e0pA,1
1g7vA,8e0sA,45
1of8A,8e0sA,45
1rzmA,8e0sA,45
1vliA,8e0sA,45
1vs1A,8e0sA,45
1ydnA,8e0sA,45
2cw6A,8e0sA,45
2dzaB,8e0sA,45
2vegA,8e0sA,45
2wqpA,8e0sA,45
3e12A,8e0sA,45
3fypD,8e0sA,45
3g8rB,8e0sA,45
3nvtA,8e0sA,45
3tmqA,8e0sA,45
3tqkA,8e0sA,45
3tr9A,8e0sA,45
3tyzA,8e0sA,45
4c1lA,8e0sA,45
4grsA,8e0sA,45
4z1dA,8e0sA,45
5d04C,8e0sA,45
5hudA,8e0sA,45
5j6fA,8e0sA,45
5jq9B,8e0sA,45
5tcjA,8e0sA,45
5u0vA,8e0sA,45
5uxmA,8e0sA,45
6agmA,8e0sA,45
6bmcA,8e0sA,45
6ncsA,8e0sA,45
6ndsA,8e0sA,45
6pbjA,8e0sA,45
6pbjB,8e0sA,45
6pz2A,8e0sA,45
6uczA,8e0sA,45
7lklA,8e0sA,45
7reuA,8e0sA,45
7s2iA,8e0sA,45
7s2kA,8e0sA,45
8d5hA,8e0sA,45
8e0sA,8e0sA,45
8h2cA,8e0sA,45
8scdA,8e0sA,45
9j7sA,8e0sA,45
4ebbA,8e19A,4
7wabA,8e19A,4
8e19A,8e19A,4
8g5uA,8e19A,4
4mhvA,8e1fD,2
8e1fD,8e1fD,2
8e2lA,8e2lA,1
1cr1A,8e2lE,38
1e0jA,8e2lE,38
1mo3A,8e2lE,38
1n0wA,8e2lE,38
1u94A,8e2lE,38
1xp8A,8e2lE,38
2dr3A,8e2lE,38
2gdjA,8e2lE,38
2i1qA,8e2lE,38
2w0mA,8e2lE,38
2zr9A,8e2lE,38
2ztsA,8e2lE,38
3ewaA,8e2lE,38
4tl6A,8e2lE,38
4ydsA,8e2lE,38
5jeeA,8e2lE,38
5jrjA,8e2lE,38
5jwoA,8e2lE,38
6hquA,8e2lE,38
6hquG,8e2lE,38
6hquH,8e2lE,38
6xufA,8e2lE,38
7cgyA,8e2lE,38
7qv8A,8e2lE,38
8amfA,8e2lE,38
8c3nA,8e2lE,38
8e2lE,8e2lE,38
8gj8A,8e2lE,38
8gjaB,8e2lE,38
8ouzB,8e2lE,38
8ouzC,8e2lE,38
8ouzD,8e2lE,38
8pbcA,8e2lE,38
8s7gC,8e2lE,38
8uvwB,8e2lE,38
8uvwD,8e2lE,38
9b2dA,8e2lE,38
9njrA,8e2lE,38
8e3iC,8e3iC,1
8e3qC,8e3qC,1
7wg4A,8e3sA,2
8e3sA,8e3sA,2
8e4yA,8e4yA,1
8e5dA,8e5dA,1
8e5fA,8e5fA,1
8e5gA,8e5gA,1
8e6vA,8e6vA,1
8e7fA,8e7fA,1
8e7sW,8e7sW,1
8e7sh,8e7sh,1
1h0hA,8e9gG,30
1kqfA,8e9gG,30
1ogyA,8e9gG,30
2e7zA,8e9gG,30
2iv2X,8e9gG,30
2ivfA,8e9gG,30
2nyaA,8e9gG,30
2vpzA,8e9gG,30
3i9v3,8e9gG,30
3ml1A,8e9gG,30
6cz7A,8e9gG,30
6tg9A,8e9gG,30
6zk93,8e9gG,30
7arcG,8e9gG,30
7nz1G,8e9gG,30
7o71A,8e9gG,30
7q5yA,8e9gG,30
7t30A,8e9gG,30
7vw6A,8e9gG,30
7xqwA,8e9gG,30
7zmgA,8e9gG,30
8b9zG,8e9gG,30
8bedG,8e9gG,30
8ccqA,8e9gG,30
8ch9A,8e9gG,30
8cm6A,8e9gG,30
8e9gG,8e9gG,30
8qbyG,8e9gG,30
9f5yC,8e9gG,30
9ktrA,8e9gG,30
3i9v9,8e9gI,18
6khiI,8e9gI,18
6y119,8e9gI,18
6zk99,8e9gI,18
7arcI,8e9gI,18
7nz1I,8e9gI,18
7o71I,8e9gI,18
7q5yD,8e9gI,18
7z7vI,8e9gI,18
7zciI,8e9gI,18
7zmgI,8e9gI,18
8b9zI,8e9gI,18
8beeI,8e9gI,18
8bpxI,8e9gI,18
8e9gI,8e9gI,18
8qbyI,8e9gI,18
9f5yG,8e9gI,18
9grxI,8e9gI,18
8eamA,8eamA,1
8eb0A,8eb0A,1
8eb5A,8eb5A,1
8ebuK,8ebuK,1
1xd3A,8edeA,6
3riiA,8edeA,6
4i6nA,8edeA,6
4ig7A,8edeA,6
7yv4A,8edeA,6
8edeA,8edeA,6
4zi8A,8egwA,5
4zpmA,8egwA,5
4zpoA,8egwA,5
5tfmA,8egwA,5
8egwA,8egwA,5
8eihD,8eihD,1
1g55A,8eikE,14
2pv0A,8eikE,14
3qv2A,8eikE,14
3ubtA,8eikE,14
4h0nA,8eikE,14
4u7tA,8eikE,14
5ciyA,8eikE,14
6fdfA,8eikE,14
6kdbA,8eikE,14
6w8bA,8eikE,14
8c59A,8eikE,14
8eihA,8eikE,14
8eihC,8eikE,14
8eikE,8eikE,14
8elfA,8elfA,1
8enpA,8enpA,1
8epxD,8epxD,1
8eqme,8eqme,1
8eqmi,8eqmi,1
8es8Y,8es8Y,1
8e9gA,8esz3,2
8esz3,8esz3,2
8ev5A,8ev5A,1
6cauA,8ewaA,2
8ewaA,8ewaA,2
8exrA,8exrA,2
8exrB,8exrA,2
8ey3A,8ey3A,1
2yjgA,8ezhB,3
8ezhB,8ezhB,3
9eidA,8ezhB,3
8f0oB,8f0oB,2
8ss8B,8f0oB,2
8f1bA,8f1bA,1
3gf3A,8f3dA,5
3u9sB,8f3dA,5
8f3dA,8f3dA,5
8rthB,8f3dA,5
8xl6B,8f3dA,5
8f4fm,8f4fm,1
8f4vA,8f4vA,1
8f5mA,8f5mA,1
8f6tA,8f6tA,2
8sbbA,8f6tA,2
8f70A,8f70A,1
6hs4B,8f87B,2
8f87B,8f87B,2
8faiA,8faiA,1
8fblA,8fblA,1
1fnnA,8fcwR,18
1w5sA,8fcwR,18
2qbyA,8fcwR,18
2qbyB,8fcwR,18
2v1uA,8fcwR,18
7jgsA,8fcwR,18
7jgsD,8fcwR,18
7jgsE,8fcwR,18
7jgsG,8fcwR,18
7jpoA,8fcwR,18
7jpoD,8fcwR,18
7jpoE,8fcwR,18
7mcsG,8fcwR,18
7tjhA,8fcwR,18
7tjhD,8fcwR,18
7tjhI,8fcwR,18
8fcwR,8fcwR,18
9gjwA,8fcwR,18
8fduA,8fduA,1
8ffzA,8ffzA,1
3qw9A,8fhaA,6
7uc3A,8fhaA,6
8dj2A,8fhaA,6
8f90A,8fhaA,6
8fhaA,8fhaA,6
9blpA,8fhaA,6
8flmA,8flmA,1
8fn62,8fn62,1
8fnvA,8fnvA,1
8fokB,8fokB,1
8a3dg,8frum,5
8azwY,8frum,5
8ccsY,8frum,5
8frum,8frum,5
9j9hf,8frum,5
2wjyA,8ftmA,5
2xzlA,8ftmA,5
2xzoA,8ftmA,5
5mznA,8ftmA,5
8ftmA,8ftmA,5
6p59B,8fvi1,3
8cx0B,8fvi1,3
8fvi1,8fvi1,3
4jk1E,8fvwH,2
8fvwH,8fvwH,2
7lgjA,8fxiC,4
7wafA,8fxiC,4
7wafC,8fxiC,4
8fxiC,8fxiC,4
1nv8A,8fzbA,14
2b9eA,8fzbA,14
2f8lA,8fzbA,14
2h00A,8fzbA,14
3a4tA,8fzbA,14
3ku1A,8fzbA,14
3lecA,8fzbA,14
4fzvA,8fzbA,14
6b92A,8fzbA,14
6qe6A,8fzbA,14
7o4nA,8fzbA,14
8fzbA,8fzbA,14
8pb5A,8fzbA,14
9gfsA,8fzbA,14
8g04B,8g04B,1
8g1nA,8g1nA,1
8g32A,8g32A,1
8g3bE,8g3bE,1
8g3hA,8g3hA,2
9cbrA,8g3hA,2
8g46B,8g46B,1
8g4cA,8g4cA,1
8g4id,8g4id,1
4ci2B,8g66E,5
8g66E,8g66E,5
8tzxA,8g66E,5
9fjxB,8g66E,5
9gaoA,8g66E,5
7aapA,8g6rA,4
7b3dA,8g6rA,4
8g6rA,8g6rA,4
9cpoA,8g6rA,4
4wfnK,8g6wm,6
7p7qQ,8g6wm,6
8g6wm,8g6wm,6
8s1pN,8g6wm,6
9no7R,8g6wm,6
9qehL,8g6wm,6
2uubI,8g7qi,2
8g7qi,8g7qi,2
2vqfP,8g7qp,2
8g7qp,8g7qp,2
8g99C,8g99C,2
8g9fC,8g99C,2
1slyA,8gfhA,4
5mpqA,8gfhA,4
6fbtA,8gfhA,4
8gfhA,8gfhA,4
1u19A,8ggcR,173
4or2A,8ggcR,173
4xnvA,8ggcR,173
4xt1A,8ggcR,173
5c1mA,8ggcR,173
5dhgA,8ggcR,173
5lweA,8ggcR,173
5o9hA,8ggcR,173
5uiwA,8ggcR,173
5vblB,8ggcR,173
5zkqA,8ggcR,173
6ak3A,8ggcR,173
6g79S,8ggcR,173
6gpxA,8ggcR,173
6gpxB,8ggcR,173
6i9kA,8ggcR,173
6k41R,8ggcR,173
6lfoR,8ggcR,173
6pb1P,8ggcR,173
6rnkA,8ggcR,173
6vn7R,8ggcR,173
6xbmR,8ggcR,173
7cmvR,8ggcR,173
7cx2R,8ggcR,173
7cz5R,8ggcR,173
7d77R,8ggcR,173
7dh5R,8ggcR,173
7dw9R,8ggcR,173
7e32R,8ggcR,173
7ejxR,8ggcR,173
7evmR,8ggcR,173
7ew1A,8ggcR,173
7ew2R,8ggcR,173
7exdR,8ggcR,173
7f1tA,8ggcR,173
7f4hR,8ggcR,173
7f61A,8ggcR,173
7f6iA,8ggcR,173
7jhjR,8ggcR,173
7jvrR,8ggcR,173
7mbxR,8ggcR,173
7p00R,8ggcR,173
7piuR,8ggcR,173
7qa8A,8ggcR,173
7s8oR,8ggcR,173
7s8pR,8ggcR,173
7shfA,8ggcR,173
7sk4A,8ggcR,173
7sk7A,8ggcR,173
7srqR,8ggcR,173
7t6bR,8ggcR,173
7t6sR,8ggcR,173
7td0R,8ggcR,173
7td4R,8ggcR,173
7tuzR,8ggcR,173
7ul2R,8ggcR,173
7ul3A,8ggcR,173
7vabR,8ggcR,173
7vfxR,8ggcR,173
7vgyA,8ggcR,173
7vh0A,8ggcR,173
7vktA,8ggcR,173
7vl9R,8ggcR,173
7vugR,8ggcR,173
7w9wA,8ggcR,173
7wcmR,8ggcR,173
7wigR,8ggcR,173
7wq3R,8ggcR,173
7wu5R,8ggcR,173
7xbwR,8ggcR,173
7xbxR,8ggcR,173
7xkdR,8ggcR,173
7xmtR,8ggcR,173
7xp6R,8ggcR,173
7xt8R,8ggcR,173
7xtcR,8ggcR,173
7xv3R,8ggcR,173
7xxhR,8ggcR,173
7xxiA,8ggcR,173
7yk7R,8ggcR,173
7ykdA,8ggcR,173
7ym8A,8ggcR,173
7ys6A,8ggcR,173
7zbcA,8ggcR,173
8dpfA,8ggcR,173
8dwgR,8ggcR,173
8dzrA,8ggcR,173
8g2yR,8ggcR,173
8g59R,8ggcR,173
8gcmR,8ggcR,173
8gcpR,8ggcR,173
8gg0R,8ggcR,173
8ggcR,8ggcR,173
8ggfR,8ggcR,173
8ghvD,8ggcR,173
8gtiA,8ggcR,173
8gurR,8ggcR,173
8gw8R,8ggcR,173
8gy7R,8ggcR,173
8h0qR,8ggcR,173
8h8jC,8ggcR,173
8hmpR,8ggcR,173
8hnmR,8ggcR,173
8hqmR,8ggcR,173
8htiR,8ggcR,173
8iocR,8ggcR,173
8iodR,8ggcR,173
8iruR,8ggcR,173
8irvR,8ggcR,173
8iw7R,8ggcR,173
8j18R,8ggcR,173
8j20D,8ggcR,173
8j6pR,8ggcR,173
8jr9R,8ggcR,173
8jruR,8ggcR,173
8k4nD,8ggcR,173
8kfxR,8ggcR,173
8kggR,8ggcR,173
8pjkR,8ggcR,173
8pm2R,8ggcR,173
8t03A,8ggcR,173
8t05A,8ggcR,173
8tf5A,8ggcR,173
8thkR,8ggcR,173
8u4nR,8ggcR,173
8uujR,8ggcR,173
8uxyA,8ggcR,173
8uy0A,8ggcR,173
8uyqA,8ggcR,173
8vy7R,8ggcR,173
8w88R,8ggcR,173
8ww2R,8ggcR,173
8x79R,8ggcR,173
8x9tR,8ggcR,173
8xioA,8ggcR,173
8xjnR,8ggcR,173
8xofR,8ggcR,173
8xorR,8ggcR,173
8xxvA,8ggcR,173
8xziR,8ggcR,173
8y53R,8ggcR,173
8yekA,8ggcR,173
8yfsR,8ggcR,173
8ykvR,8ggcR,173
8yn2R,8ggcR,173
8yn3R,8ggcR,173
8yn9R,8ggcR,173
8yyxE,8ggcR,173
8zjgA,8ggcR,173
8zsvR,8ggcR,173
8zvzD,8ggcR,173
8zytR,8ggcR,173
9bhmR,8ggcR,173
9cblR,8ggcR,173
9cgkA,8ggcR,173
9cm3R,8ggcR,173
9dqjA,8ggcR,173
9e7rR,8ggcR,173
9gyoR,8ggcR,173
9hapR,8ggcR,173
9i54R,8ggcR,173
9imaA,8ggcR,173
9ipvR,8ggcR,173
9itbR,8ggcR,173
9izdA,8ggcR,173
9j0fR,8ggcR,173
9jcoR,8ggcR,173
9jh5R,8ggcR,173
9jmcR,8ggcR,173
9k0kI,8ggcR,173
9k20A,8ggcR,173
9k6lR,8ggcR,173
9uy3R,8ggcR,173
8gixE,8gixE,1
8gkcA,8gkcA,1
8gkfF,8gkfF,1
8gl8I,8gl8I,1
8gm4A,8gm4A,1
1opkA,8gmbA,11
2ozoA,8gmbA,11
2srcA,8gmbA,11
4fl3A,8gmbA,11
4xeyB,8gmbA,11
4y93A,8gmbA,11
5h0bA,8gmbA,11
7kjaA,8gmbA,11
7uy0A,8gmbA,11
7uy3A,8gmbA,11
8gmbA,8gmbA,11
1a59A,8gmkA,19
1aj8A,8gmkA,19
1cshA,8gmkA,19
1ixeA,8gmkA,19
2c6xA,8gmkA,19
2h12A,8gmkA,19
2ifcA,8gmkA,19
3msuA,8gmkA,19
4jagA,8gmkA,19
4tvmA,8gmkA,19
5uquA,8gmkA,19
6abwA,8gmkA,19
6abyA,8gmkA,19
6s87D,8gmkA,19
8bp7B,8gmkA,19
8gmkA,8gmkA,19
8gr9A,8gmkA,19
8xxcE,8gmkA,19
8xxeA,8gmkA,19
5nqzA,8gmmA,6
6om5A,8gmmA,6
7redA,8gmmA,6
8gloA,8gmmA,6
8gm3A,8gmmA,6
8gmmA,8gmmA,6
8gn0i,8gn0i,1
1a0jA,8gotA,98
1a5hA,8gotA,98
1a5iA,8gotA,98
1autC,8gotA,98
1bqyA,8gotA,98
1bruP,8gotA,98
1bt7A,8gotA,98
1d6wA,8gotA,98
1ekbB,8gotA,98
1eltA,8gotA,98
1etrH,8gotA,98
1exfA,8gotA,98
1fiwA,8gotA,98
1fizA,8gotA,98
1fujA,8gotA,98
1fxyA,8gotA,98
1gvkB,8gotA,98
1hj8A,8gotA,98
1iauA,8gotA,98
1k2i1,8gotA,98
1o5eH,8gotA,98
1op0A,8gotA,98
1orfA,8gotA,98
1pq7A,8gotA,98
1pytC,8gotA,98
1s83A,8gotA,98
1sgfA,8gotA,98
1sgfG,8gotA,98
1spjA,8gotA,98
1tonA,8gotA,98
1wczA,8gotA,98
1x7aC,8gotA,98
1ym0A,8gotA,98
2as9A,8gotA,98
2bdgA,8gotA,98
2eekA,8gotA,98
2f9nA,8gotA,98
2halA,8gotA,98
2jkhA,8gotA,98
2olgA,8gotA,98
2ouaA,8gotA,98
2pfeA,8gotA,98
2qaaA,8gotA,98
2qxiA,8gotA,98
2ra3A,8gotA,98
3beuA,8gotA,98
3fp7E,8gotA,98
3gylB,8gotA,98
3h5cB,8gotA,98
3h7tA,8gotA,98
3mh5A,8gotA,98
3nclA,8gotA,98
3proA,8gotA,98
3q3yA,8gotA,98
3qumQ,8gotA,98
3qzrA,8gotA,98
3s69A,8gotA,98
3s9cA,8gotA,98
4bnrA,8gotA,98
4dcdA,8gotA,98
4i8hA,8gotA,98
4ic5A,8gotA,98
4k1tA,8gotA,98
4mvnA,8gotA,98
4nffA,8gotA,98
4nivA,8gotA,98
4q7zA,8gotA,98
5afyH,8gotA,98
5fx6A,8gotA,98
5g4bA,8gotA,98
5jb9S,8gotA,98
5lhqA,8gotA,98
5lpeA,8gotA,98
5mrsA,8gotA,98
5ms4A,8gotA,98
5natA,8gotA,98
5tjxA,8gotA,98
5tp0A,8gotA,98
5uggA,8gotA,98
5yc6U,8gotA,98
6a8oB,8gotA,98
6ahsA,8gotA,98
6ku8A,8gotA,98
6qfeA,8gotA,98
6r2wH,8gotA,98
6x0tA,8gotA,98
6zovA,8gotA,98
7gpxB,8gotA,98
7h66A,8gotA,98
7h6gA,8gotA,98
7mboA,8gotA,98
7qhzA,8gotA,98
7ujgA,8gotA,98
8gmnA,8gotA,98
8gotA,8gotA,98
8v04B,8gotA,98
8vk5E,8gotA,98
9j9aA,8gotA,98
2ouxA,8gpsA,4
2yvyA,8gpsA,4
8gpsA,8gpsA,4
8gpvA,8gpsA,4
8gqdE,8gqdE,1
8gs2B,8gs2B,1
8gulA,8gulA,1
8gulB,8gulB,1
8gwaF,8gwaF,1
1kb0A,8gy2A,4
1kv9A,8gy2A,4
1yiqA,8gy2A,4
8gy2A,8gy2A,4
8gy2B,8gy2B,3
8gy3A,8gy2B,3
8k6kC,8gy2B,3
1ffvA,8gy3B,12
1n62A,8gy3B,12
1rm6C,8gy3B,12
1t3qA,8gy3B,12
3hrdD,8gy3B,12
3nvwA,8gy3B,12
4zohC,8gy3B,12
5g5gA,8gy3B,12
5y6qA,8gy3B,12
7dqxC,8gy3B,12
8gy3B,8gy3B,12
8uemC,8gy3B,12
5jxdA,8gynA,2
8gynA,8gynA,2
8gyrA,8gyrA,1
8eroA,8gyxA,4
8gyxA,8gyxA,4
8urpA,8gyxA,4
9uetA,8gyxA,4
8h0lB,8h0lB,1
8h1eA,8h1eA,1
8h1rA,8h1rA,1
4on1A,8h3xC,2
8h3xC,8h3xC,2
2d1gA,8hawA,2
8hawA,8hawA,2
8hbfA,8hbfA,1
8hbfB,8hbfB,1
2e1tA,8hbtA,23
2rkvA,8hbtA,23
2xr7A,8hbtA,23
2zbaA,8hbtA,23
3fp0A,8hbtA,23
4zxwA,8hbtA,23
5du9A,8hbtA,23
5ejdB,8hbtA,23
5falA,8hbtA,23
5isxA,8hbtA,23
5kjuA,8hbtA,23
5kjwA,8hbtA,23
6aefA,8hbtA,23
6lpvA,8hbtA,23
6mk2A,8hbtA,23
6waoA,8hbtA,23
7c1rA,8hbtA,23
7dexA,8hbtA,23
7x0eA,8hbtA,23
8dqoA,8hbtA,23
8g3iB,8hbtA,23
8hbtA,8hbtA,23
9bfgA,8hbtA,23
8hc0A,8hc0A,1
5mptA,8hd2A,5
5thyA,8hd2A,5
6kjiA,8hd2A,5
7dmbA,8hd2A,5
8hd2A,8hd2A,5
1c52A,8hddB,2
8hddB,8hddB,2
1juhA,8hfbA,24
1xruA,8hfbA,24
2d40A,8hfbA,24
2d5fA,8hfbA,24
2ea7A,8hfbA,24
2evxA,8hfbA,24
3bu7A,8hfbA,24
3fz3A,8hfbA,24
3nw4A,8hfbA,24
4lejA,8hfbA,24
5cadA,8hfbA,24
5e1rA,8hfbA,24
5vf5A,8hfbA,24
5vg3A,8hfbA,24
5wxuA,8hfbA,24
5yjsA,8hfbA,24
6km8A,8hfbA,24
6l4cA,8hfbA,24
6l4mA,8hfbA,24
6l9iA,8hfbA,24
6v7gA,8hfbA,24
7ye3A,8hfbA,24
8hfbA,8hfbA,24
9gofA,8hfbA,24
6bmnA,8hfcA,4
6bmsA,8hfcA,4
8hf3A,8hfcA,4
8hfcA,8hfcA,4
8hfpA,8hfpA,1
8hfpC,8hfpC,1
7c89A,8hh0A,4
7e4uA,8hh0A,4
8hh0A,8hh0A,4
8x71B,8hh0A,4
7l49A,8hhmA,3
8hhlA,8hhmA,3
8hhmA,8hhmA,3
8hhvA,8hhvA,1
8himA,8himA,1
1twfC,8himC,9
2pa8D,8himC,9
5xogC,8himC,9
7oqyD,8himC,9
8bwsC,8himC,9
8himC,8himC,9
8qszC,8himC,9
9bz0C,8himC,9
9mu8C,8himC,9
8himI,8himI,2
8xmcI,8himI,2
8hjaA,8hjaB,2
8hjaB,8hjaB,2
8hju0,8hju0,1
8hju1,8hju1,1
8hju3,8hju3,1
2wjnC,8hjuC,14
5y5sC,8hjuC,14
7c9rC,8hjuC,14
7o0uC,8hjuC,14
7xxfC,8hjuC,14
8hjuC,8hjuC,14
8k5oC,8hjuC,14
8wduC,8hjuC,14
8ydmC,8hjuC,14
8yz2C,8hjuC,14
8z82C,8hjuC,14
8zk2C,8hjuC,14
9j2fC,8hjuC,14
9m8mC,8hjuC,14
8hjuY,8hjuY,1
8hjvV,8hjvV,1
7pxeA,8hk6A,4
8hk6A,8hk6A,4
8s3eA,8hk6A,4
9dkfA,8hk6A,4
8hkrA,8hkrA,1
1r61A,8hmoA,9
4co9A,8hmoA,9
4cobA,8hmoA,9
4cogA,8hmoA,9
4m8dA,8hmoA,9
5nmpA,8hmoA,9
5nnaA,8hmoA,9
8f9xA,8hmoA,9
8hmoA,8hmoA,9
1fqtA,8hn2A,19
1nykA,8hn2A,19
1q90C,8hn2A,19
1rfsA,8hn2A,19
1vm9A,8hn2A,19
2e4qA,8hn2A,19
2i7fA,8hn2A,19
2qpzA,8hn2A,19
3azcA,8hn2A,19
3d89A,8hn2A,19
3dqyA,8hn2A,19
3gceA,8hn2A,19
5bokA,8hn2A,19
5cxmA,8hn2A,19
7buhA,8hn2A,19
7buiD,8hn2A,19
8ccqB,8hn2A,19
8ch9B,8hn2A,19
8hn2A,8hn2A,19
1c53A,8hn3A,25
1c75A,8hn3A,25
1cnoA,8hn3A,25
1dvhA,8hn3A,25
1f1fA,8hn3A,25
1gdvA,8hn3A,25
1gksA,8hn3A,25
2ce0A,8hn3A,25
2zboA,8hn3A,25
2zonG,8hn3A,25
2zzs1,8hn3A,25
3ph2B,8hn3A,25
4eieA,8hn3A,25
4gydA,8hn3A,25
4j20A,8hn3A,25
4kmgA,8hn3A,25
4o1wA,8hn3A,25
4pwaA,8hn3A,25
5n1tB,8hn3A,25
6tr1A,8hn3A,25
8hn3A,8hn3A,25
8qjgA,8hn3A,25
8ytsA,8hn3A,25
9krcA,8hn3A,25
9krrA,8hn3A,25
1lf9A,8ho8A,27
1v7wA,8ho8A,27
2eabA,8ho8A,27
2wvxA,8ho8A,27
2ww2B,8ho8A,27
2xsgA,8ho8A,27
3actA,8ho8A,27
3s4aA,8ho8A,27
3wirA,8ho8A,27
4c1pA,8ho8A,27
4ktpA,8ho8A,27
4rhhA,8ho8A,27
4ufcA,8ho8A,27
4zlfA,8ho8A,27
5o0sA,8ho8A,27
5swiA,8ho8A,27
6f90A,8ho8A,27
6f91A,8ho8A,27
6gh3A,8ho8A,27
6m5aA,8ho8A,27
7fe1A,8ho8A,27
7fe4A,8ho8A,27
7kmqA,8ho8A,27
7zgmA,8ho8A,27
8ho8A,8ho8A,27
8ic7A,8ho8A,27
8xilA,8ho8A,27
8hpsA,8hpsA,1
8hq2D,8hq2D,1
8hq9D,8hq9D,1
1bgvA,8hr6A,20
1c1dA,8hr6A,20
1v9lA,8hr6A,20
3aoeC,8hr6A,20
3aogA,8hr6A,20
4xgiA,8hr6A,20
5gudA,8hr6A,20
5xwcA,8hr6A,20
6achA,8hr6A,20
6dhqA,8hr6A,20
6yeiA,8hr6A,20
7ecrA,8hr6A,20
7f79A,8hr6A,20
8gxdA,8hr6A,20
8hr6A,8hr6A,20
8karA,8hr6A,20
8owmA,8hr6A,20
8s3dA,8hr6A,20
8yswA,8hr6A,20
8zncA,8hr6A,20
8hr9A,8hr9A,1
2fwsA,8hs7A,11
2fwuA,8hs7A,11
2qvmA,8hs7A,11
3e9tA,8hs7A,11
3ginA,8hs7A,11
4x5pA,8hs7A,11
5iibB,8hs7A,11
6mapB,8hs7A,11
6tqsA,8hs7A,11
8hs7A,8hs7A,11
9at9B,8hs7A,11
8hsiA,8hsiA,1
8bluB,8hu2A,2
8hu2A,8hu2A,2
2amxA,8hubA,14
2imrA,8hubA,14
2pgfA,8hubA,14
3iarA,8hubA,14
3mviA,8hubA,14
3paoA,8hubA,14
3rysA,8hubA,14
4gxwA,8hubA,14
6ii7A,8hubA,14
6ijnA,8hubA,14
6n91A,8hubA,14
6n9mA,8hubA,14
8hubA,8hubA,14
8qchA,8hubA,14
2a3lA,8hubB,3
8hu6A,8hubB,3
8hubB,8hubB,3
1c7sA,8hvdA,18
1jakA,8hvdA,18
1nowA,8hvdA,18
2gk1I,8hvdA,18
3ozoA,8hvdA,18
3suuA,8hvdA,18
4az6A,8hvdA,18
4aziA,8hvdA,18
4pysA,8hvdA,18
5oarB,8hvdA,18
6jebA,8hvdA,18
6k35A,8hvdA,18
6q63A,8hvdA,18
7dvaA,8hvdA,18
7pulA,8hvdA,18
7wdtA,8hvdA,18
8hvdA,8hvdA,18
8pxvB,8hvdA,18
8hwdE,8hwdE,1
8hx7A,8hx7A,1
8hxxP,8hxxP,1
8hzyA,8hzyA,1
8i02F,8i02F,1
8i0pK,8i0pK,1
8i0rK,8i0rK,1
8i0tK,8i0tK,1
8i0wY,8i0wY,1
6xmfA,8i16A,2
8i16A,8i16A,2
1iwlA,8i34B,12
2byoA,8i34B,12
2zf4A,8i34B,12
4qa8A,8i34B,12
4zraA,8i34B,12
6jl9A,8i34B,12
6jlaC,8i34B,12
8chxA,8i34B,12
8i34A,8i34B,12
8i34B,8i34B,12
8t5jA,8i34B,12
8vehC,8i34B,12
7yi0F,8i3fB,2
8i3fB,8i3fB,2
8i6vE,8i6vE,1
8i71A,8i71A,1
8i8rD,8i8rD,1
3ssnB,8iaaA,3
3ssoA,8iaaA,3
8iaaA,8iaaA,3
7cqkA,8iajD,6
7yiyD,8iajD,6
7yjoD,8iajD,6
8c81A,8iajD,6
8iajD,8iajD,6
8iamD,8iajD,6
8dzjA,8iazA,5
8h1jA,8iazA,5
8iazA,8iazA,5
9b0lP,8iazA,5
9i8yA,8iazA,5
8ideA,8ideA,1
7uoob,8idt4,2
8idt4,8idt4,2
1i94C,8ifbC,4
7qiyD,8ifbC,4
8ifbC,8ifbC,4
8oeqF,8ifbC,4
4wf9B,8ifbd,6
7unwD,8ifbd,6
8ifbd,8ifbd,6
8p7yb,8ifbd,6
8uuaD,8ifbd,6
9no7E,8ifbd,6
8i02G,8ifgP,2
8ifgP,8ifgP,2
1a6yA,8ifoA,32
1dszA,8ifoA,32
1hcqA,8ifoA,32
1kb2A,8ifoA,32
1kb6A,8ifoA,32
1latA,8ifoA,32
1r0oB,8ifoA,32
2c7aA,8ifoA,32
2eblA,8ifoA,32
2envA,8ifoA,32
2hanA,8ifoA,32
2hanB,8ifoA,32
2nllA,8ifoA,32
2nllB,8ifoA,32
3cbbA,8ifoA,32
3g9mA,8ifoA,32
4olnA,8ifoA,32
5cbzA,8ifoA,32
5krbB,8ifoA,32
5krbG,8ifoA,32
5l0mA,8ifoA,32
6cfnD,8ifoA,32
6fbqA,8ifoA,32
6l6qA,8ifoA,32
7xv9A,8ifoA,32
7xvnA,8ifoA,32
7xvnB,8ifoA,32
8hbmB,8ifoA,32
8ifoA,8ifoA,32
8ifoB,8ifoA,32
8pkiK,8ifoA,32
8rm6A,8ifoA,32
6j0gA,8igtA,12
7hlmB,8igtA,12
8hjtA,8igtA,12
8igtA,8igtA,12
8izeA,8igtA,12
8jyaB,8igtA,12
8pd6A,8igtA,12
9hinA,8igtA,12
9i0tA,8igtA,12
9ii6A,8igtA,12
9ii6B,8igtA,12
9qbaA,8igtA,12
7wz0B,8ijlB,4
8ijlB,8ijlB,4
8ijxB,8ijlB,4
8zyjB,8ijlB,4
8ijrA,8ijrA,1
8ikmA,8ikmA,1
1e4cP,8il8A,13
1k0wA,8il8A,13
2v9lA,8il8A,13
2z7bA,8il8A,13
3m4rA,8il8A,13
4c24A,8il8A,13
4m6rA,8il8A,13
4xxfA,8il8A,13
6btdA,8il8A,13
6voqA,8il8A,13
7x78A,8il8A,13
8il8A,8il8A,13
9rygA,8il8A,13
6fp6B,8imdA,3
6fp6T,8imdA,3
8imdA,8imdA,3
8imxT,8imxT,1
8imyD,8imyD,1
8in6A,8in6A,1
8ip1A,8ip2A,3
8ip2A,8ip2A,3
8x18A,8ip2A,3
7rzwA,8iskA,3
8isjA,8iskA,3
8iskA,8iskA,3
8itgA,8itgA,1
8ityP,8ityP,1
8iugX,8iugX,1
8iw5B,8iw5B,1
8iwhf,8iwhf,1
5xnlk,8iwhk,5
7vd5k,8iwhk,5
8iwhk,8iwhk,5
8wb4K,8iwhk,5
9evxk,8iwhk,5
8ixwA,8ixwA,1
8iykf,8iykf,1
8iztA,8iztA,1
7wf3B,8izyA,2
8izyA,8izyA,2
7bylA,8j03A,4
7xnnB,8j03A,4
8j03A,8j03A,4
9lj5A,8j03A,4
8gw7A,8j0jA,2
8j0jA,8j0jA,2
8j0kA,8j0kA,1
8j2wA,8j2yA,2
8j2yA,8j2yA,2
8j3yA,8j3yA,1
1akyA,8j5hA,61
1gtvA,8j5hA,61
1khtB,8j5hA,61
1m7gA,8j5hA,61
1nksC,8j5hA,61
1nn5A,8j5hA,61
1p5zB,8j5hA,61
1qf9A,8j5hA,61
1ukzA,8j5hA,61
1zakA,8j5hA,61
1zinA,8j5hA,61
1zm7A,8j5hA,61
2bwjB,8j5hA,61
2c95A,8j5hA,61
2c9yA,8j5hA,61
2cdnA,8j5hA,61
2jaqA,8j5hA,61
2ocpA,8j5hA,61
2pezA,8j5hA,61
2v54A,8j5hA,61
2yogA,8j5hA,61
3be4A,8j5hA,61
3dl0A,8j5hA,61
3fb4A,8j5hA,61
3h86A,8j5hA,61
3hjnA,8j5hA,61
3lv8A,8j5hA,61
3tlxA,8j5hA,61
3tmkA,8j5hA,61
3uieA,8j5hA,61
4bzpA,8j5hA,61
4edhA,8j5hA,61
4hlcA,8j5hA,61
4jl5A,8j5hA,61
4k46A,8j5hA,61
4nu0A,8j5hA,61
4qbgB,8j5hA,61
4s35A,8j5hA,61
4tmkA,8j5hA,61
4typC,8j5hA,61
4unrA,8j5hA,61
5cb8A,8j5hA,61
5g3yA,8j5hA,61
5g41A,8j5hA,61
5h70A,8j5hA,61
5uivA,8j5hA,61
5x6jA,8j5hA,61
5x86A,8j5hA,61
5xz2A,8j5hA,61
6c6bA,8j5hA,61
6hf7A,8j5hA,61
6ln3A,8j5hA,61
6pspA,8j5hA,61
7apuA,8j5hA,61
7fgqA,8j5hA,61
7yq0A,8j5hA,61
8i1mA,8j5hA,61
8i1oA,8j5hA,61
8j5hA,8j5hA,61
8puuA,8j5hA,61
8pvwA,8j5hA,61
8j5kk,8j5kk,1
8j5kw,8j5kw,1
1ajsA,8j6nA,297
1b5pA,8j6nA,297
1b9hA,8j6nA,297
1c7nA,8j6nA,297
1cs1D,8j6nA,297
1dfoA,8j6nA,297
1e5eA,8j6nA,297
1eg5A,8j6nA,297
1eluA,8j6nA,297
1fg7A,8j6nA,297
1gd9A,8j6nA,297
1iayA,8j6nA,297
1ibjA,8j6nA,297
1j32A,8j6nA,297
1js3A,8j6nA,297
1lc8A,8j6nA,297
1mdoA,8j6nA,297
1n8pA,8j6nA,297
1o4sA,8j6nA,297
1o69A,8j6nA,297
1qgnA,8j6nA,297
1qj5A,8j6nA,297
1qz9A,8j6nA,297
1rv3A,8j6nA,297
1sffA,8j6nA,297
1t3iA,8j6nA,297
1u08A,8j6nA,297
1uu1A,8j6nA,297
1v2dA,8j6nA,297
1vefA,8j6nA,297
1vp4A,8j6nA,297
1wstA,8j6nA,297
1wyuA,8j6nA,297
1yaaA,8j6nA,297
1zodA,8j6nA,297
2ay1A,8j6nA,297
2c81A,8j6nA,297
2cb1A,8j6nA,297
2cjgA,8j6nA,297
2cstA,8j6nA,297
2ctzA,8j6nA,297
2dkjA,8j6nA,297
2e7jA,8j6nA,297
2e7uA,8j6nA,297
2eh6A,8j6nA,297
2eo5A,8j6nA,297
2epjA,8j6nA,297
2fnuA,8j6nA,297
2hoxA,8j6nA,297
2jisA,8j6nA,297
2o1bA,8j6nA,297
2ogaA,8j6nA,297
2okkA,8j6nA,297
2po3A,8j6nA,297
2r5eA,8j6nA,297
2vi8A,8j6nA,297
2w8tA,8j6nA,297
2x5dA,8j6nA,297
2x8uA,8j6nA,297
2z67A,8j6nA,297
2zc0A,8j6nA,297
2zyjA,8j6nA,297
3a8uX,8j6nA,297
3a9zA,8j6nA,297
3aelA,8j6nA,297
3aowA,8j6nA,297
3b1dA,8j6nA,297
3bb8A,8j6nA,297
3bs8A,8j6nA,297
3bwnA,8j6nA,297
3cogA,8j6nA,297
3dodA,8j6nA,297
3dr4A,8j6nA,297
3dxvA,8j6nA,297
3dydA,8j6nA,297
3e2yA,8j6nA,297
3e9kA,8j6nA,297
3ei9A,8j6nA,297
3eleA,8j6nA,297
3fcrA,8j6nA,297
3fq8A,8j6nA,297
3frkA,8j6nA,297
3fslA,8j6nA,297
3gjuA,8j6nA,297
3gzdA,8j6nA,297
3i16B,8j6nA,297
3i5tA,8j6nA,297
3if2A,8j6nA,297
3ihjA,8j6nA,297
3jtxB,8j6nA,297
3jwaA,8j6nA,297
3k28A,8j6nA,297
3k7yA,8j6nA,297
3lvmA,8j6nA,297
3mebA,8j6nA,297
3nx3A,8j6nA,297
3nytA,8j6nA,297
3pd6A,8j6nA,297
3pgyA,8j6nA,297
3piuA,8j6nA,297
3q8nA,8j6nA,297
3rq1A,8j6nA,297
3tcmA,8j6nA,297
3uwcA,8j6nA,297
3vaxA,8j6nA,297
3vp6A,8j6nA,297
3wgcA,8j6nA,297
4a6rA,8j6nA,297
4adbA,8j6nA,297
4atqA,8j6nA,297
4b9bA,8j6nA,297
4cvqA,8j6nA,297
4e1oA,8j6nA,297
4e3qA,8j6nA,297
4emyA,8j6nA,297
4fl0A,8j6nA,297
4itxA,8j6nA,297
4iy7A,8j6nA,297
4je5A,8j6nA,297
4jf1A,8j6nA,297
4k2mA,8j6nA,297
4l0oA,8j6nA,297
4lnjA,8j6nA,297
4lw2A,8j6nA,297
4m2mA,8j6nA,297
4n0wA,8j6nA,297
4nogA,8j6nA,297
4o6zA,8j6nA,297
4obuA,8j6nA,297
4ppmA,8j6nA,297
4q6rA,8j6nA,297
4qgrA,8j6nA,297
4rlgA,8j6nA,297
4uhoA,8j6nA,297
4uqvA,8j6nA,297
4w5kA,8j6nA,297
4wljA,8j6nA,297
4wydA,8j6nA,297
4xauC,8j6nA,297
4y0hA,8j6nA,297
4ysnA,8j6nA,297
4zahA,8j6nA,297
4zasA,8j6nA,297
4zm3A,8j6nA,297
5b89A,8j6nA,297
5d8gA,8j6nA,297
5dx5A,8j6nA,297
5eudA,8j6nA,297
5g0aA,8j6nA,297
5ghfA,8j6nA,297
5gp4A,8j6nA,297
5hdmA,8j6nA,297
5i90A,8j6nA,297
5i92F,8j6nA,297
5ijgA,8j6nA,297
5ijgB,8j6nA,297
5j8qA,8j6nA,297
5k8bA,8j6nA,297
5kqtA,8j6nA,297
5kr3A,8j6nA,297
5kr6A,8j6nA,297
5lhaA,8j6nA,297
5m4bA,8j6nA,297
5o5cA,8j6nA,297
5tf5A,8j6nA,297
5ti8B,8j6nA,297
5u23A,8j6nA,297
5uidA,8j6nA,297
5v12B,8j6nA,297
5w70A,8j6nA,297
5x03A,8j6nA,297
5x30A,8j6nA,297
5x5hA,8j6nA,297
5xmvA,8j6nA,297
5yhvA,8j6nA,297
5yktA,8j6nA,297
5z0qA,8j6nA,297
5z8aA,8j6nA,297
6a6eA,8j6nA,297
6c9bB,8j6nA,297
6cbnA,8j6nA,297
6cd1A,8j6nA,297
6cjaA,8j6nA,297
6eeiA,8j6nA,297
6eemA,8j6nA,297
6eewA,8j6nA,297
6enzA,8j6nA,297
6erkA,8j6nA,297
6ewqA,8j6nA,297
6ezlA,8j6nA,297
6f35A,8j6nA,297
6f5vA,8j6nA,297
6f77A,8j6nA,297
6fyqA,8j6nA,297
6gioA,8j6nA,297
6gwiA,8j6nA,297
6hbsA,8j6nA,297
6hndA,8j6nA,297
6hnuA,8j6nA,297
6io1A,8j6nA,297
6j2vA,8j6nA,297
6jc7A,8j6nA,297
6jixA,8j6nA,297
6k1nA,8j6nA,297
6kfmA,8j6nA,297
6kfuA,8j6nA,297
6khoA,8j6nA,297
6l1lA,8j6nA,297
6ld8A,8j6nA,297
6ldoA,8j6nA,297
6m4jA,8j6nA,297
6qp1A,8j6nA,297
6qp3A,8j6nA,297
6rl5A,8j6nA,297
6s54A,8j6nA,297
6s8wA,8j6nA,297
6smrA,8j6nA,297
6smwA,8j6nA,297
6ssdA,8j6nA,297
6t3vA,8j6nA,297
6tb1A,8j6nA,297
6ti4A,8j6nA,297
6torA,8j6nA,297
6uldA,8j6nA,297
6uxeA,8j6nA,297
6uxjA,8j6nA,297
6uy5A,8j6nA,297
6w80A,8j6nA,297
6ymdA,8j6nA,297
6zekA,8j6nA,297
6zhkA,8j6nA,297
7aatA,8j6nA,297
7ba4A,8j6nA,297
7cigA,8j6nA,297
7d7oA,8j6nA,297
7dlwA,8j6nA,297
7e13A,8j6nA,297
7fjkA,8j6nA,297
7kb1A,8j6nA,297
7kz5A,8j6nA,297
7mctH,8j6nA,297
7n63A,8j6nA,297
7nn4A,8j6nA,297
7qugA,8j6nA,297
7qx0A,8j6nA,297
7qzjA,8j6nA,297
7rf9A,8j6nA,297
7szpA,8j6nA,297
7tlmA,8j6nA,297
7vnoA,8j6nA,297
7x4yA,8j6nA,297
7x5nA,8j6nA,297
7xinA,8j6nA,297
7yeoA,8j6nA,297
7ypmA,8j6nA,297
8aqlA,8j6nA,297
8bixA,8j6nA,297
8cplA,8j6nA,297
8e77A,8j6nA,297
8e9dA,8j6nA,297
8erbA,8j6nA,297
8ffuA,8j6nA,297
8g9zA,8j6nA,297
8gyjA,8j6nA,297
8ht4A,8j6nA,297
8irkA,8j6nA,297
8j6nA,8j6nA,297
8k3hA,8j6nA,297
8odqB,8j6nA,297
8or9A,8j6nA,297
8ovhA,8j6nA,297
8sa9A,8j6nA,297
8sbgA,8j6nA,297
8sijA,8j6nA,297
8sl7A,8j6nA,297
8su6A,8j6nA,297
8tn3A,8j6nA,297
8v9mA,8j6nA,297
8vr3B,8j6nA,297
8wkjA,8j6nA,297
8wkrA,8j6nA,297
8wqjA,8j6nA,297
8x0oA,8j6nA,297
8y98A,8j6nA,297
8zpiA,8j6nA,297
8ztpA,8j6nA,297
9au3A,8j6nA,297
9axjA,8j6nA,297
9azaA,8j6nA,297
9bgrA,8j6nA,297
9bnjA,8j6nA,297
9cf4B,8j6nA,297
9iqhA,8j6nA,297
9j3uA,8j6nA,297
9jffA,8j6nA,297
9jvaA,8j6nA,297
9kauA,8j6nA,297
5zjiO,8j6zO,14
6sl5O,8j6zO,14
6zzxO,8j6zO,14
7blzO,8j6zO,14
7dz7O,8j6zO,14
7xqpO,8j6zO,14
7y7bO,8j6zO,14
7ycaO,8j6zO,14
8j6zO,8j6zO,14
8weyO,8j6zO,14
8wghO,8j6zO,14
8wm6O,8j6zO,14
9kc5O,8j6zO,14
9kqpO,8j6zO,14
1mr1C,8j70A,4
1oqjA,8j70A,4
5c4vB,8j70A,4
8j70A,8j70A,4
1b8dB,8j98A,32
1f99A,8j98A,32
1f99B,8j98A,32
1kn1A,8j98A,32
1kn1B,8j98A,32
1xg0C,8j98A,32
2bv8A,8j98A,32
2bv8B,8j98A,32
2c7lB,8j98A,32
2j96A,8j98A,32
2vjhB,8j98A,32
3dbjA,8j98A,32
3kvsA,8j98A,32
3kvsB,8j98A,32
4l1eA,8j98A,32
4l1eB,8j98A,32
4lmsB,8j98A,32
4po5A,8j98A,32
4po5B,8j98A,32
4rmpA,8j98A,32
5b13G,8j98A,32
5nb4M,8j98A,32
6ypqA,8j98A,32
6ypqB,8j98A,32
7t89B,8j98A,32
8j98A,8j98A,32
8tpjD,8j98A,32
8u0fC,8j98A,32
8uheB,8j98A,32
8uheC,8j98A,32
8uheJ,8j98A,32
8xf0C,8j98A,32
7yrbA,8j9rA,2
8j9rA,8j9rA,2
8jauB,8jauB,1
8jb1A,8jb1A,1
6rmdD,8jb3A,2
8jb3A,8jb3A,2
8jbiA,8jbiA,1
6ltbA,8jbrA,5
6p4uA,8jbrA,5
7ly7A,8jbrA,5
8hlkA,8jbrA,5
8jbrA,8jbrA,5
8jc7A,8jc7A,1
5y5s1,8jc81,3
8jc81,8jc81,3
8z81a,8jc81,3
1vq8A,8jdkG,17
3j79D,8jdkG,17
5mmmC,8jdkG,17
6tnnW,8jdkG,17
6zm6D,8jdkG,17
7a0sA,8jdkG,17
7uvzC,8jdkG,17
8cgkc,8jdkG,17
8cvmc,8jdkG,17
8jdkG,8jdkG,17
8p2hG,8jdkG,17
8qieA,8jdkG,17
8rwgD,8jdkG,17
8uuaC,8jdkG,17
9g6jj,8jdkG,17
9j1mC,8jdkG,17
9no7D,8jdkG,17
8jdkg,8jdkg,1
8jdkk,8jdkk,1
8je1I,8je1I,1
8je2D,8je2D,1
8jeaA,8jeaA,1
8jgoA,8jgoA,1
8jigA,8jigA,1
6ly5T,8jjrI,6
8iwh5,8jjrI,6
8j7zA,8jjrI,6
8jjrI,8jjrI,6
8wcl9,8jjrI,6
8z11M,8jjrI,6
8jl0A,8jl0A,1
8jl3A,8jl3A,2
8xijA,8jl3A,2
8jngA,8jngA,1
8jp0A,8jp0A,2
8sgiA,8jp0A,2
8jp4A,8jp4A,1
8jpyA,8jpyA,1
1b37A,8jqoD,71
1c0pA,8jqoD,71
1o5wA,8jqoD,71
1rsgA,8jqoD,71
1s3eA,8jqoD,71
2ivdA,8jqoD,71
2vouA,8jqoD,71
2vvmA,8jqoD,71
2yg5A,8jqoD,71
2z5yA,8jqoD,71
3aljA,8jqoD,71
3c4aA,8jqoD,71
3c96A,8jqoD,71
3dmeA,8jqoD,71
3e1tA,8jqoD,71
3ka7A,8jqoD,71
3lovA,8jqoD,71
3nycA,8jqoD,71
3oz2A,8jqoD,71
3rhaA,8jqoD,71
3rp8A,8jqoD,71
3we0A,8jqoD,71
4bjzA,8jqoD,71
4hb9A,8jqoD,71
4j33A,8jqoD,71
4opcA,8jqoD,71
4x9mA,8jqoD,71
5evyX,8jqoD,71
5g3tA,8jqoD,71
5mbxA,8jqoD,71
5mogA,8jqoD,71
5nakA,8jqoD,71
5tuiA,8jqoD,71
5tukA,8jqoD,71
5tumA,8jqoD,71
5x68A,8jqoD,71
6c6nA,8jqoD,71
6cr0A,8jqoD,71
6f7lA,8jqoD,71
6lkdA,8jqoD,71
6n04A,8jqoD,71
6nesA,8jqoD,71
6pvjA,8jqoD,71
6rkfA,8jqoD,71
6sw2A,8jqoD,71
7cp6A,8jqoD,71
7ctqA,8jqoD,71
7emeA,8jqoD,71
7epvA,8jqoD,71
7kptA,8jqoD,71
7lo1A,8jqoD,71
7oy0A,8jqoD,71
7rt0A,8jqoD,71
7z97A,8jqoD,71
8dq8A,8jqoD,71
8eenA,8jqoD,71
8er1A,8jqoD,71
8gsmG,8jqoD,71
8h0mA,8jqoD,71
8jqoD,8jqoD,71
8p84A,8jqoD,71
8r2tA,8jqoD,71
8rqhA,8jqoD,71
8twfA,8jqoD,71
8twgB,8jqoD,71
8uivA,8jqoD,71
8w7fA,8jqoD,71
8weqA,8jqoD,71
8x38A,8jqoD,71
8zopA,8jqoD,71
9h8mA,8jqoD,71
8js6A,8js6A,1
3ihbA,8jubA,4
8gwrB,8jubA,4
8jubA,8jubA,4
8t0zA,8jubA,4
8jvfA,8jvfA,1
8jjrf,8jw0f,3
8jw0f,8jw0f,3
8jzff,8jw0f,3
8jw0j,8jw0j,1
8jwjA,8jwjA,1
4nn2A,8jwsA,2
8jwsA,8jwsA,2
8jwuA,8jwuA,1
4fgoA,8jx4A,3
4u65E,8jx4A,3
8jx4A,8jx4A,3
8jxbA,8jxbA,1
8jxdB,8jxdB,1
8jxiB,8jxiB,1
3d9sC,8jy8A,11
3kcuA,8jy8A,11
3tdpA,8jy8A,11
4nefA,8jy8A,11
5bn2A,8jy8A,11
7mxyA,8jy8A,11
7uzeA,8jy8A,11
8jy8A,8jy8A,11
8sjyA,8jy8A,11
8uy6A,8jy8A,11
8y8vA,8jy8A,11
8jjrr,8jzfh,3
8jw0h,8jzfh,3
8jzfh,8jzfh,3
8jjri,8jzfi,3
8jw0i,8jzfi,3
8jzfi,8jzfi,3
8jjrj,8jzfj,2
8jzfj,8jzfj,2
8jjrl,8jzfl,3
8jw0l,8jzfl,3
8jzfl,8jzfl,3
8jjrm,8jzfm,3
8jw0m,8jzfm,3
8jzfm,8jzfm,3
8k0mA,8k0mA,1
8k1nC,8k1nC,1
2aefA,8k1tC,4
6i8vA,8k1tC,4
8k1tC,8k1tC,4
8k1tD,8k1tC,4
4q2dA,8k22A,4
4qqwA,8k22A,4
8k22A,8k22A,4
8znsA,8k22A,4
8k3uA,8k3uA,2
8k3xA,8k3uA,2
8k5o6,8k5o6,1
8jo3A,8k6vB,2
8k6vB,8k6vB,2
8k81A,8k81A,1
8k9tA,8k9tA,1
8ka0A,8ka0A,1
8kbhA,8kbhA,1
8kceA,8kceA,1
8kcsB,8kcsB,1
8kcsC,8kcsC,1
7e8oA,8kdaE,2
8kdaE,8kdaE,2
7ouih,8kdeH,4
7pi0H,8kdeH,4
8eqmh,8kdeH,4
8kdeH,8kdeH,4
7n8ok,8kdeK,2
8kdeK,8kdeK,2
8kdeX,8kdeX,1
8kdjA,8kdjA,1
8keiD,8keiD,1
8kesC,8kesC,1
8ketC,8ketC,1
8ketF,8ketF,1
8kf1B,8kf1B,1
8kg6M,8kg6M,1
8khqA,8khqA,1
1oikA,8kifA,28
2q4aA,8kifA,28
3r1jA,8kifA,28
3swtA,8kifA,28
3v17A,8kifA,28
4cvyA,8kifA,28
4j5iA,8kifA,28
4oj8A,8kifA,28
4y0eA,8kifA,28
5bk9A,8kifA,28
5bkeA,8kifA,28
5bkeE,8kifA,28
5eqnA,8kifA,28
5j92A,8kifA,28
5keuA,8kifA,28
5vn6A,8kifA,28
6d0oA,8kifA,28
6d3hA,8kifA,28
6d3jA,8kifA,28
6edhA,8kifA,28
6exfA,8kifA,28
6exfB,8kifA,28
6l86A,8kifA,28
6xojA,8kifA,28
7qtdA,8kifA,28
7tclX,8kifA,28
8khtA,8kifA,28
8kifA,8kifA,28
4dwrA,8odoA,2
8odoA,8odoA,2
8oeq0,8oeq0,1
5mei8,8oeq8,2
8oeq8,8oeq8,2
8oequ,8oequ,1
5fiwA,8ogiA,2
8ogiA,8ogiA,2
2xphB,8oi3A,9
4pidA,8oi3A,9
4wx4A,8oi3A,9
5craA,8oi3A,9
6fdkA,8oi3A,9
6gzuA,8oi3A,9
7r2eA,8oi3A,9
8oi3A,8oi3A,9
9gnnA,8oi3A,9
8oi5a,8oi5a,1
7pwgC,8oi5l,3
8oi5l,8oi5l,3
8p85l,8oi5l,3
5umdK,8oi5w,2
8oi5w,8oi5w,2
1q8fA,8oi7A,23
1yoeA,8oi7A,23
2c40A,8oi7A,23
2masA,8oi7A,23
2yhgA,8oi7A,23
3epwA,8oi7A,23
3fz0A,8oi7A,23
3t8iA,8oi7A,23
4i71A,8oi7A,23
4kl0A,8oi7A,23
4kpnA,8oi7A,23
4wr2A,8oi7A,23
5mj7A,8oi7A,23
5tsqA,8oi7A,23
6ba0A,8oi7A,23
6ba1A,8oi7A,23
6zk3A,8oi7A,23
6zk5A,8oi7A,23
8ctmA,8oi7A,23
8db6A,8oi7A,23
8oi7A,8oi7A,23
8qndA,8oi7A,23
8rihA,8oi7A,23
8oifA,8oifA,1
8ojbA,8ojdA,3
8ojdA,8ojdA,3
9k9sA,8ojdA,3
8ojlA,8ojlA,1
7p5bA,8ok8C,2
8ok8C,8ok8C,2
6zk9b,8om1R,7
7arcR,8om1R,7
7o71M,8om1R,7
7zmgM,8om1R,7
8b9zR,8om1R,7
8om1R,8om1R,7
8xnlR,8om1R,7
8css7,8om2c,2
8om2c,8om2c,2
8om4B,8om4B,1
5aj3g,8om4W,5
7aorr,8om4W,5
7pnuX,8om4W,5
8cssX,8om4W,5
8om4W,8om4W,5
8ok4A,8onhP,3
8onhD,8onhP,3
8onhP,8onhP,3
8oopJ,8oopJ,1
8oppA,8oppA,2
8optA,8oppA,2
8oprA,8oprA,1
8optB,8optB,1
8oqhA,8oqhA,1
8oqjB,8oqjB,1
8osgA,8osgA,2
8osgB,8osgA,2
8oswA,8oswA,2
8rueA,8oswA,2
1w6fA,8oszA,8
2pfrA,8oszA,8
3lnbA,8oszA,8
3ltwA,8oszA,8
4dmoA,8oszA,8
4nv7A,8oszA,8
8k56A,8oszA,8
8oszA,8oszA,8
8iwoA,8otwB,4
8otwA,8otwB,4
8otwB,8otwB,4
8u73A,8otwB,4
2c9eA,8ov5M,2
8ov5M,8ov5M,2
8ov6C,8ov6C,1
8ovcI,8ovdI,2
8ovdI,8ovdI,2
8ovdK,8ovdK,1
8a3dd,8ovjj,8
8azwV,8ovjj,8
8ccsV,8ovjj,8
8fruj,8ovjj,8
8ovjj,8ovjj,8
8v83j,8ovjj,8
9axuv,8ovjj,8
9j9hc,8ovjj,8
3iisM,8ow6B,3
8ow6A,8ow6B,3
8ow6B,8ow6B,3
8owuB,8owuB,1
8ox3A,8ox3A,2
8oxdA,8ox3A,2
8ox6A,8ox6A,1
8oxuB,8oxuB,1
4ktyA,8oxwA,3
6a8pA,8oxwA,3
8oxwA,8oxwA,3
8p1pA,8p1pA,1
8p2aA,8p2bA,2
8p2bA,8p2bA,2
3dllY,8p2g5,12
6ywsW,8p2g5,12
7p7q4,8p2g5,12
8a575,8p2g5,12
8fn2d,8p2g5,12
8ifbz,8p2g5,12
8p2g5,8p2g5,12
8p8by,8p2g5,12
8s1p0,8p2g5,12
9c4gz,8p2g5,12
9no75,8p2g5,12
9qehZ,8p2g5,12
1darA,8p2gE,10
2dy1A,8p2gE,10
5j8bz,8p2gE,10
6vmiv,8p2gE,10
7cdwA,8p2gE,10
7l20w,8p2gE,10
7otcw,8p2gE,10
7uvpA,8p2gE,10
8p2gE,8p2gE,10
9k105,8p2gE,10
1hk8A,8p2sA,5
4u3eA,8p2sA,5
8p2cA,8p2sA,5
8p2sA,8p2sA,5
8p2sB,8p2sA,5
2hi2A,8p36A,3
8p36A,8p36A,3
8p3bA,8p36A,3
1d1qA,8p5nA,6
1rxeA,8p5nA,6
5jnwA,8p5nA,6
7dheA,8p5nA,6
7kh8A,8p5nA,6
8p5nA,8p5nA,6
8p5qA,8p5qA,1
8p66B,8p66B,1
8p7yx,8p7yx,1
8creK,8p85J,2
8p85J,8p85J,2
8p85O,8p85O,1
8c3aR,8p85Q,2
8p85Q,8p85Q,2
8oj3T,8p85S,2
8p85S,8p85S,2
8oi5d,8p85c,2
8p85c,8p85c,2
8c3ar,8p85r,3
8p85r,8p85r,3
8scbI,8p85r,3
8oi5v,8p85v,3
8ovjM,8p85v,3
8p85v,8p85v,3
8p8bZ,8p8bZ,1
5t5hR,8p8br,6
6i9rT,8p8br,6
7pzyx,8p8br,6
7tutP,8p8br,6
8p85x,8p8br,6
8p8br,8p8br,6
5on6i,8p9ai,4
5tbwi,8p9ai,4
8p85i,8p9ai,4
8p9ai,8p9ai,4
1qnrA,8pe1A,21
1ur4A,8pe1A,21
1wkyA,8pe1A,21
2osxA,8pe1A,21
3pziA,8pe1A,21
3tp4B,8pe1A,21
4bf7A,8pe1A,21
4cd5A,8pe1A,21
4lyqA,8pe1A,21
4oozA,8pe1A,21
5j14A,8pe1A,21
5o9qA,8pe1A,21
6gpaA,8pe1A,21
6hf2A,8pe1A,21
6hpfA,8pe1A,21
6q3rA,8pe1A,21
7oskA,8pe1A,21
8balA,8pe1A,21
8pe1A,8pe1A,21
9fliA,8pe1A,21
9fymA,8pe1A,21
8peyA,8peyA,1
8pf0A,8pf0A,1
8phzA,8phzA,1
1gzrB,8pi5D,3
1imxA,8pi5D,3
8pi5D,8pi5D,3
3q7eA,8pjdA,12
3r0qA,8pjdA,12
4c08A,8pjdA,12
4lwpA,8pjdA,12
4m37A,8pjdA,12
5dstA,8pjdA,12
5fubA,8pjdA,12
6dnzA,8pjdA,12
8ft7A,8pjdA,12
8g2hA,8pjdA,12
8pjdA,8pjdA,12
8shrA,8pjdA,12
8pjnb,8pjnb,2
8pmq2,8pjnb,2
8pk5B,8pk5B,1
8pm6A,8pm6A,1
8pmeA,8pmmA,2
8pmmA,8pmmA,2
7ns4i,8pmq9,2
8pmq9,8pmq9,2
8pn3A,8pn3A,1
8pn9H,8pn9H,1
8pnjA,8pnjA,1
8pnnC,8pnnC,1
8pnvA,8pnvA,1
8prvB,8prvB,1
8ps4B,8ps4B,1
8psoA,8psoA,1
8pszA,8pszA,1
8pszC,8pszC,1
8pt6C,8pt6C,1
8pu1B,8pu4A,2
8pu4A,8pu4A,2
8pvyD,8pvyD,1
8pxcA,8pxcA,1
8py2F,8py2F,1
8pzhA,8pzhA,1
5hgrA,8pzkA,10
5ui2A,8pzkA,10
6pq1A,8pzkA,10
7ekrA,8pzkA,10
7qd2A,8pzkA,10
7ytfA,8pzkA,10
7zsfA,8pzkA,10
8a0hA,8pzkA,10
8pyhA,8pzkA,10
8pzkA,8pzkA,10
8q1vA,8q1wA,2
8q1wA,8q1wA,2
8q3vC,8q3vC,1
8q3vF,8q3vF,1
8q3va,8q3va,1
8q3vb,8q3vb,1
8q3vd,8q3vd,1
8q3ve,8q3ve,1
8q3vg,8q3vg,1
8q4dA,8q4dA,1
5obpA,8q4hA,2
8q4hA,8q4hA,2
5tbwM,8q5iM,4
6zojL,8q5iM,4
8q5iM,8q5iM,4
9fhlR,8q5iM,4
8q5iX,8q5iX,2
9no7h,8q5iX,2
1f0oA,8q5oA,3
8q5oA,8q5oA,3
8rpxA,8q5oA,3
8q5uE,8q5uE,1
8q66A,8q66A,1
1ltlA,8q6o7,12
3jc67,8q6o7,12
4me3A,8q6o7,12
4pofA,8q6o7,12
6wnzA,8q6o7,12
7dp3A,8q6o7,12
7dpdA,8q6o7,12
8q6o2,8q6o7,12
8q6o4,8q6o7,12
8q6o5,8q6o7,12
8q6o6,8q6o7,12
8q6o7,8q6o7,12
4r7zA,8q6p6,14
6sko2,8q6p6,14
6sko3,8q6p6,14
6sko4,8q6p6,14
6sko5,8q6p6,14
6sko6,8q6p6,14
6sko7,8q6p6,14
8q6p2,8q6p6,14
8q6p3,8q6p6,14
8q6p5,8q6p6,14
8q6p6,8q6p6,14
8q6p7,8q6p6,14
8s94A,8q6p6,14
8s94D,8q6p6,14
8q6rC,8q6rC,1
8q8iA,8q8iA,1
2xgaA,8q8oB,3
8q8oB,8q8oB,3
9uwzB,8q8oB,3
8qa4A,8qa4A,1
8qblE,8qblE,1
5hhkB,8qbmA,3
8qbmA,8qbmA,3
8ub7A,8qbmA,3
7aqrR,8qbyR,5
7dgzI,8qbyR,5
8bedR,8qbyR,5
8ca3R,8qbyR,5
8qbyR,8qbyR,5
7vb7N,8qbyq,2
8qbyq,8qbyq,2
8qciB,8qciB,1
8qf5H,8qf5H,1
8a3da,8qfdg,4
8ccsS,8qfdg,4
8qfdg,8qfdg,4
9j9ha,8qfdg,4
8qgrB,8qgrB,1
1wveC,8qk0A,3
8qj6A,8qk0A,3
8qk0A,8qk0A,3
8qlgA,8qlgA,1
8qmoD,8qmoD,1
8qpxA,8qpxA,1
4zqxA,8qqcA,6
5a98A,8qqcA,6
5a9aA,8qqcA,6
5a9pA,8qqcA,6
5gqiA,8qqcA,6
8qqcA,8qqcA,6
8qreA,8qreA,1
6woo1,8qrn7,7
7unwx,8qrn7,7
7zah7,8qrn7,7
8pj50,8qrn7,7
8qrn7,8qrn7,7
9ax8z,8qrn7,7
9hfo7,8qrn7,7
8qsjM,8qsjM,1
3qnqA,8qsrA,3
5iwsA,8qsrA,3
8qsrA,8qsrA,3
8qtgA,8qtgA,1
6y7fA,8qtnA,4
8qtnA,8qtnA,4
8qz7A,8qtnA,4
8zb1A,8qtnA,4
8qtnC,8qtnC,1
8qu5v,8qu5v,1
8qukA,8qukA,1
8qx4A,8qx4A,1
8qycA,8qycA,1
8qykA,8qykA,1
8r0jC,8r0jC,1
6n29A,8r0tB,9
6rbfA,8r0tB,9
6tm2C,8r0tB,9
7a5oD,8r0tB,9
7prlA,8r0tB,9
8oerC,8r0tB,9
8qtbA,8r0tB,9
8r0tB,8r0tB,9
9gvjC,8r0tB,9
8r0tC,8r0tC,1
1dmhA,8r2vA,14
1tmxA,8r2vA,14
2azqA,8r2vA,14
2boyA,8r2vA,14
2xsuA,8r2vA,14
3hhyA,8r2vA,14
3n9tA,8r2vA,14
3o5uA,8r2vA,14
3th1A,8r2vA,14
5td3A,8r2vA,14
5umhA,8r2vA,14
8r2vA,8r2vA,14
8r2wA,8r2vA,14
8r2xA,8r2vA,14
8r3cA,8r3cA,1
8r4bA,8r4bA,1
4wnrA,8r4dA,2
8r4dA,8r4dA,2
8r5nA,8r5nA,1
8r5oE,8r5oE,1
8r5oL,8r5oL,1
1cb8A,8r70A,21
1i8qA,8r70A,21
1lxkA,8r70A,21
1rwhA,8r70A,21
1x1iA,8r70A,21
2wdaA,8r70A,21
3aflA,8r70A,21
3e7jA,8r70A,21
4mmhA,8r70A,21
4ok4A,8r70A,21
5jmfA,8r70A,21
6hznA,8r70A,21
6jp4A,8r70A,21
6ljlA,8r70A,21
7bjtA,8r70A,21
8khvA,8r70A,21
8khwA,8r70A,21
8r70A,8r70A,21
8r73A,8r70A,21
9irqA,8r70A,21
9o3qA,8r70A,21
1ls1A,8r9rA,17
2hf9A,8r9rA,17
2j7pD,8r9rA,17
2px0A,8r9rA,17
3e70C,8r9rA,17
4lpsA,8r9rA,17
5l3sA,8r9rA,17
5l3sB,8r9rA,17
6cy5A,8r9rA,17
6fqdA,8r9rA,17
6nc1A,8r9rA,17
6y2zA,8r9rA,17
6y32B,8r9rA,17
7o9fA,8r9rA,17
7o9iA,8r9rA,17
8r9rA,8r9rA,17
8rixA,8r9rA,17
8r9tA,8r9tA,1
1twfL,8rboP,10
2k2dA,8rboP,10
3h0gL,8rboP,10
5xogL,8rboP,10
7z0hL,8rboP,10
8himL,8rboP,10
8rboP,8rboP,10
9bcuP,8rboP,10
9bz0L,8rboP,10
9mu8L,8rboP,10
7xg0A,8rc3G,3
8rc3G,8rc3G,3
8s35G,8rc3G,3
8rcwA,8rcwA,1
4bkrA,8rczA,4
4eueA,8rczA,4
4fbgA,8rczA,4
8rczA,8rczA,4
7svwB,8rduR,2
8rduR,8rduR,2
8reya,8reya,1
8rf6A,8rf6A,1
6j5tC,8rfhA,8
7xc2A,8rfhA,8
8rfhA,8rfhA,8
8xuoA,8rfhA,8
8xuqA,8rfhA,8
9cc8A,8rfhA,8
9fp6A,8rfhA,8
9ri9B,8rfhA,8
5xtcs,8rgrH,14
6l7oA,8rgrH,14
6q8oH,8rgrH,14
6y791,8rgrH,14
7p7cH,8rgrH,14
7r47H,8rgrH,14
7v2hs,8rgrH,14
7z0sD,8rgrH,14
8b9zH,8rgrH,14
8bpxH,8rgrH,14
8e9gH,8rgrH,14
8qbyH,8rgrH,14
8rgrH,8rgrH,14
9f5yQ,8rgrH,14
8rheA,8rheA,2
8rhfA,8rheA,2
8rhoA,8rhoA,1
5dqrA,8riuB,5
7bkeE,8riuB,5
8riuB,8riuB,5
8rjaE,8riuB,5
8rvvE,8riuB,5
5t5iB,8rjaB,4
6s6yB,8rjaB,4
7bkch,8rjaB,4
8rjaB,8rjaB,4
8rkeB,8rkeB,1
8rkhA,8rkhA,1
8rlzA,8rlzA,1
1zunA,8romA,5
2goyA,8romA,5
2oq2A,8romA,5
7lhuA,8romA,5
8romA,8romA,5
8royA,8royA,1
8rqfB,8rqfB,1
5mtzA,8rr1E,3
8rr1E,8rr1E,3
9ey0E,8rr1E,3
8rsnA,8rsnA,1
8rsqA,8rsqA,1
3ulqA,8rsvA,2
8rsvA,8rsvA,2
3n6rA,8rthA,7
7ybuA,8rthA,7
8jxnJ,8rthA,7
8rthA,8rthA,7
8sgzB,8rthA,7
8xl6A,8rthA,7
8xl6C,8rthA,7
5odqA,8rvvA,3
7bkea,8rvvA,3
8rvvA,8rvvA,3
8rvvD,8rvvD,1
5odqB,8rwnb,3
7bkeb,8rwnb,3
8rwnb,8rwnb,3
8rx8A,8rx8A,1
8rxbA,8rxbA,1
5lkmB,8rxcA,2
8rxcA,8rxcA,2
8rxdA,8rxdA,1
8rz8A,8rz9B,3
8rz9A,8rz9B,3
8rz9B,8rz9B,3
8rzaA,8rzaA,2
8rzfA,8rzaA,2
8rzlA,8rzlA,1
8ck2A,8s03A,4
8oerI,8s03A,4
8ov0A,8s03A,4
8s03A,8s03A,4
8s1xB,8s1xB,2
9c90A,8s1xB,2
8s3mA,8s3mA,1
1q0qA,8s65A,11
1r0lA,8s65A,11
2y1eA,8s65A,11
3a06A,8s65A,11
3iieA,8s65A,11
4zqfA,8s65A,11
5ks1A,8s65A,11
6mh5A,8s65A,11
7s04A,8s65A,11
8s65A,8s65A,11
8zxxA,8s65A,11
1q4gA,8s6cA,11
3nt1A,8s6cA,11
4hhrA,8s6cA,11
4kvlA,8s6cA,11
5f19A,8s6cA,11
5fiwC,8s6cA,11
5mfaA,8s6cA,11
6ercA,8s6cA,11
7de5A,8s6cA,11
8ogiB,8s6cA,11
8s6cA,8s6cA,11
6z5yA,8s71A,2
8s71A,8s71A,2
8s8ei,8s8ei,1
8s9vD,8s9vD,1
8sbqA,8sbqA,1
8sgnG,8sgnG,1
7lguA,8sgwC,5
7lhvA,8sgwC,5
7v73A,8sgwC,5
8sgwC,8sgwC,5
8x1uA,8sgwC,5
3dtkA,8slnA,5
6cyyA,8slnA,5
6d2sA,8slnA,5
7t5tA,8slnA,5
8slnA,8slnA,5
7sp8A,8smnA,2
8smnA,8smnA,2
1pp9C,8smrD,16
2qjyA,8smrD,16
2yiuA,8smrD,16
3cx5C,8smrD,16
3tguC,8smrD,16
5xteJ,8smrD,16
6klvB,8smrD,16
6xi0C,8smrD,16
7o3hC,8smrD,16
7rjaK,8smrD,16
8ab6C,8smrD,16
8belC,8smrD,16
8q1bC,8smrD,16
8smrD,8smrD,16
9g9ta,8smrD,16
9h8tj,8smrD,16
1pp9D,8smrM,15
2qjyB,8smrM,15
2yiuB,8smrM,15
3cx5D,8smrM,15
3tguD,8smrM,15
6klvC,8smrM,15
6xi0D,8smrM,15
7rjaD,8smrM,15
8ab6D,8smrM,15
8b6jD,8smrM,15
8belE,8smrM,15
8q1bD,8smrM,15
8smrJ,8smrM,15
8smrM,8smrM,15
9g9tb,8smrM,15
8snlA,8snlA,1
8snmB,8snmB,2
9o54A,8snmB,2
8sojD,8sojD,1
8soqE,8soqE,2
8stdA,8soqE,2
8spoA,8spoA,2
8u7bB,8spoA,2
6uxqA,8srxB,2
8srxB,8srxB,2
7tnlA,8ss9A,2
8ss9A,8ss9A,2
8ssiA,8ssiA,1
8sskA,8sskA,1
8ssqA,8ssqD,3
8ssqD,8ssqD,3
8ssuA,8ssqD,3
8st7A,8st9A,3
8st8A,8st9A,3
8st9A,8st9A,3
3oxhA,8stbA,3
8epyA,8stbA,3
8stbA,8stbA,3
8su9A,8su9A,2
8yhxH,8su9A,2
4gv2A,8swyA,10
4hhzD,8swyA,10
4zzxA,8swyA,10
5dsyA,8swyA,10
6hxsA,8swyA,10
6i8mA,8swyA,10
6ntuA,8swyA,10
8swyA,8swyA,10
8w28D,8swyA,10
9etqA,8swyA,10
8sx0B,8sx0B,1
8sx2A,8sx2A,1
7ax3B,8sxzb,2
8sxzb,8sxzb,2
8sy3A,8sy3A,1
8spgA,8t0lF,2
8t0lF,8t0lF,2
8t1oA,8t1oA,1
8t56A,8t56A,6
8t57A,8t56A,6
8u53A,8t56A,6
8wg3A,8t56A,6
8wg4A,8t56A,6
8xw0A,8t56A,6
8t56D,8t56D,1
8t7cA,8t7cA,2
9ax5A,8t7cA,2
3lzqA,8t7mA,6
3pjlA,8t7mA,6
5i0yA,8t7mA,6
7r4vA,8t7mA,6
8t7mA,8t7mA,6
8vv5A,8t7mA,6
8t85A,8t85A,1
8tbxA,8tbxA,1
8tcmB,8tcmB,1
8tgtC,8tgtC,1
8thbA,8thbA,1
2fgyA,8thmA,2
8thmA,8thmA,2
8thoA,8thoA,1
8tl1A,8tl1A,1
1vykA,8tndA,19
1yo7A,8tndA,19
2a0bA,8tndA,19
2ligA,8tndA,19
4k0dA,8tndA,19
4z9hA,8tndA,19
5l0dB,8tndA,19
6ncoA,8tndA,19
6pw8A,8tndA,19
6s38A,8tndA,19
6tyjA,8tndA,19
6w70A,8tndA,19
7ae6A,8tndA,19
7oceE,8tndA,19
8bsaA,8tndA,19
8ec3A,8tndA,19
8tndA,8tndA,19
8wm6Q,8tndA,19
8yufA,8tndA,19
8tnqC,8tnqC,1
6xl5F,8to8L,2
8to8L,8to8L,2
7yi0D,8tofG,2
8tofG,8tofG,2
8tpjA,8tpjA,1
8tpjC,8tpjC,1
8tq1H,8tq1H,1
8tqcD,8tqcD,1
8tqdA,8tqdA,1
8tqmA,8tqmA,1
8tr6A,8tr6A,1
8triA,8triA,1
8tt3C,8tt3C,2
9cflA,8tt3C,2
8es7G,8tw4G,2
8tw4G,8tw4G,2
8twjA,8twjA,1
1x92A,8tx9A,8
2i22B,8tx9A,8
3etnA,8tx9A,8
5i01A,8tx9A,8
5uqiA,8tx9A,8
7en7A,8tx9A,8
8tx9A,8tx9A,8
8v4jA,8tx9A,8
8tz0A,8tz0A,1
8tz3A,8tz3A,1
8txzA,8tzeA,7
8tyqA,8tzeA,7
8tzbA,8tzeA,7
8tzcA,8tzeA,7
8tzeA,8tzeA,7
8tzgA,8tzeA,7
9dmiA,8tzeA,7
8tzvB,8tzvB,1
8u0iA,8u0iA,1
8u0rD,8u0rD,1
7z11A,8u0vA,2
8u0vA,8u0vA,2
5hk7A,8u3aD,4
7pgbc,8u3aD,4
7pggA,8u3aD,4
8u3aD,8u3aD,4
8u4jB,8u4jB,1
8u7cA,8u7cA,1
8u85A,8u85A,1
8u86A,8u86A,1
8u8mA,8u8mA,1
8c8qD,8ucmd,3
8ucmd,8ucmd,3
9etzd,8ucmd,3
8uf4A,8uf4A,1
8ufgF,8ufgF,2
8ufgG,8ufgF,2
8ugbA,8ugbB,3
8ugbB,8ugbB,3
9cxgA,8ugbB,3
8uheK,8uheK,1
6tqhA,8uhwB,2
8uhwB,8uhwB,2
8uiiA,8uiiA,1
8ujmA,8ujmA,1
1ayoB,8um6B,20
1g43A,8um6B,20
1zv9A,8um6B,20
2wnxA,8um6B,20
2xfgB,8um6B,20
3fnkB,8um6B,20
3zqxA,8um6B,20
3zucA,8um6B,20
4b96A,8um6B,20
4b97A,8um6B,20
4b9cA,8um6B,20
4b9fA,8um6B,20
4b9pA,8um6B,20
4uyqA,8um6B,20
6d5bA,8um6B,20
6qfsB,8um6B,20
6sl4A,8um6B,20
7urpA,8um6B,20
7wrkA,8um6B,20
8um6B,8um6B,20
8umgA,8umgA,1
1eynA,8umnA,20
1g6sA,8umnA,20
1rf6A,8umnA,20
2o0bA,8umnA,20
2pqcA,8umnA,20
2rl1A,8umnA,20
2yvwA,8umnA,20
3nvsA,8umnA,20
3slhA,8umnA,20
3vcyA,8umnA,20
4r7uA,8umnA,20
5bq2A,8umnA,20
5u4hA,8umnA,20
6cn1A,8umnA,20
6nkjA,8umnA,20
6q0aA,8umnA,20
7tb0A,8umnA,20
7tbuA,8umnA,20
7tm6A,8umnA,20
8umnA,8umnA,20
8un2A,8un2A,1
8un9A,8un9A,1
4njeA,8uouA,2
8uouA,8uouA,2
8uq7A,8uq7A,1
8uqaK,8uqaK,1
8gzhD,8urwD,5
8rasD,8urwD,5
8urwD,8urwD,5
8w9zC,8urwD,5
8wa0C,8urwD,5
2vqfT,8uu5t,3
5wdtt,8uu5t,3
8uu5t,8uu5t,3
2uxcJ,8uu7j,3
8g7pj,8uu7j,3
8uu7j,8uu7j,3
5mmi2,8uua5,11
7nhl6,8uua5,11
7oodz,8uua5,11
7p7q5,8uua5,11
8s1p1,8uua5,11
8uua5,8uua5,11
9b1yy,8uua5,11
9c4g0,8uua5,11
9j1m1,8uua5,11
9no76,8uua5,11
9qeh1,8uua5,11
7unw6,8uua6,5
8cvm1,8uua6,5
8g7p6,8uua6,5
8uua6,8uua6,5
9no77,8uua6,5
5jvgQ,8uuaV,5
8g7rV,8uuaV,5
8uuaV,8uuaV,5
9b1yp,8uuaV,5
9no7X,8uuaV,5
8uuaZ,8uuaZ,4
9b1yt,8uuaZ,4
9c4gw,8uuaZ,4
9j1mX,8uuaZ,4
1keaA,8uucA,11
1kg2A,8uucA,11
1ornA,8uucA,11
1pu7A,8uucA,11
2abkA,8uucA,11
3n5nX,8uucA,11
4uobA,8uucA,11
5kn8A,8uucA,11
7rdtA,8uucA,11
8a5fA,8uucA,11
8uucA,8uucA,11
8uw8A,8uw8A,1
8ux2A,8ux2A,1
8uy2A,8uy2A,1
4r8pL,8v0dA,3
7jzvA,8v0dA,3
8v0dA,8v0dA,3
8v14A,8v14A,1
8v1jA,8v1jA,1
1nwwA,8v1lA,30
1ohpA,8v1lA,30
2a15A,8v1lA,30
2bngB,8v1lA,30
2ux0E,8v1lA,30
3cnxB,8v1lA,30
3en8A,8v1lA,30
3stdA,8v1lA,30
4akyA,8v1lA,30
4cdlA,8v1lA,30
4j8tA,8v1lA,30
4nhfB,8v1lA,30
4wwuC,8v1lA,30
5aiiF,8v1lA,30
5bvbA,8v1lA,30
5ienA,8v1lA,30
5jpuA,8v1lA,30
5wioA,8v1lA,30
6c1xA,8v1lA,30
6d63A,8v1lA,30
6p44A,8v1lA,30
6uadA,8v1lA,30
6uaeA,8v1lA,30
6vw4A,8v1lA,30
7epoA,8v1lA,30
8r2bA,8v1lA,30
8uqfA,8v1lA,30
8v1lA,8v1lA,30
9eoyC,8v1lA,30
9f8nA,8v1lA,30
8v32J,8v32J,1
8v3mA,8v3mA,1
8v3vA,8v3vA,1
8v46A,8v46A,1
8v48H,8v48H,1
6c0fu,8v83u,2
8v83u,8v83u,2
8v873,8v873,1
8v84b,8v87b,2
8v87b,8v87b,2
8va1A,8va1A,1
1j02A,8va9A,22
1j77A,8va9A,22
1n45A,8va9A,22
1rtwA,8va9A,22
1sk7A,8va9A,22
1t5pB,8va9A,22
1we1A,8va9A,22
1wovA,8va9A,22
1z72B,8va9A,22
2f2gA,8va9A,22
2gm8A,8va9A,22
2q32A,8va9A,22
2qcxA,8va9A,22
3hlxA,8va9A,22
4wx0A,8va9A,22
5kzlA,8va9A,22
7ckaA,8va9A,22
7eqhA,8va9A,22
7twaA,8va9A,22
8ji7A,8va9A,22
8va9A,8va9A,22
9f5uA,8va9A,22
8vavA,8vavA,1
8vc8A,8vc8A,1
8vc9A,8vc9A,1
8vcjX,8vcjX,1
8vdlC,8vdlC,1
1gatA,8vg1T,5
2m9wA,8vg1T,5
3dfxA,8vg1T,5
4gatA,8vg1T,5
8vg1T,8vg1T,5
8vh7A,8vh7A,1
4p02A,8vhtA,6
7d5kA,8vhtA,6
8g27C,8vhtA,6
8vhtA,8vhtA,6
8vi0A,8vhtA,6
9fnnA,8vhtA,6
8vizG,8vizG,1
8vjlA,8vjlA,1
8vjnA,8vjnA,1
8vlhA,8vlhA,1
8vlxB,8vlxB,1
5hynA,8vmiC,7
5ij7A,8vmiC,7
5wg6A,8vmiC,7
7td5A,8vmiC,7
7td5F,8vmiC,7
8vmiC,8vmiC,7
9c8uA,8vmiC,7
8vmsA,8vmsA,1
2hotA,8vtsB,2
8vtsB,8vtsB,2
4i7zD,8vu3M,2
8vu3M,8vu3M,2
1f56A,8vukA,14
1jerA,8vukA,14
1pmyA,8vukA,14
1ws8A,8vukA,14
1x9uA,8vukA,14
2cbpA,8vukA,14
3ef4A,8vukA,14
3erxA,8vukA,14
3tu6A,8vukA,14
4f2eA,8vukA,14
4f2fA,8vukA,14
6ifpA,8vukA,14
8k9nA,8vukA,14
8vukA,8vukA,14
8vuxB,8vuxB,1
8vypC,8vypC,1
8w0rA,8w0rA,1
8w2qA,8w2qA,1
3v4vB,8w30B,9
3ze2D,8w30B,9
4um8D,8w30B,9
4wk0B,8w30B,9
5e6sB,8w30B,9
6om1B,8w30B,9
6om1D,8w30B,9
8w30B,8w30B,9
9czdB,8w30B,9
8w8ea,8w8ea,1
3pjzA,8w9vA,5
4j7cI,8w9vA,5
8k69A,8w9vA,5
8w9oA,8w9vA,5
8w9vA,8w9vA,5
6vvtC,8wa0B,4
8q3kB,8wa0B,4
8txoI,8wa0B,4
8wa0B,8wa0B,4
8wa2G,8wa2G,1
8wa2H,8wa2H,1
8wa2I,8wa2I,1
8wb4I,8wb4I,2
9kqbi,8wb4I,2
8wb4Y,8wb4Y,1
5xnlb,8wb4b,22
5xnlc,8wb4b,22
7dxhc,8wb4b,22
7n8ob,8wb4b,22
7n8oc,8wb4b,22
7pi0b,8wb4b,22
7pi0c,8wb4b,22
7sa3B,8wb4b,22
7sa3C,8wb4b,22
7vd5c,8wb4b,22
7y3f1,8wb4b,22
7ymi1,8wb4b,22
7ymi4,8wb4b,22
7ymib,8wb4b,22
7ymic,8wb4b,22
8bd3b,8wb4b,22
8wb4b,8wb4b,22
8wb4c,8wb4b,22
9evxB,8wb4b,22
9evxc,8wb4b,22
9kqbB,8wb4b,22
9kqbc,8wb4b,22
8wb4m,8wb4m,1
8wb4x,8wb4x,1
8wceA,8wceA,1
6wlwR,8wciP,2
8wciP,8wciP,2
8wcnA,8wcnA,1
8wdu0,8wdu0,1
8wdu3,8wdu3,1
7c9r0,8wduE,2
8wduE,8wduE,2
8wdv8,8wdv8,1
8we8B,8we8B,1
8wejB,8wejB,1
8wexA,8wexA,1
8wfbA,8wfbA,1
7ycaN,8wghN,2
8wghN,8wghN,2
8wgyE,8wgyE,1
2wr1B,8wisA,11
2yp5A,8wisA,11
4mc5A,8wisA,11
4wssC,8wisA,11
5xlaA,8wisA,11
6ijtA,8wisA,11
6n41A,8wisA,11
7uyiE,8wisA,11
8wisA,8wisA,11
8x2dA,8wisA,11
8zw5A,8wisA,11
7yca1,8wm6d,6
8jjrJ,8wm6d,6
8jjrT,8wm6d,6
8jjrU,8wm6d,6
8jzfN,8wm6d,6
8wm6d,8wm6d,6
4rku3,8wm6f,123
6a2wA,8wm6f,123
6jlu0,8wm6f,123
6l4u1,8wm6f,123
6l4u2,8wm6f,123
6ly5A,8wm6f,123
6ly5C,8wm6f,123
6ly5D,8wm6f,123
6ly5E,8wm6f,123
6ly5F,8wm6f,123
6ly5G,8wm6f,123
6ly5H,8wm6f,123
6ly5I,8wm6f,123
6ly5J,8wm6f,123
6ly5K,8wm6f,123
6ly5L,8wm6f,123
6ly5M,8wm6f,123
6ly5O,8wm6f,123
6ly5U,8wm6f,123
6ly5V,8wm6f,123
7blz3,8wm6f,123
7y7b1,8wm6f,123
7y7b3,8wm6f,123
7y7b4,8wm6f,123
7y7b5,8wm6f,123
7y7b6,8wm6f,123
7y7b7,8wm6f,123
7y7b9,8wm6f,123
7y7ba,8wm6f,123
7y7bc,8wm6f,123
7y7be,8wm6f,123
8h2u5,8wm6f,123
8iwh0,8wm6f,123
8iwh1,8wm6f,123
8iwh3,8wm6f,123
8iwh6,8wm6f,123
8j5k0,8wm6f,123
8jjrA,8wm6f,123
8jjrB,8wm6f,123
8jjrC,8wm6f,123
8jjrD,8wm6f,123
8jjrE,8wm6f,123
8jjrF,8wm6f,123
8jjrG,8wm6f,123
8jjrH,8wm6f,123
8jjrK,8wm6f,123
8jw0A,8wm6f,123
8jw0B,8wm6f,123
8jw0C,8wm6f,123
8jw0E,8wm6f,123
8jw0J,8wm6f,123
8jw0O,8wm6f,123
8jw0P,8wm6f,123
8jw0Q,8wm6f,123
8jzfA,8wm6f,123
8jzfB,8wm6f,123
8jzfD,8wm6f,123
8jzfF,8wm6f,123
8jzfG,8wm6f,123
8jzfH,8wm6f,123
8jzfI,8wm6f,123
8jzfJ,8wm6f,123
8jzfK,8wm6f,123
8jzfL,8wm6f,123
8jzfM,8wm6f,123
8wb40,8wm6f,123
8wb41,8wm6f,123
8wb42,8wm6f,123
8wb43,8wm6f,123
8wb45,8wm6f,123
8wb46,8wm6f,123
8wcl5,8wm6f,123
8wcl6,8wm6f,123
8wcl7,8wm6f,123
8wey1,8wm6f,123
8wey2,8wm6f,123
8wey3,8wm6f,123
8wm6a,8wm6f,123
8wm6b,8wm6f,123
8wm6e,8wm6f,123
8wm6f,8wm6f,123
8wm6g,8wm6f,123
8wm6i,8wm6f,123
8wm6k,8wm6f,123
8wm6n,8wm6f,123
8wmvk,8wm6f,123
8xlp1,8wm6f,123
8xlp2,8wm6f,123
8xlp3,8wm6f,123
8xlp4,8wm6f,123
8xlp5,8wm6f,123
8xlp6,8wm6f,123
8xls2,8wm6f,123
8xls3,8wm6f,123
8xls4,8wm6f,123
8xls5,8wm6f,123
8z11A,8wm6f,123
8z11C,8wm6f,123
8z11D,8wm6f,123
8z11E,8wm6f,123
8z11F,8wm6f,123
8z11G,8wm6f,123
8z11H,8wm6f,123
8z11I,8wm6f,123
8z11J,8wm6f,123
8z11K,8wm6f,123
8z11N,8wm6f,123
8z11Q,8wm6f,123
8z11U,8wm6f,123
8zehA,8wm6f,123
8zehF,8wm6f,123
8zehG,8wm6f,123
8zehI,8wm6f,123
8zehJ,8wm6f,123
8zehK,8wm6f,123
8zehL,8wm6f,123
9kc52,8wm6f,123
9kc54,8wm6f,123
9kc55,8wm6f,123
9kc56,8wm6f,123
9kc57,8wm6f,123
9kqb2,8wm6f,123
9kqb6,8wm6f,123
8wm7C,8wm7C,1
5zx5A,8wpnA,22
6bcoA,8wpnA,22
6bwdA,8wpnA,22
6bwiA,8wpnA,22
6o72A,8wpnA,22
6o77A,8wpnA,22
6uz8A,8wpnA,22
7b0jA,8wpnA,22
7dxbA,8wpnA,22
7mbqA,8wpnA,22
7wdbA,8wpnA,22
7wreA,8wpnA,22
8ddqA,8wpnA,22
8rcuA,8wpnA,22
8slpA,8wpnA,22
8w2lA,8wpnA,22
8wpmA,8wpnA,22
8wpnA,8wpnA,22
9b29A,8wpnA,22
9b2aA,8wpnA,22
9b8xA,8wpnA,22
9jjeA,8wpnA,22
8wrxA,8wrxA,1
2f6sA,8wt0A,10
3se5A,8wt0A,10
3zcbA,8wt0A,10
3zlmA,8wt0A,10
4n67A,8wt0A,10
4wgjA,8wt0A,10
4x2dA,8wt0A,10
6ep5A,8wt0A,10
8idwA,8wt0A,10
8wt0A,8wt0A,10
8wt6A,8wt6A,1
8wtcB,8wtcB,1
7r89B,8wtoA,8
7r8aA,8wtoA,8
7r8dA,8wtoA,8
8i39A,8wtoA,8
8qcmA,8wtoA,8
8wbxB,8wtoA,8
8wtoA,8wtoA,8
8z00A,8wtoA,8
8wvzA,8wvzA,1
8wvzE,8wvzE,1
8wwyC,8wwyD,2
8wwyD,8wwyD,2
8wyfA,8wyfA,1
8wyrM,8wyrM,1
7ndiB,8wzcA,3
7ndjB,8wzcA,3
8wzcA,8wzcA,3
8x0vA,8x0vA,1
6f0kC,8x2jF,4
6lodC,8x2jF,4
8x2jC,8x2jF,4
8x2jF,8x2jF,4
8x39A,8x39A,1
8x4mA,8x4mA,1
8x4nB,8x4nB,1
8x5iB,8x5nA,2
8x5nA,8x5nA,2
4qbkA,8x5tA,4
5y9aA,8x5tA,4
8axpA,8x5tA,4
8x5tA,8x5tA,4
8x7pA,8x7pA,1
1ac0A,8x8kA,10
1z0nA,8x8kA,10
2c3hA,8x8kA,10
2c3wA,8x8kA,10
2j73A,8x8kA,10
4bfoA,8x8kA,10
4yeeA,8x8kA,10
4yefD,8x8kA,10
7qf7A,8x8kA,10
8x8kA,8x8kA,10
7y68A,8xbsA,3
8junA,8xbsA,3
8xbsA,8xbsA,3
8xgqA,8xgqB,2
8xgqB,8xgqB,2
7jlgA,8xifA,3
8iqcA,8xifA,3
8xifA,8xifA,3
8xj6D,8xj6D,4
8xj6F,8xj6D,4
9im1A,8xj6D,4
9im1E,8xj6D,4
8xjgA,8xjgA,1
8xkuA,8xkuA,1
8xkuB,8xkuB,1
8xkuR,8xkuR,1
8xl6G,8xl6G,1
8xlpG,8xlpG,1
8xlpW,8xlpW,1
8xlpm,8xlpm,1
8xlpx,8xlpx,1
8xmkD,8xmkD,2
9hejB,8xmkD,2
8xmpE,8xmpE,4
8xmqD,8xmpE,4
9hejA,8xmpE,4
9nb5A,8xmpE,4
8xmqF,8xmqF,1
8xmwD,8xmwD,1
8xo3B,8xo3B,1
8xo6B,8xo6B,1
1r6bX,8xooO,12
4ciuA,8xooO,12
6oaxA,8xooO,12
6oaxE,8xooO,12
6w1zA,8xooO,12
6w6gA,8xooO,12
6w6gD,8xooO,12
6w6jD,8xooO,12
7abrA,8xooO,12
8xooO,8xooO,12
8ycxE,8xooO,12
9jvpA,8xooO,12
8xoqA,8xoqA,1
8xqwA,8xqwA,1
8xqwC,8xqwC,1
8xqwE,8xqwE,1
8xqwF,8xqwF,1
8xqxI,8xqxI,1
8xqxM,8xqxM,1
8xqxP,8xqxP,1
8xqxR,8xqxR,1
8wb4S,8xr6n,2
8xr6n,8xr6n,2
8xsaB,8xsaB,1
8xufC,8xufC,1
8xuuA,8xuuA,1
3oduA,8xvkR,42
4iarA,8xvkR,42
4ib4A,8xvkR,42
4z35A,8xvkR,42
4zj8A,8xvkR,42
5t04A,8xvkR,42
5u09A,8xvkR,42
5wb2A,8xvkR,42
5wqcA,8xvkR,42
5x33A,8xvkR,42
5x93A,8xvkR,42
5zkqB,8xvkR,42
6bd4A,8xvkR,42
6fj3A,8xvkR,42
6hlpA,8xvkR,42
6iiuA,8xvkR,42
6kuwA,8xvkR,42
6kuxA,8xvkR,42
6lflA,8xvkR,42
6me2A,8xvkR,42
6me6A,8xvkR,42
6me6B,8xvkR,42
6tpkA,8xvkR,42
6w25A,8xvkR,42
7br3A,8xvkR,42
7f83A,8xvkR,42
7k15A,8xvkR,42
7m8wA,8xvkR,42
7tuyR,8xvkR,42
7w41A,8xvkR,42
8cxoA,8xvkR,42
8jj8F,8xvkR,42
8tb7R,8xvkR,42
8wm9A,8xvkR,42
8xvkR,8xvkR,42
8ynsR,8xvkR,42
8zwfA,8xvkR,42
9d3eA,8xvkR,42
9epoA,8xvkR,42
9iyaA,8xvkR,42
9jf4A,8xvkR,42
9lmpR,8xvkR,42
1pvsA,8xwcA,4
3f10A,8xwcA,4
8ceyA,8xwcA,4
8xwcA,8xwcA,4
8xx5I,8xx5I,1
8xyaA,8xyaA,1
8xybA,8xybA,1
1h4gA,8y00A,13
1xnkA,8y00A,13
1xynA,8y00A,13
2vgdA,8y00A,13
3zseA,8y00A,13
5jrnA,8y00A,13
6jwbA,8y00A,13
6qe8A,8y00A,13
7dfnA,8y00A,13
7l1yA,8y00A,13
8qy3A,8y00A,13
8y00A,8y00A,13
8yyoA,8y00A,13
8y1xA,8y1xA,1
6okzB,8y4wA,7
8uvbA,8y4wA,7
8uvcA,8y4wA,7
8w6dA,8y4wA,7
8w6oA,8y4wA,7
8y4wA,8y4wA,7
8zl2A,8y4wA,7
8y69A,8y69A,1
8y69C,8y69C,1
6jb3B,8y6hA,2
8y6hA,8y6hA,2
8y6oR,8y6oR,1
8y6oV,8y6oV,1
8y6oY,8y6oY,1
1yvuA,8y7zB,11
4ncbA,8y7zB,11
5xouA,8y7zB,11
6t5tA,8y7zB,11
8ffiF,8y7zB,11
8ifkB,8y7zB,11
8qlpB,8y7zB,11
8u7bC,8y7zB,11
8y7zB,8y7zB,11
9jszI,8y7zB,11
9k6tA,8y7zB,11
8y84A,8y84A,1
5wtiZ,8y9nA,2
8y9nA,8y9nA,2
8y9pA,8y9pA,1
3cf2A,8yd1F,22
4hseA,8yd1F,22
5vc7A,8yd1F,22
6az0A,8yd1F,22
6ip2A,8yd1F,22
6jq0A,8yd1F,22
6jq0B,8yd1F,22
6nyyA,8yd1F,22
7nkuA,8yd1F,22
7swlA,8yd1F,22
7swlE,8yd1F,22
7uqjA,8yd1F,22
7wi4A,8yd1F,22
7wubA,8yd1F,22
8dasA,8yd1F,22
8h3hA,8yd1F,22
8ub4A,8yd1F,22
8xkuF,8yd1F,22
8yd1F,8yd1F,22
9jvpF,8yd1F,22
9ofvB,8yd1F,22
9ofvD,8yd1F,22
8ydmA,8ydmA,1
8ydmB,8ydmB,1
8ydmE,8ydmE,1
8ydmH,8ydmH,1
1izlD,8ydmL,56
1l9bM,8ydmL,56
2wjnL,8ydmL,56
2wjnM,8ydmL,56
5y5sL,8ydmL,56
5y5sM,8ydmL,56
6z5sL,8ydmL,56
6z5sM,8ydmL,56
7c9rL,8ydmL,56
7c9rM,8ydmL,56
7ddqL,8ydmL,56
7ddqM,8ydmL,56
7dxaa,8ydmL,56
7n8oa,8ydmL,56
7n8od,8ydmL,56
7o0uL,8ydmL,56
7o0uM,8ydmL,56
7oy8L,8ydmL,56
7oy8M,8ydmL,56
7p0qL,8ydmL,56
7p0qM,8ydmL,56
7pi0a,8ydmL,56
7pi0d,8ydmL,56
7sa3A,8ydmL,56
7sa3D,8ydmL,56
7xxfL,8ydmL,56
7xxfM,8ydmL,56
7ymia,8ydmL,56
7ymid,8ydmL,56
8am5D,8ydmL,56
8b64L,8ydmL,56
8b64M,8ydmL,56
8hjuL,8ydmL,56
8hjuM,8ydmL,56
8k5oL,8ydmL,56
8k5oM,8ydmL,56
8r2iA,8ydmL,56
8wb4D,8ydmL,56
8ydmL,8ydmL,56
8ydmM,8ydmL,56
8yglL,8ydmL,56
8yglM,8ydmL,56
8yz2L,8ydmL,56
8yz2M,8ydmL,56
8z82L,8ydmL,56
8z82M,8ydmL,56
8zk2L,8ydmL,56
8zk2M,8ydmL,56
9evxa,8ydmL,56
9evxd,8ydmL,56
9j2fM,8ydmL,56
9k3qM,8ydmL,56
9kqbA,8ydmL,56
9kqbD,8ydmL,56
9m8mL,8ydmL,56
9m8mM,8ydmL,56
1zdyA,8ye0A,8
2xlqA,8ye0A,8
4ee7A,8ye0A,8
5y72A,8ye0A,8
5z46A,8ye0A,8
6pgnA,8ye0A,8
7vmyA,8ye0A,8
8ye0A,8ye0A,8
1c8nA,8yf7A,16
1c8nC,8yf7A,16
1f2nA,8yf7A,16
1f2nC,8yf7A,16
1ng0A,8yf7A,16
1ng0C,8yf7A,16
1x36A,8yf7A,16
4sbvA,8yf7A,16
4sbvC,8yf7A,16
4v4m0,8yf7A,16
5yl1A,8yf7A,16
6jjaA,8yf7A,16
6jjcA,8yf7A,16
6jjcC,8yf7A,16
7m2vA,8yf7A,16
8yf7A,8yf7A,16
8ygdX,8ygdX,1
8b64A,8ygl0,2
8ygl0,8ygl0,2
7vy3A,8ygl1,12
7vy3D,8ygl1,12
8b64a,8ygl1,12
8k5o3,8ygl1,12
8wdu1,8ygl1,12
8wduD,8ygl1,12
8ygl1,8ygl1,12
8ygl7,8ygl1,12
8ypba,8ygl1,12
8z813,8ygl1,12
8zjwA,8ygl1,12
9m8m1,8ygl1,12
8ygl2,8ygl2,1
8yglX,8yglX,1
3wx7A,8yh4A,3
4ny2A,8yh4A,3
8yh4A,8yh4A,3
8yheA,8yheA,1
7jwfA,8yk3A,4
8pvsA,8yk3A,4
8yk3A,8yk3A,4
9i4gA,8yk3A,4
8yk5A,8yk5A,1
8yk9B,8yk9B,1
1c9kA,8ykcC,3
8ykcA,8ykcC,3
8ykcC,8ykcC,3
4nfuA,8yn0C,5
7xeyB,8yn0C,5
8yn0C,8yn0C,5
8zf0B,8yn0C,5
8zf0C,8yn0C,5
8yo4C,8yo4C,1
3k9fC,8yo7C,3
5bs8B,8yo7C,3
8yo7C,8yo7C,3
8yozA,8yozA,1
8yqgA,8yqgA,1
8yqtJ,8yqtJ,1
8yqvG,8yqvG,1
8yqwJ,8yqwJ,1
8yrlA,8yrlA,1
1bq6A,8ystB,95
1ee0A,8ystB,95
1mzjA,8ystB,95
1ox0A,8ystB,95
1tqyA,8ystB,95
1wdkC,8ystB,95
1wl4A,8ystB,95
1xesA,8ystB,95
1xpmA,8ystB,95
1yslB,8ystB,95
1z1fA,8ystB,95
2d3mA,8ystB,95
2f9aA,8ystB,95
2fa0A,8ystB,95
2ib8A,8ystB,95
2iwzA,8ystB,95
2ix4A,8ystB,95
2p8uA,8ystB,95
2qo0A,8ystB,95
2vbaA,8ystB,95
2vu1A,8ystB,95
2wyaA,8ystB,95
3awjA,8ystB,95
3eutA,8ystB,95
3h78A,8ystB,95
3ho9A,8ystB,95
3il6A,8ystB,95
3mqdA,8ystB,95
3sqzA,8ystB,95
3t6sB,8ystB,95
3wxyA,8ystB,95
4b0nA,8ystB,95
4c2jA,8ystB,95
4c72A,8ystB,95
4f32A,8ystB,95
4jaqA,8ystB,95
4ls7A,8ystB,95
4nhdA,8ystB,95
4o9cC,8ystB,95
4ubtA,8ystB,95
4xl4A,8ystB,95
4xs9A,8ystB,95
4yzoC,8ystB,95
5ab6A,8ystB,95
5bqsA,8ystB,95
5bz4B,8ystB,95
5f38B,8ystB,95
5gk1A,8ystB,95
5hwoA,8ystB,95
5kp2B,8ystB,95
5kp7A,8ystB,95
5lnqA,8ystB,95
5mg5C,8ystB,95
5vxeA,8ystB,95
5w8qA,8ystB,95
5wx6A,8ystB,95
5yo9B,8ystB,95
6areA,8ystB,95
6bjaA,8ystB,95
6bjbA,8ystB,95
6bn2A,8ystB,95
6esqA,8ystB,95
6esqI,8ystB,95
6et3A,8ystB,95
6et3B,8ystB,95
6gw3A,8ystB,95
6hsjB,8ystB,95
6j1mA,8ystB,95
6kvsA,8ystB,95
6kxfA,8ystB,95
6l2cA,8ystB,95
6l7jA,8ystB,95
6op5A,8ystB,95
6pcdA,8ystB,95
6smoB,8ystB,95
6smoC,8ystB,95
7burA,8ystB,95
7cw5A,8ystB,95
7d41A,8ystB,95
7f08B,8ystB,95
7feaA,8ystB,95
7o4tC,8ystB,95
7pytB,8ystB,95
7vezA,8ystB,95
7yj5A,8ystB,95
8b32A,8ystB,95
8d1uA,8ystB,95
8gqmA,8ystB,95
8gqnA,8ystB,95
8jg2A,8ystB,95
8v8mA,8ystB,95
8vdaA,8ystB,95
8ystB,8ystB,95
8z5fA,8ystB,95
9i76A,8ystB,95
8yt8D,8yt8D,1
8yt8E,8yt8E,1
8yt8G,8yt8G,1
8yt8O,8yt8O,1
8ytgA,8ythA,2
8ythA,8ythA,2
3arxA,8yuiA,8
5df0A,8yuiA,8
6bt9A,8yuiA,8
7fd6A,8yuiA,8
7vrgA,8yuiA,8
8ovrA,8yuiA,8
8owfA,8yuiA,8
8yuiA,8yuiA,8
8tlfA,8yv8K,2
8yv8K,8yv8K,2
8yv9A,8yv9A,3
8yvaA,8yv9A,3
8yvbA,8yv9A,3
1iruC,8yvpM,40
1iruD,8yvpM,40
1iruG,8yvpM,40
1ryp1,8yvpM,40
1rypA,8yvpM,40
1rypH,8yvpM,40
1rypJ,8yvpM,40
3mg8F,8yvpM,40
3mi02,8yvpM,40
4eu22,8yvpM,40
4r02J,8yvpM,40
4y81C,8yvpM,40
5l5aK,8yvpM,40
5l5uA,8yvpM,40
5l5yK,8yvpM,40
5le5I,8yvpM,40
5le5K,8yvpM,40
5lf4L,8yvpM,40
5lf4b,8yvpM,40
5lf6A,8yvpM,40
5lf6E,8yvpM,40
5lf6G,8yvpM,40
5lf6J,8yvpM,40
6td5h,8yvpM,40
7aweL,8yvpM,40
7lxtH,8yvpM,40
8f7kA,8yvpM,40
8g6eC,8yvpM,40
8g6eJ,8yvpM,40
8g6eK,8yvpM,40
8g6eL,8yvpM,40
8g6ea,8yvpM,40
8oluK,8yvpM,40
8oluL,8yvpM,40
8p0tJ,8yvpM,40
8p0tL,8yvpM,40
8p0ta,8yvpM,40
8yvgA,8yvpM,40
8yvgC,8yvpM,40
8yvpM,8yvpM,40
8yvuE,8yvuE,1
8ywfP,8ywfP,1
2hihA,8yyeA,6
4fkbA,8yyeA,6
5ah0A,8yyeA,6
5ah1A,8yyeA,6
8k7qA,8yyeA,6
8yyeA,8yyeA,6
8yz22,8yz22,1
8z11V,8z11V,1
8z11i,8z11i,1
1g291,8z21C,26
1g6hA,8z21C,26
1oxvA,8z21C,26
1vciA,8z21C,26
2awnA,8z21C,26
3d31A,8z21C,26
3fvqA,8z21C,26
3gd7A,8z21C,26
3nh9A,8z21C,26
3rlfA,8z21C,26
3tuiC,8z21C,26
4fwiB,8z21C,26
4hluA,8z21C,26
4yerA,8z21C,26
6m96A,8z21C,26
7ahhC,8z21C,26
7o12B,8z21C,26
8bmsA,8z21C,26
8dkuA,8z21C,26
8hpsC,8z21C,26
8y5iA,8z21C,26
8z1yC,8z21C,26
8z1yD,8z21C,26
8z21C,8z21C,26
8z21D,8z21C,26
9cflB,8z21C,26
8z2nB,8z2nB,1
8z2oA,8z2oA,1
8z30A,8z30A,1
3lgdA,8z3rA,6
8z3rA,8z3rA,6
9c67B,8z3rA,6
9c77A,8z3rA,6
9ntfA,8z3rA,6
9ntkA,8z3rA,6
6nueI,8z4lG,4
6o7eE,8z4lG,4
8z4lG,8z4lG,4
9g9eG,8z4lG,4
7y3wA,8z4qA,3
8yxsA,8z4qA,3
8z4qA,8z4qA,3
5y5s0,8z4vA,2
8z4vA,8z4vA,2
1lghA,8z4vC,2
8z4vC,8z4vC,2
7oy82,8z811,2
8z811,8z811,2
7ze3B,8z81b,2
8z81b,8z81b,2
8u5qA,8z8zA,3
8z8zA,8z8zA,3
9jbfA,8z8zA,3
8z97C,8z97C,1
8z9dX,8z9dX,1
8z9hC,8z9hC,1
8zadA,8zagA,2
8zagA,8zagA,2
6o3pA,8zb3A,4
6scxA,8zb3A,4
7e44A,8zb3A,4
8zb3A,8zb3A,4
4yoiA,8zccA,12
6w81A,8zccA,12
7gefA,8zccA,12
7smvA,8zccA,12
7xjwH,8zccA,12
7yrzA,8zccA,12
8e7cA,8zccA,12
8e7nA,8zccA,12
8zaiA,8zccA,12
8zccA,8zccA,12
9atjA,8zccA,12
9c7wA,8zccA,12
8zd3A,8zd3A,1
8zdrC,8zdrC,2
8zq9B,8zdrC,2
8zefA,8zefA,1
6ly5h,8zehr,6
7y7bR,8zehr,6
8wm6R,8zehr,6
8z11r,8zehr,6
8zehr,8zehr,6
9kc5Z,8zehr,6
1zy7A,8zeoC,6
8zeoC,8zeoC,6
9b83A,8zeoC,6
9b89A,8zeoC,6
9d5kB,8zeoC,6
9dp5A,8zeoC,6
8zeoD,8zeoD,1
2fc7A,8zg9A,4
6e83B,8zg9A,4
8zg8A,8zg9A,4
8zg9A,8zg9A,4
8zhvA,8zhvA,1
4d2iA,8zirM,8
7wrxA,8zirM,8
8su9M,8zirM,8
8wfdA,8zirM,8
8wk0D,8zirM,8
8wk0N,8zirM,8
8xawA,8zirM,8
8zirM,8zirM,8
1jv2B,8zjfB,4
6bxbA,8zjfB,4
7udhB,8zjfB,4
8zjfB,8zjfB,4
5m7jD,8zk2H,7
7oy8H,8zk2H,7
7p0qH,8zk2H,7
8yz2H,8zk2H,7
8z82H,8zk2H,7
8zk2H,8zk2H,7
9m8mH,8zk2H,7
8zk2Z,8zk2Z,1
8zkcA,8zkcA,1
8zkhA,8zkhA,1
8zluB,8zluB,1
5h9fA,8zluC,2
8zluC,8zluC,2
3wbbA,8zmxA,13
3wgqA,8zmxA,13
5gz3A,8zmxA,13
5loaA,8zmxA,13
6g1hA,8zmxA,13
6iaqA,8zmxA,13
6k38A,8zmxA,13
7qzlA,8zmxA,13
7r09A,8zmxA,13
7xduA,8zmxA,13
8hp3A,8zmxA,13
8i7hA,8zmxA,13
8zmxA,8zmxA,13
8zmyA,8zmyA,1
5jwqA,8zn6A,9
7dy1A,8zn6A,9
7dyjA,8zn6A,9
7v3xT,8zn6A,9
8db3A,8zn6A,9
8fwjA,8zn6A,9
8zn5A,8zn6A,9
8zn6A,8zn6A,9
8zn7A,8zn6A,9
8zr0A,8zr0A,1
7vojA,8ztjA,2
8ztjA,8ztjA,2
1su0B,8ztqA,7
2qq4A,8ztqA,7
4eb5C,8ztqA,7
6a6fA,8ztqA,7
6jzvA,8ztqA,7
8odqA,8ztqA,7
8ztqA,8ztqA,7
2zxiA,8zu0A,3
3cp8A,8zu0A,3
8zu0A,8zu0A,3
8zuhA,8zuhA,1
8zuhB,8zuhB,2
9etyA,8zuhB,2
8zvcA,8zvcA,1
2bsyA,8zwqA,2
8zwqA,8zwqA,2
8zxcA,8zxcA,1
8zxdA,8zxdA,1
8zxqA,8zxqA,1
8zyqA,8zyqA,1
8zyqB,8zyqB,1
9ar4A,9ar4A,1
5ekeA,9ascA,3
5mlzA,9ascA,3
9ascA,9ascA,3
2cfbA,9auaA,8
2ordA,9auaA,8
2ykyA,9auaA,8
4ao9A,9auaA,8
6k8hA,9auaA,8
7lldA,9auaA,8
7lm0A,9auaA,8
9auaA,9auaA,8
9avnA,9avnA,1
2zpaA,9b0iA,3
9b0iA,9b0iA,3
9j3cA,9b0iA,3
6gejS,9b1dD,2
9b1dD,9b1dD,2
7p2eM,9b1xP,2
9b1xP,9b1xP,2
7nhmU,9b1yn,3
9b1yn,9b1yn,3
9no7V,9b1yn,3
6dlzA,9b39A,4
7lddA,9b39A,4
8ss8A,9b39A,4
9b39A,9b39A,4
9b3eB,9b3eB,1
9b3nA,9b3nA,1
9b4eA,9b4eA,3
9b4fA,9b4eA,3
9n0xA,9b4eA,3
5jnqA,9b71A,3
6bw6A,9b71A,3
9b71A,9b71A,3
1l8xB,9b86A,9
2hk6A,9b86A,9
2xvyA,9b86A,9
2xwpA,9b86A,9
3hcnA,9b86A,9
5zt7A,9b86A,9
6jv6A,9b86A,9
8at8A,9b86A,9
9b86A,9b86A,9
9b8hA,9b8hA,1
4irzA,9b9kA,11
4wk0A,9b9kA,11
5e6sA,9b9kA,11
5hrmA,9b9kA,11
7cebA,9b9kA,11
7udhA,9b9kA,11
7y1tA,9b9kA,11
8vs6A,9b9kA,11
9axlA,9b9kA,11
9b9kA,9b9kA,11
9czdA,9b9kA,11
3by9A,9b9xA,23
3c8cA,9b9xA,23
3e4oA,9b9xA,23
3t4lA,9b9xA,23
4jgpA,9b9xA,23
4xmrA,9b9xA,23
5lt9A,9b9xA,23
5ltvA,9b9xA,23
5ltxA,9b9xA,23
6d8vA,9b9xA,23
6e0aA,9b9xA,23
6f9gA,9b9xA,23
6fu4A,9b9xA,23
6iouA,9b9xA,23
6iovA,9b9xA,23
6mniA,9b9xA,23
6py3A,9b9xA,23
7k5nA,9b9xA,23
7prrA,9b9xA,23
8bmvA,9b9xA,23
9b9xA,9b9xA,23
9hvjA,9b9xA,23
9niaA,9b9xA,23
9ba1A,9ba1A,1
2wicA,9ba7A,5
3a1sA,9ba7A,5
3b1vA,9ba7A,5
4r98A,9ba7A,5
9ba7A,9ba7A,5
8oxxA,9bc4A,2
9bc4A,9bc4A,2
4aybN,9bcuN,10
5xogJ,9bcuN,10
7ok0N,9bcuN,10
8himJ,9bcuN,10
8p0jJ,9bcuN,10
8rboN,9bcuN,10
8xx4H,9bcuN,10
8xx5H,9bcuN,10
9bcuN,9bcuN,10
9bz0J,9bcuN,10
9bd2C,9bd2C,1
9bdsA,9bdsA,1
1c2yA,9bf2A,19
1c41A,9bf2A,19
1ejbA,9bf2A,19
1kyvA,9bf2A,19
1nquA,9bf2A,19
1rvv1,9bf2A,19
1t13A,9bf2A,19
1uuyA,9bf2A,19
2b99A,9bf2A,19
2c92A,9bf2A,19
2f59A,9bf2A,19
2obxA,9bf2A,19
4g0yA,9bf2A,19
4kq6C,9bf2A,19
4nwoA,9bf2A,19
5odqD,9bf2A,19
7bkeF,9bf2A,19
8rvvF,9bf2A,19
9bf2A,9bf2A,19
9bhuA,9bhuA,1
9bi4A,9bi4A,1
1w1wA,9bi4C,36
1w1wB,9bi4C,36
3auyA,9bi4C,36
3eujA,9bi4C,36
3qf7A,9bi4C,36
3qktA,9bi4C,36
3qktB,9bi4C,36
4ux3A,9bi4C,36
5dacA,9bi4C,36
5h68A,9bi4C,36
5xg3A,9bi4C,36
5z69A,9bi4C,36
6qpwC,9bi4C,36
6wgeB,9bi4C,36
6yufA,9bi4C,36
6yufC,9bi4C,36
6zz6B,9bi4C,36
7q2xA,9bi4C,36
7q2xB,9bi4C,36
7tveD,9bi4C,36
7tveE,9bi4C,36
7yzoC,9bi4C,36
8a93A,9bi4C,36
8dk3A,9bi4C,36
8ee4A,9bi4C,36
8eeaC,9bi4C,36
8p0aB,9bi4C,36
8roaC,9bi4C,36
8roeA,9bi4C,36
8rokA,9bi4C,36
9bi4C,9bi4C,36
9e8zA,9bi4C,36
9e91A,9bi4C,36
9n6bA,9bi4C,36
9n6cA,9bi4C,36
9o4aA,9bi4C,36
9bigA,9bigA,1
9bjmA,9bjmA,1
2b33B,9bjyA,10
2uykC,9bjyA,10
3i3fA,9bjyA,10
3k0tA,9bjyA,10
3lybB,9bjyA,10
3vczB,9bjyA,10
5hp8A,9bjyA,10
5v4dA,9bjyA,10
7cd4A,9bjyA,10
9bjyA,9bjyA,10
9bkqA,9bkqA,1
3v3lA,9bksA,3
8rd7D,9bksA,3
9bksA,9bksA,3
6tg9C,9bp5C,15
6vw7A,9bp5C,15
7nz1E,9bp5C,15
7p5hc,9bp5C,15
7q4wC,9bp5C,15
7t2rC,9bp5C,15
8a5eC,9bp5C,15
8a6tC,9bp5C,15
8oh5A,9bp5C,15
8qgwA,9bp5C,15
8x9vD,9bp5C,15
9bp5C,9bp5C,15
9ktrE,9bp5C,15
9mqxC,9bp5C,15
9n5uC,9bp5C,15
1b63A,9bqbA,24
1mu5A,9bqbA,24
1pvgA,9bqbA,24
1s16A,9bqbA,24
2zbkB,9bqbA,24
3h4lA,9bqbA,24
3lpsA,9bqbA,24
3zkbA,9bqbA,24
4hy1A,9bqbA,24
4p7aA,9bqbA,24
4urlA,9bqbA,24
4wubA,9bqbA,24
4z1iA,9bqbA,24
5j5pA,9bqbA,24
6enhA,9bqbA,24
6zt3A,9bqbA,24
7l6sA,9bqbA,24
7rckA,9bqbA,24
7u8vA,9bqbA,24
8ja1A,9bqbA,24
8u1mA,9bqbA,24
9bq8A,9bqbA,24
9bqbA,9bqbA,24
9imjA,9bqbA,24
9bqrD,9bqrD,1
1q7eA,9br7A,7
1xa4B,9br7A,7
2vjmA,9br7A,7
2yimA,9br7A,7
3ubmA,9br7A,7
8apqA,9br7A,7
9br7A,9br7A,7
6wlwU,9bryc,2
9bryc,9bryc,2
7ef9A,9bs2A,3
8fayA,9bs2A,3
9bs2A,9bs2A,3
1fxrA,9bt4G,14
1iqzA,9bt4G,14
5t5iG,9bt4G,14
7koeD,9bt4G,14
7m1oA,9bt4G,14
7y7bC,9bt4G,14
8a8oC,9bt4G,14
8ampA,9bt4G,14
8jzfc,9bt4G,14
8weyC,9bt4G,14
8ys5D,9bt4G,14
9bt4G,9bt4G,14
9kqpC,9bt4G,14
9mh1C,9bt4G,14
6xq0A,9bt5A,3
7kqgA,9bt5A,3
9bt5A,9bt5A,3
1vblA,9bujA,4
4hwvA,9bujA,4
5amvA,9bujA,4
9bujA,9bujA,4
9bumA,9bumA,2
9burA,9bumA,2
9bv2A,9bv2A,1
4l9mA,9bviA,3
6v9mB,9bviA,3
9bviA,9bviA,3
9bw1M,9bw1M,1
8steA,9bwtB,2
9bwtB,9bwtB,2
9bypA,9bypA,1
5xogM,9bz0M,3
8ramM,9bz0M,3
9bz0M,9bz0M,3
9bz0c,9bz0c,1
6x67C,9c0fC,2
9c0fC,9c0fC,2
9c0jA,9c0jA,1
2jfkD,9c0pA,7
4rpmA,9c0pA,7
5ydlA,9c0pA,7
6l3mA,9c0pA,7
7agsA,9c0pA,7
7vrsA,9c0pA,7
9c0pA,9c0pA,7
3gitA,9c0sE,3
9c0sE,9c0sE,3
9fr0A,9c0sE,3
7pjs6,9c4g4,2
9c4g4,9c4g4,2
9c57G,9c57G,1
5f0pB,9c6eA,4
8zytB,9c6eA,4
9c6eA,9c6eA,4
9dnmA,9c6eA,4
9c6mA,9c6mA,1
9c6tA,9c6tA,1
2noxA,9ca3A,3
2nw8A,9ca3A,3
9ca3A,9ca3A,3
9ca7D,9ca7D,1
9cbqA,9cbqA,1
9ccpA,9ccpA,1
1ru4A,9cdvA,2
9cdvA,9cdvA,2
8gkhP,9cf2P,3
9cetP,9cf2P,3
9cf2P,9cf2P,3
7qbtA,9cg1A,3
9cg1A,9cg1A,3
9cg2A,9cg1A,3
9ch3B,9ch3B,1
9ci7B,9ci7B,1
9cjdC,9cjdC,1
9cjkA,9cjkA,1
1m0wA,9cjnA,11
2hgsA,9cjnA,11
2io8A,9cjnA,11
3kalA,9cjnA,11
5oesA,9cjnA,11
5oetB,9cjnA,11
5oeuA,9cjnA,11
5oeuC,9cjnA,11
7uk7A,9cjnA,11
7ukaA,9cjnA,11
9cjnA,9cjnA,11
9ck8b,9ck8b,1
9cloA,9cloA,1
4x3tE,9cmtA,7
4x3uB,9cmtA,7
5ejwA,9cmtA,7
6hw2B,9cmtA,7
8siiA,9cmtA,7
8sp6F,9cmtA,7
9cmtA,9cmtA,7
9co5B,9co5B,1
9cooR,9cooR,1
1k6dB,9cq2A,2
9cq2A,9cq2A,2
9cq4A,9cq4A,1
9cs2A,9cs2A,1
9cseA,9cseA,1
3mp2A,9csyC,6
4x2zA,9csyC,6
5bz0A,9csyC,6
6l5tA,9csyC,6
6nozA,9csyC,6
9csyC,9csyC,6
2dreA,9cszA,11
3ah4B,9cszA,11
3s8kA,9cszA,11
4efqA,9cszA,11
4oujA,9cszA,11
5bp5A,9cszA,11
5hpzA,9cszA,11
6nttA,9cszA,11
8wfoA,9cszA,11
8wkbD,9cszA,11
9cszA,9cszA,11
9ctuA,9ctuA,1
5cflA,9cudB,17
5grmA,9cudB,17
6iyfA,9cudB,17
6mx3A,9cudB,17
6mx3B,9cudB,17
6wt4A,9cudB,17
7ebdA,9cudB,17
7eblA,9cudB,17
7un9A,9cudB,17
7un9G,9cudB,17
8a2kB,9cudB,17
8efmA,9cudB,17
8efnA,9cudB,17
8hwiA,9cudB,17
8hwjA,9cudB,17
8hy9A,9cudB,17
9cudB,9cudB,17
9cuxA,9cuxA,1
3rhwA,9cxbC,51
5iuxA,9cxbC,51
5o8fA,9cxbC,51
5osaA,9cxbC,51
6cduA,9cxbC,51
6dw0A,9cxbC,51
6pv7A,9cxbC,51
6usfA,9cxbC,51
7a5vA,9cxbC,51
7l6qA,9cxbC,51
7m6nA,9cxbC,51
7mlyE,9cxbC,51
7ql5C,9cxbC,51
7ql5E,9cxbC,51
7qn9A,9cxbC,51
7qncE,9cxbC,51
7smmC,9cxbC,51
7tu9E,9cxbC,51
7z14A,9cxbC,51
8bhgA,9cxbC,51
8bhgB,9cxbC,51
8c20B,9cxbC,51
8eisA,9cxbC,51
8eizA,9cxbC,51
8frxA,9cxbC,51
8g4xC,9cxbC,51
8st4A,9cxbC,51
8st4B,9cxbC,51
8v8aA,9cxbC,51
8vv0A,9cxbC,51
8yqnA,9cxbC,51
8yx6A,9cxbC,51
8zfkA,9cxbC,51
8zrnA,9cxbC,51
8zrnD,9cxbC,51
9avuB,9cxbC,51
9avvD,9cxbC,51
9awjB,9cxbC,51
9bwbA,9cxbC,51
9crvE,9cxbC,51
9cxbC,9cxbC,51
9dmgE,9cxbC,51
9dmsA,9cxbC,51
9dmsB,9cxbC,51
9dmsD,9cxbC,51
9eqgA,9cxbC,51
9eqgC,9cxbC,51
9ex4A,9cxbC,51
9frbA,9cxbC,51
9gu1L,9cxbC,51
9gu3D,9cxbC,51
9cxjA,9cxjA,1
9cysA,9cysA,1
3s91A,9d11C,42
4pklA,9d11C,42
4py6A,9d11C,42
4qb3A,9d11C,42
4yk0C,9d11C,42
4z93A,9d11C,42
5bt3A,9d11C,42
5c4qA,9d11C,42
5c8gA,9d11C,42
5dkdA,9d11C,42
5dyuA,9d11C,42
5eguA,9d11C,42
5feaA,9d11C,42
5fg6A,9d11C,42
5i29A,9d11C,42
5ml0A,9d11C,42
5mq1A,9d11C,42
5mwzA,9d11C,42
5n17A,9d11C,42
5r4vA,9d11C,42
5tpxA,9d11C,42
6bqaA,9d11C,42
6cw0A,9d11C,42
6ddiA,9d11C,42
6df7B,9d11C,42
6hazA,9d11C,42
6j3pA,9d11C,42
6mf9A,9d11C,42
6nimB,9d11C,42
6qjuA,9d11C,42
6veoA,9d11C,42
6y7kA,9d11C,42
6znvA,9d11C,42
7b9xA,9d11C,42
7kdzA,9d11C,42
7mrdA,9d11C,42
7qyoA,9d11C,42
7tabA,9d11C,42
8ag2A,9d11C,42
8r6jA,9d11C,42
9d11C,9d11C,42
9hh8A,9d11C,42
9d20B,9d20B,1
9d2sA,9d2sA,1
8u38A,9d59A,2
9d59A,9d59A,2
9cd2A,9d5aA,2
9d5aA,9d5aA,2
9d60A,9d60A,1
9d9zE,9d9zE,1
5ffgB,9dasA,3
6tnjA,9dasA,3
9dasA,9dasA,3
9dazB,9dazB,1
9dbhB,9dbhB,1
6kzpA,9dbnA,3
8epmA,9dbnA,3
9dbnA,9dbnA,3
2d8qA,9de2A,5
2danA,9de2A,5
2od1A,9de2A,5
7sekA,9de2A,5
9de2A,9de2A,5
9dffA,9dffA,1
9dhnA,9dhnA,1
9di4B,9di4B,1
9dnxB,9dnxB,1
9dnyB,9dnyB,1
9dnyD,9dnyD,1
8ibyC,9douA,3
8ibzC,9douA,3
9douA,9douA,3
9dqzM,9dqzM,2
9l9aM,9dqzM,2
8c6jL,9dtrL,6
8ro0N,9dtrL,6
8xi2N,9dtrL,6
9dtrL,9dtrL,6
9esiO,9dtrL,6
9l5rN,9dtrL,6
3jb9Y,9dtrM,4
3u1lA,9dtrM,4
9dtrM,9dtrM,4
9esiP,9dtrM,4
9dvjA,9dvjA,1
9dvnA,9dvnA,1
5un1B,9dxqA,5
7lepA,9dxqA,5
8aynA,9dxqA,5
8ss9B,9dxqA,5
9dxqA,9dxqA,5
9e0ji,9e0ji,1
9e0jj,9e0jj,1
9e0jm,9e0jm,1
1e3dB,9e15B,32
1yq9H,9e15B,32
3ayxA,9e15B,32
3i9v4,9e15B,32
3myrB,9e15B,32
4c3oA,9e15B,32
4kn9L,9e15B,32
4omfA,9e15B,32
4u9hL,9e15B,32
4uqlQ,9e15B,32
5aa5C,9e15B,32
5jskB,9e15B,32
5odqF,9e15B,32
5xf9D,9e15B,32
6cfwL,9e15B,32
6fpoL,9e15B,32
6qgrA,9e15B,32
6zk94,9e15B,32
7arcD,9e15B,32
7o71C,9e15B,32
7odhL,9e15B,32
7r4fD,9e15B,32
7t30D,9e15B,32
7zmgC,9e15B,32
8b9zD,9e15B,32
8beeD,9e15B,32
8dqvA,9e15B,32
8e9gD,9e15B,32
8qbyD,9e15B,32
9e15B,9e15B,32
9erbL,9e15B,32
9f5yE,9e15B,32
9e2pA,9e2pA,1
4wpyA,9e4wO,3
9e4wA,9e4wO,3
9e4wO,9e4wO,3
9e6rD,9e6rD,1
9e780,9e780,1
9e8zE,9e8zE,3
9e90B,9e8zE,3
9n6bF,9e8zE,3
9e92A,9e92A,1
1oarI,9eaiB,2
9eaiB,9eaiB,2
9ebrA,9ebrA,1
9egwA,9egwA,1
9eh5M,9eh5M,1
1dimA,9ehuA,51
1eusA,9ehuA,51
1nscA,9ehuA,51
1z4vA,9ehuA,51
2bf6A,9ehuA,51
2f25A,9ehuA,51
2htvA,9ehuA,51
2vwdA,9ehuA,51
2xziA,9ehuA,51
3fvzA,9ehuA,51
3h72A,9ehuA,51
3o9jA,9ehuA,51
3q6kA,9ehuA,51
3salA,9ehuA,51
3v1sA,9ehuA,51
4gdiA,9ehuA,51
4gdjA,9ehuA,51
4h53A,9ehuA,51
4hzyA,9ehuA,51
4jf7B,9ehuA,51
4k3yA,9ehuA,51
4mzaA,9ehuA,51
4qn3A,9ehuA,51
4wa3A,9ehuA,51
4x4aA,9ehuA,51
5nz4A,9ehuA,51
5yylA,9ehuA,51
6crdA,9ehuA,51
6hgbA,9ehuA,51
6i3qA,9ehuA,51
6jjmA,9ehuA,51
6n4dA,9ehuA,51
6pdlC,9ehuA,51
6pzdA,9ehuA,51
6s5mA,9ehuA,51
6sg8A,9ehuA,51
7bwuA,9ehuA,51
7fgcA,9ehuA,51
7lbvA,9ehuA,51
7p1fA,9ehuA,51
7p1qA,9ehuA,51
7ty0D,9ehuA,51
7u4fA,9ehuA,51
7xvuA,9ehuA,51
8q9xA,9ehuA,51
8t27A,9ehuA,51
8tviA,9ehuA,51
8ul7A,9ehuA,51
8urlA,9ehuA,51
8z4eA,9ehuA,51
9ehuA,9ehuA,51
1oywA,9ei3U,11
2v1xA,9ei3U,11
4o3mA,9ei3U,11
4q48A,9ei3U,11
5lb3B,9ei3U,11
5lstA,9ei3U,11
6crmA,9ei3U,11
6yhrA,9ei3U,11
7aucA,9ei3U,11
9ei3U,9ei3U,11
9ei4U,9ei3U,11
8kbmA,9eibA,4
8smfA,9eibA,4
8wjdA,9eibA,4
9eibA,9eibA,4
5w3sA,9el0A,5
7d7fB,9el0A,5
8zkhB,9el0A,5
9el0A,9el0A,5
9hj8A,9el0A,5
9em9A,9em9A,1
9embA,9embA,1
5bu2A,9emkA,4
5zq4A,9emkA,4
6b7oA,9emkA,4
9emkA,9emkA,4
9en2A,9en2A,1
2absA,9epcK,4
3lkiB,9epcK,4
9epcK,9epcK,4
9epcS,9epcK,4
9er2c,9er2c,1
9erkB,9erkB,1
4u9sC,9erkG,6
4xa7A,9erkG,6
4xhfA,9erkG,6
8a1wC,9erkG,6
8ahxG,9erkG,6
9erkG,9erkG,6
9ervA,9ervA,1
5ya6A,9esmA,2
9esmA,9esmA,2
9etiR,9etiR,1
9etnA,9etnA,1
9evjA,9evjB,2
9evjB,9evjB,2
7n8of,9evxf,2
9evxf,9evxf,2
9evxi,9evxi,1
9ewyA,9ewyA,1
9exqA,9exqA,1
9exrA,9exrA,1
4gpuA,9exsA,8
4j7nA,9exsA,8
5bteA,9exsA,8
5budA,9exsA,8
5uljA,9exsA,8
6wugA,9exsA,8
9exsA,9exsA,8
9fmsA,9exsA,8
9exyB,9exyB,1
4l6v6,9eysF,32
6igzF,9eysF,32
6k61f,9eysF,32
6kigF,9eysF,32
6l4uF,9eysF,32
6ly5f,9eysF,32
6vpv6,9eysF,32
6zzxF,9eysF,32
7blzF,9eysF,32
7dkzF,9eysF,32
7dr1F,9eysF,32
7lx0f,9eysF,32
7qcof,9eysF,32
7s3df,9eysF,32
7xqpF,9eysF,32
7y7bF,9eysF,32
7ycaF,9eysF,32
7zqcF,9eysF,32
8bcvF,9eysF,32
8cmoF,9eysF,32
8vu3f,9eysF,32
8weyF,9eysF,32
8wghF,9eysF,32
8wm6F,9eysF,32
8xlsF,9eysF,32
8z11f,9eysF,32
8zwbF,9eysF,32
9e0jf,9eysF,32
9eysF,9eysF,32
9kc5F,9eysF,32
9kqpF,9eysF,32
9mh1F,9eysF,32
9ez7A,9ez7A,1
9f10H,9f10H,1
9f2bA,9f2bA,1
9f2dA,9f2dC,2
9f2dC,9f2dC,2
1h2tZ,9f3f2,2
9f3f2,9f3f2,2
3gkjA,9f40A,2
9f40A,9f40A,2
9f4gA,9f4gA,1
9f5yK,9f5yK,1
7ar9n,9f5yk,6
7o71R,9f5yk,6
7zmgR,9f5yk,6
8b9zn,9f5yk,6
8bpxn,9f5yk,6
9f5yk,9f5yk,6
9f5ys,9f5ys,1
1s5oA,9f85A,4
1xl8A,9f85A,4
2debA,9f85A,4
9f85A,9f85A,4
2bgwA,9f9lA,3
4bxoA,9f9lA,3
9f9lA,9f9lA,3
2iunB,9faeA,12
2wbvA,9faeA,12
4xqaA,9faeA,12
6g47A,9faeA,12
6itxB,9faeA,12
6qu6A,9faeA,12
6sttA,9faeA,12
6stuA,9faeA,12
7op2A,9faeA,12
8ofrA,9faeA,12
8ofvF,9faeA,12
9faeA,9faeA,12
9fanC,9fanC,1
1ejeA,9fd4A,25
1i0rA,9fd4A,25
1rz1A,9fd4A,25
1uscA,9fd4A,25
1yoaA,9fd4A,25
2d37A,9fd4A,25
2d5mA,9fd4A,25
2ed4A,9fd4A,25
2imlA,9fd4A,25
2ptfA,9fd4A,25
2r6vA,9fd4A,25
3bnkA,9fd4A,25
3cb0A,9fd4A,25
3e4vA,9fd4A,25
3fgeA,9fd4A,25
3hmzA,9fd4A,25
3k87A,9fd4A,25
3pftA,9fd4A,25
4f07A,9fd4A,25
4l82A,9fd4A,25
4r82A,9fd4A,25
4xj2A,9fd4A,25
5choA,9fd4A,25
8ct0A,9fd4A,25
9fd4A,9fd4A,25
9fgpA,9fgpA,1
6tmfW,9fhlC,3
7zhgC,9fhlC,3
9fhlC,9fhlC,3
7zhgF,9fhlF,3
8cqwE,9fhlF,3
9fhlF,9fhlF,3
9fhla,9fhla,1
1hv6A,9fhyA,5
4ozvA,9fhyA,5
7fi0A,9fhyA,5
7wxpA,9fhyA,5
9fhyA,9fhyA,5
9f9uA,9fjlA,2
9fjlA,9fjlA,2
9flnA,9flnA,1
5m17A,9fngA,2
9fngA,9fngA,2
9fnnE,9fnnE,1
9fojD,9fojD,1
9fpyI,9fpyI,2
9fq6I,9fpyI,2
9fqwB,9fqwB,1
5ewuA,9frcA,2
9frcA,9frcA,2
8auvJ,9fs6b,8
8ccs2,9fs6b,8
8fvya,9fs6b,8
8p85b,9fs6b,8
8r6fa,9fs6b,8
9fs6b,9fs6b,8
9g6jb,9fs6b,8
9npxZ,9fs6b,8
9ftfA,9ftfA,1
1f74A,9ftkA,34
1o5kA,9ftkA,34
1w3iA,9ftkA,34
2hmcA,9ftkA,34
2nuyA,9ftkA,34
2r94A,9ftkA,34
2wkjC,9ftkA,34
3cjpA,9ftkA,34
3di1A,9ftkA,34
3l21B,9ftkA,34
3na8A,9ftkA,34
3puoA,9ftkA,34
3qfeA,9ftkA,34
3takA,9ftkA,34
4dpqA,9ftkA,34
4fhaA,9ftkA,34
4hnnA,9ftkA,34
4i7wA,9ftkA,34
4imgA,9ftkA,34
4oe7A,9ftkA,34
4pfmA,9ftkA,34
4wozB,9ftkA,34
5c55A,9ftkA,34
5hwnA,9ftkA,34
5ktlA,9ftkA,34
5kzdA,9ftkA,34
5ud6A,9ftkA,34
5ui3A,9ftkA,34
6rb7A,9ftkA,34
7jz8A,9ftkA,34
7kkdA,9ftkA,34
7lvlA,9ftkA,34
8u8wA,9ftkA,34
9ftkA,9ftkA,34
9ftwA,9ftwA,1
8z9hH,9fxxA,2
9fxxA,9fxxA,2
5bxrA,9fyoA,3
7eztB,9fyoA,3
9fyoA,9fyoA,3
9fyrC,9fyrC,1
9fzkB,9fzkB,1
6rarI,9fzxA,2
9fzxA,9fzxA,2
9fzzD,9fzzD,1
1avaA,9g18A,211
1bf2A,9g18A,211
1cenA,9g18A,211
1cgtA,9g18A,211
1cygA,9g18A,211
1d3cA,9g18A,211
1e4iA,9g18A,211
1e4mM,9g18A,211
1g94A,9g18A,211
1gjwA,9g18A,211
1gnxA,9g18A,211
1gviA,9g18A,211
1h49A,9g18A,211
1ht6A,9g18A,211
1hx0A,9g18A,211
1j0hA,9g18A,211
1jaeA,9g18A,211
1lwjA,9g18A,211
1mxgA,9g18A,211
1ob0A,9g18A,211
1pamA,9g18A,211
1qhoA,9g18A,211
1qw9A,9g18A,211
1sznA,9g18A,211
1ua7A,9g18A,211
1uasA,9g18A,211
1v03A,9g18A,211
1wpcA,9g18A,211
1wzaA,9g18A,211
1wzlA,9g18A,211
1zjaA,9g18A,211
2aaaA,9g18A,211
2bhzA,9g18A,211
2dh3A,9g18A,211
2dieA,9g18A,211
2e40A,9g18A,211
2e4tA,9g18A,211
2e9lA,9g18A,211
2gdvA,9g18A,211
2gjpA,9g18A,211
2j78A,9g18A,211
2o9tA,9g18A,211
2vr5A,9g18A,211
2y24A,9g18A,211
2y8kA,9g18A,211
2yihA,9g18A,211
2z1kA,9g18A,211
2ze0A,9g18A,211
3aiqA,9g18A,211
3aj7A,9g18A,211
3aofA,9g18A,211
3bc9A,9g18A,211
3bh4A,9g18A,211
3bmvA,9g18A,211
3czgA,9g18A,211
3edfA,9g18A,211
3f5lA,9g18A,211
3gbeA,9g18A,211
3gnrA,9g18A,211
3hg3A,9g18A,211
3ii1A,9g18A,211
3ik2A,9g18A,211
3kl0A,9g18A,211
3lrlA,9g18A,211
3m07A,9g18A,211
3ptmA,9g18A,211
3qgvA,9g18A,211
3qomA,9g18A,211
3rjyA,9g18A,211
3u5yA,9g18A,211
3uerA,9g18A,211
3ug4A,9g18A,211
3vgfA,9g18A,211
3vigA,9g18A,211
3vm5A,9g18A,211
3vm7A,9g18A,211
3vu2A,9g18A,211
3wh7A,9g18A,211
3wn6A,9g18A,211
3wq5A,9g18A,211
3wy2A,9g18A,211
3zj7A,9g18A,211
3zmrA,9g18A,211
3zo9A,9g18A,211
4aieA,9g18A,211
4cd8A,9g18A,211
4do4A,9g18A,211
4e2oA,9g18A,211
4f66A,9g18A,211
4howA,9g18A,211
4hz8A,9g18A,211
4ipnB,9g18A,211
4jclA,9g18A,211
4jcmA,9g18A,211
4lxfA,9g18A,211
4m24A,9g18A,211
4nzfA,9g18A,211
4okdA,9g18A,211
4pbgA,9g18A,211
4ptxA,9g18A,211
4qawA,9g18A,211
4re2A,9g18A,211
4u33A,9g18A,211
4uzuA,9g18A,211
4v2xA,9g18A,211
4w7wA,9g18A,211
4wf7A,9g18A,211
4xb3A,9g18A,211
4yztA,9g18A,211
5a2bA,9g18A,211
5a6mA,9g18A,211
5brqA,9g18A,211
5cgmA,9g18A,211
5cltA,9g18A,211
5d8zA,9g18A,211
5do8A,9g18A,211
5e6zA,9g18A,211
5fooA,9g18A,211
5gnxA,9g18A,211
5gqyA,9g18A,211
5h06A,9g18A,211
5i78A,9g18A,211
5l9cA,9g18A,211
5la4A,9g18A,211
5m99A,9g18A,211
5n6vA,9g18A,211
5nglA,9g18A,211
5ns8A,9g18A,211
5o82A,9g18A,211
5okgA,9g18A,211
5ot1A,9g18A,211
5u3aA,9g18A,211
5x7uA,9g18A,211
5yifA,9g18A,211
5yj7C,9g18A,211
5z0uA,9g18A,211
5z4tA,9g18A,211
5zcrA,9g18A,211
6a0jA,9g18A,211
6bs6A,9g18A,211
6gxvA,9g18A,211
6jfpA,9g18A,211
6jqbA,9g18A,211
6k5pA,9g18A,211
6krnA,9g18A,211
6lgiA,9g18A,211
6li9A,9g18A,211
6m4eA,9g18A,211
6m4kA,9g18A,211
6m5zA,9g18A,211
6m6lB,9g18A,211
6r2jA,9g18A,211
6rjoA,9g18A,211
6saoA,9g18A,211
6sauA,9g18A,211
6savA,9g18A,211
6ujfA,9g18A,211
6wniA,9g18A,211
6xsjA,9g18A,211
6y9tA,9g18A,211
6z1mA,9g18A,211
6zt7A,9g18A,211
7d6aA,9g18A,211
7d9cA,9g18A,211
7dfsA,9g18A,211
7dwaA,9g18A,211
7ec9A,9g18A,211
7f1nA,9g18A,211
7jjnA,9g18A,211
7lv6B,9g18A,211
7melA,9g18A,211
7n6oA,9g18A,211
7nf7A,9g18A,211
7p01A,9g18A,211
7p43A,9g18A,211
7pr7A,9g18A,211
7prbA,9g18A,211
7pskA,9g18A,211
7r29A,9g18A,211
7u3dA,9g18A,211
7uz1A,9g18A,211
7wdsA,9g18A,211
7xdqA,9g18A,211
7z1iA,9g18A,211
7znpA,9g18A,211
8dgeA,9g18A,211
8idqA,9g18A,211
8idsA,9g18A,211
8im8A,9g18A,211
8ivyA,9g18A,211
8jjmA,9g18A,211
8orpA,9g18A,211
8p67A,9g18A,211
8slvA,9g18A,211
8xc9A,9g18A,211
8xx9A,9g18A,211
8yifA,9g18A,211
8zi5A,9g18A,211
8znwA,9g18A,211
9fb2A,9g18A,211
9fyzA,9g18A,211
9fz2A,9g18A,211
9fz3A,9g18A,211
9g18A,9g18A,211
9gcjA,9g18A,211
9l3dA,9g18A,211
9lfnA,9g18A,211
9lfnC,9g18A,211
9u98A,9g18A,211
9us3A,9g18A,211
9us5A,9g18A,211
1ewjA,9g1iA,37
1fa5A,9g1iA,37
1jifA,9g1iA,37
1nkiA,9g1iA,37
1r9cA,9g1iA,37
1xqaA,9g1iA,37
1xrkA,9g1iA,37
2a4xA,9g1iA,37
2c21A,9g1iA,37
2p7oA,9g1iA,37
2zhpB,9g1iA,37
3ct8A,9g1iA,37
3kolA,9g1iA,37
3l7tB,9g1iA,37
3r4qA,9g1iA,37
3sk2A,9g1iA,37
4jh2A,9g1iA,37
4mtsB,9g1iA,37
4nazA,9g1iA,37
4nb0B,9g1iA,37
4z04A,9g1iA,37
5cj3A,9g1iA,37
5f6qA,9g1iA,37
5kefB,9g1iA,37
5ujpA,9g1iA,37
5umwA,9g1iA,37
5vb0A,9g1iA,37
5wewE,9g1iA,37
6a4xA,9g1iA,37
6a52A,9g1iA,37
6on1A,9g1iA,37
6p29A,9g1iA,37
7n7gA,9g1iA,37
7w5eA,9g1iA,37
8he6B,9g1iA,37
9g1iA,9g1iA,37
9u42A,9g1iA,37
4c2mI,9g27I,3
6hlqI,9g27I,3
9g27I,9g27I,3
9g2cI,9g2cI,1
9g30p,9g30p,1
9g3wA,9g3wA,1
5lxzB,9g43A,4
6ryvA,9g43A,4
6xlrA,9g43A,4
9g43A,9g43A,4
5msyA,9g4nA,2
9g4nA,9g4nA,2
9g4wB,9g4wB,1
9g6jY,9g6jY,1
9g71A,9g71A,1
9g7gA,9g7gA,1
3q9oA,9g7mA,2
9g7mA,9g7mA,2
9g8sr,9g8sr,1
2uubF,9gabA,8
4oi6B,9gabA,8
6zm9A,9gabA,8
7pnvE,9gabA,8
7pnxE,9gabA,8
8csuE,9gabA,8
9b1xF,9gabA,8
9gabA,9gabA,8
9gawN,9gawN,1
9gawS,9gawS,1
2naaA,9gbfA,3
4gneA,9gbfA,3
9gbfA,9gbfA,3
8cbkF,9gchF,2
9gchF,9gchF,2
5ewyA,9gcoB,3
5zj5A,9gcoB,3
9gcoB,9gcoB,3
9gcoC,9gcoC,1
9gcxG,9gcxG,1
6ryrW,9gd3W,2
9gd3W,9gd3W,2
9gekA,9gekA,1
8sldA,9ggbB,2
9ggbB,9ggbB,2
9c51A,9ggcA,2
9ggcA,9ggcA,2
9gglA,9gglA,1
9ggnA,9ggnA,1
9ggoA,9ggoA,1
3fedA,9gh7A,4
4tweA,9gh7A,4
5o5tA,9gh7A,4
9gh7A,9gh7A,4
5o61g,9gha4,11
7kgb6,9gha4,11
7msh6,9gha4,11
7s0sh,9gha4,11
7unw3,9gha4,11
8s1p6,9gha4,11
8wv1z,9gha4,11
9e0p2,9gha4,11
9gha4,9gha4,11
9ghe4,9gha4,11
9no74,9gha4,11
1doaB,9gkgA,3
5ml3B,9gkgA,3
9gkgA,9gkgA,3
5htlA,9glgA,2
9glgA,9glgA,2
9glqA,9glqA,1
9gm3D,9gm3D,1
9gmoG,9gmoG,1
6hoyA,9gmrK,2
9gmrK,9gmrK,2
1e3pA,9gmtA,8
3gcmA,9gmtA,8
3gmeA,9gmtA,8
7ld5A,9gmtA,8
8vahA,9gmtA,8
8zawA,9gmtA,8
9gmtA,9gmtA,8
9qh3A,9gmtA,8
9grx5,9grx5,1
4kt0K,9grxk,15
4y28K,9grxk,15
5oy08,9grxk,15
6traK,9grxk,15
7blzK,9grxk,15
7dkzK,9grxk,15
7xqpK,9grxk,15
7y7bK,9grxk,15
8cmoK,9grxk,15
8j7aK,9grxk,15
8vu3K,9grxk,15
8weyK,9grxk,15
8wm6K,9grxk,15
8z11k,9grxk,15
9grxk,9grxk,15
9gu4A,9gu4A,1
9gyyA,9gyyA,1
8bz7A,9gzkF,2
9gzkF,9gzkF,2
9h1lG,9h1lG,1
9h1lH,9h1lH,1
9h1lI,9h1lI,1
9h1sA,9h1sA,1
7vs7A,9h3bA,3
9h39A,9h3bA,3
9h3bA,9h3bA,3
9h6lA,9h6lA,1
1f86A,9h7eB,9
1kgiA,9h7eB,9
2g2nA,9h7eB,9
2h0fA,9h7eB,9
3q1eA,9h7eB,9
6gnrA,9h7eB,9
7kjjA,9h7eB,9
7rlkA,9h7eB,9
9h7eB,9h7eB,9
3dll4,9h914,17
3j6b0,9h914,17
4v199,9h914,17
5mmi5,9h914,17
6yws0,9h914,17
7of04,9h914,17
7p7q8,9h914,17
7uvz3,9h914,17
8b0x3,9h914,17
8fn2h,9h914,17
8p8b2,9h914,17
8rwg9,9h914,17
8s1p4,9h914,17
9h914,9h914,17
9hcf4,9h914,17
9j1m4,9h914,17
9no79,9h914,17
2rldA,9h9eB,7
5nqoA,9h9eB,7
6qybA,9h9eB,7
6vjaC,9h9eB,7
7m95A,9h9eB,7
8y81B,9h9eB,7
9h9eB,9h9eB,7
7o9kG,9hcft,3
8pk0t,9hcft,3
9hcft,9hcft,3
9hchI,9hchI,1
1gp6A,9hdmA,16
1odmA,9hdmA,16
1wa6X,9hdmA,16
5gj9A,9hdmA,16
5lunA,9hdmA,16
5o9wA,9hdmA,16
6ku3A,9hdmA,16
6lsvA,9hdmA,16
6ttnA,9hdmA,16
6xjjA,9hdmA,16
7ekdA,9hdmA,16
8cveA,9hdmA,16
8s7bA,9hdmA,16
8x7dA,9hdmA,16
9eisA,9hdmA,16
9hdmA,9hdmA,16
9hflP,9hflP,1
9hfsA,9hfsA,1
9hi3A,9hi3A,1
9hijA,9hijA,1
9hmlB,9hmlB,1
9fctA,9hmuA,3
9hmuA,9hmuA,3
9i2lA,9hmuA,3
9i4zA,9i4zA,1
6tirA,9i6bA,5
8b4iA,9i6bA,5
8w5kF,9i6bA,5
8xdnA,9i6bA,5
9i6bA,9i6bA,5
9i6bC,9i6bC,1
9i6bG,9i6bG,1
9i7tC,9i7tC,1
3l0aA,9iabA,3
9iabA,9iabA,3
9iacA,9iabA,3
9iitA,9iitA,1
9iiuV,9iiuV,1
9ijmA,9ijmA,1
9ijmE,9ijmE,2
9lu9D,9ijmE,2
9ik0B,9ik0B,1
9ikmA,9ikmA,1
2kr2A,9il3A,2
9il3A,9il3A,2
9im0A,9im0A,1
9im0O,9im0O,1
1reoA,9iqjA,33
1sezA,9iqjA,33
1vg0A,9iqjA,33
2iidA,9iqjA,33
3ayjA,9iqjA,33
3i6dA,9iqjA,33
3kveA,9iqjA,33
3nksA,9iqjA,33
4dsgA,9iqjA,33
4i59A,9iqjA,33
4ia6A,9iqjA,33
4iv9A,9iqjA,33
4u8iA,9iqjA,33
4uirA,9iqjA,33
5ts5A,9iqjA,33
5z2gA,9iqjA,33
6lqlA,9iqjA,33
7c3hA,9iqjA,33
7c4nA,9iqjA,33
7d4eA,9iqjA,33
7d9fA,9iqjA,33
7e0cA,9iqjA,33
7e7hA,9iqjA,33
7eihA,9iqjA,33
7og2A,9iqjA,33
7x7jA,9iqjA,33
8i6iA,9iqjA,33
8jheA,9iqjA,33
8jt7A,9iqjA,33
8zf8A,9iqjA,33
9ennA,9iqjA,33
9fxqA,9iqjA,33
9iqjA,9iqjA,33
9ir2A,9ir2A,1
2veaA,9irkC,21
3nhqA,9irkC,21
4bwiA,9irkC,21
4ourA,9irkC,21
4r70A,9irkC,21
4s21A,9irkC,21
5hsqA,9irkC,21
5llyA,9irkC,21
5oy5A,9irkC,21
6baoA,9irkC,21
6ptxA,9irkC,21
6tl4A,9irkC,21
7l5aA,9irkC,21
8avwA,9irkC,21
8borA,9irkC,21
8u4xA,9irkC,21
8upmA,9irkC,21
9g8cA,9irkC,21
9irkA,9irkC,21
9irkC,9irkC,21
9jryA,9irkC,21
4xymB,9isbA,3
6no3A,9isbA,3
9isbA,9isbA,3
9it0A,9it0A,1
1kqnA,9iw1A,3
1nupA,9iw1A,3
9iw1A,9iw1A,3
9iyxA,9iyxA,1
9iz2B,9iz2B,1
9iz2C,9iz2C,1
9iz4A,9iz4A,2
9iz4B,9iz4A,2
9izsA,9izsA,1
9j1l3,9j1l3,1
7p7qo,9j1mn,10
8crxS,9j1mn,10
8fmwN,9j1mn,10
8p2go,9j1mn,10
8p7xM,9j1mn,10
8qcqn,9j1mn,10
8uu8n,9j1mn,10
9b1yN,9j1mn,10
9j1mn,9j1mn,10
9no7n,9j1mn,10
8fmwR,9j1mr,3
8p7xQ,9j1mr,3
9j1mr,9j1mr,3
9j2f0,9j2f0,1
9j2f2,9j2f2,1
6z5s1,9j2f3,8
7ddqb,9j2f3,8
7vrjY,9j2f3,8
7xxf1,9j2f3,8
7xxf3,9j2f3,8
8wduY,9j2f3,8
8yz21,9j2f3,8
9j2f3,9j2f3,8
9j7uA,9j7uA,1
7w6xA,9j83A,3
7w6yA,9j83A,3
9j83A,9j83A,3
9j8pA,9j8pA,1
9j9h0,9j9h0,1
8cqw2,9j9hV,3
8p852,9j9hV,3
9j9hV,9j9hV,3
8oeqD,9j9hk,3
8p85C,9j9hk,3
9j9hk,9j9hk,3
6tb3S,9j9ho,3
8c3aG,9j9ho,3
9j9ho,9j9ho,3
4zw9A,9j9zA,16
5eqgA,9j9zA,16
7wsmA,9j9zA,16
7zhaA,9j9zA,16
8et9A,9j9zA,16
8jlcA,9j9zA,16
8ju0A,9j9zA,16
8k6lA,9j9zA,16
8kgwA,9j9zA,16
8pg0A,9j9zA,16
8phwA,9j9zA,16
8uo8A,9j9zA,16
8y66A,9j9zA,16
9biuA,9j9zA,16
9dxpA,9j9zA,16
9j9zA,9j9zA,16
9japA,9japA,1
1yfsA,9jc7A,5
3hy0A,9jc7A,5
4xemA,9jc7A,5
5knnA,9jc7A,5
9jc7A,9jc7A,5
1a4eA,9jdcA,20
1dgfA,9jdcA,20
1e93A,9jdcA,20
1gweA,9jdcA,20
1m7sA,9jdcA,20
1qwlA,9jdcA,20
1si8A,9jdcA,20
1u5uA,9jdcA,20
2isaA,9jdcA,20
2j2mA,9jdcA,20
2xq1B,9jdcA,20
3e4wA,9jdcA,20
4b7hA,9jdcA,20
4cabA,9jdcA,20
4e37A,9jdcA,20
4qolA,9jdcA,20
6pt7A,9jdcA,20
6rjnA,9jdcA,20
6rjrA,9jdcA,20
9jdcA,9jdcA,20
8ziaA,9jf5A,2
9jf5A,9jf5A,2
2c2aA,9jfjA,12
3d36A,9jfjA,12
4bivA,9jfjA,12
4bixA,9jfjA,12
4kp4A,9jfjA,12
4u7oA,9jfjA,12
4zkiB,9jfjA,12
5idjA,9jfjA,12
6dk7B,9jfjA,12
8f71A,9jfjA,12
9epnA,9jfjA,12
9jfjA,9jfjA,12
9jkpB,9jkpB,1
2vpaA,9jn6A,5
4ybnA,9jn6A,5
6rk0A,9jn6A,5
9ebmA,9jn6A,5
9jn6A,9jn6A,5
9jpjD,9jpjD,1
9jqqE,9jqqE,1
9jqrA,9jqrA,1
9jt2F,9jt2F,1
9jtiA,9jtiA,1
9k0bA,9k0bA,1
9k1gA,9k1gA,1
9k2vA,9k2vA,1
7du2I,9k39I,4
7z31I,9k39I,4
8bwsI,9k39I,4
9k39I,9k39I,4
9k39P,9k39P,1
2kidA,9k3gA,9
2wtsA,9k3gA,9
2xwgA,9k3gA,9
3psqA,9k3gA,9
3rccA,9k3gA,9
3tbeA,9k3gA,9
4g1hA,9k3gA,9
5go5A,9k3gA,9
9k3gA,9k3gA,9
9k3uV,9k3uV,1
9kc53,9kc53,1
6igzJ,9kc5J,11
6k61j,9kc5J,11
6kigJ,9kc5J,11
6vpv8,9kc5J,11
7dr1J,9kc5J,11
7y7bJ,9kc5J,11
8bcvJ,9kc5J,11
8weyJ,9kc5J,11
8z11j,9kc5J,11
8zwbJ,9kc5J,11
9kc5J,9kc5J,11
9kdfR,9kdfR,1
4ru3A,9ki1V,3
8fqcA,9ki1V,3
9ki1V,9ki1V,3
9kqb3,9kqb3,2
9kqb4,9kqb3,2
9kqbF,9kqbF,1
9kqbL,9kqbL,1
9kqbN,9kqbN,1
9kqbW,9kqbW,1
9kqbk,9kqbk,1
9kqpJ,9kqpJ,3
9kqqJ,9kqpJ,3
9mh1J,9kqpJ,3
9kqvA,9kqvA,1
9kueA,9kueA,1
9kueB,9kueB,1
8r0tF,9kueC,2
9kueC,9kueC,2
9l08A,9l08A,1
9l4dC,9l4dC,1
9l5rB,9l5rB,1
3jb9c,9l5rU,3
6id1U,9l5rU,3
9l5rU,9l5rU,3
5ftjA,9lgoC,3
9lgoA,9lgoC,3
9lgoC,9lgoC,3
9lniA,9lniA,1
9lriA,9lriA,1
1gl4A,9lscA,12
1uisA,9lscA,12
2gx2A,9lscA,12
2vadA,9lscA,12
2vvhA,9lscA,12
4dxpA,9lscA,12
4q7rA,9lscA,12
4r6dA,9lscA,12
6u1aA,9lscA,12
7qgkA,9lscA,12
8xldA,9lscA,12
9lscA,9lscA,12
9lu9G,9lu9G,1
9m26A,9m26A,1
9m8m0,9m8m0,1
9mdkA,9mdkA,1
1n26A,9mfgB,2
9mfgB,9mfgB,2
4kxfB,9mgyC,7
5irnA,9mgyC,7
7pzcA,9mgyC,7
7vtqA,9mgyC,7
7wbtA,9mgyC,7
7wgeA,9mgyC,7
9mgyC,9mgyC,7
9mh0H,9mh0H,1
9mh1H,9mh1H,1
7qcoi,9mh1I,3
8cmoI,9mh1I,3
9mh1I,9mh1I,3
9mhsA,9mhsA,1
9morA,9morA,2
9no7w,9morA,2
9movC,9movC,1
1aorA,9mqxD,7
1b25A,9mqxD,7
4z3xA,9mqxD,7
6x6uA,9mqxD,7
8c0zA,9mqxD,7
9g7jA,9mqxD,7
9mqxD,9mqxD,7
6x6uB,9mqxE,6
7qv7A,9mqxE,6
7qv7B,9mqxE,6
7z0sB,9mqxE,6
8c0zC,9mqxE,6
9mqxE,9mqxE,6
9mt2C,9mt6C,2
9mt6C,9mt6C,2
1twfI,9mu8I,7
3h0gI,9mu8I,7
5xogI,9mu8I,7
6drdI,9mu8I,7
8xx5G,9mu8I,7
9bz0I,9mu8I,7
9mu8I,9mu8I,7
9muoB,9muoB,1
9mxvA,9mxvA,1
9mylC,9mylD,2
9mylD,9mylD,2
9mzuA,9mzuA,1
9mzuD,9mzuD,1
9n2dA,9n2dA,1
3pgsA,9n2dB,4
8gl8F,9n2dB,4
9ga1A,9n2dB,4
9n2dB,9n2dB,4
9n2dC,9n2dC,1
9n2dD,9n2dD,1
9n5vA,9n5vA,1
3w1bA,9n82F,3
9cq6F,9n82F,3
9n82F,9n82F,3
9n8wA,9n8wA,1
3kicA,9nbg1,18
3ng9A,9nbg1,18
4dpvZ,9nbg1,18
4rsoA,9nbg1,18
6wft1,9nbg1,18
7kfrA,9nbg1,18
7l5u1,9nbg1,18
7l6a1,9nbg1,18
7l6e1,9nbg1,18
7ltm1,9nbg1,18
7thrA,9nbg1,18
8tey1,9nbg1,18
9b7mC,9nbg1,18
9cuz1,9nbg1,18
9n5l1,9nbg1,18
9n5m1,9nbg1,18
9naj1,9nbg1,18
9nbg1,9nbg1,18
9nf0B,9nf0B,1
7rwkA,9nlgA,3
7rwmA,9nlgA,3
9nlgA,9nlgA,3
9nlpA,9nlpA,1
9nnqA,9nnqA,1
7s5cF,9no72,2
9no72,9no72,2
4wceG,9no7N,3
8g7rL,9no7N,3
9no7N,9no7N,3
5j4dW,9no7Z,2
9no7Z,9no7Z,2
7p7sf,9no7e,5
7unwe,9no7e,5
7uvze,9no7e,5
9b1yE,9no7e,5
9no7e,9no7e,5
7zhgR,9no7q,3
8p7yP,9no7q,3
9no7q,9no7q,3
6ppjA,9np6A,2
9np6A,9np6A,2
1qhgA,9np6B,4
2is6A,9np6B,4
4c2uA,9np6B,4
9np6B,9np6B,4
2ashA,9ntnA,7
5n6fA,9ntnA,7
6h45A,9ntnA,7
7b2iA,9ntnA,7
7b2iC,9ntnA,7
7nq4B,9ntnA,7
9ntnA,9ntnA,7
1efaA,9ny7B,92
1gudA,9ny7B,92
1jftA,9ny7B,92
1jx6A,9ny7B,92
1tjyA,9ny7B,92
2driA,9ny7B,92
2fn8A,9ny7B,92
2fqxA,9ny7B,92
2fvyA,9ny7B,92
2h3hA,9ny7B,92
2ioyA,9ny7B,92
2jcgA,9ny7B,92
2nzuG,9ny7B,92
2p9hA,9ny7B,92
2rjoA,9ny7B,92
2vk2A,9ny7B,92
2x7xA,9ny7B,92
3ctpA,9ny7B,92
3ejwA,9ny7B,92
3gybA,9ny7B,92
3k4hA,9ny7B,92
3ksmA,9ny7B,92
3lftA,9ny7B,92
3lkvA,9ny7B,92
3m9xA,9ny7B,92
3o1hB,9ny7B,92
3o75A,9ny7B,92
3s99A,9ny7B,92
3t95A,9ny7B,92
3tb6A,9ny7B,92
3uugA,9ny7B,92
4fe7A,9ny7B,92
4iilA,9ny7B,92
4irxA,9ny7B,92
4kzkA,9ny7B,92
4pe6A,9ny7B,92
4pevA,9ny7B,92
4pz0A,9ny7B,92
4rk0A,9ny7B,92
4rk1A,9ny7B,92
4rk4A,9ny7B,92
4rk6A,9ny7B,92
4rkrA,9ny7B,92
4rsmA,9ny7B,92
4ru1A,9ny7B,92
4rxmA,9ny7B,92
4rxtA,9ny7B,92
4rxuA,9ny7B,92
4ry8A,9ny7B,92
4ry9A,9ny7B,92
4wt7A,9ny7B,92
4wutA,9ny7B,92
4wwhA,9ny7B,92
4wzzA,9ny7B,92
4xxhA,9ny7B,92
4y9tA,9ny7B,92
4yo7A,9ny7B,92
4ys6A,9ny7B,92
4ywhA,9ny7B,92
4z0nA,9ny7B,92
4zjpA,9ny7B,92
5dkvA,9ny7B,92
5dteA,9ny7B,92
5hkoA,9ny7B,92
5hqjA,9ny7B,92
5ibqA,9ny7B,92
5kwsA,9ny7B,92
5ocpA,9ny7B,92
5ulbA,9ny7B,92
5xssA,9ny7B,92
5yszA,9ny7B,92
6dspA,9ny7B,92
6gt9A,9ny7B,92
6hb0A,9ny7B,92
6hniA,9ny7B,92
6pi6A,9ny7B,92
6ruxA,9ny7B,92
6shuA,9ny7B,92
6ya4A,9ny7B,92
7cdxA,9ny7B,92
7e7mA,9ny7B,92
7x0hA,9ny7B,92
7x0rA,9ny7B,92
7x7hA,9ny7B,92
8abpA,9ny7B,92
8fxuA,9ny7B,92
8jfvA,9ny7B,92
9i1mA,9ny7B,92
9nt4A,9ny7B,92
9nt6A,9ny7B,92
9ny7A,9ny7B,92
9ny7B,9ny7B,92
9erfA,9nyyA,2
9nyyA,9nyyA,2
1uocA,9o0wA,25
1w0hA,9o0wA,25
1zbuA,9o0wA,25
2guiA,9o0wA,25
2igiA,9o0wA,25
2p51A,9o0wA,25
3tr8A,9o0wA,25
3v9wA,9o0wA,25
4gmjB,9o0wA,25
4wbqA,9o0wA,25
4ybgA,9o0wA,25
5af0A,9o0wA,25
5cy4A,9o0wA,25
6a47A,9o0wA,25
6a4dA,9o0wA,25
6j80B,9o0wA,25
6rk6A,9o0wA,25
7lpzA,9o0wA,25
7n8wA,9o0wA,25
7va3A,9o0wA,25
7wikC,9o0wA,25
8h2fA,9o0wA,25
8hceB,9o0wA,25
9e7uC,9o0wA,25
9o0wA,9o0wA,25
9o5oA,9o5oA,1
1h16A,9o8uA,16
2y8nA,9o8uA,16
5a0uA,9o8uA,16
5bwdA,9o8uA,16
5fawA,9o8uA,16
5ymrA,9o8uA,16
6lonA,9o8uA,16
6vxeA,9o8uA,16
7e7lA,9o8uA,16
7kq3A,9o8uA,16
7vuaA,9o8uA,16
8id0A,9o8uA,16
8id1A,9o8uA,16
8id7A,9o8uA,16
8iofA,9o8uA,16
9o8uA,9o8uA,16
9o8uB,9o8uB,1
9o8uC,9o8uC,1
9o8uD,9o8uD,1
1kgqA,9o8yA,5
3fsyA,9o8yA,5
3r5aA,9o8yA,5
5e3qA,9o8yA,5
9o8yA,9o8yA,5
9oc4A,9oc4A,1
5ksdA,9oc4B,7
7nxfA,9oc4B,7
7r0hA,9oc4B,7
7vh6A,9oc4B,7
8uy7A,9oc4B,7
9ejnA,9oc4B,7
9oc4B,9oc4B,7
2j6aA,9ohlD,4
3q87A,9ohlD,4
5cm2M,9ohlD,4
9ohlD,9ohlD,4
9oj3A,9oj3A,1
9ojnA,9ojnA,1
3pwfA,9onqA,4
7o91A,9onqA,4
9fj2A,9onqA,4
9onqA,9onqA,4
9qa6A,9qa6A,1
3p1vA,9qdiA,2
9qdiA,9qdiA,2
1e6vC,9qqtC,12
1e6yC,9qqtC,12
3sqgC,9qqtC,12
5a0yC,9qqtC,12
5a8wC,9qqtC,12
5n1qC,9qqtC,12
5n28C,9qqtC,12
7b1sC,9qqtC,12
7nkgC,9qqtC,12
9h1lA,9qqtC,12
9qqtC,9qqtC,12
9qr3C,9qqtC,12
1dkoA,9qz1A,10
1nd6B,9qz1A,10
1nt4A,9qz1A,10
1rptA,9qz1A,10
3it3A,9qz1A,10
6rxdA,9qz1A,10
7d2fA,9qz1A,10
8gdlA,9qz1A,10
9groA,9qz1A,10
9qz1A,9qz1A,10
9r2lA,9r2lA,1
9r2vA,9r2vA,1
9rjsA,9rjsA,1
9rt6B,9rt6B,1
1mxiA,9u46A,26
1v2xA,9u46A,26
2cx8B,9u46A,26
2ha8A,9u46A,26
2yy8A,9u46A,26
3dcmX,9u46A,26
3n4kA,9u46A,26
4cneA,9u46A,26
4cngA,9u46A,26
4fmwA,9u46A,26
4jalA,9u46A,26
4jwhA,9u46A,26
4jwjA,9u46A,26
4kgnA,9u46A,26
4kgnC,9u46A,26
4pzkA,9u46A,26
5co4A,9u46A,26
5gm8A,9u46A,26
5nfjA,9u46A,26
6emuA,9u46A,26
7e3qB,9u46A,26
7edcA,9u46A,26
8cboE,9u46A,26
8ri0A,9u46A,26
8w9uA,9u46A,26
9u46A,9u46A,26
3bg3B,9ueqA,6
4locA,9ueqA,6
5ks8C,9ueqA,6
7zz6A,9ueqA,6
8xl9A,9ueqA,6
9ueqA,9ueqA,6
9vqmA,9vqmA,1
