ref_pdb_id,ref_chain_id,ligand_id,apo_pdb_id,apo_chain_id,apo_original_chain_id,apo_resolution,tm_rmsd,local_pdb_path,synthetic_id,status,n_candidates_checked,rejection_log
155c,A,HEM,,,,,,,,all_candidates_pocket_occupied,1,"[""1cotA: pocket_occupied""]"
1a0i,A,ATP,,,,,,,,no_candidate_passed_prefilter,0,[]
1a0j,A,CA,,,,,,,,no_candidate_passed_prefilter,0,[]
1a4a,A,CU,1aiz,A,A,1.8,0.6262756046357141,/home/iscb/wolfson/hagairavid/LocAlign/datasets/apo_structures/CU/apoa1055b5623.pdb,apoa1055b5623,found,1,[]
1a4e,A,AZI,,,,,,,,no_candidate_passed_prefilter,0,[]
1a4e,A,HEM,,,,,,,,no_candidate_passed_prefilter,0,[]
1a4f,A,HEM,,,,,,,,all_candidates_pocket_occupied,5,"[""1c40A: pocket_occupied"", ""1hv4A: pocket_occupied"", ""1hv4C: chain_not_found"", ""1hv4E: chain_not_found"", ""1hv4G: chain_not_found""]"
1a4f,B,HEM,,,,,,,,all_candidates_pocket_occupied,5,"[""1c40B: pocket_occupied"", ""1hv4B: pocket_occupied"", ""1hv4D: chain_not_found"", ""1hv4F: chain_not_found"", ""1hv4H: chain_not_found""]"
1a59,A,COA,,,,,,,,no_candidate_passed_prefilter,0,[]
1a6l,A,SF4,,,,,,,,all_candidates_pocket_occupied,38,"[""7fd1A: pocket_occupied"", ""6fd1A: pocket_occupied"", ""6fdrA: pocket_occupied"", ""7fdrA: pocket_occupied"", ""1f5bA: pocket_occupied"", ""1pc4A: pocket_occupied"", ""1g3oA: pocket_occupied"", ""1d3wA: pocket_occupied"", ""1f5cA: pocket_occupied"", ""1pc5A: pocket_occupied"", ""1fd2A: pocket_occupied"", ""1fddA: pocket_occupied"", ""1g6bA: pocket_occupied"", ""2fd2A: pocket_occupied"", ""5fd1A: pocket_occupied"", ""1axqA: pocket_occupied"", ""1b0tA: pocket_occupied"", ""1fdaA: pocket_occupied"", ""1friA: pocket_occupied"", ""1frkA: pocket_occupied"", ""1fdbA: pocket_occupied"", ""1gaoA: pocket_occupied"", ""1gaoB: chain_not_found"", ""1gaoC: chain_not_found"", ""1gaoD: chain_not_found"", ""1ferA: pocket_occupied"", ""1ff2A: pocket_occupied"", ""1frhA: pocket_occupied"", ""1frjA: pocket_occupied"", ""1frlA: pocket_occupied"", ""1frmA: pocket_occupied"", ""1ftcA: pocket_occupied"", ""1ftcB: chain_not_found"", ""1frxA: pocket_occupied"", ""1b0vA: pocket_occupied"", ""1b0vB: chain_not_found"", ""1b0vC: chain_not_found"", ""1b0vD: chain_not_found""]"
1a71,A,ETF,5vkr,A,A,1.8,1.1895487414294612,/home/iscb/wolfson/hagairavid/LocAlign/datasets/apo_structures/ETF/apo6bcd06be8f.pdb,apo6bcd06be8f,found,168,"[""2jhfA: pocket_occupied"", ""2jhfB: chain_not_found"", ""4nfsA: pocket_occupied"", ""4nfsB: chain_not_found"", ""4ng5A: pocket_occupied"", ""4ng5B: chain_not_found"", ""4xd2A: pocket_occupied"", ""4xd2B: chain_not_found"", ""5kcpA: pocket_occupied"", ""5kcpB: chain_not_found"", ""6o91A: pocket_occupied"", ""6o91B: chain_not_found"", ""6oa7A: pocket_occupied"", ""6oa7B: chain_not_found"", ""6owmA: pocket_occupied"", ""6owmB: chain_not_found"", ""7ua6A: pocket_occupied"", ""7ua6B: chain_not_found"", ""7uc9A: pocket_occupied"", ""7uc9B: chain_not_found"", ""7ucaA: pocket_occupied"", ""7ucaB: chain_not_found"", ""7ucuA: pocket_occupied"", ""7ucuB: chain_not_found"", ""7uddA: pocket_occupied"", ""7uddB: chain_not_found"", ""7udeA: pocket_occupied"", ""7udeB: chain_not_found"", ""4dxhA: pocket_occupied"", ""4dxhB: chain_not_found"", ""1n8kA: pocket_occupied"", ""1n8kB: chain_not_found"", ""4dwvA: pocket_occupied"", ""4dwvB: chain_not_found"", ""5kczA: pocket_occupied"", ""5kczB: chain_not_found"", ""5kj6A: pocket_occupied"", ""5kj6B: chain_not_found"", ""6owpA: pocket_occupied"", ""6owpB: chain_not_found"", ""1hetA: pocket_occupied"", ""1hetB: chain_not_found"", ""1heuA: pocket_occupied"", ""1heuB: chain_not_found"", ""8e7uA: pocket_occupied"", ""8e7uB: chain_not_found"", ""1mgoA: pocket_occupied"", ""1mgoB: chain_not_found"", ""2jhgA: pocket_occupied"", ""2jhgB: chain_not_found"", ""3oq6A: pocket_occupied"", ""3oq6B: chain_not_found"", ""4nfhA: pocket_occupied"", ""4nfhB: chain_not_found"", ""5kj1A: pocket_occupied"", ""5kj1B: chain_not_found"", ""5kjcA: pocket_occupied"", ""5kjcB: chain_not_found"", ""5kjfA: pocket_occupied"", ""5kjfB: chain_not_found"", ""5vl0A: pocket_occupied"", ""5vl0B: chain_not_found"", ""5vl0C: chain_not_found"", ""5vl0D: chain_not_found"", ""7k35A: pocket_occupied"", ""7k35B: chain_not_found"", ""7k35C: chain_not_found"", ""7k35D: chain_not_found"", ""7udrA: pocket_occupied"", ""7udrB: chain_not_found"", ""7uecA: pocket_occupied"", ""7uecB: chain_not_found"", ""7ueeA: pocket_occupied"", ""7ueeB: chain_not_found"", ""7uefA: pocket_occupied"", ""7uefB: chain_not_found"", ""7ueiA: pocket_occupied"", ""7ueiB: chain_not_found"", ""7uejA: pocket_occupied"", ""7uejB: chain_not_found"", ""8ecsA: pocket_occupied"", ""8ecsB: chain_not_found"", ""8g4vA: pocket_occupied"", ""8g4vB: chain_not_found"", ""5vn1A: pocket_occupied"", ""5vn1B: chain_not_found"", ""5vn1C: chain_not_found"", ""5vn1D: chain_not_found"", ""5kjeA: pocket_occupied"", ""5kjeB: chain_not_found"", ""6cxxA: pocket_occupied"", ""6cxxB: chain_not_found"", ""7uhvA: pocket_occupied"", ""7uhvB: chain_not_found"", ""7uhwA: pocket_occupied"", ""7uhwB: chain_not_found"", ""7uhxA: pocket_occupied"", ""7uhxB: chain_not_found"", ""8ecuA: pocket_occupied"", ""8ecuB: chain_not_found"", ""7utwA: pocket_occupied"", ""7utwB: chain_not_found"", ""5cdgA: pocket_occupied"", ""5cdgB: chain_not_found"", ""5cdsA: pocket_occupied"", ""5cdsB: chain_not_found"", ""7uq9A: pocket_occupied"", ""7uq9B: chain_not_found"", ""8g2lA: pocket_occupied"", ""8g2lB: chain_not_found"", ""8g39A: pocket_occupied"", ""8g39B: chain_not_found"", ""7rm6A: pocket_occupied"", ""7rm6B: chain_not_found"", ""9nkkA: pocket_occupied"", ""9nkkB: chain_not_found"", ""8g2sA: pocket_occupied"", ""8g2sB: chain_not_found"", ""1n92A: pocket_occupied"", ""1n92B: chain_not_found"", ""8g2xA: pocket_occupied"", ""8g2xB: chain_not_found"", ""9cm6A: pocket_occupied"", ""9cm6B: chain_not_found"", ""9cmqA: pocket_occupied"", ""9cmqB: chain_not_found"", ""8g41A: pocket_occupied"", ""8g41B: chain_not_found"", ""7jqaA: pocket_occupied"", ""7jqaB: chain_not_found"", ""7jqaC: chain_not_found"", ""7jqaD: chain_not_found"", ""6xt2A: pocket_occupied"", ""6xt2B: chain_not_found"", ""6xt2C: chain_not_found"", ""6xt2D: chain_not_found"", ""8ee3A: pocket_occupied"", ""8ee3B: chain_not_found"", ""1p1rA: pocket_occupied"", ""1p1rB: chain_not_found"", ""1p1rC: chain_not_found"", ""1p1rD: chain_not_found"", ""1ye3A: pocket_occupied"", ""5cduA: pocket_occupied"", ""5cduB: chain_not_found"", ""8ectA: pocket_occupied"", ""8ectB: chain_not_found"", ""8eiwA: pocket_occupied"", ""8eiwB: chain_not_found"", ""9cqkA: pocket_occupied"", ""9cqkB: chain_not_found"", ""3btoA: pocket_occupied"", ""3btoB: chain_not_found"", ""3btoC: chain_not_found"", ""3btoD: chain_not_found"", ""5cdtA: pocket_occupied"", ""5cdtB: chain_not_found"", ""1mg0A: pocket_occupied"", ""1mg0B: chain_not_found"", ""1mg0C: chain_not_found"", ""1mg0D: chain_not_found"", ""1qv6A: pocket_occupied"", ""1qv6B: chain_not_found"", ""1qv7A: pocket_occupied"", ""1qv7B: chain_not_found"", ""2ohxA: pocket_occupied"", ""2ohxB: chain_not_found""]"
1a7v,A,HEM,,,,,,,,all_candidates_pocket_occupied,2,"[""1mqvA: pocket_occupied"", ""1mqvB: chain_not_found""]"
1a8r,A,GTP,1fbx,A,A,2.8,0.5626973122866735,/home/iscb/wolfson/hagairavid/LocAlign/datasets/apo_structures/GTP/apofe57346899.pdb,apofe57346899,found,11,"[""1n3sA: pocket_occupied"", ""1n3sB: chain_not_found"", ""1n3sC: chain_not_found"", ""1n3sD: chain_not_found"", ""1n3sE: chain_not_found"", ""1n3sF: chain_not_found"", ""1n3sG: chain_not_found"", ""1n3sH: chain_not_found"", ""1n3sI: chain_not_found"", ""1n3sJ: chain_not_found""]"
1aec,A,E64,,,,,,,,all_candidates_pocket_occupied,1,"[""2actA: pocket_occupied""]"
1af4,A,CA,1r0r,A,E,1.1,0.4254961394738066,/home/iscb/wolfson/hagairavid/LocAlign/datasets/apo_structures/CA/apo9e927830a7.pdb,apo9e927830a7,found,1,[]
1ahi,A,NAI,7eny,A,A,2.703,1.5423465331981168,/home/iscb/wolfson/hagairavid/LocAlign/datasets/apo_structures/NAI/apobd8e71e202.pdb,apobd8e71e202,found,5,"[""1fmcA: pocket_occupied"", ""1fmcB: chain_not_found"", ""1ahhA: pocket_occupied"", ""1ahhB: chain_not_found""]"
1ahj,A,FE,,,,,,,,all_candidates_pocket_occupied,28,"[""3a8gA: pocket_occupied"", ""3wvdA: pocket_occupied"", ""3x20A: pocket_occupied"", ""3x25A: pocket_occupied"", ""3x24A: pocket_occupied"", ""2qdyA: pocket_occupied"", ""2zpbA: pocket_occupied"", ""3a8mA: pocket_occupied"", ""3x26A: pocket_occupied"", ""2cz1A: pocket_occupied"", ""2zpgA: pocket_occupied"", ""2zcfA: pocket_occupied"", ""3a8oA: pocket_occupied"", ""2zpeA: pocket_occupied"", ""2zpfA: pocket_occupied"", ""2zpiA: pocket_occupied"", ""2cz0A: pocket_occupied"", ""2cz6A: pocket_occupied"", ""2cyzA: pocket_occupied"", ""3wveA: pocket_occupied"", ""2zphA: pocket_occupied"", ""3a8lA: pocket_occupied"", ""3x28A: pocket_occupied"", ""2d0qA: pocket_occupied"", ""3a8hA: pocket_occupied"", ""2ahjA: pocket_occupied"", ""2ahjC: chain_not_found"", ""2cz7A: pocket_occupied""]"
1ajk,A,CA,2ayh,A,A,1.6,1.4895796134489292,/home/iscb/wolfson/hagairavid/LocAlign/datasets/apo_structures/CA/apo033b2f7d4e.pdb,apo033b2f7d4e,found,1,[]
1ajo,B,CA,2ayh,A,A,1.6,1.4792344361211551,/home/iscb/wolfson/hagairavid/LocAlign/datasets/apo_structures/CA/apo8c671a591c.pdb,apo8c671a591c,found,1,[]
1akk,A,HEC,,,,,,,,all_candidates_pocket_occupied,57,"[""6k9jA: pocket_occupied"", ""3o1yA: pocket_occupied"", ""3o1yB: chain_not_found"", ""3o1yC: chain_not_found"", ""1wejF: pocket_occupied"", ""3wc8A: pocket_occupied"", ""3wuiA: pocket_occupied"", ""6k9iA: pocket_occupied"", ""1hrcA: pocket_occupied"", ""3o20A: pocket_occupied"", ""3o20B: chain_not_found"", ""3o20C: chain_not_found"", ""5iy51: pocket_occupied"", ""5iy52: chain_not_found"", ""1crcA: pocket_occupied"", ""1crcB: chain_not_found"", ""3nbtA: pocket_occupied"", ""3nbtB: chain_not_found"", ""3nbtC: chain_not_found"", ""3nbtD: chain_not_found"", ""3nbtE: chain_not_found"", ""3nbtF: chain_not_found"", ""4nfgB: pocket_occupied"", ""4rszA: pocket_occupied"", ""4rszB: chain_not_found"", ""4rszC: chain_not_found"", ""4rszD: chain_not_found"", ""4rszE: chain_not_found"", ""4rszF: chain_not_found"", ""3nbsA: pocket_occupied"", ""3nbsB: chain_not_found"", ""3nbsC: chain_not_found"", ""3nbsD: chain_not_found"", ""6suvAaA: pocket_occupied"", ""6suvBaB: chain_not_found"", ""6suvCaC: chain_not_found"", ""6suvDaD: chain_not_found"", ""6suvEaE: chain_not_found"", ""6suvFaF: chain_not_found"", ""6suvGaG: chain_not_found"", ""6suvHaH: chain_not_found"", ""1u75B: pocket_occupied"", ""2pcbB: pocket_occupied"", ""3jbtB: pocket_occupied"", ""3jbtD: chain_not_found"", ""3jbtF: chain_not_found"", ""3jbtH: chain_not_found"", ""3jbtJ: chain_not_found"", ""3jbtL: chain_not_found"", ""3jbtN: chain_not_found"", ""5wveB: pocket_occupied"", ""5wveD: chain_not_found"", ""5wveF: chain_not_found"", ""5wveH: chain_not_found"", ""5wveJ: chain_not_found"", ""5wveL: chain_not_found"", ""5wveN: chain_not_found""]"
1alq,A,CO3,1ghp,A,A,1.76,0.6110679185408118,/home/iscb/wolfson/hagairavid/LocAlign/datasets/apo_structures/CO3/apo88a38794bd.pdb,apo88a38794bd,found,1,[]
1amh,A,CA,3fp7,A,E,1.46,0.9358140861591808,/home/iscb/wolfson/hagairavid/LocAlign/datasets/apo_structures/CA/apoc25b445e6f.pdb,apoc25b445e6f,found,1,[]
1aom,B,HEM,1dy7,A,A,1.6,0.39180481096594005,/home/iscb/wolfson/hagairavid/LocAlign/datasets/apo_structures/HEM/apo7c333aef82.pdb,apo7c333aef82,found,9,"[""1qksA: pocket_occupied"", ""1qksB: chain_not_found"", ""1gq1A: pocket_occupied"", ""1gq1B: chain_not_found"", ""1hj5A: pocket_occupied"", ""1hj5B: chain_not_found"", ""1e2rA: pocket_occupied"", ""1e2rB: chain_not_found""]"
1aom,B,NO,,,,,,,,all_candidates_pocket_occupied,24,"[""1qksA: pocket_occupied"", ""1qksB: chain_not_found"", ""1gq1A: pocket_occupied"", ""1gq1B: chain_not_found"", ""1hj5A: pocket_occupied"", ""1hj5B: chain_not_found"", ""1e2rA: pocket_occupied"", ""1e2rB: chain_not_found"", ""1dy7A: pocket_occupied"", ""1dy7B: chain_not_found"", ""1hj3A: pocket_occupied"", ""1hj3B: chain_not_found"", ""1hj4A: pocket_occupied"", ""1hj4B: chain_not_found"", ""1aoqA: pocket_occupied"", ""1aoqB: chain_not_found"", ""1aofA: pocket_occupied"", ""1aofB: chain_not_found"", ""1h9xA: pocket_occupied"", ""1h9xB: chain_not_found"", ""1h9yA: pocket_occupied"", ""1h9yB: chain_not_found"", ""1hcmA: pocket_occupied"", ""1hcmB: chain_not_found""]"
1aor,A,SF4,,,,,,,,no_candidate_passed_prefilter,0,[]
1aw3,A,HEM,,,,,,,,no_candidate_passed_prefilter,0,[]
1awp,A,HEM,,,,,,,,all_candidates_pocket_occupied,19,"[""4hilA: pocket_occupied"", ""4hilB: chain_not_found"", ""1eueA: pocket_occupied"", ""1eueB: chain_not_found"", ""1lj0A: pocket_occupied"", ""1lj0B: chain_not_found"", ""1lj0C: chain_not_found"", ""1lj0D: chain_not_found"", ""1iccA: pocket_occupied"", ""1iccB: chain_not_found"", ""1iccC: chain_not_found"", ""1iccD: chain_not_found"", ""3musA: pocket_occupied"", ""3musB: chain_not_found"", ""2i89A: pocket_occupied"", ""2i89B: chain_not_found"", ""2i89C: chain_not_found"", ""2i89D: chain_not_found"", ""1b5mA: pocket_occupied""]"
1axk,B,CA,5tvy,A,A,1.0,0.9808936615440734,/home/iscb/wolfson/hagairavid/LocAlign/datasets/apo_structures/CA/apob9b68ff5cd.pdb,apob9b68ff5cd,found,1,[]
1ay0,A,CA,,,,,,,,all_candidates_pocket_occupied,12,"[""1gpuA: pocket_occupied"", ""1gpuB: chain_not_found"", ""1trkA: pocket_occupied"", ""1trkB: chain_not_found"", ""1tkbA: pocket_occupied"", ""1tkbB: chain_not_found"", ""1ngsA: pocket_occupied"", ""1ngsB: chain_not_found"", ""1tkaA: pocket_occupied"", ""1tkaB: chain_not_found"", ""1tkcA: pocket_occupied"", ""1tkcB: chain_not_found""]"
1b06,A,FE,,,,,,,,no_candidate_passed_prefilter,0,[]
1b09,A,PC,3pvn,A,A,1.98,0.4908764713331971,/home/iscb/wolfson/hagairavid/LocAlign/datasets/apo_structures/PC/apo1014cc4ff4.pdb,apo1014cc4ff4,found,1,[]
1b0b,A,HEM,,,,,,,,all_candidates_pocket_occupied,3,"[""1flpA: pocket_occupied"", ""1ebtA: pocket_occupied"", ""1mohA: pocket_occupied""]"
1b0u,A,ATP,,,,,,,,no_candidate_passed_prefilter,0,[]
1b25,A,SF4,,,,,,,,all_candidates_pocket_occupied,4,"[""1b4nA: pocket_occupied"", ""1b4nB: chain_not_found"", ""1b4nC: chain_not_found"", ""1b4nD: chain_not_found""]"
1b2y,A,CA,5u3a,A,A,0.95,0.4362831337943445,/home/iscb/wolfson/hagairavid/LocAlign/datasets/apo_structures/CA/apob360d19607.pdb,apob360d19607,found,1,[]
1b3o,A,CPR,6uc2,A,A,4.48,1.2633037632080808,/home/iscb/wolfson/hagairavid/LocAlign/datasets/apo_structures/CPR/apoef50d79b8c.pdb,apoef50d79b8c,found,209,"[""9dmuA: pocket_occupied"", ""9dmuB: chain_not_found"", ""9dmuC: chain_not_found"", ""9dmuD: chain_not_found"", ""9dmuE: chain_not_found"", ""9dmuF: chain_not_found"", ""9dmuG: chain_not_found"", ""9dmuH: chain_not_found"", ""8fozA: pocket_occupied"", ""8fozB: chain_not_found"", ""8fozC: chain_not_found"", ""8fozD: chain_not_found"", ""8fozE: chain_not_found"", ""8fozF: chain_not_found"", ""8fozG: chain_not_found"", ""8fozH: chain_not_found"", ""8fuzA: pocket_occupied"", ""8fuzB: chain_not_found"", ""8fuzC: chain_not_found"", ""8fuzD: chain_not_found"", ""8fuzE: chain_not_found"", ""8fuzF: chain_not_found"", ""8fuzG: chain_not_found"", ""8fuzH: chain_not_found"", ""9mucA: pocket_occupied"", ""9mucB: chain_not_found"", ""9mucC: chain_not_found"", ""9mucD: chain_not_found"", ""9mucE: chain_not_found"", ""9mucF: chain_not_found"", ""9mucG: chain_not_found"", ""9mucH: chain_not_found"", ""9mubA: pocket_occupied"", ""9mubB: chain_not_found"", ""9mubC: chain_not_found"", ""9mubD: chain_not_found"", ""6i0mA: pocket_occupied"", ""6i0mB: chain_not_found"", ""8g8fA: pocket_occupied"", ""8g8fB: chain_not_found"", ""8g8fC: chain_not_found"", ""8g8fD: chain_not_found"", ""8g8fE: chain_not_found"", ""8g8fF: chain_not_found"", ""8g8fG: chain_not_found"", ""8g8fH: chain_not_found"", ""6i0oA: pocket_occupied"", ""6i0oB: chain_not_found"", ""1nf7A: pocket_occupied"", ""1nf7B: chain_not_found"", ""1nfbA: pocket_occupied"", ""1nfbB: chain_not_found"", ""6udpA: pocket_occupied"", ""6udpB: chain_not_found"", ""6udpC: chain_not_found"", ""6udpD: chain_not_found"", ""6udpE: chain_not_found"", ""6udpF: chain_not_found"", ""6udpG: chain_not_found"", ""6udpH: chain_not_found"", ""8g9bA: pocket_occupied"", ""8g9bB: chain_not_found"", ""8g9bC: chain_not_found"", ""8g9bD: chain_not_found"", ""8g9bE: chain_not_found"", ""8g9bF: chain_not_found"", ""8g9bG: chain_not_found"", ""8g9bH: chain_not_found"", ""6u8eA: pocket_occupied"", ""6u8eB: chain_not_found"", ""6u8eC: chain_not_found"", ""6u8eD: chain_not_found"", ""6u8eE: chain_not_found"", ""6u8eF: chain_not_found"", ""6u8eG: chain_not_found"", ""6u8eH: chain_not_found"", ""6u8sA: pocket_occupied"", ""6u8sB: chain_not_found"", ""6u8sC: chain_not_found"", ""6u8sD: chain_not_found"", ""6u8sE: chain_not_found"", ""6u8sF: chain_not_found"", ""6u8sG: chain_not_found"", ""6u8sH: chain_not_found"", ""6udoA: pocket_occupied"", ""6udoB: chain_not_found"", ""6udoC: chain_not_found"", ""6udoD: chain_not_found"", ""6udoE: chain_not_found"", ""6udoF: chain_not_found"", ""6udoG: chain_not_found"", ""6udoH: chain_not_found"", ""6udoI: chain_not_found"", ""6udoJ: chain_not_found"", ""6udoK: chain_not_found"", ""6udoL: chain_not_found"", ""6udoM: chain_not_found"", ""6udoN: chain_not_found"", ""6udoO: chain_not_found"", ""6udoP: chain_not_found"", ""6udqA: pocket_occupied"", ""6udqB: chain_not_found"", ""6udqC: chain_not_found"", ""6udqD: chain_not_found"", ""6udqE: chain_not_found"", ""6udqF: chain_not_found"", ""6udqG: chain_not_found"", ""6udqH: chain_not_found"", ""6udqI: chain_not_found"", ""6udqJ: chain_not_found"", ""6udqK: chain_not_found"", ""6udqL: chain_not_found"", ""6u8nA: pocket_occupied"", ""6u8nB: chain_not_found"", ""6u8nC: chain_not_found"", ""6u8nD: chain_not_found"", ""6u8nE: chain_not_found"", ""6u8nF: chain_not_found"", ""6u8nG: chain_not_found"", ""6u8nH: chain_not_found"", ""6u8nI: chain_not_found"", ""6u8nJ: chain_not_found"", ""6u8nK: chain_not_found"", ""6u8nL: chain_not_found"", ""6u8nM: chain_not_found"", ""6u8nN: chain_not_found"", ""6u8nO: chain_not_found"", ""6u8nP: chain_not_found"", ""6u9oA: pocket_occupied"", ""6u9oB: chain_not_found"", ""6u9oC: chain_not_found"", ""6u9oD: chain_not_found"", ""6u9oE: chain_not_found"", ""6u9oF: chain_not_found"", ""6u9oG: chain_not_found"", ""6u9oH: chain_not_found"", ""6u9oI: chain_not_found"", ""6u9oJ: chain_not_found"", ""6u9oK: chain_not_found"", ""6u9oL: chain_not_found"", ""6u9oM: chain_not_found"", ""6u9oN: chain_not_found"", ""6u9oO: chain_not_found"", ""6u9oP: chain_not_found"", ""6ua4A: pocket_occupied"", ""6ua4B: chain_not_found"", ""6ua4C: chain_not_found"", ""6ua4D: chain_not_found"", ""6ua4E: chain_not_found"", ""6ua4F: chain_not_found"", ""6ua4G: chain_not_found"", ""6ua4H: chain_not_found"", ""6ua4I: chain_not_found"", ""6ua4J: chain_not_found"", ""6ua4K: chain_not_found"", ""6ua4L: chain_not_found"", ""6ua4M: chain_not_found"", ""6ua4N: chain_not_found"", ""6ua4O: chain_not_found"", ""6ua4P: chain_not_found"", ""6ua5A: pocket_occupied"", ""6ua5B: chain_not_found"", ""6ua5C: chain_not_found"", ""6ua5D: chain_not_found"", ""6ua5E: chain_not_found"", ""6ua5F: chain_not_found"", ""6ua5G: chain_not_found"", ""6ua5H: chain_not_found"", ""6uajA: pocket_occupied"", ""6uajB: chain_not_found"", ""6uajC: chain_not_found"", ""6uajD: chain_not_found"", ""6uajE: chain_not_found"", ""6uajF: chain_not_found"", ""6uajG: chain_not_found"", ""6uajH: chain_not_found"", ""6u8rA: pocket_occupied"", ""6u8rB: chain_not_found"", ""6u8rC: chain_not_found"", ""6u8rD: chain_not_found"", ""6u8rE: chain_not_found"", ""6u8rF: chain_not_found"", ""6u8rG: chain_not_found"", ""6u8rH: chain_not_found"", ""6u8rI: chain_not_found"", ""6u8rJ: chain_not_found"", ""6u8rK: chain_not_found"", ""6u8rL: chain_not_found"", ""6u8rM: chain_not_found"", ""6u8rN: chain_not_found"", ""6u8rO: chain_not_found"", ""6u8rP: chain_not_found"", ""6ua2A: pocket_occupied"", ""6ua2B: chain_not_found"", ""6ua2C: chain_not_found"", ""6ua2D: chain_not_found"", ""6ua2E: chain_not_found"", ""6ua2F: chain_not_found"", ""6ua2G: chain_not_found"", ""6ua2H: chain_not_found"", ""6ua2I: chain_not_found"", ""6ua2J: chain_not_found"", ""6ua2K: chain_not_found"", ""6ua2L: chain_not_found"", ""6ua2M: chain_not_found"", ""6ua2N: chain_not_found"", ""6ua2O: chain_not_found"", ""6ua2P: chain_not_found""]"
1b4e,A,SHF,,,,,,,,all_candidates_pocket_occupied,7,"[""1l6sA: pocket_occupied"", ""1l6sB: chain_not_found"", ""1i8jA: pocket_occupied"", ""1i8jB: chain_not_found"", ""1l6yA: pocket_occupied"", ""1l6yB: chain_not_found"", ""5mhbA: pocket_occupied""]"
1b54,A,PLP,,,,,,,,all_candidates_pocket_occupied,1,"[""1ct5A: pocket_occupied""]"
1b80,A,HEM,,,,,,,,all_candidates_pocket_occupied,7,"[""6issA: pocket_occupied"", ""6issG: chain_not_found"", ""6a6qA: pocket_occupied"", ""1b82A: pocket_occupied"", ""1b82B: chain_not_found"", ""1b85A: pocket_occupied"", ""1b85B: chain_not_found""]"
1b87,A,ACO,7bxz,A,A,2.502,1.053620897350562,/home/iscb/wolfson/hagairavid/LocAlign/datasets/apo_structures/ACO/apo4d4153c641.pdb,apo4d4153c641,found,8,"[""1n71A: pocket_occupied"", ""1n71B: chain_not_found"", ""1n71C: chain_not_found"", ""1n71D: chain_not_found"", ""5e96A: pocket_occupied"", ""2a4nA: pocket_occupied"", ""2a4nB: chain_not_found""]"
1b8g,B,PLP,,,,,,,,all_candidates_pocket_occupied,4,"[""3piuA: pocket_occupied"", ""1m7yA: pocket_occupied"", ""1m4nA: pocket_occupied"", ""1ynuA: pocket_occupied""]"
1b90,A,ACT,8zrz,A,A,1.26,0.9319882434431992,/home/iscb/wolfson/hagairavid/LocAlign/datasets/apo_structures/ACT/apo7b1beffe99.pdb,apo7b1beffe99,found,1,[]
1b90,A,CA,8zrz,A,A,1.26,0.9319882434431992,/home/iscb/wolfson/hagairavid/LocAlign/datasets/apo_structures/CA/apo7b1beffe99.pdb,apo7b1beffe99,found,1,[]
1b94,A,CA,1sx5,A,A,1.5,0.3340699384863873,/home/iscb/wolfson/hagairavid/LocAlign/datasets/apo_structures/CA/apo8610c6913c.pdb,apo8610c6913c,found,1,[]
1bc6,A,SF4,,,,,,,,no_candidate_passed_prefilter,0,[]
1bcf,A,HEM,4cvr,A,A,1.1,1.3534098104715497,/home/iscb/wolfson/hagairavid/LocAlign/datasets/apo_structures/HEM/apo85b5bbc350.pdb,apo85b5bbc350,found,1,[]
1bg0,A,DAR,3m10,A,A,1.727,2.952120853766467,/home/iscb/wolfson/hagairavid/LocAlign/datasets/apo_structures/DAR/apoaf43568773.pdb,apoaf43568773,found,4,"[""1m15A: pocket_occupied"", ""1rl9A: pocket_occupied"", ""5j99A: pocket_occupied""]"
1bgp,A,HEM,,,,,,,,no_candidate_passed_prefilter,0,[]
1bh6,A,CA,,,,,,,,no_candidate_passed_prefilter,0,[]
1bh9,B,PMB,1bh8,A,B,3.0,0.41771458279534324,/home/iscb/wolfson/hagairavid/LocAlign/datasets/apo_structures/PMB/apo8a6ee92d4c.pdb,apo8a6ee92d4c,found,1,[]
1bin,A,ACT,,,,,,,,all_candidates_pocket_occupied,2,"[""1fslA: pocket_occupied"", ""1fslB: chain_not_found""]"
1bin,A,HEM,,,,,,,,all_candidates_pocket_occupied,2,"[""1fslA: pocket_occupied"", ""1fslB: chain_not_found""]"
1bj3,B,CA,1j34,A,B,1.55,0.5463598610658175,/home/iscb/wolfson/hagairavid/LocAlign/datasets/apo_structures/CA/apo9657183e42.pdb,apo9657183e42,found,1,[]
1bk9,A,CA,1psj,A,A,2.0,0.23751549962057109,/home/iscb/wolfson/hagairavid/LocAlign/datasets/apo_structures/CA/apof7e7f1c204.pdb,apof7e7f1c204,found,1,[]
1blc,A,TEM,1alq,A,A,1.8,0.3961631383120989,/home/iscb/wolfson/hagairavid/LocAlign/datasets/apo_structures/TEM/apoeac257cc01.pdb,apoeac257cc01,found,2,"[""1ghpA: chain_not_found""]"
1brw,A,CA,,,,,,,,no_candidate_passed_prefilter,0,[]
1brw,A,PO4,,,,,,,,no_candidate_passed_prefilter,0,[]
1bu6,Y,GOL,,,,,,,,all_candidates_pocket_occupied,27,"[""3ezwA: pocket_occupied"", ""3ezwB: chain_not_found"", ""3ezwC: chain_not_found"", ""3ezwD: chain_not_found"", ""3ezwE: chain_not_found"", ""3ezwF: chain_not_found"", ""3ezwG: chain_not_found"", ""3ezwH: chain_not_found"", ""1glaG: pocket_occupied"", ""1glbG: pocket_occupied"", ""1glfO: pocket_occupied"", ""1glfX: chain_not_found"", ""1glfY: chain_not_found"", ""1glfZ: chain_not_found"", ""1glcG: pocket_occupied"", ""1gldG: pocket_occupied"", ""1gleG: pocket_occupied"", ""1bwfO: pocket_occupied"", ""1bwfY: chain_not_found"", ""1gljO: pocket_occupied"", ""1gljY: chain_not_found"", ""1gllO: pocket_occupied"", ""1gllY: chain_not_found"", ""1botO: pocket_occupied"", ""1botZ: chain_not_found"", ""1bo5O: pocket_occupied"", ""1bo5Z: chain_not_found""]"
1buc,A,CAA,,,,,,,,no_candidate_passed_prefilter,0,[]
1bvn,P,CA,1hx0,A,A,1.38,0.6412938677294299,/home/iscb/wolfson/hagairavid/LocAlign/datasets/apo_structures/CA/apocb35bbd541.pdb,apocb35bbd541,found,1,[]
1bxw,A,C8E,9fzc,A,A,2.27,2.733297773347269,/home/iscb/wolfson/hagairavid/LocAlign/datasets/apo_structures/C8E/apo237345e94c.pdb,apo237345e94c,found,2,"[""1qjpA: pocket_occupied""]"
1bz1,A,HEM,,,,,,,,all_candidates_pocket_occupied,706,"[""2w72A: pocket_occupied"", ""2w72C: chain_not_found"", ""1irdA: pocket_occupied"", ""2dn1A: pocket_occupied"", ""2dn2A: pocket_occupied"", ""2dn2C: chain_not_found"", ""2dn3A: pocket_occupied"", ""7dy4A: pocket_occupied"", ""7dy4C: chain_not_found"", ""7dy4E: chain_not_found"", ""7dy4G: chain_not_found"", ""6ka9A: pocket_occupied"", ""6ka9C: chain_not_found"", ""6ka9E: chain_not_found"", ""6ka9G: chain_not_found"", ""6kaoA: pocket_occupied"", ""6lcwA: pocket_occupied"", ""6lcwC: chain_not_found"", ""6lcwE: chain_not_found"", ""6lcwG: chain_not_found"", ""6lcxA: pocket_occupied"", ""6lcxC: chain_not_found"", ""6lcxE: chain_not_found"", ""6lcxG: chain_not_found"", ""7dy3A: pocket_occupied"", ""7dy3C: chain_not_found"", ""7dy3E: chain_not_found"", ""7dy3G: chain_not_found"", ""3s66A: pocket_occupied"", ""1j40A: pocket_occupied"", ""1j40C: chain_not_found"", ""1j40E: chain_not_found"", ""1j40G: chain_not_found"", ""1j41A: pocket_occupied"", ""1j41C: chain_not_found"", ""1j41E: chain_not_found"", ""1j41G: chain_not_found"", ""2d5zA: pocket_occupied"", ""2d5zC: chain_not_found"", ""6kaeA: pocket_occupied"", ""6kaeC: chain_not_found"", ""6kaeE: chain_not_found"", ""6kaeG: chain_not_found"", ""6kahA: pocket_occupied"", ""6kahC: chain_not_found"", ""6kahE: chain_not_found"", ""6kahG: chain_not_found"", ""6kaiA: pocket_occupied"", ""6kaiC: chain_not_found"", ""6kaiE: chain_not_found"", ""6kaiG: chain_not_found"", ""6kapA: pocket_occupied"", ""6l5vA: pocket_occupied"", ""7jy3A: pocket_occupied"", ""7jy3C: chain_not_found"", ""1babA: pocket_occupied"", ""1babC: chain_not_found"", ""1bz0A: pocket_occupied"", ""1bz0C: chain_not_found"", ""1thbA: pocket_occupied"", ""1thbC: chain_not_found"", ""1uiwA: pocket_occupied"", ""1uiwC: chain_not_found"", ""1uiwE: chain_not_found"", ""1uiwG: chain_not_found"", ""6kaqA: pocket_occupied"", ""6l5wA: pocket_occupied"", ""9hbaA: pocket_occupied"", ""9hbaC: chain_not_found"", ""5wogA: pocket_occupied"", ""5wogB: chain_not_found"", ""1j3yA: pocket_occupied"", ""1j3yC: chain_not_found"", ""1j3yE: chain_not_found"", ""1j3yG: chain_not_found"", ""3dutA: pocket_occupied"", ""3dutC: chain_not_found"", ""6hk2A: pocket_occupied"", ""6hk2C: chain_not_found"", ""3qjdA: pocket_occupied"", ""3qjdC: chain_not_found"", ""5wohA: pocket_occupied"", ""5wohC: chain_not_found"", ""1bzzA: pocket_occupied"", ""1bzzC: chain_not_found"", ""7jy1A: pocket_occupied"", ""7jy1C: chain_not_found"", ""1j3zA: pocket_occupied"", ""1j3zC: chain_not_found"", ""1j3zE: chain_not_found"", ""1j3zG: chain_not_found"", ""3nmmA: pocket_occupied"", ""3nmmC: chain_not_found"", ""6karA: pocket_occupied"", ""6kauA: pocket_occupied"", ""6kauC: chain_not_found"", ""7jy0A: pocket_occupied"", ""7jy0C: chain_not_found"", ""6kasA: pocket_occupied"", ""6kasC: chain_not_found"", ""6l5xA: pocket_occupied"", ""6l5xC: chain_not_found"", ""6l5yA: pocket_occupied"", ""6l5yC: chain_not_found"", ""7qu4A: chain_not_found"", ""7qu4B: chain_not_found"", ""4mqgA: pocket_occupied"", ""9bcjA: pocket_occupied"", ""1bbbA: pocket_occupied"", ""1bbbC: chain_not_found"", ""1dxtA: pocket_occupied"", ""1dxtC: chain_not_found"", ""1dxuA: pocket_occupied"", ""1dxuC: chain_not_found"", ""1dxvA: pocket_occupied"", ""1dxvC: chain_not_found"", ""1j7yA: pocket_occupied"", ""1j7yC: chain_not_found"", ""1qshA: pocket_occupied"", ""1qshC: chain_not_found"", ""1qsiA: pocket_occupied"", ""1qsiC: chain_not_found"", ""2d60A: pocket_occupied"", ""2d60C: chain_not_found"", ""4rolA: pocket_occupied"", ""4rolC: chain_not_found"", ""6bwpA: pocket_occupied"", ""6bwpC: chain_not_found"", ""6katA: pocket_occupied"", ""6katC: chain_not_found"", ""6kavA: pocket_occupied"", ""6kavC: chain_not_found"", ""1nqpA: pocket_occupied"", ""1nqpC: chain_not_found"", ""28odA: pocket_occupied"", ""28odC: chain_not_found"", ""2hhbA: pocket_occupied"", ""2hhbC: chain_not_found"", ""3hhbA: pocket_occupied"", ""3hhbC: chain_not_found"", ""4hhbA: pocket_occupied"", ""4hhbC: chain_not_found"", ""8fdlA: pocket_occupied"", ""8fdlC: chain_not_found"", ""5e6eA: pocket_occupied"", ""5ucuA: pocket_occupied"", ""7ud7A: pocket_occupied"", ""7ud7C: chain_not_found"", ""7ud8A: pocket_occupied"", ""7ud8C: chain_not_found"", ""1a01A: pocket_occupied"", ""1a01C: chain_not_found"", ""1a3nA: pocket_occupied"", ""1a3nC: chain_not_found"", ""1a3oA: pocket_occupied"", ""1a3oC: chain_not_found"", ""1c7cA: pocket_occupied"", ""1c7dA: pocket_occupied"", ""1gbuA: pocket_occupied"", ""1gbuC: chain_not_found"", ""1o1lA: pocket_occupied"", ""1o1nA: pocket_occupied"", ""1o1oA: pocket_occupied"", ""1o1oC: chain_not_found"", ""1o1pA: pocket_occupied"", ""1qi8A: pocket_occupied"", ""1qi8C: chain_not_found"", ""1r1yA: pocket_occupied"", ""1r1yC: chain_not_found"", ""1sdkA: pocket_occupied"", ""1sdkC: chain_not_found"", ""1sdlA: pocket_occupied"", ""1sdlC: chain_not_found"", ""1ye2A: pocket_occupied"", ""1ye2C: chain_not_found"", ""1yvqA: pocket_occupied"", ""1yvqC: chain_not_found"", ""1yvtA: pocket_occupied"", ""2w6vA: pocket_occupied"", ""2w6vC: chain_not_found"", ""3d7oA: pocket_occupied"", ""3ic0A: pocket_occupied"", ""3ic0C: chain_not_found"", ""3nl7A: pocket_occupied"", ""3qjbA: pocket_occupied"", ""3qjeA: pocket_occupied"", ""3qjeC: chain_not_found"", ""3s65A: pocket_occupied"", ""3s65C: chain_not_found"", ""4l7yA: pocket_occupied"", ""4l7yC: chain_not_found"", ""4mqjA: chain_not_found"", ""4mqjC: chain_not_found"", ""4mqjE: chain_not_found"", ""4mqjG: chain_not_found"", ""5e83A: pocket_occupied"", ""5e83C: chain_not_found"", ""5ksiA: pocket_occupied"", ""5ksiC: chain_not_found"", ""1c7bA: pocket_occupied"", ""1c7bC: chain_not_found"", ""1y4vA: pocket_occupied"", ""1y4vC: chain_not_found"", ""1g9vA: pocket_occupied"", ""1g9vC: chain_not_found"", ""1o1mA: pocket_occupied"", ""1qxeA: pocket_occupied"", ""1qxeC: chain_not_found"", ""3whmA: pocket_occupied"", ""3whmE: chain_not_found"", ""5e29A: pocket_occupied"", ""5e29C: chain_not_found"", ""5urcA: chain_not_found"", ""5urcC: chain_not_found"", ""6nq5A: pocket_occupied"", ""5sw7A: pocket_occupied"", ""1k0yA: pocket_occupied"", ""1k0yC: chain_not_found"", ""1kd2A: pocket_occupied"", ""1kd2C: chain_not_found"", ""1shrA: pocket_occupied"", ""1shrC: chain_not_found"", ""8fdkA: chain_not_found"", ""8fdkC: chain_not_found"", ""1buwA: pocket_occupied"", ""1buwC: chain_not_found"", ""1clsA: pocket_occupied"", ""1clsC: chain_not_found"", ""1hbbA: pocket_occupied"", ""1hbbC: chain_not_found"", ""1o1jA: pocket_occupied"", ""1vwtA: pocket_occupied"", ""1vwtC: chain_not_found"", ""1xz2A: pocket_occupied"", ""1xz2C: chain_not_found"", ""1xz7A: pocket_occupied"", ""1xz7C: chain_not_found"", ""1y7dA: pocket_occupied"", ""1y7dC: chain_not_found"", ""1y83A: pocket_occupied"", ""1y83C: chain_not_found"", ""3oo4A: pocket_occupied"", ""4n8tA: pocket_occupied"", ""4ni1A: pocket_occupied"", ""4romA: pocket_occupied"", ""4romC: chain_not_found"", ""6di4A: pocket_occupied"", ""6di4C: chain_not_found"", ""6xdtA: pocket_occupied"", ""6xdtC: chain_not_found"", ""1rq3A: pocket_occupied"", ""1rq3C: chain_not_found"", ""1xxtA: pocket_occupied"", ""1xxtC: chain_not_found"", ""1y4gA: pocket_occupied"", ""1y4gC: chain_not_found"", ""8fdmA: pocket_occupied"", ""8fdmC: chain_not_found"", ""4mqiA: pocket_occupied"", ""3wcpA: pocket_occupied"", ""3wcpC: chain_not_found"", ""9av9A: pocket_occupied"", ""9av9C: chain_not_found"", ""5u3iA: pocket_occupied"", ""5u3iC: chain_not_found"", ""6bnrA: pocket_occupied"", ""6bnrC: chain_not_found"", ""1y4pA: pocket_occupied"", ""1y4pC: chain_not_found"", ""1y7zA: pocket_occupied"", ""1y7zC: chain_not_found"", ""1xy0A: pocket_occupied"", ""1xy0C: chain_not_found"", ""7uf6A: pocket_occupied"", ""7uf6C: chain_not_found"", ""7uf7A: pocket_occupied"", ""7uf7C: chain_not_found"", ""1a00A: pocket_occupied"", ""1a00C: chain_not_found"", ""1a0zA: pocket_occupied"", ""1a0zC: chain_not_found"", ""1abwA: pocket_occupied"", ""1gbvA: pocket_occupied"", ""1gbvC: chain_not_found"", ""1j7wA: pocket_occupied"", ""1j7wC: chain_not_found"", ""1k1kA: pocket_occupied"", ""1o1kA: pocket_occupied"", ""1o1kC: chain_not_found"", ""1xz4A: pocket_occupied"", ""1xz4C: chain_not_found"", ""1y45A: pocket_occupied"", ""1y45C: chain_not_found"", ""1y4fA: pocket_occupied"", ""1y4fC: chain_not_found"", ""1yihA: pocket_occupied"", ""1yihC: chain_not_found"", ""2hbeA: pocket_occupied"", ""3hxnA: pocket_occupied"", ""3hxnC: chain_not_found"", ""3kmfA: pocket_occupied"", ""3kmfE: chain_not_found"", ""3p5qA: pocket_occupied"", ""4m4bA: pocket_occupied"", ""6bwuA: pocket_occupied"", ""6hbwA: pocket_occupied"", ""6hbwC: chain_not_found"", ""6xe7A: chain_not_found"", ""6xe7C: chain_not_found"", ""3qjcA: pocket_occupied"", ""8vylA: pocket_occupied"", ""8vylC: chain_not_found"", ""1y5jA: pocket_occupied"", ""1y5jC: chain_not_found"", ""2hbsA: pocket_occupied"", ""2hbsC: chain_not_found"", ""2hbsE: chain_not_found"", ""2hbsG: chain_not_found"", ""4m4aA: pocket_occupied"", ""4x0lA: pocket_occupied"", ""5ufjA: pocket_occupied"", ""5ufjC: chain_not_found"", ""7uvbA: pocket_occupied"", ""7uvbC: chain_not_found"", ""1y2zA: pocket_occupied"", ""1y2zC: chain_not_found"", ""1yziA: pocket_occupied"", ""3onzA: pocket_occupied"", ""1dkeA: pocket_occupied"", ""1dkeC: chain_not_found"", ""1gzxA: pocket_occupied"", ""1gzxC: chain_not_found"", ""1hbaA: pocket_occupied"", ""1hbaC: chain_not_found"", ""1hgaA: pocket_occupied"", ""1hgaC: chain_not_found"", ""1hgbA: pocket_occupied"", ""1hgbC: chain_not_found"", ""1hgcA: pocket_occupied"", ""1hgcC: chain_not_found"", ""1hhoA: pocket_occupied"", ""1m9pA: pocket_occupied"", ""1m9pC: chain_not_found"", ""1nejA: pocket_occupied"", ""1nejC: chain_not_found"", ""1y4bA: pocket_occupied"", ""1y4bC: chain_not_found"", ""1y7cA: pocket_occupied"", ""1y7cC: chain_not_found"", ""1y7gA: pocket_occupied"", ""1y7gC: chain_not_found"", ""1yheA: pocket_occupied"", ""1yheC: chain_not_found"", ""2dxmA: pocket_occupied"", ""2dxmC: chain_not_found"", ""2hbcA: pocket_occupied"", ""3oo5A: pocket_occupied"", ""6xd9A: pocket_occupied"", ""6xd9C: chain_not_found"", ""8dovA: pocket_occupied"", ""8dovC: chain_not_found"", ""8dovE: chain_not_found"", ""8dovG: chain_not_found"", ""1y0dA: chain_not_found"", ""1y0dC: chain_not_found"", ""1rpsA: pocket_occupied"", ""1rpsC: chain_not_found"", ""1rq4A: pocket_occupied"", ""1rq4C: chain_not_found"", ""1rqaA: pocket_occupied"", ""1rqaC: chain_not_found"", ""1xz5A: pocket_occupied"", ""1xz5C: chain_not_found"", ""1xzvA: pocket_occupied"", ""1xzvC: chain_not_found"", ""1y4qA: pocket_occupied"", ""1y4qC: chain_not_found"", ""1yevA: pocket_occupied"", ""1yevC: chain_not_found"", ""1y35A: pocket_occupied"", ""1y35C: chain_not_found"", ""1yeuA: pocket_occupied"", ""1yeuC: chain_not_found"", ""1xyeA: pocket_occupied"", ""1xyeC: chain_not_found"", ""1y31A: pocket_occupied"", ""1y31C: chain_not_found"", ""1y85A: pocket_occupied"", ""1y85C: chain_not_found"", ""1a0uA: pocket_occupied"", ""1a0uC: chain_not_found"", ""1y0tA: pocket_occupied"", ""1y0tC: chain_not_found"", ""1y0wA: pocket_occupied"", ""1y0wC: chain_not_found"", ""1y5fA: pocket_occupied"", ""1y5fC: chain_not_found"", ""1r1xA: pocket_occupied"", ""4ni0A: pocket_occupied"", ""5kdqA: pocket_occupied"", ""5kdqC: chain_not_found"", ""7jjqA: pocket_occupied"", ""7jjqC: chain_not_found"", ""1ljwA: pocket_occupied"", ""1xzuA: pocket_occupied"", ""1xzuC: chain_not_found"", ""1y22A: pocket_occupied"", ""1y22C: chain_not_found"", ""1mkoA: pocket_occupied"", ""1mkoC: chain_not_found"", ""1aj9A: pocket_occupied"", ""1hdbA: pocket_occupied"", ""1hdbC: chain_not_found"", ""1j7sA: pocket_occupied"", ""1j7sC: chain_not_found"", ""1si4A: pocket_occupied"", ""1si4C: chain_not_found"", ""1y5kA: chain_not_found"", ""1y5kC: chain_not_found"", ""1yh9A: pocket_occupied"", ""1yh9C: chain_not_found"", ""2hbdA: pocket_occupied"", ""2hbfA: pocket_occupied"", ""2hhdA: pocket_occupied"", ""2hhdC: chain_not_found"", ""2hheA: pocket_occupied"", ""2hheC: chain_not_found"", ""3r5iA: chain_not_found"", ""3r5iC: chain_not_found"", ""4mqcA: pocket_occupied"", ""8fdnA: pocket_occupied"", ""8fdnC: chain_not_found"", ""6halA: pocket_occupied"", ""6halC: chain_not_found"", ""1y0aA: pocket_occupied"", ""1y0aC: chain_not_found"", ""1y46A: pocket_occupied"", ""1y46C: chain_not_found"", ""1y4rA: pocket_occupied"", ""1y4rC: chain_not_found"", ""1yeoA: pocket_occupied"", ""1yeoC: chain_not_found"", ""7jxzA: pocket_occupied"", ""7jxzC: chain_not_found"", ""8wj0A: pocket_occupied"", ""9ayzA: pocket_occupied"", ""9ayzC: chain_not_found"", ""9ayzE: chain_not_found"", ""9ayzG: chain_not_found"", ""4mqkA: chain_not_found"", ""4mqkC: chain_not_found"", ""4mqkE: chain_not_found"", ""4mqkG: chain_not_found"", ""1qxdA: pocket_occupied"", ""1qxdC: chain_not_found"", ""1y09A: pocket_occupied"", ""1y09C: chain_not_found"", ""9vibA: pocket_occupied"", ""4fc3A: pocket_occupied"", ""8wj1A: pocket_occupied"", ""6kyeA: pocket_occupied"", ""6kyeC: chain_not_found"", ""6kyeE: chain_not_found"", ""6kyeG: chain_not_found"", ""6kyeI: chain_not_found"", ""6kyeK: chain_not_found"", ""6bb5A: pocket_occupied"", ""8egiA: pocket_occupied"", ""8egiC: chain_not_found"", ""1bijA: pocket_occupied"", ""1bijC: chain_not_found"", ""1habA: pocket_occupied"", ""1habC: chain_not_found"", ""1o1iA: pocket_occupied"", ""1y0cA: pocket_occupied"", ""1y0cC: chain_not_found"", ""2yrsA: pocket_occupied"", ""2yrsC: chain_not_found"", ""2yrsI: chain_not_found"", ""2yrsM: chain_not_found"", ""3b75A: pocket_occupied"", ""3b75C: chain_not_found"", ""3b75E: chain_not_found"", ""3b75G: chain_not_found"", ""3b75S: chain_not_found"", ""5ee4C: pocket_occupied"", ""5ee4E: chain_not_found"", ""5hy8A: pocket_occupied"", ""5hy8C: chain_not_found"", ""5hy8E: chain_not_found"", ""5hy8G: chain_not_found"", ""5hy8S: chain_not_found"", ""8wj2A: pocket_occupied"", ""9cqnA: pocket_occupied"", ""9cqnC: chain_not_found"", ""9cqtA: pocket_occupied"", ""9cqtC: chain_not_found"", ""5x2sA: pocket_occupied"", ""5x2sC: chain_not_found"", ""5x2sE: chain_not_found"", ""5x2sG: chain_not_found"", ""5x2sI: chain_not_found"", ""5x2sK: chain_not_found"", ""1z8uB: pocket_occupied"", ""1z8uD: chain_not_found"", ""1yffA: pocket_occupied"", ""1yffC: chain_not_found"", ""1yffE: chain_not_found"", ""1yffG: chain_not_found"", ""1yieA: pocket_occupied"", ""1yieC: chain_not_found"", ""3ic2A: pocket_occupied"", ""3ic2C: chain_not_found"", ""5ksjA: pocket_occupied"", ""5ksjC: chain_not_found"", ""9vicA: pocket_occupied"", ""1fn3A: pocket_occupied"", ""1fn3C: chain_not_found"", ""7k4mA: pocket_occupied"", ""7k4mC: chain_not_found"", ""7k4mE: chain_not_found"", ""7k4mG: chain_not_found"", ""7k4mI: chain_not_found"", ""1b86A: pocket_occupied"", ""1b86C: chain_not_found"", ""1fdhA: pocket_occupied"", ""1fdhB: chain_not_found"", ""1gliA: chain_not_found"", ""1gliC: chain_not_found"", ""1rvwA: pocket_occupied"", ""1ye0A: pocket_occupied"", ""1ye0C: chain_not_found"", ""4mqhA: pocket_occupied"", ""4n7oA: pocket_occupied"", ""4n7oC: chain_not_found"", ""4n7oE: chain_not_found"", ""4n7oG: chain_not_found"", ""4n7oI: chain_not_found"", ""4n7oK: chain_not_found"", ""9cqsA: pocket_occupied"", ""9cqsC: chain_not_found"", ""5x2uA: pocket_occupied"", ""5x2uC: chain_not_found"", ""5x2uE: chain_not_found"", ""5x2uG: chain_not_found"", ""5x2uI: chain_not_found"", ""5x2uK: chain_not_found"", ""7aetAAA: pocket_occupied"", ""7aetCCC: chain_not_found"", ""7aeuAAA: pocket_occupied"", ""7aeuCCC: chain_not_found"", ""4xs0A: pocket_occupied"", ""9cqmA: pocket_occupied"", ""9cqmC: chain_not_found"", ""1abyA: pocket_occupied"", ""1hacA: pocket_occupied"", ""1hacC: chain_not_found"", ""1lfqA: pocket_occupied"", ""1lftA: pocket_occupied"", ""1nihA: pocket_occupied"", ""1nihC: chain_not_found"", ""1yhrA: pocket_occupied"", ""1yhrC: chain_not_found"", ""9cqwA: pocket_occupied"", ""9cqwC: chain_not_found"", ""5x2tA: pocket_occupied"", ""5x2tC: chain_not_found"", ""5x2tE: chain_not_found"", ""5x2tG: chain_not_found"", ""5x2tI: chain_not_found"", ""5x2tK: chain_not_found"", ""1hcoA: pocket_occupied"", ""1lflA: pocket_occupied"", ""1lflC: chain_not_found"", ""1lflP: chain_not_found"", ""1lflR: chain_not_found"", ""1yg5A: pocket_occupied"", ""1yg5C: chain_not_found"", ""1ygfA: pocket_occupied"", ""1ygfC: chain_not_found"", ""2hcoA: pocket_occupied"", ""5x2rA: pocket_occupied"", ""5x2rC: chain_not_found"", ""5x2rE: chain_not_found"", ""5x2rG: chain_not_found"", ""5x2rI: chain_not_found"", ""5x2rK: chain_not_found"", ""9cqrA: pocket_occupied"", ""9cqrC: chain_not_found"", ""9cquA: pocket_occupied"", ""9cquC: chain_not_found"", ""1ygdA: pocket_occupied"", ""1ygdC: chain_not_found"", ""7cueA: pocket_occupied"", ""7cueC: chain_not_found"", ""1yeqA: pocket_occupied"", ""1yeqC: chain_not_found"", ""9cqvA: pocket_occupied"", ""9cqvC: chain_not_found"", ""4n7nA: pocket_occupied"", ""4n7nC: chain_not_found"", ""4n7nE: chain_not_found"", ""4n7nG: chain_not_found"", ""4n7nI: chain_not_found"", ""4n7nK: chain_not_found"", ""7aevAAA: pocket_occupied"", ""7aevCCC: chain_not_found"", ""9cqpA: pocket_occupied"", ""9cqpC: chain_not_found"", ""1y01B: pocket_occupied"", ""9tqdD: pocket_occupied"", ""9tqdF: chain_not_found"", ""1lfvA: pocket_occupied"", ""1yenA: pocket_occupied"", ""1yenC: chain_not_found"", ""3d17A: pocket_occupied"", ""3d17C: chain_not_found"", ""6nbcA: pocket_occupied"", ""6nbcC: chain_not_found"", ""4n7pA: pocket_occupied"", ""4n7pC: chain_not_found"", ""4n7pE: chain_not_found"", ""4n7pG: chain_not_found"", ""4n7pI: chain_not_found"", ""4n7pK: chain_not_found"", ""9hejD: pocket_occupied"", ""3ovuC: pocket_occupied"", ""7pchA: pocket_occupied"", ""7pchC: chain_not_found"", ""1a9wA: pocket_occupied"", ""1a9wC: chain_not_found"", ""1cohA: chain_not_found"", ""1cohC: chain_not_found"", ""1y8wA: pocket_occupied"", ""1y8wC: chain_not_found"", ""5hu6A: pocket_occupied"", ""6tb2A: pocket_occupied"", ""9cqqA: pocket_occupied"", ""9cqqC: chain_not_found"", ""8xmwA: pocket_occupied"", ""1cmyA: pocket_occupied"", ""1cmyC: chain_not_found"", ""1hbsA: pocket_occupied"", ""1hbsC: chain_not_found"", ""1hbsE: chain_not_found"", ""1hbsG: chain_not_found"", ""3szkA: pocket_occupied"", ""3szkD: chain_not_found"", ""9cqoA: pocket_occupied"", ""9cqoC: chain_not_found"", ""3s48C: pocket_occupied"", ""3s48D: chain_not_found"", ""1lfzA: chain_not_found"", ""3odqA: pocket_occupied"", ""3odqC: chain_not_found"", ""4wjgA: pocket_occupied"", ""4wjgF: chain_not_found"", ""4wjgK: chain_not_found"", ""4wjgP: chain_not_found"", ""4wjgU: chain_not_found"", ""4wjgZ: chain_not_found"", ""9s3pA: pocket_occupied"", ""9s3pC: chain_not_found"", ""8xmpC: pocket_occupied"", ""9szwA: pocket_occupied"", ""9hekD: pocket_occupied"", ""3ia3B: pocket_occupied"", ""3ia3D: chain_not_found"", ""1jy7A: pocket_occupied"", ""1jy7C: chain_not_found"", ""1jy7P: chain_not_found"", ""1jy7R: chain_not_found"", ""1jy7U: chain_not_found"", ""1jy7W: chain_not_found"", ""5jdoC: pocket_occupied"", ""5ni1A: chain_not_found"", ""5ni1C: chain_not_found"", ""5jdoE: chain_not_found"", ""6nbdA: pocket_occupied"", ""6nbdC: chain_not_found"", ""8xmqC: pocket_occupied"", ""9nb6D: pocket_occupied"", ""1lfyA: pocket_occupied"", ""1ydzA: pocket_occupied"", ""1ydzC: chain_not_found"", ""7xgyA: pocket_occupied"", ""7xgyC: chain_not_found"", ""7vdeA: pocket_occupied"", ""7vdeC: chain_not_found"", ""5vmmA: pocket_occupied"", ""5vmmC: chain_not_found"", ""7pcqA: pocket_occupied"", ""7pcqC: chain_not_found"", ""9fhbA: pocket_occupied"", ""9nb8D: pocket_occupied"", ""9s4iA: pocket_occupied"", ""9s4kA: pocket_occupied"", ""9s4jA: pocket_occupied"", ""9s4fA: pocket_occupied"", ""4ij2A: pocket_occupied"", ""4ij2C: chain_not_found"", ""9fmuA: pocket_occupied"", ""1ye1A: pocket_occupied"", ""1ye1C: chain_not_found"", ""9fnoA: pocket_occupied"", ""7pcfA: pocket_occupied""]"
1c07,A,CA,,,,,,,,no_candidate_passed_prefilter,0,[]
1c2y,A,LMZ,,,,,,,,no_candidate_passed_prefilter,0,[]
1c41,A,LMZ,,,,,,,,no_candidate_passed_prefilter,0,[]
1c6o,A,HEM,,,,,,,,all_candidates_pocket_occupied,1,"[""1c6rA: pocket_occupied""]"
1cb8,A,CA,1hm2,A,A,2.0,0.2967285800612908,/home/iscb/wolfson/hagairavid/LocAlign/datasets/apo_structures/CA/apo89fdb9f5d6.pdb,apo89fdb9f5d6,found,1,[]
1ccr,A,HEC,,,,,,,,no_candidate_passed_prefilter,0,[]
1cg5,B,HEM,,,,,,,,all_candidates_pocket_occupied,1,"[""1cg8B: pocket_occupied""]"
1ch4,A,HEM,5vmm,A,B,3.6,1.4592926548750593,/home/iscb/wolfson/hagairavid/LocAlign/datasets/apo_structures/HEM/apod26b96b8e4.pdb,apod26b96b8e4,found,694,"[""2w72B: pocket_occupied"", ""2w72D: chain_not_found"", ""1irdB: pocket_occupied"", ""2dn1B: pocket_occupied"", ""2dn2B: pocket_occupied"", ""2dn2D: chain_not_found"", ""2dn3B: pocket_occupied"", ""7dy4B: pocket_occupied"", ""7dy4D: chain_not_found"", ""7dy4F: chain_not_found"", ""7dy4H: chain_not_found"", ""6ka9B: pocket_occupied"", ""6ka9D: chain_not_found"", ""6ka9F: chain_not_found"", ""6ka9H: chain_not_found"", ""6kaoB: pocket_occupied"", ""6lcwB: pocket_occupied"", ""6lcwD: chain_not_found"", ""6lcwF: chain_not_found"", ""6lcwH: chain_not_found"", ""6lcxB: pocket_occupied"", ""6lcxD: chain_not_found"", ""6lcxF: chain_not_found"", ""6lcxH: chain_not_found"", ""7dy3B: pocket_occupied"", ""7dy3D: chain_not_found"", ""7dy3F: chain_not_found"", ""7dy3H: chain_not_found"", ""3s66B: pocket_occupied"", ""1j40B: pocket_occupied"", ""1j40D: chain_not_found"", ""1j40F: chain_not_found"", ""1j40H: chain_not_found"", ""1j41B: pocket_occupied"", ""1j41D: chain_not_found"", ""1j41F: chain_not_found"", ""1j41H: chain_not_found"", ""2d5zB: pocket_occupied"", ""2d5zD: chain_not_found"", ""6kaeB: pocket_occupied"", ""6kaeD: chain_not_found"", ""6kaeF: chain_not_found"", ""6kaeH: chain_not_found"", ""6kahB: pocket_occupied"", ""6kahD: chain_not_found"", ""6kahF: chain_not_found"", ""6kahH: chain_not_found"", ""6kaiB: pocket_occupied"", ""6kaiD: chain_not_found"", ""6kaiF: chain_not_found"", ""6kaiH: chain_not_found"", ""6kapB: pocket_occupied"", ""6l5vB: pocket_occupied"", ""7jy3B: pocket_occupied"", ""7jy3D: chain_not_found"", ""1babB: pocket_occupied"", ""1babD: chain_not_found"", ""1bz0B: pocket_occupied"", ""1bz0D: chain_not_found"", ""1thbB: pocket_occupied"", ""1thbD: chain_not_found"", ""1uiwB: pocket_occupied"", ""1uiwD: chain_not_found"", ""1uiwF: chain_not_found"", ""1uiwH: chain_not_found"", ""6kaqB: pocket_occupied"", ""6l5wB: pocket_occupied"", ""9hbaB: pocket_occupied"", ""9hbaD: chain_not_found"", ""5wogC: pocket_occupied"", ""5wogD: chain_not_found"", ""1j3yB: pocket_occupied"", ""1j3yD: chain_not_found"", ""1j3yF: chain_not_found"", ""1j3yH: chain_not_found"", ""3dutB: pocket_occupied"", ""3dutD: chain_not_found"", ""6hk2B: pocket_occupied"", ""6hk2D: chain_not_found"", ""3qjdB: pocket_occupied"", ""3qjdD: chain_not_found"", ""5wohB: pocket_occupied"", ""5wohD: chain_not_found"", ""1bz1B: pocket_occupied"", ""1bz1D: chain_not_found"", ""1bzzB: pocket_occupied"", ""1bzzD: chain_not_found"", ""7jy1B: pocket_occupied"", ""7jy1D: chain_not_found"", ""1j3zB: pocket_occupied"", ""1j3zD: chain_not_found"", ""1j3zF: chain_not_found"", ""1j3zH: chain_not_found"", ""3nmmB: pocket_occupied"", ""3nmmD: chain_not_found"", ""6karB: pocket_occupied"", ""6kauB: pocket_occupied"", ""6kauD: chain_not_found"", ""7jy0B: pocket_occupied"", ""7jy0D: chain_not_found"", ""6kasB: pocket_occupied"", ""6kasD: chain_not_found"", ""6l5xB: pocket_occupied"", ""6l5xD: chain_not_found"", ""6l5yB: pocket_occupied"", ""6l5yD: chain_not_found"", ""4mqgB: pocket_occupied"", ""9bcjB: pocket_occupied"", ""1dxtB: pocket_occupied"", ""1dxtD: chain_not_found"", ""1bbbB: chain_not_found"", ""1bbbD: chain_not_found"", ""1dxuB: pocket_occupied"", ""1dxuD: chain_not_found"", ""1dxvB: pocket_occupied"", ""1dxvD: chain_not_found"", ""1j7yB: pocket_occupied"", ""1j7yD: chain_not_found"", ""1qshB: pocket_occupied"", ""1qshD: chain_not_found"", ""1qsiB: pocket_occupied"", ""1qsiD: chain_not_found"", ""2d60B: pocket_occupied"", ""2d60D: chain_not_found"", ""4rolB: pocket_occupied"", ""4rolD: chain_not_found"", ""6bwpB: pocket_occupied"", ""6bwpD: chain_not_found"", ""6katB: pocket_occupied"", ""6katD: chain_not_found"", ""6kavB: pocket_occupied"", ""6kavD: chain_not_found"", ""1nqpB: pocket_occupied"", ""1nqpD: chain_not_found"", ""28odB: pocket_occupied"", ""28odD: chain_not_found"", ""1cbmA: pocket_occupied"", ""1cbmB: chain_not_found"", ""1cbmC: chain_not_found"", ""1cbmD: chain_not_found"", ""2hhbB: pocket_occupied"", ""2hhbD: chain_not_found"", ""3hhbB: pocket_occupied"", ""3hhbD: chain_not_found"", ""4hhbB: pocket_occupied"", ""4hhbD: chain_not_found"", ""8fdlB: pocket_occupied"", ""8fdlD: chain_not_found"", ""5e6eB: pocket_occupied"", ""5ucuB: pocket_occupied"", ""7ud7B: pocket_occupied"", ""7ud7D: chain_not_found"", ""7ud8B: pocket_occupied"", ""7ud8D: chain_not_found"", ""1a01B: pocket_occupied"", ""1a01D: chain_not_found"", ""1a3nB: pocket_occupied"", ""1a3nD: chain_not_found"", ""1a3oB: pocket_occupied"", ""1a3oD: chain_not_found"", ""1c7cB: pocket_occupied"", ""1c7cD: chain_not_found"", ""1c7dB: pocket_occupied"", ""1c7dD: chain_not_found"", ""1cblA: pocket_occupied"", ""1cblB: chain_not_found"", ""1cblC: chain_not_found"", ""1cblD: chain_not_found"", ""1gbuB: chain_not_found"", ""1gbuD: chain_not_found"", ""1o1lB: pocket_occupied"", ""1o1lD: chain_not_found"", ""1o1nB: pocket_occupied"", ""1o1nD: chain_not_found"", ""1o1oB: pocket_occupied"", ""1o1oD: chain_not_found"", ""1o1pB: pocket_occupied"", ""1o1pD: chain_not_found"", ""1qi8B: pocket_occupied"", ""1qi8D: chain_not_found"", ""1r1yB: pocket_occupied"", ""1r1yD: chain_not_found"", ""1sdkB: pocket_occupied"", ""1sdkD: chain_not_found"", ""1sdlB: pocket_occupied"", ""1sdlD: chain_not_found"", ""1ye2B: pocket_occupied"", ""1ye2D: chain_not_found"", ""1yvqB: pocket_occupied"", ""1yvqD: chain_not_found"", ""1yvtB: pocket_occupied"", ""2w6vB: pocket_occupied"", ""2w6vD: chain_not_found"", ""3d7oB: pocket_occupied"", ""3ic0B: pocket_occupied"", ""3ic0D: chain_not_found"", ""3nl7B: pocket_occupied"", ""3qjbB: pocket_occupied"", ""3qjeB: pocket_occupied"", ""3qjeD: chain_not_found"", ""3s65B: pocket_occupied"", ""3s65D: chain_not_found"", ""4l7yB: pocket_occupied"", ""4l7yD: chain_not_found"", ""5e83B: pocket_occupied"", ""5e83D: chain_not_found"", ""5ksiB: pocket_occupied"", ""5ksiD: chain_not_found"", ""1c7bB: pocket_occupied"", ""1c7bD: chain_not_found"", ""1y4vB: pocket_occupied"", ""1y4vD: chain_not_found"", ""1g9vB: pocket_occupied"", ""1g9vD: chain_not_found"", ""1o1mB: pocket_occupied"", ""1o1mD: chain_not_found"", ""1qxeB: pocket_occupied"", ""1qxeD: chain_not_found"", ""3whmB: pocket_occupied"", ""3whmF: chain_not_found"", ""5urcB: pocket_occupied"", ""5urcD: chain_not_found"", ""6nq5B: pocket_occupied"", ""5e29B: chain_not_found"", ""5e29D: chain_not_found"", ""5sw7B: pocket_occupied"", ""1k0yB: pocket_occupied"", ""1k0yD: chain_not_found"", ""1kd2B: pocket_occupied"", ""1kd2D: chain_not_found"", ""8fdkB: pocket_occupied"", ""8fdkD: chain_not_found"", ""1buwB: pocket_occupied"", ""1buwD: chain_not_found"", ""1clsB: pocket_occupied"", ""1clsD: chain_not_found"", ""1hbbB: pocket_occupied"", ""1hbbD: chain_not_found"", ""1o1jB: pocket_occupied"", ""1o1jD: chain_not_found"", ""1vwtB: pocket_occupied"", ""1vwtD: chain_not_found"", ""1xz2B: pocket_occupied"", ""1xz2D: chain_not_found"", ""1xz7B: pocket_occupied"", ""1xz7D: chain_not_found"", ""1y7dB: pocket_occupied"", ""1y7dD: chain_not_found"", ""1y83B: pocket_occupied"", ""1y83D: chain_not_found"", ""3oo4B: pocket_occupied"", ""4n8tB: pocket_occupied"", ""4ni1B: pocket_occupied"", ""4romB: pocket_occupied"", ""4romD: chain_not_found"", ""6di4B: pocket_occupied"", ""6di4D: chain_not_found"", ""6xdtB: pocket_occupied"", ""6xdtD: chain_not_found"", ""1rq3B: pocket_occupied"", ""1rq3D: chain_not_found"", ""1xxtB: pocket_occupied"", ""1xxtD: chain_not_found"", ""1y4gB: pocket_occupied"", ""1y4gD: chain_not_found"", ""8fdmB: pocket_occupied"", ""8fdmD: chain_not_found"", ""4mqiB: pocket_occupied"", ""3wcpB: pocket_occupied"", ""3wcpD: chain_not_found"", ""9av9B: pocket_occupied"", ""9av9D: chain_not_found"", ""3w4uB: pocket_occupied"", ""3w4uD: chain_not_found"", ""3w4uF: chain_not_found"", ""5u3iB: chain_not_found"", ""5u3iD: chain_not_found"", ""6bnrB: pocket_occupied"", ""6bnrD: chain_not_found"", ""1y4pB: pocket_occupied"", ""1y4pD: chain_not_found"", ""1y7zB: pocket_occupied"", ""1y7zD: chain_not_found"", ""1xy0B: pocket_occupied"", ""1xy0D: chain_not_found"", ""7uf6B: pocket_occupied"", ""7uf6D: chain_not_found"", ""7uf7B: pocket_occupied"", ""7uf7D: chain_not_found"", ""1a00B: pocket_occupied"", ""1a00D: chain_not_found"", ""1a0zB: pocket_occupied"", ""1a0zD: chain_not_found"", ""1abwB: pocket_occupied"", ""1abwD: chain_not_found"", ""1gbvB: pocket_occupied"", ""1gbvD: chain_not_found"", ""1j7wB: pocket_occupied"", ""1j7wD: chain_not_found"", ""1k1kB: pocket_occupied"", ""1o1kB: pocket_occupied"", ""1o1kD: chain_not_found"", ""1xz4B: pocket_occupied"", ""1xz4D: chain_not_found"", ""1y45B: pocket_occupied"", ""1y45D: chain_not_found"", ""1y4fB: pocket_occupied"", ""1y4fD: chain_not_found"", ""1yihB: pocket_occupied"", ""1yihD: chain_not_found"", ""2hbeB: pocket_occupied"", ""3hxnB: pocket_occupied"", ""3hxnD: chain_not_found"", ""3kmfC: pocket_occupied"", ""3kmfG: chain_not_found"", ""3p5qB: pocket_occupied"", ""4m4bB: pocket_occupied"", ""6bwuB: pocket_occupied"", ""6xe7B: pocket_occupied"", ""6xe7D: chain_not_found"", ""9ww1A: pocket_occupied"", ""9ww1B: chain_not_found"", ""9ww1C: chain_not_found"", ""9ww1D: chain_not_found"", ""6hbwB: chain_not_found"", ""6hbwD: chain_not_found"", ""3qjcB: chain_not_found"", ""8vylB: pocket_occupied"", ""8vylD: chain_not_found"", ""1y5jB: pocket_occupied"", ""1y5jD: chain_not_found"", ""2hbsB: pocket_occupied"", ""2hbsD: chain_not_found"", ""2hbsF: chain_not_found"", ""2hbsH: chain_not_found"", ""4m4aB: pocket_occupied"", ""4x0lB: pocket_occupied"", ""5ufjB: pocket_occupied"", ""5ufjD: chain_not_found"", ""7uvbB: pocket_occupied"", ""7uvbD: chain_not_found"", ""1y2zB: pocket_occupied"", ""1y2zD: chain_not_found"", ""1yziB: pocket_occupied"", ""3onzB: pocket_occupied"", ""1dkeB: pocket_occupied"", ""1dkeD: chain_not_found"", ""1gzxB: pocket_occupied"", ""1gzxD: chain_not_found"", ""1hbaB: pocket_occupied"", ""1hbaD: chain_not_found"", ""1hgaB: pocket_occupied"", ""1hgaD: chain_not_found"", ""1hgbB: pocket_occupied"", ""1hgbD: chain_not_found"", ""1hgcB: pocket_occupied"", ""1hgcD: chain_not_found"", ""1hhoB: pocket_occupied"", ""1m9pB: pocket_occupied"", ""1m9pD: chain_not_found"", ""1nejB: pocket_occupied"", ""1nejD: chain_not_found"", ""1y0dB: pocket_occupied"", ""1y0dD: chain_not_found"", ""1y4bB: chain_not_found"", ""1y4bD: chain_not_found"", ""1y7cB: pocket_occupied"", ""1y7cD: chain_not_found"", ""1y7gB: pocket_occupied"", ""1y7gD: chain_not_found"", ""1yheB: pocket_occupied"", ""1yheD: chain_not_found"", ""2dxmB: pocket_occupied"", ""2dxmD: chain_not_found"", ""2hbcB: pocket_occupied"", ""3oo5B: pocket_occupied"", ""6fqfA: pocket_occupied"", ""6fqfB: chain_not_found"", ""6fqfC: chain_not_found"", ""6fqfD: chain_not_found"", ""6xd9B: chain_not_found"", ""6xd9D: chain_not_found"", ""8dovB: pocket_occupied"", ""8dovD: chain_not_found"", ""8dovF: chain_not_found"", ""8dovH: chain_not_found"", ""1rpsB: pocket_occupied"", ""1rpsD: chain_not_found"", ""1rq4B: pocket_occupied"", ""1rq4D: chain_not_found"", ""1rqaB: pocket_occupied"", ""1rqaD: chain_not_found"", ""1xz5B: pocket_occupied"", ""1xz5D: chain_not_found"", ""1xzvB: pocket_occupied"", ""1xzvD: chain_not_found"", ""1y4qB: pocket_occupied"", ""1y4qD: chain_not_found"", ""1yevB: pocket_occupied"", ""1yevD: chain_not_found"", ""1y35B: pocket_occupied"", ""1y35D: chain_not_found"", ""1yeuB: pocket_occupied"", ""1yeuD: chain_not_found"", ""1xyeB: pocket_occupied"", ""1xyeD: chain_not_found"", ""1y31B: pocket_occupied"", ""1y31D: chain_not_found"", ""1y85B: pocket_occupied"", ""1y85D: chain_not_found"", ""1a0uB: pocket_occupied"", ""1a0uD: chain_not_found"", ""1y0tB: pocket_occupied"", ""1y0tD: chain_not_found"", ""1y0wB: pocket_occupied"", ""1y0wD: chain_not_found"", ""1y5fB: pocket_occupied"", ""1y5fD: chain_not_found"", ""1r1xB: pocket_occupied"", ""4ni0B: pocket_occupied"", ""5kdqB: pocket_occupied"", ""5kdqD: chain_not_found"", ""7jjqB: pocket_occupied"", ""7jjqD: chain_not_found"", ""1ljwB: pocket_occupied"", ""1xzuB: pocket_occupied"", ""1xzuD: chain_not_found"", ""1y22B: pocket_occupied"", ""1y22D: chain_not_found"", ""1mkoB: pocket_occupied"", ""1mkoD: chain_not_found"", ""1aj9B: pocket_occupied"", ""1hdbB: pocket_occupied"", ""1hdbD: chain_not_found"", ""1j7sB: pocket_occupied"", ""1j7sD: chain_not_found"", ""1y5kB: pocket_occupied"", ""1y5kD: chain_not_found"", ""1yh9B: pocket_occupied"", ""1yh9D: chain_not_found"", ""2hbdB: pocket_occupied"", ""2hbfB: pocket_occupied"", ""2hhdB: pocket_occupied"", ""2hhdD: chain_not_found"", ""3r5iB: pocket_occupied"", ""3r5iD: chain_not_found"", ""4mqcB: pocket_occupied"", ""8fdnB: pocket_occupied"", ""8fdnD: chain_not_found"", ""6halB: pocket_occupied"", ""6halD: chain_not_found"", ""2hheB: chain_not_found"", ""2hheD: chain_not_found"", ""1y0aB: pocket_occupied"", ""1y0aD: chain_not_found"", ""1y46B: pocket_occupied"", ""1y46D: chain_not_found"", ""1y4rB: pocket_occupied"", ""1y4rD: chain_not_found"", ""1yeoB: pocket_occupied"", ""1yeoD: chain_not_found"", ""7jxzB: pocket_occupied"", ""7jxzD: chain_not_found"", ""8wj0B: pocket_occupied"", ""9ayzB: pocket_occupied"", ""9ayzD: chain_not_found"", ""9ayzF: chain_not_found"", ""9ayzH: chain_not_found"", ""1qxdB: pocket_occupied"", ""1qxdD: chain_not_found"", ""1y09B: pocket_occupied"", ""1y09D: chain_not_found"", ""9vibB: pocket_occupied"", ""4fc3B: pocket_occupied"", ""8wj1B: pocket_occupied"", ""6kyeB: pocket_occupied"", ""6kyeD: chain_not_found"", ""6kyeF: chain_not_found"", ""6kyeH: chain_not_found"", ""6kyeJ: chain_not_found"", ""6kyeL: chain_not_found"", ""6bb5B: pocket_occupied"", ""8egiB: pocket_occupied"", ""8egiD: chain_not_found"", ""1bijB: pocket_occupied"", ""1bijD: chain_not_found"", ""1habB: pocket_occupied"", ""1habD: chain_not_found"", ""1o1iB: pocket_occupied"", ""1y0cB: pocket_occupied"", ""1y0cD: chain_not_found"", ""2yrsB: pocket_occupied"", ""2yrsD: chain_not_found"", ""2yrsK: chain_not_found"", ""2yrsO: chain_not_found"", ""3b75B: pocket_occupied"", ""3b75D: chain_not_found"", ""3b75F: chain_not_found"", ""3b75H: chain_not_found"", ""3b75T: chain_not_found"", ""5ee4D: pocket_occupied"", ""5ee4F: chain_not_found"", ""5hy8B: pocket_occupied"", ""5hy8D: chain_not_found"", ""5hy8F: chain_not_found"", ""5hy8H: chain_not_found"", ""5hy8T: chain_not_found"", ""8wj2B: pocket_occupied"", ""9cqnB: pocket_occupied"", ""9cqnD: chain_not_found"", ""9cqtB: pocket_occupied"", ""9cqtD: chain_not_found"", ""5x2sB: pocket_occupied"", ""5x2sD: chain_not_found"", ""5x2sF: chain_not_found"", ""5x2sH: chain_not_found"", ""5x2sJ: chain_not_found"", ""5x2sL: chain_not_found"", ""1yffB: pocket_occupied"", ""1yffD: chain_not_found"", ""1yffF: chain_not_found"", ""1yffH: chain_not_found"", ""1yieB: pocket_occupied"", ""1yieD: chain_not_found"", ""3ic2B: pocket_occupied"", ""3ic2D: chain_not_found"", ""5ksjB: pocket_occupied"", ""5ksjD: chain_not_found"", ""9vicB: pocket_occupied"", ""1fn3B: pocket_occupied"", ""1fn3D: chain_not_found"", ""7k4mB: pocket_occupied"", ""7k4mD: chain_not_found"", ""7k4mF: chain_not_found"", ""7k4mH: chain_not_found"", ""7k4mJ: chain_not_found"", ""1b86B: pocket_occupied"", ""1b86D: chain_not_found"", ""1gliB: pocket_occupied"", ""1gliD: chain_not_found"", ""1rvwB: pocket_occupied"", ""1ye0B: pocket_occupied"", ""1ye0D: chain_not_found"", ""4mqhB: pocket_occupied"", ""4n7oB: pocket_occupied"", ""4n7oD: chain_not_found"", ""4n7oF: chain_not_found"", ""4n7oH: chain_not_found"", ""4n7oJ: chain_not_found"", ""4n7oL: chain_not_found"", ""9cqsB: pocket_occupied"", ""9cqsD: chain_not_found"", ""5x2uB: pocket_occupied"", ""5x2uD: chain_not_found"", ""5x2uF: chain_not_found"", ""5x2uH: chain_not_found"", ""5x2uJ: chain_not_found"", ""5x2uL: chain_not_found"", ""7aetBBB: pocket_occupied"", ""7aetDDD: chain_not_found"", ""7aeuBBB: pocket_occupied"", ""7aeuDDD: chain_not_found"", ""4xs0B: pocket_occupied"", ""9cqmB: pocket_occupied"", ""9cqmD: chain_not_found"", ""1abyB: chain_not_found"", ""1abyD: chain_not_found"", ""1hacB: pocket_occupied"", ""1hacD: chain_not_found"", ""1lfqB: pocket_occupied"", ""1lftB: pocket_occupied"", ""1nihB: pocket_occupied"", ""1nihD: chain_not_found"", ""1yhrB: pocket_occupied"", ""1yhrD: chain_not_found"", ""9cqwB: pocket_occupied"", ""9cqwD: chain_not_found"", ""5x2tB: pocket_occupied"", ""5x2tD: chain_not_found"", ""5x2tF: chain_not_found"", ""5x2tH: chain_not_found"", ""5x2tJ: chain_not_found"", ""5x2tL: chain_not_found"", ""1hcoB: pocket_occupied"", ""1lflB: pocket_occupied"", ""1lflD: chain_not_found"", ""1lflQ: chain_not_found"", ""1lflS: chain_not_found"", ""1yg5B: pocket_occupied"", ""1yg5D: chain_not_found"", ""1ygfB: pocket_occupied"", ""1ygfD: chain_not_found"", ""2hcoB: pocket_occupied"", ""5x2rB: pocket_occupied"", ""5x2rD: chain_not_found"", ""5x2rF: chain_not_found"", ""5x2rH: chain_not_found"", ""5x2rJ: chain_not_found"", ""5x2rL: chain_not_found"", ""9cqrB: pocket_occupied"", ""9cqrD: chain_not_found"", ""9cquB: pocket_occupied"", ""9cquD: chain_not_found"", ""1ygdB: pocket_occupied"", ""1ygdD: chain_not_found"", ""7cueB: pocket_occupied"", ""7cueD: chain_not_found"", ""1yeqB: pocket_occupied"", ""1yeqD: chain_not_found"", ""9cqvB: pocket_occupied"", ""9cqvD: chain_not_found"", ""4n7nB: pocket_occupied"", ""4n7nD: chain_not_found"", ""4n7nF: chain_not_found"", ""4n7nH: chain_not_found"", ""4n7nJ: chain_not_found"", ""4n7nL: chain_not_found"", ""7aevBBB: pocket_occupied"", ""7aevDDD: chain_not_found"", ""9cqpB: pocket_occupied"", ""9cqpD: chain_not_found"", ""9tqdE: pocket_occupied"", ""9tqdG: chain_not_found"", ""1lfvB: pocket_occupied"", ""1yenB: pocket_occupied"", ""1yenD: chain_not_found"", ""3d17B: pocket_occupied"", ""3d17D: chain_not_found"", ""6nbcB: pocket_occupied"", ""6nbcD: chain_not_found"", ""4n7pB: pocket_occupied"", ""4n7pD: chain_not_found"", ""4n7pF: chain_not_found"", ""4n7pH: chain_not_found"", ""4n7pJ: chain_not_found"", ""4n7pL: chain_not_found"", ""9hejE: pocket_occupied"", ""7pchB: pocket_occupied"", ""7pchD: chain_not_found"", ""1cohB: pocket_occupied"", ""1cohD: chain_not_found"", ""1y8wB: pocket_occupied"", ""1y8wD: chain_not_found"", ""6tb2B: pocket_occupied"", ""5hu6B: chain_not_found"", ""9cqqB: pocket_occupied"", ""9cqqD: chain_not_found"", ""8xmwB: pocket_occupied"", ""1cmyB: pocket_occupied"", ""1cmyD: chain_not_found"", ""1hbsB: pocket_occupied"", ""1hbsD: chain_not_found"", ""1hbsF: chain_not_found"", ""1hbsH: chain_not_found"", ""3szkB: pocket_occupied"", ""3szkE: chain_not_found"", ""9cqoB: pocket_occupied"", ""9cqoD: chain_not_found"", ""1lfzB: pocket_occupied"", ""3odqB: pocket_occupied"", ""3odqD: chain_not_found"", ""4wjg1: pocket_occupied"", ""4wjgB: chain_not_found"", ""4wjgG: chain_not_found"", ""4wjgL: chain_not_found"", ""4wjgQ: chain_not_found"", ""4wjgV: chain_not_found"", ""9s3pB: pocket_occupied"", ""9s3pD: chain_not_found"", ""8xmpG: pocket_occupied"", ""9szwB: pocket_occupied"", ""9hekE: pocket_occupied"", ""1jy7B: pocket_occupied"", ""1jy7D: chain_not_found"", ""1jy7Q: chain_not_found"", ""1jy7S: chain_not_found"", ""1jy7V: chain_not_found"", ""1jy7X: chain_not_found"", ""5ni1B: pocket_occupied"", ""5ni1D: chain_not_found"", ""5jdoD: pocket_occupied"", ""5jdoF: chain_not_found"", ""6nbdB: pocket_occupied"", ""6nbdD: chain_not_found"", ""8xmqG: pocket_occupied"", ""9nb6E: pocket_occupied"", ""1lfyB: pocket_occupied"", ""1ydzB: pocket_occupied"", ""1ydzD: chain_not_found"", ""7xgyB: pocket_occupied"", ""7xgyD: chain_not_found"", ""7vdeB: pocket_occupied"", ""7vdeD: chain_not_found""]"
1ci3,M,HEC,,,,,,,,no_candidate_passed_prefilter,0,[]
1ci9,A,DFP,,,,,,,,all_candidates_pocket_occupied,2,"[""1ci8A: pocket_occupied"", ""1ci8B: chain_not_found""]"
1cjx,A,ACT,,,,,,,,no_candidate_passed_prefilter,0,[]
1ckl,A,CA,5fo8,A,C,2.4,3.528882435086516,/home/iscb/wolfson/hagairavid/LocAlign/datasets/apo_structures/CA/apo5b5675d8a6.pdb,apo5b5675d8a6,found,1,[]
1cm0,A,COA,,,,,,,,all_candidates_pocket_occupied,4,"[""4nsqA: pocket_occupied"", ""4nsqB: chain_not_found"", ""4nsqC: chain_not_found"", ""4nsqD: chain_not_found""]"
1cm5,A,CO3,1qhm,A,A,2.8,1.3922375274809744,/home/iscb/wolfson/hagairavid/LocAlign/datasets/apo_structures/CO3/apo33fb8e2943.pdb,apo33fb8e2943,found,9,"[""1h16A: pocket_occupied"", ""1h17A: pocket_occupied"", ""1h18A: pocket_occupied"", ""1h18B: chain_not_found"", ""3pflA: pocket_occupied"", ""3pflB: chain_not_found"", ""1mzoA: pocket_occupied"", ""1mzoB: chain_not_found""]"
1cma,B,SAM,1cmb,A,A,1.8,1.6260860063888392,/home/iscb/wolfson/hagairavid/LocAlign/datasets/apo_structures/SAM/apofd7fa63b48.pdb,apofd7fa63b48,found,1,[]
1co6,A,HEC,,,,,,,,all_candidates_pocket_occupied,2,"[""1io3A: pocket_occupied"", ""1cryA: pocket_occupied""]"
1coy,A,AND,,,,,,,,all_candidates_pocket_occupied,1,"[""3coxA: pocket_occupied""]"
1coz,A,CTP,,,,,,,,all_candidates_pocket_occupied,4,"[""1n1dA: pocket_occupied"", ""1n1dB: chain_not_found"", ""1n1dC: chain_not_found"", ""1n1dD: chain_not_found""]"
1cp9,B,CA,,,,,,,,no_candidate_passed_prefilter,0,[]
1cpm,A,CA,1u0a,A,A,1.64,0.3581995328174797,/home/iscb/wolfson/hagairavid/LocAlign/datasets/apo_structures/CA/apoa9552e4c16.pdb,apoa9552e4c16,found,2,"[""2ayhA: chain_not_found""]"
1cpq,A,HEM,,,,,,,,all_candidates_pocket_occupied,5,"[""1rcpA: pocket_occupied"", ""1rcpB: chain_not_found"", ""1cprA: pocket_occupied"", ""1nbbA: pocket_occupied"", ""1nbbB: chain_not_found""]"
1cqx,A,HEM,,,,,,,,all_candidates_pocket_occupied,5,"[""3ozuA: pocket_occupied"", ""3ozwA: pocket_occupied"", ""3ozwB: chain_not_found"", ""3ozvA: pocket_occupied"", ""3ozvB: chain_not_found""]"
1cr1,A,TTP,6n7i,A,A,3.2,2.079588581001352,/home/iscb/wolfson/hagairavid/LocAlign/datasets/apo_structures/TTP/apo1450cb4c8a.pdb,apo1450cb4c8a,found,10,"[""1cr0A: pocket_occupied"", ""1cr2A: pocket_occupied"", ""1cr4A: pocket_occupied"", ""1e0jA: pocket_occupied"", ""1e0jB: chain_not_found"", ""1e0jC: chain_not_found"", ""1e0jD: chain_not_found"", ""1e0jE: chain_not_found"", ""1e0jF: chain_not_found""]"
1cr8,A,CA,,,,,,,,no_candidate_passed_prefilter,0,[]
1csn,A,ATP,,,,,,,,all_candidates_pocket_occupied,3,"[""2csnA: pocket_occupied"", ""1eh4A: pocket_occupied"", ""1eh4B: chain_not_found""]"
1ct9,A,AMP,,,,,,,,no_candidate_passed_prefilter,0,[]
1cuo,A,CU,1uat,A,A,1.9,1.114589249717994,/home/iscb/wolfson/hagairavid/LocAlign/datasets/apo_structures/CU/apo184e9055c0.pdb,apo184e9055c0,found,1,[]
1cur,A,CU,2cal,A,A,1.1,1.4599811143452848,/home/iscb/wolfson/hagairavid/LocAlign/datasets/apo_structures/CU/apo16ec605a9d.pdb,apo16ec605a9d,found,1,[]
1cxa,A,IMD,,,,,,,,all_candidates_pocket_occupied,6,"[""1cxcA: pocket_occupied"", ""2cxbA: pocket_occupied"", ""2cxbB: chain_not_found"", ""1l9bC: pocket_occupied"", ""1l9jC: pocket_occupied"", ""1l9jD: chain_not_found""]"
1cxy,A,HEM,,,,,,,,no_candidate_passed_prefilter,0,[]
1cyc,A,HEC,,,,,,,,no_candidate_passed_prefilter,0,[]
1d06,A,HEM,,,,,,,,all_candidates_pocket_occupied,1,"[""1ew0A: pocket_occupied""]"
1d1q,A,4NP,,,,,,,,all_candidates_pocket_occupied,4,"[""1d2aA: pocket_occupied"", ""1d2aB: chain_not_found"", ""1d1pA: pocket_occupied"", ""1d1pB: chain_not_found""]"
1d2l,A,CA,,,,,,,,no_candidate_passed_prefilter,0,[]
1d3a,A,CL,4jco,A,A,1.7,0.3463466305066404,/home/iscb/wolfson/hagairavid/LocAlign/datasets/apo_structures/CL/apof68f3f6cb6.pdb,apof68f3f6cb6,found,1,[]
1d7c,A,HEM,,,,,,,,all_candidates_pocket_occupied,6,"[""1d7bA: pocket_occupied"", ""1d7bB: chain_not_found"", ""1d7dA: pocket_occupied"", ""1d7dB: chain_not_found"", ""1pl3A: pocket_occupied"", ""1pl3B: chain_not_found""]"
1d7r,A,K,1zod,A,A,1.8,0.26321483498773374,/home/iscb/wolfson/hagairavid/LocAlign/datasets/apo_structures/K/apo7398b20969.pdb,apo7398b20969,found,1,[]
1d8u,A,HEM,,,,,,,,all_candidates_pocket_occupied,4,"[""2gnvA: pocket_occupied"", ""2gnvB: chain_not_found"", ""2gnwA: pocket_occupied"", ""2gnwB: chain_not_found""]"
1dax,A,SF4,,,,,,,,all_candidates_pocket_occupied,2,"[""1fxrA: pocket_occupied"", ""1fxrB: chain_not_found""]"
1dfx,A,CA,,,,,,,,no_candidate_passed_prefilter,0,[]
1dj2,A,GDP,,,,,,,,no_candidate_passed_prefilter,0,[]
1dj3,A,GDP,,,,,,,,no_candidate_passed_prefilter,0,[]
1djn,A,SF4,,,,,,,,all_candidates_pocket_occupied,8,"[""1o94A: pocket_occupied"", ""1o94B: chain_not_found"", ""1djqA: pocket_occupied"", ""1djqB: chain_not_found"", ""2tmdA: pocket_occupied"", ""2tmdB: chain_not_found"", ""1o95A: pocket_occupied"", ""1o95B: chain_not_found""]"
1dl5,A,SAH,,,,,,,,no_candidate_passed_prefilter,0,[]
1dlw,A,HEM,,,,,,,,all_candidates_pocket_occupied,1,"[""1uvyA: pocket_occupied""]"
1dm1,A,HEM,,,,,,,,all_candidates_pocket_occupied,6,"[""1mbaA: pocket_occupied"", ""2falA: pocket_occupied"", ""5mbaA: pocket_occupied"", ""2famA: pocket_occupied"", ""3mbaA: pocket_occupied"", ""4mbaA: pocket_occupied""]"
1do6,A,FE,1dqi,A,A,1.7,0.19811694739508864,/home/iscb/wolfson/hagairavid/LocAlign/datasets/apo_structures/FE/apo6361ca5c40.pdb,apo6361ca5c40,found,1,[]
1dq3,A,ZN,,,,,,,,no_candidate_passed_prefilter,0,[]
1dqx,A,BMP,3gdm,A,A,1.6,1.4693210110083075,/home/iscb/wolfson/hagairavid/LocAlign/datasets/apo_structures/BMP/apo7d51e707b6.pdb,apo7d51e707b6,found,1,[]
1dth,A,BAT,1htd,A,A,2.1,0.27687792482742074,/home/iscb/wolfson/hagairavid/LocAlign/datasets/apo_structures/BAT/apo2b03c46658.pdb,apo2b03c46658,found,3,"[""1atlA: pocket_occupied"", ""1atlB: chain_not_found""]"
1dth,A,ZN,1htd,A,A,2.1,0.27687792482742074,/home/iscb/wolfson/hagairavid/LocAlign/datasets/apo_structures/ZN/apo2b03c46658.pdb,apo2b03c46658,found,3,"[""1atlA: pocket_occupied"", ""1atlB: chain_not_found""]"
1dub,A,CAA,,,,,,,,all_candidates_pocket_occupied,44,"[""9rgsA: pocket_occupied"", ""9rgsB: chain_not_found"", ""9rgsC: chain_not_found"", ""9rgsD: chain_not_found"", ""9rgsE: chain_not_found"", ""9rgsF: chain_not_found"", ""9rguA: pocket_occupied"", ""9rguB: chain_not_found"", ""9rguC: chain_not_found"", ""9rguD: chain_not_found"", ""9rguE: chain_not_found"", ""9rguF: chain_not_found"", ""9rgqA: pocket_occupied"", ""9rgqB: chain_not_found"", ""9rgtA: pocket_occupied"", ""9rgtB: chain_not_found"", ""9rgtC: chain_not_found"", ""9rgtD: chain_not_found"", ""9rgtE: chain_not_found"", ""9rgtF: chain_not_found"", ""1mj3A: pocket_occupied"", ""1mj3B: chain_not_found"", ""1mj3C: chain_not_found"", ""1mj3D: chain_not_found"", ""1mj3E: chain_not_found"", ""1mj3F: chain_not_found"", ""1ey3A: pocket_occupied"", ""1ey3B: chain_not_found"", ""1ey3C: chain_not_found"", ""1ey3D: chain_not_found"", ""1ey3E: chain_not_found"", ""1ey3F: chain_not_found"", ""2dubA: pocket_occupied"", ""2dubB: chain_not_found"", ""2dubC: chain_not_found"", ""2dubD: chain_not_found"", ""2dubE: chain_not_found"", ""2dubF: chain_not_found"", ""9rgrA: pocket_occupied"", ""9rgrB: chain_not_found"", ""9rgrC: chain_not_found"", ""9rgrD: chain_not_found"", ""9rgrE: chain_not_found"", ""9rgrF: chain_not_found""]"
1dxt,B,HEM,5vmm,A,B,3.6,1.2736741756449506,/home/iscb/wolfson/hagairavid/LocAlign/datasets/apo_structures/HEM/apod06c7bfc23.pdb,apod06c7bfc23,found,696,"[""2w72B: chain_not_found"", ""2w72D: chain_not_found"", ""1irdB: chain_not_found"", ""2dn1B: chain_not_found"", ""2dn2B: chain_not_found"", ""2dn2D: chain_not_found"", ""2dn3B: chain_not_found"", ""7dy4B: chain_not_found"", ""7dy4D: chain_not_found"", ""7dy4F: chain_not_found"", ""7dy4H: chain_not_found"", ""6ka9B: chain_not_found"", ""6ka9D: chain_not_found"", ""6ka9F: chain_not_found"", ""6ka9H: chain_not_found"", ""6kaoB: chain_not_found"", ""6lcwB: chain_not_found"", ""6lcwD: chain_not_found"", ""6lcwF: chain_not_found"", ""6lcwH: chain_not_found"", ""6lcxB: pocket_occupied"", ""6lcxD: chain_not_found"", ""6lcxF: chain_not_found"", ""6lcxH: chain_not_found"", ""7dy3B: pocket_occupied"", ""7dy3D: chain_not_found"", ""7dy3F: chain_not_found"", ""7dy3H: chain_not_found"", ""3s66B: pocket_occupied"", ""1j40B: pocket_occupied"", ""1j40D: chain_not_found"", ""1j40F: chain_not_found"", ""1j40H: chain_not_found"", ""1j41B: pocket_occupied"", ""1j41D: chain_not_found"", ""1j41F: chain_not_found"", ""1j41H: chain_not_found"", ""2d5zB: pocket_occupied"", ""2d5zD: chain_not_found"", ""6kaeB: pocket_occupied"", ""6kaeD: chain_not_found"", ""6kaeF: chain_not_found"", ""6kaeH: chain_not_found"", ""6kahB: pocket_occupied"", ""6kahD: chain_not_found"", ""6kahF: chain_not_found"", ""6kahH: chain_not_found"", ""6kaiB: pocket_occupied"", ""6kaiD: chain_not_found"", ""6kaiF: chain_not_found"", ""6kaiH: chain_not_found"", ""6kapB: pocket_occupied"", ""6l5vB: pocket_occupied"", ""7jy3B: pocket_occupied"", ""7jy3D: chain_not_found"", ""1babB: pocket_occupied"", ""1babD: chain_not_found"", ""1bz0B: pocket_occupied"", ""1bz0D: chain_not_found"", ""1thbB: pocket_occupied"", ""1thbD: chain_not_found"", ""1uiwB: pocket_occupied"", ""1uiwD: chain_not_found"", ""1uiwF: chain_not_found"", ""1uiwH: chain_not_found"", ""6kaqB: pocket_occupied"", ""6l5wB: pocket_occupied"", ""9hbaB: pocket_occupied"", ""9hbaD: chain_not_found"", ""5wogC: pocket_occupied"", ""5wogD: chain_not_found"", ""1j3yB: pocket_occupied"", ""1j3yD: chain_not_found"", ""1j3yF: chain_not_found"", ""1j3yH: chain_not_found"", ""3dutB: pocket_occupied"", ""3dutD: chain_not_found"", ""6hk2B: pocket_occupied"", ""6hk2D: chain_not_found"", ""3qjdB: pocket_occupied"", ""3qjdD: chain_not_found"", ""5wohB: pocket_occupied"", ""5wohD: chain_not_found"", ""1bz1B: pocket_occupied"", ""1bz1D: chain_not_found"", ""1bzzB: pocket_occupied"", ""1bzzD: chain_not_found"", ""7jy1B: pocket_occupied"", ""7jy1D: chain_not_found"", ""1j3zB: pocket_occupied"", ""1j3zD: chain_not_found"", ""1j3zF: chain_not_found"", ""1j3zH: chain_not_found"", ""3nmmB: pocket_occupied"", ""3nmmD: chain_not_found"", ""6karB: pocket_occupied"", ""6kauB: pocket_occupied"", ""6kauD: chain_not_found"", ""7jy0B: pocket_occupied"", ""7jy0D: chain_not_found"", ""6kasB: pocket_occupied"", ""6kasD: chain_not_found"", ""6l5xB: pocket_occupied"", ""6l5xD: chain_not_found"", ""6l5yB: pocket_occupied"", ""6l5yD: chain_not_found"", ""4mqgB: pocket_occupied"", ""9bcjB: pocket_occupied"", ""1bbbB: pocket_occupied"", ""1bbbD: chain_not_found"", ""1dxuB: pocket_occupied"", ""1dxuD: chain_not_found"", ""1dxvB: pocket_occupied"", ""1dxvD: chain_not_found"", ""1j7yB: pocket_occupied"", ""1j7yD: chain_not_found"", ""1qshB: pocket_occupied"", ""1qshD: chain_not_found"", ""1qsiB: pocket_occupied"", ""1qsiD: chain_not_found"", ""2d60B: pocket_occupied"", ""2d60D: chain_not_found"", ""4rolB: pocket_occupied"", ""4rolD: chain_not_found"", ""6bwpB: pocket_occupied"", ""6bwpD: chain_not_found"", ""6katB: pocket_occupied"", ""6katD: chain_not_found"", ""6kavB: pocket_occupied"", ""6kavD: chain_not_found"", ""1nqpB: pocket_occupied"", ""1nqpD: chain_not_found"", ""28odB: pocket_occupied"", ""28odD: chain_not_found"", ""1cbmA: pocket_occupied"", ""1cbmB: chain_not_found"", ""1cbmC: chain_not_found"", ""1cbmD: chain_not_found"", ""2hhbB: pocket_occupied"", ""2hhbD: chain_not_found"", ""3hhbB: pocket_occupied"", ""3hhbD: chain_not_found"", ""4hhbB: pocket_occupied"", ""4hhbD: chain_not_found"", ""8fdlB: pocket_occupied"", ""8fdlD: chain_not_found"", ""5e6eB: pocket_occupied"", ""5ucuB: pocket_occupied"", ""7ud7B: pocket_occupied"", ""7ud7D: chain_not_found"", ""7ud8B: chain_not_found"", ""7ud8D: chain_not_found"", ""1a01B: pocket_occupied"", ""1a01D: chain_not_found"", ""1a3nB: pocket_occupied"", ""1a3nD: chain_not_found"", ""1a3oB: pocket_occupied"", ""1a3oD: chain_not_found"", ""1c7cB: pocket_occupied"", ""1c7cD: chain_not_found"", ""1c7dB: pocket_occupied"", ""1c7dD: chain_not_found"", ""1cblA: pocket_occupied"", ""1cblB: chain_not_found"", ""1cblC: chain_not_found"", ""1cblD: chain_not_found"", ""1gbuB: chain_not_found"", ""1gbuD: chain_not_found"", ""1o1lB: pocket_occupied"", ""1o1lD: chain_not_found"", ""1o1nB: pocket_occupied"", ""1o1nD: chain_not_found"", ""1o1oB: pocket_occupied"", ""1o1oD: chain_not_found"", ""1o1pB: pocket_occupied"", ""1o1pD: chain_not_found"", ""1qi8B: pocket_occupied"", ""1qi8D: chain_not_found"", ""1r1yB: pocket_occupied"", ""1r1yD: chain_not_found"", ""1sdkB: pocket_occupied"", ""1sdkD: chain_not_found"", ""1sdlB: pocket_occupied"", ""1sdlD: chain_not_found"", ""1ye2B: pocket_occupied"", ""1ye2D: chain_not_found"", ""1yvqB: pocket_occupied"", ""1yvqD: chain_not_found"", ""1yvtB: pocket_occupied"", ""2w6vB: pocket_occupied"", ""2w6vD: chain_not_found"", ""3d7oB: pocket_occupied"", ""3ic0B: pocket_occupied"", ""3ic0D: chain_not_found"", ""3nl7B: pocket_occupied"", ""3qjbB: pocket_occupied"", ""3qjeB: pocket_occupied"", ""3qjeD: chain_not_found"", ""3s65B: pocket_occupied"", ""3s65D: chain_not_found"", ""4l7yB: pocket_occupied"", ""4l7yD: chain_not_found"", ""5e83B: pocket_occupied"", ""5e83D: chain_not_found"", ""5ksiB: pocket_occupied"", ""5ksiD: chain_not_found"", ""1c7bB: pocket_occupied"", ""1c7bD: chain_not_found"", ""1y4vB: pocket_occupied"", ""1y4vD: chain_not_found"", ""1g9vB: pocket_occupied"", ""1g9vD: chain_not_found"", ""1o1mB: pocket_occupied"", ""1o1mD: chain_not_found"", ""1qxeB: pocket_occupied"", ""1qxeD: chain_not_found"", ""3whmB: pocket_occupied"", ""3whmF: chain_not_found"", ""5urcB: pocket_occupied"", ""5urcD: chain_not_found"", ""6nq5B: pocket_occupied"", ""5e29B: chain_not_found"", ""5e29D: chain_not_found"", ""5sw7B: pocket_occupied"", ""1k0yB: pocket_occupied"", ""1k0yD: chain_not_found"", ""1kd2B: pocket_occupied"", ""1kd2D: chain_not_found"", ""8fdkB: chain_not_found"", ""8fdkD: chain_not_found"", ""1buwB: pocket_occupied"", ""1buwD: chain_not_found"", ""1clsB: pocket_occupied"", ""1clsD: chain_not_found"", ""1hbbB: pocket_occupied"", ""1hbbD: chain_not_found"", ""1o1jB: pocket_occupied"", ""1o1jD: chain_not_found"", ""1vwtB: pocket_occupied"", ""1vwtD: chain_not_found"", ""1xz2B: pocket_occupied"", ""1xz2D: chain_not_found"", ""1xz7B: pocket_occupied"", ""1xz7D: chain_not_found"", ""1y7dB: pocket_occupied"", ""1y7dD: chain_not_found"", ""1y83B: pocket_occupied"", ""1y83D: chain_not_found"", ""3oo4B: pocket_occupied"", ""4n8tB: pocket_occupied"", ""4ni1B: pocket_occupied"", ""4romB: pocket_occupied"", ""4romD: chain_not_found"", ""6di4B: pocket_occupied"", ""6di4D: chain_not_found"", ""6xdtB: pocket_occupied"", ""6xdtD: chain_not_found"", ""1rq3B: pocket_occupied"", ""1rq3D: chain_not_found"", ""1xxtB: pocket_occupied"", ""1xxtD: chain_not_found"", ""1y4gB: pocket_occupied"", ""1y4gD: chain_not_found"", ""8fdmB: pocket_occupied"", ""8fdmD: chain_not_found"", ""4mqiB: pocket_occupied"", ""3wcpB: pocket_occupied"", ""3wcpD: chain_not_found"", ""9av9B: pocket_occupied"", ""9av9D: chain_not_found"", ""3w4uB: pocket_occupied"", ""3w4uD: chain_not_found"", ""3w4uF: chain_not_found"", ""5u3iB: chain_not_found"", ""5u3iD: chain_not_found"", ""6bnrB: pocket_occupied"", ""6bnrD: chain_not_found"", ""1y4pB: pocket_occupied"", ""1y4pD: chain_not_found"", ""1y7zB: pocket_occupied"", ""1y7zD: chain_not_found"", ""1xy0B: pocket_occupied"", ""1xy0D: chain_not_found"", ""7uf6B: pocket_occupied"", ""7uf6D: chain_not_found"", ""7uf7B: pocket_occupied"", ""7uf7D: chain_not_found"", ""1a00B: pocket_occupied"", ""1a00D: chain_not_found"", ""1a0zB: pocket_occupied"", ""1a0zD: chain_not_found"", ""1abwB: pocket_occupied"", ""1abwD: chain_not_found"", ""1gbvB: pocket_occupied"", ""1gbvD: chain_not_found"", ""1j7wB: pocket_occupied"", ""1j7wD: chain_not_found"", ""1k1kB: pocket_occupied"", ""1o1kB: pocket_occupied"", ""1o1kD: chain_not_found"", ""1xz4B: pocket_occupied"", ""1xz4D: chain_not_found"", ""1y45B: pocket_occupied"", ""1y45D: chain_not_found"", ""1y4fB: pocket_occupied"", ""1y4fD: chain_not_found"", ""1yihB: pocket_occupied"", ""1yihD: chain_not_found"", ""2hbeB: pocket_occupied"", ""3hxnB: pocket_occupied"", ""3hxnD: chain_not_found"", ""3kmfC: pocket_occupied"", ""3kmfG: chain_not_found"", ""3p5qB: pocket_occupied"", ""4m4bB: pocket_occupied"", ""6bwuB: pocket_occupied"", ""6xe7B: pocket_occupied"", ""6xe7D: chain_not_found"", ""9ww1A: pocket_occupied"", ""9ww1B: chain_not_found"", ""9ww1C: chain_not_found"", ""9ww1D: chain_not_found"", ""6hbwB: chain_not_found"", ""6hbwD: chain_not_found"", ""3qjcB: chain_not_found"", ""8vylB: pocket_occupied"", ""8vylD: chain_not_found"", ""1y5jB: pocket_occupied"", ""1y5jD: chain_not_found"", ""2hbsB: pocket_occupied"", ""2hbsD: chain_not_found"", ""2hbsF: chain_not_found"", ""2hbsH: chain_not_found"", ""4m4aB: pocket_occupied"", ""4x0lB: pocket_occupied"", ""5ufjB: pocket_occupied"", ""5ufjD: chain_not_found"", ""7uvbB: pocket_occupied"", ""7uvbD: chain_not_found"", ""1y2zB: pocket_occupied"", ""1y2zD: chain_not_found"", ""1yziB: pocket_occupied"", ""3onzB: pocket_occupied"", ""1dkeB: pocket_occupied"", ""1dkeD: chain_not_found"", ""1gzxB: pocket_occupied"", ""1gzxD: chain_not_found"", ""1hbaB: pocket_occupied"", ""1hbaD: chain_not_found"", ""1hgaB: pocket_occupied"", ""1hgaD: chain_not_found"", ""1hgbB: pocket_occupied"", ""1hgbD: chain_not_found"", ""1hgcB: pocket_occupied"", ""1hgcD: chain_not_found"", ""1hhoB: pocket_occupied"", ""1m9pB: pocket_occupied"", ""1m9pD: chain_not_found"", ""1nejB: pocket_occupied"", ""1nejD: chain_not_found"", ""1y0dB: pocket_occupied"", ""1y0dD: chain_not_found"", ""1y4bB: chain_not_found"", ""1y4bD: chain_not_found"", ""1y7cB: pocket_occupied"", ""1y7cD: chain_not_found"", ""1y7gB: pocket_occupied"", ""1y7gD: chain_not_found"", ""1yheB: pocket_occupied"", ""1yheD: chain_not_found"", ""2dxmB: pocket_occupied"", ""2dxmD: chain_not_found"", ""2hbcB: pocket_occupied"", ""3oo5B: pocket_occupied"", ""6fqfA: pocket_occupied"", ""6fqfB: chain_not_found"", ""6fqfC: chain_not_found"", ""6fqfD: chain_not_found"", ""6xd9B: chain_not_found"", ""6xd9D: chain_not_found"", ""8dovB: pocket_occupied"", ""8dovD: chain_not_found"", ""8dovF: chain_not_found"", ""8dovH: chain_not_found"", ""1rpsB: pocket_occupied"", ""1rpsD: chain_not_found"", ""1rq4B: pocket_occupied"", ""1rq4D: chain_not_found"", ""1rqaB: pocket_occupied"", ""1rqaD: chain_not_found"", ""1xz5B: pocket_occupied"", ""1xz5D: chain_not_found"", ""1xzvB: pocket_occupied"", ""1xzvD: chain_not_found"", ""1y4qB: pocket_occupied"", ""1y4qD: chain_not_found"", ""1yevB: pocket_occupied"", ""1yevD: chain_not_found"", ""1y35B: pocket_occupied"", ""1y35D: chain_not_found"", ""1yeuB: pocket_occupied"", ""1yeuD: chain_not_found"", ""1xyeB: pocket_occupied"", ""1xyeD: chain_not_found"", ""1y31B: pocket_occupied"", ""1y31D: chain_not_found"", ""1y85B: pocket_occupied"", ""1y85D: chain_not_found"", ""1a0uB: pocket_occupied"", ""1a0uD: chain_not_found"", ""1y0tB: pocket_occupied"", ""1y0tD: chain_not_found"", ""1y0wB: pocket_occupied"", ""1y0wD: chain_not_found"", ""1y5fB: pocket_occupied"", ""1y5fD: chain_not_found"", ""1r1xB: pocket_occupied"", ""4ni0B: pocket_occupied"", ""5kdqB: pocket_occupied"", ""5kdqD: chain_not_found"", ""7jjqB: pocket_occupied"", ""7jjqD: chain_not_found"", ""1ljwB: pocket_occupied"", ""1xzuB: pocket_occupied"", ""1xzuD: chain_not_found"", ""1y22B: pocket_occupied"", ""1y22D: chain_not_found"", ""1mkoB: pocket_occupied"", ""1mkoD: chain_not_found"", ""1aj9B: pocket_occupied"", ""1hdbB: pocket_occupied"", ""1hdbD: chain_not_found"", ""1j7sB: pocket_occupied"", ""1j7sD: chain_not_found"", ""1y5kB: pocket_occupied"", ""1y5kD: chain_not_found"", ""1yh9B: pocket_occupied"", ""1yh9D: chain_not_found"", ""2hbdB: pocket_occupied"", ""2hbfB: pocket_occupied"", ""2hhdB: pocket_occupied"", ""2hhdD: chain_not_found"", ""3r5iB: pocket_occupied"", ""3r5iD: chain_not_found"", ""4mqcB: pocket_occupied"", ""8fdnB: pocket_occupied"", ""8fdnD: chain_not_found"", ""6halB: pocket_occupied"", ""6halD: chain_not_found"", ""2hheB: chain_not_found"", ""2hheD: chain_not_found"", ""1y0aB: pocket_occupied"", ""1y0aD: chain_not_found"", ""1y46B: pocket_occupied"", ""1y46D: chain_not_found"", ""1y4rB: pocket_occupied"", ""1y4rD: chain_not_found"", ""1yeoB: pocket_occupied"", ""1yeoD: chain_not_found"", ""7jxzB: pocket_occupied"", ""7jxzD: chain_not_found"", ""8wj0B: pocket_occupied"", ""9ayzB: pocket_occupied"", ""9ayzD: chain_not_found"", ""9ayzF: chain_not_found"", ""9ayzH: chain_not_found"", ""1qxdB: pocket_occupied"", ""1qxdD: chain_not_found"", ""1y09B: pocket_occupied"", ""1y09D: chain_not_found"", ""9vibB: pocket_occupied"", ""4fc3B: pocket_occupied"", ""8wj1B: pocket_occupied"", ""6kyeB: pocket_occupied"", ""6kyeD: chain_not_found"", ""6kyeF: chain_not_found"", ""6kyeH: chain_not_found"", ""6kyeJ: chain_not_found"", ""6kyeL: chain_not_found"", ""6bb5B: pocket_occupied"", ""8egiB: pocket_occupied"", ""8egiD: chain_not_found"", ""1bijB: pocket_occupied"", ""1bijD: chain_not_found"", ""1habB: pocket_occupied"", ""1habD: chain_not_found"", ""1o1iB: pocket_occupied"", ""1y0cB: pocket_occupied"", ""1y0cD: chain_not_found"", ""2yrsB: pocket_occupied"", ""2yrsD: chain_not_found"", ""2yrsK: chain_not_found"", ""2yrsO: chain_not_found"", ""3b75B: pocket_occupied"", ""3b75D: chain_not_found"", ""3b75F: chain_not_found"", ""3b75H: chain_not_found"", ""3b75T: chain_not_found"", ""5ee4D: pocket_occupied"", ""5ee4F: chain_not_found"", ""5hy8B: pocket_occupied"", ""5hy8D: chain_not_found"", ""5hy8F: chain_not_found"", ""5hy8H: chain_not_found"", ""5hy8T: chain_not_found"", ""8wj2B: pocket_occupied"", ""9cqnB: pocket_occupied"", ""9cqnD: chain_not_found"", ""9cqtB: pocket_occupied"", ""9cqtD: chain_not_found"", ""5x2sB: pocket_occupied"", ""5x2sD: chain_not_found"", ""5x2sF: chain_not_found"", ""5x2sH: chain_not_found"", ""5x2sJ: chain_not_found"", ""5x2sL: chain_not_found"", ""1yffB: pocket_occupied"", ""1yffD: chain_not_found"", ""1yffF: chain_not_found"", ""1yffH: chain_not_found"", ""1yieB: pocket_occupied"", ""1yieD: chain_not_found"", ""3ic2B: pocket_occupied"", ""3ic2D: chain_not_found"", ""5ksjB: pocket_occupied"", ""5ksjD: chain_not_found"", ""9vicB: pocket_occupied"", ""1fn3B: pocket_occupied"", ""1fn3D: chain_not_found"", ""7k4mB: pocket_occupied"", ""7k4mD: chain_not_found"", ""7k4mF: chain_not_found"", ""7k4mH: chain_not_found"", ""7k4mJ: chain_not_found"", ""1b86B: pocket_occupied"", ""1b86D: chain_not_found"", ""1gliB: pocket_occupied"", ""1gliD: chain_not_found"", ""1rvwB: pocket_occupied"", ""1ye0B: pocket_occupied"", ""1ye0D: chain_not_found"", ""4mqhB: pocket_occupied"", ""1ch4A: pocket_occupied"", ""1ch4B: chain_not_found"", ""1ch4C: chain_not_found"", ""1ch4D: chain_not_found"", ""4n7oB: pocket_occupied"", ""4n7oD: chain_not_found"", ""4n7oF: chain_not_found"", ""4n7oH: chain_not_found"", ""4n7oJ: chain_not_found"", ""4n7oL: chain_not_found"", ""9cqsB: pocket_occupied"", ""9cqsD: chain_not_found"", ""5x2uB: pocket_occupied"", ""5x2uD: chain_not_found"", ""5x2uF: chain_not_found"", ""5x2uH: chain_not_found"", ""5x2uJ: chain_not_found"", ""5x2uL: chain_not_found"", ""7aetBBB: pocket_occupied"", ""7aetDDD: chain_not_found"", ""7aeuBBB: pocket_occupied"", ""7aeuDDD: chain_not_found"", ""4xs0B: pocket_occupied"", ""9cqmB: pocket_occupied"", ""9cqmD: chain_not_found"", ""1abyB: pocket_occupied"", ""1abyD: chain_not_found"", ""1hacB: pocket_occupied"", ""1hacD: chain_not_found"", ""1lfqB: pocket_occupied"", ""1lftB: pocket_occupied"", ""1nihB: pocket_occupied"", ""1nihD: chain_not_found"", ""1yhrB: pocket_occupied"", ""1yhrD: chain_not_found"", ""9cqwB: pocket_occupied"", ""9cqwD: chain_not_found"", ""5x2tB: pocket_occupied"", ""5x2tD: chain_not_found"", ""5x2tF: chain_not_found"", ""5x2tH: chain_not_found"", ""5x2tJ: chain_not_found"", ""5x2tL: chain_not_found"", ""1hcoB: pocket_occupied"", ""1lflB: pocket_occupied"", ""1lflD: chain_not_found"", ""1lflQ: chain_not_found"", ""1lflS: chain_not_found"", ""1yg5B: pocket_occupied"", ""1yg5D: chain_not_found"", ""1ygfB: pocket_occupied"", ""1ygfD: chain_not_found"", ""2hcoB: pocket_occupied"", ""5x2rB: pocket_occupied"", ""5x2rD: chain_not_found"", ""5x2rF: chain_not_found"", ""5x2rH: chain_not_found"", ""5x2rJ: chain_not_found"", ""5x2rL: chain_not_found"", ""9cqrB: pocket_occupied"", ""9cqrD: chain_not_found"", ""9cquB: pocket_occupied"", ""9cquD: chain_not_found"", ""1ygdB: pocket_occupied"", ""1ygdD: chain_not_found"", ""7cueB: pocket_occupied"", ""7cueD: chain_not_found"", ""1yeqB: pocket_occupied"", ""1yeqD: chain_not_found"", ""9cqvB: pocket_occupied"", ""9cqvD: chain_not_found"", ""4n7nB: pocket_occupied"", ""4n7nD: chain_not_found"", ""4n7nF: chain_not_found"", ""4n7nH: chain_not_found"", ""4n7nJ: chain_not_found"", ""4n7nL: chain_not_found"", ""7aevBBB: pocket_occupied"", ""7aevDDD: chain_not_found"", ""9cqpB: pocket_occupied"", ""9cqpD: chain_not_found"", ""9tqdE: pocket_occupied"", ""9tqdG: chain_not_found"", ""1lfvB: pocket_occupied"", ""1yenB: pocket_occupied"", ""1yenD: chain_not_found"", ""3d17B: pocket_occupied"", ""3d17D: chain_not_found"", ""6nbcB: pocket_occupied"", ""6nbcD: chain_not_found"", ""4n7pB: pocket_occupied"", ""4n7pD: chain_not_found"", ""4n7pF: chain_not_found"", ""4n7pH: chain_not_found"", ""4n7pJ: chain_not_found"", ""4n7pL: chain_not_found"", ""9hejE: pocket_occupied"", ""7pchB: pocket_occupied"", ""7pchD: chain_not_found"", ""1cohB: pocket_occupied"", ""1cohD: chain_not_found"", ""1y8wB: pocket_occupied"", ""1y8wD: chain_not_found"", ""6tb2B: pocket_occupied"", ""5hu6B: chain_not_found"", ""9cqqB: pocket_occupied"", ""9cqqD: chain_not_found"", ""8xmwB: pocket_occupied"", ""1cmyB: pocket_occupied"", ""1cmyD: chain_not_found"", ""1hbsB: pocket_occupied"", ""1hbsD: chain_not_found"", ""1hbsF: chain_not_found"", ""1hbsH: chain_not_found"", ""3szkB: pocket_occupied"", ""3szkE: chain_not_found"", ""9cqoB: pocket_occupied"", ""9cqoD: chain_not_found"", ""1lfzB: pocket_occupied"", ""3odqB: pocket_occupied"", ""3odqD: chain_not_found"", ""4wjg1: pocket_occupied"", ""4wjgB: chain_not_found"", ""4wjgG: chain_not_found"", ""4wjgL: chain_not_found"", ""4wjgQ: chain_not_found"", ""4wjgV: chain_not_found"", ""9s3pB: pocket_occupied"", ""9s3pD: chain_not_found"", ""8xmpG: pocket_occupied"", ""9szwB: pocket_occupied"", ""9hekE: pocket_occupied"", ""1jy7B: pocket_occupied"", ""1jy7D: chain_not_found"", ""1jy7Q: chain_not_found"", ""1jy7S: chain_not_found"", ""1jy7V: chain_not_found"", ""1jy7X: chain_not_found"", ""5ni1B: pocket_occupied"", ""5ni1D: chain_not_found"", ""5jdoD: pocket_occupied"", ""5jdoF: chain_not_found"", ""6nbdB: pocket_occupied"", ""6nbdD: chain_not_found"", ""8xmqG: pocket_occupied"", ""9nb6E: pocket_occupied"", ""1lfyB: pocket_occupied"", ""1ydzB: pocket_occupied"", ""1ydzD: chain_not_found"", ""7xgyB: pocket_occupied"", ""7xgyD: chain_not_found"", ""7vdeB: pocket_occupied"", ""7vdeD: chain_not_found""]"
1dzq,B,CA,1qoo,A,A,2.75,0.12741718627875984,/home/iscb/wolfson/hagairavid/LocAlign/datasets/apo_structures/CA/apoefa4b72f8e.pdb,apoefa4b72f8e,found,1,[]
1e1c,A,B12,,,,,,,,all_candidates_pocket_occupied,13,"[""1reqA: pocket_occupied"", ""1reqC: chain_not_found"", ""4reqA: pocket_occupied"", ""4reqC: chain_not_found"", ""5reqA: pocket_occupied"", ""5reqC: chain_not_found"", ""6reqA: pocket_occupied"", ""6reqC: chain_not_found"", ""7reqA: pocket_occupied"", ""7reqC: chain_not_found"", ""2reqA: pocket_occupied"", ""2reqC: chain_not_found"", ""3reqA: pocket_occupied""]"
1e1d,A,SF4,,,,,,,,all_candidates_pocket_occupied,5,"[""1gntA: pocket_occupied"", ""1w9mA: pocket_occupied"", ""1oa1A: pocket_occupied"", ""1e2uA: pocket_occupied"", ""1e9vA: pocket_occupied""]"
1e1t,A,LAD,,,,,,,,all_candidates_pocket_occupied,10,"[""1e1oA: pocket_occupied"", ""1e24A: pocket_occupied"", ""1e22A: pocket_occupied"", ""1lylA: pocket_occupied"", ""1lylB: chain_not_found"", ""1lylC: chain_not_found"", ""5yzxA: pocket_occupied"", ""5yzxB: chain_not_found"", ""5yzxC: chain_not_found"", ""9kwdA: pocket_occupied""]"
1e1t,A,POP,1e1o,A,A,2.12,0.36244553029656207,/home/iscb/wolfson/hagairavid/LocAlign/datasets/apo_structures/POP/apo7715fb3c43.pdb,apo7715fb3c43,found,1,[]
1e3d,A,SF4,,,,,,,,no_candidate_passed_prefilter,0,[]
1e3e,A,NAI,,,,,,,,all_candidates_pocket_occupied,4,"[""1e3iA: pocket_occupied"", ""1e3iB: chain_not_found"", ""1e3lA: pocket_occupied"", ""1e3lB: chain_not_found""]"
1e3w,D,AAE,,,,,,,,all_candidates_pocket_occupied,8,"[""1e6wA: pocket_occupied"", ""1e6wB: chain_not_found"", ""1e6wC: chain_not_found"", ""1e6wD: chain_not_found"", ""1e3sA: pocket_occupied"", ""1e3sB: chain_not_found"", ""1e3sC: chain_not_found"", ""1e3sD: chain_not_found""]"
1e5q,A,SHR,1e5l,A,A,2.4,2.4405667877100377,/home/iscb/wolfson/hagairavid/LocAlign/datasets/apo_structures/SHR/apo6bf973c157.pdb,apo6bf973c157,found,2,"[""1ff9A: pocket_occupied""]"
1e5s,A,FE2,1e5r,A,A,2.3,0.5821149895663171,/home/iscb/wolfson/hagairavid/LocAlign/datasets/apo_structures/FE2/apo42db5ab941.pdb,apo42db5ab941,found,1,[]
1e6v,A,COM,,,,,,,,no_candidate_passed_prefilter,0,[]
1e6y,A,COM,,,,,,,,no_candidate_passed_prefilter,0,[]
1e7d,A,CA,1e7l,A,A,1.32,1.5526627586214852,/home/iscb/wolfson/hagairavid/LocAlign/datasets/apo_structures/CA/apo5712a2ba9a.pdb,apo5712a2ba9a,found,1,[]
1e7d,A,ZN,1e7l,A,A,1.32,1.5526627586214852,/home/iscb/wolfson/hagairavid/LocAlign/datasets/apo_structures/ZN/apo5712a2ba9a.pdb,apo5712a2ba9a,found,1,[]
1e8u,B,CA,1e8v,A,A,2.0,1.2616944069768397,/home/iscb/wolfson/hagairavid/LocAlign/datasets/apo_structures/CA/apodbc78138bd.pdb,apodbc78138bd,found,1,[]
1e8w,A,QUE,8so9,A,A,3.03,0.9419755711282202,/home/iscb/wolfson/hagairavid/LocAlign/datasets/apo_structures/QUE/apoe626992ece.pdb,apoe626992ece,found,5,"[""1e7uA: pocket_occupied"", ""1e8xA: pocket_occupied"", ""1e7vA: pocket_occupied"", ""1e90A: pocket_occupied""]"
1e93,A,HEM,,,,,,,,all_candidates_pocket_occupied,8,"[""1m85A: pocket_occupied"", ""1h6nA: pocket_occupied"", ""1nm0A: pocket_occupied"", ""3hb6A: pocket_occupied"", ""1h7kA: pocket_occupied"", ""1mqfA: pocket_occupied"", ""2cagA: pocket_occupied"", ""2cahA: pocket_occupied""]"
1e9x,A,HEM,,,,,,,,all_candidates_pocket_occupied,12,"[""2cibA: pocket_occupied"", ""2ci0A: pocket_occupied"", ""1x8vA: pocket_occupied"", ""2w0bA: pocket_occupied"", ""2w09A: pocket_occupied"", ""2w0aA: pocket_occupied"", ""2vkuA: pocket_occupied"", ""1u13A: pocket_occupied"", ""1h5zA: pocket_occupied"", ""1ea1A: pocket_occupied"", ""2bz9A: pocket_occupied"", ""2bz9B: chain_not_found""]"
1ea0,A,AKG,,,,,,,,all_candidates_pocket_occupied,26,"[""6s6uA: pocket_occupied"", ""6s6uB: chain_not_found"", ""6s6uC: chain_not_found"", ""6s6uD: chain_not_found"", ""6s6uE: chain_not_found"", ""6s6uF: chain_not_found"", ""6s6xA: pocket_occupied"", ""6s6xB: chain_not_found"", ""6s6xC: chain_not_found"", ""6s6xD: chain_not_found"", ""6s6xE: chain_not_found"", ""6s6xF: chain_not_found"", ""6s6sA: pocket_occupied"", ""6s6sB: chain_not_found"", ""6s6sC: chain_not_found"", ""6s6sD: chain_not_found"", ""6s6tA: pocket_occupied"", ""6s6tB: chain_not_found"", ""6s6tC: chain_not_found"", ""6s6tD: chain_not_found"", ""2vdcA: pocket_occupied"", ""2vdcB: chain_not_found"", ""2vdcC: chain_not_found"", ""2vdcD: chain_not_found"", ""2vdcE: chain_not_found"", ""2vdcF: chain_not_found""]"
1ea0,A,F3S,,,,,,,,all_candidates_pocket_occupied,26,"[""6s6uA: pocket_occupied"", ""6s6uB: chain_not_found"", ""6s6uC: chain_not_found"", ""6s6uD: chain_not_found"", ""6s6uE: chain_not_found"", ""6s6uF: chain_not_found"", ""6s6xA: pocket_occupied"", ""6s6xB: chain_not_found"", ""6s6xC: chain_not_found"", ""6s6xD: chain_not_found"", ""6s6xE: chain_not_found"", ""6s6xF: chain_not_found"", ""6s6sA: pocket_occupied"", ""6s6sB: chain_not_found"", ""6s6sC: chain_not_found"", ""6s6sD: chain_not_found"", ""6s6tA: pocket_occupied"", ""6s6tB: chain_not_found"", ""6s6tC: chain_not_found"", ""6s6tD: chain_not_found"", ""2vdcA: pocket_occupied"", ""2vdcB: chain_not_found"", ""2vdcC: chain_not_found"", ""2vdcD: chain_not_found"", ""2vdcE: chain_not_found"", ""2vdcF: chain_not_found""]"
1ea0,A,FMN,,,,,,,,all_candidates_pocket_occupied,26,"[""6s6uA: pocket_occupied"", ""6s6uB: chain_not_found"", ""6s6uC: chain_not_found"", ""6s6uD: chain_not_found"", ""6s6uE: chain_not_found"", ""6s6uF: chain_not_found"", ""6s6xA: pocket_occupied"", ""6s6xB: chain_not_found"", ""6s6xC: chain_not_found"", ""6s6xD: chain_not_found"", ""6s6xE: chain_not_found"", ""6s6xF: chain_not_found"", ""6s6sA: pocket_occupied"", ""6s6sB: chain_not_found"", ""6s6sC: chain_not_found"", ""6s6sD: chain_not_found"", ""6s6tA: pocket_occupied"", ""6s6tB: chain_not_found"", ""6s6tC: chain_not_found"", ""6s6tD: chain_not_found"", ""2vdcA: pocket_occupied"", ""2vdcB: chain_not_found"", ""2vdcC: chain_not_found"", ""2vdcD: chain_not_found"", ""2vdcE: chain_not_found"", ""2vdcF: chain_not_found""]"
1eca,A,HEM,,,,,,,,all_candidates_pocket_occupied,3,"[""1ecdA: pocket_occupied"", ""1ecnA: pocket_occupied"", ""1ecoA: pocket_occupied""]"
1ee0,A,CAA,,,,,,,,all_candidates_pocket_occupied,2,"[""1qlvA: pocket_occupied"", ""1qlvB: chain_not_found""]"
1egg,B,CA,7l68,A,A,1.4,2.3540701664442256,/home/iscb/wolfson/hagairavid/LocAlign/datasets/apo_structures/CA/apo8be6c4e3b7.pdb,apo8be6c4e3b7,found,14,"[""7jubA: pocket_occupied"", ""7l67A: pocket_occupied"", ""7l61A: pocket_occupied"", ""7l64A: pocket_occupied"", ""7l65A: pocket_occupied"", ""7jucA: pocket_occupied"", ""7judA: pocket_occupied"", ""7judB: chain_not_found"", ""7jueA: pocket_occupied"", ""7jufA: pocket_occupied"", ""7jufB: chain_not_found"", ""7jugA: pocket_occupied"", ""7juhA: pocket_occupied""]"
1eiz,A,SAM,,,,,,,,all_candidates_pocket_occupied,1,"[""1ej0A: pocket_occupied""]"
1ej8,A,CA,1qup,A,A,1.8,0.9030574387177058,/home/iscb/wolfson/hagairavid/LocAlign/datasets/apo_structures/CA/apo6b42028fb0.pdb,apo6b42028fb0,found,1,[]
1el1,A,CA,1qqy,A,A,1.85,0.51870746475096,/home/iscb/wolfson/hagairavid/LocAlign/datasets/apo_structures/CA/apoc3e7e3ba77.pdb,apoc3e7e3ba77,found,1,[]
1emy,A,HEM,,,,,,,,no_candidate_passed_prefilter,0,[]
1ep3,A,FMN,,,,,,,,all_candidates_pocket_occupied,2,"[""1ep1A: pocket_occupied"", ""1ep2A: pocket_occupied""]"
1epz,A,TYD,1ep0,A,A,1.5,0.18654442893938247,/home/iscb/wolfson/hagairavid/LocAlign/datasets/apo_structures/TYD/apo4d523eb2b1.pdb,apo4d523eb2b1,found,1,[]
1ex7,A,5GP,1ex6,A,A,2.3,2.980848334479766,/home/iscb/wolfson/hagairavid/LocAlign/datasets/apo_structures/5GP/apo96b90e26b3.pdb,apo96b90e26b3,found,2,"[""1gkyA: pocket_occupied""]"
1exw,A,HDS,1ei9,A,A,2.25,0.21816359173383398,/home/iscb/wolfson/hagairavid/LocAlign/datasets/apo_structures/HDS/apofd4b1c7ff2.pdb,apofd4b1c7ff2,found,1,[]
1ey2,A,FE2,1eyb,A,A,1.9,0.5377517335540171,/home/iscb/wolfson/hagairavid/LocAlign/datasets/apo_structures/FE2/apoc49b4bd58c.pdb,apoc49b4bd58c,found,1,[]
1eyy,A,NAP,,,,,,,,all_candidates_pocket_occupied,4,"[""1ez0A: pocket_occupied"", ""1ez0B: chain_not_found"", ""1ez0C: chain_not_found"", ""1ez0D: chain_not_found""]"
1ezr,A,CA,,,,,,,,no_candidate_passed_prefilter,0,[]
1f2n,C,CA,,,,,,,,no_candidate_passed_prefilter,0,[]
1f2o,A,CA,1tkj,A,A,1.15,0.26539074259241174,/home/iscb/wolfson/hagairavid/LocAlign/datasets/apo_structures/CA/apo61ed8a63df.pdb,apo61ed8a63df,found,1,[]
1f4o,B,CA,1k94,A,A,1.7,1.1122613018462997,/home/iscb/wolfson/hagairavid/LocAlign/datasets/apo_structures/CA/apo010fa41ad0.pdb,apo010fa41ad0,found,1,[]
1f5o,A,HEM,,,,,,,,all_candidates_pocket_occupied,19,"[""2lhbA: pocket_occupied"", ""3lhbA: pocket_occupied"", ""3lhbB: chain_not_found"", ""3lhbC: chain_not_found"", ""3lhbD: chain_not_found"", ""3lhbE: chain_not_found"", ""3lhbF: chain_not_found"", ""3lhbG: chain_not_found"", ""3lhbH: chain_not_found"", ""3lhbI: chain_not_found"", ""3lhbJ: chain_not_found"", ""3lhbK: chain_not_found"", ""3lhbL: chain_not_found"", ""1f5pA: pocket_occupied"", ""1f5pB: chain_not_found"", ""1f5pC: chain_not_found"", ""1f5pD: chain_not_found"", ""1f5pE: chain_not_found"", ""1f5pF: chain_not_found""]"
1f6m,A,FAD,,,,,,,,all_candidates_pocket_occupied,4,"[""1trbA: pocket_occupied"", ""1tdeA: pocket_occupied"", ""1tdfA: pocket_occupied"", ""1cl0A: pocket_occupied""]"
1f76,A,FMN,,,,,,,,all_candidates_pocket_occupied,8,"[""7t5kA: pocket_occupied"", ""7t5kB: chain_not_found"", ""7t6hA: pocket_occupied"", ""7t6hB: chain_not_found"", ""7t6cA: pocket_occupied"", ""7t6cB: chain_not_found"", ""7t5yA: pocket_occupied"", ""7t5yB: chain_not_found""]"
1f7l,A,COA,,,,,,,,all_candidates_pocket_occupied,9,"[""1f7tA: pocket_occupied"", ""1f7tB: chain_not_found"", ""1f7tC: chain_not_found"", ""1f7tD: chain_not_found"", ""1f7tE: chain_not_found"", ""1f7tF: chain_not_found"", ""1f80A: pocket_occupied"", ""1f80B: chain_not_found"", ""1f80C: chain_not_found""]"
1f9d,A,CA,1g9g,A,A,1.9,0.12319758065548855,/home/iscb/wolfson/hagairavid/LocAlign/datasets/apo_structures/CA/apo32e51c762d.pdb,apo32e51c762d,found,1,[]
1fdh,G,HEM,,,,,,,,all_candidates_pocket_occupied,10,"[""7qu4G: pocket_occupied"", ""7qu4H: chain_not_found"", ""4mqjB: pocket_occupied"", ""4mqjD: chain_not_found"", ""4mqjF: chain_not_found"", ""4mqjH: chain_not_found"", ""4mqkB: pocket_occupied"", ""4mqkD: chain_not_found"", ""4mqkF: chain_not_found"", ""4mqkH: chain_not_found""]"
1fdi,A,SF4,,,,,,,,all_candidates_pocket_occupied,4,"[""2iv2X: pocket_occupied"", ""1aa6A: pocket_occupied"", ""1fdoA: pocket_occupied"", ""7z0tA: pocket_occupied""]"
1fg3,A,HSA,,,,,,,,all_candidates_pocket_occupied,5,"[""1fg7A: pocket_occupied"", ""1gewA: pocket_occupied"", ""1gexA: pocket_occupied"", ""1ijiA: pocket_occupied"", ""1geyA: pocket_occupied""]"
1fg3,A,PLP,,,,,,,,all_candidates_pocket_occupied,5,"[""1fg7A: pocket_occupied"", ""1gewA: pocket_occupied"", ""1gexA: pocket_occupied"", ""1ijiA: pocket_occupied"", ""1geyA: pocket_occupied""]"
1fhf,A,HEM,,,,,,,,no_candidate_passed_prefilter,0,[]
1fi6,A,CA,,,,,,,,no_candidate_passed_prefilter,0,[]
1fkq,A,CA,3b0k,A,A,1.6,0.7186181759181305,/home/iscb/wolfson/hagairavid/LocAlign/datasets/apo_structures/CA/apo5a03cdd913.pdb,apo5a03cdd913,found,1,[]
1flg,A,PQQ,,,,,,,,no_candidate_passed_prefilter,0,[]
1fnn,A,ADP,,,,,,,,no_candidate_passed_prefilter,0,[]
1fny,A,CA,1fnz,A,A,2.05,0.1110859910169125,/home/iscb/wolfson/hagairavid/LocAlign/datasets/apo_structures/CA/apoa96bded5bb.pdb,apoa96bded5bb,found,1,[]
1fqt,A,FES,,,,,,,,no_candidate_passed_prefilter,0,[]
1fsa,A,F6P,4fbp,A,A,2.5,0.6322728585238317,/home/iscb/wolfson/hagairavid/LocAlign/datasets/apo_structures/F6P/apo3a3fdb2de6.pdb,apo3a3fdb2de6,found,74,"[""1nuwA: pocket_occupied"", ""1nuyA: pocket_occupied"", ""2qvuA: pocket_occupied"", ""2qvuB: chain_not_found"", ""1nuxA: pocket_occupied"", ""2f3bA: pocket_occupied"", ""1nv0A: pocket_occupied"", ""2f3dA: pocket_occupied"", ""1yyzA: pocket_occupied"", ""1nuzA: pocket_occupied"", ""1nv1A: pocket_occupied"", ""1nv4A: pocket_occupied"", ""1nv5A: pocket_occupied"", ""1kz8A: pocket_occupied"", ""1kz8F: chain_not_found"", ""1nv3A: pocket_occupied"", ""1yxiA: pocket_occupied"", ""1frpA: pocket_occupied"", ""1frpB: chain_not_found"", ""4gbwA: pocket_occupied"", ""2qvvA: pocket_occupied"", ""2qvvB: chain_not_found"", ""1rdzA: pocket_occupied"", ""1rdzB: chain_not_found"", ""1yz0A: pocket_occupied"", ""1yz0B: chain_not_found"", ""1nv2A: pocket_occupied"", ""1fpdA: pocket_occupied"", ""1fpdB: chain_not_found"", ""1fpfA: pocket_occupied"", ""1fpfB: chain_not_found"", ""5fbpA: pocket_occupied"", ""5fbpB: chain_not_found"", ""1levA: pocket_occupied"", ""1levF: chain_not_found"", ""1nv6A: pocket_occupied"", ""1nv7A: pocket_occupied"", ""1nv7B: chain_not_found"", ""1rdyA: pocket_occupied"", ""1rdyB: chain_not_found"", ""1fpeA: pocket_occupied"", ""1fpeB: chain_not_found"", ""1fpjA: pocket_occupied"", ""1fpjB: chain_not_found"", ""1eykA: pocket_occupied"", ""1eykB: chain_not_found"", ""4gx3A: pocket_occupied"", ""4gx3B: chain_not_found"", ""1cnqA: pocket_occupied"", ""1eyjA: pocket_occupied"", ""1eyjB: chain_not_found"", ""1fpgA: pocket_occupied"", ""1fpgB: chain_not_found"", ""1fpiA: pocket_occupied"", ""1fpiB: chain_not_found"", ""1fplA: pocket_occupied"", ""1fplB: chain_not_found"", ""1eyiA: pocket_occupied"", ""1q9dA: pocket_occupied"", ""1q9dB: chain_not_found"", ""4gwxA: pocket_occupied"", ""1fj6A: pocket_occupied"", ""1fj9A: pocket_occupied"", ""1fj9B: chain_not_found"", ""4gx4A: pocket_occupied"", ""4gx4B: chain_not_found"", ""4gx6A: pocket_occupied"", ""4gx6B: chain_not_found"", ""4h46A: pocket_occupied"", ""1fbhA: pocket_occupied"", ""1fbhB: chain_not_found"", ""1fbpA: pocket_occupied"", ""1fbpB: chain_not_found""]"
1fsu,A,CA,,,,,,,,no_candidate_passed_prefilter,0,[]
1ft9,A,HEM,,,,,,,,no_candidate_passed_prefilter,0,[]
1fut,A,2GP,1fus,A,A,1.3,0.36240572050763825,/home/iscb/wolfson/hagairavid/LocAlign/datasets/apo_structures/2GP/apo8a0feb81d5.pdb,apo8a0feb81d5,found,1,[]
1fx5,A,CA,1jxn,A,A,2.3,0.472204686300449,/home/iscb/wolfson/hagairavid/LocAlign/datasets/apo_structures/CA/apo26d404205d.pdb,apo26d404205d,found,1,[]
1fzd,A,CA,,,,,,,,no_candidate_passed_prefilter,0,[]
1g1i,A,CA,2o1k,A,A,1.67,1.2184786065157462,/home/iscb/wolfson/hagairavid/LocAlign/datasets/apo_structures/CA/apo474d3c57c8.pdb,apo474d3c57c8,found,1,[]
1g5c,A,EPE,,,,,,,,no_candidate_passed_prefilter,0,[]
1g60,A,SAM,,,,,,,,no_candidate_passed_prefilter,0,[]
1g8j,D,FES,,,,,,,,all_candidates_pocket_occupied,24,"[""8ch9B: pocket_occupied"", ""8ch9D: chain_not_found"", ""8ch9F: chain_not_found"", ""8ch9H: chain_not_found"", ""8cffB: pocket_occupied"", ""8cffD: chain_not_found"", ""8cffF: chain_not_found"", ""8cffH: chain_not_found"", ""1g8kB: pocket_occupied"", ""1g8kD: chain_not_found"", ""1g8kF: chain_not_found"", ""1g8kH: chain_not_found"", ""8cgsB: pocket_occupied"", ""8cgsD: chain_not_found"", ""8cgsF: chain_not_found"", ""8cgsH: chain_not_found"", ""8rtmB: pocket_occupied"", ""8rtmD: chain_not_found"", ""8rtmF: chain_not_found"", ""8rtmH: chain_not_found"", ""8rtlD: pocket_occupied"", ""8rtlF: chain_not_found"", ""8rtlH: chain_not_found"", ""8rtlB: chain_not_found""]"
1gcv,A,HEM,,,,,,,,all_candidates_pocket_occupied,2,"[""1gcwA: pocket_occupied"", ""1gcwC: chain_not_found""]"
1gdi,A,CMO,,,,,,,,all_candidates_pocket_occupied,16,"[""1gdjA: pocket_occupied"", ""2gdmA: pocket_occupied"", ""1gdkA: pocket_occupied"", ""1gdlA: pocket_occupied"", ""1lh1A: pocket_occupied"", ""1lh2A: pocket_occupied"", ""1lh3A: pocket_occupied"", ""1lh5A: pocket_occupied"", ""1lh6A: pocket_occupied"", ""1lh7A: pocket_occupied"", ""2lh1A: pocket_occupied"", ""2lh2A: pocket_occupied"", ""2lh3A: pocket_occupied"", ""2lh5A: pocket_occupied"", ""2lh6A: pocket_occupied"", ""2lh7A: pocket_occupied""]"
1gdi,A,HEM,,,,,,,,all_candidates_pocket_occupied,16,"[""1gdjA: pocket_occupied"", ""2gdmA: pocket_occupied"", ""1gdkA: pocket_occupied"", ""1gdlA: pocket_occupied"", ""1lh1A: pocket_occupied"", ""1lh2A: pocket_occupied"", ""1lh3A: pocket_occupied"", ""1lh5A: pocket_occupied"", ""1lh6A: pocket_occupied"", ""1lh7A: pocket_occupied"", ""2lh1A: pocket_occupied"", ""2lh2A: pocket_occupied"", ""2lh3A: pocket_occupied"", ""2lh5A: pocket_occupied"", ""2lh6A: pocket_occupied"", ""2lh7A: pocket_occupied""]"
1geg,E,NAD,,,,,,,,all_candidates_pocket_occupied,4,"[""3wyeA: pocket_occupied"", ""3wyeA: chain_not_found"", ""3wyeB: chain_not_found"", ""3wyeB: chain_not_found""]"
1gjq,A,HEC,6tpo,A,A,1.861,2.9768938178548305,/home/iscb/wolfson/hagairavid/LocAlign/datasets/apo_structures/HEC/apo4a09d18f2d.pdb,apo4a09d18f2d,found,1,[]
1gk0,B,PO4,2ae5,A,B,2.24,0.32727333731374003,/home/iscb/wolfson/hagairavid/LocAlign/datasets/apo_structures/PO4/apo80e67f8390.pdb,apo80e67f8390,found,3,"[""1or0B: pocket_occupied"", ""1or0D: chain_not_found""]"
1gk8,A,CAP,7jsx,A,A,2.06,2.0594651443644696,/home/iscb/wolfson/hagairavid/LocAlign/datasets/apo_structures/CAP/apof7693cb2b8.pdb,apof7693cb2b8,found,49,"[""2v6aA: pocket_occupied"", ""2v6aB: chain_not_found"", ""2v6aC: chain_not_found"", ""2v6aD: chain_not_found"", ""2v6aE: chain_not_found"", ""2v6aF: chain_not_found"", ""2v6aG: chain_not_found"", ""2v6aH: chain_not_found"", ""2v63A: pocket_occupied"", ""2v63B: chain_not_found"", ""2v63C: chain_not_found"", ""2v63D: chain_not_found"", ""2v63E: chain_not_found"", ""2v63F: chain_not_found"", ""2v63G: chain_not_found"", ""2v63H: chain_not_found"", ""1ir2A: pocket_occupied"", ""1ir2B: chain_not_found"", ""1ir2C: chain_not_found"", ""1ir2D: chain_not_found"", ""1ir2E: chain_not_found"", ""1ir2F: chain_not_found"", ""1ir2G: chain_not_found"", ""1ir2H: chain_not_found"", ""1ir2S: chain_not_found"", ""1ir2T: chain_not_found"", ""1ir2U: chain_not_found"", ""1ir2V: chain_not_found"", ""1ir2W: chain_not_found"", ""1ir2X: chain_not_found"", ""1ir2Y: chain_not_found"", ""1ir2Z: chain_not_found"", ""2v67A: pocket_occupied"", ""2v67B: chain_not_found"", ""2v67C: chain_not_found"", ""2v67D: chain_not_found"", ""2v67E: chain_not_found"", ""2v67F: chain_not_found"", ""2v67G: chain_not_found"", ""2v67H: chain_not_found"", ""1uw9A: pocket_occupied"", ""1uw9B: chain_not_found"", ""1uw9E: chain_not_found"", ""1uw9H: chain_not_found"", ""1uw9K: chain_not_found"", ""1uw9O: chain_not_found"", ""1uw9R: chain_not_found"", ""1uw9V: chain_not_found""]"
1gks,A,HEM,,,,,,,,no_candidate_passed_prefilter,0,[]
1gm6,A,GOL,,,,,,,,no_candidate_passed_prefilter,0,[]
1gmp,A,2GP,1t2h,A,A,1.0,0.38275355094820723,/home/iscb/wolfson/hagairavid/LocAlign/datasets/apo_structures/2GP/apob339ea69d4.pdb,apob339ea69d4,found,3,"[""1lniA: pocket_occupied"", ""1lniB: chain_not_found""]"
1gn9,A,SF4,,,,,,,,all_candidates_pocket_occupied,6,"[""1gnlA: pocket_occupied"", ""1gnlB: chain_not_found"", ""1oa0A: pocket_occupied"", ""1oa0B: chain_not_found"", ""1upxA: pocket_occupied"", ""1upxB: chain_not_found""]"
1gp6,A,QUE,,,,,,,,all_candidates_pocket_occupied,3,"[""1gp4A: pocket_occupied"", ""1gp5A: pocket_occupied"", ""2brtA: pocket_occupied""]"
1gph,1,SF4,,,,,,,,all_candidates_pocket_occupied,4,"[""1ao0A: pocket_occupied"", ""1ao0B: chain_not_found"", ""1ao0C: chain_not_found"", ""1ao0D: chain_not_found""]"
1gpl,A,CA,1lpb,A,B,2.46,0.7482842036959036,/home/iscb/wolfson/hagairavid/LocAlign/datasets/apo_structures/CA/apo3bef932e6f.pdb,apo3bef932e6f,found,1,[]
1gqt,B,CS,1rkd,A,A,1.84,0.6320542369306928,/home/iscb/wolfson/hagairavid/LocAlign/datasets/apo_structures/CS/apo23d1d27bee.pdb,apo23d1d27bee,found,1,[]
1gsl,A,CA,1lec,A,A,2.0,0.2269335908765703,/home/iscb/wolfson/hagairavid/LocAlign/datasets/apo_structures/CA/apoe56eec81b4.pdb,apoe56eec81b4,found,1,[]
1gsl,A,MN,1lec,A,A,2.0,0.2269335908765703,/home/iscb/wolfson/hagairavid/LocAlign/datasets/apo_structures/MN/apoe56eec81b4.pdb,apoe56eec81b4,found,1,[]
1gup,A,K,1guq,A,A,1.8,0.20969843004303512,/home/iscb/wolfson/hagairavid/LocAlign/datasets/apo_structures/K/apo144c39e067.pdb,apo144c39e067,found,1,[]
1guz,A,NAD,1gv1,A,A,2.5,0.6222195831386407,/home/iscb/wolfson/hagairavid/LocAlign/datasets/apo_structures/NAD/apo86f36ad70f.pdb,apo86f36ad70f,found,3,"[""1gv0A: pocket_occupied"", ""1gv0B: chain_not_found""]"
1gv0,A,NAD,,,,,,,,no_candidate_passed_prefilter,0,[]
1gvh,A,HEM,,,,,,,,no_candidate_passed_prefilter,0,[]
1gvr,A,FMN,,,,,,,,all_candidates_pocket_occupied,33,"[""1vyrA: pocket_occupied"", ""3p8jA: pocket_occupied"", ""2abbA: pocket_occupied"", ""2abaA: pocket_occupied"", ""3p84A: pocket_occupied"", ""3p8iA: pocket_occupied"", ""3p74A: pocket_occupied"", ""3p7yA: pocket_occupied"", ""3p80A: pocket_occupied"", ""3p81A: pocket_occupied"", ""1vypX: pocket_occupied"", ""6gi7A: pocket_occupied"", ""3f03K: pocket_occupied"", ""1gvoA: pocket_occupied"", ""1gvsA: pocket_occupied"", ""3p62A: pocket_occupied"", ""1h61A: pocket_occupied"", ""6gi8A: pocket_occupied"", ""6gi9A: pocket_occupied"", ""3p67A: pocket_occupied"", ""1h50A: pocket_occupied"", ""5lgxA: pocket_occupied"", ""5lgzA: pocket_occupied"", ""1h51A: pocket_occupied"", ""1h60A: pocket_occupied"", ""1h63A: pocket_occupied"", ""6giaA: pocket_occupied"", ""1vysX: pocket_occupied"", ""1h62A: pocket_occupied"", ""1gvqA: pocket_occupied"", ""3kftA: pocket_occupied"", ""3kftB: chain_not_found"", ""3p82A: pocket_occupied""]"
1gwe,A,HEM,,,,,,,,all_candidates_pocket_occupied,4,"[""1hbzA: pocket_occupied"", ""1gwhA: pocket_occupied"", ""9t0mA: pocket_occupied"", ""1gwfA: pocket_occupied""]"
1gwi,A,HEM,,,,,,,,no_candidate_passed_prefilter,0,[]
1gwj,A,FMN,,,,,,,,all_candidates_pocket_occupied,2,"[""2r14A: pocket_occupied"", ""3gx9A: pocket_occupied""]"
1gxs,A,BEZ,,,,,,,,no_candidate_passed_prefilter,0,[]
1gxu,A,2HP,,,,,,,,all_candidates_pocket_occupied,1,"[""1gxtA: pocket_occupied""]"
1gyx,B,EPE,1gyj,A,A,2.1,0.9382618253149958,/home/iscb/wolfson/hagairavid/LocAlign/datasets/apo_structures/EPE/apo6a21f25356.pdb,apo6a21f25356,found,3,"[""1gyyA: pocket_occupied"", ""1gyyB: chain_not_found""]"
1gz6,B,NAI,,,,,,,,no_candidate_passed_prefilter,0,[]
1h0h,A,SF4,,,,,,,,no_candidate_passed_prefilter,0,[]
1h1a,A,CA,1xnk,A,A,1.55,0.2072016115855206,/home/iscb/wolfson/hagairavid/LocAlign/datasets/apo_structures/CA/apoe4e4254c05.pdb,apoe4e4254c05,found,1,[]
1h1h,A,A2P,1qmt,A,A,2.4,0.31345979771186905,/home/iscb/wolfson/hagairavid/LocAlign/datasets/apo_structures/A2P/apo4aad30e486.pdb,apo4aad30e486,found,15,"[""4x08A: pocket_occupied"", ""4x08B: chain_not_found"", ""4owzA: pocket_occupied"", ""4owzB: chain_not_found"", ""4oxbA: pocket_occupied"", ""4oxbB: chain_not_found"", ""4oxfA: pocket_occupied"", ""4oxfB: chain_not_found"", ""4a2oA: pocket_occupied"", ""4a2oB: chain_not_found"", ""4a2yA: pocket_occupied"", ""4a2yB: chain_not_found"", ""1dytA: pocket_occupied"", ""1dytB: chain_not_found""]"
1h1i,B,QUE,,,,,,,,all_candidates_pocket_occupied,16,"[""1juhA: pocket_occupied"", ""1juhB: chain_not_found"", ""1juhC: chain_not_found"", ""1juhD: chain_not_found"", ""1gqgA: pocket_occupied"", ""1gqgB: chain_not_found"", ""1gqgC: chain_not_found"", ""1gqgD: chain_not_found"", ""1h1mA: pocket_occupied"", ""1h1mB: chain_not_found"", ""1h1mC: chain_not_found"", ""1h1mD: chain_not_found"", ""1gqhA: pocket_occupied"", ""1gqhB: chain_not_found"", ""1gqhC: chain_not_found"", ""1gqhD: chain_not_found""]"
1h30,A,CA,5vxz,A,A,2.3,0.7739334629327359,/home/iscb/wolfson/hagairavid/LocAlign/datasets/apo_structures/CA/apobb57c3ff73.pdb,apobb57c3ff73,found,1,[]
1h6d,A,GOL,,,,,,,,all_candidates_pocket_occupied,22,"[""1h6cA: pocket_occupied"", ""1h6cB: chain_not_found"", ""1rydA: pocket_occupied"", ""1rydB: chain_not_found"", ""1ryeA: pocket_occupied"", ""1ryeB: chain_not_found"", ""1ryeC: chain_not_found"", ""1ryeD: chain_not_found"", ""1h6aA: pocket_occupied"", ""1h6aB: chain_not_found"", ""1h6bA: pocket_occupied"", ""1h6bB: chain_not_found"", ""1ofgA: pocket_occupied"", ""1ofgB: chain_not_found"", ""1ofgC: chain_not_found"", ""1ofgD: chain_not_found"", ""1ofgE: chain_not_found"", ""1ofgF: chain_not_found"", ""1evjA: pocket_occupied"", ""1evjB: chain_not_found"", ""1evjC: chain_not_found"", ""1evjD: chain_not_found""]"
1h7q,A,TYD,1qg8,A,A,1.5,0.24498027483695822,/home/iscb/wolfson/hagairavid/LocAlign/datasets/apo_structures/TYD/apob8d00776c6.pdb,apob8d00776c6,found,1,[]
1h97,A,HEM,,,,,,,,all_candidates_pocket_occupied,1,"[""1kfrA: pocket_occupied""]"
1h98,A,SF4,,,,,,,,no_candidate_passed_prefilter,0,[]
1hbr,A,HEM,,,,,,,,no_candidate_passed_prefilter,0,[]
1hds,A,HEM,,,,,,,,no_candidate_passed_prefilter,0,[]
1hjs,A,EPE,1hju,A,A,2.15,0.13010950650626782,/home/iscb/wolfson/hagairavid/LocAlign/datasets/apo_structures/EPE/apoa93f5760dd.pdb,apoa93f5760dd,found,1,[]
1hko,A,HEM,,,,,,,,all_candidates_pocket_occupied,1,"[""1cyoA: pocket_occupied""]"
1hkv,A,PLP,,,,,,,,all_candidates_pocket_occupied,6,"[""2o0tA: pocket_occupied"", ""2o0tB: chain_not_found"", ""2o0tC: chain_not_found"", ""2o0tD: chain_not_found"", ""1hkwA: pocket_occupied"", ""1hkwB: chain_not_found""]"
1hlb,A,HEM,,,,,,,,no_candidate_passed_prefilter,0,[]
1hlm,A,HEM,,,,,,,,no_candidate_passed_prefilter,0,[]
1hlq,A,SF4,,,,,,,,no_candidate_passed_prefilter,0,[]
1hm8,A,ACO,1g97,A,A,1.96,1.7566571797724488,/home/iscb/wolfson/hagairavid/LocAlign/datasets/apo_structures/ACO/apo4a65dbb781.pdb,apo4a65dbb781,found,3,"[""1hm9A: pocket_occupied"", ""1hm9B: chain_not_found""]"
1hpi,A,SF4,,,,,,,,no_candidate_passed_prefilter,0,[]
1hpl,A,CA,,,,,,,,no_candidate_passed_prefilter,0,[]
1hqf,A,HAR,3e8z,A,A,2.0,0.4341671261953966,/home/iscb/wolfson/hagairavid/LocAlign/datasets/apo_structures/HAR/apo6d56bfe79a.pdb,apo6d56bfe79a,found,12,"[""1d3vA: pocket_occupied"", ""1d3vB: chain_not_found"", ""1zpeA: pocket_occupied"", ""1zpeB: chain_not_found"", ""1zpeC: chain_not_found"", ""1zpgA: pocket_occupied"", ""1zpgB: chain_not_found"", ""1zpgC: chain_not_found"", ""1hqgA: pocket_occupied"", ""1hqgB: chain_not_found"", ""1hqgC: chain_not_found""]"
1hql,A,CA,1gnz,A,A,2.5,0.643247806959483,/home/iscb/wolfson/hagairavid/LocAlign/datasets/apo_structures/CA/apo3bc73680d0.pdb,apo3bc73680d0,found,1,[]
1hql,A,MN,1gnz,A,A,2.5,0.643247806959483,/home/iscb/wolfson/hagairavid/LocAlign/datasets/apo_structures/MN/apo3bc73680d0.pdb,apo3bc73680d0,found,1,[]
1hro,A,HEM,,,,,,,,no_candidate_passed_prefilter,0,[]
1hux,A,SF4,,,,,,,,no_candidate_passed_prefilter,0,[]
1hyo,B,ACT,,,,,,,,all_candidates_pocket_occupied,8,"[""2hzyA: pocket_occupied"", ""2hzyB: chain_not_found"", ""1qqjA: pocket_occupied"", ""1qqjB: chain_not_found"", ""1qcnA: pocket_occupied"", ""1qcnB: chain_not_found"", ""1qcoA: pocket_occupied"", ""1qcoB: chain_not_found""]"
1hyo,B,CA,1qqj,A,A,1.55,0.3195346716561422,/home/iscb/wolfson/hagairavid/LocAlign/datasets/apo_structures/CA/apo80a731c967.pdb,apo80a731c967,found,3,"[""2hzyA: pocket_occupied"", ""2hzyB: chain_not_found""]"
1hyo,B,MG,2hzy,A,A,1.35,0.6392893364594386,/home/iscb/wolfson/hagairavid/LocAlign/datasets/apo_structures/MG/apo09d9f66b80.pdb,apo09d9f66b80,found,1,[]
1hze,A,RBF,1i8d,A,A,2.0,2.150774023162069,/home/iscb/wolfson/hagairavid/LocAlign/datasets/apo_structures/RBF/apo489c48cc19.pdb,apo489c48cc19,found,1,[]
1i19,A,FAD,,,,,,,,all_candidates_pocket_occupied,1,"[""2i0kA: pocket_occupied""]"
1i2k,A,PLP,,,,,,,,all_candidates_pocket_occupied,2,"[""1et0A: pocket_occupied"", ""1i2lA: pocket_occupied""]"
1i52,A,CTP,1inj,A,A,1.55,0.2639175511870285,/home/iscb/wolfson/hagairavid/LocAlign/datasets/apo_structures/CTP/apo1182c7949c.pdb,apo1182c7949c,found,1,[]
1i5e,A,U5P,,,,,,,,no_candidate_passed_prefilter,0,[]
1i9g,A,SAM,,,,,,,,no_candidate_passed_prefilter,0,[]
1ia7,A,CA,1ia6,A,A,1.8,0.5187195827952016,/home/iscb/wolfson/hagairavid/LocAlign/datasets/apo_structures/CA/apoecb5e337e5.pdb,apoecb5e337e5,found,1,[]
1iay,A,PLP,,,,,,,,all_candidates_pocket_occupied,2,"[""1iaxA: pocket_occupied"", ""1iaxB: chain_not_found""]"
1ibj,A,CO3,,,,,,,,no_candidate_passed_prefilter,0,[]
1ibj,A,PLP,,,,,,,,no_candidate_passed_prefilter,0,[]
1icp,A,FMN,,,,,,,,all_candidates_pocket_occupied,6,"[""1icqA: pocket_occupied"", ""1icqB: chain_not_found"", ""1icsA: pocket_occupied"", ""1icsB: chain_not_found"", ""3hgrA: pocket_occupied"", ""3hgrB: chain_not_found""]"
1ijl,A,CA,,,,,,,,no_candidate_passed_prefilter,0,[]
1iod,B,CA,1wt9,A,B,2.01,0.34201252050563324,/home/iscb/wolfson/hagairavid/LocAlign/datasets/apo_structures/CA/apo9bc56b62c9.pdb,apo9bc56b62c9,found,1,[]
1iq3,A,CA,,,,,,,,no_candidate_passed_prefilter,0,[]
1iqz,A,SF4,,,,,,,,all_candidates_pocket_occupied,7,"[""1ir0A: pocket_occupied"", ""7yl8A: pocket_occupied"", ""7yl8A: chain_not_found"", ""1wtfA: pocket_occupied"", ""1wtfB: chain_not_found"", ""1wtfC: chain_not_found"", ""1wtfD: chain_not_found""]"
1iri,A,E4P,9fcw,A,A,1.4,0.48570890785941373,/home/iscb/wolfson/hagairavid/LocAlign/datasets/apo_structures/E4P/apo3827182a20.pdb,apo3827182a20,found,1,[]
1isu,A,SF4,,,,,,,,no_candidate_passed_prefilter,0,[]
1it2,A,HEM,,,,,,,,all_candidates_pocket_occupied,4,"[""1it3A: pocket_occupied"", ""1it3B: chain_not_found"", ""1it3C: chain_not_found"", ""1it3D: chain_not_found""]"
1itk,B,HEM,,,,,,,,all_candidates_pocket_occupied,14,"[""3vliA: pocket_occupied"", ""3vliB: chain_not_found"", ""3vljA: pocket_occupied"", ""3vljB: chain_not_found"", ""3vlhA: pocket_occupied"", ""3vlhB: chain_not_found"", ""3vlkA: pocket_occupied"", ""3vlkB: chain_not_found"", ""3vllA: pocket_occupied"", ""3vllB: chain_not_found"", ""3vlmA: pocket_occupied"", ""3vlmB: chain_not_found"", ""3uw8A: pocket_occupied"", ""3uw8B: chain_not_found""]"
1iy8,A,NAD,,,,,,,,no_candidate_passed_prefilter,0,[]
1iyn,A,HEM,,,,,,,,no_candidate_passed_prefilter,0,[]
1j0h,A,CA,1j0i,A,A,2.4,0.34512099512993233,/home/iscb/wolfson/hagairavid/LocAlign/datasets/apo_structures/CA/apob0d3fb1eab.pdb,apob0d3fb1eab,found,1,[]
1j1r,A,ADE,1gik,A,A,1.8,0.48836063286497466,/home/iscb/wolfson/hagairavid/LocAlign/datasets/apo_structures/ADE/apo0dc9dba73c.pdb,apo0dc9dba73c,found,1,[]
1j24,A,CA,1j23,A,A,1.78,0.15825817794870603,/home/iscb/wolfson/hagairavid/LocAlign/datasets/apo_structures/CA/apo6fe83300aa.pdb,apo6fe83300aa,found,1,[]
1j5u,A,CA,,,,,,,,no_candidate_passed_prefilter,0,[]
1j83,A,CA,1j84,A,A,2.02,0.29101643607478345,/home/iscb/wolfson/hagairavid/LocAlign/datasets/apo_structures/CA/apofea3a0e96b.pdb,apofea3a0e96b,found,1,[]
1j99,A,AND,1efh,A,A,2.4,1.9619405110867292,/home/iscb/wolfson/hagairavid/LocAlign/datasets/apo_structures/AND/apo61699997d9.pdb,apo61699997d9,found,7,"[""3f3yA: pocket_occupied"", ""3f3yB: chain_not_found"", ""3f3yC: chain_not_found"", ""3f3yD: chain_not_found"", ""4ifbA: pocket_occupied"", ""4ifbB: chain_not_found""]"
1jcn,A,CPR,7rff,A,A,2.7,1.105997409384397,/home/iscb/wolfson/hagairavid/LocAlign/datasets/apo_structures/CPR/apo318c479944.pdb,apo318c479944,found,57,"[""8u8yA: pocket_occupied"", ""8u8yB: chain_not_found"", ""8u8yC: chain_not_found"", ""8u8yD: chain_not_found"", ""8u8yE: chain_not_found"", ""8u8yF: chain_not_found"", ""8u8yG: chain_not_found"", ""8u8yH: chain_not_found"", ""7rglA: pocket_occupied"", ""7rglB: chain_not_found"", ""7rglC: chain_not_found"", ""7rglD: chain_not_found"", ""7rglE: chain_not_found"", ""7rglF: chain_not_found"", ""7rglG: chain_not_found"", ""7rglH: chain_not_found"", ""8u8oA: pocket_occupied"", ""8u8oB: chain_not_found"", ""8u8oC: chain_not_found"", ""8u8oD: chain_not_found"", ""8u8oE: chain_not_found"", ""8u8oF: chain_not_found"", ""8u8oG: chain_not_found"", ""8u8oH: chain_not_found"", ""7rerA: pocket_occupied"", ""7rerB: chain_not_found"", ""7rerC: chain_not_found"", ""7rerD: chain_not_found"", ""7rerE: chain_not_found"", ""7rerF: chain_not_found"", ""7rerG: chain_not_found"", ""7rerH: chain_not_found"", ""7rfgA: pocket_occupied"", ""7rfgB: chain_not_found"", ""7rfgC: chain_not_found"", ""7rfgD: chain_not_found"", ""7rfgE: chain_not_found"", ""7rfgF: chain_not_found"", ""7rfgG: chain_not_found"", ""7rfgH: chain_not_found"", ""7rfiA: pocket_occupied"", ""7rfiB: chain_not_found"", ""7rfiC: chain_not_found"", ""7rfiD: chain_not_found"", ""7rfiE: chain_not_found"", ""7rfiF: chain_not_found"", ""7rfiG: chain_not_found"", ""7rfiH: chain_not_found"", ""7rfeA: pocket_occupied"", ""7rfeB: chain_not_found"", ""7rfeC: chain_not_found"", ""7rfeD: chain_not_found"", ""7rfeE: chain_not_found"", ""7rfeF: chain_not_found"", ""7rfeG: chain_not_found"", ""7rfeH: chain_not_found""]"
1jdv,C,SO4,1jdu,A,A,2.5,0.37839290820845733,/home/iscb/wolfson/hagairavid/LocAlign/datasets/apo_structures/SO4/apoa7746bf8a5.pdb,apoa7746bf8a5,found,28,"[""1je0A: pocket_occupied"", ""1je0B: chain_not_found"", ""1je0C: chain_not_found"", ""1jdsA: pocket_occupied"", ""1jdsB: chain_not_found"", ""1jdsC: chain_not_found"", ""1jdsD: chain_not_found"", ""1jdsE: chain_not_found"", ""1jdsF: chain_not_found"", ""1je1A: pocket_occupied"", ""1je1B: chain_not_found"", ""1je1C: chain_not_found"", ""1je1D: chain_not_found"", ""1je1E: chain_not_found"", ""1je1F: chain_not_found"", ""1jp7A: pocket_occupied"", ""1jp7B: chain_not_found"", ""1jp7C: chain_not_found"", ""1jpvA: pocket_occupied"", ""1jpvB: chain_not_found"", ""1jpvC: chain_not_found"", ""1jdtA: pocket_occupied"", ""1jdtB: chain_not_found"", ""1jdtC: chain_not_found"", ""1jdzA: pocket_occupied"", ""1jdzB: chain_not_found"", ""1jdzC: chain_not_found""]"
1jdx,A,NVA,2jdw,A,A,2.1,0.8039315439813265,/home/iscb/wolfson/hagairavid/LocAlign/datasets/apo_structures/NVA/apo5b5f7505e1.pdb,apo5b5f7505e1,found,2,"[""1jdwA: pocket_occupied""]"
1je5,B,CA,,,,,,,,no_candidate_passed_prefilter,0,[]
1jeb,A,HEM,,,,,,,,all_candidates_pocket_occupied,3,"[""3w4uA: chain_not_found"", ""3w4uC: chain_not_found"", ""3w4uE: chain_not_found""]"
1jg1,A,SAH,,,,,,,,all_candidates_pocket_occupied,4,"[""1jg2A: pocket_occupied"", ""1jg4A: pocket_occupied"", ""1jg3A: pocket_occupied"", ""1jg3B: chain_not_found""]"
1jgc,A,HEM,,,,,,,,no_candidate_passed_prefilter,0,[]
1jgt,B,APC,1m1z,A,A,1.95,1.1735207977398436,/home/iscb/wolfson/hagairavid/LocAlign/datasets/apo_structures/APC/apo002721cb9d.pdb,apo002721cb9d,found,1,[]
1jjw,A,K,1g3k,A,A,1.9,0.20785044121258053,/home/iscb/wolfson/hagairavid/LocAlign/datasets/apo_structures/K/apob680d44f71.pdb,apob680d44f71,found,1,[]
1jki,A,NAI,1p1f,A,A,2.6,0.49453684552032595,/home/iscb/wolfson/hagairavid/LocAlign/datasets/apo_structures/NAI/apo54234681ba.pdb,apo54234681ba,found,15,"[""1p1jA: pocket_occupied"", ""1p1jB: chain_not_found"", ""1p1hA: pocket_occupied"", ""1p1hB: chain_not_found"", ""1p1hC: chain_not_found"", ""1p1hD: chain_not_found"", ""1rm0A: pocket_occupied"", ""1rm0B: chain_not_found"", ""1p1kA: pocket_occupied"", ""1p1kB: chain_not_found"", ""1jkfA: pocket_occupied"", ""1jkfB: chain_not_found"", ""1p1iA: pocket_occupied"", ""1p1iB: chain_not_found""]"
1jku,A,CA,1o9i,A,A,1.33,0.23760631551848863,/home/iscb/wolfson/hagairavid/LocAlign/datasets/apo_structures/CA/apo0dfa5a18e3.pdb,apo0dfa5a18e3,found,1,[]
1jmj,A,CA,1jmo,A,A,2.2,1.521133679476041,/home/iscb/wolfson/hagairavid/LocAlign/datasets/apo_structures/CA/apo0ca0430a9d.pdb,apo0ca0430a9d,found,1,[]
1joi,A,CU,,,,,,,,no_candidate_passed_prefilter,0,[]
1jpa,A,ANP,,,,,,,,all_candidates_pocket_occupied,4,"[""2henA: pocket_occupied"", ""2henB: chain_not_found"", ""2henC: chain_not_found"", ""2henD: chain_not_found""]"
1jro,B,CA,2w3s,A,B,2.6,0.25807896107830214,/home/iscb/wolfson/hagairavid/LocAlign/datasets/apo_structures/CA/apoba5919fcb4.pdb,apoba5919fcb4,found,1,[]
1js2,A,SF4,,,,,,,,all_candidates_pocket_occupied,4,"[""1b0yA: pocket_occupied"", ""1ckuA: pocket_occupied"", ""1ckuB: chain_not_found"", ""1hipA: pocket_occupied""]"
1k0v,A,CU1,2qif,A,A,1.5,2.05392848108037,/home/iscb/wolfson/hagairavid/LocAlign/datasets/apo_structures/CU1/apo3d60f5c576.pdb,apo3d60f5c576,found,1,[]
1k9y,A,AMP,1k9z,A,A,1.5,0.21743708179772656,/home/iscb/wolfson/hagairavid/LocAlign/datasets/apo_structures/AMP/apo5c44ba9907.pdb,apo5c44ba9907,found,2,"[""1ka1A: pocket_occupied""]"
1kao,A,GDP,,,,,,,,all_candidates_pocket_occupied,3,"[""3rapR: pocket_occupied"", ""3rapS: chain_not_found"", ""2rapA: pocket_occupied""]"
1kb0,A,PQQ,,,,,,,,no_candidate_passed_prefilter,0,[]
1kea,A,SF4,,,,,,,,no_candidate_passed_prefilter,0,[]
1kg5,A,SF4,,,,,,,,all_candidates_pocket_occupied,12,"[""1kg2A: pocket_occupied"", ""1munA: pocket_occupied"", ""1muyA: pocket_occupied"", ""1weiA: pocket_occupied"", ""1kg6A: pocket_occupied"", ""1kg7A: pocket_occupied"", ""1kg3A: pocket_occupied"", ""1kg4A: pocket_occupied"", ""1kqjA: pocket_occupied"", ""1mudA: pocket_occupied"", ""1wegA: pocket_occupied"", ""1wefA: pocket_occupied""]"
1kh8,A,CS,6etk,A,A,0.85,1.300270473178278,/home/iscb/wolfson/hagairavid/LocAlign/datasets/apo_structures/CS/apo4fc0bd086a.pdb,apo4fc0bd086a,found,1,[]
1khr,A,COA,1mr7,A,A,1.8,0.44356708048122573,/home/iscb/wolfson/hagairavid/LocAlign/datasets/apo_structures/COA/apo577a70e23b.pdb,apo577a70e23b,found,7,"[""7i0rA: pocket_occupied"", ""7i0rB: chain_not_found"", ""7i0rC: chain_not_found"", ""7i0hA: pocket_occupied"", ""7i0hB: chain_not_found"", ""7i0hC: chain_not_found""]"
1kht,B,AMP,,,,,,,,no_candidate_passed_prefilter,0,[]
1kkm,B,CA,2qmh,A,A,2.6,1.9394259726864869,/home/iscb/wolfson/hagairavid/LocAlign/datasets/apo_structures/CA/apof865c28f4d.pdb,apof865c28f4d,found,1,[]
1kmy,A,BPY,,,,,,,,all_candidates_pocket_occupied,5,"[""1lgtA: pocket_occupied"", ""1lkdA: pocket_occupied"", ""1hanA: pocket_occupied"", ""1kndA: pocket_occupied"", ""1knfA: pocket_occupied""]"
1kn1,A,CYC,,,,,,,,no_candidate_passed_prefilter,0,[]
1kqf,A,SF4,,,,,,,,all_candidates_pocket_occupied,1,"[""1kqgA: pocket_occupied""]"
1kru,A,COA,,,,,,,,all_candidates_pocket_occupied,9,"[""1krrA: pocket_occupied"", ""1krrB: chain_not_found"", ""1krrC: chain_not_found"", ""1krvA: pocket_occupied"", ""1krvB: chain_not_found"", ""1krvC: chain_not_found"", ""1kqaA: pocket_occupied"", ""1kqaB: chain_not_found"", ""1kqaC: chain_not_found""]"
1ksc,A,CA,1ks8,A,A,1.4,0.17178514873743064,/home/iscb/wolfson/hagairavid/LocAlign/datasets/apo_structures/CA/apob1d3d5a605.pdb,apob1d3d5a605,found,1,[]
1kv9,A,PQQ,,,,,,,,no_candidate_passed_prefilter,0,[]
1kyv,E,RBF,1kz1,A,A,2.0,0.988768094333416,/home/iscb/wolfson/hagairavid/LocAlign/datasets/apo_structures/RBF/apo9e85e46298.pdb,apo9e85e46298,found,1,[]
1l0o,A,ADP,,,,,,,,all_candidates_pocket_occupied,8,"[""1th8A: pocket_occupied"", ""1thnA: pocket_occupied"", ""1thnC: chain_not_found"", ""1tidA: pocket_occupied"", ""1tidC: chain_not_found"", ""1tilA: pocket_occupied"", ""1tilC: chain_not_found"", ""1tilE: chain_not_found""]"
1l9g,A,SF4,,,,,,,,all_candidates_pocket_occupied,1,"[""1vk2A: pocket_occupied""]"
1l9m,B,CA,8oxw,A,A,1.7,0.7392034556850153,/home/iscb/wolfson/hagairavid/LocAlign/datasets/apo_structures/CA/apo631ce0067f.pdb,apo631ce0067f,found,1,[]
1lgp,A,WO4,1lgq,A,A,2.1,2.360317785550537,/home/iscb/wolfson/hagairavid/LocAlign/datasets/apo_structures/WO4/apobe40f57703.pdb,apobe40f57703,found,1,[]
1lhs,A,HEM,,,,,,,,all_candidates_pocket_occupied,1,"[""1lhtA: pocket_occupied""]"
1lj8,A,NAD,,,,,,,,all_candidates_pocket_occupied,2,"[""1m2wA: pocket_occupied"", ""1m2wB: chain_not_found""]"
1lkx,C,ADP,4a7f,A,C,7.7,4.348232816838777,/home/iscb/wolfson/hagairavid/LocAlign/datasets/apo_structures/ADP/apo206dd52b94.pdb,apo206dd52b94,found,1,[]
1llw,A,AKG,,,,,,,,all_candidates_pocket_occupied,6,"[""1ofdA: pocket_occupied"", ""1ofdB: chain_not_found"", ""1ofeA: chain_not_found"", ""1ofeB: chain_not_found"", ""1lm1A: chain_not_found"", ""1llzA: pocket_occupied""]"
1llw,A,F3S,,,,,,,,all_candidates_pocket_occupied,6,"[""1ofdA: pocket_occupied"", ""1ofdB: chain_not_found"", ""1ofeA: chain_not_found"", ""1ofeB: chain_not_found"", ""1lm1A: pocket_occupied"", ""1llzA: chain_not_found""]"
1llw,A,FMN,,,,,,,,all_candidates_pocket_occupied,6,"[""1ofdA: pocket_occupied"", ""1ofdB: chain_not_found"", ""1ofeA: chain_not_found"", ""1ofeB: chain_not_found"", ""1lm1A: chain_not_found"", ""1llzA: pocket_occupied""]"
1lqa,A,NDP,,,,,,,,no_candidate_passed_prefilter,0,[]
1lr5,D,ZN,,,,,,,,all_candidates_pocket_occupied,4,"[""1lrhA: pocket_occupied"", ""1lrhB: chain_not_found"", ""1lrhC: chain_not_found"", ""1lrhD: chain_not_found""]"
1lrw,A,PQQ,,,,,,,,no_candidate_passed_prefilter,0,[]
1ls9,A,HEM,,,,,,,,no_candidate_passed_prefilter,0,[]
1lss,A,NAD,,,,,,,,no_candidate_passed_prefilter,0,[]
1lvg,A,5GP,,,,,,,,no_candidate_passed_prefilter,0,[]
1lvl,A,FAD,,,,,,,,no_candidate_passed_prefilter,0,[]
1lvl,A,NAD,,,,,,,,no_candidate_passed_prefilter,0,[]
1lwu,B,CA,1n73,A,B,2.9,0.7597312220525932,/home/iscb/wolfson/hagairavid/LocAlign/datasets/apo_structures/CA/apo5672fa1253.pdb,apo5672fa1253,found,1,[]
1ly8,A,HEM,,,,,,,,all_candidates_pocket_occupied,8,"[""1lycA: pocket_occupied"", ""1lycB: chain_not_found"", ""1ly9A: pocket_occupied"", ""1ly9B: chain_not_found"", ""1lykA: pocket_occupied"", ""1lykB: chain_not_found"", ""1h3jA: pocket_occupied"", ""1h3jB: chain_not_found""]"
1m1j,B,CA,1ei3,A,B,5.5,1.814197952789016,/home/iscb/wolfson/hagairavid/LocAlign/datasets/apo_structures/CA/apo5c50fa3a8c.pdb,apo5c50fa3a8c,found,1,[]
1m1j,C,CA,1ei3,A,C,5.5,2.5934233765192816,/home/iscb/wolfson/hagairavid/LocAlign/datasets/apo_structures/CA/apob40eec2669.pdb,apob40eec2669,found,1,[]
1m3u,A,KPL,,,,,,,,no_candidate_passed_prefilter,0,[]
1m56,A,CA,2gsm,A,A,2.0,0.4434896891267268,/home/iscb/wolfson/hagairavid/LocAlign/datasets/apo_structures/CA/apo1618bdf726.pdb,apo1618bdf726,found,1,[]
1m8t,A,CA,,,,,,,,no_candidate_passed_prefilter,0,[]
1ma1,A,FE,,,,,,,,no_candidate_passed_prefilter,0,[]
1mc3,A,TTP,,,,,,,,no_candidate_passed_prefilter,0,[]
1mdc,A,SO4,,,,,,,,no_candidate_passed_prefilter,0,[]
1meg,A,E64,1ppo,A,A,1.8,0.46346120644778604,/home/iscb/wolfson/hagairavid/LocAlign/datasets/apo_structures/E64/apo2eab38a814.pdb,apo2eab38a814,found,1,[]
1mg5,A,ACT,,,,,,,,no_candidate_passed_prefilter,0,[]
1mg5,A,NAI,,,,,,,,no_candidate_passed_prefilter,0,[]
1mh2,A,ZN,1s6b,A,A,1.6,0.5898270651022638,/home/iscb/wolfson/hagairavid/LocAlign/datasets/apo_structures/ZN/apo5ce07ebf0e.pdb,apo5ce07ebf0e,found,1,[]
1mj4,A,HEM,,,,,,,,no_candidate_passed_prefilter,0,[]
1mqt,A,SPL,,,,,,,,no_candidate_passed_prefilter,0,[]
1mve,A,CA,3h0o,A,A,1.4,0.5438772435760529,/home/iscb/wolfson/hagairavid/LocAlign/datasets/apo_structures/CA/apo77caab6a59.pdb,apo77caab6a59,found,1,[]
1mxd,A,CA,1mxg,A,A,1.6,0.3868662299230004,/home/iscb/wolfson/hagairavid/LocAlign/datasets/apo_structures/CA/apo0db574d3f6.pdb,apo0db574d3f6,found,1,[]
1myt,A,HEM,,,,,,,,no_candidate_passed_prefilter,0,[]
1n04,A,FUL,2d3i,A,A,2.15,1.3267817692916009,/home/iscb/wolfson/hagairavid/LocAlign/datasets/apo_structures/FUL/apo89592d36e4.pdb,apo89592d36e4,found,1,[]
1n0q,B,TFA,,,,,,,,no_uniprot_mapping,0,[]
1n2l,A,CA,1e1z,A,P,2.4,0.3176675192848962,/home/iscb/wolfson/hagairavid/LocAlign/datasets/apo_structures/CA/apodac1e93975.pdb,apodac1e93975,found,3,"[""1aukA: pocket_occupied"", ""1e2sP: pocket_occupied""]"
1n31,A,PLP,,,,,,,,all_candidates_pocket_occupied,6,"[""1eluA: pocket_occupied"", ""1eluB: chain_not_found"", ""1elqA: pocket_occupied"", ""1elqB: chain_not_found"", ""1n2tA: pocket_occupied"", ""1n2tB: chain_not_found""]"
1n3o,A,CA,1ukg,A,A,1.7,0.10381763884890433,/home/iscb/wolfson/hagairavid/LocAlign/datasets/apo_structures/CA/apo3c97569c3d.pdb,apo3c97569c3d,found,1,[]
1n7v,A,CA,1n7u,A,A,2.4,0.9868510151210247,/home/iscb/wolfson/hagairavid/LocAlign/datasets/apo_structures/CA/apo2702747004.pdb,apo2702747004,found,1,[]
1n97,A,HEM,,,,,,,,no_candidate_passed_prefilter,0,[]
1nbh,A,ACT,2idj,A,A,2.35,1.8724008323323897,/home/iscb/wolfson/hagairavid/LocAlign/datasets/apo_structures/ACT/apo75a68138d6.pdb,apo75a68138d6,found,7,"[""3thrA: pocket_occupied"", ""3thrB: chain_not_found"", ""3thrC: chain_not_found"", ""3thrD: chain_not_found"", ""1xvaA: pocket_occupied"", ""1xvaB: chain_not_found""]"
1nbh,A,SAM,2idj,A,A,2.35,1.8724008323323897,/home/iscb/wolfson/hagairavid/LocAlign/datasets/apo_structures/SAM/apo75a68138d6.pdb,apo75a68138d6,found,7,"[""3thrA: pocket_occupied"", ""3thrB: chain_not_found"", ""3thrC: chain_not_found"", ""3thrD: chain_not_found"", ""1xvaA: pocket_occupied"", ""1xvaB: chain_not_found""]"
1nbw,A,CA,,,,,,,,no_candidate_passed_prefilter,0,[]
1ncw,H,BEZ,1nby,A,B,1.8,3.97032458803649,/home/iscb/wolfson/hagairavid/LocAlign/datasets/apo_structures/BEZ/apoc7c28e23a2.pdb,apoc7c28e23a2,found,5,"[""1rukH: pocket_occupied"", ""1rupH: pocket_occupied"", ""1rumH: pocket_occupied"", ""1ruaH: pocket_occupied""]"
1nf6,F,FE,1nfv,A,A,1.95,0.23951500335021708,/home/iscb/wolfson/hagairavid/LocAlign/datasets/apo_structures/FE/apof30a35524c.pdb,apof30a35524c,found,1,[]
1nfb,A,CPR,,,,,,,,all_candidates_pocket_occupied,216,"[""9dmuA: chain_not_found"", ""9dmuB: chain_not_found"", ""9dmuC: chain_not_found"", ""9dmuD: chain_not_found"", ""9dmuE: chain_not_found"", ""9dmuF: chain_not_found"", ""9dmuG: chain_not_found"", ""9dmuH: chain_not_found"", ""8fozA: chain_not_found"", ""8fozB: chain_not_found"", ""8fozC: chain_not_found"", ""8fozD: chain_not_found"", ""8fozE: chain_not_found"", ""8fozF: chain_not_found"", ""8fozG: chain_not_found"", ""8fozH: chain_not_found"", ""8fuzA: chain_not_found"", ""8fuzB: chain_not_found"", ""8fuzC: chain_not_found"", ""8fuzD: chain_not_found"", ""8fuzE: chain_not_found"", ""8fuzF: chain_not_found"", ""8fuzG: chain_not_found"", ""8fuzH: chain_not_found"", ""9mucA: chain_not_found"", ""9mucB: chain_not_found"", ""9mucC: chain_not_found"", ""9mucD: chain_not_found"", ""9mucE: chain_not_found"", ""9mucF: chain_not_found"", ""9mucG: chain_not_found"", ""9mucH: chain_not_found"", ""9mubA: chain_not_found"", ""9mubB: chain_not_found"", ""9mubC: chain_not_found"", ""9mubD: chain_not_found"", ""6i0mA: chain_not_found"", ""6i0mB: chain_not_found"", ""8g8fA: chain_not_found"", ""8g8fB: chain_not_found"", ""8g8fC: chain_not_found"", ""8g8fD: chain_not_found"", ""8g8fE: chain_not_found"", ""8g8fF: chain_not_found"", ""8g8fG: chain_not_found"", ""8g8fH: chain_not_found"", ""6i0oA: chain_not_found"", ""6i0oB: chain_not_found"", ""1nf7A: chain_not_found"", ""1nf7B: chain_not_found"", ""1b3oA: chain_not_found"", ""1b3oB: chain_not_found"", ""6udpA: chain_not_found"", ""6udpB: chain_not_found"", ""6udpC: chain_not_found"", ""6udpD: chain_not_found"", ""6udpE: chain_not_found"", ""6udpF: chain_not_found"", ""6udpG: chain_not_found"", ""6udpH: chain_not_found"", ""8g9bA: chain_not_found"", ""8g9bB: chain_not_found"", ""8g9bC: chain_not_found"", ""8g9bD: chain_not_found"", ""8g9bE: chain_not_found"", ""8g9bF: chain_not_found"", ""8g9bG: chain_not_found"", ""8g9bH: chain_not_found"", ""6u8eA: chain_not_found"", ""6u8eB: chain_not_found"", ""6u8eC: chain_not_found"", ""6u8eD: chain_not_found"", ""6u8eE: chain_not_found"", ""6u8eF: chain_not_found"", ""6u8eG: chain_not_found"", ""6u8eH: chain_not_found"", ""6u8sA: chain_not_found"", ""6u8sB: chain_not_found"", ""6u8sC: chain_not_found"", ""6u8sD: chain_not_found"", ""6u8sE: chain_not_found"", ""6u8sF: chain_not_found"", ""6u8sG: chain_not_found"", ""6u8sH: chain_not_found"", ""6udoA: chain_not_found"", ""6udoB: chain_not_found"", ""6udoC: chain_not_found"", ""6udoD: chain_not_found"", ""6udoE: chain_not_found"", ""6udoF: chain_not_found"", ""6udoG: chain_not_found"", ""6udoH: chain_not_found"", ""6udoI: chain_not_found"", ""6udoJ: chain_not_found"", ""6udoK: chain_not_found"", ""6udoL: chain_not_found"", ""6udoM: chain_not_found"", ""6udoN: chain_not_found"", ""6udoO: chain_not_found"", ""6udoP: chain_not_found"", ""6udqA: chain_not_found"", ""6udqB: chain_not_found"", ""6udqC: chain_not_found"", ""6udqD: chain_not_found"", ""6udqE: chain_not_found"", ""6udqF: chain_not_found"", ""6udqG: chain_not_found"", ""6udqH: chain_not_found"", ""6udqI: chain_not_found"", ""6udqJ: chain_not_found"", ""6udqK: chain_not_found"", ""6udqL: chain_not_found"", ""6u8nA: chain_not_found"", ""6u8nB: chain_not_found"", ""6u8nC: chain_not_found"", ""6u8nD: chain_not_found"", ""6u8nE: chain_not_found"", ""6u8nF: chain_not_found"", ""6u8nG: chain_not_found"", ""6u8nH: chain_not_found"", ""6u8nI: chain_not_found"", ""6u8nJ: chain_not_found"", ""6u8nK: chain_not_found"", ""6u8nL: chain_not_found"", ""6u8nM: chain_not_found"", ""6u8nN: chain_not_found"", ""6u8nO: chain_not_found"", ""6u8nP: chain_not_found"", ""6u9oA: chain_not_found"", ""6u9oB: chain_not_found"", ""6u9oC: chain_not_found"", ""6u9oD: chain_not_found"", ""6u9oE: chain_not_found"", ""6u9oF: chain_not_found"", ""6u9oG: chain_not_found"", ""6u9oH: chain_not_found"", ""6u9oI: chain_not_found"", ""6u9oJ: chain_not_found"", ""6u9oK: chain_not_found"", ""6u9oL: chain_not_found"", ""6u9oM: chain_not_found"", ""6u9oN: chain_not_found"", ""6u9oO: chain_not_found"", ""6u9oP: chain_not_found"", ""6ua4A: chain_not_found"", ""6ua4B: chain_not_found"", ""6ua4C: chain_not_found"", ""6ua4D: chain_not_found"", ""6ua4E: chain_not_found"", ""6ua4F: chain_not_found"", ""6ua4G: chain_not_found"", ""6ua4H: chain_not_found"", ""6ua4I: chain_not_found"", ""6ua4J: chain_not_found"", ""6ua4K: chain_not_found"", ""6ua4L: chain_not_found"", ""6ua4M: chain_not_found"", ""6ua4N: chain_not_found"", ""6ua4O: chain_not_found"", ""6ua4P: chain_not_found"", ""6ua5A: chain_not_found"", ""6ua5B: chain_not_found"", ""6ua5C: chain_not_found"", ""6ua5D: chain_not_found"", ""6ua5E: chain_not_found"", ""6ua5F: chain_not_found"", ""6ua5G: chain_not_found"", ""6ua5H: chain_not_found"", ""6uajA: chain_not_found"", ""6uajB: chain_not_found"", ""6uajC: chain_not_found"", ""6uajD: chain_not_found"", ""6uajE: chain_not_found"", ""6uajF: chain_not_found"", ""6uajG: chain_not_found"", ""6uajH: chain_not_found"", ""6u8rA: chain_not_found"", ""6u8rB: chain_not_found"", ""6u8rC: chain_not_found"", ""6u8rD: chain_not_found"", ""6u8rE: chain_not_found"", ""6u8rF: chain_not_found"", ""6u8rG: chain_not_found"", ""6u8rH: chain_not_found"", ""6u8rI: chain_not_found"", ""6u8rJ: chain_not_found"", ""6u8rK: chain_not_found"", ""6u8rL: chain_not_found"", ""6u8rM: chain_not_found"", ""6u8rN: chain_not_found"", ""6u8rO: chain_not_found"", ""6u8rP: chain_not_found"", ""6ua2A: chain_not_found"", ""6ua2B: chain_not_found"", ""6ua2C: chain_not_found"", ""6ua2D: chain_not_found"", ""6ua2E: chain_not_found"", ""6ua2F: chain_not_found"", ""6ua2G: chain_not_found"", ""6ua2H: chain_not_found"", ""6ua2I: chain_not_found"", ""6ua2J: chain_not_found"", ""6ua2K: chain_not_found"", ""6ua2L: chain_not_found"", ""6ua2M: chain_not_found"", ""6ua2N: chain_not_found"", ""6ua2O: chain_not_found"", ""6ua2P: chain_not_found"", ""6uc2A: chain_not_found"", ""6uc2B: chain_not_found"", ""6uc2C: chain_not_found"", ""6uc2D: chain_not_found"", ""6uc2E: chain_not_found"", ""6uc2F: chain_not_found"", ""6uc2G: chain_not_found"", ""6uc2H: chain_not_found""]"
1nfb,A,NAD,,,,,,,,all_candidates_pocket_occupied,216,"[""9dmuA: chain_not_found"", ""9dmuB: chain_not_found"", ""9dmuC: chain_not_found"", ""9dmuD: chain_not_found"", ""9dmuE: chain_not_found"", ""9dmuF: chain_not_found"", ""9dmuG: chain_not_found"", ""9dmuH: chain_not_found"", ""8fozA: chain_not_found"", ""8fozB: chain_not_found"", ""8fozC: chain_not_found"", ""8fozD: chain_not_found"", ""8fozE: chain_not_found"", ""8fozF: chain_not_found"", ""8fozG: chain_not_found"", ""8fozH: chain_not_found"", ""8fuzA: chain_not_found"", ""8fuzB: chain_not_found"", ""8fuzC: chain_not_found"", ""8fuzD: chain_not_found"", ""8fuzE: chain_not_found"", ""8fuzF: chain_not_found"", ""8fuzG: chain_not_found"", ""8fuzH: chain_not_found"", ""9mucA: chain_not_found"", ""9mucB: chain_not_found"", ""9mucC: chain_not_found"", ""9mucD: chain_not_found"", ""9mucE: chain_not_found"", ""9mucF: chain_not_found"", ""9mucG: chain_not_found"", ""9mucH: chain_not_found"", ""9mubA: chain_not_found"", ""9mubB: chain_not_found"", ""9mubC: chain_not_found"", ""9mubD: chain_not_found"", ""6i0mA: chain_not_found"", ""6i0mB: chain_not_found"", ""8g8fA: chain_not_found"", ""8g8fB: chain_not_found"", ""8g8fC: chain_not_found"", ""8g8fD: chain_not_found"", ""8g8fE: chain_not_found"", ""8g8fF: chain_not_found"", ""8g8fG: chain_not_found"", ""8g8fH: chain_not_found"", ""6i0oA: chain_not_found"", ""6i0oB: chain_not_found"", ""1nf7A: chain_not_found"", ""1nf7B: chain_not_found"", ""1b3oA: pocket_occupied"", ""1b3oB: chain_not_found"", ""6udpA: chain_not_found"", ""6udpB: chain_not_found"", ""6udpC: chain_not_found"", ""6udpD: chain_not_found"", ""6udpE: chain_not_found"", ""6udpF: chain_not_found"", ""6udpG: chain_not_found"", ""6udpH: chain_not_found"", ""8g9bA: chain_not_found"", ""8g9bB: chain_not_found"", ""8g9bC: chain_not_found"", ""8g9bD: chain_not_found"", ""8g9bE: chain_not_found"", ""8g9bF: chain_not_found"", ""8g9bG: chain_not_found"", ""8g9bH: chain_not_found"", ""6u8eA: chain_not_found"", ""6u8eB: chain_not_found"", ""6u8eC: chain_not_found"", ""6u8eD: chain_not_found"", ""6u8eE: chain_not_found"", ""6u8eF: chain_not_found"", ""6u8eG: chain_not_found"", ""6u8eH: chain_not_found"", ""6u8sA: chain_not_found"", ""6u8sB: chain_not_found"", ""6u8sC: chain_not_found"", ""6u8sD: chain_not_found"", ""6u8sE: chain_not_found"", ""6u8sF: chain_not_found"", ""6u8sG: chain_not_found"", ""6u8sH: chain_not_found"", ""6udoA: chain_not_found"", ""6udoB: chain_not_found"", ""6udoC: chain_not_found"", ""6udoD: chain_not_found"", ""6udoE: chain_not_found"", ""6udoF: chain_not_found"", ""6udoG: chain_not_found"", ""6udoH: chain_not_found"", ""6udoI: chain_not_found"", ""6udoJ: chain_not_found"", ""6udoK: chain_not_found"", ""6udoL: chain_not_found"", ""6udoM: chain_not_found"", ""6udoN: chain_not_found"", ""6udoO: chain_not_found"", ""6udoP: chain_not_found"", ""6udqA: chain_not_found"", ""6udqB: chain_not_found"", ""6udqC: chain_not_found"", ""6udqD: chain_not_found"", ""6udqE: chain_not_found"", ""6udqF: chain_not_found"", ""6udqG: chain_not_found"", ""6udqH: chain_not_found"", ""6udqI: chain_not_found"", ""6udqJ: chain_not_found"", ""6udqK: chain_not_found"", ""6udqL: chain_not_found"", ""6u8nA: chain_not_found"", ""6u8nB: chain_not_found"", ""6u8nC: chain_not_found"", ""6u8nD: chain_not_found"", ""6u8nE: chain_not_found"", ""6u8nF: chain_not_found"", ""6u8nG: chain_not_found"", ""6u8nH: chain_not_found"", ""6u8nI: chain_not_found"", ""6u8nJ: chain_not_found"", ""6u8nK: chain_not_found"", ""6u8nL: chain_not_found"", ""6u8nM: chain_not_found"", ""6u8nN: chain_not_found"", ""6u8nO: chain_not_found"", ""6u8nP: chain_not_found"", ""6u9oA: chain_not_found"", ""6u9oB: chain_not_found"", ""6u9oC: chain_not_found"", ""6u9oD: chain_not_found"", ""6u9oE: chain_not_found"", ""6u9oF: chain_not_found"", ""6u9oG: chain_not_found"", ""6u9oH: chain_not_found"", ""6u9oI: chain_not_found"", ""6u9oJ: chain_not_found"", ""6u9oK: chain_not_found"", ""6u9oL: chain_not_found"", ""6u9oM: chain_not_found"", ""6u9oN: chain_not_found"", ""6u9oO: chain_not_found"", ""6u9oP: chain_not_found"", ""6ua4A: chain_not_found"", ""6ua4B: chain_not_found"", ""6ua4C: chain_not_found"", ""6ua4D: chain_not_found"", ""6ua4E: chain_not_found"", ""6ua4F: chain_not_found"", ""6ua4G: chain_not_found"", ""6ua4H: chain_not_found"", ""6ua4I: chain_not_found"", ""6ua4J: chain_not_found"", ""6ua4K: chain_not_found"", ""6ua4L: chain_not_found"", ""6ua4M: chain_not_found"", ""6ua4N: chain_not_found"", ""6ua4O: chain_not_found"", ""6ua4P: chain_not_found"", ""6ua5A: chain_not_found"", ""6ua5B: chain_not_found"", ""6ua5C: chain_not_found"", ""6ua5D: chain_not_found"", ""6ua5E: chain_not_found"", ""6ua5F: chain_not_found"", ""6ua5G: chain_not_found"", ""6ua5H: chain_not_found"", ""6uajA: chain_not_found"", ""6uajB: chain_not_found"", ""6uajC: chain_not_found"", ""6uajD: chain_not_found"", ""6uajE: chain_not_found"", ""6uajF: chain_not_found"", ""6uajG: chain_not_found"", ""6uajH: chain_not_found"", ""6u8rA: chain_not_found"", ""6u8rB: chain_not_found"", ""6u8rC: chain_not_found"", ""6u8rD: chain_not_found"", ""6u8rE: chain_not_found"", ""6u8rF: chain_not_found"", ""6u8rG: chain_not_found"", ""6u8rH: chain_not_found"", ""6u8rI: chain_not_found"", ""6u8rJ: chain_not_found"", ""6u8rK: chain_not_found"", ""6u8rL: chain_not_found"", ""6u8rM: chain_not_found"", ""6u8rN: chain_not_found"", ""6u8rO: chain_not_found"", ""6u8rP: chain_not_found"", ""6ua2A: chain_not_found"", ""6ua2B: chain_not_found"", ""6ua2C: chain_not_found"", ""6ua2D: chain_not_found"", ""6ua2E: chain_not_found"", ""6ua2F: chain_not_found"", ""6ua2G: chain_not_found"", ""6ua2H: chain_not_found"", ""6ua2I: chain_not_found"", ""6ua2J: chain_not_found"", ""6ua2K: chain_not_found"", ""6ua2L: chain_not_found"", ""6ua2M: chain_not_found"", ""6ua2N: chain_not_found"", ""6ua2O: chain_not_found"", ""6ua2P: chain_not_found"", ""6uc2A: chain_not_found"", ""6uc2B: chain_not_found"", ""6uc2C: chain_not_found"", ""6uc2D: chain_not_found"", ""6uc2E: chain_not_found"", ""6uc2F: chain_not_found"", ""6uc2G: chain_not_found"", ""6uc2H: chain_not_found""]"
1ng9,A,ADP,3zlj,A,A,3.1,1.0162012383431593,/home/iscb/wolfson/hagairavid/LocAlign/datasets/apo_structures/ADP/apoe3fc838d6b.pdb,apoe3fc838d6b,found,23,"[""1wb9A: pocket_occupied"", ""1wb9B: chain_not_found"", ""1e3mA: pocket_occupied"", ""1e3mB: chain_not_found"", ""3k0sA: pocket_occupied"", ""3k0sB: chain_not_found"", ""1w7aA: pocket_occupied"", ""1w7aB: chain_not_found"", ""1oh6A: pocket_occupied"", ""1oh6B: chain_not_found"", ""1wbdA: pocket_occupied"", ""1wbdB: chain_not_found"", ""1oh7A: pocket_occupied"", ""1oh7B: chain_not_found"", ""1wbbA: pocket_occupied"", ""1wbbB: chain_not_found"", ""6i5fA: pocket_occupied"", ""6i5fB: chain_not_found"", ""1oh5A: pocket_occupied"", ""1oh5B: chain_not_found"", ""1oh8A: pocket_occupied"", ""1oh8B: chain_not_found""]"
1ngk,B,HEM,,,,,,,,all_candidates_pocket_occupied,12,"[""2qrwA: pocket_occupied"", ""2qrwB: chain_not_found"", ""2qrwC: chain_not_found"", ""2qrwD: chain_not_found"", ""2qrwE: chain_not_found"", ""2qrwF: chain_not_found"", ""2qrwG: chain_not_found"", ""2qrwH: chain_not_found"", ""2qrwI: chain_not_found"", ""2qrwJ: chain_not_found"", ""2qrwK: chain_not_found"", ""2qrwL: chain_not_found""]"
1nhc,E,GOL,,,,,,,,no_candidate_passed_prefilter,0,[]
1nos,A,HEM,,,,,,,,all_candidates_pocket_occupied,87,"[""2ortA: pocket_occupied"", ""2orpA: pocket_occupied"", ""3e7mA: pocket_occupied"", ""3e7mB: chain_not_found"", ""2oroA: pocket_occupied"", ""2orrA: pocket_occupied"", ""2orsA: pocket_occupied"", ""3e65A: pocket_occupied"", ""3e65B: chain_not_found"", ""2orqA: pocket_occupied"", ""3e68A: pocket_occupied"", ""3e68B: chain_not_found"", ""3eaiA: pocket_occupied"", ""3eaiB: chain_not_found"", ""3nqsA: pocket_occupied"", ""3nqsB: chain_not_found"", ""1dd7A: pocket_occupied"", ""3ebfA: pocket_occupied"", ""3ebfB: chain_not_found"", ""1jwkA: pocket_occupied"", ""1jwkB: chain_not_found"", ""1r35A: pocket_occupied"", ""1r35B: chain_not_found"", ""3e6lA: pocket_occupied"", ""3e6lB: chain_not_found"", ""2nosA: pocket_occupied"", ""1m8dA: pocket_occupied"", ""1m8dB: chain_not_found"", ""1df1A: pocket_occupied"", ""1df1B: chain_not_found"", ""1dwvA: pocket_occupied"", ""1dwvB: chain_not_found"", ""1dwwA: pocket_occupied"", ""1dwwB: chain_not_found"", ""1m9tA: pocket_occupied"", ""1m9tB: chain_not_found"", ""3e6nA: pocket_occupied"", ""3e6nB: chain_not_found"", ""3ebdA: pocket_occupied"", ""3ebdB: chain_not_found"", ""1n2nA: pocket_occupied"", ""1n2nB: chain_not_found"", ""1qw4A: pocket_occupied"", ""1qw4B: chain_not_found"", ""3e6tA: pocket_occupied"", ""3e6tB: chain_not_found"", ""1jwjA: pocket_occupied"", ""1jwjB: chain_not_found"", ""2y37A: pocket_occupied"", ""2y37B: chain_not_found"", ""3e67A: pocket_occupied"", ""3e67B: chain_not_found"", ""3e6oA: pocket_occupied"", ""3e6oB: chain_not_found"", ""3e7tA: pocket_occupied"", ""3e7tB: chain_not_found"", ""1nodA: pocket_occupied"", ""1nodB: chain_not_found"", ""2nodA: pocket_occupied"", ""2nodB: chain_not_found"", ""1dwxA: pocket_occupied"", ""1dwxB: chain_not_found"", ""1nocA: pocket_occupied"", ""1m8iA: pocket_occupied"", ""1m8iB: chain_not_found"", ""1qomA: pocket_occupied"", ""1qomB: chain_not_found"", ""3nodA: pocket_occupied"", ""3nodB: chain_not_found"", ""1qw5A: pocket_occupied"", ""1qw5B: chain_not_found"", ""3dwjA: pocket_occupied"", ""3dwjB: chain_not_found"", ""4js9A: pocket_occupied"", ""4js9B: chain_not_found"", ""3nw2A: pocket_occupied"", ""3nw2B: chain_not_found"", ""1m8hA: pocket_occupied"", ""1m8hB: chain_not_found"", ""1m8eA: pocket_occupied"", ""1m8eB: chain_not_found"", ""3e7iA: pocket_occupied"", ""3e7iB: chain_not_found"", ""1vafA: pocket_occupied"", ""1vafB: chain_not_found"", ""4ux6B: pocket_occupied"", ""2bhjA: pocket_occupied""]"
1nr5,A,NAD,1nua,A,A,2.85,1.8767259635806965,/home/iscb/wolfson/hagairavid/LocAlign/datasets/apo_structures/NAD/apoea4a306902.pdb,apoea4a306902,found,18,"[""1sg6A: pocket_occupied"", ""1sg6B: chain_not_found"", ""1dqsA: pocket_occupied"", ""1dqsB: chain_not_found"", ""1nvdA: pocket_occupied"", ""1nvdB: chain_not_found"", ""1nveA: pocket_occupied"", ""1nveB: chain_not_found"", ""1nveC: chain_not_found"", ""1nveD: chain_not_found"", ""1nvaA: pocket_occupied"", ""1nvaB: chain_not_found"", ""1nvbA: pocket_occupied"", ""1nvbB: chain_not_found"", ""1nvfA: pocket_occupied"", ""1nvfB: chain_not_found"", ""1nvfC: chain_not_found""]"
1nr5,B,NAD,1nua,A,A,2.85,1.8654039314255046,/home/iscb/wolfson/hagairavid/LocAlign/datasets/apo_structures/NAD/apob53e931f19.pdb,apob53e931f19,found,18,"[""1sg6A: pocket_occupied"", ""1sg6B: chain_not_found"", ""1dqsA: pocket_occupied"", ""1dqsB: chain_not_found"", ""1nvdA: pocket_occupied"", ""1nvdB: chain_not_found"", ""1nveA: pocket_occupied"", ""1nveB: chain_not_found"", ""1nveC: chain_not_found"", ""1nveD: chain_not_found"", ""1nvaA: pocket_occupied"", ""1nvaB: chain_not_found"", ""1nvbA: pocket_occupied"", ""1nvbB: chain_not_found"", ""1nvfA: pocket_occupied"", ""1nvfB: chain_not_found"", ""1nvfC: chain_not_found""]"
1nrx,A,NAD,1nua,A,A,2.85,0.5711980367387357,/home/iscb/wolfson/hagairavid/LocAlign/datasets/apo_structures/NAD/apoc5944f2aa6.pdb,apoc5944f2aa6,found,20,"[""1sg6A: pocket_occupied"", ""1sg6B: chain_not_found"", ""1dqsA: pocket_occupied"", ""1dqsB: chain_not_found"", ""1nr5A: pocket_occupied"", ""1nr5B: chain_not_found"", ""1nvdA: chain_not_found"", ""1nvdB: chain_not_found"", ""1nveA: pocket_occupied"", ""1nveB: chain_not_found"", ""1nveC: chain_not_found"", ""1nveD: chain_not_found"", ""1nvaA: pocket_occupied"", ""1nvaB: chain_not_found"", ""1nvbA: pocket_occupied"", ""1nvbB: chain_not_found"", ""1nvfA: pocket_occupied"", ""1nvfB: chain_not_found"", ""1nvfC: chain_not_found""]"
1nrx,B,NAD,1nua,A,A,2.85,0.6379598721492367,/home/iscb/wolfson/hagairavid/LocAlign/datasets/apo_structures/NAD/apo1def35ccd9.pdb,apo1def35ccd9,found,20,"[""1sg6A: pocket_occupied"", ""1sg6B: chain_not_found"", ""1dqsA: pocket_occupied"", ""1dqsB: chain_not_found"", ""1nr5A: pocket_occupied"", ""1nr5B: chain_not_found"", ""1nvdA: chain_not_found"", ""1nvdB: chain_not_found"", ""1nveA: pocket_occupied"", ""1nveB: chain_not_found"", ""1nveC: chain_not_found"", ""1nveD: chain_not_found"", ""1nvaA: pocket_occupied"", ""1nvaB: chain_not_found"", ""1nvbA: pocket_occupied"", ""1nvbB: chain_not_found"", ""1nvfA: pocket_occupied"", ""1nvfB: chain_not_found"", ""1nvfC: chain_not_found""]"
1nt2,A,SAM,,,,,,,,no_candidate_passed_prefilter,0,[]
1nt4,A,XGP,,,,,,,,all_candidates_pocket_occupied,2,"[""6rmrA: pocket_occupied"", ""6rmrB: chain_not_found""]"
1nw1,A,CA,,,,,,,,no_candidate_passed_prefilter,0,[]
1nwo,A,CU,1nwp,A,A,1.6,0.3105902736646043,/home/iscb/wolfson/hagairavid/LocAlign/datasets/apo_structures/CU/apocf2e397038.pdb,apocf2e397038,found,1,[]
1nx4,C,AKG,,,,,,,,all_candidates_pocket_occupied,6,"[""4oj8A: pocket_occupied"", ""4oj8B: chain_not_found"", ""4oj8C: chain_not_found"", ""1nx8A: pocket_occupied"", ""1nx8B: chain_not_found"", ""1nx8C: chain_not_found""]"
1o0s,A,NAI,,,,,,,,all_candidates_pocket_occupied,2,"[""1llqA: pocket_occupied"", ""1llqB: chain_not_found""]"
1o4s,B,PLP,,,,,,,,no_candidate_passed_prefilter,0,[]
1o51,A,ADP,,,,,,,,no_candidate_passed_prefilter,0,[]
1o5k,A,CA,3pb2,A,A,1.9,0.3866554341577103,/home/iscb/wolfson/hagairavid/LocAlign/datasets/apo_structures/CA/apob5a9b927cc.pdb,apob5a9b927cc,found,1,[]
1o5o,A,U5P,,,,,,,,no_candidate_passed_prefilter,0,[]
1o72,A,PC,,,,,,,,all_candidates_pocket_occupied,23,"[""1gwyA: pocket_occupied"", ""1gwyB: chain_not_found"", ""9gj8A: pocket_occupied"", ""9gj8B: chain_not_found"", ""9gj8C: chain_not_found"", ""9gj8E: chain_not_found"", ""9gj8G: chain_not_found"", ""9gj8I: chain_not_found"", ""9gj8J: chain_not_found"", ""9gj8L: chain_not_found"", ""1o71A: pocket_occupied"", ""1o71B: chain_not_found"", ""9gkiA: pocket_occupied"", ""9gkiB: chain_not_found"", ""9gkif: chain_not_found"", ""9gkin: chain_not_found"", ""9gkiv: chain_not_found"", ""9gkoA: pocket_occupied"", ""9gkoC: chain_not_found"", ""9gkoD: chain_not_found"", ""9gkoE: chain_not_found"", ""9gkoG: chain_not_found"", ""9gkon: chain_not_found""]"
1o8c,A,NDP,1o89,A,A,2.25,1.6198308343040195,/home/iscb/wolfson/hagairavid/LocAlign/datasets/apo_structures/NDP/apocc56e816c8.pdb,apocc56e816c8,found,1,[]
1oac,B,CU,6grr,A,B,1.7,0.39674559901138123,/home/iscb/wolfson/hagairavid/LocAlign/datasets/apo_structures/CU/apo82ac663794.pdb,apo82ac663794,found,1,[]
1oao,C,SF4,,,,,,,,all_candidates_pocket_occupied,28,"[""9fnjC: pocket_occupied"", ""9fnjD: chain_not_found"", ""3i01M: pocket_occupied"", ""3i01N: chain_not_found"", ""3i01O: chain_not_found"", ""3i01P: chain_not_found"", ""3i04M: pocket_occupied"", ""3i04N: chain_not_found"", ""3i04O: chain_not_found"", ""3i04P: chain_not_found"", ""1mjgM: pocket_occupied"", ""1mjgN: chain_not_found"", ""1mjgO: chain_not_found"", ""1mjgP: chain_not_found"", ""9fncC: pocket_occupied"", ""9fncD: chain_not_found"", ""9foxC: pocket_occupied"", ""9foxD: chain_not_found"", ""9fopC: pocket_occupied"", ""9fopD: chain_not_found"", ""6x5kM: pocket_occupied"", ""6x5kN: chain_not_found"", ""6x5kO: chain_not_found"", ""6x5kP: chain_not_found"", ""2z8yM: pocket_occupied"", ""2z8yN: chain_not_found"", ""2z8yO: chain_not_found"", ""2z8yP: chain_not_found""]"
1odt,C,ACT,1l7a,A,A,1.5,0.16599915857833464,/home/iscb/wolfson/hagairavid/LocAlign/datasets/apo_structures/ACT/apof13729506c.pdb,apof13729506c,found,1,[]
1ofc,X,GLC,,,,,,,,no_candidate_passed_prefilter,0,[]
1ofd,A,AKG,,,,,,,,all_candidates_pocket_occupied,5,"[""1ofeA: pocket_occupied"", ""1ofeB: chain_not_found"", ""1llwA: pocket_occupied"", ""1lm1A: chain_not_found"", ""1llzA: chain_not_found""]"
1ofd,A,F3S,,,,,,,,all_candidates_pocket_occupied,5,"[""1ofeA: pocket_occupied"", ""1ofeB: chain_not_found"", ""1llwA: pocket_occupied"", ""1lm1A: chain_not_found"", ""1llzA: chain_not_found""]"
1ofd,A,FMN,,,,,,,,all_candidates_pocket_occupied,5,"[""1ofeA: pocket_occupied"", ""1ofeB: chain_not_found"", ""1llwA: pocket_occupied"", ""1lm1A: chain_not_found"", ""1llzA: chain_not_found""]"
1ogy,A,SF4,,,,,,,,no_candidate_passed_prefilter,0,[]
1olt,A,SF4,,,,,,,,no_candidate_passed_prefilter,0,[]
1oqu,C,OXY,3mjo,A,A,1.36,0.7351596989892298,/home/iscb/wolfson/hagairavid/LocAlign/datasets/apo_structures/OXY/apo2c3a0c55e6.pdb,apo2c3a0c55e6,found,1,[]
1orb,A,ACT,8q5z,A,A,1.5,0.5254962438590088,/home/iscb/wolfson/hagairavid/LocAlign/datasets/apo_structures/ACT/apo5aa2b5290b.pdb,apo5aa2b5290b,found,2,"[""1rhsA: pocket_occupied""]"
1orn,A,SF4,,,,,,,,no_uniprot_mapping,0,[]
1os1,A,CA,6asn,A,A,1.549,2.6616672570648725,/home/iscb/wolfson/hagairavid/LocAlign/datasets/apo_structures/CA/apo6fb42b686e.pdb,apo6fb42b686e,found,6,"[""6at4A: pocket_occupied"", ""6at4B: chain_not_found"", ""6at2A: pocket_occupied"", ""6at3A: pocket_occupied"", ""6at3B: chain_not_found""]"
1otw,A,PQQ,1otv,A,A,2.1,1.7991537509041886,/home/iscb/wolfson/hagairavid/LocAlign/datasets/apo_structures/PQQ/apof55a791b1b.pdb,apof55a791b1b,found,1,[]
1out,B,HEM,,,,,,,,all_candidates_pocket_occupied,2,"[""1ouuB: pocket_occupied"", ""1ouuD: chain_not_found""]"
1oxy,A,OXY,1lla,A,A,2.18,0.618706231198359,/home/iscb/wolfson/hagairavid/LocAlign/datasets/apo_structures/OXY/apo661b32cc25.pdb,apo661b32cc25,found,1,[]
1oz6,A,CA,,,,,,,,no_candidate_passed_prefilter,0,[]
1p17,B,IMP,5euc,A,A,2.65,0.7861345132459316,/home/iscb/wolfson/hagairavid/LocAlign/datasets/apo_structures/IMP/apobf3baf3064.pdb,apobf3baf3064,found,19,"[""1tc1A: pocket_occupied"", ""1tc1B: chain_not_found"", ""1i0lA: pocket_occupied"", ""1i0lB: chain_not_found"", ""1tc2A: pocket_occupied"", ""1tc2B: chain_not_found"", ""1i13A: pocket_occupied"", ""1i13B: chain_not_found"", ""1i14A: pocket_occupied"", ""1i14B: chain_not_found"", ""1p18A: pocket_occupied"", ""1p18B: chain_not_found"", ""1i0iA: pocket_occupied"", ""1i0iB: chain_not_found"", ""1p19A: pocket_occupied"", ""1p19B: chain_not_found"", ""1p19C: chain_not_found"", ""1p19D: chain_not_found""]"
1p4r,A,AMZ,1pkx,A,A,1.9,0.7223670356216427,/home/iscb/wolfson/hagairavid/LocAlign/datasets/apo_structures/AMZ/apo1885785949.pdb,apo1885785949,found,5,"[""5uz0A: pocket_occupied"", ""5uz0B: chain_not_found"", ""5uz0C: chain_not_found"", ""5uz0D: chain_not_found""]"
1p4t,A,ETA,,,,,,,,no_candidate_passed_prefilter,0,[]
1p5r,A,COA,2vjq,A,A,1.8,0.3601109656311467,/home/iscb/wolfson/hagairavid/LocAlign/datasets/apo_structures/COA/apo636957bc5d.pdb,apo636957bc5d,found,1,[]
1p6x,A,THM,,,,,,,,all_candidates_pocket_occupied,10,"[""1p72A: pocket_occupied"", ""1p72B: chain_not_found"", ""1p73A: pocket_occupied"", ""1p73B: chain_not_found"", ""1p73C: chain_not_found"", ""1p73D: chain_not_found"", ""1p75A: pocket_occupied"", ""1p75B: chain_not_found"", ""1p75C: chain_not_found"", ""1p75D: chain_not_found""]"
1p91,A,SAM,,,,,,,,no_candidate_passed_prefilter,0,[]
1pa2,A,HEM,,,,,,,,all_candidates_pocket_occupied,1,"[""1qo4A: pocket_occupied""]"
1pcx,A,ZN,1pd0,A,A,2.6,0.21200636583642896,/home/iscb/wolfson/hagairavid/LocAlign/datasets/apo_structures/ZN/apo2b79158eb9.pdb,apo2b79158eb9,found,1,[]
1pih,A,SF4,,,,,,,,all_candidates_pocket_occupied,2,"[""2hipA: pocket_occupied"", ""2hipB: chain_not_found""]"
1plk,A,GTP,4urz,A,R,2.24,2.1809880648570648,/home/iscb/wolfson/hagairavid/LocAlign/datasets/apo_structures/GTP/apo3a68bb90dc.pdb,apo3a68bb90dc,found,247,"[""2ce2X: pocket_occupied"", ""2evwX: pocket_occupied"", ""8tbgA: pocket_occupied"", ""8tbgB: chain_not_found"", ""2cldX: pocket_occupied"", ""2cl6X: pocket_occupied"", ""2cl7X: pocket_occupied"", ""5wdqA: pocket_occupied"", ""1ctqA: pocket_occupied"", ""2clcX: pocket_occupied"", ""3k8yA: pocket_occupied"", ""3oiwA: pocket_occupied"", ""3tgpA: pocket_occupied"", ""4dlrA: pocket_occupied"", ""3oiuA: pocket_occupied"", ""8bwgR: pocket_occupied"", ""2rgbA: pocket_occupied"", ""5p21A: pocket_occupied"", ""5wdpA: pocket_occupied"", ""8cnjA: pocket_occupied"", ""8cnjB: chain_not_found"", ""3i3sR: pocket_occupied"", ""2rgeA: pocket_occupied"", ""3rs0A: pocket_occupied"", ""9pu1A: pocket_occupied"", ""9pu8A: pocket_occupied"", ""5e95A: pocket_occupied"", ""3l8zA: pocket_occupied"", ""2rggA: pocket_occupied"", ""8cnnA: pocket_occupied"", ""2quzA: pocket_occupied"", ""8fg3A: pocket_occupied"", ""6mqtA: pocket_occupied"", ""6mqtB: chain_not_found"", ""6mqtC: chain_not_found"", ""6mqtD: chain_not_found"", ""6mqtE: chain_not_found"", ""6mqtF: chain_not_found"", ""6mqtG: chain_not_found"", ""6mqtH: chain_not_found"", ""1zw6A: pocket_occupied"", ""821pA: pocket_occupied"", ""3rs3A: pocket_occupied"", ""7jiiA: pocket_occupied"", ""7jiiB: chain_not_found"", ""121pA: pocket_occupied"", ""7dphA: pocket_occupied"", ""5b2zA: pocket_occupied"", ""4dlyA: pocket_occupied"", ""5vbeA: pocket_occupied"", ""4dlvA: pocket_occupied"", ""7vv9A: pocket_occupied"", ""1qraA: pocket_occupied"", ""2rgcA: pocket_occupied"", ""3rryA: pocket_occupied"", ""3rrzA: pocket_occupied"", ""3rsoA: pocket_occupied"", ""4dluA: pocket_occupied"", ""5b30A: pocket_occupied"", ""4l9sA: pocket_occupied"", ""6v9mA: pocket_occupied"", ""6v9mC: chain_not_found"", ""6v9nA: pocket_occupied"", ""6v9nC: chain_not_found"", ""5wdoA: pocket_occupied"", ""8eltA: pocket_occupied"", ""4dlzA: pocket_occupied"", ""3rs5A: pocket_occupied"", ""6d55A: pocket_occupied"", ""6d55C: chain_not_found"", ""6d56A: pocket_occupied"", ""6d56C: chain_not_found"", ""6v9lA: pocket_occupied"", ""6v9lC: chain_not_found"", ""8elwA: pocket_occupied"", ""4dltA: pocket_occupied"", ""1cluA: pocket_occupied"", ""1lf0A: pocket_occupied"", ""1lf5A: pocket_occupied"", ""1xj0A: pocket_occupied"", ""2x1vA: pocket_occupied"", ""3kkmA: pocket_occupied"", ""3rs4A: pocket_occupied"", ""3rs7A: pocket_occupied"", ""3rslA: pocket_occupied"", ""6d59A: pocket_occupied"", ""6d59C: chain_not_found"", ""6d5lA: pocket_occupied"", ""6d5lC: chain_not_found"", ""7ogcA: pocket_occupied"", ""7vv8A: pocket_occupied"", ""7vvgA: pocket_occupied"", ""9pu3A: pocket_occupied"", ""8tlrA: pocket_occupied"", ""4dlwA: pocket_occupied"", ""6cuoA: pocket_occupied"", ""6cuoC: chain_not_found"", ""6curA: pocket_occupied"", ""6curC: chain_not_found"", ""4dlxA: pocket_occupied"", ""6bviA: pocket_occupied"", ""6bviC: chain_not_found"", ""6bvjA: pocket_occupied"", ""6bvjC: chain_not_found"", ""6bvlA: pocket_occupied"", ""6bvlC: chain_not_found"", ""8elyA: pocket_occupied"", ""6d5eA: pocket_occupied"", ""6d5eC: chain_not_found"", ""7og9A: pocket_occupied"", ""6d5jA: pocket_occupied"", ""6d5jC: chain_not_found"", ""7jifA: pocket_occupied"", ""6v9jA: pocket_occupied"", ""6v9jC: chain_not_found"", ""6zj0A: pocket_occupied"", ""6bvmA: pocket_occupied"", ""6bvmC: chain_not_found"", ""6bvkA: pocket_occupied"", ""6bvkC: chain_not_found"", ""6v9oA: pocket_occupied"", ""6v9oC: chain_not_found"", ""8elkA: pocket_occupied"", ""1jahA: pocket_occupied"", ""1jaiA: pocket_occupied"", ""2cl0X: pocket_occupied"", ""3ddcA: pocket_occupied"", ""3k9lA: pocket_occupied"", ""3k9lB: chain_not_found"", ""3k9lC: chain_not_found"", ""6d5hA: pocket_occupied"", ""6d5hC: chain_not_found"", ""6v94A: pocket_occupied"", ""6v94C: chain_not_found"", ""7ogfA: pocket_occupied"", ""8osnA: pocket_occupied"", ""9z5wA: pocket_occupied"", ""4dlsA: pocket_occupied"", ""6cupA: pocket_occupied"", ""6cupC: chain_not_found"", ""3rs2A: pocket_occupied"", ""3oivA: pocket_occupied"", ""1xcmA: pocket_occupied"", ""6v9fA: pocket_occupied"", ""6v9fC: chain_not_found"", ""1gnrA: pocket_occupied"", ""3lbhA: pocket_occupied"", ""7ogbA: pocket_occupied"", ""8fg4A: pocket_occupied"", ""3lbnA: pocket_occupied"", ""7tamA: pocket_occupied"", ""4xvqA: pocket_occupied"", ""1rvdA: pocket_occupied"", ""2c5lA: pocket_occupied"", ""2c5lB: chain_not_found"", ""2rgaA: pocket_occupied"", ""4eflA: pocket_occupied"", ""4efmA: pocket_occupied"", ""6e6cA: pocket_occupied"", ""7ogaA: pocket_occupied"", ""4rsgA: pocket_occupied"", ""6d5gA: pocket_occupied"", ""6d5gC: chain_not_found"", ""8eluA: pocket_occupied"", ""6e6pA: pocket_occupied"", ""6e6pB: chain_not_found"", ""6e6pC: chain_not_found"", ""6q21A: pocket_occupied"", ""6q21B: chain_not_found"", ""6q21C: chain_not_found"", ""6q21D: chain_not_found"", ""6dzhA: pocket_occupied"", ""6dzhB: chain_not_found"", ""6dzhC: chain_not_found"", ""7ogdA: pocket_occupied"", ""4l9wA: pocket_occupied"", ""8elzA: pocket_occupied"", ""8elxA: pocket_occupied"", ""7dpjA: pocket_occupied"", ""7l0fA: pocket_occupied"", ""7l0fE: chain_not_found"", ""7l0fG: chain_not_found"", ""7l0fL: chain_not_found"", ""7jihA: pocket_occupied"", ""7jihB: chain_not_found"", ""5wfoQ: pocket_occupied"", ""5wfoR: chain_not_found"", ""4q21A: pocket_occupied"", ""1iozA: pocket_occupied"", ""1p2tA: pocket_occupied"", ""1p2uA: pocket_occupied"", ""1zvqA: pocket_occupied"", ""2rgdA: pocket_occupied"", ""2uziR: pocket_occupied"", ""3k9nA: pocket_occupied"", ""721pA: pocket_occupied"", ""9puqA: pocket_occupied"", ""9puqB: chain_not_found"", ""9puqC: chain_not_found"", ""9putA: pocket_occupied"", ""9putC: chain_not_found"", ""9puzA: pocket_occupied"", ""9puzB: chain_not_found"", ""9puzC: chain_not_found"", ""9pveA: pocket_occupied"", ""9pveB: chain_not_found"", ""9pveC: chain_not_found"", ""9pveD: chain_not_found"", ""9p46A: pocket_occupied"", ""9p46B: chain_not_found"", ""3l8yA: pocket_occupied"", ""4xvrA: pocket_occupied"", ""6zl3A: pocket_occupied"", ""6d5vQ: pocket_occupied"", ""6d5vR: chain_not_found"", ""8elrA: pocket_occupied"", ""8osmA: pocket_occupied"", ""10dcA: pocket_occupied"", ""5wfpQ: pocket_occupied"", ""5wfpR: chain_not_found"", ""6d5mQ: pocket_occupied"", ""6d5mR: chain_not_found"", ""3lbiA: pocket_occupied"", ""3kknA: pocket_occupied"", ""1lfdB: pocket_occupied"", ""1lfdD: chain_not_found"", ""7ogeA: pocket_occupied"", ""8bosR: pocket_occupied"", ""8em0A: pocket_occupied"", ""3kudA: pocket_occupied"", ""5wplA: pocket_occupied"", ""5wplD: chain_not_found"", ""5wplG: chain_not_found"", ""5wplJ: chain_not_found"", ""8elvA: pocket_occupied"", ""4us0R: pocket_occupied"", ""1nvvQ: pocket_occupied"", ""1nvvR: chain_not_found"", ""1q21A: pocket_occupied"", ""2q21A: pocket_occupied"", ""1nvuQ: pocket_occupied"", ""1nvuR: chain_not_found"", ""421pA: pocket_occupied"", ""5vbzA: pocket_occupied"", ""5vbzB: chain_not_found"", ""5vbzC: chain_not_found""]"
1pmt,A,GSH,,,,,,,,all_candidates_pocket_occupied,4,"[""2pmtA: pocket_occupied"", ""2pmtB: chain_not_found"", ""2pmtC: chain_not_found"", ""2pmtD: chain_not_found""]"
1pn3,A,TYD,,,,,,,,all_candidates_pocket_occupied,2,"[""1pnvA: pocket_occupied"", ""1pnvB: chain_not_found""]"
1ppx,A,MG,7x9o,A,A,1.58,2.996007570907308,/home/iscb/wolfson/hagairavid/LocAlign/datasets/apo_structures/MG/apoca70b75c08.pdb,apoca70b75c08,found,3,"[""7ww6A: pocket_occupied"", ""7ww5A: pocket_occupied""]"
1ps9,A,FMN,,,,,,,,no_candidate_passed_prefilter,0,[]
1ps9,A,NAP,,,,,,,,no_candidate_passed_prefilter,0,[]
1ps9,A,SF4,,,,,,,,no_candidate_passed_prefilter,0,[]
1pwz,A,CL,5kwe,A,A,1.684,0.28529254911413965,/home/iscb/wolfson/hagairavid/LocAlign/datasets/apo_structures/CL/apo1cf1ce99ea.pdb,apo1cf1ce99ea,found,3,"[""5kvcA: pocket_occupied"", ""5kvcB: chain_not_found""]"
1pyt,C,CA,1fon,A,A,1.7,2.0700027558693277,/home/iscb/wolfson/hagairavid/LocAlign/datasets/apo_structures/CA/apoe5b87a2964.pdb,apoe5b87a2964,found,1,[]
1pz7,A,CA,1pz8,A,A,2.35,0.6759450623717254,/home/iscb/wolfson/hagairavid/LocAlign/datasets/apo_structures/CA/apodd7da14ad2.pdb,apodd7da14ad2,found,1,[]
1q17,C,APR,1q14,A,A,2.5,1.3271089857113454,/home/iscb/wolfson/hagairavid/LocAlign/datasets/apo_structures/APR/apo0ccbcef8ff.pdb,apo0ccbcef8ff,found,11,"[""1szdA: pocket_occupied"", ""1q1aA: pocket_occupied"", ""1szcA: pocket_occupied"", ""7f4eA: pocket_occupied"", ""7f51A: pocket_occupied"", ""2od2A: pocket_occupied"", ""2od7A: pocket_occupied"", ""2qqfA: pocket_occupied"", ""2od9A: pocket_occupied"", ""2qqgA: pocket_occupied""]"
1q33,A,BGC,,,,,,,,all_candidates_pocket_occupied,1,"[""1qvjA: pocket_occupied""]"
1q6y,A,COA,,,,,,,,all_candidates_pocket_occupied,14,"[""1q7eA: pocket_occupied"", ""1pt7A: pocket_occupied"", ""1pt7A: chain_not_found"", ""1pt7B: chain_not_found"", ""1pt7B: chain_not_found"", ""1pt5A: pocket_occupied"", ""1pt5A: chain_not_found"", ""1pt5B: chain_not_found"", ""1pt5B: chain_not_found"", ""1pt8A: pocket_occupied"", ""1pt8A: chain_not_found"", ""1pt8B: chain_not_found"", ""1pt8B: chain_not_found"", ""1pqyA: pocket_occupied""]"
1q8m,A,GSH,1smo,A,A,1.47,2.0339174854941913,/home/iscb/wolfson/hagairavid/LocAlign/datasets/apo_structures/GSH/apoa522e7c3b1.pdb,apoa522e7c3b1,found,1,[]
1q90,A,HEC,,,,,,,,all_candidates_pocket_occupied,14,"[""1e2wA: pocket_occupied"", ""1e2wB: chain_not_found"", ""1e2vA: pocket_occupied"", ""1e2vB: chain_not_found"", ""1e2vC: chain_not_found"", ""1cfmA: pocket_occupied"", ""1cfmB: chain_not_found"", ""1cfmC: chain_not_found"", ""1ewhA: pocket_occupied"", ""1ewhB: chain_not_found"", ""1ewhC: chain_not_found"", ""1e2zA: pocket_occupied"", ""1e2zB: chain_not_found"", ""1e2zC: chain_not_found""]"
1q9s,A,ADP,,,,,,,,all_candidates_pocket_occupied,3,"[""1nb0A: pocket_occupied"", ""1nb9A: pocket_occupied"", ""1p4mA: pocket_occupied""]"
1q9s,A,FMN,,,,,,,,all_candidates_pocket_occupied,3,"[""1nb0A: pocket_occupied"", ""1nb9A: pocket_occupied"", ""1p4mA: pocket_occupied""]"
1qd1,B,GOL,,,,,,,,no_candidate_passed_prefilter,0,[]
1qdb,A,CA,,,,,,,,no_candidate_passed_prefilter,0,[]
1qf9,A,ALF,,,,,,,,all_candidates_pocket_occupied,5,"[""3ukdA: pocket_occupied"", ""5ukdA: pocket_occupied"", ""4ukdA: pocket_occupied"", ""1ukeA: pocket_occupied"", ""2ukdA: pocket_occupied""]"
1qf9,A,C5P,,,,,,,,all_candidates_pocket_occupied,5,"[""3ukdA: pocket_occupied"", ""5ukdA: pocket_occupied"", ""4ukdA: pocket_occupied"", ""1ukeA: pocket_occupied"", ""2ukdA: pocket_occupied""]"
1qgj,A,GSH,,,,,,,,no_candidate_passed_prefilter,0,[]
1qgj,A,HEM,,,,,,,,no_candidate_passed_prefilter,0,[]
1qh3,A,ACT,,,,,,,,all_candidates_pocket_occupied,2,"[""1qh5A: pocket_occupied"", ""1qh5B: chain_not_found""]"
1qh4,D,CA,,,,,,,,no_candidate_passed_prefilter,0,[]
1qjs,A,HEM,,,,,,,,all_candidates_pocket_occupied,1,"[""1qhuA: pocket_occupied""]"
1qpa,B,HEM,,,,,,,,no_candidate_passed_prefilter,0,[]
1qs2,A,NAD,1qs1,A,A,1.5,0.579927844909808,/home/iscb/wolfson/hagairavid/LocAlign/datasets/apo_structures/NAD/apof6b573ee02.pdb,apof6b573ee02,found,1,[]
1qxo,A,FMN,,,,,,,,no_candidate_passed_prefilter,0,[]
1qz3,A,HDS,,,,,,,,all_candidates_pocket_occupied,3,"[""2hm7A: pocket_occupied"", ""1u4nA: pocket_occupied"", ""1evqA: pocket_occupied""]"
1qzz,A,SAM,,,,,,,,all_candidates_pocket_occupied,6,"[""9j56A: pocket_occupied"", ""9j56B: chain_not_found"", ""1xdsA: pocket_occupied"", ""1xdsB: chain_not_found"", ""1r00A: pocket_occupied"", ""1xduA: pocket_occupied""]"
1r30,B,SAM,,,,,,,,no_candidate_passed_prefilter,0,[]
1r30,B,SF4,,,,,,,,no_candidate_passed_prefilter,0,[]
1r5a,A,GTS,,,,,,,,no_candidate_passed_prefilter,0,[]
1r66,A,TYD,,,,,,,,all_candidates_pocket_occupied,1,"[""1r6dA: pocket_occupied""]"
1r9d,A,GOL,1r8w,A,A,2.5,0.20859218194176546,/home/iscb/wolfson/hagairavid/LocAlign/datasets/apo_structures/GOL/apo3a1b7538e9.pdb,apo3a1b7538e9,found,3,"[""4mtjA: pocket_occupied"", ""4mtjB: chain_not_found""]"
1rbl,A,CAP,8iol,A,A,2.9,1.2063858915097836,/home/iscb/wolfson/hagairavid/LocAlign/datasets/apo_structures/CAP/apo0cb9dd8b79.pdb,apo0cb9dd8b79,found,9,"[""1rscA: pocket_occupied"", ""1rscB: chain_not_found"", ""1rscC: chain_not_found"", ""1rscD: chain_not_found"", ""1rscE: chain_not_found"", ""1rscF: chain_not_found"", ""1rscG: chain_not_found"", ""1rscH: chain_not_found""]"
1rjd,C,SAM,2ob1,A,A,1.9,0.5022255288658495,/home/iscb/wolfson/hagairavid/LocAlign/datasets/apo_structures/SAM/apo6783e453af.pdb,apo6783e453af,found,1,[]
1rm6,B,SF4,,,,,,,,all_candidates_pocket_occupied,2,"[""1sb3B: pocket_occupied"", ""1sb3E: chain_not_found""]"
1rm8,A,BAT,,,,,,,,no_candidate_passed_prefilter,0,[]
1rmg,A,GLC,,,,,,,,no_candidate_passed_prefilter,0,[]
1rp1,A,CA,,,,,,,,no_candidate_passed_prefilter,0,[]
1rpt,A,VO4,,,,,,,,all_candidates_pocket_occupied,1,"[""1rpaA: pocket_occupied""]"
1rrv,A,TYD,,,,,,,,no_candidate_passed_prefilter,0,[]
1rv0,L,DAN,,,,,,,,all_candidates_pocket_occupied,3,"[""1rvtH: pocket_occupied"", ""1rvtJ: chain_not_found"", ""1rvtL: chain_not_found""]"
1s20,G,NAD,,,,,,,,all_candidates_pocket_occupied,2,"[""1nxuA: pocket_occupied"", ""1nxuB: chain_not_found""]"
1s3g,A,AP5,,,,,,,,all_candidates_pocket_occupied,1,"[""5x6jA: pocket_occupied""]"
1s3g,A,ZN,5x6j,A,A,2.1,0.24746711009227396,/home/iscb/wolfson/hagairavid/LocAlign/datasets/apo_structures/ZN/apo19ec63c2ba.pdb,apo19ec63c2ba,found,1,[]
1s49,A,GTP,1s48,A,A,3.0,1.5993652854596194e-05,/home/iscb/wolfson/hagairavid/LocAlign/datasets/apo_structures/GTP/apo9fb2d1f03d.pdb,apo9fb2d1f03d,found,1,[]
1s4o,A,GDP,1s4n,A,A,2.01,0.17766171852673382,/home/iscb/wolfson/hagairavid/LocAlign/datasets/apo_structures/GDP/apob52d99e27a.pdb,apob52d99e27a,found,1,[]
1s4o,A,MN,1s4n,A,A,2.01,0.17766171852673382,/home/iscb/wolfson/hagairavid/LocAlign/datasets/apo_structures/MN/apob52d99e27a.pdb,apob52d99e27a,found,1,[]
1s99,A,CA,1s7h,A,A,2.2,0.4070882583634863,/home/iscb/wolfson/hagairavid/LocAlign/datasets/apo_structures/CA/apo14ec9536da.pdb,apo14ec9536da,found,1,[]
1sch,A,HEM,,,,,,,,no_candidate_passed_prefilter,0,[]
1scu,A,COA,,,,,,,,all_candidates_pocket_occupied,22,"[""2nu8A: pocket_occupied"", ""2nu8D: chain_not_found"", ""2nu7A: pocket_occupied"", ""2nu7D: chain_not_found"", ""2scuA: pocket_occupied"", ""2scuD: chain_not_found"", ""1jkjA: pocket_occupied"", ""1jkjD: chain_not_found"", ""2nu6A: pocket_occupied"", ""2nu6D: chain_not_found"", ""1jllA: pocket_occupied"", ""1jllD: chain_not_found"", ""2nu9A: pocket_occupied"", ""2nu9D: chain_not_found"", ""2nu9F: chain_not_found"", ""2nu9H: chain_not_found"", ""1cqjA: pocket_occupied"", ""1cqjD: chain_not_found"", ""2nuaA: pocket_occupied"", ""2nuaD: chain_not_found"", ""1cqiA: pocket_occupied"", ""1cqiD: chain_not_found""]"
1sg9,A,SAM,,,,,,,,all_candidates_pocket_occupied,5,"[""1nv8A: pocket_occupied"", ""1nv8B: chain_not_found"", ""1nv9A: pocket_occupied"", ""1vq1A: pocket_occupied"", ""1vq1B: chain_not_found""]"
1si8,A,HEM,,,,,,,,no_candidate_passed_prefilter,0,[]
1sjg,A,FES,,,,,,,,all_candidates_pocket_occupied,6,"[""1vm9A: pocket_occupied"", ""2q3wA: pocket_occupied"", ""4p1bH: pocket_occupied"", ""4p1bI: chain_not_found"", ""4p1cH: pocket_occupied"", ""4p1cI: chain_not_found""]"
1sk7,A,HEM,,,,,,,,no_candidate_passed_prefilter,0,[]
1sli,A,DAN,1sll,A,A,2.0,0.27829993127122055,/home/iscb/wolfson/hagairavid/LocAlign/datasets/apo_structures/DAN/apod694db67ee.pdb,apod694db67ee,found,4,"[""2sliA: pocket_occupied"", ""3sliA: pocket_occupied"", ""4sliA: pocket_occupied""]"
1sox,A,HEM,3hbg,A,A,1.9,0.9380209018376915,/home/iscb/wolfson/hagairavid/LocAlign/datasets/apo_structures/HEM/apo952d75356a.pdb,apo952d75356a,found,1,[]
1spg,A,HEM,,,,,,,,no_candidate_passed_prefilter,0,[]
1spg,B,HEM,,,,,,,,no_candidate_passed_prefilter,0,[]
1sqf,A,SAM,1sqg,A,A,1.65,0.6990763054074024,/home/iscb/wolfson/hagairavid/LocAlign/datasets/apo_structures/SAM/apo42ddd2042d.pdb,apo42ddd2042d,found,1,[]
1sui,A,CA,1sus,A,A,2.7,0.1820980634817167,/home/iscb/wolfson/hagairavid/LocAlign/datasets/apo_structures/CA/apoa64ace8395.pdb,apoa64ace8395,found,1,[]
1svw,A,GTP,1sul,A,A,2.0,1.4593497798565953,/home/iscb/wolfson/hagairavid/LocAlign/datasets/apo_structures/GTP/apoe8aabedcc3.pdb,apoe8aabedcc3,found,2,"[""1sviA: pocket_occupied""]"
1svw,A,MG,1svi,A,A,1.95,1.1926882311652107,/home/iscb/wolfson/hagairavid/LocAlign/datasets/apo_structures/MG/apoc188dec860.pdb,apoc188dec860,found,1,[]
1sy7,A,HDD,,,,,,,,no_candidate_passed_prefilter,0,[]
1syo,A,M6P,6um2,A,A,4.32,4.952000567585141,/home/iscb/wolfson/hagairavid/LocAlign/datasets/apo_structures/M6P/apoc2bc90b024.pdb,apoc2bc90b024,found,5,"[""1q25A: pocket_occupied"", ""1sz0A: pocket_occupied"", ""1sz0B: chain_not_found"", ""6um1A: pocket_occupied""]"
1t0a,A,FPP,,,,,,,,no_candidate_passed_prefilter,0,[]
1t0f,A,MG,1f1z,A,A,2.4,0.937445211235728,/home/iscb/wolfson/hagairavid/LocAlign/datasets/apo_structures/MG/apoac42c0305e.pdb,apoac42c0305e,found,1,[]
1t0i,A,FMN,,,,,,,,no_candidate_passed_prefilter,0,[]
1t10,A,F6P,1q50,A,A,2.6,0.452279476157443,/home/iscb/wolfson/hagairavid/LocAlign/datasets/apo_structures/F6P/apo72a4b9d979.pdb,apo72a4b9d979,found,1,[]
1t1e,A,CA,,,,,,,,no_candidate_passed_prefilter,0,[]
1t2e,A,NAI,1ceq,A,A,2.0,0.9317538597045132,/home/iscb/wolfson/hagairavid/LocAlign/datasets/apo_structures/NAI/apoad92680901.pdb,apoad92680901,found,11,"[""4plzA: pocket_occupied"", ""1t2dA: pocket_occupied"", ""2a94A: pocket_occupied"", ""1t24A: pocket_occupied"", ""1u4oA: pocket_occupied"", ""1xivA: pocket_occupied"", ""1ldgA: pocket_occupied"", ""1t26A: pocket_occupied"", ""1u5aA: pocket_occupied"", ""1t25A: pocket_occupied""]"
1t3q,C,FAD,,,,,,,,no_candidate_passed_prefilter,0,[]
1ta9,B,ZN,,,,,,,,no_candidate_passed_prefilter,0,[]
1tah,B,CA,2es4,A,A,1.85,1.5648954183977486,/home/iscb/wolfson/hagairavid/LocAlign/datasets/apo_structures/CA/apo04004f1962.pdb,apo04004f1962,found,1,[]
1tlq,A,CA,,,,,,,,no_candidate_passed_prefilter,0,[]
1tu7,A,GSH,,,,,,,,all_candidates_pocket_occupied,4,"[""1tu8A: pocket_occupied"", ""1tu8B: chain_not_found"", ""1tu8C: chain_not_found"", ""1tu8D: chain_not_found""]"
1tu9,A,HEM,,,,,,,,no_candidate_passed_prefilter,0,[]
1tvc,A,FDA,,,,,,,,no_candidate_passed_prefilter,0,[]
1txg,A,GOL,,,,,,,,no_candidate_passed_prefilter,0,[]
1u17,A,HEM,,,,,,,,all_candidates_pocket_occupied,10,"[""1u18A: pocket_occupied"", ""1u18B: chain_not_found"", ""1np1A: pocket_occupied"", ""1np1B: chain_not_found"", ""2np1A: pocket_occupied"", ""2np1B: chain_not_found"", ""3np1A: pocket_occupied"", ""3np1B: chain_not_found"", ""4np1A: pocket_occupied"", ""4np1B: chain_not_found""]"
1u8c,B,CA,6bxj,A,A,2.092,3.5855856337393357,/home/iscb/wolfson/hagairavid/LocAlign/datasets/apo_structures/CA/apob4b112d976.pdb,apob4b112d976,found,1,[]
1uc9,A,ADP,1uc8,A,A,2.0,0.3973451494902844,/home/iscb/wolfson/hagairavid/LocAlign/datasets/apo_structures/ADP/apocfd5ffd601.pdb,apocfd5ffd601,found,3,"[""3vpdA: pocket_occupied"", ""3vpdB: chain_not_found""]"
1ued,A,HEM,,,,,,,,no_candidate_passed_prefilter,0,[]
1ui0,A,SF4,,,,,,,,all_candidates_pocket_occupied,1,"[""1ui1A: pocket_occupied""]"
1uis,A,CA,3e5t,A,A,1.1,0.6732263549233819,/home/iscb/wolfson/hagairavid/LocAlign/datasets/apo_structures/CA/apo46ed73766a.pdb,apo46ed73766a,found,1,[]
1utb,B,ACT,5ae5,A,A,2.645,0.817988795425157,/home/iscb/wolfson/hagairavid/LocAlign/datasets/apo_structures/ACT/apo7d631e0756.pdb,apo7d631e0756,found,3,"[""1uthA: pocket_occupied"", ""1uthB: chain_not_found""]"
1uuy,A,AMP,1o8q,A,A,2.6,0.41502419171333016,/home/iscb/wolfson/hagairavid/LocAlign/datasets/apo_structures/AMP/apo6031cfefc9.pdb,apo6031cfefc9,found,2,"[""1uuxA: pocket_occupied""]"
1ux8,A,HEM,,,,,,,,no_candidate_passed_prefilter,0,[]
1uxg,A,NAD,,,,,,,,all_candidates_pocket_occupied,12,"[""1ur5A: pocket_occupied"", ""1ur5C: chain_not_found"", ""1uxjA: pocket_occupied"", ""1uxjC: chain_not_found"", ""1uxkA: pocket_occupied"", ""1uxkC: chain_not_found"", ""1uxhA: pocket_occupied"", ""1uxhB: chain_not_found"", ""1uxiA: pocket_occupied"", ""1uxiB: chain_not_found"", ""1guyA: pocket_occupied"", ""1guyC: chain_not_found""]"
1uy1,A,CA,1uy4,A,A,1.69,0.07262684592803552,/home/iscb/wolfson/hagairavid/LocAlign/datasets/apo_structures/CA/apo471583481c.pdb,apo471583481c,found,1,[]
1v0w,A,PO3,1v0s,A,A,1.75,0.33300411041214095,/home/iscb/wolfson/hagairavid/LocAlign/datasets/apo_structures/PO3/apoffabde935b.pdb,apoffabde935b,found,7,"[""1f0iA: pocket_occupied"", ""1v0uA: pocket_occupied"", ""1v0tA: pocket_occupied"", ""1v0rA: pocket_occupied"", ""1v0vA: pocket_occupied"", ""1v0yA: pocket_occupied""]"
1v29,A,CO,,,,,,,,all_candidates_pocket_occupied,8,"[""3hhtA: pocket_occupied"", ""7qouA: pocket_occupied"", ""7qovA: pocket_occupied"", ""7qoyA: pocket_occupied"", ""7qomA: pocket_occupied"", ""7z0vA: pocket_occupied"", ""7qopA: pocket_occupied"", ""2dppA: pocket_occupied""]"
1v2a,B,GTS,,,,,,,,no_candidate_passed_prefilter,0,[]
1v2x,A,SAM,,,,,,,,no_candidate_passed_prefilter,0,[]
1v4u,A,CMO,,,,,,,,all_candidates_pocket_occupied,4,"[""1v4xA: pocket_occupied"", ""1v4xC: chain_not_found"", ""1v4wA: pocket_occupied"", ""1v4wC: chain_not_found""]"
1v4u,A,HEM,,,,,,,,all_candidates_pocket_occupied,4,"[""1v4xA: pocket_occupied"", ""1v4xC: chain_not_found"", ""1v4wA: pocket_occupied"", ""1v4wC: chain_not_found""]"
1v75,A,HEM,,,,,,,,all_candidates_pocket_occupied,2,"[""1wmuA: pocket_occupied"", ""2z6nA: pocket_occupied""]"
1v8m,A,APR,1v8n,A,A,1.74,0.320110104283611,/home/iscb/wolfson/hagairavid/LocAlign/datasets/apo_structures/APR/apo10ffc1123f.pdb,apo10ffc1123f,found,3,"[""1v8yA: pocket_occupied"", ""1v8wA: pocket_occupied""]"
1v9l,A,NAD,,,,,,,,no_candidate_passed_prefilter,0,[]
1vc4,B,GOL,,,,,,,,no_candidate_passed_prefilter,0,[]
1ve3,B,SAM,,,,,,,,no_candidate_passed_prefilter,0,[]
1vef,A,PLP,,,,,,,,all_candidates_pocket_occupied,4,"[""1wkgA: pocket_occupied"", ""1wkgB: chain_not_found"", ""1wkhA: pocket_occupied"", ""1wkhB: chain_not_found""]"
1vhz,A,APR,1vhg,A,A,2.7,0.21068867863022028,/home/iscb/wolfson/hagairavid/LocAlign/datasets/apo_structures/APR/apod89ecce343.pdb,apod89ecce343,found,1,[]
1vl0,A,NAI,,,,,,,,no_candidate_passed_prefilter,0,[]
1vq2,A,DDN,,,,,,,,no_candidate_passed_prefilter,0,[]
1w0n,A,CA,1ux7,A,A,1.5,0.9692623276080284,/home/iscb/wolfson/hagairavid/LocAlign/datasets/apo_structures/CA/apoeee4dcb16e.pdb,apoeee4dcb16e,found,1,[]
1w3w,A,CA,1w45,A,A,2.51,1.0096111928357172,/home/iscb/wolfson/hagairavid/LocAlign/datasets/apo_structures/CA/apoa09988b249.pdb,apoa09988b249,found,1,[]
1w4r,A,TTP,,,,,,,,all_candidates_pocket_occupied,18,"[""2wvjA: pocket_occupied"", ""2wvjB: chain_not_found"", ""2wvjC: chain_not_found"", ""2wvjD: chain_not_found"", ""2wvjE: chain_not_found"", ""2wvjF: chain_not_found"", ""2wvjG: chain_not_found"", ""2wvjH: chain_not_found"", ""2orvA: pocket_occupied"", ""2orvB: chain_not_found"", ""1xbtA: pocket_occupied"", ""1xbtB: chain_not_found"", ""1xbtC: chain_not_found"", ""1xbtD: chain_not_found"", ""1xbtE: chain_not_found"", ""1xbtF: chain_not_found"", ""1xbtG: chain_not_found"", ""1xbtH: chain_not_found""]"
1w5s,B,ADP,,,,,,,,all_candidates_pocket_occupied,3,"[""1w5tA: pocket_occupied"", ""1w5tB: chain_not_found"", ""1w5tC: chain_not_found""]"
1w6s,C,PQQ,9ism,A,A,2.78,1.4625531745888503,/home/iscb/wolfson/hagairavid/LocAlign/datasets/apo_structures/PQQ/apodeac7d5194.pdb,apodeac7d5194,found,3,"[""1h4iA: pocket_occupied"", ""1h4iC: chain_not_found""]"
1w7c,A,IMD,,,,,,,,all_candidates_pocket_occupied,5,"[""1n9eA: pocket_occupied"", ""1n9eB: chain_not_found"", ""1n9eC: chain_not_found"", ""1n9eD: chain_not_found"", ""1rkyA: pocket_occupied""]"
1wb7,A,FE,1wb8,A,A,2.3,0.2381175917176874,/home/iscb/wolfson/hagairavid/LocAlign/datasets/apo_structures/FE/apo8720488000.pdb,apo8720488000,found,1,[]
1we1,A,HEM,,,,,,,,no_candidate_passed_prefilter,0,[]
1wf3,A,GNP,,,,,,,,no_candidate_passed_prefilter,0,[]
1wg8,A,SAM,,,,,,,,no_candidate_passed_prefilter,0,[]
1wkq,A,IMD,1tiy,A,A,2.5,1.0282369832766614,/home/iscb/wolfson/hagairavid/LocAlign/datasets/apo_structures/IMD/apo4188435438.pdb,apo4188435438,found,1,[]
1wky,A,CA,,,,,,,,no_candidate_passed_prefilter,0,[]
1wmb,A,CAC,,,,,,,,all_candidates_pocket_occupied,17,"[""1x1tA: pocket_occupied"", ""2ztlA: pocket_occupied"", ""2ztlB: chain_not_found"", ""2ztlC: chain_not_found"", ""2ztlD: chain_not_found"", ""2ztvA: pocket_occupied"", ""2ztvB: chain_not_found"", ""2ztvC: chain_not_found"", ""2ztvD: chain_not_found"", ""2ztuA: pocket_occupied"", ""2ztuB: chain_not_found"", ""2ztuC: chain_not_found"", ""2ztuD: chain_not_found"", ""2ztmA: pocket_occupied"", ""2ztmB: chain_not_found"", ""2ztmC: chain_not_found"", ""2ztmD: chain_not_found""]"
1wnb,A,NAI,1wnd,A,A,2.1,0.1968824872510842,/home/iscb/wolfson/hagairavid/LocAlign/datasets/apo_structures/NAI/apofccf8b8bc2.pdb,apofccf8b8bc2,found,1,[]
1woj,A,PO4,,,,,,,,no_candidate_passed_prefilter,0,[]
1wow,A,HEM,,,,,,,,all_candidates_pocket_occupied,4,"[""1wovA: pocket_occupied"", ""1wovB: chain_not_found"", ""1woxA: pocket_occupied"", ""1woxB: chain_not_found""]"
1wve,C,HEM,,,,,,,,all_candidates_pocket_occupied,4,"[""1diiC: pocket_occupied"", ""1diiD: chain_not_found"", ""1diqC: pocket_occupied"", ""1diqD: chain_not_found""]"
1x07,A,IPE,3qas,A,A,1.7,1.9665385230205896,/home/iscb/wolfson/hagairavid/LocAlign/datasets/apo_structures/IPE/apof80eee5ece.pdb,apof80eee5ece,found,3,"[""3sgvA: pocket_occupied"", ""3sgvB: chain_not_found""]"
1x0g,C,FES,,,,,,,,no_candidate_passed_prefilter,0,[]
1x0t,A,ZN,2zae,A,B,2.21,1.124717833485452,/home/iscb/wolfson/hagairavid/LocAlign/datasets/apo_structures/ZN/apo0c61404c84.pdb,apo0c61404c84,found,1,[]
1x1a,A,SAM,1x19,A,A,2.27,0.8703970726864104,/home/iscb/wolfson/hagairavid/LocAlign/datasets/apo_structures/SAM/apo95d5a52948.pdb,apo95d5a52948,found,1,[]
1x1t,A,CAC,,,,,,,,all_candidates_pocket_occupied,18,"[""2ztlA: pocket_occupied"", ""2ztlB: chain_not_found"", ""2ztlC: chain_not_found"", ""2ztlD: chain_not_found"", ""2ztvA: pocket_occupied"", ""2ztvB: chain_not_found"", ""2ztvC: chain_not_found"", ""2ztvD: chain_not_found"", ""1wmbA: pocket_occupied"", ""1wmbB: chain_not_found"", ""2ztuA: pocket_occupied"", ""2ztuB: chain_not_found"", ""2ztuC: chain_not_found"", ""2ztuD: chain_not_found"", ""2ztmA: pocket_occupied"", ""2ztmB: chain_not_found"", ""2ztmC: chain_not_found"", ""2ztmD: chain_not_found""]"
1x33,C,CA,1x36,A,A,2.7,0.7959860679413316,/home/iscb/wolfson/hagairavid/LocAlign/datasets/apo_structures/CA/apo1ac83c6795.pdb,apo1ac83c6795,found,1,[]
1x3x,A,HEM,,,,,,,,no_candidate_passed_prefilter,0,[]
1x46,A,HEM,,,,,,,,no_candidate_passed_prefilter,0,[]
1x7p,A,SAM,,,,,,,,all_candidates_pocket_occupied,2,"[""1x7oA: pocket_occupied"", ""1x7oB: chain_not_found""]"
1x8k,A,CA,1fmj,A,A,2.0,0.24543256872136543,/home/iscb/wolfson/hagairavid/LocAlign/datasets/apo_structures/CA/apo1db3de77a4.pdb,apo1db3de77a4,found,1,[]
1xbn,A,HEM,,,,,,,,all_candidates_pocket_occupied,43,"[""3sj5A: pocket_occupied"", ""3sj5B: chain_not_found"", ""3tf0A: pocket_occupied"", ""3tf0B: chain_not_found"", ""1u55A: pocket_occupied"", ""1u55B: chain_not_found"", ""6cwwA: pocket_occupied"", ""6cwwB: chain_not_found"", ""1u56A: pocket_occupied"", ""1u56B: chain_not_found"", ""5jrxA: pocket_occupied"", ""5jrxB: chain_not_found"", ""5jrvA: pocket_occupied"", ""5jrvB: chain_not_found"", ""3lahA: pocket_occupied"", ""3lahB: chain_not_found"", ""3m0bA: pocket_occupied"", ""3tf1A: pocket_occupied"", ""3tf1B: chain_not_found"", ""3nvuA: pocket_occupied"", ""3nvuB: chain_not_found"", ""1u4hA: pocket_occupied"", ""1u4hB: chain_not_found"", ""4it2A: pocket_occupied"", ""4it2B: chain_not_found"", ""3iqbA: pocket_occupied"", ""4fdkA: pocket_occupied"", ""4fdkB: chain_not_found"", ""3eeeA: pocket_occupied"", ""3eeeB: chain_not_found"", ""3eeeC: chain_not_found"", ""3eeeD: chain_not_found"", ""3laiA: pocket_occupied"", ""3laiB: chain_not_found"", ""3laiC: chain_not_found"", ""3nvrA: pocket_occupied"", ""3nvrB: chain_not_found"", ""5jruA: pocket_occupied"", ""5jruB: chain_not_found"", ""5jruC: chain_not_found"", ""5jruD: chain_not_found"", ""5jruE: chain_not_found"", ""5jruF: chain_not_found""]"
1xc4,A,GOL,1xcf,A,A,1.8,1.435733295023742,/home/iscb/wolfson/hagairavid/LocAlign/datasets/apo_structures/GOL/apo01d1c29c6d.pdb,apo01d1c29c6d,found,1,[]
1xdp,A,ATP,1xdo,A,A,3.0,1.3542359213199209,/home/iscb/wolfson/hagairavid/LocAlign/datasets/apo_structures/ATP/apobc912f7d4f.pdb,apobc912f7d4f,found,1,[]
1xg5,C,NAP,,,,,,,,no_candidate_passed_prefilter,0,[]
1xhl,A,NDP,,,,,,,,no_candidate_passed_prefilter,0,[]
1xi9,C,PLP,,,,,,,,no_candidate_passed_prefilter,0,[]
1xje,A,TTP,,,,,,,,all_candidates_pocket_occupied,20,"[""3o0qA: pocket_occupied"", ""3o0qB: chain_not_found"", ""1xjjA: pocket_occupied"", ""1xjjB: chain_not_found"", ""3o0oA: pocket_occupied"", ""3o0oB: chain_not_found"", ""3o0nA: pocket_occupied"", ""3o0nB: chain_not_found"", ""1xjkA: pocket_occupied"", ""1xjkB: chain_not_found"", ""1xjnA: pocket_occupied"", ""1xjnB: chain_not_found"", ""1xjnC: chain_not_found"", ""1xjnD: chain_not_found"", ""1xjfA: pocket_occupied"", ""1xjfB: chain_not_found"", ""1xjmA: pocket_occupied"", ""1xjmB: chain_not_found"", ""1xjgA: pocket_occupied"", ""1xjgB: chain_not_found""]"
1xjq,A,ADP,1x6v,A,A,1.75,0.2830234856462879,/home/iscb/wolfson/hagairavid/LocAlign/datasets/apo_structures/ADP/apo1c1e92fd85.pdb,apo1c1e92fd85,found,1,[]
1xkq,A,NDP,,,,,,,,no_candidate_passed_prefilter,0,[]
1xm5,A,NI,,,,,,,,no_candidate_passed_prefilter,0,[]
1xpl,A,CAA,,,,,,,,no_candidate_passed_prefilter,0,[]
1xrs,B,B12,,,,,,,,no_candidate_passed_prefilter,0,[]
1xu4,A,ANP,,,,,,,,all_candidates_pocket_occupied,30,"[""2i1qA: pocket_occupied"", ""3fyhA: pocket_occupied"", ""3ntuA: pocket_occupied"", ""1t4gA: pocket_occupied"", ""2fpmA: pocket_occupied"", ""4qkqA: pocket_occupied"", ""4qkqB: chain_not_found"", ""4qkqC: chain_not_found"", ""4qkqD: chain_not_found"", ""4qkqE: chain_not_found"", ""4qkqF: chain_not_found"", ""4qkqG: chain_not_found"", ""4qkqH: chain_not_found"", ""4qkqI: chain_not_found"", ""4qkqJ: chain_not_found"", ""4qkqK: chain_not_found"", ""4qkqL: chain_not_found"", ""2fpkA: pocket_occupied"", ""2f1jA: pocket_occupied"", ""2fplA: pocket_occupied"", ""2b21A: pocket_occupied"", ""2gdjA: pocket_occupied"", ""4dc9A: pocket_occupied"", ""4dc9B: chain_not_found"", ""4dc9C: chain_not_found"", ""4dc9D: chain_not_found"", ""4dc9E: chain_not_found"", ""4dc9F: chain_not_found"", ""2f1hA: pocket_occupied"", ""2f1iA: pocket_occupied""]"
1xvt,A,COA,,,,,,,,all_candidates_pocket_occupied,13,"[""1xk7A: pocket_occupied"", ""1xk7B: chain_not_found"", ""1xk7C: chain_not_found"", ""1xk6A: pocket_occupied"", ""1xk6B: chain_not_found"", ""1xk6C: chain_not_found"", ""1xk6D: chain_not_found"", ""1xa3A: pocket_occupied"", ""1xa3B: chain_not_found"", ""1xa4A: pocket_occupied"", ""1xa4B: chain_not_found"", ""1xvuA: pocket_occupied"", ""1xvvA: pocket_occupied""]"
1xvx,A,CO3,,,,,,,,no_candidate_passed_prefilter,0,[]
1xvx,A,FE,,,,,,,,no_candidate_passed_prefilter,0,[]
1xyn,A,CA,,,,,,,,no_candidate_passed_prefilter,0,[]
1y25,A,ACT,1xvq,A,A,1.75,2.1432937449979312,/home/iscb/wolfson/hagairavid/LocAlign/datasets/apo_structures/ACT/apo3937e51885.pdb,apo3937e51885,found,1,[]
1y6o,A,CA,2b00,A,A,1.85,1.7114078452135209,/home/iscb/wolfson/hagairavid/LocAlign/datasets/apo_structures/CA/apob0245a33ae.pdb,apob0245a33ae,found,7,"[""1hn4A: pocket_occupied"", ""1hn4B: chain_not_found"", ""1l8sA: pocket_occupied"", ""1l8sB: chain_not_found"", ""1fxfA: pocket_occupied"", ""1fxfB: chain_not_found""]"
1yaa,A,PLP,,,,,,,,no_candidate_passed_prefilter,0,[]
1yb5,A,NAP,,,,,,,,no_candidate_passed_prefilter,0,[]
1yf3,A,SAH,,,,,,,,all_candidates_pocket_occupied,13,"[""1q0sA: pocket_occupied"", ""1yfjA: pocket_occupied"", ""1yfjB: chain_not_found"", ""1yfjC: chain_not_found"", ""1yfjD: chain_not_found"", ""1yfjE: chain_not_found"", ""1yfjF: chain_not_found"", ""1yflA: pocket_occupied"", ""1yflB: chain_not_found"", ""1yflD: chain_not_found"", ""1yflE: chain_not_found"", ""1q0tA: pocket_occupied"", ""1q0tB: chain_not_found""]"
1yhu,A,HEM,,,,,,,,no_candidate_passed_prefilter,0,[]
1yiq,A,PQQ,,,,,,,,no_candidate_passed_prefilter,0,[]
1yiv,A,EPE,,,,,,,,no_candidate_passed_prefilter,0,[]
1yli,B,COA,,,,,,,,all_candidates_pocket_occupied,6,"[""3bjkA: pocket_occupied"", ""3bjkB: chain_not_found"", ""3bjkC: chain_not_found"", ""3bjkD: chain_not_found"", ""3bjkE: chain_not_found"", ""3bjkF: chain_not_found""]"
1yp3,C,ATP,1yp2,A,A,2.11,1.17542561012821,/home/iscb/wolfson/hagairavid/LocAlign/datasets/apo_structures/ATP/apo261b6b96e3.pdb,apo261b6b96e3,found,1,[]
1yq3,B,SF4,,,,,,,,all_candidates_pocket_occupied,15,"[""2h88B: pocket_occupied"", ""2h88O: chain_not_found"", ""6myqB: pocket_occupied"", ""6myuB: pocket_occupied"", ""2fbwB: pocket_occupied"", ""2fbwO: chain_not_found"", ""2wqyB: pocket_occupied"", ""2wqyO: chain_not_found"", ""6mypB: pocket_occupied"", ""6myrB: pocket_occupied"", ""6myoB: pocket_occupied"", ""6mytB: pocket_occupied"", ""1yq4B: pocket_occupied"", ""6mysB: pocket_occupied"", ""2h89B: pocket_occupied""]"
1yqd,A,NAP,,,,,,,,all_candidates_pocket_occupied,2,"[""1yqxA: pocket_occupied"", ""1yqxB: chain_not_found""]"
1ys6,B,CA,1ys7,A,A,1.58,1.6808990188313147,/home/iscb/wolfson/hagairavid/LocAlign/datasets/apo_structures/CA/apob0e13ff56b.pdb,apob0e13ff56b,found,1,[]
1yt8,A,SO3,,,,,,,,no_candidate_passed_prefilter,0,[]
1yvk,A,COA,,,,,,,,no_candidate_passed_prefilter,0,[]
1yvu,A,CA,2f8s,A,A,3.0,1.8604875660939846,/home/iscb/wolfson/hagairavid/LocAlign/datasets/apo_structures/CA/apo3dcdc2ceb6.pdb,apo3dcdc2ceb6,found,1,[]
1yxh,A,CA,,,,,,,,no_candidate_passed_prefilter,0,[]
1z08,C,GNP,2ot3,A,B,2.1,2.1411386859069603,/home/iscb/wolfson/hagairavid/LocAlign/datasets/apo_structures/GNP/apob33d1dca91.pdb,apob33d1dca91,found,3,"[""1yztA: pocket_occupied"", ""1yztB: chain_not_found""]"
1z9n,A,HEM,1z9p,A,A,1.5,0.3816230165463153,/home/iscb/wolfson/hagairavid/LocAlign/datasets/apo_structures/HEM/apo38880bbb35.pdb,apo38880bbb35,found,1,[]
1za0,A,MN,,,,,,,,no_candidate_passed_prefilter,0,[]
1zdl,A,FAD,,,,,,,,all_candidates_pocket_occupied,2,"[""3dgzA: pocket_occupied"", ""1zkqA: pocket_occupied""]"
1zdl,A,NDP,,,,,,,,all_candidates_pocket_occupied,2,"[""3dgzA: pocket_occupied"", ""1zkqA: pocket_occupied""]"
1ze1,A,MG,1r3e,A,A,2.1,1.5446679111233101,/home/iscb/wolfson/hagairavid/LocAlign/datasets/apo_structures/MG/apo10bc5c3173.pdb,apo10bc5c3173,found,1,[]
1zem,A,NAD,,,,,,,,no_candidate_passed_prefilter,0,[]
1zg3,A,SAH,,,,,,,,all_candidates_pocket_occupied,3,"[""1zgaA: pocket_occupied"", ""1zhfA: pocket_occupied"", ""1zgjA: pocket_occupied""]"
1zgd,A,NAP,,,,,,,,no_candidate_passed_prefilter,0,[]
1zj8,A,SF4,,,,,,,,all_candidates_pocket_occupied,2,"[""1zj9A: pocket_occupied"", ""1zj9B: chain_not_found""]"
1zy5,A,ANP,1zyc,A,A,3.0,0.8759555115852719,/home/iscb/wolfson/hagairavid/LocAlign/datasets/apo_structures/ANP/apo30e14ad9b2.pdb,apo30e14ad9b2,found,11,"[""1zy4A: pocket_occupied"", ""1zy4B: chain_not_found"", ""1zxeA: pocket_occupied"", ""1zxeB: chain_not_found"", ""1zxeC: chain_not_found"", ""1zxeD: chain_not_found"", ""1zxeE: chain_not_found"", ""1zxeF: chain_not_found"", ""1zydA: pocket_occupied"", ""1zydB: chain_not_found""]"
1zzh,B,CA,,,,,,,,no_uniprot_mapping,0,[]
2a07,J,MG,2as5,A,F,2.7,0.4189600841626953,/home/iscb/wolfson/hagairavid/LocAlign/datasets/apo_structures/MG/apo26d0058c1c.pdb,apo26d0058c1c,found,1,[]
2a1t,C,FAD,,,,,,,,all_candidates_pocket_occupied,24,"[""4p13A: pocket_occupied"", ""4p13B: chain_not_found"", ""4p13C: chain_not_found"", ""4p13D: chain_not_found"", ""1egdA: pocket_occupied"", ""1egdB: chain_not_found"", ""1egdC: chain_not_found"", ""1egdD: chain_not_found"", ""1egcA: pocket_occupied"", ""1egcB: chain_not_found"", ""1egcC: chain_not_found"", ""1egcD: chain_not_found"", ""8sgpA: pocket_occupied"", ""8sgpB: chain_not_found"", ""8sgpC: chain_not_found"", ""8sgpD: chain_not_found"", ""1egeA: pocket_occupied"", ""1egeB: chain_not_found"", ""1egeC: chain_not_found"", ""1egeD: chain_not_found"", ""1t9gA: pocket_occupied"", ""1t9gB: chain_not_found"", ""1t9gC: chain_not_found"", ""1t9gD: chain_not_found""]"
2a2q,H,PBZ,1jbu,A,H,2.0,2.8317905467211877,/home/iscb/wolfson/hagairavid/LocAlign/datasets/apo_structures/PBZ/apo9c273fbc25.pdb,apo9c273fbc25,found,53,"[""6r2wH: pocket_occupied"", ""5pagB: pocket_occupied"", ""5paxC: pocket_occupied"", ""5paoC: pocket_occupied"", ""5pavC: pocket_occupied"", ""4ylqH: pocket_occupied"", ""5paeB: pocket_occupied"", ""5pb2C: pocket_occupied"", ""5pasC: pocket_occupied"", ""5pacB: pocket_occupied"", ""5pafB: pocket_occupied"", ""4jzeH: pocket_occupied"", ""5pa9C: pocket_occupied"", ""5pauC: pocket_occupied"", ""5pakC: pocket_occupied"", ""8qodB: pocket_occupied"", ""5paqB: pocket_occupied"", ""2bz6H: pocket_occupied"", ""5pamB: pocket_occupied"", ""5patB: pocket_occupied"", ""5panB: pocket_occupied"", ""5payC: pocket_occupied"", ""1kliH: pocket_occupied"", ""5pajB: pocket_occupied"", ""2c4fH: pocket_occupied"", ""3th2H: pocket_occupied"", ""5l30H: pocket_occupied"", ""5paiB: pocket_occupied"", ""5l2zH: pocket_occupied"", ""1w7xH: pocket_occupied"", ""3th4H: pocket_occupied"", ""4iblH: pocket_occupied"", ""4jyuH: pocket_occupied"", ""4ishH: pocket_occupied"", ""5l2yH: pocket_occupied"", ""4jzfH: pocket_occupied"", ""5pb5B: pocket_occupied"", ""5tqfH: pocket_occupied"", ""2aerH: pocket_occupied"", ""8qq6B: pocket_occupied"", ""5pb1D: pocket_occupied"", ""5pb3C: pocket_occupied"", ""5pb6C: pocket_occupied"", ""5tqeH: pocket_occupied"", ""5tqgH: pocket_occupied"", ""4isiH: pocket_occupied"", ""2flbH: pocket_occupied"", ""5pa8C: pocket_occupied"", ""5paaC: pocket_occupied"", ""5pb0B: pocket_occupied"", ""5pabH: pocket_occupied"", ""1danH: pocket_occupied""]"
2a5h,B,SAM,,,,,,,,no_candidate_passed_prefilter,0,[]
2a5h,B,SF4,,,,,,,,no_candidate_passed_prefilter,0,[]
2a7a,A,CA,3qlq,A,A,1.7,0.7034956545886625,/home/iscb/wolfson/hagairavid/LocAlign/datasets/apo_structures/CA/apob72f2c9392.pdb,apob72f2c9392,found,1,[]
2a7j,A,CA,5avd,A,A,0.86,0.2806217288346989,/home/iscb/wolfson/hagairavid/LocAlign/datasets/apo_structures/CA/apobbaf3d7632.pdb,apobbaf3d7632,found,1,[]
2a92,C,NAI,5hs4,A,A,1.339,0.5982842755241027,/home/iscb/wolfson/hagairavid/LocAlign/datasets/apo_structures/NAI/apob2ac301348.pdb,apob2ac301348,found,1,[]
2a9e,A,HEM,,,,,,,,all_candidates_pocket_occupied,8,"[""1qwlA: pocket_occupied"", ""1qwlB: chain_not_found"", ""1qwmA: pocket_occupied"", ""1qwmB: chain_not_found"", ""2iqfA: pocket_occupied"", ""2iqfB: chain_not_found"", ""9nh3A: pocket_occupied"", ""9nh3B: chain_not_found""]"
2aa1,B,HEM,,,,,,,,no_candidate_passed_prefilter,0,[]
2aa9,A,SKM,1eps,A,A,3.0,4.911184477762516,/home/iscb/wolfson/hagairavid/LocAlign/datasets/apo_structures/SKM/apoedaf1fb409.pdb,apoedaf1fb409,found,17,"[""1g6sA: pocket_occupied"", ""1x8rA: pocket_occupied"", ""2qfqA: pocket_occupied"", ""2aayA: pocket_occupied"", ""2qfsA: pocket_occupied"", ""2qftA: pocket_occupied"", ""1g6tA: pocket_occupied"", ""1q36A: pocket_occupied"", ""2pq9A: pocket_occupied"", ""2qfuA: pocket_occupied"", ""1mi4A: pocket_occupied"", ""3fjzA: pocket_occupied"", ""3fk0A: pocket_occupied"", ""3fk1A: pocket_occupied"", ""3fjxA: pocket_occupied"", ""1x8tA: pocket_occupied""]"
2aad,A,2GP,9rnt,A,A,1.5,0.4563439427478998,/home/iscb/wolfson/hagairavid/LocAlign/datasets/apo_structures/2GP/apo08dbc36cb3.pdb,apo08dbc36cb3,found,2,"[""1i0vA: pocket_occupied""]"
2abk,A,SF4,,,,,,,,no_candidate_passed_prefilter,0,[]
2acv,A,UDP,,,,,,,,all_candidates_pocket_occupied,2,"[""2acwA: pocket_occupied"", ""2acwB: chain_not_found""]"
2acz,B,SF4,,,,,,,,all_candidates_pocket_occupied,29,"[""2wdqB: pocket_occupied"", ""2wdqF: chain_not_found"", ""2wdqJ: chain_not_found"", ""2wu2B: pocket_occupied"", ""2wu2F: chain_not_found"", ""2wu2J: chain_not_found"", ""7jz2B: pocket_occupied"", ""7jz2F: chain_not_found"", ""7jz2J: chain_not_found"", ""1nekB: pocket_occupied"", ""2wp9B: pocket_occupied"", ""2wp9F: chain_not_found"", ""2wp9J: chain_not_found"", ""2wu5B: pocket_occupied"", ""2wu5F: chain_not_found"", ""2wu5J: chain_not_found"", ""1nenB: pocket_occupied"", ""2wdrB: pocket_occupied"", ""2wdrF: chain_not_found"", ""2wdrJ: chain_not_found"", ""2wdvB: pocket_occupied"", ""2wdvF: chain_not_found"", ""2wdvJ: chain_not_found"", ""2ws3B: pocket_occupied"", ""2ws3F: chain_not_found"", ""2ws3J: chain_not_found"", ""6wu6B: pocket_occupied"", ""6wu6F: chain_not_found"", ""6wu6J: chain_not_found""]"
2aep,A,CA,,,,,,,,no_candidate_passed_prefilter,0,[]
2af6,G,BRU,,,,,,,,all_candidates_pocket_occupied,16,"[""3gwcA: pocket_occupied"", ""3gwcB: chain_not_found"", ""3gwcC: chain_not_found"", ""3gwcD: chain_not_found"", ""3gwcE: chain_not_found"", ""3gwcF: chain_not_found"", ""3gwcG: chain_not_found"", ""3gwcH: chain_not_found"", ""2gq2A: pocket_occupied"", ""2gq2B: chain_not_found"", ""2gq2C: chain_not_found"", ""2gq2D: chain_not_found"", ""3hzgA: pocket_occupied"", ""3hzgB: chain_not_found"", ""3hzgC: chain_not_found"", ""3hzgD: chain_not_found""]"
2afh,B,CA,3u7q,A,B,1.0,0.2488930960665262,/home/iscb/wolfson/hagairavid/LocAlign/datasets/apo_structures/CA/apo2154602018.pdb,apo2154602018,found,1,[]
2afh,B,CLF,,,,,,,,all_candidates_pocket_occupied,221,"[""3u7qB: pocket_occupied"", ""3u7qD: chain_not_found"", ""1m1nB: pocket_occupied"", ""1m1nD: chain_not_found"", ""1m1nF: chain_not_found"", ""1m1nH: chain_not_found"", ""7jrfB: pocket_occupied"", ""7jrfD: chain_not_found"", ""6o7mB: pocket_occupied"", ""6o7mD: chain_not_found"", ""4tkuB: pocket_occupied"", ""4tkuD: chain_not_found"", ""4tkvB: pocket_occupied"", ""4tkvD: chain_not_found"", ""5bvhB: pocket_occupied"", ""5bvhD: chain_not_found"", ""8p8gB: pocket_occupied"", ""8p8gD: chain_not_found"", ""5bvgB: pocket_occupied"", ""5bvgD: chain_not_found"", ""6op3B: pocket_occupied"", ""6op3D: chain_not_found"", ""7mciB: pocket_occupied"", ""7mciD: chain_not_found"", ""6bblB: pocket_occupied"", ""6bblD: chain_not_found"", ""6o7pB: pocket_occupied"", ""6o7pD: chain_not_found"", ""6op1B: pocket_occupied"", ""6op1D: chain_not_found"", ""6vxtB: pocket_occupied"", ""6vxtD: chain_not_found"", ""5cx1B: pocket_occupied"", ""5cx1D: chain_not_found"", ""5cx1F: chain_not_found"", ""5cx1H: chain_not_found"", ""5cx1J: chain_not_found"", ""5cx1L: chain_not_found"", ""5cx1N: chain_not_found"", ""5cx1P: chain_not_found"", ""6o7nB: pocket_occupied"", ""6o7nD: chain_not_found"", ""9hbcB: pocket_occupied"", ""9hbcD: chain_not_found"", ""9hbcA: chain_not_found"", ""9hbcC: chain_not_found"", ""9hbnB: pocket_occupied"", ""9hbnD: chain_not_found"", ""9hbnA: chain_not_found"", ""9hbnC: chain_not_found"", ""6ug0B: pocket_occupied"", ""6ug0D: chain_not_found"", ""6o7oB: pocket_occupied"", ""6o7oD: chain_not_found"", ""4wzaB: chain_not_found"", ""4wzaD: chain_not_found"", ""29umB: pocket_occupied"", ""29umD: chain_not_found"", ""29umF: chain_not_found"", ""29umH: chain_not_found"", ""29uoB: pocket_occupied"", ""29uoD: chain_not_found"", ""29uoF: chain_not_found"", ""29uoH: chain_not_found"", ""29upB: pocket_occupied"", ""29upD: chain_not_found"", ""29upF: chain_not_found"", ""29upH: chain_not_found"", ""6op2B: pocket_occupied"", ""6op2D: chain_not_found"", ""7ut6B: pocket_occupied"", ""7ut6D: chain_not_found"", ""7ut7B: pocket_occupied"", ""7ut7D: chain_not_found"", ""8dbxB: pocket_occupied"", ""8dbxD: chain_not_found"", ""9cjdB: pocket_occupied"", ""9cjdD: chain_not_found"", ""9cjbB: pocket_occupied"", ""9cjbD: chain_not_found"", ""4xpiB: pocket_occupied"", ""4xpiD: chain_not_found"", ""8e3uB: pocket_occupied"", ""8e3uD: chain_not_found"", ""29unB: pocket_occupied"", ""29unD: chain_not_found"", ""29unF: chain_not_found"", ""29unH: chain_not_found"", ""4nd8B: pocket_occupied"", ""4nd8D: chain_not_found"", ""4wnaB: pocket_occupied"", ""4wnaD: chain_not_found"", ""6o7qB: pocket_occupied"", ""6o7qD: chain_not_found"", ""8e3vB: pocket_occupied"", ""8e3vD: chain_not_found"", ""2minB: pocket_occupied"", ""2minD: chain_not_found"", ""3minB: pocket_occupied"", ""3minD: chain_not_found"", ""9cjcB: pocket_occupied"", ""9cjcD: chain_not_found"", ""8crsB: pocket_occupied"", ""8crsD: chain_not_found"", ""11ndB: pocket_occupied"", ""11ndD: chain_not_found"", ""9cr0B: pocket_occupied"", ""9cr0D: chain_not_found"", ""9mm1B: pocket_occupied"", ""9mm1D: chain_not_found"", ""6cdkB: pocket_occupied"", ""6cdkD: chain_not_found"", ""8dfdB: chain_not_found"", ""8dfdD: chain_not_found"", ""8enmB: pocket_occupied"", ""8enmD: chain_not_found"", ""11ncB: pocket_occupied"", ""11ncD: chain_not_found"", ""9cqzB: pocket_occupied"", ""9cqzD: chain_not_found"", ""9mlzB: pocket_occupied"", ""9mlzD: chain_not_found"", ""9mm0B: pocket_occupied"", ""9mm0D: chain_not_found"", ""1g20B: chain_not_found"", ""1g20D: chain_not_found"", ""8e3tB: pocket_occupied"", ""8e3tD: chain_not_found"", ""9cjeB: pocket_occupied"", ""9cjeD: chain_not_found"", ""3k1aB: pocket_occupied"", ""3k1aD: chain_not_found"", ""6o7lB: pocket_occupied"", ""6o7lD: chain_not_found"", ""8dbyB: pocket_occupied"", ""8dbyD: chain_not_found"", ""6o7rB: pocket_occupied"", ""6o7rD: chain_not_found"", ""6o7sB: pocket_occupied"", ""6o7sD: chain_not_found"", ""9cu2B: chain_not_found"", ""9cu2D: chain_not_found"", ""9cu2I: chain_not_found"", ""9cu2K: chain_not_found"", ""5vq4B: pocket_occupied"", ""5vq4D: chain_not_found"", ""1l5hB: pocket_occupied"", ""1m34B: chain_not_found"", ""1m34D: chain_not_found"", ""1m34J: chain_not_found"", ""1m34L: chain_not_found"", ""4wzbB: chain_not_found"", ""4wzbD: chain_not_found"", ""6op4B: pocket_occupied"", ""6op4D: chain_not_found"", ""9cjfB: pocket_occupied"", ""9cjfD: chain_not_found"", ""9mlyB: pocket_occupied"", ""9mlyD: chain_not_found"", ""11nfB: pocket_occupied"", ""11nfD: chain_not_found"", ""8enlB: pocket_occupied"", ""8enlD: chain_not_found"", ""9cqyB: pocket_occupied"", ""9cqyD: chain_not_found"", ""7utaB: chain_not_found"", ""7utaD: chain_not_found"", ""7ut8B: chain_not_found"", ""7ut8D: chain_not_found"", ""7ut9B: chain_not_found"", ""7ut9D: chain_not_found"", ""11nbB: pocket_occupied"", ""11nbD: chain_not_found"", ""8dfcB: chain_not_found"", ""8dfcD: chain_not_found"", ""8dpnB: pocket_occupied"", ""8dpnD: chain_not_found"", ""11neB: pocket_occupied"", ""11neD: chain_not_found"", ""1fp4B: pocket_occupied"", ""1fp4D: chain_not_found"", ""29ulB: pocket_occupied"", ""29ulF: chain_not_found"", ""9cqxB: pocket_occupied"", ""9cqxD: chain_not_found"", ""8ennB: pocket_occupied"", ""8ennD: chain_not_found"", ""9hb9B: pocket_occupied"", ""9hb9D: chain_not_found"", ""9ctzB: pocket_occupied"", ""9ctzD: chain_not_found"", ""11naB: pocket_occupied"", ""11naD: chain_not_found"", ""8enoB: pocket_occupied"", ""8enoD: chain_not_found"", ""9cu1B: chain_not_found"", ""9cu1D: chain_not_found"", ""9cu1I: chain_not_found"", ""9cu1K: chain_not_found"", ""8rhpB: chain_not_found"", ""8rhpC: chain_not_found"", ""8rhpI: chain_not_found"", ""8rhpJ: chain_not_found"", ""1g21B: chain_not_found"", ""1g21D: chain_not_found"", ""1n2cB: chain_not_found"", ""1n2cD: chain_not_found"", ""8btsB: pocket_occupied"", ""8btsD: chain_not_found"", ""8btsI: chain_not_found"", ""8btsL: chain_not_found"", ""2afiB: chain_not_found"", ""2afiD: chain_not_found"", ""2afiJ: chain_not_found"", ""2afiL: chain_not_found"", ""1m1yB: chain_not_found"", ""1m1yD: chain_not_found"", ""1m1yJ: chain_not_found"", ""1m1yL: chain_not_found"", ""9cu0B: chain_not_found"", ""9cu0D: chain_not_found""]"
2afh,E,SF4,,,,,,,,all_candidates_pocket_occupied,130,"[""6n4lA: pocket_occupied"", ""7tpwA: pocket_occupied"", ""7tpoA: pocket_occupied"", ""7tpxA: pocket_occupied"", ""7tpnA: pocket_occupied"", ""7tneA: pocket_occupied"", ""7tqfA: pocket_occupied"", ""7tqiA: pocket_occupied"", ""7tpyA: pocket_occupied"", ""7tqjA: pocket_occupied"", ""7tqkA: pocket_occupied"", ""7tpvA: pocket_occupied"", ""7tqhA: pocket_occupied"", ""7t4hA: pocket_occupied"", ""7tqcA: pocket_occupied"", ""6n4mA: pocket_occupied"", ""7tqeA: pocket_occupied"", ""7tq9A: pocket_occupied"", ""7tpzA: pocket_occupied"", ""6n4kA: pocket_occupied"", ""6n4kB: chain_not_found"", ""7tq0A: pocket_occupied"", ""4wzaE: pocket_occupied"", ""4wzaF: chain_not_found"", ""4wzaG: chain_not_found"", ""4wzaH: chain_not_found"", ""6n4jA: pocket_occupied"", ""6n4jB: chain_not_found"", ""8dfdE: pocket_occupied"", ""8dfdF: chain_not_found"", ""8dfdG: chain_not_found"", ""8dfdH: chain_not_found"", ""1fp6A: pocket_occupied"", ""1fp6B: chain_not_found"", ""1fp6C: chain_not_found"", ""1fp6D: chain_not_found"", ""1g20E: pocket_occupied"", ""1g20F: chain_not_found"", ""1g20G: chain_not_found"", ""1g20H: chain_not_found"", ""1g5pA: pocket_occupied"", ""1g5pB: chain_not_found"", ""2nipA: pocket_occupied"", ""2nipB: chain_not_found"", ""1g1mA: pocket_occupied"", ""1g1mB: chain_not_found"", ""9cu2E: pocket_occupied"", ""9cu2F: chain_not_found"", ""9cu2L: chain_not_found"", ""9cu2M: chain_not_found"", ""1m34E: pocket_occupied"", ""1m34F: chain_not_found"", ""1m34G: chain_not_found"", ""1m34H: chain_not_found"", ""1m34M: chain_not_found"", ""1m34N: chain_not_found"", ""1m34O: chain_not_found"", ""1m34P: chain_not_found"", ""4wzbE: pocket_occupied"", ""4wzbF: chain_not_found"", ""4wzbG: chain_not_found"", ""4wzbH: chain_not_found"", ""7utaE: pocket_occupied"", ""7utaF: chain_not_found"", ""7utaG: chain_not_found"", ""7utaH: chain_not_found"", ""1de0A: pocket_occupied"", ""1de0B: chain_not_found"", ""7ut8E: pocket_occupied"", ""7ut8F: chain_not_found"", ""9hazA: pocket_occupied"", ""9hazB: chain_not_found"", ""9hazC: chain_not_found"", ""9hazD: chain_not_found"", ""7ut9E: pocket_occupied"", ""7ut9F: chain_not_found"", ""8dfcE: pocket_occupied"", ""8dfcF: chain_not_found"", ""2c8vA: pocket_occupied"", ""1rw4A: pocket_occupied"", ""8tc3A: pocket_occupied"", ""8tc3A: chain_not_found"", ""8tc3B: chain_not_found"", ""8tc3B: chain_not_found"", ""1xd8A: pocket_occupied"", ""1xd8B: chain_not_found"", ""1xd9A: pocket_occupied"", ""1xd9B: chain_not_found"", ""1xdbA: pocket_occupied"", ""1xdbB: chain_not_found"", ""9cu1E: pocket_occupied"", ""9cu1F: chain_not_found"", ""9cu1L: chain_not_found"", ""9cu1M: chain_not_found"", ""8rhpF: pocket_occupied"", ""8rhpG: chain_not_found"", ""8rhpM: chain_not_found"", ""8rhpN: chain_not_found"", ""1nipA: pocket_occupied"", ""1nipB: chain_not_found"", ""1g21E: pocket_occupied"", ""1g21F: chain_not_found"", ""1g21G: chain_not_found"", ""1g21H: chain_not_found"", ""1n2cE: pocket_occupied"", ""1n2cF: chain_not_found"", ""1n2cG: chain_not_found"", ""1n2cH: chain_not_found"", ""2afiE: pocket_occupied"", ""2afiF: chain_not_found"", ""2afiG: chain_not_found"", ""2afiH: chain_not_found"", ""2afiM: chain_not_found"", ""2afiN: chain_not_found"", ""2afiO: chain_not_found"", ""2afiP: chain_not_found"", ""1m1yE: pocket_occupied"", ""1m1yF: chain_not_found"", ""1m1yG: chain_not_found"", ""1m1yH: chain_not_found"", ""1m1yM: chain_not_found"", ""1m1yN: chain_not_found"", ""1m1yO: chain_not_found"", ""1m1yP: chain_not_found"", ""1xcpA: pocket_occupied"", ""1xcpB: chain_not_found"", ""1xcpC: chain_not_found"", ""1xcpD: chain_not_found"", ""9cu0E: pocket_occupied"", ""9cu0F: chain_not_found""]"
2ag5,A,NAD,,,,,,,,no_candidate_passed_prefilter,0,[]
2ag5,A,SO4,,,,,,,,no_candidate_passed_prefilter,0,[]
2ahv,A,COA,2ahu,A,A,1.9,0.5105588058226102,/home/iscb/wolfson/hagairavid/LocAlign/datasets/apo_structures/COA/apo034597ae6f.pdb,apo034597ae6f,found,1,[]
2aig,P,CA,1iag,A,A,2.0,0.30261104692076557,/home/iscb/wolfson/hagairavid/LocAlign/datasets/apo_structures/CA/apoe45816cc65.pdb,apoe45816cc65,found,1,[]
2aig,P,ZN,1iag,A,A,2.0,0.30261104692076557,/home/iscb/wolfson/hagairavid/LocAlign/datasets/apo_structures/ZN/apoe45816cc65.pdb,apoe45816cc65,found,1,[]
2aiu,A,HEM,,,,,,,,holo_init_failed,0,"[""list index out of range""]"
2ak3,A,AMP,,,,,,,,no_candidate_passed_prefilter,0,[]
2ak3,A,SO4,,,,,,,,no_candidate_passed_prefilter,0,[]
2akj,A,SF4,,,,,,,,no_candidate_passed_prefilter,0,[]
2amu,A,FE,3qzb,A,A,1.1,0.4531155054477194,/home/iscb/wolfson/hagairavid/LocAlign/datasets/apo_structures/FE/apo0d054537d5.pdb,apo0d054537d5,found,1,[]
2aqh,A,NAI,4trm,A,A,1.8,0.5648009443386814,/home/iscb/wolfson/hagairavid/LocAlign/datasets/apo_structures/NAI/apo627036d509.pdb,apo627036d509,found,96,"[""4troA: pocket_occupied"", ""28iqA: pocket_occupied"", ""28iqB: chain_not_found"", ""28iqC: chain_not_found"", ""28iqD: chain_not_found"", ""28itA: pocket_occupied"", ""5g0tA: pocket_occupied"", ""5g0tB: chain_not_found"", ""5g0tC: chain_not_found"", ""5g0tD: chain_not_found"", ""28ipA: pocket_occupied"", ""28ipB: chain_not_found"", ""28ipC: chain_not_found"", ""28ipD: chain_not_found"", ""4ohuA: pocket_occupied"", ""4ohuB: chain_not_found"", ""4ohuC: chain_not_found"", ""4ohuD: chain_not_found"", ""8otmA: pocket_occupied"", ""8otmB: chain_not_found"", ""8otmC: chain_not_found"", ""8otmD: chain_not_found"", ""4tzkA: pocket_occupied"", ""4u0jA: pocket_occupied"", ""4d0sA: pocket_occupied"", ""4d0sB: chain_not_found"", ""4d0sC: chain_not_found"", ""4d0sD: chain_not_found"", ""9rjkA: pocket_occupied"", ""9rjkB: chain_not_found"", ""9rjkC: chain_not_found"", ""9rjkD: chain_not_found"", ""28irA: pocket_occupied"", ""28irB: chain_not_found"", ""28irC: chain_not_found"", ""28irD: chain_not_found"", ""9rjlA: pocket_occupied"", ""9rjlB: chain_not_found"", ""9rjlC: chain_not_found"", ""9rjlD: chain_not_found"", ""9rjlE: chain_not_found"", ""9rjlF: chain_not_found"", ""5oipA: pocket_occupied"", ""9rjgA: pocket_occupied"", ""9rjgB: chain_not_found"", ""9rjgC: chain_not_found"", ""9rjgD: chain_not_found"", ""9rjgE: chain_not_found"", ""9rjgF: chain_not_found"", ""9rjhA: pocket_occupied"", ""9rjhB: chain_not_found"", ""9rjhC: chain_not_found"", ""9rjhD: chain_not_found"", ""9rjhE: chain_not_found"", ""9rjhF: chain_not_found"", ""28ioA: pocket_occupied"", ""28ioB: chain_not_found"", ""28ioC: chain_not_found"", ""28ioD: chain_not_found"", ""6sqdA: pocket_occupied"", ""4uviA: pocket_occupied"", ""4uviB: chain_not_found"", ""4uviC: chain_not_found"", ""4uviD: chain_not_found"", ""5g0uA: pocket_occupied"", ""5g0uB: chain_not_found"", ""5g0uC: chain_not_found"", ""5g0uD: chain_not_found"", ""5g0sA: pocket_occupied"", ""5g0sB: chain_not_found"", ""5g0sC: chain_not_found"", ""5g0sD: chain_not_found"", ""6r9wA: pocket_occupied"", ""6r9wB: chain_not_found"", ""6r9wC: chain_not_found"", ""6r9wD: chain_not_found"", ""6r9wE: chain_not_found"", ""6r9wF: chain_not_found"", ""6sq9A: pocket_occupied"", ""6sq7A: pocket_occupied"", ""9rjiA: pocket_occupied"", ""9rjiB: chain_not_found"", ""9rjiC: chain_not_found"", ""9rjiD: chain_not_found"", ""9rjiE: chain_not_found"", ""9rjiF: chain_not_found"", ""6sqbA: pocket_occupied"", ""5g0vA: pocket_occupied"", ""5g0vB: chain_not_found"", ""5g0vC: chain_not_found"", ""5g0vD: chain_not_found"", ""5g0wA: pocket_occupied"", ""5g0wB: chain_not_found"", ""5g0wC: chain_not_found"", ""5g0wD: chain_not_found""]"
2arh,A,CA,4zsx,A,A,2.19,0.7463016405585409,/home/iscb/wolfson/hagairavid/LocAlign/datasets/apo_structures/CA/apo7a08484515.pdb,apo7a08484515,found,1,[]
2art,A,LPA,2ars,A,A,2.04,0.4738477896403056,/home/iscb/wolfson/hagairavid/LocAlign/datasets/apo_structures/LPA/apo04257e6d76.pdb,apo04257e6d76,found,5,"[""2c8mA: pocket_occupied"", ""2c8mB: chain_not_found"", ""2c8mC: chain_not_found"", ""2c8mD: chain_not_found""]"
2atj,A,BHO,,,,,,,,all_candidates_pocket_occupied,39,"[""1gwuA: pocket_occupied"", ""7atjA: pocket_occupied"", ""1w4wA: pocket_occupied"", ""1hchA: pocket_occupied"", ""1w4yA: pocket_occupied"", ""1h57A: pocket_occupied"", ""1h5aA: pocket_occupied"", ""1h5dA: pocket_occupied"", ""1h5eA: pocket_occupied"", ""1h5fA: pocket_occupied"", ""1h5gA: pocket_occupied"", ""1h5hA: pocket_occupied"", ""1h5iA: pocket_occupied"", ""1h5jA: pocket_occupied"", ""1h5kA: pocket_occupied"", ""1h5lA: pocket_occupied"", ""1h5mA: pocket_occupied"", ""1h55A: pocket_occupied"", ""1h5cA: pocket_occupied"", ""9h1mA: pocket_occupied"", ""2yljA: pocket_occupied"", ""1gwtA: pocket_occupied"", ""1h58A: pocket_occupied"", ""1kzmA: pocket_occupied"", ""6atjA: pocket_occupied"", ""1gwoA: pocket_occupied"", ""1gw2A: pocket_occupied"", ""1atjA: pocket_occupied"", ""1atjB: chain_not_found"", ""1atjC: chain_not_found"", ""1atjD: chain_not_found"", ""1atjE: chain_not_found"", ""1atjF: chain_not_found"", ""1gx2A: pocket_occupied"", ""1gx2B: chain_not_found"", ""3atjA: pocket_occupied"", ""3atjB: chain_not_found"", ""4atjA: pocket_occupied"", ""4atjB: chain_not_found""]"
2atj,A,HEM,,,,,,,,all_candidates_pocket_occupied,39,"[""1gwuA: pocket_occupied"", ""7atjA: pocket_occupied"", ""1w4wA: pocket_occupied"", ""1hchA: pocket_occupied"", ""1w4yA: pocket_occupied"", ""1h57A: pocket_occupied"", ""1h5aA: pocket_occupied"", ""1h5dA: pocket_occupied"", ""1h5eA: pocket_occupied"", ""1h5fA: pocket_occupied"", ""1h5gA: pocket_occupied"", ""1h5hA: pocket_occupied"", ""1h5iA: pocket_occupied"", ""1h5jA: pocket_occupied"", ""1h5kA: pocket_occupied"", ""1h5lA: pocket_occupied"", ""1h5mA: pocket_occupied"", ""1h55A: pocket_occupied"", ""1h5cA: pocket_occupied"", ""9h1mA: pocket_occupied"", ""2yljA: pocket_occupied"", ""1gwtA: pocket_occupied"", ""1h58A: pocket_occupied"", ""1kzmA: pocket_occupied"", ""6atjA: pocket_occupied"", ""1gwoA: pocket_occupied"", ""1gw2A: pocket_occupied"", ""1atjA: pocket_occupied"", ""1atjB: chain_not_found"", ""1atjC: chain_not_found"", ""1atjD: chain_not_found"", ""1atjE: chain_not_found"", ""1atjF: chain_not_found"", ""1gx2A: pocket_occupied"", ""1gx2B: chain_not_found"", ""3atjA: pocket_occupied"", ""3atjB: chain_not_found"", ""4atjA: pocket_occupied"", ""4atjB: chain_not_found""]"
2atv,A,GDP,,,,,,,,no_candidate_passed_prefilter,0,[]
2atz,A,DGT,,,,,,,,no_candidate_passed_prefilter,0,[]
2au6,A,F,1i40,A,A,1.1,0.8122385825358185,/home/iscb/wolfson/hagairavid/LocAlign/datasets/apo_structures/F/apo3cc39dc907.pdb,apo3cc39dc907,found,2,"[""2au7A: pocket_occupied""]"
2avd,A,SAM,,,,,,,,no_candidate_passed_prefilter,0,[]
2awn,A,ADP,1q1b,A,A,2.8,1.5844068169670542,/home/iscb/wolfson/hagairavid/LocAlign/datasets/apo_structures/ADP/apo079bdcf57e.pdb,apo079bdcf57e,found,15,"[""3rlfA: pocket_occupied"", ""3rlfB: chain_not_found"", ""3puwA: pocket_occupied"", ""3puwB: chain_not_found"", ""3puxA: pocket_occupied"", ""3puxB: chain_not_found"", ""4ki0A: pocket_occupied"", ""4ki0B: chain_not_found"", ""3puvA: pocket_occupied"", ""3puvB: chain_not_found"", ""1q12A: pocket_occupied"", ""1q12B: chain_not_found"", ""1q12C: chain_not_found"", ""1q12D: chain_not_found""]"
2awn,B,ADP,1q1b,A,A,2.8,1.2491466121416062,/home/iscb/wolfson/hagairavid/LocAlign/datasets/apo_structures/ADP/apo59a84e4b85.pdb,apo59a84e4b85,found,15,"[""3rlfA: pocket_occupied"", ""3rlfB: chain_not_found"", ""3puwA: pocket_occupied"", ""3puwB: chain_not_found"", ""3puxA: pocket_occupied"", ""3puxB: chain_not_found"", ""4ki0A: pocket_occupied"", ""4ki0B: chain_not_found"", ""3puvA: pocket_occupied"", ""3puvB: chain_not_found"", ""1q12A: pocket_occupied"", ""1q12B: chain_not_found"", ""1q12C: chain_not_found"", ""1q12D: chain_not_found""]"
2awn,C,ADP,1q1b,A,A,2.8,1.8960819773405735,/home/iscb/wolfson/hagairavid/LocAlign/datasets/apo_structures/ADP/apo87cf43f9a7.pdb,apo87cf43f9a7,found,15,"[""3rlfA: pocket_occupied"", ""3rlfB: chain_not_found"", ""3puwA: pocket_occupied"", ""3puwB: chain_not_found"", ""3puxA: pocket_occupied"", ""3puxB: chain_not_found"", ""4ki0A: pocket_occupied"", ""4ki0B: chain_not_found"", ""3puvA: pocket_occupied"", ""3puvB: chain_not_found"", ""1q12A: pocket_occupied"", ""1q12B: chain_not_found"", ""1q12C: chain_not_found"", ""1q12D: chain_not_found""]"
2awn,D,ADP,1q1b,A,A,2.8,1.217652195117086,/home/iscb/wolfson/hagairavid/LocAlign/datasets/apo_structures/ADP/apobbc2cab405.pdb,apobbc2cab405,found,15,"[""3rlfA: pocket_occupied"", ""3rlfB: chain_not_found"", ""3puwA: pocket_occupied"", ""3puwB: chain_not_found"", ""3puxA: pocket_occupied"", ""3puxB: chain_not_found"", ""4ki0A: pocket_occupied"", ""4ki0B: chain_not_found"", ""3puvA: pocket_occupied"", ""3puvB: chain_not_found"", ""1q12A: pocket_occupied"", ""1q12B: chain_not_found"", ""1q12C: chain_not_found"", ""1q12D: chain_not_found""]"
2axn,A,F6P,,,,,,,,all_candidates_pocket_occupied,25,"[""6hviA: pocket_occupied"", ""5ak0A: pocket_occupied"", ""6ibxA: pocket_occupied"", ""4ma4A: pocket_occupied"", ""2dwoA: pocket_occupied"", ""3qpwA: pocket_occupied"", ""6hvjA: pocket_occupied"", ""3qpuA: pocket_occupied"", ""4d4mA: pocket_occupied"", ""5ajzA: pocket_occupied"", ""6hvhA: pocket_occupied"", ""5ajyA: pocket_occupied"", ""6ibzA: pocket_occupied"", ""2i1vB: pocket_occupied"", ""3qpvA: pocket_occupied"", ""5ajwA: pocket_occupied"", ""6etjA: pocket_occupied"", ""6ibyA: pocket_occupied"", ""5ajxA: pocket_occupied"", ""6ic0A: pocket_occupied"", ""2dwpA: pocket_occupied"", ""4d4jA: pocket_occupied"", ""5ajvB: pocket_occupied"", ""4d4lA: pocket_occupied"", ""4d4kA: pocket_occupied""]"
2az1,A,CA,2az3,A,A,2.2,0.6403347958543255,/home/iscb/wolfson/hagairavid/LocAlign/datasets/apo_structures/CA/apo8b56f2a133.pdb,apo8b56f2a133,found,1,[]
2b0z,B,HEC,,,,,,,,all_candidates_pocket_occupied,129,"[""4n0kA: pocket_occupied"", ""4n0kB: chain_not_found"", ""6gd6A: pocket_occupied"", ""1yccA: pocket_occupied"", ""5lftA: pocket_occupied"", ""7pr4A: pocket_occupied"", ""4ye1A: pocket_occupied"", ""4ye1B: chain_not_found"", ""3tyiA: pocket_occupied"", ""3tyiB: chain_not_found"", ""4mu8A: pocket_occupied"", ""4mu8B: chain_not_found"", ""5ncvA: pocket_occupied"", ""5ncvB: chain_not_found"", ""6gd7A: pocket_occupied"", ""5t8wA: pocket_occupied"", ""5t8wB: chain_not_found"", ""5kpfA: pocket_occupied"", ""5kpfB: chain_not_found"", ""2bcnB: pocket_occupied"", ""5kkeA: pocket_occupied"", ""7pr2A: pocket_occupied"", ""7pr2B: chain_not_found"", ""6suyA: pocket_occupied"", ""6suyB: chain_not_found"", ""1cieA: pocket_occupied"", ""1cigA: pocket_occupied"", ""1cihA: pocket_occupied"", ""5lycA: pocket_occupied"", ""5lycB: chain_not_found"", ""1csuA: pocket_occupied"", ""4q5pA: pocket_occupied"", ""4q5pB: chain_not_found"", ""4q5pC: chain_not_found"", ""1s6vB: pocket_occupied"", ""1s6vD: chain_not_found"", ""1chjA: pocket_occupied"", ""1cifA: pocket_occupied"", ""1crhA: pocket_occupied"", ""1csvA: pocket_occupied"", ""1cswA: pocket_occupied"", ""1csxA: pocket_occupied"", ""1ctzA: pocket_occupied"", ""1irvA: pocket_occupied"", ""1raqA: pocket_occupied"", ""2yccA: pocket_occupied"", ""3cx5W: pocket_occupied"", ""6p43B: pocket_occupied"", ""1chhA: pocket_occupied"", ""6rslA: pocket_occupied"", ""6rslB: chain_not_found"", ""5kluA: pocket_occupied"", ""5kluB: chain_not_found"", ""1chiA: pocket_occupied"", ""1crgA: pocket_occupied"", ""1criA: pocket_occupied"", ""1irwA: pocket_occupied"", ""5t7hA: pocket_occupied"", ""5t7hB: chain_not_found"", ""5t7hC: chain_not_found"", ""5t7hD: chain_not_found"", ""4p4qB: pocket_occupied"", ""4p4qD: chain_not_found"", ""5cifB: pocket_occupied"", ""5cifD: chain_not_found"", ""1crjA: pocket_occupied"", ""5cigB: pocket_occupied"", ""5cigD: chain_not_found"", ""6s8yA: pocket_occupied"", ""5cicB: pocket_occupied"", ""5cicD: chain_not_found"", ""4qaoA: pocket_occupied"", ""4qaoB: chain_not_found"", ""4qaoC: chain_not_found"", ""6egzA: pocket_occupied"", ""6egzB: chain_not_found"", ""1ctyA: pocket_occupied"", ""1rapA: pocket_occupied"", ""6rsjA: pocket_occupied"", ""2b11B: pocket_occupied"", ""2b11D: chain_not_found"", ""2pccB: pocket_occupied"", ""2pccD: chain_not_found"", ""6rskA: pocket_occupied"", ""6rskB: chain_not_found"", ""7pr3A: pocket_occupied"", ""7pr3B: chain_not_found"", ""7pr3C: chain_not_found"", ""7pr3D: chain_not_found"", ""1u74B: pocket_occupied"", ""1u74D: chain_not_found"", ""7mriA: pocket_occupied"", ""7mriC: chain_not_found"", ""7mriE: chain_not_found"", ""6rsiA: pocket_occupied"", ""6gd8A: pocket_occupied"", ""6gd8B: chain_not_found"", ""6gd8C: chain_not_found"", ""6gd8D: chain_not_found"", ""5cieB: pocket_occupied"", ""5cieD: chain_not_found"", ""5cihB: pocket_occupied"", ""5cihD: chain_not_found"", ""6rgiA: pocket_occupied"", ""6gd9A: pocket_occupied"", ""6egyA: pocket_occupied"", ""6egyB: chain_not_found"", ""6y0jA: pocket_occupied"", ""6y0jB: chain_not_found"", ""6y0jC: chain_not_found"", ""6y0jD: chain_not_found"", ""5cidB: pocket_occupied"", ""5cidD: chain_not_found"", ""2b10B: pocket_occupied"", ""2b10D: chain_not_found"", ""6gdaA: pocket_occupied"", ""6p41B: pocket_occupied"", ""6p41D: chain_not_found"", ""6p42B: pocket_occupied"", ""6p42D: chain_not_found"", ""1kyoW: pocket_occupied"", ""5cibB: pocket_occupied"", ""5cibD: chain_not_found"", ""2b12B: pocket_occupied"", ""7bbtA: pocket_occupied"", ""7bbtB: chain_not_found"", ""7bbtC: chain_not_found"", ""7bbtD: chain_not_found"", ""9q39A: pocket_occupied""]"
2b1x,A,FE,2b24,A,A,3.0,0.3034638281156369,/home/iscb/wolfson/hagairavid/LocAlign/datasets/apo_structures/FE/apoe20cde3507.pdb,apoe20cde3507,found,1,[]
2b1x,A,FES,,,,,,,,all_candidates_pocket_occupied,3,"[""2b24A: pocket_occupied"", ""2b24C: chain_not_found"", ""2b24E: chain_not_found""]"
2b25,A,SAM,,,,,,,,no_candidate_passed_prefilter,0,[]
2b30,A,CA,,,,,,,,no_candidate_passed_prefilter,0,[]
2b33,B,CA,,,,,,,,no_candidate_passed_prefilter,0,[]
2b3d,A,FAD,,,,,,,,no_candidate_passed_prefilter,0,[]
2b3x,A,SF4,,,,,,,,all_candidates_pocket_occupied,2,"[""2b3yA: pocket_occupied"", ""2b3yB: chain_not_found""]"
2b4q,A,NAP,,,,,,,,no_candidate_passed_prefilter,0,[]
2b6n,A,CA,,,,,,,,no_candidate_passed_prefilter,0,[]
2b76,B,F3S,,,,,,,,all_candidates_pocket_occupied,22,"[""1kf6B: pocket_occupied"", ""1kf6N: chain_not_found"", ""3p4pB: pocket_occupied"", ""3p4pN: chain_not_found"", ""4kx6B: pocket_occupied"", ""4kx6N: chain_not_found"", ""3p4rB: pocket_occupied"", ""3p4rN: chain_not_found"", ""3p4sB: pocket_occupied"", ""3p4sN: chain_not_found"", ""1l0vB: pocket_occupied"", ""1l0vN: chain_not_found"", ""3p4qB: pocket_occupied"", ""3p4qN: chain_not_found"", ""6awfB: pocket_occupied"", ""6awfF: chain_not_found"", ""1kfyB: pocket_occupied"", ""1kfyN: chain_not_found"", ""3cirB: pocket_occupied"", ""3cirN: chain_not_found"", ""5vpnB: pocket_occupied"", ""5vpnF: chain_not_found""]"
2b76,B,FES,,,,,,,,all_candidates_pocket_occupied,22,"[""1kf6B: pocket_occupied"", ""1kf6N: chain_not_found"", ""3p4pB: pocket_occupied"", ""3p4pN: chain_not_found"", ""4kx6B: pocket_occupied"", ""4kx6N: chain_not_found"", ""3p4rB: pocket_occupied"", ""3p4rN: chain_not_found"", ""3p4sB: pocket_occupied"", ""3p4sN: chain_not_found"", ""1l0vB: pocket_occupied"", ""1l0vN: chain_not_found"", ""3p4qB: pocket_occupied"", ""3p4qN: chain_not_found"", ""6awfB: pocket_occupied"", ""6awfF: chain_not_found"", ""1kfyB: pocket_occupied"", ""1kfyN: chain_not_found"", ""3cirB: pocket_occupied"", ""3cirN: chain_not_found"", ""5vpnB: pocket_occupied"", ""5vpnF: chain_not_found""]"
2b76,B,SF4,,,,,,,,all_candidates_pocket_occupied,22,"[""1kf6B: pocket_occupied"", ""1kf6N: chain_not_found"", ""3p4pB: pocket_occupied"", ""3p4pN: chain_not_found"", ""4kx6B: pocket_occupied"", ""4kx6N: chain_not_found"", ""3p4rB: pocket_occupied"", ""3p4rN: chain_not_found"", ""3p4sB: pocket_occupied"", ""3p4sN: chain_not_found"", ""1l0vB: pocket_occupied"", ""1l0vN: chain_not_found"", ""3p4qB: pocket_occupied"", ""3p4qN: chain_not_found"", ""6awfB: pocket_occupied"", ""6awfF: chain_not_found"", ""1kfyB: pocket_occupied"", ""1kfyN: chain_not_found"", ""3cirB: pocket_occupied"", ""3cirN: chain_not_found"", ""5vpnB: pocket_occupied"", ""5vpnF: chain_not_found""]"
2b7h,A,HEM,,,,,,,,all_candidates_pocket_occupied,2,"[""1fhjA: pocket_occupied"", ""1fhjC: chain_not_found""]"
2b9e,A,SAM,,,,,,,,no_candidate_passed_prefilter,0,[]
2b9l,A,CA,,,,,,,,no_candidate_passed_prefilter,0,[]
2bat,A,SIA,1ivg,A,A,1.9,0.396009146027727,/home/iscb/wolfson/hagairavid/LocAlign/datasets/apo_structures/SIA/apodab3a045c8.pdb,apodab3a045c8,found,3,"[""1ivdA: pocket_occupied"", ""1ivdB: chain_not_found""]"
2bdz,A,E64,,,,,,,,no_candidate_passed_prefilter,0,[]
2bh2,A,SF4,,,,,,,,all_candidates_pocket_occupied,1,"[""1uwvA: pocket_occupied""]"
2bht,A,PLP,,,,,,,,all_candidates_pocket_occupied,5,"[""2v03A: pocket_occupied"", ""2bhsA: pocket_occupied"", ""2bhsB: chain_not_found"", ""2bhsC: chain_not_found"", ""2bhsD: chain_not_found""]"
2bib,A,PC,,,,,,,,no_candidate_passed_prefilter,0,[]
2bk9,A,HEM,,,,,,,,all_candidates_pocket_occupied,1,"[""2g3hA: pocket_occupied""]"
2bkm,A,ACT,,,,,,,,no_candidate_passed_prefilter,0,[]
2bkm,A,HEM,,,,,,,,no_candidate_passed_prefilter,0,[]
2bl0,B,CA,,,,,,,,no_candidate_passed_prefilter,0,[]
2bl0,C,CA,,,,,,,,no_candidate_passed_prefilter,0,[]
2blf,B,HEC,,,,,,,,all_candidates_pocket_occupied,4,"[""2c9xB: pocket_occupied"", ""2bpbB: pocket_occupied"", ""2ca3B: pocket_occupied"", ""2ca4B: pocket_occupied""]"
2bne,B,U5P,,,,,,,,all_candidates_pocket_occupied,10,"[""2bnfA: pocket_occupied"", ""2bnfB: chain_not_found"", ""2bndA: pocket_occupied"", ""2bndB: chain_not_found"", ""2v4yA: pocket_occupied"", ""2v4yB: chain_not_found"", ""2v4yC: chain_not_found"", ""2v4yD: chain_not_found"", ""2v4yE: chain_not_found"", ""2v4yF: chain_not_found""]"
2bov,A,GDP,,,,,,,,all_candidates_pocket_occupied,17,"[""6p0iB: pocket_occupied"", ""6p0lB: pocket_occupied"", ""6p0jB: pocket_occupied"", ""8fjiB: pocket_occupied"", ""6p0kB: pocket_occupied"", ""6p0mB: pocket_occupied"", ""6p0oB: pocket_occupied"", ""8fjhB: pocket_occupied"", ""6p0nB: pocket_occupied"", ""2a9kA: pocket_occupied"", ""2a78A: pocket_occupied"", ""1zc3A: pocket_occupied"", ""1zc3C: chain_not_found"", ""1uadA: pocket_occupied"", ""1uadB: chain_not_found"", ""1zc4A: pocket_occupied"", ""1zc4C: chain_not_found""]"
2bow,A,MN,1r8e,A,A,2.4,1.1776629873303979,/home/iscb/wolfson/hagairavid/LocAlign/datasets/apo_structures/MN/apo11a8643c4e.pdb,apo11a8643c4e,found,1,[]
2boy,A,BHO,,,,,,,,no_candidate_passed_prefilter,0,[]
2boy,A,FE,,,,,,,,no_candidate_passed_prefilter,0,[]
2bs2,B,SF4,,,,,,,,all_candidates_pocket_occupied,10,"[""2bs3B: pocket_occupied"", ""2bs3E: chain_not_found"", ""1qlbB: pocket_occupied"", ""1qlbE: chain_not_found"", ""2bs4B: pocket_occupied"", ""2bs4E: chain_not_found"", ""1e7pB: pocket_occupied"", ""1e7pE: chain_not_found"", ""1e7pH: chain_not_found"", ""1e7pK: chain_not_found""]"
2bte,A,NVA,2byt,A,A,3.3,0.6880405503309951,/home/iscb/wolfson/hagairavid/LocAlign/datasets/apo_structures/NVA/apo9374f3f29e.pdb,apo9374f3f29e,found,3,"[""2v0cA: pocket_occupied"", ""1h3nA: pocket_occupied""]"
2bue,A,COA,,,,,,,,all_candidates_pocket_occupied,2,"[""2vqyA: pocket_occupied"", ""1v0cA: pocket_occupied""]"
2bun,A,FAD,,,,,,,,all_candidates_pocket_occupied,7,"[""1yrxA: pocket_occupied"", ""1yrxB: chain_not_found"", ""1yrxC: chain_not_found"", ""4hh0A: pocket_occupied"", ""4hh0B: chain_not_found"", ""4hh1A: pocket_occupied"", ""4hh1B: chain_not_found""]"
2byc,A,FMN,,,,,,,,no_candidate_passed_prefilter,0,[]
2c0k,A,HEM,,,,,,,,no_candidate_passed_prefilter,0,[]
2c1d,B,HEC,,,,,,,,no_candidate_passed_prefilter,0,[]
2c20,A,NAD,,,,,,,,no_candidate_passed_prefilter,0,[]
2c3c,A,COM,1mok,A,A,2.8,1.0731807787650682,/home/iscb/wolfson/hagairavid/LocAlign/datasets/apo_structures/COM/apo89e8cc2b73.pdb,apo89e8cc2b73,found,11,"[""1mo9A: pocket_occupied"", ""1mo9B: chain_not_found"", ""7mgnA: pocket_occupied"", ""7mgnB: chain_not_found"", ""7mgoA: pocket_occupied"", ""7mgoB: chain_not_found"", ""3q6jA: pocket_occupied"", ""3q6jB: chain_not_found"", ""2c3dA: pocket_occupied"", ""2c3dB: chain_not_found""]"
2c5u,A,CA,,,,,,,,all_candidates_pocket_occupied,2,"[""5tt6A: pocket_occupied"", ""9do4B: pocket_occupied""]"
2c8s,A,HEM,,,,,,,,no_candidate_passed_prefilter,0,[]
2cc8,A,RBF,2cc9,A,A,1.55,0.15388990854747844,/home/iscb/wolfson/hagairavid/LocAlign/datasets/apo_structures/RBF/apo5d61b7f6bc.pdb,apo5d61b7f6bc,found,2,"[""2cc6A: pocket_occupied""]"
2ccw,A,CU1,1dyz,A,A,1.75,0.7754285258671907,/home/iscb/wolfson/hagairavid/LocAlign/datasets/apo_structures/CU1/apo3454353519.pdb,apo3454353519,found,1,[]
2cdq,A,SAM,,,,,,,,no_candidate_passed_prefilter,0,[]
2ch6,A,GLC,,,,,,,,all_candidates_pocket_occupied,4,"[""2ch5A: pocket_occupied"", ""2ch5B: chain_not_found"", ""2ch5C: chain_not_found"", ""2ch5D: chain_not_found""]"
2cir,A,BG6,,,,,,,,all_candidates_pocket_occupied,2,"[""2cisA: pocket_occupied"", ""2ciqA: pocket_occupied""]"
2civ,A,HEM,,,,,,,,all_candidates_pocket_occupied,13,"[""2ciwA: pocket_occupied"", ""2cizA: pocket_occupied"", ""2cj2A: pocket_occupied"", ""7rstA: pocket_occupied"", ""2ciyA: pocket_occupied"", ""2cj1A: pocket_occupied"", ""2cj0A: pocket_occupied"", ""2j18A: pocket_occupied"", ""2j19A: pocket_occupied"", ""2j5mA: pocket_occupied"", ""2cixA: pocket_occupied"", ""1cpoA: pocket_occupied"", ""2cpoA: pocket_occupied""]"
2cjw,A,GDP,,,,,,,,all_candidates_pocket_occupied,3,"[""2g3yA: pocket_occupied"", ""2ht6A: pocket_occupied"", ""2ht6B: chain_not_found""]"
2cl4,X,HEM,,,,,,,,all_candidates_pocket_occupied,39,"[""2vcnA: pocket_occupied"", ""2ghcX: pocket_occupied"", ""2vnzX: pocket_occupied"", ""2ggnX: pocket_occupied"", ""1oafA: pocket_occupied"", ""2ghdX: pocket_occupied"", ""2wd4A: pocket_occupied"", ""7s10A: pocket_occupied"", ""1v0hX: pocket_occupied"", ""3zcgA: pocket_occupied"", ""2vnxX: pocket_occupied"", ""7bi1A: pocket_occupied"", ""9thsA: pocket_occupied"", ""2xi6A: pocket_occupied"", ""2xifA: pocket_occupied"", ""2xihA: pocket_occupied"", ""2vcsA: pocket_occupied"", ""2xj6A: pocket_occupied"", ""1oagA: pocket_occupied"", ""2gheX: pocket_occupied"", ""9koeA: pocket_occupied"", ""9koeB: chain_not_found"", ""2vcfX: pocket_occupied"", ""5jprA: pocket_occupied"", ""5jprA: chain_not_found"", ""5jqrA: pocket_occupied"", ""2vo2X: pocket_occupied"", ""2y6bA: pocket_occupied"", ""6taeA: pocket_occupied"", ""6taeA: chain_not_found"", ""6xv4A: pocket_occupied"", ""6xv4A: chain_not_found"", ""5l86A: pocket_occupied"", ""5l86B: chain_not_found"", ""2ghkX: pocket_occupied"", ""2y6aA: pocket_occupied"", ""3zchA: pocket_occupied"", ""3zcyA: pocket_occupied"", ""2ghhX: pocket_occupied""]"
2cn3,A,CA,2cn2,A,A,2.1,0.3194331271058564,/home/iscb/wolfson/hagairavid/LocAlign/datasets/apo_structures/CA/apo3a080626a0.pdb,apo3a080626a0,found,1,[]
2cxn,A,PO4,,,,,,,,all_candidates_pocket_occupied,22,"[""2cxqA: pocket_occupied"", ""2cxqB: chain_not_found"", ""2cxsA: pocket_occupied"", ""2cxsB: chain_not_found"", ""2cxtA: pocket_occupied"", ""2cxtB: chain_not_found"", ""1u0eA: pocket_occupied"", ""1u0eB: chain_not_found"", ""1u0fA: pocket_occupied"", ""1u0fB: chain_not_found"", ""2cxuA: pocket_occupied"", ""2cxuB: chain_not_found"", ""1u0gA: pocket_occupied"", ""1u0gB: chain_not_found"", ""2cxpA: pocket_occupied"", ""2cxpB: chain_not_found"", ""2cxrA: pocket_occupied"", ""2cxrB: chain_not_found"", ""2cvpA: pocket_occupied"", ""2cvpB: chain_not_found"", ""2cxoA: pocket_occupied"", ""2cxoB: chain_not_found""]"
2d0v,A,PQQ,,,,,,,,no_candidate_passed_prefilter,0,[]
2d0w,A,HEM,,,,,,,,holo_init_failed,0,"[""list index out of range""]"
2d1f,A,PLP,,,,,,,,no_candidate_passed_prefilter,0,[]
2d1g,A,VO4,,,,,,,,no_candidate_passed_prefilter,0,[]
2d2f,A,ADP,2d2e,A,A,1.7,0.3442565502498252,/home/iscb/wolfson/hagairavid/LocAlign/datasets/apo_structures/ADP/apob776397807.pdb,apob776397807,found,1,[]
2d2m,D,HEM,,,,,,,,all_candidates_pocket_occupied,4,"[""2zs0D: pocket_occupied"", ""2zs1D: pocket_occupied"", ""2zfoD: pocket_occupied"", ""2d2nD: pocket_occupied""]"
2d3a,A,P3S,,,,,,,,all_candidates_pocket_occupied,20,"[""2d3bA: pocket_occupied"", ""2d3bB: chain_not_found"", ""2d3bC: chain_not_found"", ""2d3bD: chain_not_found"", ""2d3bE: chain_not_found"", ""2d3bF: chain_not_found"", ""2d3bG: chain_not_found"", ""2d3bH: chain_not_found"", ""2d3bI: chain_not_found"", ""2d3bJ: chain_not_found"", ""2d3cA: pocket_occupied"", ""2d3cB: chain_not_found"", ""2d3cC: chain_not_found"", ""2d3cD: chain_not_found"", ""2d3cE: chain_not_found"", ""2d3cF: chain_not_found"", ""2d3cG: chain_not_found"", ""2d3cH: chain_not_found"", ""2d3cI: chain_not_found"", ""2d3cJ: chain_not_found""]"
2d3y,A,SF4,,,,,,,,all_candidates_pocket_occupied,3,"[""2dp6A: pocket_occupied"", ""2demA: pocket_occupied"", ""2ddgA: pocket_occupied""]"
2d7i,A,MN,,,,,,,,all_candidates_pocket_occupied,1,"[""2d7rA: pocket_occupied""]"
2d7i,A,UDP,,,,,,,,all_candidates_pocket_occupied,1,"[""2d7rA: pocket_occupied""]"
2db3,A,ANP,,,,,,,,no_candidate_passed_prefilter,0,[]
2dc3,A,HEM,,,,,,,,all_candidates_pocket_occupied,14,"[""1urvA: pocket_occupied"", ""1urvB: chain_not_found"", ""1ut0A: pocket_occupied"", ""1ut0B: chain_not_found"", ""1uryA: pocket_occupied"", ""1uryB: chain_not_found"", ""1ux9A: pocket_occupied"", ""1ux9B: chain_not_found"", ""1v5hA: pocket_occupied"", ""1umoA: pocket_occupied"", ""1umoB: chain_not_found"", ""3ag0A: pocket_occupied"", ""4b3wA: pocket_occupied"", ""4b3wB: chain_not_found""]"
2dcl,A,AMP,,,,,,,,no_candidate_passed_prefilter,0,[]
2ddu,A,CA,,,,,,,,no_candidate_passed_prefilter,0,[]
2de6,B,FE2,7bug,A,A,1.6,0.3802952111565648,/home/iscb/wolfson/hagairavid/LocAlign/datasets/apo_structures/FE2/apoea8e7659af.pdb,apoea8e7659af,found,1,[]
2de6,B,FES,,,,,,,,all_candidates_pocket_occupied,69,"[""7bugA: pocket_occupied"", ""7bugB: chain_not_found"", ""7bugC: chain_not_found"", ""3vmhA: pocket_occupied"", ""3vmhB: chain_not_found"", ""3vmhC: chain_not_found"", ""4nbgA: pocket_occupied"", ""4nbgB: chain_not_found"", ""4nbgC: chain_not_found"", ""2de5A: pocket_occupied"", ""2de5B: chain_not_found"", ""2de5C: chain_not_found"", ""6llmA: pocket_occupied"", ""6llfA: pocket_occupied"", ""6llfB: chain_not_found"", ""6llfC: chain_not_found"", ""4nbcA: pocket_occupied"", ""4nbcB: chain_not_found"", ""4nbcC: chain_not_found"", ""1ww9A: pocket_occupied"", ""3vmgA: pocket_occupied"", ""3vmgB: chain_not_found"", ""3vmgC: chain_not_found"", ""4nbdA: pocket_occupied"", ""4nbdB: chain_not_found"", ""4nbdC: chain_not_found"", ""6llhA: pocket_occupied"", ""6llhB: chain_not_found"", ""6llhC: chain_not_found"", ""2de7A: pocket_occupied"", ""2de7B: chain_not_found"", ""2de7C: chain_not_found"", ""3vmiA: pocket_occupied"", ""3vmiB: chain_not_found"", ""3vmiC: chain_not_found"", ""4nbfA: pocket_occupied"", ""4nbfB: chain_not_found"", ""4nbfC: chain_not_found"", ""4nb8A: pocket_occupied"", ""4nb8B: chain_not_found"", ""4nb8C: chain_not_found"", ""4nb9A: pocket_occupied"", ""4nb9B: chain_not_found"", ""4nb9C: chain_not_found"", ""4nbbA: pocket_occupied"", ""4nbbB: chain_not_found"", ""4nbbC: chain_not_found"", ""4nbaA: pocket_occupied"", ""4nbaB: chain_not_found"", ""4nbaC: chain_not_found"", ""4nbeA: pocket_occupied"", ""4nbeB: chain_not_found"", ""4nbeC: chain_not_found"", ""4nbhA: pocket_occupied"", ""4nbhB: chain_not_found"", ""4nbhC: chain_not_found"", ""6ll1A: pocket_occupied"", ""6ll1B: chain_not_found"", ""6ll1C: chain_not_found"", ""7buiA: pocket_occupied"", ""7buiB: chain_not_found"", ""7buiC: chain_not_found"", ""6ll0A: pocket_occupied"", ""6ll0B: chain_not_found"", ""6ll0C: chain_not_found"", ""6ll4A: pocket_occupied"", ""6ll4B: chain_not_found"", ""6ll4C: chain_not_found"", ""6llkA: pocket_occupied""]"
2dge,A,HEM,,,,,,,,holo_init_failed,0,"[""list index out of range""]"
2dgn,A,GDP,1j4b,A,A,2.5,1.6260950616875745,/home/iscb/wolfson/hagairavid/LocAlign/datasets/apo_structures/GDP/apoeddcee1cd9.pdb,apoeddcee1cd9,found,8,"[""1iweA: pocket_occupied"", ""1iweB: chain_not_found"", ""1lonA: pocket_occupied"", ""1lnyA: pocket_occupied"", ""1lnyB: chain_not_found"", ""1looA: pocket_occupied"", ""1mezA: pocket_occupied""]"
2dki,A,FAD,,,,,,,,all_candidates_pocket_occupied,1,"[""2dkhA: pocket_occupied""]"
2dkn,A,NAI,,,,,,,,no_candidate_passed_prefilter,0,[]
2dld,A,NAI,,,,,,,,no_candidate_passed_prefilter,0,[]
2dm6,B,NAP,1v3u,A,A,2.0,0.6866720895330009,/home/iscb/wolfson/hagairavid/LocAlign/datasets/apo_structures/NAP/apo98e01292e0.pdb,apo98e01292e0,found,1,[]
2dpm,A,SAM,,,,,,,,no_candidate_passed_prefilter,0,[]
2dq7,X,STU,,,,,,,,all_candidates_pocket_occupied,2,"[""10djA: pocket_occupied"", ""10djB: chain_not_found""]"
2dte,A,NAI,2zk7,A,A,2.71,1.1325308556075884,/home/iscb/wolfson/hagairavid/LocAlign/datasets/apo_structures/NAI/apo24715c37d8.pdb,apo24715c37d8,found,5,"[""2dtxA: pocket_occupied"", ""2dtxB: chain_not_found"", ""2dtdA: pocket_occupied"", ""2dtdB: chain_not_found""]"
2dur,A,CA,2duo,A,A,1.8,0.373341752882524,/home/iscb/wolfson/hagairavid/LocAlign/datasets/apo_structures/CA/apoc8c9394abe.pdb,apoc8c9394abe,found,1,[]
2dvl,A,FAD,,,,,,,,no_candidate_passed_prefilter,0,[]
2dvm,A,NAD,1ww8,A,A,2.5,0.40848715384697454,/home/iscb/wolfson/hagairavid/LocAlign/datasets/apo_structures/NAD/apoc79cad30a3.pdb,apoc79cad30a3,found,1,[]
2e3x,B,CA,,,,,,,,no_candidate_passed_prefilter,0,[]
2e4p,A,FES,,,,,,,,all_candidates_pocket_occupied,3,"[""2e4qA: pocket_occupied"", ""2e4qC: chain_not_found"", ""2yvjB: pocket_occupied""]"
2e5y,A,ATP,4xd7,A,H,3.9,2.4167533115226822,/home/iscb/wolfson/hagairavid/LocAlign/datasets/apo_structures/ATP/apod4392cef85.pdb,apod4392cef85,found,1,[]
2e6c,A,MN,2e6e,A,A,2.5,1.1408383286290706,/home/iscb/wolfson/hagairavid/LocAlign/datasets/apo_structures/MN/apo4108a8db6c.pdb,apo4108a8db6c,found,13,"[""2e6hA: pocket_occupied"", ""2e6hB: chain_not_found"", ""2e6hC: chain_not_found"", ""2e6hD: chain_not_found"", ""2e69A: pocket_occupied"", ""2e69B: chain_not_found"", ""2e69C: chain_not_found"", ""2e69D: chain_not_found"", ""2e6bA: pocket_occupied"", ""2e6bB: chain_not_found"", ""2e6bC: chain_not_found"", ""2e6bD: chain_not_found""]"
2e74,C,HEM,,,,,,,,holo_init_failed,0,"[""list index out of range""]"
2e7z,A,SF4,,,,,,,,no_candidate_passed_prefilter,0,[]
2e9l,A,BGC,2jfe,A,X,2.7,0.549096152241779,/home/iscb/wolfson/hagairavid/LocAlign/datasets/apo_structures/BGC/apoe626d8308e.pdb,apoe626d8308e,found,4,"[""2e9mA: pocket_occupied"", ""2zoxA: pocket_occupied"", ""3vkkA: pocket_occupied""]"
2ea7,A,CA,,,,,,,,no_candidate_passed_prefilter,0,[]
2eab,A,CA,2eae,A,A,1.8,0.7255674135493109,/home/iscb/wolfson/hagairavid/LocAlign/datasets/apo_structures/CA/apo468b34baf3.pdb,apo468b34baf3,found,1,[]
2ed4,A,FAD,2ecr,A,A,1.6,0.8741824954109633,/home/iscb/wolfson/hagairavid/LocAlign/datasets/apo_structures/FAD/apo5399548934.pdb,apo5399548934,found,3,"[""2ecuA: pocket_occupied"", ""2ecuB: chain_not_found""]"
2ed4,A,NAD,2ecr,A,A,1.6,0.8741824954109633,/home/iscb/wolfson/hagairavid/LocAlign/datasets/apo_structures/NAD/apo5399548934.pdb,apo5399548934,found,3,"[""2ecuA: pocket_occupied"", ""2ecuB: chain_not_found""]"
2efj,A,SAH,,,,,,,,no_candidate_passed_prefilter,0,[]
2eg5,E,SAH,,,,,,,,no_candidate_passed_prefilter,0,[]
2egv,A,SAM,,,,,,,,all_candidates_pocket_occupied,2,"[""2egwA: pocket_occupied"", ""2egwB: chain_not_found""]"
2eh6,A,PLP,,,,,,,,no_candidate_passed_prefilter,0,[]
2ejt,A,SAM,2dul,A,A,1.9,0.17347011869165527,/home/iscb/wolfson/hagairavid/LocAlign/datasets/apo_structures/SAM/apo03623d8ca9.pdb,apo03623d8ca9,found,1,[]
2em2,A,ZN,,,,,,,,no_candidate_passed_prefilter,0,[]
2em4,A,ZN,,,,,,,,no_candidate_passed_prefilter,0,[]
2emg,A,ZN,,,,,,,,no_candidate_passed_prefilter,0,[]
2emk,A,ZN,,,,,,,,no_candidate_passed_prefilter,0,[]
2emx,A,ZN,,,,,,,,no_candidate_passed_prefilter,0,[]
2en2,A,ZN,,,,,,,,no_candidate_passed_prefilter,0,[]
2en7,A,ZN,,,,,,,,no_candidate_passed_prefilter,0,[]
2ena,A,ZN,,,,,,,,no_candidate_passed_prefilter,0,[]
2eoq,A,ZN,,,,,,,,no_candidate_passed_prefilter,0,[]
2eq1,A,ZN,,,,,,,,no_candidate_passed_prefilter,0,[]
2ery,B,GDP,,,,,,,,all_candidates_pocket_occupied,2,"[""9b4qA: pocket_occupied"", ""9b4sB: pocket_occupied""]"
2ess,A,CA,,,,,,,,no_candidate_passed_prefilter,0,[]
2ev9,B,SKM,2cy0,A,A,1.9,0.6288334336036444,/home/iscb/wolfson/hagairavid/LocAlign/datasets/apo_structures/SKM/apo364bca82c7.pdb,apo364bca82c7,found,3,"[""2d5cA: pocket_occupied"", ""2d5cB: chain_not_found""]"
2ex5,A,CA,,,,,,,,no_candidate_passed_prefilter,0,[]
2exh,A,CA,2exi,A,A,2.15,0.12443392874988887,/home/iscb/wolfson/hagairavid/LocAlign/datasets/apo_structures/CA/apod1879f4c59.pdb,apod1879f4c59,found,1,[]
2f02,A,ATP,,,,,,,,all_candidates_pocket_occupied,2,"[""2awdA: pocket_occupied"", ""2awdB: chain_not_found""]"
2f25,A,DAN,1so7,A,A,1.49,1.692123928362037,/home/iscb/wolfson/hagairavid/LocAlign/datasets/apo_structures/DAN/apo42e42a3bb0.pdb,apo42e42a3bb0,found,1,[]
2f3o,A,GOL,,,,,,,,no_candidate_passed_prefilter,0,[]
2f59,D,CA,2i0f,A,A,2.22,0.5625889168609335,/home/iscb/wolfson/hagairavid/LocAlign/datasets/apo_structures/CA/apo130901746c.pdb,apo130901746c,found,1,[]
2f6x,A,1GP,,,,,,,,all_candidates_pocket_occupied,8,"[""2f6uA: pocket_occupied"", ""2f6uB: chain_not_found"", ""8ruwA: pocket_occupied"", ""8ruwB: chain_not_found"", ""8ruwC: chain_not_found"", ""8ruwD: chain_not_found"", ""8ruwE: chain_not_found"", ""8ruwF: chain_not_found""]"
2f7t,A,MG,4u7b,A,A,3.09,1.2688176130031332,/home/iscb/wolfson/hagairavid/LocAlign/datasets/apo_structures/MG/apoe4ece57f47.pdb,apoe4ece57f47,found,3,"[""4mdaA: pocket_occupied"", ""4mdbA: pocket_occupied""]"
2f8l,A,SAM,,,,,,,,no_candidate_passed_prefilter,0,[]
2fb2,A,SAM,,,,,,,,all_candidates_pocket_occupied,4,"[""2fb3A: pocket_occupied"", ""2fb3B: chain_not_found"", ""1tv7A: pocket_occupied"", ""1tv7B: chain_not_found""]"
2fco,A,MG,1y1o,A,A,2.2,0.42478761016161065,/home/iscb/wolfson/hagairavid/LocAlign/datasets/apo_structures/MG/apo1dd9f3e9ed.pdb,apo1dd9f3e9ed,found,1,[]
2ff2,B,CA,1r4f,A,A,2.3,0.6505863774845484,/home/iscb/wolfson/hagairavid/LocAlign/datasets/apo_structures/CA/apocbbbf3bcfc.pdb,apocbbbf3bcfc,found,17,"[""3epwA: pocket_occupied"", ""3epwB: chain_not_found"", ""3b9gA: pocket_occupied"", ""3b9gB: chain_not_found"", ""1hozA: pocket_occupied"", ""1hozB: chain_not_found"", ""1kicA: pocket_occupied"", ""1kicB: chain_not_found"", ""3epxA: pocket_occupied"", ""3epxB: chain_not_found"", ""1kieA: pocket_occupied"", ""1kieB: chain_not_found"", ""2ff1A: pocket_occupied"", ""2ff1B: chain_not_found"", ""1hp0A: pocket_occupied"", ""1hp0B: chain_not_found""]"
2ff2,B,IMH,1r4f,A,A,2.3,0.6505863774845484,/home/iscb/wolfson/hagairavid/LocAlign/datasets/apo_structures/IMH/apocbbbf3bcfc.pdb,apocbbbf3bcfc,found,17,"[""3epwA: pocket_occupied"", ""3epwB: chain_not_found"", ""3b9gA: pocket_occupied"", ""3b9gB: chain_not_found"", ""1hozA: pocket_occupied"", ""1hozB: chain_not_found"", ""1kicA: pocket_occupied"", ""1kicB: chain_not_found"", ""3epxA: pocket_occupied"", ""3epxB: chain_not_found"", ""1kieA: pocket_occupied"", ""1kieB: chain_not_found"", ""2ff1A: pocket_occupied"", ""2ff1B: chain_not_found"", ""1hp0A: pocket_occupied"", ""1hp0B: chain_not_found""]"
2fkc,A,CA,2fl3,A,A,2.39,0.3473478084112634,/home/iscb/wolfson/hagairavid/LocAlign/datasets/apo_structures/CA/apo24685ef6d3.pdb,apo24685ef6d3,found,1,[]
2fl5,H,RBF,3eo0,A,B,1.75,3.888329744223553,/home/iscb/wolfson/hagairavid/LocAlign/datasets/apo_structures/RBF/apo3272937f0a.pdb,apo3272937f0a,found,1,[]
2flq,A,HEM,,,,,,,,no_candidate_passed_prefilter,0,[]
2fmd,A,CA,,,,,,,,no_candidate_passed_prefilter,0,[]
2fmy,A,HEM,,,,,,,,all_candidates_pocket_occupied,2,"[""2hkxA: pocket_occupied"", ""2hkxB: chain_not_found""]"
2fmy,A,IMD,,,,,,,,all_candidates_pocket_occupied,2,"[""2hkxA: pocket_occupied"", ""2hkxB: chain_not_found""]"
2fn7,A,NAD,4nd5,A,A,2.1,0.8363466620843708,/home/iscb/wolfson/hagairavid/LocAlign/datasets/apo_structures/NAD/apo97c04553d4.pdb,apo97c04553d4,found,5,"[""4nd2A: pocket_occupied"", ""4nd2B: chain_not_found"", ""4nd3A: pocket_occupied"", ""4nd3B: chain_not_found""]"
2fon,B,FAD,,,,,,,,no_candidate_passed_prefilter,0,[]
2fre,A,FMN,,,,,,,,no_candidate_passed_prefilter,0,[]
2frh,A,CA,2fnp,A,A,2.6,1.3088604747860966,/home/iscb/wolfson/hagairavid/LocAlign/datasets/apo_structures/CA/apob2506f0bab.pdb,apob2506f0bab,found,1,[]
2fsn,B,ADP,2fsk,A,A,2.1,1.2226719464602889,/home/iscb/wolfson/hagairavid/LocAlign/datasets/apo_structures/ADP/apo86507552c8.pdb,apo86507552c8,found,2,"[""2fsjA: pocket_occupied""]"
2fug,6,SF4,,,,,,,,all_candidates_pocket_occupied,29,"[""3i9v6: pocket_occupied"", ""3i9vF: chain_not_found"", ""3iam6: pocket_occupied"", ""3iamF: chain_not_found"", ""6y116: pocket_occupied"", ""6y11G: chain_not_found"", ""3ias6: pocket_occupied"", ""3iasF: chain_not_found"", ""3iasO: chain_not_found"", ""3iasX: chain_not_found"", ""6i1p6: pocket_occupied"", ""6i1pG: chain_not_found"", ""4hea6: pocket_occupied"", ""4heaG: chain_not_found"", ""6q8w6: pocket_occupied"", ""6q8wG: chain_not_found"", ""6q8x6: pocket_occupied"", ""6q8xG: chain_not_found"", ""6i0d6: pocket_occupied"", ""6i0dG: chain_not_found"", ""6q8o6: pocket_occupied"", ""6q8oG: chain_not_found"", ""6ziy6: pocket_occupied"", ""6zjl6: pocket_occupied"", ""3m9s6: pocket_occupied"", ""3m9sF: chain_not_found"", ""6zjy6: pocket_occupied"", ""6zjn6: pocket_occupied"", ""2ybb6: pocket_occupied""]"
2fxi,A,K,1jf8,A,A,1.12,0.5231759439165223,/home/iscb/wolfson/hagairavid/LocAlign/datasets/apo_structures/K/apo22b84035b3.pdb,apo22b84035b3,found,1,[]
2fyn,B,HEM,,,,,,,,all_candidates_pocket_occupied,30,"[""2qjyB: pocket_occupied"", ""2qjyE: chain_not_found"", ""2qjyH: chain_not_found"", ""2qjyK: chain_not_found"", ""2qjyN: chain_not_found"", ""2qjyQ: chain_not_found"", ""2qjpB: pocket_occupied"", ""2qjpE: chain_not_found"", ""2qjpH: chain_not_found"", ""2qjpK: chain_not_found"", ""7tljB: pocket_occupied"", ""7tljF: chain_not_found"", ""5kkzB: pocket_occupied"", ""5kkzF: chain_not_found"", ""5kkzL: chain_not_found"", ""5kkzP: chain_not_found"", ""5kliB: pocket_occupied"", ""5kliF: chain_not_found"", ""5kliL: chain_not_found"", ""5kliP: chain_not_found"", ""2qjkB: pocket_occupied"", ""2qjkE: chain_not_found"", ""2qjkH: chain_not_found"", ""2qjkK: chain_not_found"", ""2qjkN: chain_not_found"", ""2qjkQ: chain_not_found"", ""7tceB: pocket_occupied"", ""7tceF: chain_not_found"", ""7tceL: chain_not_found"", ""7tceP: chain_not_found""]"
2fz5,A,FNR,,,,,,,,no_candidate_passed_prefilter,0,[]
2g36,A,SF4,,,,,,,,no_candidate_passed_prefilter,0,[]
2g42,B,CA,2fzt,A,A,2.05,0.4368338545381464,/home/iscb/wolfson/hagairavid/LocAlign/datasets/apo_structures/CA/apoae10171db2.pdb,apoae10171db2,found,1,[]
2g5g,X,HEM,,,,,,,,no_candidate_passed_prefilter,0,[]
2g8y,A,NAD,,,,,,,,no_candidate_passed_prefilter,0,[]
2gbp,A,CA,2fvy,A,A,0.92,0.9288052034035992,/home/iscb/wolfson/hagairavid/LocAlign/datasets/apo_structures/CA/apoeb97dbe4bc.pdb,apoeb97dbe4bc,found,1,[]
2gf4,A,CA,,,,,,,,no_candidate_passed_prefilter,0,[]
2gf6,A,COA,,,,,,,,no_candidate_passed_prefilter,0,[]
2gfq,A,MG,,,,,,,,no_candidate_passed_prefilter,0,[]
2ggq,A,TTP,2ggo,A,A,1.8,0.4121735863047413,/home/iscb/wolfson/hagairavid/LocAlign/datasets/apo_structures/TTP/apo71b0b91ba3.pdb,apo71b0b91ba3,found,1,[]
2gj8,D,K,,,,,,,,all_candidates_pocket_occupied,12,"[""2gjaA: pocket_occupied"", ""2gjaB: chain_not_found"", ""2gj9A: pocket_occupied"", ""2gj9B: chain_not_found"", ""2gj9C: chain_not_found"", ""2gj9D: chain_not_found"", ""9hipA: pocket_occupied"", ""9hipB: chain_not_found"", ""9hiqA: pocket_occupied"", ""9hiqB: chain_not_found"", ""9hiqE: chain_not_found"", ""9hiqF: chain_not_found""]"
2gjs,A,GDP,,,,,,,,all_candidates_pocket_occupied,8,"[""3q72A: pocket_occupied"", ""3q72B: chain_not_found"", ""2dpxA: pocket_occupied"", ""2dpxB: chain_not_found"", ""3q7qA: pocket_occupied"", ""3q7qB: chain_not_found"", ""3q7pA: pocket_occupied"", ""3q7pB: chain_not_found""]"
2glu,A,SAM,1xxl,A,A,2.1,0.35682077410011387,/home/iscb/wolfson/hagairavid/LocAlign/datasets/apo_structures/SAM/apob4f0ecf5b4.pdb,apob4f0ecf5b4,found,1,[]
2glx,A,ACT,,,,,,,,no_candidate_passed_prefilter,0,[]
2glz,A,ZN,,,,,,,,no_candidate_passed_prefilter,0,[]
2gm3,A,AMP,,,,,,,,no_candidate_passed_prefilter,0,[]
2gmh,A,SF4,,,,,,,,all_candidates_pocket_occupied,2,"[""2gmjA: pocket_occupied"", ""2gmjB: chain_not_found""]"
2gou,A,FMN,,,,,,,,all_candidates_pocket_occupied,6,"[""4awtA: pocket_occupied"", ""4awsA: pocket_occupied"", ""4awuA: pocket_occupied"", ""2gq8A: pocket_occupied"", ""2gq9A: pocket_occupied"", ""2gqaA: pocket_occupied""]"
2goy,B,SF4,,,,,,,,no_candidate_passed_prefilter,0,[]
2gsr,A,GTS,,,,,,,,no_candidate_passed_prefilter,0,[]
2gt4,A,GDD,2gt2,A,A,2.0,0.5574709726645486,/home/iscb/wolfson/hagairavid/LocAlign/datasets/apo_structures/GDD/apo9f0646f37b.pdb,apo9f0646f37b,found,3,"[""1ryaA: pocket_occupied"", ""1ryaB: chain_not_found""]"
2gtl,D,HEM,4v93,A,A1,8.1,0.8680522887817275,/home/iscb/wolfson/hagairavid/LocAlign/datasets/apo_structures/HEM/apoaada7e5ea9.pdb,apoaada7e5ea9,found,7,"[""1x9fD: pocket_occupied"", ""1x9fH: chain_not_found"", ""1x9fL: chain_not_found"", ""5m3lD: pocket_occupied"", ""5m3lH: chain_not_found"", ""5m3lL: chain_not_found""]"
2gwl,A,NAI,2gwm,A,A,1.5,0.4399598412647575,/home/iscb/wolfson/hagairavid/LocAlign/datasets/apo_structures/NAI/apo542a5d48e9.pdb,apo542a5d48e9,found,1,[]
2gwr,A,CA,,,,,,,,no_candidate_passed_prefilter,0,[]
2gzs,A,DFP,2gzr,A,A,2.3,1.1044676386424699,/home/iscb/wolfson/hagairavid/LocAlign/datasets/apo_structures/DFP/apo093df4e44f.pdb,apo093df4e44f,found,1,[]
2h12,B,OAA,,,,,,,,no_candidate_passed_prefilter,0,[]
2h3x,C,CU,2iaa,A,C,1.95,0.4262114620134725,/home/iscb/wolfson/hagairavid/LocAlign/datasets/apo_structures/CU/apo9445e9c6b7.pdb,apo9445e9c6b7,found,1,[]
2h5m,A,ACO,,,,,,,,no_candidate_passed_prefilter,0,[]
2h9d,A,PYR,3hgw,A,A,2.25,0.4834709549783385,/home/iscb/wolfson/hagairavid/LocAlign/datasets/apo_structures/PYR/apoc6b5ea69aa.pdb,apoc6b5ea69aa,found,5,"[""3retA: pocket_occupied"", ""3retB: chain_not_found"", ""3remA: pocket_occupied"", ""3remB: chain_not_found""]"
2haw,B,F,1wpm,A,A,2.05,0.541363621320797,/home/iscb/wolfson/hagairavid/LocAlign/datasets/apo_structures/F/apof9044e1133.pdb,apof9044e1133,found,1,[]
2hcm,A,WO4,,,,,,,,no_candidate_passed_prefilter,0,[]
2hf8,A,GSP,,,,,,,,all_candidates_pocket_occupied,2,"[""2hf9A: pocket_occupied"", ""2hf9B: chain_not_found""]"
2hi4,A,HEM,,,,,,,,no_candidate_passed_prefilter,0,[]
2hih,A,CA,,,,,,,,no_candidate_passed_prefilter,0,[]
2hjr,B,APR,,,,,,,,no_candidate_passed_prefilter,0,[]
2hk9,A,SKM,2hk8,A,A,2.35,0.9548296662699663,/home/iscb/wolfson/hagairavid/LocAlign/datasets/apo_structures/SKM/apob2978c18ed.pdb,apob2978c18ed,found,1,[]
2hma,A,SAM,,,,,,,,all_candidates_pocket_occupied,5,"[""9hm3A: pocket_occupied"", ""9hlvA: pocket_occupied"", ""9hmjA: pocket_occupied"", ""9hlnA: pocket_occupied"", ""9i7rA: pocket_occupied""]"
2hvb,B,FE,,,,,,,,no_candidate_passed_prefilter,0,[]
2hvw,A,DDN,5c2o,A,A,2.35,1.3830458615797852,/home/iscb/wolfson/hagairavid/LocAlign/datasets/apo_structures/DDN/apo64c2a4311b.pdb,apo64c2a4311b,found,1,[]
2hyd,A,ADP,4a82,A,A,9.0,0.0025283252489430013,/home/iscb/wolfson/hagairavid/LocAlign/datasets/apo_structures/ADP/apoee517947cd.pdb,apoee517947cd,found,3,"[""2onjA: pocket_occupied"", ""2onjB: chain_not_found""]"
2hz1,A,HEM,,,,,,,,all_candidates_pocket_occupied,5,"[""1s69A: pocket_occupied"", ""1s6aA: pocket_occupied"", ""1rtxA: pocket_occupied"", ""2hz3A: pocket_occupied"", ""2hz2A: pocket_occupied""]"
2hz1,A,SO3,1s69,A,A,1.68,2.3605367267257296,/home/iscb/wolfson/hagairavid/LocAlign/datasets/apo_structures/SO3/apo1ea8151124.pdb,apo1ea8151124,found,1,[]
2i2a,A,GOL,2i2c,A,A,1.85,0.4170920927847971,/home/iscb/wolfson/hagairavid/LocAlign/datasets/apo_structures/GOL/apoc571b611d0.pdb,apoc571b611d0,found,14,"[""8qgoA: pocket_occupied"", ""7zzbA: pocket_occupied"", ""8qggA: pocket_occupied"", ""8qgmA: pocket_occupied"", ""8qg4A: pocket_occupied"", ""8qghA: pocket_occupied"", ""7zzeA: pocket_occupied"", ""7zzdA: pocket_occupied"", ""8qg9A: pocket_occupied"", ""6rgeA: pocket_occupied"", ""8qg2A: pocket_occupied"", ""8qglA: pocket_occupied"", ""8qg3A: pocket_occupied""]"
2i2r,L,ZN,,,,,,,,no_candidate_passed_prefilter,0,[]
2i4b,A,CA,2i49,A,A,1.35,0.20837296863687796,/home/iscb/wolfson/hagairavid/LocAlign/datasets/apo_structures/CA/apo1c3651d2d2.pdb,apo1c3651d2d2,found,1,[]
2i71,B,MG,,,,,,,,no_candidate_passed_prefilter,0,[]
2i7a,A,CA,,,,,,,,no_candidate_passed_prefilter,0,[]
2i7h,A,FMN,,,,,,,,no_candidate_passed_prefilter,0,[]
2i89,A,HEM,,,,,,,,all_candidates_pocket_occupied,17,"[""4hilA: chain_not_found"", ""4hilB: chain_not_found"", ""1eueA: chain_not_found"", ""1eueB: chain_not_found"", ""1awpA: pocket_occupied"", ""1awpB: chain_not_found"", ""1lj0A: chain_not_found"", ""1lj0B: chain_not_found"", ""1lj0C: chain_not_found"", ""1lj0D: chain_not_found"", ""1iccA: chain_not_found"", ""1iccB: chain_not_found"", ""1iccC: chain_not_found"", ""1iccD: chain_not_found"", ""3musA: chain_not_found"", ""3musB: chain_not_found"", ""1b5mA: chain_not_found""]"
2i96,A,HEM,,,,,,,,no_candidate_passed_prefilter,0,[]
2i9p,B,NAD,2gf2,A,A,2.38,0.42758727482545744,/home/iscb/wolfson/hagairavid/LocAlign/datasets/apo_structures/NAD/apoae6cbf986c.pdb,apoae6cbf986c,found,1,[]
2iag,A,HEM,,,,,,,,all_candidates_pocket_occupied,2,"[""3b6hA: pocket_occupied"", ""3b6hB: chain_not_found""]"
2ib8,D,K,2iby,A,A,1.85,0.5580869453701475,/home/iscb/wolfson/hagairavid/LocAlign/datasets/apo_structures/K/apo8711722b82.pdb,apo8711722b82,found,1,[]
2ibj,A,HEM,,,,,,,,no_candidate_passed_prefilter,0,[]
2icy,B,UPG,1z90,A,A,1.86,1.1086672144598486,/home/iscb/wolfson/hagairavid/LocAlign/datasets/apo_structures/UPG/apo0ad2e3670d.pdb,apo0ad2e3670d,found,3,"[""2icxA: pocket_occupied"", ""2icxB: chain_not_found""]"
2iew,A,CA,2if8,A,A,2.4,0.28433715372164575,/home/iscb/wolfson/hagairavid/LocAlign/datasets/apo_structures/CA/apo27fa1f6a4f.pdb,apo27fa1f6a4f,found,1,[]
2ifa,B,FMN,,,,,,,,no_candidate_passed_prefilter,0,[]
2ig3,A,HEM,,,,,,,,no_candidate_passed_prefilter,0,[]
2igt,A,SAM,,,,,,,,no_candidate_passed_prefilter,0,[]
2iii,A,CA,,,,,,,,no_candidate_passed_prefilter,0,[]
2iii,A,MG,,,,,,,,no_candidate_passed_prefilter,0,[]
2imq,X,HEM,,,,,,,,all_candidates_pocket_occupied,8,"[""1si6X: pocket_occupied"", ""4l1yA: pocket_occupied"", ""1yjhA: pocket_occupied"", ""4l1zA: pocket_occupied"", ""4l21A: pocket_occupied"", ""4l20A: pocket_occupied"", ""1y21A: pocket_occupied"", ""1ntfA: pocket_occupied""]"
2ipi,A,FAD,,,,,,,,no_candidate_passed_prefilter,0,[]
2iry,A,DGT,2iru,A,A,1.65,0.22453198685742048,/home/iscb/wolfson/hagairavid/LocAlign/datasets/apo_structures/DGT/apobdfd5ed6c5.pdb,apobdfd5ed6c5,found,1,[]
2is4,B,ANP,,,,,,,,all_candidates_pocket_occupied,7,"[""3lfuA: pocket_occupied"", ""2is6A: pocket_occupied"", ""2is6B: chain_not_found"", ""2is1A: pocket_occupied"", ""2is1B: chain_not_found"", ""2is2A: pocket_occupied"", ""2is2B: chain_not_found""]"
2is6,A,ADP,,,,,,,,all_candidates_pocket_occupied,7,"[""3lfuA: pocket_occupied"", ""2is4A: pocket_occupied"", ""2is4B: chain_not_found"", ""2is1A: pocket_occupied"", ""2is1B: chain_not_found"", ""2is2A: pocket_occupied"", ""2is2B: chain_not_found""]"
2isa,A,HEM,,,,,,,,no_candidate_passed_prefilter,0,[]
2isj,A,FMN,,,,,,,,all_candidates_pocket_occupied,16,"[""2iskA: pocket_occupied"", ""2iskB: chain_not_found"", ""2iskC: chain_not_found"", ""2iskD: chain_not_found"", ""2iskE: chain_not_found"", ""2iskF: chain_not_found"", ""2iskG: chain_not_found"", ""2iskH: chain_not_found"", ""2islA: pocket_occupied"", ""2islB: chain_not_found"", ""2islC: chain_not_found"", ""2islD: chain_not_found"", ""2islE: chain_not_found"", ""2islF: chain_not_found"", ""2islG: chain_not_found"", ""2islH: chain_not_found""]"
2ism,B,CA,,,,,,,,no_candidate_passed_prefilter,0,[]
2iuf,A,HDD,,,,,,,,all_candidates_pocket_occupied,2,"[""2xf2A: pocket_occupied"", ""2xf2E: chain_not_found""]"
2iya,A,UDP,,,,,,,,no_candidate_passed_prefilter,0,[]
2j0g,E,CA,2j1g,A,A,1.95,0.5074818154484725,/home/iscb/wolfson/hagairavid/LocAlign/datasets/apo_structures/CA/apoa83783886b.pdb,apoa83783886b,found,1,[]
2j0p,A,HEM,,,,,,,,all_candidates_pocket_occupied,2,"[""7qxvA: pocket_occupied"", ""2j0rA: pocket_occupied""]"
2j1r,A,CA,2j1v,A,A,1.45,0.23456629753330197,/home/iscb/wolfson/hagairavid/LocAlign/datasets/apo_structures/CA/apo272cbfc249.pdb,apo272cbfc249,found,1,[]
2j2m,A,HEM,,,,,,,,no_candidate_passed_prefilter,0,[]
2j5z,A,GAL,2j64,A,A,2.2,0.18792674500355677,/home/iscb/wolfson/hagairavid/LocAlign/datasets/apo_structures/GAL/apo7061dca62c.pdb,apo7061dca62c,found,4,"[""2j60A: pocket_occupied"", ""2j60B: chain_not_found"", ""2j60C: chain_not_found""]"
2j6c,A,GOL,,,,,,,,no_uniprot_mapping,0,[]
2j87,D,TTP,,,,,,,,no_candidate_passed_prefilter,0,[]
2j9l,C,ATP,,,,,,,,all_candidates_pocket_occupied,6,"[""2ja3A: pocket_occupied"", ""2ja3B: chain_not_found"", ""2ja3C: chain_not_found"", ""2ja3D: chain_not_found"", ""2ja3E: chain_not_found"", ""2ja3F: chain_not_found""]"
2j9u,B,ZN,1w7p,A,D,3.6,2.826223328243333,/home/iscb/wolfson/hagairavid/LocAlign/datasets/apo_structures/ZN/apo47c1929c94.pdb,apo47c1929c94,found,1,[]
2ja1,A,TTP,,,,,,,,no_candidate_passed_prefilter,0,[]
2jal,B,CA,2j78,A,A,1.65,0.29956147106264125,/home/iscb/wolfson/hagairavid/LocAlign/datasets/apo_structures/CA/apo5143efa9a8.pdb,apo5143efa9a8,found,1,[]
2jam,B,J60,,,,,,,,no_candidate_passed_prefilter,0,[]
2je2,A,HEC,,,,,,,,all_candidates_pocket_occupied,2,"[""8garA: pocket_occupied"", ""2je3A: pocket_occupied""]"
2je9,A,CA,4z8b,A,A,1.951,0.4464959583833407,/home/iscb/wolfson/hagairavid/LocAlign/datasets/apo_structures/CA/apo839ba0fe05.pdb,apo839ba0fe05,found,1,[]
2jg1,A,ANP,,,,,,,,all_candidates_pocket_occupied,4,"[""2jgvA: pocket_occupied"", ""2jgvB: chain_not_found"", ""2jgvC: chain_not_found"", ""2jgvD: chain_not_found""]"
2jg7,A,NAD,,,,,,,,no_candidate_passed_prefilter,0,[]
2jh3,A,SF4,,,,,,,,no_candidate_passed_prefilter,0,[]
2jhi,F,CA,2wnp,A,F,1.21,0.22164467272081526,/home/iscb/wolfson/hagairavid/LocAlign/datasets/apo_structures/CA/apocfb896e73d.pdb,apocfb896e73d,found,1,[]
2jig,A,PD2,,,,,,,,no_uniprot_mapping,0,[]
2jjp,A,HEM,,,,,,,,all_candidates_pocket_occupied,5,"[""2jjnA: pocket_occupied"", ""2xfhA: pocket_occupied"", ""2jjoA: pocket_occupied"", ""2wioA: pocket_occupied"", ""3zkpA: pocket_occupied""]"
2jk8,A,ATP,5nh2,A,A,2.321,1.6159425991782017,/home/iscb/wolfson/hagairavid/LocAlign/datasets/apo_structures/ATP/apo4cb460f936.pdb,apo4cb460f936,found,1,[]
2jq6,A,CA,,,,,,,,no_candidate_passed_prefilter,0,[]
2jxm,B,HEC,,,,,,,,no_candidate_passed_prefilter,0,[]
2kid,A,CA,1t2w,A,A,1.8,2.4299414247377054,/home/iscb/wolfson/hagairavid/LocAlign/datasets/apo_structures/CA/apo9dd7208ad3.pdb,apo9dd7208ad3,found,1,[]
2kpn,A,CA,,,,,,,,no_candidate_passed_prefilter,0,[]
2ksy,A,RET,,,,,,,,all_candidates_pocket_occupied,24,"[""9h1xA: pocket_occupied"", ""3qapA: pocket_occupied"", ""5jjeA: pocket_occupied"", ""5jjfA: pocket_occupied"", ""1h2sA: pocket_occupied"", ""8pwgA: pocket_occupied"", ""8pwqA: pocket_occupied"", ""8pwiA: pocket_occupied"", ""2f93A: pocket_occupied"", ""4gycA: pocket_occupied"", ""8pwpA: pocket_occupied"", ""1h68A: pocket_occupied"", ""8pwjA: pocket_occupied"", ""9h1wA: pocket_occupied"", ""9h20A: pocket_occupied"", ""2f95A: pocket_occupied"", ""5jjnA: pocket_occupied"", ""5jjnC: chain_not_found"", ""1gu8A: pocket_occupied"", ""1gueA: pocket_occupied"", ""1jgjA: pocket_occupied"", ""3qdcA: pocket_occupied"", ""5jjjA: pocket_occupied"", ""7zcmA: pocket_occupied""]"
2kwi,A,GNP,,,,,,,,all_candidates_pocket_occupied,4,"[""6zrnA: pocket_occupied"", ""6zrnB: chain_not_found"", ""6zqtA: pocket_occupied"", ""6zqtB: chain_not_found""]"
2kwi,A,MG,,,,,,,,all_candidates_pocket_occupied,4,"[""6zrnA: pocket_occupied"", ""6zrnB: chain_not_found"", ""6zqtA: pocket_occupied"", ""6zqtB: chain_not_found""]"
2lml,A,PNS,,,,,,,,no_candidate_passed_prefilter,0,[]
2m0p,A,CA,9cwm,A,A,3.3,0.9366423344524986,/home/iscb/wolfson/hagairavid/LocAlign/datasets/apo_structures/CA/apob138a767a5.pdb,apob138a767a5,found,1,[]
2m29,A,CA,,,,,,,,no_candidate_passed_prefilter,0,[]
2m7p,A,CA,5oyl,A,D,2.25,1.848850716239723,/home/iscb/wolfson/hagairavid/LocAlign/datasets/apo_structures/CA/apo55530f17d8.pdb,apo55530f17d8,found,1,[]
2m96,A,CA,,,,,,,,no_candidate_passed_prefilter,0,[]
2mok,A,FMN,,,,,,,,all_candidates_pocket_occupied,3,"[""1ag9A: pocket_occupied"", ""1ag9B: chain_not_found"", ""1ahnA: pocket_occupied""]"
2n0m,A,CU1,3ay2,A,A,1.9,0.9798928318385821,/home/iscb/wolfson/hagairavid/LocAlign/datasets/apo_structures/CU1/apo5def8d15d8.pdb,apo5def8d15d8,found,1,[]
2n8y,A,CA,,,,,,,,no_candidate_passed_prefilter,0,[]
2nly,A,ZN,,,,,,,,no_candidate_passed_prefilter,0,[]
2npn,A,SAM,,,,,,,,no_candidate_passed_prefilter,0,[]
2nrl,A,HEM,,,,,,,,all_candidates_pocket_occupied,1,"[""2nx0A: pocket_occupied""]"
2nrm,A,HEM,,,,,,,,no_candidate_passed_prefilter,0,[]
2nry,A,STU,2oib,A,A,2.0,0.8530576757645295,/home/iscb/wolfson/hagairavid/LocAlign/datasets/apo_structures/STU/apo3fe2aa22f4.pdb,apo3fe2aa22f4,found,67,"[""6egeA: pocket_occupied"", ""6egeD: chain_not_found"", ""9na5A: pocket_occupied"", ""9na5B: chain_not_found"", ""9na5C: chain_not_found"", ""9na5D: chain_not_found"", ""6uyaA: pocket_occupied"", ""6uyaB: chain_not_found"", ""6uyaC: chain_not_found"", ""6uyaD: chain_not_found"", ""8w3xA: pocket_occupied"", ""8w3xB: chain_not_found"", ""8w3xC: chain_not_found"", ""8w3xD: chain_not_found"", ""6o95A: pocket_occupied"", ""6o95B: chain_not_found"", ""6o95C: chain_not_found"", ""6o95D: chain_not_found"", ""8uccA: pocket_occupied"", ""8uccB: chain_not_found"", ""6o8uA: pocket_occupied"", ""6o8uB: chain_not_found"", ""6o8uC: chain_not_found"", ""6o8uD: chain_not_found"", ""5uitA: pocket_occupied"", ""5uitB: chain_not_found"", ""8ucbA: pocket_occupied"", ""8ucbB: chain_not_found"", ""8ucbC: chain_not_found"", ""8ucbD: chain_not_found"", ""9r9kA: pocket_occupied"", ""9r9kB: chain_not_found"", ""9r9kC: chain_not_found"", ""9r9kD: chain_not_found"", ""9r9gA: pocket_occupied"", ""9r9gB: chain_not_found"", ""9r9gC: chain_not_found"", ""9r9gD: chain_not_found"", ""8sceA: pocket_occupied"", ""8sceB: chain_not_found"", ""8sceD: chain_not_found"", ""8sceE: chain_not_found"", ""9pssA: pocket_occupied"", ""9pssB: chain_not_found"", ""8tvnA: pocket_occupied"", ""8tvnB: chain_not_found"", ""8tvnC: chain_not_found"", ""8tvnD: chain_not_found"", ""8w3wA: pocket_occupied"", ""8w3wB: chain_not_found"", ""8w3wC: chain_not_found"", ""8w3wD: chain_not_found"", ""6o94A: pocket_occupied"", ""6o94B: chain_not_found"", ""6o94C: chain_not_found"", ""6o94D: chain_not_found"", ""6thxA: pocket_occupied"", ""6thxB: chain_not_found"", ""9na2A: pocket_occupied"", ""9na2B: chain_not_found"", ""2nruA: pocket_occupied"", ""2nruB: chain_not_found"", ""2nruC: chain_not_found"", ""2nruD: chain_not_found"", ""8tx0A: pocket_occupied"", ""8tx0B: chain_not_found""]"
2nuy,A,PYR,2nuw,A,A,1.8,0.1882583088616109,/home/iscb/wolfson/hagairavid/LocAlign/datasets/apo_structures/PYR/apoa0b87ab07c.pdb,apoa0b87ab07c,found,1,[]
2nv4,A,SAM,,,,,,,,no_candidate_passed_prefilter,0,[]
2nwb,A,HEM,1zee,A,A,2.31,0.7070681694723671,/home/iscb/wolfson/hagairavid/LocAlign/datasets/apo_structures/HEM/apo4d62f4f3c0.pdb,apo4d62f4f3c0,found,1,[]
2nya,A,SF4,,,,,,,,no_candidate_passed_prefilter,0,[]
2nzj,B,GDP,,,,,,,,no_candidate_passed_prefilter,0,[]
2nzy,C,FUC,2nzw,A,A,1.9,0.7000535940409824,/home/iscb/wolfson/hagairavid/LocAlign/datasets/apo_structures/FUC/apo84a68ef5a8.pdb,apo84a68ef5a8,found,1,[]
2nzy,C,GDP,2nzw,A,A,1.9,0.7000535940409824,/home/iscb/wolfson/hagairavid/LocAlign/datasets/apo_structures/GDP/apo84a68ef5a8.pdb,apo84a68ef5a8,found,1,[]
2o0r,A,GOL,,,,,,,,no_candidate_passed_prefilter,0,[]
2o18,C,CA,4xgw,A,A,1.747,1.3308950571393583,/home/iscb/wolfson/hagairavid/LocAlign/datasets/apo_structures/CA/apo5d9ef83c4c.pdb,apo5d9ef83c4c,found,1,[]
2o99,C,GOA,1td5,A,A,2.3,1.24508242403066,/home/iscb/wolfson/hagairavid/LocAlign/datasets/apo_structures/GOA/apoa80b2969e4.pdb,apoa80b2969e4,found,5,"[""2o9aA: pocket_occupied"", ""2o9aB: chain_not_found"", ""2o9aC: chain_not_found"", ""2o9aD: chain_not_found""]"
2obv,A,SAM,6sw5,A,A,2.35,1.34980210104746,/home/iscb/wolfson/hagairavid/LocAlign/datasets/apo_structures/SAM/apof8f1672997.pdb,apof8f1672997,found,2,"[""8swaA: pocket_occupied""]"
2og1,A,GOL,2puj,A,A,1.57,0.42430927809184793,/home/iscb/wolfson/hagairavid/LocAlign/datasets/apo_structures/GOL/apobf4d85f10c.pdb,apobf4d85f10c,found,1,[]
2oi6,B,COA,,,,,,,,all_candidates_pocket_occupied,6,"[""1hv9A: pocket_occupied"", ""1hv9B: chain_not_found"", ""2oi5A: pocket_occupied"", ""2oi5B: chain_not_found"", ""2oi7A: pocket_occupied"", ""2oi7B: chain_not_found""]"
2oi6,B,UD1,,,,,,,,all_candidates_pocket_occupied,6,"[""1hv9A: pocket_occupied"", ""1hv9B: chain_not_found"", ""2oi5A: pocket_occupied"", ""2oi5B: chain_not_found"", ""2oi7A: pocket_occupied"", ""2oi7B: chain_not_found""]"
2oid,A,ANP,2oib,A,A,2.0,1.0263022026906379,/home/iscb/wolfson/hagairavid/LocAlign/datasets/apo_structures/ANP/apo78557a75c0.pdb,apo78557a75c0,found,67,"[""6egeA: chain_not_found"", ""6egeD: chain_not_found"", ""9na5A: pocket_occupied"", ""9na5B: chain_not_found"", ""9na5C: chain_not_found"", ""9na5D: chain_not_found"", ""6uyaA: pocket_occupied"", ""6uyaB: chain_not_found"", ""6uyaC: chain_not_found"", ""6uyaD: chain_not_found"", ""8w3xA: pocket_occupied"", ""8w3xB: chain_not_found"", ""8w3xC: chain_not_found"", ""8w3xD: chain_not_found"", ""6o95A: pocket_occupied"", ""6o95B: chain_not_found"", ""6o95C: chain_not_found"", ""6o95D: chain_not_found"", ""8uccA: pocket_occupied"", ""8uccB: chain_not_found"", ""6o8uA: pocket_occupied"", ""6o8uB: chain_not_found"", ""6o8uC: chain_not_found"", ""6o8uD: chain_not_found"", ""5uitA: pocket_occupied"", ""5uitB: chain_not_found"", ""8ucbA: pocket_occupied"", ""8ucbB: chain_not_found"", ""8ucbC: chain_not_found"", ""8ucbD: chain_not_found"", ""9r9kA: pocket_occupied"", ""9r9kB: chain_not_found"", ""9r9kC: chain_not_found"", ""9r9kD: chain_not_found"", ""9r9gA: pocket_occupied"", ""9r9gB: chain_not_found"", ""9r9gC: chain_not_found"", ""9r9gD: chain_not_found"", ""8sceA: pocket_occupied"", ""8sceB: chain_not_found"", ""8sceD: chain_not_found"", ""8sceE: chain_not_found"", ""9pssA: pocket_occupied"", ""9pssB: chain_not_found"", ""8tvnA: pocket_occupied"", ""8tvnB: chain_not_found"", ""8tvnC: chain_not_found"", ""8tvnD: chain_not_found"", ""8w3wA: pocket_occupied"", ""8w3wB: chain_not_found"", ""8w3wC: chain_not_found"", ""8w3wD: chain_not_found"", ""6o94A: pocket_occupied"", ""6o94B: chain_not_found"", ""6o94C: chain_not_found"", ""6o94D: chain_not_found"", ""6thxA: pocket_occupied"", ""6thxB: chain_not_found"", ""9na2A: pocket_occupied"", ""9na2B: chain_not_found"", ""2nruA: pocket_occupied"", ""2nruB: chain_not_found"", ""2nruC: chain_not_found"", ""2nruD: chain_not_found"", ""8tx0A: pocket_occupied"", ""8tx0B: chain_not_found""]"
2oif,G,HEM,,,,,,,,no_candidate_passed_prefilter,0,[]
2okc,B,SAM,,,,,,,,no_candidate_passed_prefilter,0,[]
2olg,A,CA,,,,,,,,no_candidate_passed_prefilter,0,[]
2olv,B,M0E,2olu,A,A,2.9,3.527770931035205,/home/iscb/wolfson/hagairavid/LocAlign/datasets/apo_structures/M0E/apo0136414c24.pdb,apo0136414c24,found,1,[]
2onr,A,MG,3cij,A,A,1.07,0.5049636779108821,/home/iscb/wolfson/hagairavid/LocAlign/datasets/apo_structures/MG/apof332234357.pdb,apof332234357,found,1,[]
2ood,A,ZN,,,,,,,,no_candidate_passed_prefilter,0,[]
2ort,A,HEM,,,,,,,,all_candidates_pocket_occupied,87,"[""2orpA: chain_not_found"", ""3e7mA: chain_not_found"", ""3e7mB: chain_not_found"", ""2oroA: chain_not_found"", ""2orrA: chain_not_found"", ""2orsA: chain_not_found"", ""3e65A: chain_not_found"", ""3e65B: chain_not_found"", ""2orqA: chain_not_found"", ""1nosA: pocket_occupied"", ""3e68A: chain_not_found"", ""3e68B: chain_not_found"", ""3eaiA: chain_not_found"", ""3eaiB: chain_not_found"", ""3nqsA: chain_not_found"", ""3nqsB: chain_not_found"", ""1dd7A: chain_not_found"", ""3ebfA: chain_not_found"", ""3ebfB: chain_not_found"", ""1jwkA: chain_not_found"", ""1jwkB: chain_not_found"", ""1r35A: chain_not_found"", ""1r35B: chain_not_found"", ""3e6lA: chain_not_found"", ""3e6lB: chain_not_found"", ""2nosA: chain_not_found"", ""1m8dA: chain_not_found"", ""1m8dB: chain_not_found"", ""1df1A: chain_not_found"", ""1df1B: chain_not_found"", ""1dwvA: chain_not_found"", ""1dwvB: chain_not_found"", ""1dwwA: chain_not_found"", ""1dwwB: chain_not_found"", ""1m9tA: chain_not_found"", ""1m9tB: chain_not_found"", ""3e6nA: chain_not_found"", ""3e6nB: chain_not_found"", ""3ebdA: chain_not_found"", ""3ebdB: chain_not_found"", ""1n2nA: chain_not_found"", ""1n2nB: chain_not_found"", ""1qw4A: chain_not_found"", ""1qw4B: chain_not_found"", ""3e6tA: chain_not_found"", ""3e6tB: chain_not_found"", ""1jwjA: chain_not_found"", ""1jwjB: chain_not_found"", ""2y37A: chain_not_found"", ""2y37B: chain_not_found"", ""3e67A: chain_not_found"", ""3e67B: chain_not_found"", ""3e6oA: chain_not_found"", ""3e6oB: chain_not_found"", ""3e7tA: chain_not_found"", ""3e7tB: chain_not_found"", ""1nodA: chain_not_found"", ""1nodB: chain_not_found"", ""2nodA: chain_not_found"", ""2nodB: chain_not_found"", ""1dwxA: chain_not_found"", ""1dwxB: chain_not_found"", ""1nocA: chain_not_found"", ""1m8iA: chain_not_found"", ""1m8iB: chain_not_found"", ""1qomA: chain_not_found"", ""1qomB: chain_not_found"", ""3nodA: chain_not_found"", ""3nodB: chain_not_found"", ""1qw5A: chain_not_found"", ""1qw5B: chain_not_found"", ""3dwjA: chain_not_found"", ""3dwjB: chain_not_found"", ""4js9A: chain_not_found"", ""4js9B: chain_not_found"", ""3nw2A: chain_not_found"", ""3nw2B: chain_not_found"", ""1m8hA: chain_not_found"", ""1m8hB: chain_not_found"", ""1m8eA: chain_not_found"", ""1m8eB: chain_not_found"", ""3e7iA: chain_not_found"", ""3e7iB: chain_not_found"", ""1vafA: chain_not_found"", ""1vafB: chain_not_found"", ""4ux6B: chain_not_found"", ""2bhjA: chain_not_found""]"
2ost,A,CA,,,,,,,,no_candidate_passed_prefilter,0,[]
2ox4,C,MG,,,,,,,,no_candidate_passed_prefilter,0,[]
2oxt,A,SAM,,,,,,,,no_candidate_passed_prefilter,0,[]
2oyy,A,HEM,,,,,,,,no_candidate_passed_prefilter,0,[]
2p4s,A,DIH,,,,,,,,no_candidate_passed_prefilter,0,[]
2p5v,G,CA,2p6s,A,A,2.8,0.861813863749286,/home/iscb/wolfson/hagairavid/LocAlign/datasets/apo_structures/CA/apo2d0879eddd.pdb,apo2d0879eddd,found,1,[]
2p73,A,MN,2p72,A,A,2.0,0.5821610757842269,/home/iscb/wolfson/hagairavid/LocAlign/datasets/apo_structures/MN/apob2e0f8db00.pdb,apob2e0f8db00,found,2,"[""2p6wA: pocket_occupied""]"
2p73,A,UDP,2p72,A,A,2.0,0.5821610757842269,/home/iscb/wolfson/hagairavid/LocAlign/datasets/apo_structures/UDP/apob2e0f8db00.pdb,apob2e0f8db00,found,2,"[""2p6wA: pocket_occupied""]"
2p88,A,MG,,,,,,,,all_candidates_pocket_occupied,2,"[""2p8bA: pocket_occupied"", ""2p8cA: pocket_occupied""]"
2p9e,A,NAI,,,,,,,,all_candidates_pocket_occupied,15,"[""1sc6A: pocket_occupied"", ""1sc6B: chain_not_found"", ""1sc6C: chain_not_found"", ""1sc6D: chain_not_found"", ""1ybaA: pocket_occupied"", ""1ybaB: chain_not_found"", ""1ybaC: chain_not_found"", ""1ybaD: chain_not_found"", ""2p9cA: pocket_occupied"", ""2p9cB: chain_not_found"", ""2pa3A: pocket_occupied"", ""1psdA: pocket_occupied"", ""1psdB: chain_not_found"", ""2p9gA: pocket_occupied"", ""2p9gB: chain_not_found""]"
2pae,A,TYD,,,,,,,,all_candidates_pocket_occupied,6,"[""2pa7A: pocket_occupied"", ""2pa7B: chain_not_found"", ""2pakA: pocket_occupied"", ""2pakB: chain_not_found"", ""2pamA: pocket_occupied"", ""2pamB: chain_not_found""]"
2pbj,A,HEM,,,,,,,,all_candidates_pocket_occupied,4,"[""1z9hA: pocket_occupied"", ""1z9hB: chain_not_found"", ""1z9hC: chain_not_found"", ""1z9hD: chain_not_found""]"
2pc6,A,CA,,,,,,,,no_candidate_passed_prefilter,0,[]
2pg0,A,FAD,,,,,,,,no_candidate_passed_prefilter,0,[]
2ph5,A,NAD,,,,,,,,no_candidate_passed_prefilter,0,[]
2pij,A,BCT,,,,,,,,no_candidate_passed_prefilter,0,[]
2plw,A,SAM,,,,,,,,no_candidate_passed_prefilter,0,[]
2poc,B,BG6,,,,,,,,all_candidates_pocket_occupied,10,"[""2putA: pocket_occupied"", ""2putB: chain_not_found"", ""2putC: chain_not_found"", ""2putD: chain_not_found"", ""2puvA: pocket_occupied"", ""2puvB: chain_not_found"", ""2puvC: chain_not_found"", ""2puvD: chain_not_found"", ""2puwA: pocket_occupied"", ""2puwB: chain_not_found""]"
2pre,A,E64,,,,,,,,no_candidate_passed_prefilter,0,[]
2pu9,A,SF4,,,,,,,,all_candidates_pocket_occupied,7,"[""1dj7A: pocket_occupied"", ""2puoA: pocket_occupied"", ""2pvdA: pocket_occupied"", ""2pvgA: pocket_occupied"", ""2pukA: pocket_occupied"", ""2pukE: chain_not_found"", ""2pvoA: pocket_occupied""]"
2puw,B,BG6,,,,,,,,all_candidates_pocket_occupied,12,"[""2pocA: pocket_occupied"", ""2pocB: chain_not_found"", ""2pocC: chain_not_found"", ""2pocD: chain_not_found"", ""2putA: chain_not_found"", ""2putB: chain_not_found"", ""2putC: chain_not_found"", ""2putD: chain_not_found"", ""2puvA: pocket_occupied"", ""2puvB: chain_not_found"", ""2puvC: chain_not_found"", ""2puvD: chain_not_found""]"
2py2,A,CA,,,,,,,,no_candidate_passed_prefilter,0,[]
2pyj,B,DGT,1xi1,A,A,2.2,2.1888438709074114,/home/iscb/wolfson/hagairavid/LocAlign/datasets/apo_structures/DGT/apo4982e5919d.pdb,apo4982e5919d,found,3,"[""2py5A: pocket_occupied"", ""2py5B: chain_not_found""]"
2pz0,B,CA,,,,,,,,no_candidate_passed_prefilter,0,[]
2pz0,B,GOL,,,,,,,,no_candidate_passed_prefilter,0,[]
2pzy,C,STU,8xx1,A,A,2.55,2.765947983385721,/home/iscb/wolfson/hagairavid/LocAlign/datasets/apo_structures/STU/apo8fecc5e979.pdb,apo8fecc5e979,found,2,"[""3m2wA: pocket_occupied""]"
2q1f,A,CA,,,,,,,,no_candidate_passed_prefilter,0,[]
2q1s,A,NAI,,,,,,,,all_candidates_pocket_occupied,4,"[""2q1uA: pocket_occupied"", ""2q1uB: chain_not_found"", ""2q1tA: pocket_occupied"", ""2pzjA: pocket_occupied""]"
2q3o,B,FMN,,,,,,,,all_candidates_pocket_occupied,4,"[""1q45A: pocket_occupied"", ""1q45B: chain_not_found"", ""2g5wA: pocket_occupied"", ""2g5wB: chain_not_found""]"
2q3r,A,FMN,,,,,,,,all_candidates_pocket_occupied,1,"[""1vjiA: pocket_occupied""]"
2q46,A,NAP,,,,,,,,all_candidates_pocket_occupied,6,"[""1xq6A: pocket_occupied"", ""1xq6B: chain_not_found"", ""1ybmA: pocket_occupied"", ""1ybmB: chain_not_found"", ""2q4bA: pocket_occupied"", ""2q4bB: chain_not_found""]"
2q4a,B,FE,1y0z,A,A,2.4,1.2473789571504303,/home/iscb/wolfson/hagairavid/LocAlign/datasets/apo_structures/FE/apo1289eb47dc.pdb,apo1289eb47dc,found,1,[]
2q5l,A,R1T,,,,,,,,all_candidates_pocket_occupied,8,"[""2nxwA: pocket_occupied"", ""2nxwB: chain_not_found"", ""2q5qA: pocket_occupied"", ""2q5qB: chain_not_found"", ""2q5oA: pocket_occupied"", ""2q5oB: chain_not_found"", ""2q5jA: pocket_occupied"", ""2q5jB: chain_not_found""]"
2q6o,A,SAM,,,,,,,,all_candidates_pocket_occupied,9,"[""6ryzA: pocket_occupied"", ""6ryzB: chain_not_found"", ""6ryzC: chain_not_found"", ""2q6kA: pocket_occupied"", ""6rz2A: pocket_occupied"", ""6rz2B: chain_not_found"", ""6rz2C: chain_not_found"", ""2q6iA: pocket_occupied"", ""2q6lA: pocket_occupied""]"
2q8p,A,HEM,,,,,,,,all_candidates_pocket_occupied,1,"[""2q8qA: pocket_occupied""]"
2qa5,B,GDP,,,,,,,,all_candidates_pocket_occupied,8,"[""6upqA: pocket_occupied"", ""6uprA: pocket_occupied"", ""6upaA: pocket_occupied"", ""2qnrA: pocket_occupied"", ""2qnrB: chain_not_found"", ""7m6jA: chain_not_found"", ""7m6jF: chain_not_found"", ""2qagA: pocket_occupied""]"
2qag,C,GDP,,,,,,,,all_candidates_pocket_occupied,2,"[""7m6jC: pocket_occupied"", ""7m6jD: chain_not_found""]"
2qcu,B,FAD,,,,,,,,all_candidates_pocket_occupied,8,"[""2r4jA: pocket_occupied"", ""2r4jB: chain_not_found"", ""2r46A: pocket_occupied"", ""2r46B: chain_not_found"", ""2r4eA: pocket_occupied"", ""2r4eB: chain_not_found"", ""2r45A: pocket_occupied"", ""2r45B: chain_not_found""]"
2qcu,B,PO4,,,,,,,,all_candidates_pocket_occupied,8,"[""2r4jA: pocket_occupied"", ""2r4jB: chain_not_found"", ""2r46A: pocket_occupied"", ""2r46B: chain_not_found"", ""2r4eA: pocket_occupied"", ""2r4eB: chain_not_found"", ""2r45A: pocket_occupied"", ""2r45B: chain_not_found""]"
2qe6,A,SAM,,,,,,,,no_candidate_passed_prefilter,0,[]
2qes,A,ADE,,,,,,,,all_candidates_pocket_occupied,3,"[""2z4uA: pocket_occupied"", ""2qetA: pocket_occupied"", ""2z53A: pocket_occupied""]"
2qgi,A,MN,2nxv,A,A,1.1,0.14985303922150006,/home/iscb/wolfson/hagairavid/LocAlign/datasets/apo_structures/MN/apo2736d9c612.pdb,apo2736d9c612,found,1,[]
2qim,A,CA,5mxb,A,A,1.51,0.7155783716098294,/home/iscb/wolfson/hagairavid/LocAlign/datasets/apo_structures/CA/apo655bc21a73.pdb,apo655bc21a73,found,1,[]
2qk4,B,ATP,,,,,,,,no_candidate_passed_prefilter,0,[]
2qlt,A,CA,,,,,,,,no_candidate_passed_prefilter,0,[]
2qlu,A,ADE,,,,,,,,no_candidate_passed_prefilter,0,[]
2qlw,B,MG,,,,,,,,all_candidates_pocket_occupied,2,"[""2qlxA: pocket_occupied"", ""2qlxB: chain_not_found""]"
2qmm,A,SAM,,,,,,,,no_candidate_passed_prefilter,0,[]
2qpp,B,HEM,5uc8,A,A,2.0,0.5961809623584041,/home/iscb/wolfson/hagairavid/LocAlign/datasets/apo_structures/HEM/apo0d07583e35.pdb,apo0d07583e35,found,5,"[""5uc9A: pocket_occupied"", ""5uc9B: chain_not_found"", ""5uc9C: chain_not_found"", ""5uc9D: chain_not_found""]"
2qqo,A,CA,8ivx,A,A,1.9,0.7879640094763373,/home/iscb/wolfson/hagairavid/LocAlign/datasets/apo_structures/CA/apo65bc71504e.pdb,apo65bc71504e,found,1,[]
2qt7,B,CA,3n01,A,A,1.3,0.5156378938144444,/home/iscb/wolfson/hagairavid/LocAlign/datasets/apo_structures/CA/apo8d6fde58d4.pdb,apo8d6fde58d4,found,1,[]
2qtt,A,ADE,2qsu,A,A,2.0,0.5011320894121675,/home/iscb/wolfson/hagairavid/LocAlign/datasets/apo_structures/ADE/apo67359c8433.pdb,apo67359c8433,found,5,"[""2h8gA: pocket_occupied"", ""2h8gB: chain_not_found"", ""2qtgA: pocket_occupied"", ""2qtgB: chain_not_found""]"
2qv6,A,K,,,,,,,,no_candidate_passed_prefilter,0,[]
2qyo,A,SAH,,,,,,,,no_candidate_passed_prefilter,0,[]
2r01,A,CA,,,,,,,,no_candidate_passed_prefilter,0,[]
2r0g,A,FAD,,,,,,,,all_candidates_pocket_occupied,8,"[""2r0cA: pocket_occupied"", ""2r0pA: pocket_occupied"", ""4eipA: pocket_occupied"", ""4eipB: chain_not_found"", ""4eiqA: pocket_occupied"", ""4eiqB: chain_not_found"", ""3eptA: pocket_occupied"", ""3eptB: chain_not_found""]"
2r3a,A,SAM,,,,,,,,all_candidates_pocket_occupied,2,"[""6p0rA: pocket_occupied"", ""6p0rB: chain_not_found""]"
2r50,C,HEM,,,,,,,,no_candidate_passed_prefilter,0,[]
2r58,A,MLY,2r57,A,A,2.2,0.2197770231095734,/home/iscb/wolfson/hagairavid/LocAlign/datasets/apo_structures/MLY/apo33f7015dea.pdb,apo33f7015dea,found,1,[]
2r66,A,F6P,,,,,,,,all_candidates_pocket_occupied,1,"[""2r68A: pocket_occupied""]"
2r7a,A,HEM,2rg7,A,A,2.05,0.5107800617512559,/home/iscb/wolfson/hagairavid/LocAlign/datasets/apo_structures/HEM/apo837d5797bf.pdb,apo837d5797bf,found,1,[]
2r7k,A,AMZ,,,,,,,,all_candidates_pocket_occupied,3,"[""2r7lA: pocket_occupied"", ""2r7mA: pocket_occupied"", ""2r7nA: pocket_occupied""]"
2r84,B,AMZ,,,,,,,,all_candidates_pocket_occupied,10,"[""2r85A: pocket_occupied"", ""2r85B: chain_not_found"", ""2r87A: pocket_occupied"", ""2r87B: chain_not_found"", ""2r87C: chain_not_found"", ""2r87D: chain_not_found"", ""2r87E: chain_not_found"", ""2r87F: chain_not_found"", ""2r86A: pocket_occupied"", ""2r86B: chain_not_found""]"
2ra3,A,CA,4wwy,A,A,1.7,0.3473299993500749,/home/iscb/wolfson/hagairavid/LocAlign/datasets/apo_structures/CA/apo4a35304363.pdb,apo4a35304363,found,1,[]
2ra4,B,TFA,,,,,,,,no_candidate_passed_prefilter,0,[]
2rar,A,VN4,,,,,,,,all_candidates_pocket_occupied,4,"[""2rbkA: pocket_occupied"", ""2rb5A: pocket_occupied"", ""2ravA: pocket_occupied"", ""1ymqA: pocket_occupied""]"
2rc5,A,FAD,,,,,,,,all_candidates_pocket_occupied,4,"[""2rc6A: pocket_occupied"", ""2rc6B: chain_not_found"", ""2rc6C: chain_not_found"", ""2rc6D: chain_not_found""]"
2rcy,A,NAP,,,,,,,,no_candidate_passed_prefilter,0,[]
2rex,D,CA,3q3j,A,B,1.971,0.45391680559268505,/home/iscb/wolfson/hagairavid/LocAlign/datasets/apo_structures/CA/apo1358b87bf3.pdb,apo1358b87bf3,found,1,[]
2rex,D,GNP,,,,,,,,all_candidates_pocket_occupied,3,"[""3q3jB: pocket_occupied"", ""2clsA: pocket_occupied"", ""2clsB: chain_not_found""]"
2rex,D,MG,,,,,,,,all_candidates_pocket_occupied,3,"[""3q3jB: pocket_occupied"", ""2clsA: pocket_occupied"", ""2clsB: chain_not_found""]"
2rfb,A,HEM,,,,,,,,all_candidates_pocket_occupied,4,"[""2rfcA: pocket_occupied"", ""2rfcB: chain_not_found"", ""2rfcC: chain_not_found"", ""2rfcD: chain_not_found""]"
2rhu,A,MLY,2rjd,A,A,1.65,0.5260401835279993,/home/iscb/wolfson/hagairavid/LocAlign/datasets/apo_structures/MLY/apoff18910305.pdb,apoff18910305,found,2,"[""1oz2A: pocket_occupied""]"
2uvn,A,HEM,,,,,,,,all_candidates_pocket_occupied,7,"[""2uuqA: pocket_occupied"", ""2wgyA: pocket_occupied"", ""2whfA: pocket_occupied"", ""2wh8A: pocket_occupied"", ""2wh8B: chain_not_found"", ""2wh8C: chain_not_found"", ""2wh8D: chain_not_found""]"
2uvq,A,ADP,2jeo,A,A,2.5,0.3478842191102688,/home/iscb/wolfson/hagairavid/LocAlign/datasets/apo_structures/ADP/apo4a7118351f.pdb,apo4a7118351f,found,9,"[""9sgfA: pocket_occupied"", ""9sgfB: chain_not_found"", ""9sgfC: chain_not_found"", ""9sgfD: chain_not_found"", ""9sggA: pocket_occupied"", ""9sggB: chain_not_found"", ""9sggC: chain_not_found"", ""9sggD: chain_not_found""]"
2uyd,X,HEM,3csn,A,C,3.0,0.8422134729355887,/home/iscb/wolfson/hagairavid/LocAlign/datasets/apo_structures/HEM/apo6b7c02796f.pdb,apo6b7c02796f,found,18,"[""9xpdA: pocket_occupied"", ""9xohA: pocket_occupied"", ""9xohB: chain_not_found"", ""9xohC: chain_not_found"", ""9xohD: chain_not_found"", ""1dk0A: pocket_occupied"", ""1dk0B: chain_not_found"", ""9xokA: pocket_occupied"", ""1b2vA: pocket_occupied"", ""9xpiA: pocket_occupied"", ""2cn4A: pocket_occupied"", ""2cn4B: chain_not_found"", ""3cslC: pocket_occupied"", ""3cslD: chain_not_found"", ""5c58B: pocket_occupied"", ""3ddrC: pocket_occupied"", ""3ddrD: chain_not_found""]"
2uyq,A,SAM,2uyo,A,A,1.7,0.1912152689457695,/home/iscb/wolfson/hagairavid/LocAlign/datasets/apo_structures/SAM/apoe4100df4a7.pdb,apoe4100df4a7,found,1,[]
2uz3,B,TTP,,,,,,,,all_candidates_pocket_occupied,4,"[""2b8tA: pocket_occupied"", ""2b8tB: chain_not_found"", ""2b8tC: chain_not_found"", ""2b8tD: chain_not_found""]"
2uzf,A,CAA,,,,,,,,no_candidate_passed_prefilter,0,[]
2v2q,B,GOL,2v34,A,A,2.3,0.41650350321663565,/home/iscb/wolfson/hagairavid/LocAlign/datasets/apo_structures/GOL/apocb60c4dfd8.pdb,apocb60c4dfd8,found,7,"[""2v8pA: pocket_occupied"", ""2v8pB: chain_not_found"", ""2vf3A: pocket_occupied"", ""2vf3B: chain_not_found"", ""2v2zA: pocket_occupied"", ""2v2zB: chain_not_found""]"
2v40,A,GDP,,,,,,,,no_candidate_passed_prefilter,0,[]
2v45,A,SF4,,,,,,,,all_candidates_pocket_occupied,7,"[""2napA: pocket_occupied"", ""2v3vA: pocket_occupied"", ""2jioA: pocket_occupied"", ""2jipA: pocket_occupied"", ""2jirA: pocket_occupied"", ""2jiqA: pocket_occupied"", ""2jimA: pocket_occupied""]"
2v54,A,TYD,,,,,,,,all_candidates_pocket_occupied,2,"[""2w0sA: pocket_occupied"", ""2w0sB: chain_not_found""]"
2v55,D,GTP,,,,,,,,all_candidates_pocket_occupied,1,"[""1m7bA: pocket_occupied""]"
2v6k,A,ACT,2jl4,A,A,2.3,0.2655838818527543,/home/iscb/wolfson/hagairavid/LocAlign/datasets/apo_structures/ACT/apo2e8504df5c.pdb,apo2e8504df5c,found,1,[]
2v72,A,CA,,,,,,,,no_candidate_passed_prefilter,0,[]
2v73,A,SIA,,,,,,,,no_candidate_passed_prefilter,0,[]
2v9k,A,ZN,,,,,,,,no_candidate_passed_prefilter,0,[]
2vdv,E,SAM,2vdu,A,E,2.4,1.5555345059850814,/home/iscb/wolfson/hagairavid/LocAlign/datasets/apo_structures/SAM/apo7571e7ce4e.pdb,apo7571e7ce4e,found,1,[]
2ve3,A,HEM,,,,,,,,all_candidates_pocket_occupied,2,"[""2ve4A: pocket_occupied"", ""2ve4B: chain_not_found""]"
2vea,A,CYC,,,,,,,,all_candidates_pocket_occupied,5,"[""3zq5A: pocket_occupied"", ""8rvxA: pocket_occupied"", ""8rvxB: chain_not_found"", ""8rvxC: chain_not_found"", ""8rvxD: chain_not_found""]"
2veo,B,GOL,,,,,,,,all_candidates_pocket_occupied,2,"[""3guuA: pocket_occupied"", ""3guuB: chain_not_found""]"
2vfk,A,AMP,2vfy,A,A,1.8,0.523430878850552,/home/iscb/wolfson/hagairavid/LocAlign/datasets/apo_structures/AMP/apob5350c771e.pdb,apob5350c771e,found,1,[]
2vhd,A,CA,1eb7,A,A,2.4,2.667764211733649,/home/iscb/wolfson/hagairavid/LocAlign/datasets/apo_structures/CA/apo201baba6f3.pdb,apo201baba6f3,found,1,[]
2vhw,E,NAI,2vhy,A,A,2.3,2.3228860918146985,/home/iscb/wolfson/hagairavid/LocAlign/datasets/apo_structures/NAI/apo6d990c3c92.pdb,apo6d990c3c92,found,10,"[""4lmpA: pocket_occupied"", ""2vhxA: pocket_occupied"", ""2vhxB: chain_not_found"", ""2vhxC: chain_not_found"", ""2vhxD: chain_not_found"", ""2vhxE: chain_not_found"", ""2vhxF: chain_not_found"", ""2vhzA: pocket_occupied"", ""2vhzB: chain_not_found""]"
2vjy,A,MG,,,,,,,,all_candidates_pocket_occupied,10,"[""2vk4A: pocket_occupied"", ""2vk4B: chain_not_found"", ""2vk4C: chain_not_found"", ""2vk4D: chain_not_found"", ""6efgA: pocket_occupied"", ""6efgB: chain_not_found"", ""6efgD: chain_not_found"", ""6efgE: chain_not_found"", ""6efhA: pocket_occupied"", ""6efhB: chain_not_found""]"
2vjy,A,TPP,,,,,,,,all_candidates_pocket_occupied,10,"[""2vk4A: pocket_occupied"", ""2vk4B: chain_not_found"", ""2vk4C: chain_not_found"", ""2vk4D: chain_not_found"", ""6efgA: pocket_occupied"", ""6efgB: chain_not_found"", ""6efgD: chain_not_found"", ""6efgE: chain_not_found"", ""6efhA: pocket_occupied"", ""6efhB: chain_not_found""]"
2vk1,A,TPP,,,,,,,,all_candidates_pocket_occupied,14,"[""2vk8A: pocket_occupied"", ""2vk8B: chain_not_found"", ""2vk8C: chain_not_found"", ""2vk8D: chain_not_found"", ""2w93A: pocket_occupied"", ""2w93B: chain_not_found"", ""2w93C: chain_not_found"", ""2w93D: chain_not_found"", ""1pvdA: pocket_occupied"", ""1pvdB: chain_not_found"", ""1qpbA: pocket_occupied"", ""1qpbB: chain_not_found"", ""1pydA: pocket_occupied"", ""1pydB: chain_not_found""]"
2vkr,A,SF4,,,,,,,,no_candidate_passed_prefilter,0,[]
2vmh,A,CA,2vmi,A,A,1.7,0.07682852188394644,/home/iscb/wolfson/hagairavid/LocAlign/datasets/apo_structures/CA/apocadb7c2579.pdb,apocadb7c2579,found,1,[]
2vn0,A,HEM,,,,,,,,all_candidates_pocket_occupied,6,"[""2nnjA: pocket_occupied"", ""2nnhA: pocket_occupied"", ""2nnhB: chain_not_found"", ""1pq2A: pocket_occupied"", ""1pq2B: chain_not_found"", ""2nniA: pocket_occupied""]"
2vn2,A,MG,,,,,,,,no_candidate_passed_prefilter,0,[]
2vou,A,GOL,,,,,,,,no_candidate_passed_prefilter,0,[]
2vpa,A,PYR,2x1j,A,A,1.9,0.22741735798473456,/home/iscb/wolfson/hagairavid/LocAlign/datasets/apo_structures/PYR/apo0305834168.pdb,apo0305834168,found,6,"[""2x1kA: pocket_occupied"", ""1w3oA: pocket_occupied"", ""1w3pA: pocket_occupied"", ""1w3qA: pocket_occupied"", ""1w3rA: pocket_occupied""]"
2vpw,A,SF4,,,,,,,,all_candidates_pocket_occupied,6,"[""2vpzA: pocket_occupied"", ""2vpzE: chain_not_found"", ""2vpyA: pocket_occupied"", ""2vpyE: chain_not_found"", ""2vpxA: pocket_occupied"", ""2vpxE: chain_not_found""]"
2vq2,A,SO3,,,,,,,,no_candidate_passed_prefilter,0,[]
2vqr,A,CA,,,,,,,,all_candidates_pocket_occupied,2,"[""9gvdA: pocket_occupied"", ""9gveA: pocket_occupied""]"
2vrd,A,ZN,7vpx,A,N,3.0,2.6975960423090113,/home/iscb/wolfson/hagairavid/LocAlign/datasets/apo_structures/ZN/apoad8bb950b4.pdb,apoad8bb950b4,found,1,[]
2vt3,B,ATP,,,,,,,,all_candidates_pocket_occupied,2,"[""2vt2A: pocket_occupied"", ""2vt2B: chain_not_found""]"
2vuv,A,CA,,,,,,,,all_candidates_pocket_occupied,1,"[""2vuzA: pocket_occupied""]"
2vxa,A,RBF,,,,,,,,no_candidate_passed_prefilter,0,[]
2vyw,A,HEM,,,,,,,,no_uniprot_mapping,0,[]
2vzs,A,GCS,,,,,,,,all_candidates_pocket_occupied,12,"[""2vzuA: pocket_occupied"", ""2vzuB: chain_not_found"", ""2vztA: pocket_occupied"", ""2vztB: chain_not_found"", ""2vzoA: pocket_occupied"", ""2vzoB: chain_not_found"", ""2x05A: pocket_occupied"", ""2x05B: chain_not_found"", ""2x09A: pocket_occupied"", ""2x09B: chain_not_found"", ""2vzvA: pocket_occupied"", ""2vzvB: chain_not_found""]"
2vzw,B,HEM,,,,,,,,no_candidate_passed_prefilter,0,[]
2vzy,C,ACT,,,,,,,,all_candidates_pocket_occupied,4,"[""2vzzA: pocket_occupied"", ""2vzzB: chain_not_found"", ""2vzzC: chain_not_found"", ""2vzzD: chain_not_found""]"
2w0a,A,HEM,,,,,,,,all_candidates_pocket_occupied,12,"[""2cibA: chain_not_found"", ""2ci0A: chain_not_found"", ""1x8vA: chain_not_found"", ""2w0bA: chain_not_found"", ""2w09A: chain_not_found"", ""2vkuA: chain_not_found"", ""1u13A: chain_not_found"", ""1h5zA: chain_not_found"", ""1e9xA: pocket_occupied"", ""1ea1A: chain_not_found"", ""2bz9A: chain_not_found"", ""2bz9B: chain_not_found""]"
2w1u,B,CA,2w1s,A,A,1.45,0.6970634194428557,/home/iscb/wolfson/hagairavid/LocAlign/datasets/apo_structures/CA/apoeab59ce7a3.pdb,apoeab59ce7a3,found,1,[]
2w2i,C,PD2,,,,,,,,no_candidate_passed_prefilter,0,[]
2w31,A,HEM,,,,,,,,no_candidate_passed_prefilter,0,[]
2w3n,A,ACT,2w3q,A,A,1.34,1.3002486069313228,/home/iscb/wolfson/hagairavid/LocAlign/datasets/apo_structures/ACT/apo93b05a6417.pdb,apo93b05a6417,found,1,[]
2wa2,A,SAM,2wa1,A,A,2.0,0.38119707811122167,/home/iscb/wolfson/hagairavid/LocAlign/datasets/apo_structures/SAM/apo579d4c1abc.pdb,apo579d4c1abc,found,1,[]
2wa2,B,SAM,2wa1,A,A,2.0,0.5636275324551177,/home/iscb/wolfson/hagairavid/LocAlign/datasets/apo_structures/SAM/apof29fc40d1c.pdb,apof29fc40d1c,found,1,[]
2wbv,B,SIA,2j2j,A,A,1.5,0.2552251548075484,/home/iscb/wolfson/hagairavid/LocAlign/datasets/apo_structures/SIA/apo0d0b42695c.pdb,apo0d0b42695c,found,1,[]
2wg7,A,CA,2wg8,A,A,2.3,0.48148752373038195,/home/iscb/wolfson/hagairavid/LocAlign/datasets/apo_structures/CA/apo9e950711d5.pdb,apo9e950711d5,found,3,"[""2wg9A: pocket_occupied"", ""2wg9B: chain_not_found""]"
2wno,A,CA,,,,,,,,no_candidate_passed_prefilter,0,[]
2wqk,A,SO4,,,,,,,,no_candidate_passed_prefilter,0,[]
2wqn,A,ADP,2wqm,A,A,2.1,0.29863709321172927,/home/iscb/wolfson/hagairavid/LocAlign/datasets/apo_structures/ADP/apoaae8bb1967.pdb,apoaae8bb1967,found,1,[]
2wtg,A,HEM,,,,,,,,all_candidates_pocket_occupied,2,"[""2wthA: pocket_occupied"", ""2wthB: chain_not_found""]"
2wtk,C,ANP,8vsu,A,C,2.86,0.6868739403652175,/home/iscb/wolfson/hagairavid/LocAlign/datasets/apo_structures/ANP/apo3c9b6396a1.pdb,apo3c9b6396a1,found,1,[]
2wtx,D,UDP,6jak,A,A,2.41,0.9896767924450389,/home/iscb/wolfson/hagairavid/LocAlign/datasets/apo_structures/UDP/apo5ced6e3fa7.pdb,apo5ced6e3fa7,found,5,"[""1uqtA: pocket_occupied"", ""1uqtB: chain_not_found"", ""1uquA: pocket_occupied"", ""1uquB: chain_not_found""]"
2wy2,D,PO3,1iib,A,A,1.8,0.7143696920529402,/home/iscb/wolfson/hagairavid/LocAlign/datasets/apo_structures/PO3/apo357d306a87.pdb,apo357d306a87,found,1,[]
2x0i,A,NAI,,,,,,,,all_candidates_pocket_occupied,1,"[""2x0jA: pocket_occupied""]"
2x1l,A,2HP,,,,,,,,all_candidates_pocket_occupied,1,"[""2x1mA: pocket_occupied""]"
2x3l,B,PLP,,,,,,,,no_candidate_passed_prefilter,0,[]
2x67,A,HEM,,,,,,,,all_candidates_pocket_occupied,7,"[""2v7kA: pocket_occupied"", ""2v7iA: pocket_occupied"", ""2v7jA: pocket_occupied"", ""2v7mA: pocket_occupied"", ""2x66A: pocket_occupied"", ""2x68A: pocket_occupied"", ""2v7lA: pocket_occupied""]"
2x6b,A,PC,7n9l,A,A,2.4,0.838450965118459,/home/iscb/wolfson/hagairavid/LocAlign/datasets/apo_structures/PC/apo65f5d6f793.pdb,apo65f5d6f793,found,2,"[""6o9uA: pocket_occupied""]"
2x7j,A,MN,,,,,,,,no_candidate_passed_prefilter,0,[]
2x7j,A,TPP,,,,,,,,no_candidate_passed_prefilter,0,[]
2xco,A,CA,5iwi,A,B,1.98,1.88073197677024,/home/iscb/wolfson/hagairavid/LocAlign/datasets/apo_structures/CA/apo1dfa516aef.pdb,apo1dfa516aef,found,1,[]
2xdq,A,SF4,,,,,,,,no_candidate_passed_prefilter,0,[]
2xe5,B,C8E,2xe2,A,A,2.5,0.2086973589494804,/home/iscb/wolfson/hagairavid/LocAlign/datasets/apo_structures/C8E/apo6f853edc3c.pdb,apo6f853edc3c,found,1,[]
2xfg,A,CA,,,,,,,,no_candidate_passed_prefilter,0,[]
2xfg,B,CA,,,,,,,,no_candidate_passed_prefilter,0,[]
2xgj,B,ADP,4qu4,A,A,3.392,3.3235417210807925,/home/iscb/wolfson/hagairavid/LocAlign/datasets/apo_structures/ADP/apo4fda4ccb98.pdb,apo4fda4ccb98,found,4,"[""4u4cA: pocket_occupied"", ""5ooqA: pocket_occupied"", ""5ooqB: chain_not_found""]"
2xik,A,J60,,,,,,,,all_candidates_pocket_occupied,2,"[""7z4vA: pocket_occupied"", ""4nzwB: pocket_occupied""]"
2xiq,A,B12,3bic,A,A,2.6,1.8853381569898973,/home/iscb/wolfson/hagairavid/LocAlign/datasets/apo_structures/B12/apo574bedef13.pdb,apo574bedef13,found,4,"[""8dylB: pocket_occupied"", ""2xijA: pocket_occupied"", ""8dyjB: pocket_occupied""]"
2xkb,C,GDP,3j4t,A,F,10.8,1.0102771987654697,/home/iscb/wolfson/hagairavid/LocAlign/datasets/apo_structures/GDP/apoc424f1c171.pdb,apoc424f1c171,found,11,"[""3m89A: pocket_occupied"", ""3m8kA: pocket_occupied"", ""2xkaA: pocket_occupied"", ""2xkaB: chain_not_found"", ""2xkaC: chain_not_found"", ""2xkaD: chain_not_found"", ""2xkaE: chain_not_found"", ""2xkaF: chain_not_found"", ""2xkaG: chain_not_found"", ""3j4sA: pocket_occupied""]"
2xmo,A,CA,,,,,,,,no_candidate_passed_prefilter,0,[]
2xq1,B,HEM,,,,,,,,no_candidate_passed_prefilter,0,[]
2xrg,A,CA,7g2w,A,A,1.25,1.2450642601478887,/home/iscb/wolfson/hagairavid/LocAlign/datasets/apo_structures/CA/apo0a55819db3.pdb,apo0a55819db3,found,1,[]
2xrm,A,CA,2x8j,A,A,1.56,1.3766237430195538,/home/iscb/wolfson/hagairavid/LocAlign/datasets/apo_structures/CA/apoff6aa213a4.pdb,apoff6aa213a4,found,1,[]
2xtz,A,GSP,,,,,,,,no_candidate_passed_prefilter,0,[]
2xvz,A,CO,,,,,,,,all_candidates_pocket_occupied,2,"[""2xvyA: pocket_occupied"", ""2xvxA: pocket_occupied""]"
2xvz,A,HEM,,,,,,,,all_candidates_pocket_occupied,2,"[""2xvyA: pocket_occupied"", ""2xvxA: pocket_occupied""]"
2xw7,A,NDP,,,,,,,,no_candidate_passed_prefilter,0,[]
2xwb,F,MG,3hrz,A,D,2.2,1.9533026242939315,/home/iscb/wolfson/hagairavid/LocAlign/datasets/apo_structures/MG/apo5c2dcc7d84.pdb,apo5c2dcc7d84,found,1,[]
2xxl,A,CA,,,,,,,,no_candidate_passed_prefilter,0,[]
2xyk,B,HEM,,,,,,,,no_candidate_passed_prefilter,0,[]
2y05,A,NAP,9d6w,A,A,2.1,0.4249703857336623,/home/iscb/wolfson/hagairavid/LocAlign/datasets/apo_structures/NAP/apodfb84bd676.pdb,apodfb84bd676,found,15,"[""9d6zA: pocket_occupied"", ""9d6zB: chain_not_found"", ""9d6xA: pocket_occupied"", ""9d6xB: chain_not_found"", ""9d6xC: chain_not_found"", ""9d6xD: chain_not_found"", ""9d71A: pocket_occupied"", ""9d71B: chain_not_found"", ""9d71C: chain_not_found"", ""9d71D: chain_not_found"", ""9mdeA: pocket_occupied"", ""9mdeB: chain_not_found"", ""9mdeC: chain_not_found"", ""9mdeD: chain_not_found""]"
2y5n,B,HEM,,,,,,,,all_candidates_pocket_occupied,17,"[""2y98A: pocket_occupied"", ""2ycaA: pocket_occupied"", ""2y46A: pocket_occupied"", ""2y46B: chain_not_found"", ""2y46C: chain_not_found"", ""3zsnA: pocket_occupied"", ""3zsnB: chain_not_found"", ""3zsnC: chain_not_found"", ""4aw3A: pocket_occupied"", ""4aw3B: chain_not_found"", ""2y5zA: pocket_occupied"", ""2y5zB: chain_not_found"", ""2y5zC: chain_not_found"", ""2ygxA: pocket_occupied"", ""2ygxB: chain_not_found"", ""2ygxC: chain_not_found"", ""2ygxD: chain_not_found""]"
2y6o,A,1N1,2hel,A,A,2.35,1.1210411834704828,/home/iscb/wolfson/hagairavid/LocAlign/datasets/apo_structures/1N1/apo2ef231ad36.pdb,apo2ef231ad36,found,3,"[""2y6mA: pocket_occupied"", ""2xyuA: pocket_occupied""]"
2y8h,A,HEM,,,,,,,,all_candidates_pocket_occupied,14,"[""2w3gA: pocket_occupied"", ""2w3gB: chain_not_found"", ""2w3eA: pocket_occupied"", ""2w3eB: chain_not_found"", ""2w3fA: pocket_occupied"", ""2w3fB: chain_not_found"", ""2w3hA: pocket_occupied"", ""2w3hB: chain_not_found"", ""2y79A: pocket_occupied"", ""2y79B: chain_not_found"", ""4yofA: pocket_occupied"", ""4yofB: chain_not_found"", ""2w3dA: pocket_occupied"", ""2w3dB: chain_not_found""]"
2ycd,A,GTB,3lq7,A,A,2.3,0.5908124111500965,/home/iscb/wolfson/hagairavid/LocAlign/datasets/apo_structures/GTB/apob12dbe12e2.pdb,apob12dbe12e2,found,1,[]
2ydc,A,GDP,5ae0,A,A,1.04,1.499242044054062,/home/iscb/wolfson/hagairavid/LocAlign/datasets/apo_structures/GDP/apo11d986f878.pdb,apo11d986f878,found,1,[]
2yes,B,MN,,,,,,,,all_candidates_pocket_occupied,4,"[""2weeA: pocket_occupied"", ""2weeB: chain_not_found"", ""2we9A: pocket_occupied"", ""2we9B: chain_not_found""]"
2yfb,B,ACT,,,,,,,,all_candidates_pocket_occupied,2,"[""2yfaA: pocket_occupied"", ""2yfaB: chain_not_found""]"
2yfr,A,CA,2yft,A,A,1.85,0.22444844093628583,/home/iscb/wolfson/hagairavid/LocAlign/datasets/apo_structures/CA/apo78da5fe39b.pdb,apo78da5fe39b,found,1,[]
2ygm,B,CA,2ygl,A,A,2.1,1.9509440258622297,/home/iscb/wolfson/hagairavid/LocAlign/datasets/apo_structures/CA/apo52bf805b2d.pdb,apo52bf805b2d,found,1,[]
2ygq,A,FUC,,,,,,,,no_candidate_passed_prefilter,0,[]
2yiu,B,HEC,,,,,,,,no_candidate_passed_prefilter,0,[]
2yj4,B,ATP,,,,,,,,all_candidates_pocket_occupied,7,"[""2yj3A: pocket_occupied"", ""2yj6A: pocket_occupied"", ""2yj6B: chain_not_found"", ""2yj5A: pocket_occupied"", ""2yj5B: chain_not_found"", ""2iyeA: pocket_occupied"", ""2iyeC: chain_not_found""]"
2yjg,A,MG,,,,,,,,no_candidate_passed_prefilter,0,[]
2yk3,A,HEC,,,,,,,,no_candidate_passed_prefilter,0,[]
2ykk,A,CA,2yih,A,A,1.7,0.15297369678610576,/home/iscb/wolfson/hagairavid/LocAlign/datasets/apo_structures/CA/apof02131bf98.pdb,apof02131bf98,found,1,[]
2yku,A,PLP,6iz9,A,A,2.199,1.313516030488725,/home/iscb/wolfson/hagairavid/LocAlign/datasets/apo_structures/PLP/apo744b815250.pdb,apo744b815250,found,13,"[""2ykyA: pocket_occupied"", ""2ykyB: chain_not_found"", ""2ykyC: chain_not_found"", ""2ykxA: pocket_occupied"", ""2ykxB: chain_not_found"", ""2ykxC: chain_not_found"", ""2ykvA: pocket_occupied"", ""2ykvB: chain_not_found"", ""2ykvC: chain_not_found"", ""4ao4A: pocket_occupied"", ""4ao4B: chain_not_found"", ""4ao4C: chain_not_found""]"
2ymv,A,FNR,,,,,,,,no_candidate_passed_prefilter,0,[]
2ynm,C,SF4,,,,,,,,no_candidate_passed_prefilter,0,[]
2yqz,A,SAM,,,,,,,,all_candidates_pocket_occupied,2,"[""2yr0A: pocket_occupied"", ""2yr0B: chain_not_found""]"
2yte,A,ZN,,,,,,,,no_candidate_passed_prefilter,0,[]
2yut,A,NAP,,,,,,,,no_candidate_passed_prefilter,0,[]
2yvl,A,SAM,,,,,,,,no_candidate_passed_prefilter,0,[]
2ywc,A,XMP,2ywb,A,A,2.1,0.7702761075107654,/home/iscb/wolfson/hagairavid/LocAlign/datasets/apo_structures/XMP/apo88004a8edf.pdb,apo88004a8edf,found,1,[]
2ywf,A,GNP,2ywe,A,A,2.05,0.609347550190535,/home/iscb/wolfson/hagairavid/LocAlign/datasets/apo_structures/GNP/apo802414577e.pdb,apo802414577e,found,1,[]
2yxo,B,SO4,2z4g,A,A,1.8,0.22997820258513774,/home/iscb/wolfson/hagairavid/LocAlign/datasets/apo_structures/SO4/apod75880fb37.pdb,apod75880fb37,found,1,[]
2yy7,A,GOL,,,,,,,,no_candidate_passed_prefilter,0,[]
2yzq,A,SAM,,,,,,,,no_candidate_passed_prefilter,0,[]
2z36,B,HEM,,,,,,,,no_candidate_passed_prefilter,0,[]
2z3i,A,CAC,2z3g,A,A,1.5,0.45334397678730454,/home/iscb/wolfson/hagairavid/LocAlign/datasets/apo_structures/CAC/apo68da40ac58.pdb,apo68da40ac58,found,1,[]
2z3t,A,HEM,,,,,,,,all_candidates_pocket_occupied,2,"[""2z3uA: pocket_occupied"", ""3a1lA: pocket_occupied""]"
2z4t,A,C5P,,,,,,,,no_candidate_passed_prefilter,0,[]
2z5x,A,HRM,,,,,,,,all_candidates_pocket_occupied,5,"[""2z5yA: pocket_occupied"", ""2bxrA: pocket_occupied"", ""2bxrB: chain_not_found"", ""2bxsA: pocket_occupied"", ""2bxsB: chain_not_found""]"
2zat,A,NAP,,,,,,,,no_candidate_passed_prefilter,0,[]
2zbo,A,HEM,,,,,,,,holo_init_failed,0,"[""list index out of range""]"
2zdo,D,HEM,,,,,,,,no_candidate_passed_prefilter,0,[]
2ze0,A,CA,,,,,,,,no_candidate_passed_prefilter,0,[]
2zew,B,CA,2zex,A,A,1.2,0.9300932410222154,/home/iscb/wolfson/hagairavid/LocAlign/datasets/apo_structures/CA/apo016e4f7180.pdb,apo016e4f7180,found,1,[]
2zfb,A,HEM,,,,,,,,no_candidate_passed_prefilter,0,[]
2zgi,D,PLP,,,,,,,,no_candidate_passed_prefilter,0,[]
2zhg,A,FES,,,,,,,,all_candidates_pocket_occupied,1,"[""2zhhA: pocket_occupied""]"
2zif,B,SAM,2zig,A,A,2.1,0.5367957011155922,/home/iscb/wolfson/hagairavid/LocAlign/datasets/apo_structures/SAM/apoe7fc3f06d8.pdb,apoe7fc3f06d8,found,1,[]
2zkt,A,CA,,,,,,,,no_candidate_passed_prefilter,0,[]
2zkt,B,CA,,,,,,,,no_candidate_passed_prefilter,0,[]
2zmf,A,CMP,,,,,,,,no_candidate_passed_prefilter,0,[]
2zon,G,HEM,,,,,,,,no_candidate_passed_prefilter,0,[]
2zoo,A,HEM,,,,,,,,no_candidate_passed_prefilter,0,[]
2zoq,A,5ID,9tu0,A,A,2.17,1.0856341199803399,/home/iscb/wolfson/hagairavid/LocAlign/datasets/apo_structures/5ID/apo37dcf227f8.pdb,apo37dcf227f8,found,5,"[""4qtbA: pocket_occupied"", ""4qtbB: chain_not_found"", ""6gesA: pocket_occupied"", ""6gesB: chain_not_found""]"
2zsj,A,PLP,,,,,,,,no_candidate_passed_prefilter,0,[]
2zt5,A,B4P,4kqe,A,A,2.739,1.9811784412426068,/home/iscb/wolfson/hagairavid/LocAlign/datasets/apo_structures/B4P/apo6fd37a5c14.pdb,apo6fd37a5c14,found,2,"[""2zt7A: pocket_occupied""]"
2zts,C,ADP,,,,,,,,no_candidate_passed_prefilter,0,[]
2zu8,A,GDD,,,,,,,,all_candidates_pocket_occupied,4,"[""2zu9A: pocket_occupied"", ""2zu9B: chain_not_found"", ""2zu7A: pocket_occupied"", ""2zu7B: chain_not_found""]"
2zva,A,1N1,2zv7,A,A,2.5,0.5286383944224363,/home/iscb/wolfson/hagairavid/LocAlign/datasets/apo_structures/1N1/apo31b74076ce.pdb,apo31b74076ce,found,1,[]
2zvb,A,SAH,,,,,,,,all_candidates_pocket_occupied,1,"[""2zvcA: pocket_occupied""]"
351c,A,HEM,3x39,A,A,1.5,1.6748356757992733,/home/iscb/wolfson/hagairavid/LocAlign/datasets/apo_structures/HEM/apo3ec84872c9.pdb,apo3ec84872c9,found,1,[]
3a04,A,SF4,,,,,,,,all_candidates_pocket_occupied,1,"[""3a05A: pocket_occupied""]"
3a09,A,CA,,,,,,,,no_uniprot_mapping,0,[]
3a0b,E,HEM,,,,,,,,all_candidates_pocket_occupied,87,"[""5b66E: pocket_occupied"", ""5b66e: chain_not_found"", ""5b5eE: pocket_occupied"", ""5b5ee: chain_not_found"", ""3wu2E: pocket_occupied"", ""3wu2e: chain_not_found"", ""5v2cE: pocket_occupied"", ""5v2ce: chain_not_found"", ""4ub6E: pocket_occupied"", ""4ub6e: chain_not_found"", ""4ub8E: pocket_occupied"", ""4ub8e: chain_not_found"", ""8gn2E: pocket_occupied"", ""8gn2e: chain_not_found"", ""7d1tE: chain_not_found"", ""7d1te: chain_not_found"", ""9lp8E: pocket_occupied"", ""9lp8e: chain_not_found"", ""7d1uE: pocket_occupied"", ""7d1ue: chain_not_found"", ""8gn1E: pocket_occupied"", ""8gn1e: chain_not_found"", ""4il6E: chain_not_found"", ""4il6e: chain_not_found"", ""6jljE: pocket_occupied"", ""6jlje: chain_not_found"", ""6jlkE: pocket_occupied"", ""6jlke: chain_not_found"", ""6jllE: pocket_occupied"", ""6jlle: chain_not_found"", ""8ir5E: pocket_occupied"", ""8ir5e: chain_not_found"", ""8gn0E: chain_not_found"", ""8gn0e: chain_not_found"", ""8ir6E: pocket_occupied"", ""8ir6e: chain_not_found"", ""8ir9E: pocket_occupied"", ""8ir9e: chain_not_found"", ""8iraE: pocket_occupied"", ""8irae: chain_not_found"", ""7couE: pocket_occupied"", ""7coue: chain_not_found"", ""8ir7E: pocket_occupied"", ""8ir7e: chain_not_found"", ""8ir8E: pocket_occupied"", ""8ir8e: chain_not_found"", ""8ircE: pocket_occupied"", ""8irce: chain_not_found"", ""8ireE: pocket_occupied"", ""8iree: chain_not_found"", ""8irfE: pocket_occupied"", ""8irfe: chain_not_found"", ""8irhE: pocket_occupied"", ""8irhe: chain_not_found"", ""8iriE: pocket_occupied"", ""8irie: chain_not_found"", ""8irbE: pocket_occupied"", ""8irbe: chain_not_found"", ""8irdE: pocket_occupied"", ""8irde: chain_not_found"", ""8irgE: pocket_occupied"", ""8irge: chain_not_found"", ""5ws5E: pocket_occupied"", ""5ws5e: chain_not_found"", ""5ws6E: pocket_occupied"", ""5ws6e: chain_not_found"", ""6jlmE: pocket_occupied"", ""6jlme: chain_not_found"", ""7cjiE: pocket_occupied"", ""7cjie: chain_not_found"", ""6jlnE: pocket_occupied"", ""6jlne: chain_not_found"", ""6jloE: pocket_occupied"", ""6jloe: chain_not_found"", ""7cjjE: pocket_occupied"", ""7cjje: chain_not_found"", ""5gthE: pocket_occupied"", ""5gthe: chain_not_found"", ""5gtiE: pocket_occupied"", ""5gtie: chain_not_found"", ""6jlpE: pocket_occupied"", ""6jlpe: chain_not_found"", ""7edaE: pocket_occupied"", ""7dxae: pocket_occupied"", ""7dxhe: pocket_occupied"", ""3a0hE: pocket_occupied"", ""3a0he: chain_not_found""]"
3a0b,V,HEM,,,,,,,,all_candidates_pocket_occupied,87,"[""5b66V: pocket_occupied"", ""5b66v: chain_not_found"", ""5b5eV: pocket_occupied"", ""5b5ev: chain_not_found"", ""3wu2V: pocket_occupied"", ""3wu2v: chain_not_found"", ""5v2cV: pocket_occupied"", ""5v2cv: chain_not_found"", ""4ub6V: pocket_occupied"", ""4ub6v: chain_not_found"", ""4ub8V: pocket_occupied"", ""4ub8v: chain_not_found"", ""7d1tV: pocket_occupied"", ""7d1tv: chain_not_found"", ""8gn2V: chain_not_found"", ""8gn2v: chain_not_found"", ""9lp8V: pocket_occupied"", ""9lp8v: chain_not_found"", ""7d1uV: pocket_occupied"", ""7d1uv: chain_not_found"", ""4il6V: pocket_occupied"", ""4il6v: chain_not_found"", ""8gn1V: pocket_occupied"", ""8gn1v: chain_not_found"", ""6jljV: pocket_occupied"", ""6jljv: chain_not_found"", ""6jlkV: pocket_occupied"", ""6jlkv: chain_not_found"", ""6jllV: pocket_occupied"", ""6jllv: chain_not_found"", ""8gn0V: pocket_occupied"", ""8gn0v: chain_not_found"", ""8ir5V: chain_not_found"", ""8ir5v: chain_not_found"", ""8ir6V: pocket_occupied"", ""8ir6v: chain_not_found"", ""8ir9V: pocket_occupied"", ""8ir9v: chain_not_found"", ""8iraV: pocket_occupied"", ""8irav: chain_not_found"", ""7couV: pocket_occupied"", ""7couv: chain_not_found"", ""8ir7V: pocket_occupied"", ""8ir7v: chain_not_found"", ""8ir8V: pocket_occupied"", ""8ir8v: chain_not_found"", ""8ircV: pocket_occupied"", ""8ircv: chain_not_found"", ""8ireV: pocket_occupied"", ""8irev: chain_not_found"", ""8irfV: pocket_occupied"", ""8irfv: chain_not_found"", ""8irhV: pocket_occupied"", ""8irhv: chain_not_found"", ""8iriV: pocket_occupied"", ""8iriv: chain_not_found"", ""8irbV: pocket_occupied"", ""8irbv: chain_not_found"", ""8irdV: pocket_occupied"", ""8irdv: chain_not_found"", ""8irgV: pocket_occupied"", ""8irgv: chain_not_found"", ""5ws5V: pocket_occupied"", ""5ws5v: chain_not_found"", ""5ws6V: pocket_occupied"", ""5ws6v: chain_not_found"", ""6jlmV: pocket_occupied"", ""6jlmv: chain_not_found"", ""7cjiV: pocket_occupied"", ""7cjiv: chain_not_found"", ""6jlnV: pocket_occupied"", ""6jlnv: chain_not_found"", ""6jloV: pocket_occupied"", ""6jlov: chain_not_found"", ""7cjjV: pocket_occupied"", ""7cjjv: chain_not_found"", ""5gthV: pocket_occupied"", ""5gthv: chain_not_found"", ""5gtiV: pocket_occupied"", ""5gtiv: chain_not_found"", ""6jlpV: pocket_occupied"", ""6jlpv: chain_not_found"", ""7edaV: pocket_occupied"", ""1izl0: pocket_occupied"", ""1izlV: chain_not_found"", ""3a0hV: pocket_occupied"", ""3a0hv: chain_not_found""]"
3a10,A,BEF,3a0r,A,B,3.8,1.261288981233501,/home/iscb/wolfson/hagairavid/LocAlign/datasets/apo_structures/BEF/apo01f8b0c9d5.pdb,apo01f8b0c9d5,found,2,"[""3a0uA: pocket_occupied""]"
3a1l,A,HEM,,,,,,,,all_candidates_pocket_occupied,5,"[""2z3tA: pocket_occupied"", ""2z3tB: chain_not_found"", ""2z3tC: chain_not_found"", ""2z3tD: chain_not_found"", ""2z3uA: chain_not_found""]"
3a20,A,FMN,,,,,,,,all_candidates_pocket_occupied,25,"[""3a6rA: pocket_occupied"", ""3a6rB: chain_not_found"", ""3a6rC: chain_not_found"", ""3a6rD: chain_not_found"", ""1flmA: pocket_occupied"", ""1flmB: chain_not_found"", ""3a6qA: pocket_occupied"", ""3a6qB: chain_not_found"", ""3vy5A: pocket_occupied"", ""3vy5B: chain_not_found"", ""2e83A: pocket_occupied"", ""2e83B: chain_not_found"", ""1wliA: pocket_occupied"", ""1wliB: chain_not_found"", ""3amfA: pocket_occupied"", ""3amfB: chain_not_found"", ""3awhA: pocket_occupied"", ""3awhB: chain_not_found"", ""3vy2A: pocket_occupied"", ""3vy2B: chain_not_found"", ""1wlkA: pocket_occupied"", ""1wlkB: chain_not_found"", ""1wlkC: chain_not_found"", ""1wlkD: chain_not_found"", ""3vyaA: pocket_occupied""]"
3a25,A,SAM,,,,,,,,all_candidates_pocket_occupied,2,"[""3k6rA: pocket_occupied"", ""3a26A: pocket_occupied""]"
3a27,A,SAM,,,,,,,,no_candidate_passed_prefilter,0,[]
3a28,C,NAD,,,,,,,,no_candidate_passed_prefilter,0,[]
3a35,A,RBF,,,,,,,,all_candidates_pocket_occupied,4,"[""3a3bA: pocket_occupied"", ""3a3bB: chain_not_found"", ""3a3gA: pocket_occupied"", ""3a3gB: chain_not_found""]"
3a47,A,CA,3aj7,A,A,1.3,0.05058821876754434,/home/iscb/wolfson/hagairavid/LocAlign/datasets/apo_structures/CA/apo7e0682d502.pdb,apo7e0682d502,found,1,[]
3a4z,A,HEM,,,,,,,,all_candidates_pocket_occupied,18,"[""3a4gA: pocket_occupied"", ""5gnlA: pocket_occupied"", ""3a51A: pocket_occupied"", ""3a51B: chain_not_found"", ""3a51C: chain_not_found"", ""3a51D: chain_not_found"", ""3a51E: chain_not_found"", ""3a50A: pocket_occupied"", ""3a50B: chain_not_found"", ""3a50C: chain_not_found"", ""3a50D: chain_not_found"", ""3a50E: chain_not_found"", ""3vrmA: pocket_occupied"", ""5gnmA: pocket_occupied"", ""5gnmB: chain_not_found"", ""5gnmC: chain_not_found"", ""5gnmD: chain_not_found"", ""3a4hA: pocket_occupied""]"
3a59,A,HEM,,,,,,,,all_candidates_pocket_occupied,2,"[""3fs4A: pocket_occupied"", ""3fs4C: chain_not_found""]"
3a6o,A,CA,1wzl,A,A,2.0,0.7369067940044451,/home/iscb/wolfson/hagairavid/LocAlign/datasets/apo_structures/CA/apo3ddefba82f.pdb,apo3ddefba82f,found,1,[]
3a74,A,B4P,,,,,,,,all_candidates_pocket_occupied,8,"[""3e9hA: pocket_occupied"", ""3e9hB: chain_not_found"", ""3e9hC: chain_not_found"", ""3e9hD: chain_not_found"", ""3e9iA: pocket_occupied"", ""3e9iB: chain_not_found"", ""3e9iC: chain_not_found"", ""3e9iD: chain_not_found""]"
3a9c,B,RUB,3a11,A,A,2.5,0.7753149636765275,/home/iscb/wolfson/hagairavid/LocAlign/datasets/apo_structures/RUB/apo5bfcbc4c82.pdb,apo5bfcbc4c82,found,1,[]
3a9g,A,CA,3a9h,A,A,2.5,0.185846509220391,/home/iscb/wolfson/hagairavid/LocAlign/datasets/apo_structures/CA/apoc96706ab80.pdb,apoc96706ab80,found,1,[]
3aam,A,MN,,,,,,,,no_candidate_passed_prefilter,0,[]
3aba,A,HEM,,,,,,,,all_candidates_pocket_occupied,3,"[""3e5jA: pocket_occupied"", ""3e5lA: pocket_occupied"", ""3e5kA: pocket_occupied""]"
3abb,A,HEM,,,,,,,,no_candidate_passed_prefilter,0,[]
3abi,A,SO4,,,,,,,,no_candidate_passed_prefilter,0,[]
3abo,A,ETA,3abr,A,A,2.1,0.13269858573046822,/home/iscb/wolfson/hagairavid/LocAlign/datasets/apo_structures/ETA/apodf2f69f393.pdb,apodf2f69f393,found,9,"[""5ysnA: pocket_occupied"", ""5ysnC: chain_not_found"", ""3abqA: pocket_occupied"", ""3abqC: chain_not_found"", ""5ysrA: pocket_occupied"", ""5ysrC: chain_not_found"", ""7xrnA: pocket_occupied"", ""7xrnC: chain_not_found""]"
3acl,A,FE2,6h1h,A,A,1.54,0.23336442199371268,/home/iscb/wolfson/hagairavid/LocAlign/datasets/apo_structures/FE2/apo3adfbe03e8.pdb,apo3adfbe03e8,found,2,"[""6n0kA: pocket_occupied""]"
3adp,A,NAI,3ado,A,A,1.7,0.23982040241748864,/home/iscb/wolfson/hagairavid/LocAlign/datasets/apo_structures/NAI/apo7d09abd904.pdb,apo7d09abd904,found,1,[]
3aej,A,AA5,,,,,,,,all_candidates_pocket_occupied,24,"[""3aczA: pocket_occupied"", ""3aczB: chain_not_found"", ""3aczC: chain_not_found"", ""3aczD: chain_not_found"", ""3aelA: pocket_occupied"", ""3aelB: chain_not_found"", ""3aelC: chain_not_found"", ""3aelD: chain_not_found"", ""3aenA: pocket_occupied"", ""3aenB: chain_not_found"", ""3aenC: chain_not_found"", ""3aenD: chain_not_found"", ""3aeoA: pocket_occupied"", ""3aeoB: chain_not_found"", ""3aeoC: chain_not_found"", ""3aeoD: chain_not_found"", ""3aemA: pocket_occupied"", ""3aemB: chain_not_found"", ""3aemC: chain_not_found"", ""3aemD: chain_not_found"", ""3aepA: pocket_occupied"", ""3aepB: chain_not_found"", ""3aepC: chain_not_found"", ""3aepD: chain_not_found""]"
3aek,A,SF4,,,,,,,,all_candidates_pocket_occupied,10,"[""3aesA: pocket_occupied"", ""3aesC: chain_not_found"", ""3aerA: pocket_occupied"", ""3aerC: chain_not_found"", ""3aeqA: pocket_occupied"", ""3aeqC: chain_not_found"", ""3aeuA: pocket_occupied"", ""3aeuC: chain_not_found"", ""3aetA: pocket_occupied"", ""3aetC: chain_not_found""]"
3aex,A,PO4,,,,,,,,all_candidates_pocket_occupied,2,"[""3aeyA: pocket_occupied"", ""3aeyB: chain_not_found""]"
3afo,A,NAI,,,,,,,,no_candidate_passed_prefilter,0,[]
3agn,A,CA,3ago,A,A,0.99,1.2454020919255242,/home/iscb/wolfson/hagairavid/LocAlign/datasets/apo_structures/CA/apo04186af2ae.pdb,apo04186af2ae,found,1,[]
3ahc,A,TPP,,,,,,,,all_candidates_pocket_occupied,7,"[""3ahdA: pocket_occupied"", ""3ahgA: pocket_occupied"", ""3aheA: pocket_occupied"", ""3ahhA: pocket_occupied"", ""3ahiA: pocket_occupied"", ""3ahjA: pocket_occupied"", ""3ahfA: pocket_occupied""]"
3ai7,A,TPP,,,,,,,,all_candidates_pocket_occupied,16,"[""7c8hA: pocket_occupied"", ""7c8hB: chain_not_found"", ""7c8hC: chain_not_found"", ""7c8hD: chain_not_found"", ""7c8hE: chain_not_found"", ""7c8hF: chain_not_found"", ""7c8hG: chain_not_found"", ""7c8hH: chain_not_found"", ""7c8iA: pocket_occupied"", ""7c8iB: chain_not_found"", ""7c8iC: chain_not_found"", ""7c8iD: chain_not_found"", ""7c8iE: chain_not_found"", ""7c8iF: chain_not_found"", ""7c8iG: chain_not_found"", ""7c8iH: chain_not_found""]"
3ai9,X,SAM,,,,,,,,all_candidates_pocket_occupied,2,"[""3aiaA: pocket_occupied"", ""3aiaB: chain_not_found""]"
3ak3,B,FE,3ak2,A,A,1.35,0.3125523329130795,/home/iscb/wolfson/hagairavid/LocAlign/datasets/apo_structures/FE/apoc3d0196062.pdb,apoc3d0196062,found,1,[]
3ak5,A,CA,1wxr,A,A,2.2,1.1382336432936988,/home/iscb/wolfson/hagairavid/LocAlign/datasets/apo_structures/CA/apoaefadbf3fd.pdb,apoaefadbf3fd,found,1,[]
3am6,A,RET,,,,,,,,no_candidate_passed_prefilter,0,[]
3anl,A,NDP,3r0i,A,A,2.1,0.4747036357962527,/home/iscb/wolfson/hagairavid/LocAlign/datasets/apo_structures/NDP/apo362fa2b55d.pdb,apo362fa2b55d,found,7,"[""1q0qA: pocket_occupied"", ""1q0qB: chain_not_found"", ""3anmA: pocket_occupied"", ""3anmB: chain_not_found"", ""3annA: pocket_occupied"", ""3annB: chain_not_found""]"
3apa,A,GOL,,,,,,,,all_candidates_pocket_occupied,9,"[""7o4pA: pocket_occupied"", ""7o88A: pocket_occupied"", ""7o88B: chain_not_found"", ""7o3iA: pocket_occupied"", ""3vzeA: pocket_occupied"", ""3vy6A: pocket_occupied"", ""3vy7A: pocket_occupied"", ""3vzgA: pocket_occupied"", ""3vzfA: pocket_occupied""]"
3aq0,C,FPP,3apz,A,A,2.6,1.6416272379856705,/home/iscb/wolfson/hagairavid/LocAlign/datasets/apo_structures/FPP/apob3476afa77.pdb,apob3476afa77,found,1,[]
3at5,B,HEM,,,,,,,,all_candidates_pocket_occupied,1,"[""3at6B: pocket_occupied""]"
3atg,A,CA,9voq,A,A,1.28,0.8509072130690277,/home/iscb/wolfson/hagairavid/LocAlign/datasets/apo_structures/CA/apo3e1304512f.pdb,apo3e1304512f,found,1,[]
3atq,A,FDA,,,,,,,,all_candidates_pocket_occupied,9,"[""4opcA: pocket_occupied"", ""3atrA: pocket_occupied"", ""4opdA: pocket_occupied"", ""4opdB: chain_not_found"", ""4opgA: pocket_occupied"", ""4opiA: pocket_occupied"", ""4oplA: pocket_occupied"", ""4optA: pocket_occupied"", ""4opuA: pocket_occupied""]"
3au2,A,DGT,,,,,,,,all_candidates_pocket_occupied,5,"[""3b0xA: pocket_occupied"", ""3b0yA: pocket_occupied"", ""3auoA: pocket_occupied"", ""3auoB: chain_not_found"", ""3au6A: pocket_occupied""]"
3aw9,A,NAD,,,,,,,,all_candidates_pocket_occupied,2,"[""3ko8A: pocket_occupied"", ""3icpA: pocket_occupied""]"
3awm,A,HEM,,,,,,,,all_candidates_pocket_occupied,6,"[""3awpA: pocket_occupied"", ""3awqA: pocket_occupied"", ""3vm4A: pocket_occupied"", ""3vnoA: pocket_occupied"", ""3vooA: pocket_occupied"", ""3vtjA: pocket_occupied""]"
3awm,A,PLM,3vno,A,A,2.17,0.484677336664813,/home/iscb/wolfson/hagairavid/LocAlign/datasets/apo_structures/PLM/apod8964e7ea8.pdb,apod8964e7ea8,found,4,"[""3awpA: pocket_occupied"", ""3awqA: pocket_occupied"", ""3vm4A: pocket_occupied""]"
3ay6,B,NAI,3ay7,A,A,1.9,0.7260107169636089,/home/iscb/wolfson/hagairavid/LocAlign/datasets/apo_structures/NAI/apo38fd9e3bee.pdb,apo38fd9e3bee,found,1,[]
3ayx,B,SF4,,,,,,,,all_candidates_pocket_occupied,2,"[""3ayzB: pocket_occupied"", ""3ayzD: chain_not_found""]"
3azx,A,CA,3azy,A,A,1.65,0.4859815735280293,/home/iscb/wolfson/hagairavid/LocAlign/datasets/apo_structures/CA/apo89eda50734.pdb,apo89eda50734,found,1,[]
3b0g,A,SF4,,,,,,,,all_candidates_pocket_occupied,14,"[""3vktA: pocket_occupied"", ""3vlxA: pocket_occupied"", ""3vkpA: pocket_occupied"", ""3vksA: pocket_occupied"", ""3vm1A: pocket_occupied"", ""3vlyA: pocket_occupied"", ""3vkqA: pocket_occupied"", ""3vkrA: pocket_occupied"", ""3vm0A: pocket_occupied"", ""3b0jA: pocket_occupied"", ""3b0lA: pocket_occupied"", ""3b0mA: pocket_occupied"", ""3b0nA: pocket_occupied"", ""3vlzA: pocket_occupied""]"
3b0h,A,SF4,,,,,,,,no_candidate_passed_prefilter,0,[]
3b0v,C,FMN,,,,,,,,all_candidates_pocket_occupied,4,"[""3b0pA: pocket_occupied"", ""3b0pB: chain_not_found"", ""3b0uX: pocket_occupied"", ""3b0uY: chain_not_found""]"
3b42,B,HEM,,,,,,,,no_candidate_passed_prefilter,0,[]
3b47,A,HEM,,,,,,,,no_candidate_passed_prefilter,0,[]
3b4x,A,HEM,,,,,,,,all_candidates_pocket_occupied,1,"[""1ue8A: pocket_occupied""]"
3b4y,A,FLC,3c8n,A,A,1.9,0.7870667624162191,/home/iscb/wolfson/hagairavid/LocAlign/datasets/apo_structures/FLC/apo8b925d664e.pdb,apo8b925d664e,found,1,[]
3b7g,A,ANP,,,,,,,,all_candidates_pocket_occupied,2,"[""2oxcA: pocket_occupied"", ""2oxcB: chain_not_found""]"
3b8e,A,MG,8jbk,A,A,2.8,6.741363887985232,/home/iscb/wolfson/hagairavid/LocAlign/datasets/apo_structures/MG/apob29343600f.pdb,apob29343600f,found,1,[]
3b98,A,HEM,,,,,,,,all_candidates_pocket_occupied,2,"[""3b99A: pocket_occupied"", ""3b99B: chain_not_found""]"
3b99,B,HEM,,,,,,,,all_candidates_pocket_occupied,2,"[""3b98A: pocket_occupied"", ""3b98B: chain_not_found""]"
3b9x,C,CA,,,,,,,,all_candidates_pocket_occupied,4,"[""1q8fA: pocket_occupied"", ""1q8fB: chain_not_found"", ""1q8fC: chain_not_found"", ""1q8fD: chain_not_found""]"
3bcn,A,E64,,,,,,,,no_candidate_passed_prefilter,0,[]
3bdz,A,HEM,,,,,,,,all_candidates_pocket_occupied,18,"[""4fb2A: pocket_occupied"", ""4fb2B: chain_not_found"", ""4fb2C: chain_not_found"", ""4fb2D: chain_not_found"", ""4l6gA: pocket_occupied"", ""4l6gB: chain_not_found"", ""4l77A: pocket_occupied"", ""4l77B: chain_not_found"", ""4fmxA: pocket_occupied"", ""4fmxB: chain_not_found"", ""1t2bA: pocket_occupied"", ""1t2bB: chain_not_found"", ""4lhtA: pocket_occupied"", ""4lhtB: chain_not_found"", ""4fyzA: pocket_occupied"", ""4fyzB: chain_not_found"", ""3be0A: pocket_occupied"", ""3be0B: chain_not_found""]"
3be4,A,AP5,,,,,,,,no_candidate_passed_prefilter,0,[]
3ber,A,AMP,,,,,,,,no_candidate_passed_prefilter,0,[]
3bg6,A,FAD,,,,,,,,all_candidates_pocket_occupied,115,"[""3pl8A: pocket_occupied"", ""4morA: pocket_occupied"", ""4morB: chain_not_found"", ""4morC: chain_not_found"", ""4morD: chain_not_found"", ""3fdyA: pocket_occupied"", ""3k4kA: pocket_occupied"", ""4moqA: pocket_occupied"", ""4moqB: chain_not_found"", ""2ignA: pocket_occupied"", ""2ignB: chain_not_found"", ""2ignC: chain_not_found"", ""2ignD: chain_not_found"", ""2ignE: chain_not_found"", ""2ignF: chain_not_found"", ""2ignG: chain_not_found"", ""2ignH: chain_not_found"", ""4mooA: pocket_occupied"", ""3k4cA: pocket_occupied"", ""3k4cB: chain_not_found"", ""3k4cC: chain_not_found"", ""3k4cD: chain_not_found"", ""3lsmA: pocket_occupied"", ""3lsmB: chain_not_found"", ""3k4lA: pocket_occupied"", ""3k4lB: chain_not_found"", ""1tt0A: pocket_occupied"", ""1tt0B: chain_not_found"", ""1tt0C: chain_not_found"", ""1tt0D: chain_not_found"", ""2igkA: pocket_occupied"", ""2igkB: chain_not_found"", ""2igkC: chain_not_found"", ""2igkD: chain_not_found"", ""2igkE: chain_not_found"", ""2igkF: chain_not_found"", ""2igkG: chain_not_found"", ""2igkH: chain_not_found"", ""4mosA: pocket_occupied"", ""4mofA: pocket_occupied"", ""2igmA: pocket_occupied"", ""2igmB: chain_not_found"", ""2igmC: chain_not_found"", ""2igmD: chain_not_found"", ""2igmE: chain_not_found"", ""2igmF: chain_not_found"", ""2igmG: chain_not_found"", ""2igmH: chain_not_found"", ""3blyA: pocket_occupied"", ""3k4bA: pocket_occupied"", ""3lshA: pocket_occupied"", ""3lshB: chain_not_found"", ""3lshC: chain_not_found"", ""3lshD: chain_not_found"", ""3lsiA: pocket_occupied"", ""3lsiB: chain_not_found"", ""4moiA: pocket_occupied"", ""4moiB: chain_not_found"", ""4mokA: pocket_occupied"", ""4mokB: chain_not_found"", ""4mokC: chain_not_found"", ""4mokD: chain_not_found"", ""4momA: pocket_occupied"", ""4momB: chain_not_found"", ""4momC: chain_not_found"", ""4momD: chain_not_found"", ""2igoA: pocket_occupied"", ""2igoB: chain_not_found"", ""2igoC: chain_not_found"", ""2igoD: chain_not_found"", ""2igoE: chain_not_found"", ""2igoF: chain_not_found"", ""2igoG: chain_not_found"", ""2igoH: chain_not_found"", ""3lskA: pocket_occupied"", ""3lskB: chain_not_found"", ""3lskC: chain_not_found"", ""3lskD: chain_not_found"", ""3k4jA: pocket_occupied"", ""4moeA: pocket_occupied"", ""4moeB: chain_not_found"", ""4moeC: chain_not_found"", ""4moeD: chain_not_found"", ""4mogA: pocket_occupied"", ""4mojA: pocket_occupied"", ""4mojB: chain_not_found"", ""4mojC: chain_not_found"", ""4mojD: chain_not_found"", ""4molA: pocket_occupied"", ""4molB: chain_not_found"", ""4molC: chain_not_found"", ""4molD: chain_not_found"", ""3bg7A: pocket_occupied"", ""3bg7B: chain_not_found"", ""3bg7C: chain_not_found"", ""3bg7D: chain_not_found"", ""3bg7E: chain_not_found"", ""3bg7F: chain_not_found"", ""3bg7G: chain_not_found"", ""3bg7H: chain_not_found"", ""4mohA: pocket_occupied"", ""3k4mA: pocket_occupied"", ""3k4mB: chain_not_found"", ""3k4mC: chain_not_found"", ""3k4mD: chain_not_found"", ""3k4mE: chain_not_found"", ""3k4mF: chain_not_found"", ""3k4mG: chain_not_found"", ""3k4mH: chain_not_found"", ""4mopA: pocket_occupied"", ""4mopB: chain_not_found"", ""4mopC: chain_not_found"", ""4mopD: chain_not_found"", ""3k4nA: pocket_occupied"", ""3k4nB: chain_not_found""]"
3bkb,A,STU,,,,,,,,all_candidates_pocket_occupied,5,"[""3cblA: pocket_occupied"", ""4e93A: pocket_occupied"", ""3cd3A: pocket_occupied"", ""6jmfA: pocket_occupied"", ""8xkpA: pocket_occupied""]"
3bn1,A,AKG,,,,,,,,all_candidates_pocket_occupied,8,"[""3dr4A: pocket_occupied"", ""3dr4B: chain_not_found"", ""3dr4C: chain_not_found"", ""3dr4D: chain_not_found"", ""3dr7A: pocket_occupied"", ""3dr7B: chain_not_found"", ""3dr7C: chain_not_found"", ""3dr7D: chain_not_found""]"
3bom,B,HEM,,,,,,,,all_candidates_pocket_occupied,2,"[""2r1hB: pocket_occupied"", ""2r1hD: chain_not_found""]"
3bpt,A,QUE,,,,,,,,no_candidate_passed_prefilter,0,[]
3bq1,A,CA,4f4z,A,A,2.305,3.8898827397788,/home/iscb/wolfson/hagairavid/LocAlign/datasets/apo_structures/CA/apob20bca3bc3.pdb,apob20bca3bc3,found,1,[]
3bra,A,AEF,3tpj,A,A,1.61,1.0107651684729781,/home/iscb/wolfson/hagairavid/LocAlign/datasets/apo_structures/AEF/apo5782713f1a.pdb,apo5782713f1a,found,53,"[""7myiA: pocket_occupied"", ""7myiB: chain_not_found"", ""6uwpA: pocket_occupied"", ""6uwpB: chain_not_found"", ""6eqmA: pocket_occupied"", ""4l7gA: pocket_occupied"", ""6ej2A: pocket_occupied"", ""6uwvA: pocket_occupied"", ""6uwvB: chain_not_found"", ""3vf3A: pocket_occupied"", ""5hdzA: pocket_occupied"", ""5hdzB: chain_not_found"", ""4djxA: pocket_occupied"", ""4djxB: chain_not_found"", ""5hu1A: pocket_occupied"", ""5hu1B: chain_not_found"", ""2qp8A: pocket_occupied"", ""2qp8B: chain_not_found"", ""4b78A: pocket_occupied"", ""6bfeA: pocket_occupied"", ""6bfeB: chain_not_found"", ""3veuA: pocket_occupied"", ""5f01A: pocket_occupied"", ""3l5eA: pocket_occupied"", ""3l5eB: chain_not_found"", ""5he4A: pocket_occupied"", ""5he4B: chain_not_found"", ""6fgyA: pocket_occupied"", ""5he5A: pocket_occupied"", ""5he5B: chain_not_found"", ""6uvpA: pocket_occupied"", ""6uvpB: chain_not_found"", ""4fm7A: pocket_occupied"", ""4r91A: pocket_occupied"", ""4r91B: chain_not_found"", ""5hduA: pocket_occupied"", ""5hduB: chain_not_found"", ""4fgxA: pocket_occupied"", ""4h3jA: pocket_occupied"", ""4h3jB: chain_not_found"", ""3tppA: pocket_occupied"", ""4ivtA: pocket_occupied"", ""2vijA: pocket_occupied"", ""2vizA: pocket_occupied"", ""2vj7A: pocket_occupied"", ""2vj9A: pocket_occupied"", ""2wf0A: pocket_occupied"", ""2wf1A: pocket_occupied"", ""4b72A: pocket_occupied"", ""4b70A: pocket_occupied"", ""5hdxA: pocket_occupied"", ""5hdxB: chain_not_found""]"
3bsf,A,ADE,,,,,,,,no_candidate_passed_prefilter,0,[]
3buj,A,HEM,,,,,,,,no_candidate_passed_prefilter,0,[]
3bul,A,B12,,,,,,,,all_candidates_pocket_occupied,4,"[""3ivaA: pocket_occupied"", ""1k7yA: pocket_occupied"", ""3iv9A: pocket_occupied"", ""1k98A: pocket_occupied""]"
3bvo,A,ZN,,,,,,,,no_candidate_passed_prefilter,0,[]
3bxo,A,SAM,,,,,,,,no_candidate_passed_prefilter,0,[]
3byj,A,CA,1oyg,A,A,1.5,0.09569079285248501,/home/iscb/wolfson/hagairavid/LocAlign/datasets/apo_structures/CA/apo9aaff034e6.pdb,apo9aaff034e6,found,1,[]
3bzn,A,MG,3bzm,A,A,1.95,1.0553906384971292,/home/iscb/wolfson/hagairavid/LocAlign/datasets/apo_structures/MG/apo89440a8c89.pdb,apo89440a8c89,found,1,[]
3c0o,A,M6P,3g4n,A,A,2.1,1.7325686959542537,/home/iscb/wolfson/hagairavid/LocAlign/datasets/apo_structures/M6P/apo3cd5c1e1fd.pdb,apo3cd5c1e1fd,found,1,[]
3c41,J,ANP,,,,,,,,all_candidates_pocket_occupied,14,"[""2oljA: pocket_occupied"", ""2oljB: chain_not_found"", ""2olkA: pocket_occupied"", ""2olkB: chain_not_found"", ""2olkC: chain_not_found"", ""2olkD: chain_not_found"", ""2oukA: pocket_occupied"", ""2oukB: chain_not_found"", ""2oukC: chain_not_found"", ""2oukD: chain_not_found"", ""2q0hA: pocket_occupied"", ""2q0hB: chain_not_found"", ""3c4jA: pocket_occupied"", ""3c4jB: chain_not_found""]"
3c46,A,2HP,3c2p,A,A,2.0,0.3194303544802295,/home/iscb/wolfson/hagairavid/LocAlign/datasets/apo_structures/2HP/apob6d5706d6d.pdb,apob6d5706d6d,found,7,"[""3q23A: pocket_occupied"", ""3q23B: chain_not_found"", ""3q24A: pocket_occupied"", ""3q24B: chain_not_found"", ""4ff3A: pocket_occupied"", ""4ff3B: chain_not_found""]"
3c5q,A,PLP,,,,,,,,all_candidates_pocket_occupied,1,"[""2qghA: pocket_occupied""]"
3c6g,B,HEM,,,,,,,,all_candidates_pocket_occupied,4,"[""3czhA: pocket_occupied"", ""3czhB: chain_not_found"", ""3dl9A: pocket_occupied"", ""3dl9B: chain_not_found""]"
3c7g,A,CA,3c7f,A,A,1.55,0.40229696033383466,/home/iscb/wolfson/hagairavid/LocAlign/datasets/apo_structures/CA/apo632f5cd88e.pdb,apo632f5cd88e,found,1,[]
3c8f,A,SF4,,,,,,,,all_candidates_pocket_occupied,4,"[""8fsiA: pocket_occupied"", ""8fo0A: pocket_occupied"", ""8folA: pocket_occupied"", ""3cb8A: pocket_occupied""]"
3cbq,A,GDP,,,,,,,,no_candidate_passed_prefilter,0,[]
3cc2,T,MG,1vq8,A,T,2.2,0.18076054696065672,/home/iscb/wolfson/hagairavid/LocAlign/datasets/apo_structures/MG/apo4abe47b9c1.pdb,apo4abe47b9c1,found,1,[]
3cdz,A,CA,7kwo,A,A,2.9,1.5170395806317096,/home/iscb/wolfson/hagairavid/LocAlign/datasets/apo_structures/CA/apoe5441f8cc1.pdb,apoe5441f8cc1,found,1,[]
3cei,A,FE,,,,,,,,no_candidate_passed_prefilter,0,[]
3cf4,A,CMO,,,,,,,,no_candidate_passed_prefilter,0,[]
3cfz,A,WO4,,,,,,,,no_candidate_passed_prefilter,0,[]
3cg1,A,WO4,,,,,,,,no_candidate_passed_prefilter,0,[]
3cg3,A,WO4,,,,,,,,no_candidate_passed_prefilter,0,[]
3cgb,A,COA,,,,,,,,all_candidates_pocket_occupied,6,"[""3cgdA: pocket_occupied"", ""3cgdB: chain_not_found"", ""3cgeA: pocket_occupied"", ""3cgeB: chain_not_found"", ""3cgcA: pocket_occupied"", ""3cgcB: chain_not_found""]"
3cgb,A,FAD,,,,,,,,all_candidates_pocket_occupied,6,"[""3cgdA: pocket_occupied"", ""3cgdB: chain_not_found"", ""3cgeA: pocket_occupied"", ""3cgeB: chain_not_found"", ""3cgcA: pocket_occupied"", ""3cgcB: chain_not_found""]"
3ciu,B,HEM,9ve9,A,A,3.26,3.3317542771439568,/home/iscb/wolfson/hagairavid/LocAlign/datasets/apo_structures/HEM/apof82b81090c.pdb,apof82b81090c,found,27,"[""6ii1B: pocket_occupied"", ""6ii1D: chain_not_found"", ""6ihxB: pocket_occupied"", ""6ihxD: chain_not_found"", ""2qssB: pocket_occupied"", ""2qssD: chain_not_found"", ""2qspB: pocket_occupied"", ""2qspD: chain_not_found"", ""1g08B: pocket_occupied"", ""1g08D: chain_not_found"", ""1g09B: pocket_occupied"", ""1g09D: chain_not_found"", ""1g0aB: pocket_occupied"", ""1g0aD: chain_not_found"", ""1fsxB: pocket_occupied"", ""1fsxD: chain_not_found"", ""3piaB: pocket_occupied"", ""3piaD: chain_not_found"", ""1hdaB: pocket_occupied"", ""1hdaD: chain_not_found"", ""3pi8B: pocket_occupied"", ""3pi8D: chain_not_found"", ""9rxgB: pocket_occupied"", ""9rxgD: chain_not_found"", ""3pi9B: pocket_occupied"", ""3pi9D: chain_not_found""]"
3ciu,C,HEM,,,,,,,,all_candidates_pocket_occupied,26,"[""6ii1A: chain_not_found"", ""6ii1C: chain_not_found"", ""6ihxA: chain_not_found"", ""6ihxC: chain_not_found"", ""2qssA: chain_not_found"", ""2qssC: chain_not_found"", ""2qspA: chain_not_found"", ""2qspC: chain_not_found"", ""1g08A: chain_not_found"", ""1g08C: chain_not_found"", ""1g09A: chain_not_found"", ""1g09C: chain_not_found"", ""1g0aA: chain_not_found"", ""1g0aC: chain_not_found"", ""1fsxA: chain_not_found"", ""1fsxC: chain_not_found"", ""3piaA: chain_not_found"", ""3piaC: chain_not_found"", ""1hdaA: chain_not_found"", ""1hdaC: chain_not_found"", ""3pi8A: chain_not_found"", ""3pi8C: chain_not_found"", ""9rxgA: chain_not_found"", ""9rxgC: chain_not_found"", ""3pi9A: chain_not_found"", ""3pi9C: chain_not_found""]"
3cjy,A,CA,,,,,,,,no_candidate_passed_prefilter,0,[]
3cp8,A,FAD,,,,,,,,no_candidate_passed_prefilter,0,[]
3cq5,B,PMP,,,,,,,,all_candidates_pocket_occupied,5,"[""3cq6A: pocket_occupied"", ""3cq6C: chain_not_found"", ""3cq6E: chain_not_found"", ""3cq4A: pocket_occupied"", ""3cq4B: chain_not_found""]"
3crl,B,K,3crk,A,A,2.3,0.6933237735046517,/home/iscb/wolfson/hagairavid/LocAlign/datasets/apo_structures/K/apoa91505152f.pdb,apoa91505152f,found,1,[]
3crv,A,SF4,3crw,A,1,4.0,0.9973015564839416,/home/iscb/wolfson/hagairavid/LocAlign/datasets/apo_structures/SF4/apoecffb133be.pdb,apoecffb133be,found,2,"[""5h8cA: pocket_occupied""]"
3cse,A,NDP,,,,,,,,all_candidates_pocket_occupied,22,"[""3qlzA: pocket_occupied"", ""3qlzB: chain_not_found"", ""3eelA: pocket_occupied"", ""3eelB: chain_not_found"", ""4hogA: pocket_occupied"", ""4hogB: chain_not_found"", ""3eekA: pocket_occupied"", ""3eekB: chain_not_found"", ""3eejA: pocket_occupied"", ""3eejB: chain_not_found"", ""3eemA: pocket_occupied"", ""3eemB: chain_not_found"", ""3qlxA: pocket_occupied"", ""3qlxB: chain_not_found"", ""3roaA: pocket_occupied"", ""3roaB: chain_not_found"", ""3qlyA: pocket_occupied"", ""3qlyB: chain_not_found"", ""3ro9A: pocket_occupied"", ""3ro9B: chain_not_found"", ""4h98A: pocket_occupied"", ""4h98B: chain_not_found""]"
3csw,C,PLP,,,,,,,,no_candidate_passed_prefilter,0,[]
3cx5,O,HEM,,,,,,,,all_candidates_pocket_occupied,39,"[""2ibzD: pocket_occupied"", ""1kb9D: pocket_occupied"", ""1ezvD: pocket_occupied"", ""8yioD: pocket_occupied"", ""8yioO: chain_not_found"", ""9etzD: pocket_occupied"", ""9etzO: chain_not_found"", ""8yhqD: pocket_occupied"", ""8yhqM: chain_not_found"", ""3cxhD: pocket_occupied"", ""3cxhO: chain_not_found"", ""8zjcD: pocket_occupied"", ""8zjcO: chain_not_found"", ""1p84D: pocket_occupied"", ""8zmtD: pocket_occupied"", ""8zmtO: chain_not_found"", ""9bpbD: pocket_occupied"", ""9bpbN: chain_not_found"", ""8yilD: pocket_occupied"", ""8yilO: chain_not_found"", ""8yinD: pocket_occupied"", ""8yinO: chain_not_found"", ""6t0bD: pocket_occupied"", ""6t0bO: chain_not_found"", ""1kyoD: chain_not_found"", ""1kyoO: chain_not_found"", ""4pd4D: pocket_occupied"", ""6ymxD: pocket_occupied"", ""6ymxO: chain_not_found"", ""8e7sL: pocket_occupied"", ""8e7sl: chain_not_found"", ""6giqD: pocket_occupied"", ""6giqO: chain_not_found"", ""6t15D: pocket_occupied"", ""6t15O: chain_not_found"", ""8ec0L: pocket_occupied"", ""8ec0l: chain_not_found"", ""6hu9D: pocket_occupied"", ""6hu9O: chain_not_found""]"
3cxh,W,HEM,,,,,,,,all_candidates_pocket_occupied,3,"[""1ytcA: pocket_occupied"", ""1yeaA: pocket_occupied"", ""1yebA: pocket_occupied""]"
3cyq,D,AMU,3cyp,A,B,1.6,0.6557918411892343,/home/iscb/wolfson/hagairavid/LocAlign/datasets/apo_structures/AMU/apob6445027de.pdb,apob6445027de,found,1,[]
3czm,B,NAD,1sov,A,A,1.9,0.800037764186321,/home/iscb/wolfson/hagairavid/LocAlign/datasets/apo_structures/NAD/apo4e1ed20f48.pdb,apo4e1ed20f48,found,1,[]
3d1c,A,FAD,,,,,,,,no_candidate_passed_prefilter,0,[]
3d1k,B,HEM,,,,,,,,all_candidates_pocket_occupied,8,"[""5lfgB: pocket_occupied"", ""5lfgD: chain_not_found"", ""1la6B: pocket_occupied"", ""3nfeB: pocket_occupied"", ""3nfeD: chain_not_found"", ""1t1nB: pocket_occupied"", ""3ng6B: pocket_occupied"", ""3ng6D: chain_not_found""]"
3d46,A,MG,2p3z,A,A,1.8,0.23757641523709636,/home/iscb/wolfson/hagairavid/LocAlign/datasets/apo_structures/MG/apo01d88becfc.pdb,apo01d88becfc,found,9,"[""3d47A: pocket_occupied"", ""3d47B: chain_not_found"", ""3d47C: chain_not_found"", ""3d47D: chain_not_found"", ""3d47E: chain_not_found"", ""3d47F: chain_not_found"", ""3d47G: chain_not_found"", ""3d47H: chain_not_found""]"
3d4x,A,HEM,,,,,,,,all_candidates_pocket_occupied,10,"[""3gqpA: pocket_occupied"", ""3gqpC: chain_not_found"", ""3gqrA: pocket_occupied"", ""3gqrC: chain_not_found"", ""3gqrE: chain_not_found"", ""3gqrG: chain_not_found"", ""3gysA: pocket_occupied"", ""3gysC: chain_not_found"", ""3gysE: chain_not_found"", ""3gysG: chain_not_found""]"
3d6e,B,CA,1gbg,A,A,1.8,1.44174133656661,/home/iscb/wolfson/hagairavid/LocAlign/datasets/apo_structures/CA/apoe640d1e07b.pdb,apoe640d1e07b,found,1,[]
3dan,A,HEM,,,,,,,,all_candidates_pocket_occupied,2,"[""3damA: pocket_occupied"", ""3dbmA: pocket_occupied""]"
3das,A,PQQ,,,,,,,,no_candidate_passed_prefilter,0,[]
3dbg,A,HEM,,,,,,,,all_candidates_pocket_occupied,2,"[""3el3A: pocket_occupied"", ""3el3B: chain_not_found""]"
3dbj,A,CYC,,,,,,,,all_candidates_pocket_occupied,41,"[""2v8aA: pocket_occupied"", ""7veaaA: pocket_occupied"", ""7veaaC: chain_not_found"", ""7veaaE: chain_not_found"", ""7veaaG: chain_not_found"", ""7veaaI: chain_not_found"", ""7veaaK: chain_not_found"", ""7veaaO: chain_not_found"", ""7veaaQ: chain_not_found"", ""7veabM: chain_not_found"", ""7veabO: chain_not_found"", ""7veabQ: chain_not_found"", ""7veabS: chain_not_found"", ""7veabU: chain_not_found"", ""7veabW: chain_not_found"", ""7veacA: chain_not_found"", ""7veacC: chain_not_found"", ""7veacE: chain_not_found"", ""7veacG: chain_not_found"", ""7veacI: chain_not_found"", ""7veacK: chain_not_found"", ""7veadA: chain_not_found"", ""7veadC: chain_not_found"", ""7veadE: chain_not_found"", ""7veadG: chain_not_found"", ""7veadI: chain_not_found"", ""7veadK: chain_not_found"", ""7veadO: chain_not_found"", ""7veadQ: chain_not_found"", ""7veaeM: chain_not_found"", ""7veaeO: chain_not_found"", ""7veaeQ: chain_not_found"", ""7veaeS: chain_not_found"", ""7veaeU: chain_not_found"", ""7veaeW: chain_not_found"", ""7veafA: chain_not_found"", ""7veafC: chain_not_found"", ""7veafE: chain_not_found"", ""7veafG: chain_not_found"", ""7veafI: chain_not_found"", ""7veafK: chain_not_found""]"
3dbx,A,PLM,,,,,,,,no_candidate_passed_prefilter,0,[]
3dcm,X,SAM,,,,,,,,no_candidate_passed_prefilter,0,[]
3ddy,A,RBF,,,,,,,,no_candidate_passed_prefilter,0,[]
3dgl,A,ATP,,,,,,,,no_uniprot_mapping,0,[]
3dh0,B,SAM,,,,,,,,no_candidate_passed_prefilter,0,[]
3dhr,A,HEM,,,,,,,,all_candidates_pocket_occupied,3,"[""2r80A: pocket_occupied"", ""2r80C: chain_not_found"", ""3mjuA: pocket_occupied""]"
3di1,B,PYR,,,,,,,,all_candidates_pocket_occupied,2,"[""3di0A: pocket_occupied"", ""3di0B: chain_not_found""]"
3dlc,A,SAM,,,,,,,,no_candidate_passed_prefilter,0,[]
3dnf,B,F3S,,,,,,,,no_candidate_passed_prefilter,0,[]
3doe,A,GTP,9m1j,A,G,2.14,3.294103219399462,/home/iscb/wolfson/hagairavid/LocAlign/datasets/apo_structures/GTP/apoc031984eba.pdb,apoc031984eba,found,1,[]
3doo,A,SKM,3don,A,A,2.1,0.5703807603594159,/home/iscb/wolfson/hagairavid/LocAlign/datasets/apo_structures/SKM/apo0f9e91a457.pdb,apo0f9e91a457,found,1,[]
3dou,A,SAM,,,,,,,,no_candidate_passed_prefilter,0,[]
3dqy,A,FES,,,,,,,,all_candidates_pocket_occupied,1,"[""4emjB: pocket_occupied""]"
3dr0,A,HEM,,,,,,,,all_candidates_pocket_occupied,2,"[""4eicA: pocket_occupied"", ""4eidA: pocket_occupied""]"
3dr8,A,ACO,3dr6,A,A,1.75,1.3060557629769842,/home/iscb/wolfson/hagairavid/LocAlign/datasets/apo_structures/ACO/apo52a5d4138d.pdb,apo52a5d4138d,found,1,[]
3dtn,A,CA,,,,,,,,no_candidate_passed_prefilter,0,[]
3dtt,B,NAP,,,,,,,,no_uniprot_mapping,0,[]
3duf,A,R1T,,,,,,,,all_candidates_pocket_occupied,16,"[""1w85A: pocket_occupied"", ""1w85C: chain_not_found"", ""1w85E: chain_not_found"", ""1w85G: chain_not_found"", ""1w88A: pocket_occupied"", ""1w88C: chain_not_found"", ""1w88E: chain_not_found"", ""1w88G: chain_not_found"", ""3dvaA: pocket_occupied"", ""3dvaC: chain_not_found"", ""3dvaE: chain_not_found"", ""3dvaG: chain_not_found"", ""3dv0A: pocket_occupied"", ""3dv0C: chain_not_found"", ""3dv0E: chain_not_found"", ""3dv0G: chain_not_found""]"
3dwc,B,CO,,,,,,,,no_candidate_passed_prefilter,0,[]
3dwg,A,PLP,,,,,,,,all_candidates_pocket_occupied,28,"[""5i6dA: pocket_occupied"", ""5i6dB: chain_not_found"", ""5i6dC: chain_not_found"", ""5i6dD: chain_not_found"", ""5i7rA: pocket_occupied"", ""5i7rB: chain_not_found"", ""5iw8A: pocket_occupied"", ""5iw8B: chain_not_found"", ""3fgpA: pocket_occupied"", ""3fgpB: chain_not_found"", ""5i7aA: pocket_occupied"", ""5i7aB: chain_not_found"", ""5i7aC: chain_not_found"", ""5i7aD: chain_not_found"", ""3dkiA: pocket_occupied"", ""3dkiB: chain_not_found"", ""5i7oA: pocket_occupied"", ""5i7oB: chain_not_found"", ""5i7oC: chain_not_found"", ""5i7oD: chain_not_found"", ""5i7hA: pocket_occupied"", ""5i7hB: chain_not_found"", ""5i7hC: chain_not_found"", ""5i7hD: chain_not_found"", ""5iwcA: pocket_occupied"", ""5iwcB: chain_not_found"", ""3dwiA: pocket_occupied"", ""3dwiB: chain_not_found""]"
3dx5,A,MN,,,,,,,,no_candidate_passed_prefilter,0,[]
3dxp,A,CA,,,,,,,,no_candidate_passed_prefilter,0,[]
3dxy,A,SAM,3dxx,A,A,2.05,0.15652790144102768,/home/iscb/wolfson/hagairavid/LocAlign/datasets/apo_structures/SAM/apof8638bc184.pdb,apof8638bc184,found,2,"[""3dxzA: pocket_occupied""]"
3dzc,A,CA,,,,,,,,no_candidate_passed_prefilter,0,[]
3dzm,A,CA,,,,,,,,no_candidate_passed_prefilter,0,[]
3e13,X,FE,1y4t,A,A,1.8,0.43033624668913284,/home/iscb/wolfson/hagairavid/LocAlign/datasets/apo_structures/FE/apoa76603c89f.pdb,apoa76603c89f,found,1,[]
3e23,A,SAM,,,,,,,,no_candidate_passed_prefilter,0,[]
3e2t,A,IMD,,,,,,,,no_candidate_passed_prefilter,0,[]
3e4w,A,HEM,,,,,,,,all_candidates_pocket_occupied,1,"[""3e4yA: pocket_occupied""]"
3e65,B,HEM,,,,,,,,all_candidates_pocket_occupied,86,"[""2ortA: chain_not_found"", ""2orpA: chain_not_found"", ""3e7mA: chain_not_found"", ""3e7mB: chain_not_found"", ""2oroA: chain_not_found"", ""2orrA: chain_not_found"", ""2orsA: chain_not_found"", ""2orqA: chain_not_found"", ""1nosA: chain_not_found"", ""3e68A: chain_not_found"", ""3e68B: chain_not_found"", ""3eaiA: chain_not_found"", ""3eaiB: chain_not_found"", ""3nqsA: chain_not_found"", ""3nqsB: chain_not_found"", ""1dd7A: chain_not_found"", ""3ebfA: chain_not_found"", ""3ebfB: chain_not_found"", ""1jwkA: chain_not_found"", ""1jwkB: chain_not_found"", ""1r35A: chain_not_found"", ""1r35B: chain_not_found"", ""3e6lA: chain_not_found"", ""3e6lB: chain_not_found"", ""2nosA: chain_not_found"", ""1m8dA: chain_not_found"", ""1m8dB: chain_not_found"", ""1df1A: chain_not_found"", ""1df1B: chain_not_found"", ""1dwvA: chain_not_found"", ""1dwvB: chain_not_found"", ""1dwwA: chain_not_found"", ""1dwwB: chain_not_found"", ""1m9tA: chain_not_found"", ""1m9tB: chain_not_found"", ""3e6nA: chain_not_found"", ""3e6nB: chain_not_found"", ""3ebdA: chain_not_found"", ""3ebdB: chain_not_found"", ""1n2nA: chain_not_found"", ""1n2nB: chain_not_found"", ""1qw4A: chain_not_found"", ""1qw4B: chain_not_found"", ""3e6tA: chain_not_found"", ""3e6tB: chain_not_found"", ""1jwjA: chain_not_found"", ""1jwjB: chain_not_found"", ""2y37A: chain_not_found"", ""2y37B: chain_not_found"", ""3e67A: chain_not_found"", ""3e67B: chain_not_found"", ""3e6oA: chain_not_found"", ""3e6oB: chain_not_found"", ""3e7tA: chain_not_found"", ""3e7tB: chain_not_found"", ""1nodA: chain_not_found"", ""1nodB: chain_not_found"", ""2nodA: chain_not_found"", ""2nodB: chain_not_found"", ""1dwxA: chain_not_found"", ""1dwxB: chain_not_found"", ""1nocA: chain_not_found"", ""1m8iA: chain_not_found"", ""1m8iB: chain_not_found"", ""1qomA: chain_not_found"", ""1qomB: chain_not_found"", ""3nodA: chain_not_found"", ""3nodB: chain_not_found"", ""1qw5A: chain_not_found"", ""1qw5B: chain_not_found"", ""3dwjA: chain_not_found"", ""3dwjB: chain_not_found"", ""4js9A: chain_not_found"", ""4js9B: chain_not_found"", ""3nw2A: chain_not_found"", ""3nw2B: chain_not_found"", ""1m8hA: chain_not_found"", ""1m8hB: chain_not_found"", ""1m8eA: chain_not_found"", ""1m8eB: chain_not_found"", ""3e7iA: chain_not_found"", ""3e7iB: chain_not_found"", ""1vafA: chain_not_found"", ""1vafB: chain_not_found"", ""4ux6B: chain_not_found"", ""2bhjA: chain_not_found""]"
3e7g,C,HEM,,,,,,,,all_candidates_pocket_occupied,20,"[""4nosA: pocket_occupied"", ""4nosB: chain_not_found"", ""4nosC: chain_not_found"", ""4nosD: chain_not_found"", ""1nsiA: pocket_occupied"", ""1nsiB: chain_not_found"", ""1nsiC: chain_not_found"", ""1nsiD: chain_not_found"", ""3ej8A: pocket_occupied"", ""3ej8B: chain_not_found"", ""3ej8C: chain_not_found"", ""3ej8D: chain_not_found"", ""2nsiA: pocket_occupied"", ""2nsiB: chain_not_found"", ""2nsiC: chain_not_found"", ""2nsiD: chain_not_found"", ""4cx7A: pocket_occupied"", ""4cx7B: chain_not_found"", ""4cx7C: chain_not_found"", ""4cx7D: chain_not_found""]"
3e81,A,VN4,3e8m,A,A,1.1,0.19500458078459595,/home/iscb/wolfson/hagairavid/LocAlign/datasets/apo_structures/VN4/apo998bb3ca3f.pdb,apo998bb3ca3f,found,1,[]
3edo,A,FMN,,,,,,,,no_candidate_passed_prefilter,0,[]
3eey,A,SAM,,,,,,,,no_candidate_passed_prefilter,0,[]
3egw,A,SF4,3ir6,A,A,2.8,0.23631507107245023,/home/iscb/wolfson/hagairavid/LocAlign/datasets/apo_structures/SF4/apo87912ac63c.pdb,apo87912ac63c,found,11,"[""1q16A: pocket_occupied"", ""1y5iA: pocket_occupied"", ""1r27A: pocket_occupied"", ""1r27C: chain_not_found"", ""1y4zA: pocket_occupied"", ""1siwA: pocket_occupied"", ""3ir5A: pocket_occupied"", ""3ir7A: pocket_occupied"", ""1y5lA: pocket_occupied"", ""1y5nA: pocket_occupied""]"
3eh3,A,HEM,,,,,,,,all_candidates_pocket_occupied,41,"[""3s8fA: pocket_occupied"", ""3s8gA: pocket_occupied"", ""4g7sA: pocket_occupied"", ""8ajzA: pocket_occupied"", ""8k65A: pocket_occupied"", ""8k6yA: pocket_occupied"", ""8huaA: pocket_occupied"", ""9gdfA: pocket_occupied"", ""1xmeA: pocket_occupied"", ""5ndcA: pocket_occupied"", ""9vdjA: pocket_occupied"", ""1ehkA: pocket_occupied"", ""4fa7A: pocket_occupied"", ""4g70A: pocket_occupied"", ""4g7qA: pocket_occupied"", ""4gp5A: pocket_occupied"", ""3eh5A: pocket_occupied"", ""3qjsA: pocket_occupied"", ""3qjvA: pocket_occupied"", ""4faaA: pocket_occupied"", ""4gp4A: pocket_occupied"", ""4gp8A: pocket_occupied"", ""2qpeA: pocket_occupied"", ""3eh4A: pocket_occupied"", ""3qjqA: pocket_occupied"", ""3qjuA: pocket_occupied"", ""4g71A: pocket_occupied"", ""4n4yA: pocket_occupied"", ""3qjtA: pocket_occupied"", ""4g7rA: pocket_occupied"", ""4g72A: pocket_occupied"", ""3qjrA: pocket_occupied"", ""2qpdA: pocket_occupied"", ""3s3bA: pocket_occupied"", ""3bvdA: pocket_occupied"", ""3s3dA: pocket_occupied"", ""3s3cA: pocket_occupied"", ""3s38A: pocket_occupied"", ""3s3aA: pocket_occupied"", ""3s33A: pocket_occupied"", ""3s39A: pocket_occupied""]"
3ej3,C,ACT,3ej9,A,A,1.5,0.5658579562271329,/home/iscb/wolfson/hagairavid/LocAlign/datasets/apo_structures/ACT/apo4d54edea67.pdb,apo4d54edea67,found,1,[]
3el3,A,HEM,,,,,,,,all_candidates_pocket_occupied,2,"[""3dbgA: pocket_occupied"", ""3dbgB: chain_not_found""]"
3erg,A,GTS,3erf,A,A,2.23,0.29766832703721047,/home/iscb/wolfson/hagairavid/LocAlign/datasets/apo_structures/GTS/apobc3130d6cb.pdb,apobc3130d6cb,found,2,"[""3ibhA: pocket_occupied""]"
3eu3,A,CA,3eu4,A,A,2.3,0.16995654365554633,/home/iscb/wolfson/hagairavid/LocAlign/datasets/apo_structures/CA/apo92e17d481d.pdb,apo92e17d481d,found,3,"[""3ghaA: pocket_occupied"", ""3gh9A: pocket_occupied""]"
3euj,A,AGS,,,,,,,,all_candidates_pocket_occupied,4,"[""3eukA: pocket_occupied"", ""3eukC: chain_not_found"", ""3eukF: chain_not_found"", ""3eukH: chain_not_found""]"
3evk,A,MN,1p7g,A,A,1.8,0.27777092992946484,/home/iscb/wolfson/hagairavid/LocAlign/datasets/apo_structures/MN/apo290959f359.pdb,apo290959f359,found,1,[]
3ew5,A,1GP,3eti,A,A,2.2,1.0801934713917467,/home/iscb/wolfson/hagairavid/LocAlign/datasets/apo_structures/1GP/apo58adbd4ccd.pdb,apo58adbd4ccd,found,1,[]
3ew9,A,ANP,,,,,,,,all_candidates_pocket_occupied,2,"[""3ewaA: pocket_occupied"", ""3etlA: pocket_occupied""]"
3ewp,A,APR,3ewo,A,A,1.8,0.25333806265735964,/home/iscb/wolfson/hagairavid/LocAlign/datasets/apo_structures/APR/apof5de2d448c.pdb,apof5de2d448c,found,1,[]
3ezh,A,NO3,3ezi,A,A,1.7,1.1311733657286749,/home/iscb/wolfson/hagairavid/LocAlign/datasets/apo_structures/NO3/apo82cc3a0f25.pdb,apo82cc3a0f25,found,1,[]
3f2b,A,DGT,,,,,,,,all_candidates_pocket_occupied,2,"[""3f2cA: pocket_occupied"", ""3f2dA: pocket_occupied""]"
3f2v,A,FMN,,,,,,,,no_candidate_passed_prefilter,0,[]
3f8h,A,CA,,,,,,,,no_candidate_passed_prefilter,0,[]
3f8k,A,COA,,,,,,,,no_candidate_passed_prefilter,0,[]
3fb4,A,AP5,,,,,,,,no_candidate_passed_prefilter,0,[]
3fd5,B,K,9hju,A,B,3.16,1.187848485559232,/home/iscb/wolfson/hagairavid/LocAlign/datasets/apo_structures/K/apo5634e23ee1.pdb,apo5634e23ee1,found,3,"[""3fd6A: pocket_occupied"", ""3fd6B: chain_not_found""]"
3fh9,A,HEM,,,,,,,,no_candidate_passed_prefilter,0,[]
3fh9,B,HEM,,,,,,,,no_candidate_passed_prefilter,0,[]
3fhm,A,NAI,,,,,,,,no_candidate_passed_prefilter,0,[]
3fiu,A,AMP,,,,,,,,no_uniprot_mapping,0,[]
3fiu,A,POP,,,,,,,,no_uniprot_mapping,0,[]
3fjw,A,HEM,,,,,,,,all_candidates_pocket_occupied,19,"[""3fmuA: pocket_occupied"", ""5aboA: pocket_occupied"", ""3fm6A: pocket_occupied"", ""2boqA: pocket_occupied"", ""5fneA: pocket_occupied"", ""4fcsA: pocket_occupied"", ""4fdqA: pocket_occupied"", ""4fcnA: pocket_occupied"", ""3fm1A: pocket_occupied"", ""5fnbA: pocket_occupied"", ""5fnbB: chain_not_found"", ""3fkgA: pocket_occupied"", ""2w23A: pocket_occupied"", ""2vkaA: pocket_occupied"", ""4fefA: pocket_occupied"", ""3fm4A: pocket_occupied"", ""5abnA: pocket_occupied"", ""5abqA: pocket_occupied"", ""4g05A: pocket_occupied""]"
3flk,A,NAI,,,,,,,,all_candidates_pocket_occupied,1,"[""3fmxX: pocket_occupied""]"
3flk,A,OXL,,,,,,,,all_candidates_pocket_occupied,1,"[""3fmxX: pocket_occupied""]"
3flv,A,COA,,,,,,,,no_candidate_passed_prefilter,0,[]
3fo5,A,TCE,6vvq,A,A,3.09,0.5012842819298161,/home/iscb/wolfson/hagairavid/LocAlign/datasets/apo_structures/TCE/apoe73fa7dd4d.pdb,apoe73fa7dd4d,found,1,[]
3fpj,B,SAM,3fpg,A,A,2.0,1.0252843641015204,/home/iscb/wolfson/hagairavid/LocAlign/datasets/apo_structures/SAM/apo89ae69e16b.pdb,apo89ae69e16b,found,9,"[""3fpfA: pocket_occupied"", ""3fpfB: chain_not_found"", ""3fpeA: pocket_occupied"", ""3fpeB: chain_not_found"", ""3o31A: pocket_occupied"", ""3o31B: chain_not_found"", ""3fphA: pocket_occupied"", ""3fphB: chain_not_found""]"
3fsb,A,COA,,,,,,,,all_candidates_pocket_occupied,4,"[""3fs8A: pocket_occupied"", ""3fs8B: chain_not_found"", ""3fscA: pocket_occupied"", ""3fscB: chain_not_found""]"
3ftq,B,GNP,,,,,,,,no_candidate_passed_prefilter,0,[]
3fvb,A,HEM,,,,,,,,all_candidates_pocket_occupied,5,"[""8sqoA: pocket_occupied"", ""8sqrA: pocket_occupied"", ""8sqpA: pocket_occupied"", ""8sqtA: pocket_occupied"", ""8sqqA: pocket_occupied""]"
3fvs,B,GOL,4wlh,A,A,1.28,0.14944086168692022,/home/iscb/wolfson/hagairavid/LocAlign/datasets/apo_structures/GOL/apo22e6e58ef7.pdb,apo22e6e58ef7,found,1,[]
3fvz,A,FE,5wm0,A,A,2.4,6.322511876958017,/home/iscb/wolfson/hagairavid/LocAlign/datasets/apo_structures/FE/apof812dd602f.pdb,apof812dd602f,found,1,[]
3fwz,A,AMP,,,,,,,,no_candidate_passed_prefilter,0,[]
3fxx,A,ANP,2qol,A,A,1.07,1.1703582277006397,/home/iscb/wolfson/hagairavid/LocAlign/datasets/apo_structures/ANP/apoc5f443f46e.pdb,apoc5f443f46e,found,1,[]
3fyb,B,CA,,,,,,,,no_candidate_passed_prefilter,0,[]
3fyh,A,ADP,,,,,,,,all_candidates_pocket_occupied,30,"[""2i1qA: chain_not_found"", ""3ntuA: chain_not_found"", ""1t4gA: chain_not_found"", ""2fpmA: chain_not_found"", ""4qkqA: chain_not_found"", ""4qkqB: chain_not_found"", ""4qkqC: chain_not_found"", ""4qkqD: chain_not_found"", ""4qkqE: chain_not_found"", ""4qkqF: chain_not_found"", ""4qkqG: chain_not_found"", ""4qkqH: chain_not_found"", ""4qkqI: chain_not_found"", ""4qkqJ: chain_not_found"", ""4qkqK: chain_not_found"", ""4qkqL: chain_not_found"", ""2fpkA: chain_not_found"", ""2f1jA: chain_not_found"", ""2fplA: chain_not_found"", ""1xu4A: pocket_occupied"", ""2b21A: chain_not_found"", ""2gdjA: chain_not_found"", ""4dc9A: chain_not_found"", ""4dc9B: chain_not_found"", ""4dc9C: chain_not_found"", ""4dc9D: chain_not_found"", ""4dc9E: chain_not_found"", ""4dc9F: chain_not_found"", ""2f1hA: chain_not_found"", ""2f1iA: chain_not_found""]"
3fz3,A,CA,3ehk,A,A,3.2,0.6178068933560033,/home/iscb/wolfson/hagairavid/LocAlign/datasets/apo_structures/CA/apodaa912f502.pdb,apodaa912f502,found,1,[]
3fz3,B,CA,3ehk,A,A,3.2,0.6639291414160139,/home/iscb/wolfson/hagairavid/LocAlign/datasets/apo_structures/CA/apo9309b158a0.pdb,apo9309b158a0,found,1,[]
3fz5,C,CA,,,,,,,,no_candidate_passed_prefilter,0,[]
3fz5,C,GSH,,,,,,,,no_candidate_passed_prefilter,0,[]
3fzg,A,SAM,,,,,,,,no_candidate_passed_prefilter,0,[]
3fzi,A,MG,3g91,A,A,1.23,0.47684075678226,/home/iscb/wolfson/hagairavid/LocAlign/datasets/apo_structures/MG/apoa95f261b95.pdb,apoa95f261b95,found,1,[]
3g20,B,CA,,,,,,,,no_candidate_passed_prefilter,0,[]
3g46,A,CMO,,,,,,,,all_candidates_pocket_occupied,138,"[""2z8aA: pocket_occupied"", ""2z8aB: chain_not_found"", ""3sdhA: pocket_occupied"", ""3sdhB: chain_not_found"", ""1jzlA: pocket_occupied"", ""1jzlB: chain_not_found"", ""2av0A: pocket_occupied"", ""2av0B: chain_not_found"", ""2grhA: pocket_occupied"", ""2grhB: chain_not_found"", ""3uhhA: pocket_occupied"", ""3uhhB: chain_not_found"", ""2auoA: pocket_occupied"", ""2auoB: chain_not_found"", ""2grzA: pocket_occupied"", ""2grzB: chain_not_found"", ""2r4zA: pocket_occupied"", ""2r4zB: chain_not_found"", ""2z85A: pocket_occupied"", ""2z85B: chain_not_found"", ""3g4qA: pocket_occupied"", ""3g4qB: chain_not_found"", ""3g4rA: pocket_occupied"", ""3g4rB: chain_not_found"", ""3qobA: pocket_occupied"", ""3qobB: chain_not_found"", ""3uhbA: pocket_occupied"", ""3uhbB: chain_not_found"", ""3uhcA: pocket_occupied"", ""3uhcB: chain_not_found"", ""3uhdA: pocket_occupied"", ""3uhdB: chain_not_found"", ""4hbiA: pocket_occupied"", ""4hbiB: chain_not_found"", ""4sdhA: pocket_occupied"", ""4sdhB: chain_not_found"", ""5hbiA: pocket_occupied"", ""5hbiB: chain_not_found"", ""7hbiA: pocket_occupied"", ""7hbiB: chain_not_found"", ""3g53A: pocket_occupied"", ""3g53B: chain_not_found"", ""3g52A: pocket_occupied"", ""3g52B: chain_not_found"", ""3ugzA: pocket_occupied"", ""3ugzB: chain_not_found"", ""1hbiA: pocket_occupied"", ""1hbiB: chain_not_found"", ""2av3A: pocket_occupied"", ""2av3B: chain_not_found"", ""3g4yA: pocket_occupied"", ""3g4yB: chain_not_found"", ""3uhxA: pocket_occupied"", ""3uhxB: chain_not_found"", ""3uhvA: pocket_occupied"", ""3uhvB: chain_not_found"", ""2aupA: pocket_occupied"", ""2aupB: chain_not_found"", ""2auqA: pocket_occupied"", ""2auqB: chain_not_found"", ""2r4wA: pocket_occupied"", ""2r4wB: chain_not_found"", ""3uh3A: pocket_occupied"", ""3uh3B: chain_not_found"", ""3uh7A: pocket_occupied"", ""3uh7B: chain_not_found"", ""3uhgA: pocket_occupied"", ""3uhgB: chain_not_found"", ""3ui0A: pocket_occupied"", ""3ui0B: chain_not_found"", ""6hbiA: pocket_occupied"", ""6hbiB: chain_not_found"", ""1nxfA: pocket_occupied"", ""1nxfB: chain_not_found"", ""1jzmA: pocket_occupied"", ""1jzmB: chain_not_found"", ""3g4wA: pocket_occupied"", ""3g4wB: chain_not_found"", ""3uhrA: pocket_occupied"", ""3uhrB: chain_not_found"", ""3uhqA: pocket_occupied"", ""3uhqB: chain_not_found"", ""2r4yA: pocket_occupied"", ""2r4yB: chain_not_found"", ""3uhkA: pocket_occupied"", ""3uhkB: chain_not_found"", ""3uhkC: chain_not_found"", ""3uhkD: chain_not_found"", ""3uhnA: pocket_occupied"", ""3uhnB: chain_not_found"", ""3uhtA: pocket_occupied"", ""3uhtB: chain_not_found"", ""3uhzA: pocket_occupied"", ""3uhzB: chain_not_found"", ""3uhwA: pocket_occupied"", ""3uhwB: chain_not_found"", ""1jwnA: pocket_occupied"", ""1jwnB: chain_not_found"", ""1jwnC: chain_not_found"", ""1jwnD: chain_not_found"", ""2grfA: pocket_occupied"", ""2grfB: chain_not_found"", ""2r4xA: pocket_occupied"", ""2r4xB: chain_not_found"", ""3g4uA: pocket_occupied"", ""3g4uB: chain_not_found"", ""3g4vA: pocket_occupied"", ""3g4vB: chain_not_found"", ""3ugyA: pocket_occupied"", ""3ugyB: chain_not_found"", ""3uh5A: pocket_occupied"", ""3uh5B: chain_not_found"", ""3uhsA: pocket_occupied"", ""3uhsB: chain_not_found"", ""3uhuA: pocket_occupied"", ""3uhuB: chain_not_found"", ""1jzkA: pocket_occupied"", ""1jzkB: chain_not_found"", ""1jzkC: chain_not_found"", ""1jzkD: chain_not_found"", ""3uhyA: pocket_occupied"", ""3uhyB: chain_not_found"", ""3uh6A: pocket_occupied"", ""3uh6B: chain_not_found"", ""2aurA: pocket_occupied"", ""2aurB: chain_not_found"", ""1nwiA: pocket_occupied"", ""1nwiB: chain_not_found"", ""1nwiC: chain_not_found"", ""1nwiD: chain_not_found"", ""3uhiA: pocket_occupied"", ""3uhiB: chain_not_found"", ""3uhiC: chain_not_found"", ""3uhiD: chain_not_found"", ""3uheA: pocket_occupied"", ""3uheB: chain_not_found"", ""1nwnA: pocket_occupied"", ""1nwnB: chain_not_found""]"
3g5i,A,CA,,,,,,,,all_candidates_pocket_occupied,1,"[""1yoeA: pocket_occupied""]"
3g77,A,FE,1r9z,A,A,1.32,1.1057473990233047,/home/iscb/wolfson/hagairavid/LocAlign/datasets/apo_structures/FE/apo78d677d71f.pdb,apo78d677d71f,found,2,"[""1ra0A: pocket_occupied""]"
3g8b,B,SAM,,,,,,,,all_candidates_pocket_occupied,10,"[""3g89A: pocket_occupied"", ""3g89B: chain_not_found"", ""3g88A: pocket_occupied"", ""3g88B: chain_not_found"", ""3g8aA: pocket_occupied"", ""3g8aB: chain_not_found"", ""3g8aC: chain_not_found"", ""3g8aD: chain_not_found"", ""3g8aE: chain_not_found"", ""3g8aF: chain_not_found""]"
3gac,E,ENO,3gad,A,A,1.8,0.37610462371314884,/home/iscb/wolfson/hagairavid/LocAlign/datasets/apo_structures/ENO/apo45ebb5382c.pdb,apo45ebb5382c,found,1,[]
3gas,A,HEM,,,,,,,,no_candidate_passed_prefilter,0,[]
3gce,A,FES,,,,,,,,no_candidate_passed_prefilter,0,[]
3gcf,A,FE2,,,,,,,,no_candidate_passed_prefilter,0,[]
3gcf,A,FES,,,,,,,,no_candidate_passed_prefilter,0,[]
3gci,A,CA,3jql,A,A,1.2,0.36266062758158446,/home/iscb/wolfson/hagairavid/LocAlign/datasets/apo_structures/CA/apoaaff05812f.pdb,apoaaff05812f,found,1,[]
3gcz,A,SAM,,,,,,,,no_candidate_passed_prefilter,0,[]
3gdc,A,CA,,,,,,,,no_candidate_passed_prefilter,0,[]
3gdh,A,MGP,,,,,,,,all_candidates_pocket_occupied,4,"[""3egiA: pocket_occupied"", ""3egiB: chain_not_found"", ""3egiC: chain_not_found"", ""3egiD: chain_not_found""]"
3gdh,A,SAH,,,,,,,,all_candidates_pocket_occupied,4,"[""3egiA: pocket_occupied"", ""3egiB: chain_not_found"", ""3egiC: chain_not_found"", ""3egiD: chain_not_found""]"
3gdj,A,HEM,,,,,,,,no_candidate_passed_prefilter,0,[]
3ge4,A,CA,,,,,,,,no_candidate_passed_prefilter,0,[]
3ge5,A,FMN,,,,,,,,no_candidate_passed_prefilter,0,[]
3gf0,A,POP,1pkh,A,A,1.42,0.8919836013731187,/home/iscb/wolfson/hagairavid/LocAlign/datasets/apo_structures/POP/apoe9e0560a61.pdb,apoe9e0560a61,found,1,[]
3gfr,D,FMN,,,,,,,,all_candidates_pocket_occupied,21,"[""3gfsA: pocket_occupied"", ""3gfsB: chain_not_found"", ""3gfsC: chain_not_found"", ""3gfsD: chain_not_found"", ""3gfsE: chain_not_found"", ""3gfsF: chain_not_found"", ""3gfsG: chain_not_found"", ""3gfsH: chain_not_found"", ""3gfsI: chain_not_found"", ""3gfsJ: chain_not_found"", ""3gfsK: chain_not_found"", ""3gfsL: chain_not_found"", ""1nni1: pocket_occupied"", ""2gswA: pocket_occupied"", ""2gswB: chain_not_found"", ""2gswC: chain_not_found"", ""2gswD: chain_not_found"", ""3gfqA: pocket_occupied"", ""3gfqB: chain_not_found"", ""3gfqC: chain_not_found"", ""3gfqD: chain_not_found""]"
3gka,B,FMN,,,,,,,,no_candidate_passed_prefilter,0,[]
3gkq,A,FES,,,,,,,,no_candidate_passed_prefilter,0,[]
3go6,A,RIB,,,,,,,,all_candidates_pocket_occupied,2,"[""3go7A: pocket_occupied"", ""3go7B: chain_not_found""]"
3gob,A,FES,,,,,,,,all_candidates_pocket_occupied,21,"[""3gkeA: pocket_occupied"", ""3gkeB: chain_not_found"", ""3gkeC: chain_not_found"", ""3gl0A: pocket_occupied"", ""3gl0B: chain_not_found"", ""3gl0C: chain_not_found"", ""3gteA: pocket_occupied"", ""3gteB: chain_not_found"", ""3gteC: chain_not_found"", ""3gb4A: pocket_occupied"", ""3gb4B: chain_not_found"", ""3gb4C: chain_not_found"", ""3gl2A: pocket_occupied"", ""3gl2B: chain_not_found"", ""3gl2C: chain_not_found"", ""3gtsA: pocket_occupied"", ""3gtsB: chain_not_found"", ""3gtsC: chain_not_found"", ""6vshA: pocket_occupied"", ""6vshB: chain_not_found"", ""6vshC: chain_not_found""]"
3god,A,CA,9p1d,A,C,3.31,1.2960868701616348,/home/iscb/wolfson/hagairavid/LocAlign/datasets/apo_structures/CA/apo6787ff6797.pdb,apo6787ff6797,found,1,[]
3goe,A,CA,3rcz,A,A,1.9,0.614764581555584,/home/iscb/wolfson/hagairavid/LocAlign/datasets/apo_structures/CA/apodca9278f3f.pdb,apodca9278f3f,found,1,[]
3gp5,A,VO4,3ezn,A,A,2.1,0.8198687787963097,/home/iscb/wolfson/hagairavid/LocAlign/datasets/apo_structures/VO4/apo00b57c65a6.pdb,apo00b57c65a6,found,7,"[""3gp3A: pocket_occupied"", ""3gp3B: chain_not_found"", ""3gp3C: chain_not_found"", ""3gp3D: chain_not_found"", ""3gw8A: pocket_occupied"", ""3gw8B: chain_not_found""]"
3gr3,A,FMN,,,,,,,,no_candidate_passed_prefilter,0,[]
3grr,A,SAH,3fyd,A,A,1.75,0.2771221116598842,/home/iscb/wolfson/hagairavid/LocAlign/datasets/apo_structures/SAH/apo6d4cb02c4d.pdb,apo6d4cb02c4d,found,2,"[""3gruA: pocket_occupied""]"
3gsh,A,TFA,,,,,,,,all_candidates_pocket_occupied,1,"[""1midA: pocket_occupied""]"
3gvh,A,NAD,,,,,,,,all_candidates_pocket_occupied,6,"[""3gviA: pocket_occupied"", ""3gviB: chain_not_found"", ""3gviC: chain_not_found"", ""3gviD: chain_not_found"", ""3gviE: chain_not_found"", ""3gviF: chain_not_found""]"
3gvy,C,FE,,,,,,,,no_candidate_passed_prefilter,0,[]
3gyq,A,SAM,,,,,,,,no_candidate_passed_prefilter,0,[]
3gzk,A,CA,3rx5,A,A,1.99,0.43504593789082546,/home/iscb/wolfson/hagairavid/LocAlign/datasets/apo_structures/CA/apo7e0df809cd.pdb,apo7e0df809cd,found,1,[]
3h31,A,SF4,,,,,,,,no_candidate_passed_prefilter,0,[]
3h3e,A,ZN,,,,,,,,no_candidate_passed_prefilter,0,[]
3h3n,X,GOL,1r59,A,O,2.5,1.7379768858591773,/home/iscb/wolfson/hagairavid/LocAlign/datasets/apo_structures/GOL/apob75e5e286a.pdb,apob75e5e286a,found,11,"[""3h46O: pocket_occupied"", ""3h46X: chain_not_found"", ""3flcO: pocket_occupied"", ""3flcX: chain_not_found"", ""3d7eO: pocket_occupied"", ""3d7eX: chain_not_found"", ""3h3oB: pocket_occupied"", ""3h3oC: chain_not_found"", ""3h3oO: chain_not_found"", ""3h3oX: chain_not_found""]"
3h4m,A,ADP,,,,,,,,no_candidate_passed_prefilter,0,[]
3h4s,E,CA,,,,,,,,no_candidate_passed_prefilter,0,[]
3h7r,A,ACT,,,,,,,,no_candidate_passed_prefilter,0,[]
3h7u,A,ACT,,,,,,,,no_candidate_passed_prefilter,0,[]
3h86,B,AP5,,,,,,,,no_candidate_passed_prefilter,0,[]
3hbn,A,UDP,,,,,,,,all_candidates_pocket_occupied,1,"[""3hbmA: pocket_occupied""]"
3hdi,A,CO,,,,,,,,no_candidate_passed_prefilter,0,[]
3hdl,A,HEM,,,,,,,,no_candidate_passed_prefilter,0,[]
3hf2,A,HEM,,,,,,,,all_candidates_pocket_occupied,417,"[""2ij2A: pocket_occupied"", ""2ij2B: chain_not_found"", ""6jlvA: pocket_occupied"", ""6jlvB: chain_not_found"", ""9isuA: pocket_occupied"", ""9isuB: chain_not_found"", ""6js8A: pocket_occupied"", ""6js8B: chain_not_found"", ""7w97A: pocket_occupied"", ""7w97B: chain_not_found"", ""4hghA: pocket_occupied"", ""4hghB: chain_not_found"", ""6k58A: pocket_occupied"", ""6k58B: chain_not_found"", ""4dtyA: pocket_occupied"", ""4dtyB: chain_not_found"", ""4kf0A: pocket_occupied"", ""4kf0B: chain_not_found"", ""7d1fA: pocket_occupied"", ""7d1fB: chain_not_found"", ""7wy2A: pocket_occupied"", ""7wy2B: chain_not_found"", ""7wy4A: pocket_occupied"", ""7wy4B: chain_not_found"", ""1zo4A: pocket_occupied"", ""1zo4B: chain_not_found"", ""6jmhA: pocket_occupied"", ""6jmhB: chain_not_found"", ""7conA: pocket_occupied"", ""7conB: chain_not_found"", ""9issA: pocket_occupied"", ""9issB: chain_not_found"", ""7ydbA: pocket_occupied"", ""7ydbB: chain_not_found"", ""23uhA: pocket_occupied"", ""23uhB: chain_not_found"", ""7cooA: pocket_occupied"", ""7cooB: chain_not_found"", ""5jtdA: pocket_occupied"", ""5jtdB: chain_not_found"", ""4hgiA: pocket_occupied"", ""4hgiB: chain_not_found"", ""8yb2A: pocket_occupied"", ""8yb2B: chain_not_found"", ""8yb3A: pocket_occupied"", ""8yb3B: chain_not_found"", ""7yjfA: pocket_occupied"", ""7yjfB: chain_not_found"", ""9kgpA: pocket_occupied"", ""9kgpB: chain_not_found"", ""7xzkA: pocket_occupied"", ""7xzkB: chain_not_found"", ""4dtzA: pocket_occupied"", ""4dtzB: chain_not_found"", ""6k9sA: pocket_occupied"", ""6k9sB: chain_not_found"", ""7cknA: pocket_occupied"", ""7cknB: chain_not_found"", ""7w9dA: pocket_occupied"", ""7w9dB: chain_not_found"", ""7ydaA: pocket_occupied"", ""7ydaB: chain_not_found"", ""9wmaA: pocket_occupied"", ""9wmaB: chain_not_found"", ""7ydlA: pocket_occupied"", ""7ydlB: chain_not_found"", ""7cvrA: pocket_occupied"", ""7cvrB: chain_not_found"", ""7wy1A: pocket_occupied"", ""7wy1B: chain_not_found"", ""7wy3A: pocket_occupied"", ""7wy3B: chain_not_found"", ""9kt5A: pocket_occupied"", ""9kt5B: chain_not_found"", ""8yb0A: pocket_occupied"", ""8yb0B: chain_not_found"", ""8yb1A: pocket_occupied"", ""8yb1B: chain_not_found"", ""7ydcA: pocket_occupied"", ""7ydcB: chain_not_found"", ""23ubA: pocket_occupied"", ""23ubB: chain_not_found"", ""7cziA: pocket_occupied"", ""7cziB: chain_not_found"", ""1jpzA: pocket_occupied"", ""1jpzB: chain_not_found"", ""3benA: pocket_occupied"", ""3benB: chain_not_found"", ""5b2wA: pocket_occupied"", ""5b2wB: chain_not_found"", ""1bu7A: pocket_occupied"", ""1bu7B: chain_not_found"", ""7yddA: pocket_occupied"", ""7yddB: chain_not_found"", ""6jzsA: pocket_occupied"", ""6jzsC: chain_not_found"", ""7cp8A: pocket_occupied"", ""7cp8B: chain_not_found"", ""7d0uA: pocket_occupied"", ""7d0uB: chain_not_found"", ""7wdhA: pocket_occupied"", ""7wdhB: chain_not_found"", ""6ly4A: pocket_occupied"", ""7yjgA: pocket_occupied"", ""7yjgB: chain_not_found"", ""3kx5A: pocket_occupied"", ""3kx5B: chain_not_found"", ""7cx6A: pocket_occupied"", ""7cx6B: chain_not_found"", ""1zo9A: pocket_occupied"", ""1zo9B: chain_not_found"", ""4dubA: pocket_occupied"", ""4dubB: chain_not_found"", ""5ucwA: pocket_occupied"", ""5ucwB: chain_not_found"", ""4dueA: pocket_occupied"", ""4dueB: chain_not_found"", ""7cx8A: pocket_occupied"", ""7cx8B: chain_not_found"", ""9uxzA: pocket_occupied"", ""9uxzB: chain_not_found"", ""2j1mA: pocket_occupied"", ""2j1mB: chain_not_found"", ""4hgfA: pocket_occupied"", ""4hgfB: chain_not_found"", ""4hggA: pocket_occupied"", ""4hggB: chain_not_found"", ""6h1oA: pocket_occupied"", ""6h1oB: chain_not_found"", ""1zoaA: pocket_occupied"", ""1zoaB: chain_not_found"", ""6l1bA: pocket_occupied"", ""6l1bB: chain_not_found"", ""7d0tA: pocket_occupied"", ""7d0tB: chain_not_found"", ""7yd9A: pocket_occupied"", ""7yd9B: chain_not_found"", ""6jvcA: pocket_occupied"", ""6jvcC: chain_not_found"", ""7w9jA: pocket_occupied"", ""7w9jB: chain_not_found"", ""8houA: pocket_occupied"", ""8houB: chain_not_found"", ""7y9lA: pocket_occupied"", ""7y9lB: chain_not_found"", ""7ydeA: pocket_occupied"", ""7ydeB: chain_not_found"", ""7yjhA: pocket_occupied"", ""7yjhB: chain_not_found"", ""4dtwA: pocket_occupied"", ""4dtwB: chain_not_found"", ""4dufA: pocket_occupied"", ""4dufB: chain_not_found"", ""4dufC: chain_not_found"", ""4dufD: chain_not_found"", ""8qzfA: pocket_occupied"", ""8qzfB: chain_not_found"", ""3wspA: pocket_occupied"", ""3wspB: chain_not_found"", ""1yqpA: pocket_occupied"", ""1yqpB: chain_not_found"", ""8yayA: pocket_occupied"", ""8yayB: chain_not_found"", ""9wmbA: pocket_occupied"", ""9wmbB: chain_not_found"", ""3kx3A: pocket_occupied"", ""3kx3B: chain_not_found"", ""4kf2A: pocket_occupied"", ""4kf2B: chain_not_found"", ""8hosA: pocket_occupied"", ""8hosB: chain_not_found"", ""8jc3A: pocket_occupied"", ""8jc3B: chain_not_found"", ""7y9jA: pocket_occupied"", ""7y9jB: chain_not_found"", ""4o4pA: pocket_occupied"", ""4o4pB: chain_not_found"", ""6l1aA: pocket_occupied"", ""6l1aB: chain_not_found"", ""4dudA: pocket_occupied"", ""4dudB: chain_not_found"", ""6jmwA: pocket_occupied"", ""6jmwB: chain_not_found"", ""7yjeA: pocket_occupied"", ""7yjeB: chain_not_found"", ""8yazA: pocket_occupied"", ""8yazB: chain_not_found"", ""8hooA: pocket_occupied"", ""8hooB: chain_not_found"", ""8hopA: pocket_occupied"", ""8hopB: chain_not_found"", ""8dsgA: pocket_occupied"", ""8dsgB: chain_not_found"", ""8dsgC: chain_not_found"", ""8dsgD: chain_not_found"", ""8qzeA: pocket_occupied"", ""8qzeB: chain_not_found"", ""7y0tA: pocket_occupied"", ""7y0tB: chain_not_found"", ""4kewA: pocket_occupied"", ""4kewB: chain_not_found"", ""3m4vA: pocket_occupied"", ""3m4vB: chain_not_found"", ""3psxA: pocket_occupied"", ""3psxB: chain_not_found"", ""2nnbA: pocket_occupied"", ""2nnbB: chain_not_found"", ""2ij3A: pocket_occupied"", ""2ij3B: chain_not_found"", ""4du2A: pocket_occupied"", ""4du2B: chain_not_found"", ""5b2uA: pocket_occupied"", ""5b2uB: chain_not_found"", ""5b2xA: pocket_occupied"", ""5b2xB: chain_not_found"", ""7yjdA: pocket_occupied"", ""7yjdB: chain_not_found"", ""1yqoA: pocket_occupied"", ""1yqoB: chain_not_found"", ""4hgjA: pocket_occupied"", ""4hgjB: chain_not_found"", ""7e46A: pocket_occupied"", ""7e46B: chain_not_found"", ""4ducA: pocket_occupied"", ""4ducB: chain_not_found"", ""8hoqA: pocket_occupied"", ""8hoqB: chain_not_found"", ""3kx4A: pocket_occupied"", ""3kx4B: chain_not_found"", ""6h1sA: pocket_occupied"", ""6h1sB: chain_not_found"", ""8horA: pocket_occupied"", ""8horB: chain_not_found"", ""3dgiA: pocket_occupied"", ""3dgiB: chain_not_found"", ""8hotA: pocket_occupied"", ""8hotB: chain_not_found"", ""5dyzA: pocket_occupied"", ""5dyzC: chain_not_found"", ""7y0pA: pocket_occupied"", ""7y0pB: chain_not_found"", ""6hn8A: pocket_occupied"", ""6hn8B: chain_not_found"", ""1smiA: pocket_occupied"", ""1smiB: chain_not_found"", ""2hpdA: pocket_occupied"", ""2hpdB: chain_not_found"", ""4kpaA: pocket_occupied"", ""5e7yA: pocket_occupied"", ""5e7yB: chain_not_found"", ""4duaA: pocket_occupied"", ""4duaB: chain_not_found"", ""5jq2A: pocket_occupied"", ""5jq2B: chain_not_found"", ""5xhjA: pocket_occupied"", ""5xhjB: chain_not_found"", ""7y0uA: pocket_occupied"", ""7y0uB: chain_not_found"", ""7yftA: pocket_occupied"", ""7yftB: chain_not_found"", ""1jmeA: pocket_occupied"", ""1jmeB: chain_not_found"", ""1p0wA: pocket_occupied"", ""1p0wB: chain_not_found"", ""1p0xA: pocket_occupied"", ""1p0xB: chain_not_found"", ""2bmhA: pocket_occupied"", ""2bmhB: chain_not_found"", ""5e78A: pocket_occupied"", ""5e78B: chain_not_found"", ""5b2yA: pocket_occupied"", ""5b2yB: chain_not_found"", ""8honA: pocket_occupied"", ""8honB: chain_not_found"", ""1bvyA: pocket_occupied"", ""1bvyB: chain_not_found"", ""1p0vA: pocket_occupied"", ""1p0vB: chain_not_found"", ""4keyA: pocket_occupied"", ""4keyB: chain_not_found"", ""6k3qA: pocket_occupied"", ""6k3qB: chain_not_found"", ""7y0sA: pocket_occupied"", ""7y0sB: chain_not_found"", ""7wdgA: pocket_occupied"", ""7wdgB: chain_not_found"", ""5og9A: pocket_occupied"", ""5og9B: chain_not_found"", ""7y0rA: pocket_occupied"", ""7y0rB: chain_not_found"", ""9wmcA: pocket_occupied"", ""9wmcB: chain_not_found"", ""4kpbA: pocket_occupied"", ""4kpbB: chain_not_found"", ""3ekfA: pocket_occupied"", ""3ekfB: chain_not_found"", ""6jo1A: pocket_occupied"", ""6jo1B: chain_not_found"", ""6k24A: pocket_occupied"", ""6k24B: chain_not_found"", ""7wdiA: pocket_occupied"", ""7wdiB: chain_not_found"", ""2j4sA: pocket_occupied"", ""2j4sB: chain_not_found"", ""2x7yA: pocket_occupied"", ""2x7yB: chain_not_found"", ""7wdeA: pocket_occupied"", ""7wdeB: chain_not_found"", ""6iaoA: pocket_occupied"", ""6iaoB: chain_not_found"", ""6iaoC: chain_not_found"", ""6iaoD: chain_not_found"", ""7y9mA: pocket_occupied"", ""7y9mB: chain_not_found"", ""5jquA: pocket_occupied"", ""5jquB: chain_not_found"", ""5jquC: chain_not_found"", ""5jquD: chain_not_found"", ""5jquE: chain_not_found"", ""5jquF: chain_not_found"", ""5jquG: chain_not_found"", ""5jquH: chain_not_found"", ""7wg0A: pocket_occupied"", ""7wg0B: chain_not_found"", ""5xa3A: pocket_occupied"", ""5xa3B: chain_not_found"", ""5xa3C: chain_not_found"", ""5xa3D: chain_not_found"", ""7wddA: pocket_occupied"", ""7wddB: chain_not_found"", ""5e9zA: pocket_occupied"", ""5e9zB: chain_not_found"", ""5e9zC: chain_not_found"", ""5e9zD: chain_not_found"", ""7y9kA: pocket_occupied"", ""7y9kB: chain_not_found"", ""9istA: pocket_occupied"", ""9istB: chain_not_found"", ""1fahA: pocket_occupied"", ""1fahB: chain_not_found"", ""3ekbA: pocket_occupied"", ""3ekbB: chain_not_found"", ""5b2vA: pocket_occupied"", ""5b2vB: chain_not_found"", ""2x80A: pocket_occupied"", ""2x80B: chain_not_found"", ""7y0qA: pocket_occupied"", ""7y0qB: chain_not_found"", ""5jqvA: pocket_occupied"", ""5jqvB: chain_not_found"", ""5jqvC: chain_not_found"", ""5jqvD: chain_not_found"", ""5jqvE: chain_not_found"", ""5jqvF: chain_not_found"", ""5jqvG: chain_not_found"", ""5jqvH: chain_not_found"", ""2ij4A: pocket_occupied"", ""2ij4B: chain_not_found"", ""5dypA: pocket_occupied"", ""5dypC: chain_not_found"", ""3nplA: pocket_occupied"", ""3nplB: chain_not_found"", ""3ekdA: pocket_occupied"", ""3ekdB: chain_not_found"", ""4h24A: pocket_occupied"", ""4h24B: chain_not_found"", ""4h24C: chain_not_found"", ""4h24D: chain_not_found"", ""8jc4A: pocket_occupied"", ""8jc4B: chain_not_found"", ""3cbdA: pocket_occupied"", ""3cbdB: chain_not_found"", ""4wg2A: pocket_occupied"", ""4wg2B: chain_not_found"", ""4wg2C: chain_not_found"", ""1fagA: pocket_occupied"", ""1fagB: chain_not_found"", ""1fagC: chain_not_found"", ""1fagD: chain_not_found"", ""7egnA: pocket_occupied"", ""7egnB: chain_not_found"", ""4rsnA: pocket_occupied"", ""4rsnB: chain_not_found"", ""1smjA: pocket_occupied"", ""1smjB: chain_not_found"", ""1smjC: chain_not_found"", ""1smjD: chain_not_found"", ""4zfaA: pocket_occupied"", ""4zf8A: pocket_occupied"", ""4zf6A: pocket_occupied"", ""2uwhA: pocket_occupied"", ""2uwhB: chain_not_found"", ""2uwhC: chain_not_found"", ""2uwhD: chain_not_found"", ""2uwhE: chain_not_found"", ""2uwhF: chain_not_found"", ""4zfbA: pocket_occupied"", ""5zisA: pocket_occupied"", ""5zisB: chain_not_found"", ""5zisC: chain_not_found"", ""5zisD: chain_not_found"", ""4h23A: pocket_occupied"", ""4h23B: chain_not_found"", ""5zlhA: pocket_occupied"", ""5zlhB: chain_not_found"", ""5zlhC: chain_not_found"", ""5zlhD: chain_not_found"", ""8q2fA: pocket_occupied"", ""8q2fB: chain_not_found"", ""8q2fC: chain_not_found"", ""8q2fD: chain_not_found"", ""8q2fE: chain_not_found"", ""8q2fF: chain_not_found"", ""8dmgA: pocket_occupied"", ""8dmgB: chain_not_found"", ""8dmeA: pocket_occupied"", ""8dmeB: chain_not_found""]"
3hf4,A,HEM,,,,,,,,all_candidates_pocket_occupied,1,"[""3dhtA: pocket_occupied""]"
3hgm,A,ATP,,,,,,,,no_candidate_passed_prefilter,0,[]
3hjn,A,TYD,,,,,,,,no_candidate_passed_prefilter,0,[]
3hm8,A,BG6,,,,,,,,no_candidate_passed_prefilter,0,[]
3htx,D,SAH,,,,,,,,no_candidate_passed_prefilter,0,[]
3hwr,A,NDP,,,,,,,,no_candidate_passed_prefilter,0,[]
3hyu,A,HEM,,,,,,,,all_candidates_pocket_occupied,1,"[""3a0gA: pocket_occupied""]"
3hyu,B,HEM,,,,,,,,all_candidates_pocket_occupied,1,"[""3a0gB: pocket_occupied""]"
3hzt,A,J60,,,,,,,,no_candidate_passed_prefilter,0,[]
3i09,A,AAE,,,,,,,,no_candidate_passed_prefilter,0,[]
3i12,A,ADP,,,,,,,,all_candidates_pocket_occupied,4,"[""3q1kA: pocket_occupied"", ""3q1kB: chain_not_found"", ""3q1kC: chain_not_found"", ""3q1kD: chain_not_found""]"
3i39,X,FES,9iyv,A,A,2.5,0.28545969518115366,/home/iscb/wolfson/hagairavid/LocAlign/datasets/apo_structures/FES/apoe30fe6eec6.pdb,apoe30fe6eec6,found,53,"[""9fphX: pocket_occupied"", ""9fpiX: pocket_occupied"", ""4udxX: pocket_occupied"", ""9fpoX: pocket_occupied"", ""4udyX: pocket_occupied"", ""1su8A: pocket_occupied"", ""1su7A: pocket_occupied"", ""1sufA: pocket_occupied"", ""9fpnX: pocket_occupied"", ""9fpjX: pocket_occupied"", ""7zxlX: pocket_occupied"", ""5fleX: pocket_occupied"", ""7zxjX: pocket_occupied"", ""9fpkX: pocket_occupied"", ""9fpfX: pocket_occupied"", ""2yivX: pocket_occupied"", ""9iylA: pocket_occupied"", ""8on0X: pocket_occupied"", ""9fpgX: pocket_occupied"", ""9fplX: pocket_occupied"", ""8omyX: pocket_occupied"", ""8on1X: pocket_occupied"", ""3b51X: pocket_occupied"", ""7zxxX: pocket_occupied"", ""9tp0X: pocket_occupied"", ""7zy1X: pocket_occupied"", ""7zx6X: pocket_occupied"", ""9iyrA: pocket_occupied"", ""9toxX: pocket_occupied"", ""8omxX: pocket_occupied"", ""3b52X: pocket_occupied"", ""3b53X: pocket_occupied"", ""7zx5X: pocket_occupied"", ""9iysA: pocket_occupied"", ""8on2X: pocket_occupied"", ""1su6A: pocket_occupied"", ""7zx3X: pocket_occupied"", ""7zxcX: pocket_occupied"", ""8on3X: pocket_occupied"", ""7xdmA: pocket_occupied"", ""7xdnA: pocket_occupied"", ""9iymA: pocket_occupied"", ""9iynA: pocket_occupied"", ""7xdpA: pocket_occupied"", ""9iyoA: pocket_occupied"", ""9iytA: pocket_occupied"", ""9iyuA: pocket_occupied"", ""8x9dA: pocket_occupied"", ""8x9hA: pocket_occupied"", ""7errA: pocket_occupied"", ""8x9fA: pocket_occupied"", ""8x9eA: pocket_occupied""]"
3i39,X,SF4,,,,,,,,all_candidates_pocket_occupied,54,"[""9fphX: pocket_occupied"", ""9fpiX: pocket_occupied"", ""4udxX: pocket_occupied"", ""9fpoX: pocket_occupied"", ""4udyX: pocket_occupied"", ""1su8A: pocket_occupied"", ""1su7A: pocket_occupied"", ""1sufA: pocket_occupied"", ""9fpnX: pocket_occupied"", ""9fpjX: pocket_occupied"", ""7zxlX: pocket_occupied"", ""5fleX: pocket_occupied"", ""7zxjX: pocket_occupied"", ""9fpkX: pocket_occupied"", ""9fpfX: pocket_occupied"", ""2yivX: pocket_occupied"", ""9iylA: pocket_occupied"", ""8on0X: pocket_occupied"", ""9fpgX: pocket_occupied"", ""9fplX: pocket_occupied"", ""8omyX: pocket_occupied"", ""8on1X: pocket_occupied"", ""3b51X: pocket_occupied"", ""7zxxX: pocket_occupied"", ""9tp0X: pocket_occupied"", ""7zy1X: pocket_occupied"", ""7zx6X: pocket_occupied"", ""9iyrA: pocket_occupied"", ""9toxX: pocket_occupied"", ""8omxX: pocket_occupied"", ""3b52X: pocket_occupied"", ""3b53X: pocket_occupied"", ""7zx5X: pocket_occupied"", ""9iysA: pocket_occupied"", ""8on2X: pocket_occupied"", ""1su6A: pocket_occupied"", ""7zx3X: pocket_occupied"", ""7zxcX: pocket_occupied"", ""8on3X: pocket_occupied"", ""7xdmA: pocket_occupied"", ""7xdnA: pocket_occupied"", ""9iymA: pocket_occupied"", ""9iynA: pocket_occupied"", ""7xdpA: pocket_occupied"", ""9iyoA: pocket_occupied"", ""9iytA: pocket_occupied"", ""9iyuA: pocket_occupied"", ""8x9dA: pocket_occupied"", ""8x9hA: pocket_occupied"", ""7errA: pocket_occupied"", ""8x9fA: pocket_occupied"", ""8x9eA: pocket_occupied"", ""9iyvA: pocket_occupied"", ""8x9gA: pocket_occupied""]"
3i57,A,CA,,,,,,,,no_candidate_passed_prefilter,0,[]
3i58,A,SAH,,,,,,,,all_candidates_pocket_occupied,6,"[""3i53A: pocket_occupied"", ""3i53B: chain_not_found"", ""3i5uA: pocket_occupied"", ""3i5uB: chain_not_found"", ""3i64A: pocket_occupied"", ""3i64B: chain_not_found""]"
3i5g,C,CA,3i5f,A,C,3.1,0.9457709171761541,/home/iscb/wolfson/hagairavid/LocAlign/datasets/apo_structures/CA/apoc414649f86.pdb,apoc414649f86,found,1,[]
3i6y,A,CL,3s8y,A,A,2.1,0.3258439987363178,/home/iscb/wolfson/hagairavid/LocAlign/datasets/apo_structures/CL/apo3640c81146.pdb,apo3640c81146,found,1,[]
3ia8,A,HEM,,,,,,,,no_candidate_passed_prefilter,0,[]
3ib7,A,MN,2hyo,A,A,2.25,0.5195576703743999,/home/iscb/wolfson/hagairavid/LocAlign/datasets/apo_structures/MN/apoc169d5ed6a.pdb,apoc169d5ed6a,found,4,"[""3ib8A: pocket_occupied"", ""2hy1A: pocket_occupied"", ""2hypA: pocket_occupied""]"
3ieu,A,GDP,1x1l,A,X,13.5,4.081001430543992,/home/iscb/wolfson/hagairavid/LocAlign/datasets/apo_structures/GDP/apof7b1c625bc.pdb,apof7b1c625bc,found,3,"[""1egaA: pocket_occupied"", ""1egaB: chain_not_found""]"
3if2,A,PLP,,,,,,,,no_candidate_passed_prefilter,0,[]
3if9,A,GOA,,,,,,,,all_candidates_pocket_occupied,10,"[""1ryiA: pocket_occupied"", ""1ryiB: chain_not_found"", ""1ryiC: chain_not_found"", ""1ryiD: chain_not_found"", ""1ng4A: pocket_occupied"", ""1ng4B: chain_not_found"", ""9wozA: pocket_occupied"", ""9wozB: chain_not_found"", ""1ng3A: pocket_occupied"", ""1ng3B: chain_not_found""]"
3ih0,A,ANP,3ewm,A,A,1.9,0.4234811198404768,/home/iscb/wolfson/hagairavid/LocAlign/datasets/apo_structures/ANP/apo470c3179a7.pdb,apo470c3179a7,found,1,[]
3iht,A,SAM,,,,,,,,no_candidate_passed_prefilter,0,[]
3ik2,A,CA,,,,,,,,no_candidate_passed_prefilter,0,[]
3ikw,A,CA,3ilr,A,A,1.5,0.3211771159936505,/home/iscb/wolfson/hagairavid/LocAlign/datasets/apo_structures/CA/apod5bd73dc54.pdb,apod5bd73dc54,found,1,[]
3ing,A,NDP,,,,,,,,no_candidate_passed_prefilter,0,[]
3ioq,A,E64,,,,,,,,no_candidate_passed_prefilter,0,[]
3ipv,A,CA,4m3c,A,E,2.5,0.35034107388953667,/home/iscb/wolfson/hagairavid/LocAlign/datasets/apo_structures/CA/apofcd089e1cf.pdb,apofcd089e1cf,found,1,[]
3itg,A,FDA,,,,,,,,all_candidates_pocket_occupied,16,"[""7mwuA: pocket_occupied"", ""7mwvA: pocket_occupied"", ""3e2qA: pocket_occupied"", ""3e2rA: pocket_occupied"", ""4jnzA: pocket_occupied"", ""4jnyA: pocket_occupied"", ""4o8aA: pocket_occupied"", ""1tiwA: pocket_occupied"", ""1tj1A: pocket_occupied"", ""2fznA: pocket_occupied"", ""3e2sA: pocket_occupied"", ""1tj2A: pocket_occupied"", ""1tj0A: pocket_occupied"", ""7mwtA: pocket_occupied"", ""7sqnA: pocket_occupied"", ""2fzmA: pocket_occupied""]"
3iv6,A,SAM,,,,,,,,no_candidate_passed_prefilter,0,[]
3iv8,A,F6P,3egj,A,A,2.9,0.9123991202944154,/home/iscb/wolfson/hagairavid/LocAlign/datasets/apo_structures/F6P/apo7b44123974.pdb,apo7b44123974,found,1,[]
3jqp,D,A2P,3jqr,A,A,2.3,1.661589255700484,/home/iscb/wolfson/hagairavid/LocAlign/datasets/apo_structures/A2P/apod0480cc105.pdb,apod0480cc105,found,7,"[""3jqqA: pocket_occupied"", ""3jqqB: chain_not_found"", ""3jqqC: chain_not_found"", ""3jqqD: chain_not_found"", ""3jqqE: chain_not_found"", ""3jqqF: chain_not_found""]"
3jsa,A,NAD,,,,,,,,all_candidates_pocket_occupied,1,"[""3c8mA: pocket_occupied""]"
3ju8,A,NAD,,,,,,,,no_candidate_passed_prefilter,0,[]
3juv,A,HEM,,,,,,,,all_candidates_pocket_occupied,25,"[""6uezA: pocket_occupied"", ""6uezB: chain_not_found"", ""4uhiA: pocket_occupied"", ""4uhiB: chain_not_found"", ""4uhiC: chain_not_found"", ""4uhiD: chain_not_found"", ""8ss0A: pocket_occupied"", ""8ss0B: chain_not_found"", ""4uhlA: pocket_occupied"", ""4uhlB: chain_not_found"", ""4uhlC: chain_not_found"", ""4uhlD: chain_not_found"", ""4uhlE: chain_not_found"", ""4uhlF: chain_not_found"", ""4uhlG: chain_not_found"", ""4uhlH: chain_not_found"", ""8sbiA: pocket_occupied"", ""8sbiB: chain_not_found"", ""3ld6A: pocket_occupied"", ""3ld6B: chain_not_found"", ""6q2tA: pocket_occupied"", ""6q2tB: chain_not_found"", ""3jusA: pocket_occupied"", ""3jusB: chain_not_found"", ""8yqoA: pocket_occupied""]"
3jvf,B,CA,6hgo,A,A,2.1,2.4494194986612783,/home/iscb/wolfson/hagairavid/LocAlign/datasets/apo_structures/CA/apo1f2f0c2bd6.pdb,apo1f2f0c2bd6,found,1,[]
3jz4,A,NAP,,,,,,,,no_candidate_passed_prefilter,0,[]
3k1j,A,ADP,,,,,,,,no_candidate_passed_prefilter,0,[]
3k30,A,SF4,,,,,,,,no_candidate_passed_prefilter,0,[]
3k4y,A,IPE,,,,,,,,all_candidates_pocket_occupied,6,"[""3k4oA: pocket_occupied"", ""3k4oB: chain_not_found"", ""3k56A: pocket_occupied"", ""3k56B: chain_not_found"", ""3k52A: pocket_occupied"", ""3k52B: chain_not_found""]"
3k4z,A,XGP,,,,,,,,no_candidate_passed_prefilter,0,[]
3k7y,A,ACT,,,,,,,,no_candidate_passed_prefilter,0,[]
3k8d,A,CTP,3k8e,A,A,2.51,2.0743436719355564,/home/iscb/wolfson/hagairavid/LocAlign/datasets/apo_structures/CTP/apo9b8c5442fb.pdb,apo9b8c5442fb,found,1,[]
3k9v,A,HEM,,,,,,,,all_candidates_pocket_occupied,2,"[""3k9yA: pocket_occupied"", ""3k9yB: chain_not_found""]"
3kb1,A,ADP,,,,,,,,all_candidates_pocket_occupied,2,"[""6obyA: pocket_occupied"", ""6obyB: chain_not_found""]"
3kbo,A,NDB,,,,,,,,all_candidates_pocket_occupied,1,"[""3pp8A: pocket_occupied""]"
3kdo,C,CAP,,,,,,,,all_candidates_pocket_occupied,45,"[""3kdnA: pocket_occupied"", ""3kdnB: chain_not_found"", ""3kdnC: chain_not_found"", ""3kdnD: chain_not_found"", ""3kdnE: chain_not_found"", ""3kdnF: chain_not_found"", ""3kdnG: chain_not_found"", ""3kdnH: chain_not_found"", ""3kdnI: chain_not_found"", ""3kdnJ: chain_not_found"", ""3wqpA: pocket_occupied"", ""3wqpB: chain_not_found"", ""3wqpC: chain_not_found"", ""3wqpD: chain_not_found"", ""3wqpE: chain_not_found"", ""3wqpF: chain_not_found"", ""3wqpG: chain_not_found"", ""3wqpH: chain_not_found"", ""3wqpI: chain_not_found"", ""3wqpJ: chain_not_found"", ""3a12A: pocket_occupied"", ""3a12B: chain_not_found"", ""3a12C: chain_not_found"", ""3a12D: chain_not_found"", ""3a12E: chain_not_found"", ""3a12F: chain_not_found"", ""3a12G: chain_not_found"", ""3a12H: chain_not_found"", ""3a12I: chain_not_found"", ""3a12J: chain_not_found"", ""3a13A: pocket_occupied"", ""3a13B: chain_not_found"", ""3a13C: chain_not_found"", ""3a13D: chain_not_found"", ""3a13E: chain_not_found"", ""3a13F: chain_not_found"", ""3a13G: chain_not_found"", ""3a13H: chain_not_found"", ""3a13I: chain_not_found"", ""3a13J: chain_not_found"", ""1gehA: pocket_occupied"", ""1gehB: chain_not_found"", ""1gehC: chain_not_found"", ""1gehD: chain_not_found"", ""1gehE: chain_not_found""]"
3ke5,A,ATP,,,,,,,,all_candidates_pocket_occupied,3,"[""3ke4A: pocket_occupied"", ""3ke4B: chain_not_found"", ""3ke4C: chain_not_found""]"
3kgy,A,NDP,,,,,,,,no_candidate_passed_prefilter,0,[]
3kkz,A,SAM,,,,,,,,no_candidate_passed_prefilter,0,[]
3kpc,A,SAM,,,,,,,,all_candidates_pocket_occupied,8,"[""3kpbA: pocket_occupied"", ""3kpbB: chain_not_found"", ""3kpbC: chain_not_found"", ""3kpbD: chain_not_found"", ""3kpdA: pocket_occupied"", ""3kpdB: chain_not_found"", ""3kpdC: chain_not_found"", ""3kpdD: chain_not_found""]"
3kpt,B,CA,3rkp,A,A,2.243,1.8702887398585455,/home/iscb/wolfson/hagairavid/LocAlign/datasets/apo_structures/CA/apoc6a23925c5.pdb,apoc6a23925c5,found,1,[]
3krf,D,IPE,3kra,A,A,1.9,1.6975292756060525,/home/iscb/wolfson/hagairavid/LocAlign/datasets/apo_structures/IPE/apoba69899eaa.pdb,apoba69899eaa,found,1,[]
3ks6,A,MG,,,,,,,,all_candidates_pocket_occupied,2,"[""3ks5A: pocket_occupied"", ""3ks5B: chain_not_found""]"
3ksm,A,BDR,,,,,,,,no_candidate_passed_prefilter,0,[]
3kst,A,CA,,,,,,,,no_candidate_passed_prefilter,0,[]
3ku1,A,SAM,3kr9,A,A,2.0,0.5151981141646332,/home/iscb/wolfson/hagairavid/LocAlign/datasets/apo_structures/SAM/apodf7d279eb3.pdb,apodf7d279eb3,found,1,[]
3kw4,A,HEM,,,,,,,,all_candidates_pocket_occupied,51,"[""1po5A: pocket_occupied"", ""3mvrA: pocket_occupied"", ""3mvrB: chain_not_found"", ""1suoA: pocket_occupied"", ""6bwwA: pocket_occupied"", ""4jltA: pocket_occupied"", ""3tmzA: pocket_occupied"", ""2bdmA: pocket_occupied"", ""5iutA: pocket_occupied"", ""4mgjA: pocket_occupied"", ""3g5nA: pocket_occupied"", ""3g5nB: chain_not_found"", ""3g5nC: chain_not_found"", ""3g5nD: chain_not_found"", ""5iuzA: pocket_occupied"", ""5iuzB: chain_not_found"", ""3tk3A: pocket_occupied"", ""3tk3B: chain_not_found"", ""3tk3C: chain_not_found"", ""3tk3D: chain_not_found"", ""3uasA: pocket_occupied"", ""4h1nA: pocket_occupied"", ""3r1bA: pocket_occupied"", ""3r1bB: chain_not_found"", ""3r1bC: chain_not_found"", ""3r1bD: chain_not_found"", ""5em4A: pocket_occupied"", ""5em4B: chain_not_found"", ""3me6A: pocket_occupied"", ""3me6B: chain_not_found"", ""3me6C: chain_not_found"", ""3me6D: chain_not_found"", ""2q6nA: pocket_occupied"", ""2q6nB: chain_not_found"", ""2q6nC: chain_not_found"", ""2q6nD: chain_not_found"", ""2q6nE: chain_not_found"", ""2q6nF: chain_not_found"", ""2q6nG: chain_not_found"", ""3g93A: pocket_occupied"", ""3g93B: chain_not_found"", ""3g93C: chain_not_found"", ""3g93D: chain_not_found"", ""3r1aA: pocket_occupied"", ""3r1aB: chain_not_found"", ""3r1aC: chain_not_found"", ""3r1aD: chain_not_found"", ""3r1aE: chain_not_found"", ""3r1aF: chain_not_found"", ""3r1aG: chain_not_found"", ""3r1aH: chain_not_found""]"
3kyq,A,DPV,,,,,,,,no_candidate_passed_prefilter,0,[]
3l0s,A,CO,2xb4,A,A,1.8,0.3409687160895539,/home/iscb/wolfson/hagairavid/LocAlign/datasets/apo_structures/CO/apo7f5816a39c.pdb,apo7f5816a39c,found,1,[]
3l24,B,GOA,4zwu,A,A,2.2,0.5370634049188417,/home/iscb/wolfson/hagairavid/LocAlign/datasets/apo_structures/GOA/apo513d86a1e9.pdb,apo513d86a1e9,found,3,"[""4zwoA: pocket_occupied"", ""4zwoB: chain_not_found""]"
3l2p,A,AMP,,,,,,,,no_candidate_passed_prefilter,0,[]
3l4d,B,HEM,,,,,,,,no_candidate_passed_prefilter,0,[]
3lag,A,CA,,,,,,,,no_candidate_passed_prefilter,0,[]
3lcc,A,SAH,,,,,,,,no_candidate_passed_prefilter,0,[]
3ldu,A,GTP,,,,,,,,no_candidate_passed_prefilter,0,[]
3ldy,A,CA,3m7k,A,A,1.92,0.24948119878974304,/home/iscb/wolfson/hagairavid/LocAlign/datasets/apo_structures/CA/apoc199086ff9.pdb,apoc199086ff9,found,1,[]
3le7,A,ADE,,,,,,,,all_candidates_pocket_occupied,2,"[""3h5kA: pocket_occupied"", ""3h5kB: chain_not_found""]"
3lg2,A,PO4,3f3k,A,A,1.75,1.33392018362184,/home/iscb/wolfson/hagairavid/LocAlign/datasets/apo_structures/PO4/apo48affb2163.pdb,apo48affb2163,found,1,[]
3lkf,A,PC,1lkf,A,A,1.9,0.1238175218631409,/home/iscb/wolfson/hagairavid/LocAlign/datasets/apo_structures/PC/apo1fa22c9d6d.pdb,apo1fa22c9d6d,found,1,[]
3loo,B,B4P,,,,,,,,no_uniprot_mapping,0,[]
3lqd,A,HEM,,,,,,,,no_candidate_passed_prefilter,0,[]
3lsz,A,GSH,,,,,,,,no_candidate_passed_prefilter,0,[]
3lv8,A,TYD,,,,,,,,all_candidates_pocket_occupied,2,"[""3n2iA: pocket_occupied"", ""3n2iB: chain_not_found""]"
3lxd,A,FAD,,,,,,,,no_candidate_passed_prefilter,0,[]
3m0j,A,CA,,,,,,,,no_uniprot_mapping,0,[]
3m34,A,CA,3l84,A,A,1.36,0.16620023036207757,/home/iscb/wolfson/hagairavid/LocAlign/datasets/apo_structures/CA/apo01a59d5242.pdb,apo01a59d5242,found,1,[]
3m3m,A,GSH,,,,,,,,no_candidate_passed_prefilter,0,[]
3m49,A,TPP,,,,,,,,all_candidates_pocket_occupied,2,"[""3hylA: pocket_occupied"", ""3hylB: chain_not_found""]"
3m5p,A,F6P,3ljk,A,A,1.48,0.5490080877164569,/home/iscb/wolfson/hagairavid/LocAlign/datasets/apo_structures/F6P/apo442de7048d.pdb,apo442de7048d,found,1,[]
3m5q,A,HEM,,,,,,,,all_candidates_pocket_occupied,8,"[""3m8mA: pocket_occupied"", ""1yydA: pocket_occupied"", ""1yygA: pocket_occupied"", ""1yzpA: pocket_occupied"", ""1yzrA: pocket_occupied"", ""1mn1A: pocket_occupied"", ""1mn2A: pocket_occupied"", ""1mnpA: pocket_occupied""]"
3m6w,A,SAM,3m6x,A,A,1.676,0.09278846084095788,/home/iscb/wolfson/hagairavid/LocAlign/datasets/apo_structures/SAM/apo185babea79.pdb,apo185babea79,found,3,"[""3m6uA: pocket_occupied"", ""3m6uB: chain_not_found""]"
3m8u,A,GDS,,,,,,,,no_candidate_passed_prefilter,0,[]
3m97,X,HEC,,,,,,,,no_candidate_passed_prefilter,0,[]
3ma0,A,XYP,,,,,,,,all_candidates_pocket_occupied,2,"[""3m9wA: pocket_occupied"", ""3m9xA: pocket_occupied""]"
3mb5,A,SAM,,,,,,,,all_candidates_pocket_occupied,8,"[""3lgaA: pocket_occupied"", ""3lgaB: chain_not_found"", ""3lgaC: chain_not_found"", ""3lgaD: chain_not_found"", ""3lhdA: pocket_occupied"", ""3lhdB: chain_not_found"", ""3lhdC: chain_not_found"", ""3lhdD: chain_not_found""]"
3mb8,A,IMH,,,,,,,,no_candidate_passed_prefilter,0,[]
3meq,A,NAI,,,,,,,,no_candidate_passed_prefilter,0,[]
3mgd,B,ACO,,,,,,,,no_candidate_passed_prefilter,0,[]
3mgx,B,HEM,,,,,,,,no_candidate_passed_prefilter,0,[]
3mjm,A,DOR,,,,,,,,no_candidate_passed_prefilter,0,[]
3ml1,A,SF4,,,,,,,,all_candidates_pocket_occupied,1,"[""3o5aA: pocket_occupied""]"
3ml5,A,AZM,6g4t,A,A,1.91,0.3857877667914429,/home/iscb/wolfson/hagairavid/LocAlign/datasets/apo_structures/AZM/apoa546ea264d.pdb,apoa546ea264d,found,9,"[""8q3uA: pocket_occupied"", ""9qq2A: pocket_occupied"", ""7p1aA: pocket_occupied"", ""7nc4A: pocket_occupied"", ""9qq3A: pocket_occupied"", ""6h38A: pocket_occupied"", ""6h36A: pocket_occupied"", ""6h37A: pocket_occupied""]"
3mle,B,8AC,3qxc,A,A,1.34,0.5422606438935752,/home/iscb/wolfson/hagairavid/LocAlign/datasets/apo_structures/8AC/apob05a3e8d18.pdb,apob05a3e8d18,found,1,[]
3mmz,D,CA,,,,,,,,no_candidate_passed_prefilter,0,[]
3msu,B,OAA,,,,,,,,no_candidate_passed_prefilter,0,[]
3mte,A,SAM,3p2i,A,A,2.4,0.7911454668714223,/home/iscb/wolfson/hagairavid/LocAlign/datasets/apo_structures/SAM/apo7d270341fc.pdb,apo7d270341fc,found,5,"[""3p2eA: pocket_occupied"", ""3p2eB: chain_not_found"", ""3pb3A: pocket_occupied"", ""3pb3B: chain_not_found""]"
3mvc,A,HEM,,,,,,,,no_candidate_passed_prefilter,0,[]
3mx2,B,TTP,3mwp,A,A,1.795,0.46090036808163026,/home/iscb/wolfson/hagairavid/LocAlign/datasets/apo_structures/TTP/apodca2890c4d.pdb,apodca2890c4d,found,1,[]
3mzs,A,HEM,,,,,,,,no_candidate_passed_prefilter,0,[]
3n0a,A,CA,,,,,,,,no_candidate_passed_prefilter,0,[]
3n0q,A,FES,,,,,,,,no_candidate_passed_prefilter,0,[]
3n1c,A,F6P,3umo,A,A,1.696,0.8211855061803227,/home/iscb/wolfson/hagairavid/LocAlign/datasets/apo_structures/F6P/apob091a8018e.pdb,apob091a8018e,found,1,[]
3n1s,J,5GP,,,,,,,,all_candidates_pocket_occupied,6,"[""3n1tA: pocket_occupied"", ""3n1tB: chain_not_found"", ""3n1tE: chain_not_found"", ""3n1tF: chain_not_found"", ""8v1yC: pocket_occupied"", ""8v1yD: chain_not_found""]"
3n5n,Y,SF4,,,,,,,,all_candidates_pocket_occupied,2,"[""8fayA: pocket_occupied"", ""8fayD: chain_not_found""]"
3n75,A,G4P,6yn5,A,A,2.7,0.28672120947960456,/home/iscb/wolfson/hagairavid/LocAlign/datasets/apo_structures/G4P/apofc4cf5dde7.pdb,apofc4cf5dde7,found,1,[]
3n91,A,CA,,,,,,,,no_uniprot_mapping,0,[]
3n92,A,BGC,3n8t,A,A,2.4,0.42325875008471525,/home/iscb/wolfson/hagairavid/LocAlign/datasets/apo_structures/BGC/apoc8cf0d8714.pdb,apoc8cf0d8714,found,2,"[""3n98A: pocket_occupied""]"
3na1,A,HEM,,,,,,,,all_candidates_pocket_occupied,6,"[""3n9yA: pocket_occupied"", ""3n9yB: chain_not_found"", ""3n9zA: pocket_occupied"", ""3n9zB: chain_not_found"", ""3na0A: pocket_occupied"", ""3na0B: chain_not_found""]"
3na6,A,CA,,,,,,,,no_candidate_passed_prefilter,0,[]
3nb0,C,G6P,3nch,A,A,2.88,1.0951070299315524,/home/iscb/wolfson/hagairavid/LocAlign/datasets/apo_structures/G6P/apof49b725b8f.pdb,apof49b725b8f,found,21,"[""5ux7A: pocket_occupied"", ""5ux7B: chain_not_found"", ""5ux7C: chain_not_found"", ""5ux7D: chain_not_found"", ""5uw0A: pocket_occupied"", ""5uw0B: chain_not_found"", ""5uw0C: chain_not_found"", ""5uw0D: chain_not_found"", ""4kqmA: pocket_occupied"", ""4kqmB: chain_not_found"", ""4kqmC: chain_not_found"", ""4kqmD: chain_not_found"", ""3rt1A: pocket_occupied"", ""3rt1B: chain_not_found"", ""3rt1C: chain_not_found"", ""3rt1D: chain_not_found"", ""6u77A: pocket_occupied"", ""6u77B: chain_not_found"", ""6u77C: chain_not_found"", ""6u77D: chain_not_found""]"
3nc6,B,HEM,,,,,,,,all_candidates_pocket_occupied,6,"[""3nc3A: pocket_occupied"", ""3nc3B: chain_not_found"", ""3nc5A: pocket_occupied"", ""3nc5B: chain_not_found"", ""3nc7A: pocket_occupied"", ""3nc7B: chain_not_found""]"
3nef,A,PYV,9j6i,A,A,2.3,1.5428372543609632,/home/iscb/wolfson/hagairavid/LocAlign/datasets/apo_structures/PYV/apo33e443bbe7.pdb,apo33e443bbe7,found,8,"[""3kdjA: pocket_occupied"", ""3jrsA: pocket_occupied"", ""3jrsB: chain_not_found"", ""3jrsC: chain_not_found"", ""3jrqB: pocket_occupied"", ""3nmnA: pocket_occupied"", ""3nmnC: chain_not_found""]"
3neh,A,L3A,3lu2,A,A,2.2,0.4200436587676534,/home/iscb/wolfson/hagairavid/LocAlign/datasets/apo_structures/L3A/apoaa2d77cccf.pdb,apoaa2d77cccf,found,1,[]
3ner,B,HEM,,,,,,,,no_candidate_passed_prefilter,0,[]
3nfd,E,COA,,,,,,,,all_candidates_pocket_occupied,3,"[""3ne9A: pocket_occupied"", ""3ne9B: chain_not_found"", ""3ne9C: chain_not_found""]"
3ngl,A,NAP,3ngx,A,A,2.3,0.2801269159503701,/home/iscb/wolfson/hagairavid/LocAlign/datasets/apo_structures/NAP/apo2a4512b289.pdb,apo2a4512b289,found,1,[]
3nh5,A,ACT,,,,,,,,all_candidates_pocket_occupied,3,"[""3nh4A: pocket_occupied"", ""3nfzA: pocket_occupied"", ""3nh8A: pocket_occupied""]"
3nj1,A,PYV,3kl1,A,A,1.55,1.0972754184478373,/home/iscb/wolfson/hagairavid/LocAlign/datasets/apo_structures/PYV/apo38401a11b0.pdb,apo38401a11b0,found,1,[]
3nk7,B,SAM,3nk6,A,A,2.0,1.2138175197042587,/home/iscb/wolfson/hagairavid/LocAlign/datasets/apo_structures/SAM/apod86559e079.pdb,apod86559e079,found,1,[]
3nnf,A,AKG,3nnj,A,A,2.601,2.3340325530034103,/home/iscb/wolfson/hagairavid/LocAlign/datasets/apo_structures/AKG/apoe86394f4a0.pdb,apoe86394f4a0,found,1,[]
3nnf,A,CL,3nnj,A,A,2.601,2.3340325530034103,/home/iscb/wolfson/hagairavid/LocAlign/datasets/apo_structures/CL/apoe86394f4a0.pdb,apoe86394f4a0,found,1,[]
3nnf,A,FE,3nnj,A,A,2.601,2.3340325530034103,/home/iscb/wolfson/hagairavid/LocAlign/datasets/apo_structures/FE/apoe86394f4a0.pdb,apoe86394f4a0,found,1,[]
3nnl,B,FE,3nnm,A,A,2.69,2.033799823868123,/home/iscb/wolfson/hagairavid/LocAlign/datasets/apo_structures/FE/apo40888f554b.pdb,apo40888f554b,found,4,"[""3nnfA: pocket_occupied"", ""3nnjA: chain_not_found"", ""3nnjB: chain_not_found""]"
3noj,A,PYR,,,,,,,,no_candidate_passed_prefilter,0,[]
3noy,B,SF4,,,,,,,,no_candidate_passed_prefilter,0,[]
3nqy,B,CA,3nqz,A,B,2.05,0.20101875352455517,/home/iscb/wolfson/hagairavid/LocAlign/datasets/apo_structures/CA/apo92079f482f.pdb,apo92079f482f,found,1,[]
3nr4,A,PYV,3kdh,A,A,1.653,0.7083052299813658,/home/iscb/wolfson/hagairavid/LocAlign/datasets/apo_structures/PYV/apo96656ba683.pdb,apo96656ba683,found,6,"[""3kl1A: chain_not_found"", ""3kl1B: chain_not_found"", ""3ns2A: pocket_occupied"", ""3ns2B: chain_not_found"", ""3ns2C: chain_not_found""]"
3nrc,A,NAD,2jjy,A,A,2.9,0.5260424317509613,/home/iscb/wolfson/hagairavid/LocAlign/datasets/apo_structures/NAD/apo9a3af22267.pdb,apo9a3af22267,found,35,"[""4j3fA: pocket_occupied"", ""4j3fB: chain_not_found"", ""4j3fC: chain_not_found"", ""4j3fD: chain_not_found"", ""4j3fE: chain_not_found"", ""4j3fF: chain_not_found"", ""4j3fG: chain_not_found"", ""4j3fH: chain_not_found"", ""4j4tA: pocket_occupied"", ""4j4tB: chain_not_found"", ""4j4tC: chain_not_found"", ""4j4tD: chain_not_found"", ""4j4tE: chain_not_found"", ""4j4tF: chain_not_found"", ""4j4tG: chain_not_found"", ""4j4tH: chain_not_found"", ""4j1nA: pocket_occupied"", ""4j1nB: chain_not_found"", ""3uicA: pocket_occupied"", ""3uicB: chain_not_found"", ""3uicC: chain_not_found"", ""3uicD: chain_not_found"", ""3uicE: chain_not_found"", ""3uicF: chain_not_found"", ""3uicG: chain_not_found"", ""3uicH: chain_not_found"", ""3uicI: chain_not_found"", ""3uicJ: chain_not_found"", ""3uicK: chain_not_found"", ""3uicL: chain_not_found"", ""3uicM: chain_not_found"", ""3uicN: chain_not_found"", ""3uicO: chain_not_found"", ""3uicP: chain_not_found""]"
3nrz,B,FAD,,,,,,,,all_candidates_pocket_occupied,47,"[""3nvwB: pocket_occupied"", ""3nvwK: chain_not_found"", ""3nvzB: pocket_occupied"", ""3nvzK: chain_not_found"", ""3uncA: pocket_occupied"", ""3uncB: chain_not_found"", ""3nvvB: pocket_occupied"", ""3nvvK: chain_not_found"", ""3unaA: pocket_occupied"", ""3unaB: chain_not_found"", ""1v97A: pocket_occupied"", ""1v97B: chain_not_found"", ""1vdvA: pocket_occupied"", ""1vdvB: chain_not_found"", ""8j79A: pocket_occupied"", ""8j79B: chain_not_found"", ""3bdjA: pocket_occupied"", ""3bdjB: chain_not_found"", ""3nvyB: pocket_occupied"", ""3nvyK: chain_not_found"", ""1fo4A: pocket_occupied"", ""1fo4B: chain_not_found"", ""3amzA: pocket_occupied"", ""3amzB: chain_not_found"", ""3sr6B: pocket_occupied"", ""3sr6K: chain_not_found"", ""3am9A: pocket_occupied"", ""3am9B: chain_not_found"", ""3uniA: pocket_occupied"", ""3uniB: chain_not_found"", ""3etrB: pocket_occupied"", ""3etrM: chain_not_found"", ""3ax9A: pocket_occupied"", ""3ax9B: chain_not_found"", ""3b9jB: pocket_occupied"", ""3b9jJ: chain_not_found"", ""3ax7A: pocket_occupied"", ""3ax7B: chain_not_found"", ""1fiqB: pocket_occupied"", ""3eub3: pocket_occupied"", ""3eubB: chain_not_found"", ""3eubK: chain_not_found"", ""3eubT: chain_not_found"", ""3ns1B: pocket_occupied"", ""3ns1K: chain_not_found"", ""1n5xA: pocket_occupied"", ""1n5xB: chain_not_found""]"
3nur,A,CA,,,,,,,,no_candidate_passed_prefilter,0,[]
3nvs,A,SKM,,,,,,,,no_candidate_passed_prefilter,0,[]
3nx4,A,NAP,,,,,,,,no_candidate_passed_prefilter,0,[]
3nzp,B,PLP,,,,,,,,no_candidate_passed_prefilter,0,[]
3o0n,A,TTP,,,,,,,,all_candidates_pocket_occupied,20,"[""3o0qA: chain_not_found"", ""3o0qB: chain_not_found"", ""1xjjA: chain_not_found"", ""1xjjB: chain_not_found"", ""1xjeA: pocket_occupied"", ""1xjeB: chain_not_found"", ""3o0oA: chain_not_found"", ""3o0oB: chain_not_found"", ""1xjkA: chain_not_found"", ""1xjkB: chain_not_found"", ""1xjnA: chain_not_found"", ""1xjnB: chain_not_found"", ""1xjnC: chain_not_found"", ""1xjnD: chain_not_found"", ""1xjfA: chain_not_found"", ""1xjfB: chain_not_found"", ""1xjmA: chain_not_found"", ""1xjmB: chain_not_found"", ""1xjgA: chain_not_found"", ""1xjgB: chain_not_found""]"
3o1a,A,HEM,,,,,,,,all_candidates_pocket_occupied,1,"[""3oo3A: pocket_occupied""]"
3o32,A,FE,,,,,,,,all_candidates_pocket_occupied,8,"[""3o5uA: pocket_occupied"", ""3o5uB: chain_not_found"", ""1s9aA: pocket_occupied"", ""1s9aB: chain_not_found"", ""3o6rA: pocket_occupied"", ""3o6rB: chain_not_found"", ""3o6jA: pocket_occupied"", ""3o6jB: chain_not_found""]"
3o3m,D,SF4,,,,,,,,all_candidates_pocket_occupied,3,"[""3o3oB: pocket_occupied"", ""3o3nB: pocket_occupied"", ""3o3nD: chain_not_found""]"
3o47,A,GDP,6fae,A,B,2.35,1.859520991691354,/home/iscb/wolfson/hagairavid/LocAlign/datasets/apo_structures/GDP/apoc42d5dc4b8.pdb,apoc42d5dc4b8,found,6,"[""8sdwA: pocket_occupied"", ""1hurA: pocket_occupied"", ""1hurB: chain_not_found"", ""7r4hC: pocket_occupied"", ""7r4hH: chain_not_found""]"
3o4r,A,NAP,,,,,,,,no_candidate_passed_prefilter,0,[]
3o5c,A,CA,,,,,,,,no_candidate_passed_prefilter,0,[]
3o6x,A,P3S,,,,,,,,no_candidate_passed_prefilter,0,[]
3o7w,A,SAM,,,,,,,,all_candidates_pocket_occupied,9,"[""3ieiA: pocket_occupied"", ""3ieiB: chain_not_found"", ""3ieiC: chain_not_found"", ""3ieiD: chain_not_found"", ""3ieiE: chain_not_found"", ""3ieiF: chain_not_found"", ""3ieiG: chain_not_found"", ""3ieiH: chain_not_found"", ""3p71T: pocket_occupied""]"
3o8l,A,ADP,,,,,,,,all_candidates_pocket_occupied,2,"[""3o8nA: pocket_occupied"", ""3o8nB: chain_not_found""]"
3o8o,B,F6P,,,,,,,,no_candidate_passed_prefilter,0,[]
3oa2,B,NAD,,,,,,,,no_candidate_passed_prefilter,0,[]
3obb,A,EPE,,,,,,,,all_candidates_pocket_occupied,1,"[""3q3cA: pocket_occupied""]"
3occ,F,DIH,,,,,,,,no_candidate_passed_prefilter,0,[]
3of3,A,DIH,1vhj,A,A,2.23,1.3025590355917205,/home/iscb/wolfson/hagairavid/LocAlign/datasets/apo_structures/DIH/apoe14f3bf8e1.pdb,apoe14f3bf8e1,found,7,"[""1vhwA: pocket_occupied"", ""1vhwB: chain_not_found"", ""1vhwC: chain_not_found"", ""1vhwD: chain_not_found"", ""1vhwE: chain_not_found"", ""1vhwF: chain_not_found""]"
3ofk,A,SAH,3ofj,A,A,2.43,1.047227538190192,/home/iscb/wolfson/hagairavid/LocAlign/datasets/apo_structures/SAH/apob3273e7dd2.pdb,apob3273e7dd2,found,1,[]
3ogh,B,FE,,,,,,,,no_candidate_passed_prefilter,0,[]
3oib,A,FDA,,,,,,,,all_candidates_pocket_occupied,2,"[""3p4tA: pocket_occupied"", ""3p4tB: chain_not_found""]"
3oji,B,PYV,,,,,,,,all_candidates_pocket_occupied,13,"[""4dscA: pocket_occupied"", ""4dscB: chain_not_found"", ""4ds8A: pocket_occupied"", ""5jo1A: pocket_occupied"", ""5jo2A: pocket_occupied"", ""3klxA: pocket_occupied"", ""3klxB: chain_not_found"", ""4jdaA: pocket_occupied"", ""4jdaB: chain_not_found"", ""4jdaC: chain_not_found"", ""4jdaD: chain_not_found"", ""4dsbA: pocket_occupied"", ""4dsbB: chain_not_found""]"
3ojl,A,NAD,,,,,,,,all_candidates_pocket_occupied,2,"[""3ojoA: pocket_occupied"", ""3ojoB: chain_not_found""]"
3okf,A,NAD,,,,,,,,no_candidate_passed_prefilter,0,[]
3okx,A,SAM,,,,,,,,no_candidate_passed_prefilter,0,[]
3om2,A,CA,3om4,A,A,1.75,1.1260551805864687,/home/iscb/wolfson/hagairavid/LocAlign/datasets/apo_structures/CA/apo3dd5c1bbb8.pdb,apo3dd5c1bbb8,found,1,[]
3om9,A,NAD,1pze,A,A,1.95,1.5192313774198924,/home/iscb/wolfson/hagairavid/LocAlign/datasets/apo_structures/NAD/apo2d811e6df0.pdb,apo2d811e6df0,found,9,"[""1pzgA: pocket_occupied"", ""1pzgB: chain_not_found"", ""1pzgC: chain_not_found"", ""1pzgD: chain_not_found"", ""1pzhA: pocket_occupied"", ""1pzhB: chain_not_found"", ""1pzhC: chain_not_found"", ""1pzhD: chain_not_found""]"
3oqj,B,3CX,3oqh,A,A,1.901,0.4635827618075354,/home/iscb/wolfson/hagairavid/LocAlign/datasets/apo_structures/3CX/apo50172c3537.pdb,apo50172c3537,found,3,"[""3oqiA: pocket_occupied"", ""3oqiB: chain_not_found""]"
3orh,A,SAH,,,,,,,,no_candidate_passed_prefilter,0,[]
3orj,A,ZN,,,,,,,,no_uniprot_mapping,0,[]
3otb,A,DGT,3otd,A,A,2.28,0.407904647350278,/home/iscb/wolfson/hagairavid/LocAlign/datasets/apo_structures/DGT/apo837ecb6e97.pdb,apo837ecb6e97,found,1,[]
3oth,A,TYD,,,,,,,,all_candidates_pocket_occupied,1,"[""3otgA: pocket_occupied""]"
3oti,A,TYD,3d0r,A,A,1.9,2.1134927622747854,/home/iscb/wolfson/hagairavid/LocAlign/datasets/apo_structures/TYD/apo3721324a05.pdb,apo3721324a05,found,1,[]
3ou7,A,SAM,,,,,,,,all_candidates_pocket_occupied,5,"[""3ou2A: pocket_occupied"", ""3ou6A: pocket_occupied"", ""3ou6B: chain_not_found"", ""3ou6C: chain_not_found"", ""3ou6D: chain_not_found""]"
3oun,B,MN,3uqc,A,A,2.256,0.6238993683941021,/home/iscb/wolfson/hagairavid/LocAlign/datasets/apo_structures/MN/apo1fa03510cf.pdb,apo1fa03510cf,found,1,[]
3oxh,A,PMB,,,,,,,,no_candidate_passed_prefilter,0,[]
3oy7,A,GDD,3oy2,A,A,2.31,0.5605475134048045,/home/iscb/wolfson/hagairavid/LocAlign/datasets/apo_structures/GDD/apo8bb1929ceb.pdb,apo8bb1929ceb,found,1,[]
3oz2,A,FAD,,,,,,,,no_candidate_passed_prefilter,0,[]
3ozz,B,HEM,,,,,,,,all_candidates_pocket_occupied,20,"[""1cyoA: chain_not_found"", ""1lqxA: pocket_occupied"", ""1m20A: pocket_occupied"", ""1m2iA: pocket_occupied"", ""1m2mA: pocket_occupied"", ""1u9uA: pocket_occupied"", ""1ehbA: pocket_occupied"", ""1lr6A: pocket_occupied"", ""1m59A: pocket_occupied"", ""1u9mA: pocket_occupied"", ""1u9mB: chain_not_found"", ""1u9mC: chain_not_found"", ""1u9mD: chain_not_found"", ""1u9mE: chain_not_found"", ""1u9mF: chain_not_found"", ""1es1A: pocket_occupied"", ""4hinA: pocket_occupied"", ""4hinB: chain_not_found"", ""4hinC: chain_not_found"", ""4hinD: chain_not_found""]"
3p3o,A,HEM,,,,,,,,all_candidates_pocket_occupied,5,"[""3p3lA: pocket_occupied"", ""3p3lB: chain_not_found"", ""3p3xA: pocket_occupied"", ""3p3xB: chain_not_found"", ""3p3zA: pocket_occupied""]"
3p5n,A,RBF,,,,,,,,no_candidate_passed_prefilter,0,[]
3pak,A,CA,4wrc,A,A,1.8,0.7509848365234821,/home/iscb/wolfson/hagairavid/LocAlign/datasets/apo_structures/CA/apo11fad07556.pdb,apo11fad07556,found,3,"[""4wreA: pocket_occupied"", ""3pbfA: pocket_occupied""]"
3pc3,A,HEM,,,,,,,,all_candidates_pocket_occupied,2,"[""3pc4A: pocket_occupied"", ""3pc2A: pocket_occupied""]"
3pdi,A,SF4,9onj,A,A,3.72,3.2912708826419363,/home/iscb/wolfson/hagairavid/LocAlign/datasets/apo_structures/SF4/apo1ec04f1101.pdb,apo1ec04f1101,found,10,"[""9iaoA: pocket_occupied"", ""9iaoB: chain_not_found"", ""9ianA: pocket_occupied"", ""9ianB: chain_not_found"", ""9i0fA: pocket_occupied"", ""9i0fC: chain_not_found"", ""9i0fE: chain_not_found"", ""9i0fG: chain_not_found"", ""9onkA: pocket_occupied""]"
3pdu,A,GOL,,,,,,,,no_candidate_passed_prefilter,0,[]
3pfd,C,FDA,,,,,,,,no_candidate_passed_prefilter,0,[]
3pgj,A,SKM,3sef,A,A,2.4,0.47230824231300306,/home/iscb/wolfson/hagairavid/LocAlign/datasets/apo_structures/SKM/apoc2bad139c1.pdb,apoc2bad139c1,found,1,[]
3pgs,A,CA,3pgu,A,A,1.7,2.048697009482039,/home/iscb/wolfson/hagairavid/LocAlign/datasets/apo_structures/CA/apodf827aa445.pdb,apodf827aa445,found,1,[]
3pgv,A,CA,,,,,,,,no_candidate_passed_prefilter,0,[]
3phz,A,SIA,,,,,,,,all_candidates_pocket_occupied,2,"[""5muaA: pocket_occupied"", ""5muaB: chain_not_found""]"
3pif,D,MN,3pie,A,A,2.9,0.8797471766874974,/home/iscb/wolfson/hagairavid/LocAlign/datasets/apo_structures/MN/apof4dfee2fcd.pdb,apof4dfee2fcd,found,1,[]
3pm9,A,FAD,,,,,,,,no_candidate_passed_prefilter,0,[]
3pof,B,CA,3poj,A,A,1.451,0.42273785018503396,/home/iscb/wolfson/hagairavid/LocAlign/datasets/apo_structures/CA/apo14bbc9c150.pdb,apo14bbc9c150,found,1,[]
3ppv,A,CA,3zqk,A,A,1.7,1.1597270204905876,/home/iscb/wolfson/hagairavid/LocAlign/datasets/apo_structures/CA/apo94bc4d469b.pdb,apo94bc4d469b,found,1,[]
3pqi,A,FE,21vq,A,t,3.2,3.379470389088963,/home/iscb/wolfson/hagairavid/LocAlign/datasets/apo_structures/FE/apoca3573a363.pdb,apoca3573a363,found,1,[]
3pr3,A,F6P,3qki,A,A,1.92,0.5646745485635609,/home/iscb/wolfson/hagairavid/LocAlign/datasets/apo_structures/F6P/apo9f174cb24f.pdb,apo9f174cb24f,found,1,[]
3ps9,A,SAM,,,,,,,,no_uniprot_mapping,0,[]
3q0k,D,CA,3abh,A,A,2.0,0.6363375785613044,/home/iscb/wolfson/hagairavid/LocAlign/datasets/apo_structures/CA/apo65abf4c256.pdb,apo65abf4c256,found,1,[]
3q13,A,CA,,,,,,,,no_candidate_passed_prefilter,0,[]
3q2i,A,NAI,,,,,,,,no_candidate_passed_prefilter,0,[]
3q2k,C,NAI,,,,,,,,no_candidate_passed_prefilter,0,[]
3q3u,A,HEM,,,,,,,,no_candidate_passed_prefilter,0,[]
3q85,B,GNP,,,,,,,,no_candidate_passed_prefilter,0,[]
3q87,B,SAM,,,,,,,,no_candidate_passed_prefilter,0,[]
3q8x,D,UD1,1gvn,A,B,1.95,0.7998729667465293,/home/iscb/wolfson/hagairavid/LocAlign/datasets/apo_structures/UD1/apo0b2a70f297.pdb,apo0b2a70f297,found,1,[]
3qb5,K,MN,3pja,A,J,3.0,0.3959742064003069,/home/iscb/wolfson/hagairavid/LocAlign/datasets/apo_structures/MN/apo929965e108.pdb,apo929965e108,found,1,[]
3qc3,A,FE,3ovp,A,A,1.695,0.41321563272994327,/home/iscb/wolfson/hagairavid/LocAlign/datasets/apo_structures/FE/apod3ecc70b32.pdb,apod3ecc70b32,found,1,[]
3qe3,A,GOL,,,,,,,,no_candidate_passed_prefilter,0,[]
3qfb,A,FAD,,,,,,,,all_candidates_pocket_occupied,30,"[""3qfaA: pocket_occupied"", ""3qfaB: chain_not_found"", ""2zzcA: pocket_occupied"", ""2zzcB: chain_not_found"", ""2zzcC: chain_not_found"", ""2zzcD: chain_not_found"", ""2cfyA: pocket_occupied"", ""2cfyB: chain_not_found"", ""2cfyC: chain_not_found"", ""2cfyD: chain_not_found"", ""2cfyE: chain_not_found"", ""2cfyF: chain_not_found"", ""2j3nA: pocket_occupied"", ""2j3nB: chain_not_found"", ""2j3nC: chain_not_found"", ""2j3nD: chain_not_found"", ""2j3nE: chain_not_found"", ""2j3nF: chain_not_found"", ""2zz0A: pocket_occupied"", ""2zz0B: chain_not_found"", ""2zz0C: chain_not_found"", ""2zz0D: chain_not_found"", ""9uinA: pocket_occupied"", ""9uinB: chain_not_found"", ""2zzbA: pocket_occupied"", ""2zzbB: chain_not_found"", ""2zzbC: chain_not_found"", ""2zzbD: chain_not_found"", ""7x1rA: pocket_occupied"", ""7x1rB: chain_not_found""]"
3qhx,A,EPE,,,,,,,,all_candidates_pocket_occupied,4,"[""3qi6A: pocket_occupied"", ""3qi6B: chain_not_found"", ""3qi6C: chain_not_found"", ""3qi6D: chain_not_found""]"
3qi8,A,HEM,,,,,,,,no_uniprot_mapping,0,[]
3qm2,B,CA,,,,,,,,no_candidate_passed_prefilter,0,[]
3qpi,A,HEM,,,,,,,,no_candidate_passed_prefilter,0,[]
3qqq,A,HEM,,,,,,,,no_candidate_passed_prefilter,0,[]
3qvq,A,G3P,,,,,,,,no_uniprot_mapping,0,[]
3qxy,A,SAM,,,,,,,,all_candidates_pocket_occupied,2,"[""3rc0A: pocket_occupied"", ""3rc0B: chain_not_found""]"
3qz1,A,HEM,,,,,,,,no_candidate_passed_prefilter,0,[]
3qzp,B,COH,,,,,,,,all_candidates_pocket_occupied,10,"[""3qzmA: pocket_occupied"", ""3qzmB: chain_not_found"", ""3qzlA: pocket_occupied"", ""3qzoA: pocket_occupied"", ""3qzoB: chain_not_found"", ""3qzoC: chain_not_found"", ""3qzoD: chain_not_found"", ""3qznA: pocket_occupied"", ""3qznB: chain_not_found"", ""3qznC: chain_not_found""]"
3r2n,D,ZN,,,,,,,,no_candidate_passed_prefilter,0,[]
3r3z,A,GOA,3r40,A,A,1.05,0.4044563576781236,/home/iscb/wolfson/hagairavid/LocAlign/datasets/apo_structures/GOA/apo87ada52d5e.pdb,apo87ada52d5e,found,1,[]
3r4s,A,SIA,3r4u,A,A,2.2,0.2827243801032642,/home/iscb/wolfson/hagairavid/LocAlign/datasets/apo_structures/SIA/apo7d78760229.pdb,apo7d78760229,found,1,[]
3r6f,A,ZN,,,,,,,,no_candidate_passed_prefilter,0,[]
3r7k,A,FDA,,,,,,,,no_candidate_passed_prefilter,0,[]
3r9c,A,HEM,,,,,,,,all_candidates_pocket_occupied,3,"[""3r9bA: pocket_occupied"", ""3r9bB: chain_not_found"", ""3r9bC: chain_not_found""]"
3ref,B,GDP,,,,,,,,all_candidates_pocket_occupied,3,"[""3regA: pocket_occupied"", ""3regB: chain_not_found"", ""4dvgA: pocket_occupied""]"
3rfc,A,ADP,,,,,,,,no_uniprot_mapping,0,[]
3rfv,A,NAI,,,,,,,,all_candidates_pocket_occupied,6,"[""3rftA: pocket_occupied"", ""3rftB: chain_not_found"", ""3rftC: chain_not_found"", ""3rfxA: pocket_occupied"", ""3rfxB: chain_not_found"", ""3rfxC: chain_not_found""]"
3rgk,A,HEM,,,,,,,,no_candidate_passed_prefilter,0,[]
3rha,A,FDA,,,,,,,,no_candidate_passed_prefilter,0,[]
3rim,A,TPP,,,,,,,,no_candidate_passed_prefilter,0,[]
3rno,A,NAP,,,,,,,,all_candidates_pocket_occupied,17,"[""2o8nA: pocket_occupied"", ""3rogA: pocket_occupied"", ""3roeA: pocket_occupied"", ""3roeB: chain_not_found"", ""3roeC: chain_not_found"", ""3roeD: chain_not_found"", ""3roeE: chain_not_found"", ""3roeF: chain_not_found"", ""3roxA: pocket_occupied"", ""2dg2A: pocket_occupied"", ""2dg2B: chain_not_found"", ""2dg2C: chain_not_found"", ""2dg2D: chain_not_found"", ""2dg2E: chain_not_found"", ""2dg2F: chain_not_found"", ""3ro7A: pocket_occupied"", ""3rozA: pocket_occupied""]"
3rpe,A,FAD,,,,,,,,all_candidates_pocket_occupied,1,"[""4s24A: pocket_occupied""]"
3rq0,A,CA,,,,,,,,no_candidate_passed_prefilter,0,[]
3rrw,A,CA,,,,,,,,no_candidate_passed_prefilter,0,[]
3rsc,A,TYD,,,,,,,,all_candidates_pocket_occupied,2,"[""3iaaA: pocket_occupied"", ""3iaaB: chain_not_found""]"
3rwl,A,HEM,,,,,,,,no_candidate_passed_prefilter,0,[]
3rys,A,ADE,,,,,,,,no_candidate_passed_prefilter,0,[]
3s1u,C,E4P,4xz9,A,A,1.8,1.0328622047319578,/home/iscb/wolfson/hagairavid/LocAlign/datasets/apo_structures/E4P/apo518eed0988.pdb,apo518eed0988,found,41,"[""6yr3A: pocket_occupied"", ""6yr3B: chain_not_found"", ""6yr3C: chain_not_found"", ""6yr3D: chain_not_found"", ""6yr3E: chain_not_found"", ""3s1xA: pocket_occupied"", ""3s1xB: chain_not_found"", ""3s1xC: chain_not_found"", ""3s1xD: chain_not_found"", ""3s1xE: chain_not_found"", ""6yrtA: pocket_occupied"", ""6yrtB: chain_not_found"", ""6yrtC: chain_not_found"", ""6yrtD: chain_not_found"", ""6yrtE: chain_not_found"", ""6yrmA: pocket_occupied"", ""6yrmB: chain_not_found"", ""6yrmC: chain_not_found"", ""6yrmD: chain_not_found"", ""6yrmE: chain_not_found"", ""6ys0A: pocket_occupied"", ""6ys0B: chain_not_found"", ""6ys0C: chain_not_found"", ""6ys0D: chain_not_found"", ""6ys0E: chain_not_found"", ""3s0cA: pocket_occupied"", ""3s0cB: chain_not_found"", ""3s0cC: chain_not_found"", ""3s0cD: chain_not_found"", ""3s0cE: chain_not_found"", ""3s1vA: pocket_occupied"", ""3s1vB: chain_not_found"", ""3s1vC: chain_not_found"", ""3s1vD: chain_not_found"", ""3s1vE: chain_not_found"", ""3s1wA: pocket_occupied"", ""3s1wB: chain_not_found"", ""3s1wC: chain_not_found"", ""3s1wD: chain_not_found"", ""3s1wE: chain_not_found""]"
3s2j,A,L3A,3id7,A,A,1.3,0.15341544526707496,/home/iscb/wolfson/hagairavid/LocAlign/datasets/apo_structures/L3A/apof9e4ef0a2c.pdb,apof9e4ef0a2c,found,1,[]
3s5w,B,FAD,,,,,,,,all_candidates_pocket_occupied,2,"[""3s61A: pocket_occupied"", ""3s61B: chain_not_found""]"
3s5w,B,NAP,,,,,,,,all_candidates_pocket_occupied,2,"[""3s61A: pocket_occupied"", ""3s61B: chain_not_found""]"
3sae,A,FPS,3sdq,A,A,2.14,0.29642490141198186,/home/iscb/wolfson/hagairavid/LocAlign/datasets/apo_structures/FPS/apo8bc48c83c6.pdb,apo8bc48c83c6,found,4,"[""3sdrA: pocket_occupied"", ""3sdtA: pocket_occupied"", ""3sduA: pocket_occupied""]"
3sef,C,SKM,,,,,,,,all_candidates_pocket_occupied,4,"[""3pgjA: pocket_occupied"", ""3pgjB: chain_not_found"", ""3pgjC: chain_not_found"", ""3pgjD: chain_not_found""]"
3sf6,A,FDA,,,,,,,,no_candidate_passed_prefilter,0,[]
3sfe,B,SF4,,,,,,,,all_candidates_pocket_occupied,22,"[""1zoyB: pocket_occupied"", ""3sfdB: pocket_occupied"", ""3aefB: pocket_occupied"", ""3ae4B: pocket_occupied"", ""4yxdB: pocket_occupied"", ""3aebB: pocket_occupied"", ""4ytpB: pocket_occupied"", ""3ae2B: pocket_occupied"", ""3ae1B: pocket_occupied"", ""3aeeB: pocket_occupied"", ""3abvB: pocket_occupied"", ""3aegB: pocket_occupied"", ""3ae9B: pocket_occupied"", ""3ae3B: pocket_occupied"", ""3aeaB: pocket_occupied"", ""3ae6B: pocket_occupied"", ""3ae8B: pocket_occupied"", ""3ae5B: pocket_occupied"", ""1zp0B: pocket_occupied"", ""3aedB: pocket_occupied"", ""3aecB: pocket_occupied"", ""3ae7B: pocket_occupied""]"
3sfe,C,HEM,,,,,,,,all_candidates_pocket_occupied,22,"[""1zoyC: pocket_occupied"", ""3sfdC: pocket_occupied"", ""3aefC: pocket_occupied"", ""3ae4C: pocket_occupied"", ""4yxdC: pocket_occupied"", ""3aebC: pocket_occupied"", ""4ytpC: pocket_occupied"", ""3ae2C: pocket_occupied"", ""3ae1C: pocket_occupied"", ""3aeeC: pocket_occupied"", ""3abvC: pocket_occupied"", ""3aegC: pocket_occupied"", ""3ae9C: pocket_occupied"", ""3ae3C: pocket_occupied"", ""3aeaC: pocket_occupied"", ""3ae6C: pocket_occupied"", ""3ae8C: pocket_occupied"", ""3ae5C: pocket_occupied"", ""1zp0C: pocket_occupied"", ""3aedC: pocket_occupied"", ""3aecC: pocket_occupied"", ""3ae7C: pocket_occupied""]"
3sig,A,AR6,3sih,A,A,1.5,0.2176396934200269,/home/iscb/wolfson/hagairavid/LocAlign/datasets/apo_structures/AR6/apo6dd2c61d59.pdb,apo6dd2c61d59,found,2,"[""3siiA: pocket_occupied""]"
3sik,A,HEM,3sz6,A,A,1.8,0.6753334344096271,/home/iscb/wolfson/hagairavid/LocAlign/datasets/apo_structures/HEM/apo6b214a8989.pdb,apo6b214a8989,found,1,[]
3skd,A,NI,3sk9,A,A,1.8,0.159360985604295,/home/iscb/wolfson/hagairavid/LocAlign/datasets/apo_structures/NI/apof290017a5d.pdb,apof290017a5d,found,1,[]
3slh,D,SKM,4gfp,A,A,2.7,1.6190879974397578,/home/iscb/wolfson/hagairavid/LocAlign/datasets/apo_structures/SKM/apo2c9e3326c4.pdb,apo2c9e3326c4,found,11,"[""3tr1A: pocket_occupied"", ""3roiA: pocket_occupied"", ""3roiB: chain_not_found"", ""4egrA: pocket_occupied"", ""4egrB: chain_not_found"", ""4egrC: chain_not_found"", ""4egrD: chain_not_found"", ""4egrE: chain_not_found"", ""4egrF: chain_not_found"", ""4zndA: pocket_occupied""]"
3son,A,CA,,,,,,,,no_uniprot_mapping,0,[]
3sqg,A,CA,,,,,,,,no_candidate_passed_prefilter,0,[]
3sqg,A,COM,,,,,,,,no_candidate_passed_prefilter,0,[]
3swo,A,FDA,,,,,,,,no_candidate_passed_prefilter,0,[]
3sxj,A,SAM,3f4k,A,A,2.3,1.0131604951101307,/home/iscb/wolfson/hagairavid/LocAlign/datasets/apo_structures/SAM/apo693998296e.pdb,apo693998296e,found,1,[]
3t3z,B,HEM,,,,,,,,all_candidates_pocket_occupied,10,"[""3e6iA: pocket_occupied"", ""3e6iB: chain_not_found"", ""3e4eA: pocket_occupied"", ""3e4eB: chain_not_found"", ""3gphA: pocket_occupied"", ""3gphB: chain_not_found"", ""3kohA: pocket_occupied"", ""3kohB: chain_not_found"", ""3lc4A: pocket_occupied"", ""3lc4B: chain_not_found""]"
3t5o,A,FUL,8b0f,A,B,3.0,5.840249677745773,/home/iscb/wolfson/hagairavid/LocAlign/datasets/apo_structures/FUL/apo9b541a929a.pdb,apo9b541a929a,found,1,[]
3t7s,A,SAM,3e7p,A,A,1.9,0.5114415209084028,/home/iscb/wolfson/hagairavid/LocAlign/datasets/apo_structures/SAM/apo865b191f3d.pdb,apo865b191f3d,found,1,[]
3t7v,A,SAM,,,,,,,,no_candidate_passed_prefilter,0,[]
3t7v,A,SF4,,,,,,,,no_candidate_passed_prefilter,0,[]
3tb4,A,CA,,,,,,,,all_candidates_pocket_occupied,1,"[""3tg2A: pocket_occupied""]"
3tdm,A,PO4,,,,,,,,no_uniprot_mapping,0,[]
3tgw,B,AES,2c61,A,A,1.5,1.5501007115597978,/home/iscb/wolfson/hagairavid/LocAlign/datasets/apo_structures/AES/apod56a7b01eb.pdb,apod56a7b01eb,found,1,[]
3tka,A,SAM,,,,,,,,no_candidate_passed_prefilter,0,[]
3tp1,A,DUP,2d4l,A,A,1.7,0.2664483387956123,/home/iscb/wolfson/hagairavid/LocAlign/datasets/apo_structures/DUP/apo006be77c2f.pdb,apo006be77c2f,found,6,"[""3tq5A: pocket_occupied"", ""2d4nA: pocket_occupied"", ""3tq4A: pocket_occupied"", ""3tpnA: pocket_occupied"", ""3tpwA: pocket_occupied""]"
3tqu,A,CA,,,,,,,,no_candidate_passed_prefilter,0,[]
3tr0,A,5GP,,,,,,,,no_candidate_passed_prefilter,0,[]
3tto,A,CA,4tvc,A,A,1.85,0.9015671722714446,/home/iscb/wolfson/hagairavid/LocAlign/datasets/apo_structures/CA/apo35c0734d1d.pdb,apo35c0734d1d,found,1,[]
3tw4,A,GDP,,,,,,,,all_candidates_pocket_occupied,13,"[""6n0bA: pocket_occupied"", ""6n0bB: chain_not_found"", ""6n0bC: chain_not_found"", ""6n0bD: chain_not_found"", ""6n12A: pocket_occupied"", ""6n12B: chain_not_found"", ""6uqqA: pocket_occupied"", ""6uqqB: chain_not_found"", ""3t5dA: pocket_occupied"", ""3t5dC: chain_not_found"", ""7m6jC: chain_not_found"", ""7m6jD: chain_not_found"", ""2qagC: chain_not_found""]"
3txa,A,MG,,,,,,,,no_candidate_passed_prefilter,0,[]
3u31,A,NAD,,,,,,,,all_candidates_pocket_occupied,2,"[""3u3dA: pocket_occupied"", ""3jwpA: pocket_occupied""]"
3u48,B,CA,,,,,,,,no_uniprot_mapping,0,[]
3u4j,A,CA,,,,,,,,no_candidate_passed_prefilter,0,[]
3u52,D,GOL,2inp,A,C,2.3,0.2906456207171575,/home/iscb/wolfson/hagairavid/LocAlign/datasets/apo_structures/GOL/apo8d3c307709.pdb,apo8d3c307709,found,1,[]
3u8p,A,HEM,6l27,A,A,0.77,0.6390491773551783,/home/iscb/wolfson/hagairavid/LocAlign/datasets/apo_structures/HEM/apoc403b8778c.pdb,apoc403b8778c,found,1,[]
3ubl,A,GSH,3ubk,A,A,1.95,0.25612363344186856,/home/iscb/wolfson/hagairavid/LocAlign/datasets/apo_structures/GSH/apo5fe3f67ba3.pdb,apo5fe3f67ba3,found,1,[]
3ubm,B,COA,,,,,,,,no_candidate_passed_prefilter,0,[]
3ucj,A,AZM,3uco,A,A,2.5,0.35167529075312653,/home/iscb/wolfson/hagairavid/LocAlign/datasets/apo_structures/AZM/apof868c5ca11.pdb,apof868c5ca11,found,5,"[""3ucnA: pocket_occupied"", ""3ucnB: chain_not_found"", ""3uckA: pocket_occupied"", ""3uckB: chain_not_found""]"
3uf0,A,NAP,,,,,,,,no_candidate_passed_prefilter,0,[]
3ug7,A,ADP,,,,,,,,all_candidates_pocket_occupied,4,"[""3ug6A: pocket_occupied"", ""3ug6B: chain_not_found"", ""3ug6C: chain_not_found"", ""3ug6D: chain_not_found""]"
3uh1,A,NAI,2qrl,A,A,1.6,2.8805356089150496,/home/iscb/wolfson/hagairavid/LocAlign/datasets/apo_structures/NAI/apo306085e7e4.pdb,apo306085e7e4,found,2,"[""2qrjA: pocket_occupied""]"
3uh1,A,SHR,2q99,A,A,1.64,2.8432126333938275,/home/iscb/wolfson/hagairavid/LocAlign/datasets/apo_structures/SHR/apoe14bda02ba.pdb,apoe14bda02ba,found,3,"[""2qrjA: pocket_occupied"", ""2qrlA: pocket_occupied""]"
3uj7,A,SAM,,,,,,,,all_candidates_pocket_occupied,14,"[""3ujcA: pocket_occupied"", ""3uj9A: pocket_occupied"", ""3uj8A: pocket_occupied"", ""3ujaA: pocket_occupied"", ""3ujdA: pocket_occupied"", ""3ujbA: pocket_occupied"", ""3ujbB: chain_not_found"", ""4r6wA: pocket_occupied"", ""4r6wB: chain_not_found"", ""3uj6A: pocket_occupied"", ""4fgzA: pocket_occupied"", ""4fgzB: chain_not_found"", ""4r6xA: pocket_occupied"", ""4r6xB: chain_not_found""]"
3ujm,A,EPE,,,,,,,,no_candidate_passed_prefilter,0,[]
3ujo,A,CA,3ujq,A,A,2.06,0.38964067213313724,/home/iscb/wolfson/hagairavid/LocAlign/datasets/apo_structures/CA/apod80d2a9b3a.pdb,apod80d2a9b3a,found,1,[]
3ukk,A,FDA,,,,,,,,all_candidates_pocket_occupied,108,"[""4u8iA: pocket_occupied"", ""4u8iB: chain_not_found"", ""4u8iC: chain_not_found"", ""4u8iD: chain_not_found"", ""4u8pA: pocket_occupied"", ""4u8pB: chain_not_found"", ""4u8pC: chain_not_found"", ""4u8pD: chain_not_found"", ""4gdeA: pocket_occupied"", ""4gdeB: chain_not_found"", ""4gdeC: chain_not_found"", ""4gdeD: chain_not_found"", ""4u8kA: pocket_occupied"", ""4u8kB: chain_not_found"", ""4u8kC: chain_not_found"", ""4u8kD: chain_not_found"", ""4wx1A: pocket_occupied"", ""4wx1B: chain_not_found"", ""4wx1C: chain_not_found"", ""4wx1D: chain_not_found"", ""3utfA: pocket_occupied"", ""3utfB: chain_not_found"", ""3utfC: chain_not_found"", ""3utfD: chain_not_found"", ""3utgA: pocket_occupied"", ""3utgB: chain_not_found"", ""3utgC: chain_not_found"", ""3utgD: chain_not_found"", ""3uthA: pocket_occupied"", ""3uthB: chain_not_found"", ""3uthC: chain_not_found"", ""3uthD: chain_not_found"", ""4u8jA: pocket_occupied"", ""4u8jB: chain_not_found"", ""4u8jC: chain_not_found"", ""4u8jD: chain_not_found"", ""4u8lA: pocket_occupied"", ""4u8lB: chain_not_found"", ""4u8lC: chain_not_found"", ""4u8lD: chain_not_found"", ""4u8mA: pocket_occupied"", ""4u8mB: chain_not_found"", ""4u8mC: chain_not_found"", ""4u8mD: chain_not_found"", ""4u8nA: pocket_occupied"", ""4u8nB: chain_not_found"", ""4u8nC: chain_not_found"", ""4u8nD: chain_not_found"", ""4u8oA: pocket_occupied"", ""4u8oB: chain_not_found"", ""4u8oC: chain_not_found"", ""4u8oD: chain_not_found"", ""5hhfA: pocket_occupied"", ""5hhfB: chain_not_found"", ""5hhfC: chain_not_found"", ""5hhfD: chain_not_found"", ""3ukhA: pocket_occupied"", ""3ukhB: chain_not_found"", ""3ukhC: chain_not_found"", ""3ukhD: chain_not_found"", ""3ukhE: chain_not_found"", ""3ukhF: chain_not_found"", ""3ukhG: chain_not_found"", ""3ukhH: chain_not_found"", ""3uteA: pocket_occupied"", ""3uteB: chain_not_found"", ""3uteC: chain_not_found"", ""3uteD: chain_not_found"", ""3ukfA: pocket_occupied"", ""3ukfB: chain_not_found"", ""3ukfC: chain_not_found"", ""3ukfD: chain_not_found"", ""3ukfE: chain_not_found"", ""3ukfF: chain_not_found"", ""3ukfG: chain_not_found"", ""3ukfH: chain_not_found"", ""3uklA: pocket_occupied"", ""3uklB: chain_not_found"", ""3uklC: chain_not_found"", ""3uklD: chain_not_found"", ""3uklE: chain_not_found"", ""3uklF: chain_not_found"", ""3uklG: chain_not_found"", ""3uklH: chain_not_found"", ""3ukaA: pocket_occupied"", ""3ukaB: chain_not_found"", ""3ukaC: chain_not_found"", ""3ukaD: chain_not_found"", ""5vwtA: pocket_occupied"", ""5vwtB: chain_not_found"", ""5vwtC: chain_not_found"", ""5vwtD: chain_not_found"", ""5vwuA: pocket_occupied"", ""5vwuB: chain_not_found"", ""5vwuC: chain_not_found"", ""5vwuD: chain_not_found"", ""3ukpA: pocket_occupied"", ""3ukpB: chain_not_found"", ""3ukpC: chain_not_found"", ""3ukpD: chain_not_found"", ""3ukpE: chain_not_found"", ""3ukpF: chain_not_found"", ""3ukpG: chain_not_found"", ""3ukpH: chain_not_found"", ""3ukqA: pocket_occupied"", ""3ukqB: chain_not_found"", ""3ukqC: chain_not_found"", ""3ukqD: chain_not_found""]"
3umv,A,FAD,,,,,,,,no_candidate_passed_prefilter,0,[]
3upt,A,CA,3uk1,A,A,2.15,0.2382446230944676,/home/iscb/wolfson/hagairavid/LocAlign/datasets/apo_structures/CA/apo320296d911.pdb,apo320296d911,found,1,[]
3uq6,A,ADN,,,,,,,,all_candidates_pocket_occupied,8,"[""3vasA: pocket_occupied"", ""3vasB: chain_not_found"", ""3uq9A: pocket_occupied"", ""3uq9B: chain_not_found"", ""4dc3A: pocket_occupied"", ""4dc3B: chain_not_found"", ""3vaqA: pocket_occupied"", ""3vaqB: chain_not_found""]"
3uq6,A,AMP,3vas,A,A,2.26,0.24411992691955264,/home/iscb/wolfson/hagairavid/LocAlign/datasets/apo_structures/AMP/apo43b8eb62f6.pdb,apo43b8eb62f6,found,1,[]
3urm,A,GAL,,,,,,,,all_candidates_pocket_occupied,2,"[""3uugA: pocket_occupied"", ""3uugB: chain_not_found""]"
3usu,A,CA,,,,,,,,all_candidates_pocket_occupied,2,"[""4m3cA: chain_not_found"", ""4m3cC: chain_not_found""]"
3uwp,A,5ID,6nog,A,K,3.9,1.5478876716914411,/home/iscb/wolfson/hagairavid/LocAlign/datasets/apo_structures/5ID/apo62623d4ad8.pdb,apo62623d4ad8,found,21,"[""3qowA: pocket_occupied"", ""4eqzA: pocket_occupied"", ""4er7A: pocket_occupied"", ""3sx0A: pocket_occupied"", ""5juwA: pocket_occupied"", ""3qoxA: pocket_occupied"", ""4er6A: pocket_occupied"", ""4er3A: pocket_occupied"", ""4wvlA: pocket_occupied"", ""4er0A: pocket_occupied"", ""1nw3A: pocket_occupied"", ""4ek9A: pocket_occupied"", ""3sr4A: pocket_occupied"", ""4er5A: pocket_occupied"", ""4ekgA: pocket_occupied"", ""4ekiA: pocket_occupied"", ""6nj9K: pocket_occupied"", ""6nj9M: chain_not_found"", ""4hraA: pocket_occupied"", ""6nqaK: pocket_occupied""]"
3uxy,C,NAD,,,,,,,,no_candidate_passed_prefilter,0,[]
3v0r,A,8AC,4aud,A,A,2.67,1.2217040404336423,/home/iscb/wolfson/hagairavid/LocAlign/datasets/apo_structures/8AC/apo17e36f8dd7.pdb,apo17e36f8dd7,found,1,[]
3v76,A,FDA,,,,,,,,no_candidate_passed_prefilter,0,[]
3v8d,A,HEM,,,,,,,,all_candidates_pocket_occupied,4,"[""3daxA: pocket_occupied"", ""3daxB: chain_not_found"", ""3sn5A: pocket_occupied"", ""3sn5B: chain_not_found""]"
3v9m,A,CA,,,,,,,,no_candidate_passed_prefilter,0,[]
3vb0,A,FE2,,,,,,,,no_candidate_passed_prefilter,0,[]
3vbm,E,TYD,,,,,,,,no_uniprot_mapping,0,[]
3vc1,D,GST,,,,,,,,all_candidates_pocket_occupied,12,"[""3vc2A: pocket_occupied"", ""3vc2B: chain_not_found"", ""3vc2C: chain_not_found"", ""3vc2D: chain_not_found"", ""3vc2E: chain_not_found"", ""3vc2F: chain_not_found"", ""3vc2G: chain_not_found"", ""3vc2H: chain_not_found"", ""3vc2I: chain_not_found"", ""3vc2J: chain_not_found"", ""3vc2K: chain_not_found"", ""3vc2L: chain_not_found""]"
3ve7,A,BMP,,,,,,,,all_candidates_pocket_occupied,2,"[""3ve9A: pocket_occupied"", ""3ve9B: chain_not_found""]"
3ven,A,FE2,3veo,A,A,2.187,0.21974109131931788,/home/iscb/wolfson/hagairavid/LocAlign/datasets/apo_structures/FE2/apo80526afb52.pdb,apo80526afb52,found,2,"[""3vexA: pocket_occupied""]"
3vf1,A,FE2,,,,,,,,no_candidate_passed_prefilter,0,[]
3vgi,A,CA,3wr0,A,A,1.16,0.14084193293252276,/home/iscb/wolfson/hagairavid/LocAlign/datasets/apo_structures/CA/apo8dac777825.pdb,apo8dac777825,found,1,[]
3vif,A,EPE,3vih,A,A,1.03,0.052376516094023856,/home/iscb/wolfson/hagairavid/LocAlign/datasets/apo_structures/EPE/apo4982cc5950.pdb,apo4982cc5950,found,3,"[""3viiA: pocket_occupied"", ""3vigA: pocket_occupied""]"
3vlm,A,HEM,,,,,,,,all_candidates_pocket_occupied,14,"[""3vliA: chain_not_found"", ""3vliB: chain_not_found"", ""3vljA: chain_not_found"", ""3vljB: chain_not_found"", ""3vlhA: chain_not_found"", ""3vlhB: chain_not_found"", ""1itkA: pocket_occupied"", ""1itkB: chain_not_found"", ""3vlkA: chain_not_found"", ""3vlkB: chain_not_found"", ""3vllA: chain_not_found"", ""3vllB: chain_not_found"", ""3uw8A: chain_not_found"", ""3uw8B: chain_not_found""]"
3vm7,A,CA,,,,,,,,no_candidate_passed_prefilter,0,[]
3vma,A,M0E,7lq6,A,A,3.28,3.387182160242632,/home/iscb/wolfson/hagairavid/LocAlign/datasets/apo_structures/M0E/apo1099b90b24.pdb,apo1099b90b24,found,8,"[""5hldA: pocket_occupied"", ""5hlaA: pocket_occupied"", ""6yn0A: pocket_occupied"", ""5hlbA: pocket_occupied"", ""5hl9A: pocket_occupied"", ""5fgzA: pocket_occupied"", ""3fwlA: pocket_occupied""]"
3vmr,A,M0E,3vmq,A,A,2.518,1.3918041840681534,/home/iscb/wolfson/hagairavid/LocAlign/datasets/apo_structures/M0E/apo57f4206d50.pdb,apo57f4206d50,found,3,"[""3vmtA: pocket_occupied"", ""3vmtB: chain_not_found""]"
3vnp,A,MG,,,,,,,,no_candidate_passed_prefilter,0,[]
3vnq,A,ATP,,,,,,,,no_uniprot_mapping,0,[]
3voc,A,CA,,,,,,,,no_candidate_passed_prefilter,0,[]
3vog,A,EPE,3voj,A,A,2.29,0.6613107933728779,/home/iscb/wolfson/hagairavid/LocAlign/datasets/apo_structures/EPE/apoad5bfbd0a8.pdb,apoad5bfbd0a8,found,2,"[""3voiA: pocket_occupied""]"
3vol,A,HEM,,,,,,,,no_candidate_passed_prefilter,0,[]
3vp5,A,HEM,3vok,A,A,2.0,3.082672779092235,/home/iscb/wolfson/hagairavid/LocAlign/datasets/apo_structures/HEM/apob8bda36ef9.pdb,apob8bda36ef9,found,1,[]
3vpd,A,ANP,,,,,,,,all_candidates_pocket_occupied,4,"[""1uc8A: chain_not_found"", ""1uc8B: chain_not_found"", ""1uc9A: pocket_occupied"", ""1uc9B: chain_not_found""]"
3vpq,A,GSH,3vpt,A,A,1.9,0.2614739908684392,/home/iscb/wolfson/hagairavid/LocAlign/datasets/apo_structures/GSH/apoe95f6301ff.pdb,apoe95f6301ff,found,2,"[""3vurA: pocket_occupied""]"
3vre,A,HEM,,,,,,,,all_candidates_pocket_occupied,2,"[""3vrgA: pocket_occupied"", ""3vrfA: pocket_occupied""]"
3vre,B,HEM,,,,,,,,all_candidates_pocket_occupied,2,"[""3vrgB: pocket_occupied"", ""3vrfB: pocket_occupied""]"
3vse,A,SAH,,,,,,,,no_candidate_passed_prefilter,0,[]
3vtf,A,UPG,,,,,,,,no_candidate_passed_prefilter,0,[]
3vth,A,APC,3vti,A,A,2.56,2.4640250631761376,/home/iscb/wolfson/hagairavid/LocAlign/datasets/apo_structures/APC/apod5332d15e2.pdb,apod5332d15e2,found,1,[]
3vth,A,FE,3vti,A,A,2.56,2.4640250631761376,/home/iscb/wolfson/hagairavid/LocAlign/datasets/apo_structures/FE/apod5332d15e2.pdb,apod5332d15e2,found,1,[]
3vu1,B,CA,,,,,,,,no_candidate_passed_prefilter,0,[]
3vyk,A,CA,3vyj,A,A,2.15,0.5763300558704277,/home/iscb/wolfson/hagairavid/LocAlign/datasets/apo_structures/CA/apod4dd964dac.pdb,apod4dd964dac,found,1,[]
3vyr,B,SF4,,,,,,,,all_candidates_pocket_occupied,5,"[""2z1dA: pocket_occupied"", ""2z1dB: chain_not_found"", ""3vytB: pocket_occupied"", ""3vysB: pocket_occupied"", ""3vyuB: pocket_occupied""]"
3vyw,D,SAM,,,,,,,,no_candidate_passed_prefilter,0,[]
3vzs,B,CAA,4n5l,A,A,1.65,0.7321656822932175,/home/iscb/wolfson/hagairavid/LocAlign/datasets/apo_structures/CAA/apo8e9f6a59b8.pdb,apo8e9f6a59b8,found,3,"[""4n5mA: pocket_occupied"", ""4n5mB: chain_not_found""]"
3wag,B,TYD,3wad,A,A,2.0,0.5487932710532223,/home/iscb/wolfson/hagairavid/LocAlign/datasets/apo_structures/TYD/apo0119d595d5.pdb,apo0119d595d5,found,1,[]
3wec,A,HEM,,,,,,,,no_candidate_passed_prefilter,0,[]
3wfw,A,HEM,,,,,,,,all_candidates_pocket_occupied,2,"[""3wfxA: pocket_occupied"", ""3wfxB: chain_not_found""]"
3whd,C,CA,,,,,,,,no_candidate_passed_prefilter,0,[]
3whk,A,ATP,6j2q,A,M,3.8,2.503102194093443,/home/iscb/wolfson/hagairavid/LocAlign/datasets/apo_structures/ATP/apo555414d6d7.pdb,apo555414d6d7,found,3,"[""35zwH: pocket_occupied"", ""9cgcM: pocket_occupied""]"
3wr1,A,HEM,,,,,,,,no_candidate_passed_prefilter,0,[]
3wst,I,SAH,,,,,,,,all_candidates_pocket_occupied,1,"[""3x0dA: pocket_occupied""]"
3wtg,A,HEM,,,,,,,,no_candidate_passed_prefilter,0,[]
3ww1,A,MN,3ww3,A,A,1.9,0.2360123723970101,/home/iscb/wolfson/hagairavid/LocAlign/datasets/apo_structures/MN/apo62e3e4bb3a.pdb,apo62e3e4bb3a,found,1,[]
3wy1,A,GOL,,,,,,,,all_candidates_pocket_occupied,6,"[""3wy2A: pocket_occupied"", ""3wy2B: chain_not_found"", ""3wy4A: pocket_occupied"", ""3wy4B: chain_not_found"", ""3wy3A: pocket_occupied"", ""3wy3B: chain_not_found""]"
3wy4,B,GOL,,,,,,,,all_candidates_pocket_occupied,6,"[""3wy2A: pocket_occupied"", ""3wy2B: chain_not_found"", ""3wy1A: pocket_occupied"", ""3wy1B: chain_not_found"", ""3wy3A: pocket_occupied"", ""3wy3B: chain_not_found""]"
3x2f,A,NAI,5tow,A,A,1.75,4.424296262405818,/home/iscb/wolfson/hagairavid/LocAlign/datasets/apo_structures/NAI/apoabbffcddc8.pdb,apoabbffcddc8,found,1,[]
3zbq,A,GDP,,,,,,,,all_candidates_pocket_occupied,1,"[""3zbpA: pocket_occupied""]"
3zby,B,HEM,,,,,,,,all_candidates_pocket_occupied,7,"[""2yooA: pocket_occupied"", ""2yooB: chain_not_found"", ""2yooC: chain_not_found"", ""2yooD: chain_not_found"", ""4uaxA: pocket_occupied"", ""4triA: pocket_occupied"", ""4triB: chain_not_found""]"
3zc7,A,ATP,,,,,,,,no_candidate_passed_prefilter,0,[]
3zd9,A,K,3zdb,A,A,1.47,0.8458342156486824,/home/iscb/wolfson/hagairavid/LocAlign/datasets/apo_structures/K/apo7d447b2b3e.pdb,apo7d447b2b3e,found,1,[]
3zfd,A,ANP,,,,,,,,all_candidates_pocket_occupied,1,"[""3zfcA: pocket_occupied""]"
3zhw,A,HEM,,,,,,,,no_candidate_passed_prefilter,0,[]
3ziu,A,LSS,,,,,,,,no_candidate_passed_prefilter,0,[]
3zjh,B,HEM,,,,,,,,all_candidates_pocket_occupied,41,"[""2vebA: pocket_occupied"", ""3qzxA: pocket_occupied"", ""3zjpA: pocket_occupied"", ""3zjiA: pocket_occupied"", ""3zjiB: chain_not_found"", ""3zjlA: pocket_occupied"", ""3zjlB: chain_not_found"", ""3zjmA: pocket_occupied"", ""3zjmB: chain_not_found"", ""3zjmC: chain_not_found"", ""3zjnA: pocket_occupied"", ""3zjnB: chain_not_found"", ""3zolA: pocket_occupied"", ""3zolB: chain_not_found"", ""3zjoA: pocket_occupied"", ""3zjoB: chain_not_found"", ""3zjqA: pocket_occupied"", ""3zjqB: chain_not_found"", ""3zjjA: pocket_occupied"", ""3zjjB: chain_not_found"", ""3zjjC: chain_not_found"", ""3zh0A: pocket_occupied"", ""3zh0B: chain_not_found"", ""3zh0C: chain_not_found"", ""3zh0D: chain_not_found"", ""3r0gA: pocket_occupied"", ""3r0gB: chain_not_found"", ""3zomA: pocket_occupied"", ""3zomB: chain_not_found"", ""3zjsA: pocket_occupied"", ""3zjsB: chain_not_found"", ""3qzzA: pocket_occupied"", ""2veeA: pocket_occupied"", ""2veeB: chain_not_found"", ""2veeC: chain_not_found"", ""2veeD: chain_not_found"", ""2veeE: chain_not_found"", ""2veeF: chain_not_found"", ""2veeG: chain_not_found"", ""2veeH: chain_not_found"", ""3zjrA: pocket_occupied""]"
3zok,A,NAD,,,,,,,,no_candidate_passed_prefilter,0,[]
3zq4,A,CA,,,,,,,,no_candidate_passed_prefilter,0,[]
3zq6,B,ADP,,,,,,,,no_candidate_passed_prefilter,0,[]
3zq6,B,ALF,,,,,,,,no_candidate_passed_prefilter,0,[]
3zq6,D,ADP,,,,,,,,no_candidate_passed_prefilter,0,[]
3zrq,A,PMP,,,,,,,,all_candidates_pocket_occupied,4,"[""3zrpA: pocket_occupied"", ""3zrpB: chain_not_found"", ""3zrrA: pocket_occupied"", ""3zrrB: chain_not_found""]"
3zs7,A,ATP,,,,,,,,no_candidate_passed_prefilter,0,[]
3zs7,A,PO4,,,,,,,,no_candidate_passed_prefilter,0,[]
3zv5,A,BPY,3zv4,A,A,1.8,0.9228524002113294,/home/iscb/wolfson/hagairavid/LocAlign/datasets/apo_structures/BPY/apo428c3500a6.pdb,apo428c3500a6,found,1,[]
3zvx,A,MN,5u38,A,A,1.6,0.8037796618496315,/home/iscb/wolfson/hagairavid/LocAlign/datasets/apo_structures/MN/apoc476e130f7.pdb,apoc476e130f7,found,1,[]
3zwh,Q,AZI,4cfq,A,Q,1.37,0.5759969311451407,/home/iscb/wolfson/hagairavid/LocAlign/datasets/apo_structures/AZI/apo2997be4a6c.pdb,apo2997be4a6c,found,1,[]
3zxs,A,SF4,,,,,,,,no_candidate_passed_prefilter,0,[]
3zyj,B,CA,,,,,,,,no_candidate_passed_prefilter,0,[]
3zyy,X,BU3,,,,,,,,all_candidates_pocket_occupied,4,"[""4c1nK: pocket_occupied"", ""4c1nI: chain_not_found"", ""4c1nJ: chain_not_found"", ""4c1nX: chain_not_found""]"
3zzm,A,PO4,,,,,,,,all_candidates_pocket_occupied,2,"[""4a1oA: pocket_occupied"", ""4a1oB: chain_not_found""]"
4a15,A,SF4,,,,,,,,all_candidates_pocket_occupied,3,"[""9p55A: pocket_occupied"", ""5h8wA: pocket_occupied"", ""2vsfA: pocket_occupied""]"
4a34,I,FUL,,,,,,,,no_candidate_passed_prefilter,0,[]
4a3u,A,ACT,4ot7,A,A,1.8,1.981276411447214,/home/iscb/wolfson/hagairavid/LocAlign/datasets/apo_structures/ACT/apoca5fa7ddf8.pdb,apoca5fa7ddf8,found,1,[]
4a42,A,CA,,,,,,,,no_candidate_passed_prefilter,0,[]
4a44,A,CA,4a41,A,A,1.55,0.345308547736918,/home/iscb/wolfson/hagairavid/LocAlign/datasets/apo_structures/CA/apoa534966c11.pdb,apoa534966c11,found,1,[]
4a4a,A,CA,,,,,,,,no_candidate_passed_prefilter,0,[]
4a5g,A,HEM,,,,,,,,no_candidate_passed_prefilter,0,[]
4a5w,B,CA,3t5o,A,A,2.869,3.4211075945956426,/home/iscb/wolfson/hagairavid/LocAlign/datasets/apo_structures/CA/apocbfc78a383.pdb,apocbfc78a383,found,1,[]
4a6a,A,TTP,2qlp,A,A,2.47,0.7724174199853531,/home/iscb/wolfson/hagairavid/LocAlign/datasets/apo_structures/TTP/apo95216f807b.pdb,apo95216f807b,found,3,"[""2qxxA: pocket_occupied"", ""2qxxB: chain_not_found""]"
4a6d,A,SAM,,,,,,,,all_candidates_pocket_occupied,1,"[""4a6eA: pocket_occupied""]"
4a6o,A,CA,4a3z,A,A,1.55,0.44683189374882804,/home/iscb/wolfson/hagairavid/LocAlign/datasets/apo_structures/CA/apo4876e65784.pdb,apo4876e65784,found,1,[]
4a6s,A,CA,1l7l,A,A,1.5,0.21116208784052184,/home/iscb/wolfson/hagairavid/LocAlign/datasets/apo_structures/CA/apoa19da51e45.pdb,apoa19da51e45,found,31,"[""4ywaA: pocket_occupied"", ""4ywaB: chain_not_found"", ""4ywaC: chain_not_found"", ""4ywaD: chain_not_found"", ""8guvA: pocket_occupied"", ""8guvB: chain_not_found"", ""4yw6A: pocket_occupied"", ""4yw6B: chain_not_found"", ""4yw6C: chain_not_found"", ""4yw6D: chain_not_found"", ""4ljhA: pocket_occupied"", ""4ljhB: chain_not_found"", ""4ljhC: chain_not_found"", ""4ljhD: chain_not_found"", ""9sqtA: pocket_occupied"", ""9sqtA: chain_not_found"", ""9sqtB: chain_not_found"", ""9sqtB: chain_not_found"", ""9sqtC: chain_not_found"", ""9sqtC: chain_not_found"", ""9sqtD: chain_not_found"", ""9sqtD: chain_not_found"", ""9sqtE: chain_not_found"", ""9sqtE: chain_not_found"", ""9sqtF: chain_not_found"", ""9sqtF: chain_not_found"", ""9sqtG: chain_not_found"", ""9sqtG: chain_not_found"", ""9sqtH: chain_not_found"", ""9sqtH: chain_not_found""]"
4a7x,C,UDP,,,,,,,,all_candidates_pocket_occupied,2,"[""4a7wA: pocket_occupied"", ""4a7wB: chain_not_found""]"
4aah,A,CA,,,,,,,,all_candidates_pocket_occupied,8,"[""2ad6A: pocket_occupied"", ""2ad6C: chain_not_found"", ""2ad7A: pocket_occupied"", ""2ad7C: chain_not_found"", ""2ad8A: pocket_occupied"", ""2ad8C: chain_not_found"", ""1g72A: pocket_occupied"", ""1g72C: chain_not_found""]"
4aah,A,PQQ,,,,,,,,all_candidates_pocket_occupied,8,"[""2ad6A: pocket_occupied"", ""2ad6C: chain_not_found"", ""2ad7A: pocket_occupied"", ""2ad7C: chain_not_found"", ""2ad8A: pocket_occupied"", ""2ad8C: chain_not_found"", ""1g72A: pocket_occupied"", ""1g72C: chain_not_found""]"
4aam,A,CA,4aan,A,A,1.22,0.2405194578694549,/home/iscb/wolfson/hagairavid/LocAlign/datasets/apo_structures/CA/apo3220de4343.pdb,apo3220de4343,found,1,[]
4aao,A,CA,4aan,A,A,1.22,2.1724493687881528,/home/iscb/wolfson/hagairavid/LocAlign/datasets/apo_structures/CA/apofbffd3f1d3.pdb,apofbffd3f1d3,found,1,[]
4ab4,A,FMN,,,,,,,,all_candidates_pocket_occupied,2,"[""4aeoA: pocket_occupied"", ""4aeoB: chain_not_found""]"
4adg,C,CA,4adi,A,A,1.8,0.38664842315253484,/home/iscb/wolfson/hagairavid/LocAlign/datasets/apo_structures/CA/apoafab8f9879.pdb,apoafab8f9879,found,1,[]
4adn,A,ZN,9ghe,A,V,1.87,1.0427546730547348,/home/iscb/wolfson/hagairavid/LocAlign/datasets/apo_structures/ZN/apoca6698fd95.pdb,apoca6698fd95,found,1,[]
4af0,A,IMP,,,,,,,,no_candidate_passed_prefilter,0,[]
4ai6,A,ATP,8ok1,A,A,1.38,6.671201613842677,/home/iscb/wolfson/hagairavid/LocAlign/datasets/apo_structures/ATP/apoa217000f69.pdb,apoa217000f69,found,1,[]
4aie,A,CA,,,,,,,,no_candidate_passed_prefilter,0,[]
4aj9,C,HEM,,,,,,,,all_candidates_pocket_occupied,36,"[""3zj5A: pocket_occupied"", ""3zj5B: chain_not_found"", ""3zj5C: chain_not_found"", ""3zj5D: chain_not_found"", ""6nswA: pocket_occupied"", ""6nswB: chain_not_found"", ""6nswC: chain_not_found"", ""6nswD: chain_not_found"", ""6nsyA: pocket_occupied"", ""6nsyB: chain_not_found"", ""6nsyC: chain_not_found"", ""6nsyD: chain_not_found"", ""6nszA: pocket_occupied"", ""6nszB: chain_not_found"", ""6nszC: chain_not_found"", ""6nszD: chain_not_found"", ""6nt0A: pocket_occupied"", ""6nt0B: chain_not_found"", ""6nt0C: chain_not_found"", ""6nt0D: chain_not_found"", ""6nt1A: pocket_occupied"", ""6nt1B: chain_not_found"", ""6nt1C: chain_not_found"", ""6nt1D: chain_not_found"", ""3ej6A: pocket_occupied"", ""3ej6B: chain_not_found"", ""3ej6C: chain_not_found"", ""3ej6D: chain_not_found"", ""4bimA: pocket_occupied"", ""4bimB: chain_not_found"", ""4bimC: chain_not_found"", ""4bimD: chain_not_found"", ""3zj4A: pocket_occupied"", ""3zj4B: chain_not_found"", ""3zj4C: chain_not_found"", ""3zj4D: chain_not_found""]"
4ako,A,OXY,5zlm,A,A,1.7,0.3137429217008994,/home/iscb/wolfson/hagairavid/LocAlign/datasets/apo_structures/OXY/apofab7035337.pdb,apofab7035337,found,3,"[""2wsdA: pocket_occupied"", ""1gskA: pocket_occupied""]"
4am2,A,HEM,,,,,,,,all_candidates_pocket_occupied,4,"[""4am5A: pocket_occupied"", ""4am5B: chain_not_found"", ""4am4A: pocket_occupied"", ""4am4B: chain_not_found""]"
4amc,A,CA,,,,,,,,no_candidate_passed_prefilter,0,[]
4ao9,A,PLP,,,,,,,,all_candidates_pocket_occupied,2,"[""4aoaA: pocket_occupied"", ""4aoaB: chain_not_found""]"
4aqt,A,CA,,,,,,,,no_candidate_passed_prefilter,0,[]
4ava,A,ACO,,,,,,,,all_candidates_pocket_occupied,4,"[""4avbA: pocket_occupied"", ""4avbB: chain_not_found"", ""4avcA: pocket_occupied"", ""4avcB: chain_not_found""]"
4awd,A,CA,,,,,,,,no_candidate_passed_prefilter,0,[]
4ax8,A,ADP,4uw0,A,A,3.87,1.8907701668261008,/home/iscb/wolfson/hagairavid/LocAlign/datasets/apo_structures/ADP/apo3b3fcbeec8.pdb,apo3b3fcbeec8,found,1,[]
4ax8,A,SAM,,,,,,,,all_candidates_pocket_occupied,1,"[""4uw0A: pocket_occupied""]"
4axn,A,CA,,,,,,,,no_candidate_passed_prefilter,0,[]
4ay8,A,COM,4ay7,A,A,1.8,0.4766501836329106,/home/iscb/wolfson/hagairavid/LocAlign/datasets/apo_structures/COM/apoac9194d1a6.pdb,apoac9194d1a6,found,1,[]
4ayl,A,CA,4cjb,A,A,2.78,1.3167944840632266,/home/iscb/wolfson/hagairavid/LocAlign/datasets/apo_structures/CA/apo44a9658a3d.pdb,apo44a9658a3d,found,1,[]
4b17,A,SAM,4atn,A,A,1.95,0.18783416463913877,/home/iscb/wolfson/hagairavid/LocAlign/datasets/apo_structures/SAM/apo3edaafd604.pdb,apo3edaafd604,found,3,"[""4aukA: pocket_occupied"", ""4aukB: chain_not_found""]"
4b45,A,GSP,,,,,,,,no_candidate_passed_prefilter,0,[]
4b56,A,CA,6aek,A,A,1.8,0.7810583303440531,/home/iscb/wolfson/hagairavid/LocAlign/datasets/apo_structures/CA/apo07fe470751.pdb,apo07fe470751,found,1,[]
4b6z,B,ACT,,,,,,,,no_candidate_passed_prefilter,0,[]
4b7f,A,HEM,,,,,,,,all_candidates_pocket_occupied,8,"[""4b7hA: pocket_occupied"", ""4b7hB: chain_not_found"", ""4b7hC: chain_not_found"", ""4b7hD: chain_not_found"", ""4b7gA: pocket_occupied"", ""4b7gB: chain_not_found"", ""4b7gC: chain_not_found"", ""4b7gD: chain_not_found""]"
4b7f,A,NDP,,,,,,,,all_candidates_pocket_occupied,8,"[""4b7hA: pocket_occupied"", ""4b7hB: chain_not_found"", ""4b7hC: chain_not_found"", ""4b7hD: chain_not_found"", ""4b7gA: pocket_occupied"", ""4b7gB: chain_not_found"", ""4b7gC: chain_not_found"", ""4b7gD: chain_not_found""]"
4b7f,A,NO,,,,,,,,all_candidates_pocket_occupied,8,"[""4b7hA: pocket_occupied"", ""4b7hB: chain_not_found"", ""4b7hC: chain_not_found"", ""4b7hD: chain_not_found"", ""4b7gA: pocket_occupied"", ""4b7gB: chain_not_found"", ""4b7gC: chain_not_found"", ""4b7gD: chain_not_found""]"
4b7s,A,HEM,,,,,,,,all_candidates_pocket_occupied,49,"[""3zpiA: pocket_occupied"", ""3zpiB: chain_not_found"", ""2cd8A: pocket_occupied"", ""2cd8B: chain_not_found"", ""2c7xA: pocket_occupied"", ""2vzmA: pocket_occupied"", ""2vzmB: chain_not_found"", ""3zk5A: pocket_occupied"", ""3zk5B: chain_not_found"", ""4b7dA: pocket_occupied"", ""4b7dB: chain_not_found"", ""8gueA: pocket_occupied"", ""8gueB: chain_not_found"", ""2wi9A: pocket_occupied"", ""2wi9B: chain_not_found"", ""7xbnA: pocket_occupied"", ""7xbnB: chain_not_found"", ""2bvjA: pocket_occupied"", ""2bvjB: chain_not_found"", ""2whwA: pocket_occupied"", ""2whwB: chain_not_found"", ""7xboA: pocket_occupied"", ""7xboB: chain_not_found"", ""4umzA: pocket_occupied"", ""4umzB: chain_not_found"", ""2c6hA: pocket_occupied"", ""2c6hB: chain_not_found"", ""7xbmA: pocket_occupied"", ""7xbmB: chain_not_found"", ""4bf4A: pocket_occupied"", ""4bf4B: chain_not_found"", ""4bf4C: chain_not_found"", ""4bf4D: chain_not_found"", ""4bf4E: chain_not_found"", ""4bf4F: chain_not_found"", ""4bf4G: chain_not_found"", ""4bf4H: chain_not_found"", ""4bf4I: chain_not_found"", ""4bf4J: chain_not_found"", ""4bf4K: chain_not_found"", ""4bf4L: chain_not_found"", ""4bf4M: chain_not_found"", ""4bf4N: chain_not_found"", ""4bf4O: chain_not_found"", ""4bf4P: chain_not_found"", ""2ca0A: pocket_occupied"", ""2ca0B: chain_not_found"", ""2vz7A: pocket_occupied"", ""2vz7B: chain_not_found""]"
4b8n,B,HEM,,,,,,,,no_uniprot_mapping,0,[]
4b96,A,CA,,,,,,,,no_candidate_passed_prefilter,0,[]
4b97,A,CA,,,,,,,,no_uniprot_mapping,0,[]
4bb9,A,CA,4bba,A,A,1.92,0.15786480106293366,/home/iscb/wolfson/hagairavid/LocAlign/datasets/apo_structures/CA/apodb380f2596.pdb,apodb380f2596,found,1,[]
4bbj,A,PC,4byg,A,A,2.85,2.6108029378599493,/home/iscb/wolfson/hagairavid/LocAlign/datasets/apo_structures/PC/apof5d78154a5.pdb,apof5d78154a5,found,1,[]
4bfk,B,FE,4bgl,A,A,1.9,1.3497664524802966,/home/iscb/wolfson/hagairavid/LocAlign/datasets/apo_structures/FE/apod5ee9bbf48.pdb,apod5ee9bbf48,found,1,[]
4bhd,B,PO4,,,,,,,,all_candidates_pocket_occupied,12,"[""4uqvA: pocket_occupied"", ""4uqvB: chain_not_found"", ""4uqvC: chain_not_found"", ""4uqvD: chain_not_found"", ""4uqvE: chain_not_found"", ""4uqvF: chain_not_found"", ""4uqvG: chain_not_found"", ""4uqvH: chain_not_found"", ""4uqvI: chain_not_found"", ""4uqvJ: chain_not_found"", ""4uqvK: chain_not_found"", ""4uqvL: chain_not_found""]"
4bif,A,MN,4uxa,A,A,2.1,0.320071797980315,/home/iscb/wolfson/hagairavid/LocAlign/datasets/apo_structures/MN/apoa08ef001a8.pdb,apoa08ef001a8,found,5,"[""8oz8A: pocket_occupied"", ""8oz8B: chain_not_found"", ""8oz8C: chain_not_found"", ""8oz8D: chain_not_found""]"
4bjh,A,DOR,1xrt,A,A,1.609,1.34681989100855,/home/iscb/wolfson/hagairavid/LocAlign/datasets/apo_structures/DOR/apo772aefcfb0.pdb,apo772aefcfb0,found,1,[]
4bjk,A,HEM,,,,,,,,all_candidates_pocket_occupied,29,"[""4g3jA: pocket_occupied"", ""4g3jB: chain_not_found"", ""4g3jC: chain_not_found"", ""4g3jD: chain_not_found"", ""3gw9A: pocket_occupied"", ""3gw9B: chain_not_found"", ""3gw9C: chain_not_found"", ""3gw9D: chain_not_found"", ""3g1qA: pocket_occupied"", ""3g1qB: chain_not_found"", ""3g1qC: chain_not_found"", ""3g1qD: chain_not_found"", ""3tikA: pocket_occupied"", ""3tikB: chain_not_found"", ""3tikC: chain_not_found"", ""3tikD: chain_not_found"", ""4g7gA: pocket_occupied"", ""4g7gB: chain_not_found"", ""4g7gC: chain_not_found"", ""4g7gD: chain_not_found"", ""2x2nA: pocket_occupied"", ""2x2nB: chain_not_found"", ""2x2nC: chain_not_found"", ""2x2nD: chain_not_found"", ""2wv2A: pocket_occupied"", ""3p99A: pocket_occupied"", ""3p99B: chain_not_found"", ""3p99C: chain_not_found"", ""3p99D: chain_not_found""]"
4bkq,A,NAI,,,,,,,,all_candidates_pocket_occupied,9,"[""4bkrA: pocket_occupied"", ""3zu3A: pocket_occupied"", ""5g2oA: pocket_occupied"", ""5jaiA: pocket_occupied"", ""5jaqA: pocket_occupied"", ""3zu5A: pocket_occupied"", ""5jamA: pocket_occupied"", ""3zu4A: pocket_occupied"", ""3zu2A: pocket_occupied""]"
4blv,A,SAM,,,,,,,,all_candidates_pocket_occupied,15,"[""6qe0A: pocket_occupied"", ""7p9iA: pocket_occupied"", ""7p9iB: chain_not_found"", ""6qe5A: pocket_occupied"", ""6qe5B: chain_not_found"", ""4bluA: pocket_occupied"", ""4bluB: chain_not_found"", ""4blwA: pocket_occupied"", ""4blwB: chain_not_found"", ""7p9oA: pocket_occupied"", ""6qdxA: pocket_occupied"", ""6qdxB: chain_not_found"", ""6qdxC: chain_not_found"", ""6qdxD: chain_not_found"", ""7p8qA: pocket_occupied""]"
4bm1,A,HEM,,,,,,,,all_candidates_pocket_occupied,3,"[""4bm2A: pocket_occupied"", ""4bm3A: pocket_occupied"", ""4bm4A: pocket_occupied""]"
4bql,A,ADP,,,,,,,,all_candidates_pocket_occupied,9,"[""5ly3A: pocket_occupied"", ""4cj7A: pocket_occupied"", ""4cj7B: chain_not_found"", ""5mw1A: pocket_occupied"", ""5mw1B: chain_not_found"", ""5mw1C: chain_not_found"", ""5mw1D: chain_not_found"", ""5mw1E: chain_not_found"", ""5mw1F: chain_not_found""]"
4buc,A,PO3,,,,,,,,no_candidate_passed_prefilter,0,[]
4by6,A,CA,5ajd,A,A,3.62,1.4798533637159765,/home/iscb/wolfson/hagairavid/LocAlign/datasets/apo_structures/CA/apod942eb9a99.pdb,apod942eb9a99,found,1,[]
4bz5,B,ZN,,,,,,,,all_candidates_pocket_occupied,124,"[""6hshA: pocket_occupied"", ""6hshB: chain_not_found"", ""6hshC: chain_not_found"", ""6hshD: chain_not_found"", ""7p3sA: pocket_occupied"", ""7p3sB: chain_not_found"", ""7p3sC: chain_not_found"", ""7p3sD: chain_not_found"", ""6fu1A: pocket_occupied"", ""6fu1B: chain_not_found"", ""6fu1C: chain_not_found"", ""6fu1D: chain_not_found"", ""6tldA: pocket_occupied"", ""6tldB: chain_not_found"", ""6tldC: chain_not_found"", ""6tldD: chain_not_found"", ""4bz7A: pocket_occupied"", ""4bz7B: chain_not_found"", ""4bz7C: chain_not_found"", ""4bz7D: chain_not_found"", ""6hu3A: pocket_occupied"", ""6hu3B: chain_not_found"", ""6hu3C: chain_not_found"", ""6hu3D: chain_not_found"", ""6htiA: pocket_occupied"", ""6htiB: chain_not_found"", ""6htiC: chain_not_found"", ""6htiD: chain_not_found"", ""6hu0A: pocket_occupied"", ""6hu0B: chain_not_found"", ""6hu0C: chain_not_found"", ""6hu0D: chain_not_found"", ""6httA: pocket_occupied"", ""6httB: chain_not_found"", ""6httC: chain_not_found"", ""6httD: chain_not_found"", ""7p2uA: pocket_occupied"", ""6htzA: pocket_occupied"", ""6htzB: chain_not_found"", ""6htzC: chain_not_found"", ""6htzD: chain_not_found"", ""6hrqA: pocket_occupied"", ""6hrqB: chain_not_found"", ""6hrqC: chain_not_found"", ""6hrqD: chain_not_found"", ""6hsgA: pocket_occupied"", ""6hsgB: chain_not_found"", ""6hsgC: chain_not_found"", ""6hsgD: chain_not_found"", ""6hsfA: pocket_occupied"", ""6hsfB: chain_not_found"", ""6hsfC: chain_not_found"", ""6hsfD: chain_not_found"", ""7pozA: pocket_occupied"", ""6gxuA: pocket_occupied"", ""6gxuB: chain_not_found"", ""6gxuC: chain_not_found"", ""6gxuD: chain_not_found"", ""6htgA: pocket_occupied"", ""6htgB: chain_not_found"", ""6htgC: chain_not_found"", ""6htgD: chain_not_found"", ""6hthA: pocket_occupied"", ""6hthB: chain_not_found"", ""6hthC: chain_not_found"", ""6hthD: chain_not_found"", ""6hu2A: pocket_occupied"", ""6hu2B: chain_not_found"", ""6hu2C: chain_not_found"", ""6hu2D: chain_not_found"", ""6hu1A: pocket_occupied"", ""6hu1B: chain_not_found"", ""6hu1C: chain_not_found"", ""6hu1D: chain_not_found"", ""4bz6A: pocket_occupied"", ""4bz6B: chain_not_found"", ""4bz6C: chain_not_found"", ""4bz6D: chain_not_found"", ""4bz9A: pocket_occupied"", ""4bz9B: chain_not_found"", ""4bz9C: chain_not_found"", ""4bz9D: chain_not_found"", ""6gxwA: pocket_occupied"", ""6gxwB: chain_not_found"", ""6gxwC: chain_not_found"", ""6gxwD: chain_not_found"", ""6gx3A: pocket_occupied"", ""6gx3B: chain_not_found"", ""6gx3C: chain_not_found"", ""6gx3D: chain_not_found"", ""6gxaA: pocket_occupied"", ""6gxaB: chain_not_found"", ""6gxaC: chain_not_found"", ""6gxaD: chain_not_found"", ""5fueA: pocket_occupied"", ""5fueB: chain_not_found"", ""5fueC: chain_not_found"", ""5fueD: chain_not_found"", ""7p2sA: pocket_occupied"", ""4bz8A: pocket_occupied"", ""4bz8B: chain_not_found"", ""4bz8C: chain_not_found"", ""4bz8D: chain_not_found"", ""7p2vA: pocket_occupied"", ""4cqfA: pocket_occupied"", ""4cqfB: chain_not_found"", ""4cqfC: chain_not_found"", ""4cqfD: chain_not_found"", ""7p2tA: pocket_occupied"", ""7p2tB: chain_not_found"", ""7p2tC: chain_not_found"", ""7p2tD: chain_not_found"", ""6hszA: pocket_occupied"", ""6hszB: chain_not_found"", ""6hszC: chain_not_found"", ""6hszD: chain_not_found"", ""6ht8A: pocket_occupied"", ""6ht8B: chain_not_found"", ""6ht8C: chain_not_found"", ""6ht8D: chain_not_found"", ""6hqyA: pocket_occupied"", ""6hqyB: chain_not_found"", ""6hqyC: chain_not_found"", ""6hqyD: chain_not_found""]"
4c0k,A,CA,4c0j,A,A,2.82,0.33200913018867095,/home/iscb/wolfson/hagairavid/LocAlign/datasets/apo_structures/CA/apo67a6e1ca31.pdb,apo67a6e1ca31,found,1,[]
4c0n,A,HEM,,,,,,,,all_candidates_pocket_occupied,1,"[""4c44A: pocket_occupied""]"
4c0w,A,FMN,,,,,,,,all_candidates_pocket_occupied,2,"[""4c0xA: pocket_occupied"", ""4c14A: pocket_occupied""]"
4c16,A,CA,,,,,,,,all_candidates_pocket_occupied,17,"[""9rakA: pocket_occupied"", ""9rakB: chain_not_found"", ""6eyiA: pocket_occupied"", ""6eyjA: pocket_occupied"", ""6eyjB: chain_not_found"", ""8r5lA: pocket_occupied"", ""9hgwA: pocket_occupied"", ""6eykA: pocket_occupied"", ""9hguA: pocket_occupied"", ""9ralA: pocket_occupied"", ""4csyA: pocket_occupied"", ""4csyB: chain_not_found"", ""9hgvA: pocket_occupied"", ""8r5mA: pocket_occupied"", ""9hgyA: pocket_occupied"", ""9ramA: pocket_occupied"", ""9hgxA: pocket_occupied""]"
4c1n,A,SF4,2h9a,A,A,1.9,3.3579178373460845,/home/iscb/wolfson/hagairavid/LocAlign/datasets/apo_structures/SF4/apof250abc717.pdb,apof250abc717,found,1,[]
4c3o,B,SF4,,,,,,,,no_candidate_passed_prefilter,0,[]
4c7x,A,MG,4c7v,A,A,2.2,0.26177003580666086,/home/iscb/wolfson/hagairavid/LocAlign/datasets/apo_structures/MG/apof887ac382f.pdb,apof887ac382f,found,1,[]
4c7x,A,TPP,4c7v,A,A,2.2,0.26177003580666086,/home/iscb/wolfson/hagairavid/LocAlign/datasets/apo_structures/TPP/apof887ac382f.pdb,apof887ac382f,found,1,[]
4c7y,A,PEO,,,,,,,,all_candidates_pocket_occupied,10,"[""4usaA: pocket_occupied"", ""1vlbA: pocket_occupied"", ""4us9A: pocket_occupied"", ""3l4pA: pocket_occupied"", ""4us8A: pocket_occupied"", ""4c80A: pocket_occupied"", ""4c7zA: pocket_occupied"", ""3fahA: pocket_occupied"", ""3fc4A: pocket_occupied"", ""1sijA: pocket_occupied""]"
4c9k,A,HEM,,,,,,,,all_candidates_pocket_occupied,16,"[""6wgwA: pocket_occupied"", ""6wgwB: chain_not_found"", ""4c9pA: pocket_occupied"", ""4c9pB: chain_not_found"", ""4c9lA: pocket_occupied"", ""4c9lB: chain_not_found"", ""4c9mA: pocket_occupied"", ""4c9mB: chain_not_found"", ""4c9oA: pocket_occupied"", ""4c9oB: chain_not_found"", ""3lxhA: pocket_occupied"", ""3lxhB: chain_not_found"", ""3lxiA: pocket_occupied"", ""3lxiB: chain_not_found"", ""4c9nA: pocket_occupied"", ""4c9nB: chain_not_found""]"
4cab,A,HEM,,,,,,,,no_candidate_passed_prefilter,0,[]
4cbj,B,DPV,3zo6,A,A,4.104,0.6511206400268711,/home/iscb/wolfson/hagairavid/LocAlign/datasets/apo_structures/DPV/apoc90e716edc.pdb,apoc90e716edc,found,27,"[""4cbkA: pocket_occupied"", ""4cbkB: chain_not_found"", ""4cbkC: chain_not_found"", ""4cbkD: chain_not_found"", ""4cbkE: chain_not_found"", ""4cbkF: chain_not_found"", ""4cbkG: chain_not_found"", ""4cbkH: chain_not_found"", ""4cbkI: chain_not_found"", ""4cbkJ: chain_not_found"", ""4cbkK: chain_not_found"", ""4cbkL: chain_not_found"", ""4cbkM: chain_not_found"", ""2x2vA: pocket_occupied"", ""2x2vB: chain_not_found"", ""2x2vC: chain_not_found"", ""2x2vD: chain_not_found"", ""2x2vE: chain_not_found"", ""2x2vF: chain_not_found"", ""2x2vG: chain_not_found"", ""2x2vH: chain_not_found"", ""2x2vI: chain_not_found"", ""2x2vJ: chain_not_found"", ""2x2vK: chain_not_found"", ""2x2vL: chain_not_found"", ""2x2vM: chain_not_found""]"
4cdn,A,FAD,,,,,,,,all_candidates_pocket_occupied,91,"[""2xryA: pocket_occupied"", ""7f8tA: pocket_occupied"", ""5o86A: pocket_occupied"", ""5o8eA: pocket_occupied"", ""7viwA: pocket_occupied"", ""7vj5A: pocket_occupied"", ""7yc7A: pocket_occupied"", ""7yc7B: chain_not_found"", ""5o8dA: pocket_occupied"", ""7ycmA: pocket_occupied"", ""7ycmB: chain_not_found"", ""7ycpA: pocket_occupied"", ""7ycpB: chain_not_found"", ""7vj6A: pocket_occupied"", ""7vj8A: pocket_occupied"", ""7vj9A: pocket_occupied"", ""7vjbA: pocket_occupied"", ""7vjgA: pocket_occupied"", ""7vjhA: pocket_occupied"", ""7vjiA: pocket_occupied"", ""7vjjA: pocket_occupied"", ""8oetA: pocket_occupied"", ""8oetB: chain_not_found"", ""7vjaA: pocket_occupied"", ""7vjkA: pocket_occupied"", ""7yd8A: pocket_occupied"", ""7yd8B: chain_not_found"", ""7yeeA: pocket_occupied"", ""7yeeB: chain_not_found"", ""7ycrA: pocket_occupied"", ""7ycrB: chain_not_found"", ""7yd6A: pocket_occupied"", ""7yd6B: chain_not_found"", ""8oy3A: pocket_occupied"", ""8oy3B: chain_not_found"", ""8oyaA: pocket_occupied"", ""8oyaB: chain_not_found"", ""2xrzA: pocket_occupied"", ""2xrzB: chain_not_found"", ""7yebA: pocket_occupied"", ""7yebB: chain_not_found"", ""7yecA: pocket_occupied"", ""7yecB: chain_not_found"", ""7ydzA: pocket_occupied"", ""7ydzB: chain_not_found"", ""8oy9A: pocket_occupied"", ""8oy9B: chain_not_found"", ""8oybA: pocket_occupied"", ""8oybB: chain_not_found"", ""7viyA: pocket_occupied"", ""7vj1A: pocket_occupied"", ""7yd7A: pocket_occupied"", ""7yd7B: chain_not_found"", ""8oy5A: pocket_occupied"", ""8oy5B: chain_not_found"", ""7vj0A: pocket_occupied"", ""7vj7A: pocket_occupied"", ""7vjcA: pocket_occupied"", ""8oy4A: pocket_occupied"", ""8oy4B: chain_not_found"", ""8oy6A: pocket_occupied"", ""8oy6B: chain_not_found"", ""8oy7A: pocket_occupied"", ""8oy7B: chain_not_found"", ""8oy8A: pocket_occupied"", ""8oy8B: chain_not_found"", ""7vizA: pocket_occupied"", ""7vj3A: pocket_occupied"", ""7yekA: pocket_occupied"", ""7yekB: chain_not_found"", ""8oycA: pocket_occupied"", ""8oycB: chain_not_found"", ""7vixA: pocket_occupied"", ""7vjeA: pocket_occupied"", ""8kcmA: pocket_occupied"", ""8kcmB: chain_not_found"", ""7yelA: pocket_occupied"", ""7yelB: chain_not_found"", ""7yejA: pocket_occupied"", ""7yejB: chain_not_found"", ""7yemA: pocket_occupied"", ""7yemB: chain_not_found"", ""4cdmA: pocket_occupied"", ""5zcwA: pocket_occupied"", ""5zcwB: chain_not_found"", ""7yeiA: pocket_occupied"", ""7yeiB: chain_not_found"", ""7ye0A: pocket_occupied"", ""7ye0B: chain_not_found"", ""7vj2A: pocket_occupied"", ""7vj4A: pocket_occupied""]"
4cdn,B,FAD,,,,,,,,all_candidates_pocket_occupied,91,"[""2xryA: pocket_occupied"", ""7f8tA: pocket_occupied"", ""5o86A: pocket_occupied"", ""5o8eA: pocket_occupied"", ""7viwA: pocket_occupied"", ""7vj5A: pocket_occupied"", ""7yc7A: pocket_occupied"", ""7yc7B: chain_not_found"", ""5o8dA: pocket_occupied"", ""7ycmA: pocket_occupied"", ""7ycmB: chain_not_found"", ""7ycpA: pocket_occupied"", ""7ycpB: chain_not_found"", ""7vj6A: pocket_occupied"", ""7vj8A: pocket_occupied"", ""7vj9A: pocket_occupied"", ""7vjbA: pocket_occupied"", ""7vjgA: pocket_occupied"", ""7vjhA: pocket_occupied"", ""7vjiA: pocket_occupied"", ""7vjjA: pocket_occupied"", ""8oetA: pocket_occupied"", ""8oetB: chain_not_found"", ""7vjaA: pocket_occupied"", ""7vjkA: pocket_occupied"", ""7yd8A: pocket_occupied"", ""7yd8B: chain_not_found"", ""7yeeA: pocket_occupied"", ""7yeeB: chain_not_found"", ""7ycrA: pocket_occupied"", ""7ycrB: chain_not_found"", ""7yd6A: pocket_occupied"", ""7yd6B: chain_not_found"", ""8oy3A: pocket_occupied"", ""8oy3B: chain_not_found"", ""8oyaA: pocket_occupied"", ""8oyaB: chain_not_found"", ""2xrzA: pocket_occupied"", ""2xrzB: chain_not_found"", ""7yebA: pocket_occupied"", ""7yebB: chain_not_found"", ""7yecA: pocket_occupied"", ""7yecB: chain_not_found"", ""7ydzA: pocket_occupied"", ""7ydzB: chain_not_found"", ""8oy9A: pocket_occupied"", ""8oy9B: chain_not_found"", ""8oybA: pocket_occupied"", ""8oybB: chain_not_found"", ""7viyA: pocket_occupied"", ""7vj1A: pocket_occupied"", ""7yd7A: pocket_occupied"", ""7yd7B: chain_not_found"", ""8oy5A: pocket_occupied"", ""8oy5B: chain_not_found"", ""7vj0A: pocket_occupied"", ""7vj7A: pocket_occupied"", ""7vjcA: pocket_occupied"", ""8oy4A: pocket_occupied"", ""8oy4B: chain_not_found"", ""8oy6A: pocket_occupied"", ""8oy6B: chain_not_found"", ""8oy7A: pocket_occupied"", ""8oy7B: chain_not_found"", ""8oy8A: pocket_occupied"", ""8oy8B: chain_not_found"", ""7vizA: pocket_occupied"", ""7vj3A: pocket_occupied"", ""7yekA: pocket_occupied"", ""7yekB: chain_not_found"", ""8oycA: pocket_occupied"", ""8oycB: chain_not_found"", ""7vixA: pocket_occupied"", ""7vjeA: pocket_occupied"", ""8kcmA: pocket_occupied"", ""8kcmB: chain_not_found"", ""7yelA: pocket_occupied"", ""7yelB: chain_not_found"", ""7yejA: pocket_occupied"", ""7yejB: chain_not_found"", ""7yemA: pocket_occupied"", ""7yemB: chain_not_found"", ""4cdmA: pocket_occupied"", ""5zcwA: pocket_occupied"", ""5zcwB: chain_not_found"", ""7yeiA: pocket_occupied"", ""7yeiB: chain_not_found"", ""7ye0A: pocket_occupied"", ""7ye0B: chain_not_found"", ""7vj2A: pocket_occupied"", ""7vj4A: pocket_occupied""]"
4cdp,A,HEM,1u9t,A,A,2.16,1.3670420778164025,/home/iscb/wolfson/hagairavid/LocAlign/datasets/apo_structures/HEM/apoe284d2aa5a.pdb,apoe284d2aa5a,found,1,[]
4ce5,A,PDG,,,,,,,,all_candidates_pocket_occupied,13,"[""7xg6A: pocket_occupied"", ""7xg6B: chain_not_found"", ""7xg5A: pocket_occupied"", ""7xg5B: chain_not_found"", ""8xiyA: pocket_occupied"", ""8xiyB: chain_not_found"", ""8x1fA: pocket_occupied"", ""8x1fB: chain_not_found"", ""8zm7A: pocket_occupied"", ""8zm7B: chain_not_found"", ""8zm7C: chain_not_found"", ""8zm7D: chain_not_found"", ""9k35A: pocket_occupied""]"
4cej,A,ANP,3u4q,A,A,2.8,1.7565999090691327,/home/iscb/wolfson/hagairavid/LocAlign/datasets/apo_structures/ANP/apo54083b9d41.pdb,apo54083b9d41,found,1,[]
4cej,B,SF4,3u4q,A,B,2.8,0.8705926170787864,/home/iscb/wolfson/hagairavid/LocAlign/datasets/apo_structures/SF4/apo736fc55dfa.pdb,apo736fc55dfa,found,1,[]
4chg,A,MN,,,,,,,,no_candidate_passed_prefilter,0,[]
4ci0,C,SF4,,,,,,,,all_candidates_pocket_occupied,2,"[""4omfB: pocket_occupied"", ""3zfsC: pocket_occupied""]"
4cid,A,CA,2qpt,A,A,3.1,0.5611783188012174,/home/iscb/wolfson/hagairavid/LocAlign/datasets/apo_structures/CA/apobe935f823d.pdb,apobe935f823d,found,1,[]
4ck8,B,HEM,,,,,,,,all_candidates_pocket_occupied,32,"[""4c27A: pocket_occupied"", ""4c27B: chain_not_found"", ""4c28A: pocket_occupied"", ""4c28B: chain_not_found"", ""4c0cA: pocket_occupied"", ""4cohA: pocket_occupied"", ""4cohB: chain_not_found"", ""2wx2A: pocket_occupied"", ""2wx2B: chain_not_found"", ""2wuzA: pocket_occupied"", ""2wuzB: chain_not_found"", ""4uqhA: pocket_occupied"", ""4uvrA: pocket_occupied"", ""4ckaA: pocket_occupied"", ""4ck9A: pocket_occupied"", ""5ajrA: pocket_occupied"", ""3zg2A: pocket_occupied"", ""4h6oA: pocket_occupied"", ""4bmmA: pocket_occupied"", ""4bmmB: chain_not_found"", ""4bmmC: chain_not_found"", ""4bmmD: chain_not_found"", ""3khmA: pocket_occupied"", ""3k1oA: pocket_occupied"", ""3zg3A: pocket_occupied"", ""3kswA: pocket_occupied"", ""4by0A: pocket_occupied"", ""4by0B: chain_not_found"", ""6fmoA: pocket_occupied"", ""6fmoB: chain_not_found"", ""6fmoC: chain_not_found"", ""6fmoD: chain_not_found""]"
4crq,A,CA,4cte,A,A,1.8,0.22150700937267903,/home/iscb/wolfson/hagairavid/LocAlign/datasets/apo_structures/CA/apoa6ac90cc67.pdb,apoa6ac90cc67,found,1,[]
4cub,B,CA,4cua,A,A,1.54,0.34327646742802337,/home/iscb/wolfson/hagairavid/LocAlign/datasets/apo_structures/CA/apoe15b1ec78b.pdb,apoe15b1ec78b,found,1,[]
4cuk,A,NAI,4cuj,A,A,1.88,0.7711286815017907,/home/iscb/wolfson/hagairavid/LocAlign/datasets/apo_structures/NAI/apo3fdb14322f.pdb,apo3fdb14322f,found,1,[]
4cuo,A,HEM,,,,,,,,no_candidate_passed_prefilter,0,[]
4cvb,A,CA,,,,,,,,all_candidates_pocket_occupied,1,"[""4cvcA: pocket_occupied""]"
4cvb,A,PQQ,,,,,,,,all_candidates_pocket_occupied,1,"[""4cvcA: pocket_occupied""]"
4cvm,A,ANP,,,,,,,,all_candidates_pocket_occupied,2,"[""4cvkA: pocket_occupied"", ""4cvlA: pocket_occupied""]"
4cvm,A,UDP,4cvl,A,A,2.98,0.8609219430934352,/home/iscb/wolfson/hagairavid/LocAlign/datasets/apo_structures/UDP/apob2e8d96712.pdb,apob2e8d96712,found,2,"[""4cvkA: pocket_occupied""]"
4cx9,A,HEC,,,,,,,,all_candidates_pocket_occupied,2,"[""4ulvA: pocket_occupied"", ""4ulvB: chain_not_found""]"
4cy8,A,FDA,4cy6,A,A,2.76,0.9069757953312112,/home/iscb/wolfson/hagairavid/LocAlign/datasets/apo_structures/FDA/apo0e970d49e6.pdb,apo0e970d49e6,found,9,"[""5brtA: pocket_occupied"", ""5brtB: chain_not_found"", ""4z2rA: pocket_occupied"", ""4z2rB: chain_not_found"", ""4z2tA: pocket_occupied"", ""4z2tB: chain_not_found"", ""4z2uA: pocket_occupied"", ""4z2uB: chain_not_found""]"
4czo,A,HEM,,,,,,,,no_uniprot_mapping,0,[]
4d07,A,CO,2xqq,A,A,1.31,0.6535240728238296,/home/iscb/wolfson/hagairavid/LocAlign/datasets/apo_structures/CO/apoa708248ee5.pdb,apoa708248ee5,found,1,[]
4d0t,A,MN,5ajo,A,A,1.48,2.0351019928509557,/home/iscb/wolfson/hagairavid/LocAlign/datasets/apo_structures/MN/apoe475318e4a.pdb,apoe475318e4a,found,1,[]
4d11,C,UDP,,,,,,,,all_candidates_pocket_occupied,39,"[""5ajoA: pocket_occupied"", ""2ffuA: pocket_occupied"", ""5ajpA: pocket_occupied"", ""5ajnA: pocket_occupied"", ""6e7iA: pocket_occupied"", ""5fv9A: pocket_occupied"", ""5fv9B: chain_not_found"", ""5fv9C: chain_not_found"", ""5fv9D: chain_not_found"", ""5fv9E: chain_not_found"", ""5fv9F: chain_not_found"", ""4d0zA: pocket_occupied"", ""4d0zB: chain_not_found"", ""4d0zC: chain_not_found"", ""4d0zD: chain_not_found"", ""4d0zE: chain_not_found"", ""4d0zF: chain_not_found"", ""5ndfA: pocket_occupied"", ""5ndfB: chain_not_found"", ""5ndfC: chain_not_found"", ""5ndfD: chain_not_found"", ""5ndfE: chain_not_found"", ""5ndfF: chain_not_found"", ""4d0tA: pocket_occupied"", ""4d0tB: chain_not_found"", ""4d0tC: chain_not_found"", ""4d0tD: chain_not_found"", ""4d0tE: chain_not_found"", ""4d0tF: chain_not_found"", ""6egsA: pocket_occupied"", ""6egsB: chain_not_found"", ""2ffvA: pocket_occupied"", ""2ffvB: chain_not_found"", ""6nqtA: pocket_occupied"", ""6nqtB: chain_not_found"", ""6nqtC: chain_not_found"", ""6nqtD: chain_not_found"", ""6nqtE: chain_not_found"", ""6nqtF: chain_not_found""]"
4d1y,A,RBF,,,,,,,,all_candidates_pocket_occupied,4,"[""3cneA: pocket_occupied"", ""3cneB: chain_not_found"", ""3cneC: chain_not_found"", ""3cneD: chain_not_found""]"
4d26,A,ADP,,,,,,,,all_candidates_pocket_occupied,1,"[""4d25A: pocket_occupied""]"
4d62,A,SIA,,,,,,,,all_candidates_pocket_occupied,3,"[""3zpeA: pocket_occupied"", ""3zpfA: pocket_occupied"", ""4d63A: pocket_occupied""]"
4d7l,A,CAC,,,,,,,,no_candidate_passed_prefilter,0,[]
4d90,A,CA,,,,,,,,no_candidate_passed_prefilter,0,[]
4dbe,A,BMP,,,,,,,,all_candidates_pocket_occupied,1,"[""4dbdA: pocket_occupied""]"
4dcm,A,SAM,,,,,,,,no_candidate_passed_prefilter,0,[]
4dd8,D,CA,,,,,,,,no_candidate_passed_prefilter,0,[]
4df1,A,BMP,,,,,,,,all_candidates_pocket_occupied,2,"[""4df0A: pocket_occupied"", ""4df0B: chain_not_found""]"
4df3,A,SAM,,,,,,,,no_candidate_passed_prefilter,0,[]
4djd,C,SF4,,,,,,,,all_candidates_pocket_occupied,4,"[""4djfC: pocket_occupied"", ""4djfE: chain_not_found"", ""4djeC: pocket_occupied"", ""4djeE: chain_not_found""]"
4dmo,A,KH2,,,,,,,,no_candidate_passed_prefilter,0,[]
4dnj,A,HEM,,,,,,,,all_candidates_pocket_occupied,1,"[""2fr7A: pocket_occupied""]"
4dod,A,CA,4doe,A,A,1.561,0.08309475532244492,/home/iscb/wolfson/hagairavid/LocAlign/datasets/apo_structures/CA/apo59407ed774.pdb,apo59407ed774,found,1,[]
4dq5,A,AES,4dq7,A,A,1.4,0.22820525834241392,/home/iscb/wolfson/hagairavid/LocAlign/datasets/apo_structures/AES/apo4af3935b8e.pdb,apo4af3935b8e,found,3,"[""4dqjA: pocket_occupied"", ""4dqjB: chain_not_found""]"
4dqd,A,3PY,,,,,,,,all_candidates_pocket_occupied,1,"[""3sg0A: pocket_occupied""]"
4du6,A,GTP,,,,,,,,no_candidate_passed_prefilter,0,[]
4dxj,A,IPE,,,,,,,,all_candidates_pocket_occupied,9,"[""4dwgA: pocket_occupied"", ""4dwbA: pocket_occupied"", ""3iczA: pocket_occupied"", ""3icmA: pocket_occupied"", ""3ibaA: pocket_occupied"", ""3ickA: pocket_occupied"", ""3icnA: pocket_occupied"", ""4e1eA: pocket_occupied"", ""4dzwA: pocket_occupied""]"
4dxw,A,CA,,,,,,,,no_uniprot_mapping,0,[]
4dy9,A,HEM,,,,,,,,all_candidates_pocket_occupied,1,"[""4gedB: pocket_occupied""]"
4dz6,A,VN4,4di6,A,A,2.4,0.4380278038080541,/home/iscb/wolfson/hagairavid/LocAlign/datasets/apo_structures/VN4/apo9689ba4db0.pdb,apo9689ba4db0,found,1,[]
4e2o,A,CA,,,,,,,,no_candidate_passed_prefilter,0,[]
4e2x,A,TYD,,,,,,,,all_candidates_pocket_occupied,9,"[""4e2zA: pocket_occupied"", ""3ndiA: pocket_occupied"", ""3ndjA: pocket_occupied"", ""4e2wA: pocket_occupied"", ""4e30A: pocket_occupied"", ""4e32A: pocket_occupied"", ""4e33A: pocket_occupied"", ""4e31A: pocket_occupied"", ""4e2yA: pocket_occupied""]"
4e37,B,HEM,,,,,,,,no_candidate_passed_prefilter,0,[]
4e37,B,NDP,,,,,,,,no_candidate_passed_prefilter,0,[]
4e4z,A,PEO,1yi9,A,A,1.7,1.459377502884883,/home/iscb/wolfson/hagairavid/LocAlign/datasets/apo_structures/PEO/apoaa327c8881.pdb,apoaa327c8881,found,1,[]
4e6k,A,HEM,6nlf,A,A,1.45,0.5216590488973776,/home/iscb/wolfson/hagairavid/LocAlign/datasets/apo_structures/HEM/apo9dae1e84f2.pdb,apo9dae1e84f2,found,1,[]
4e6m,A,MG,2gl5,A,A,1.6,0.2590382620858961,/home/iscb/wolfson/hagairavid/LocAlign/datasets/apo_structures/MG/apodcdae1d5e0.pdb,apodcdae1d5e0,found,1,[]
4e6n,A,AMP,4drf,A,A,2.6,0.7392085583719782,/home/iscb/wolfson/hagairavid/LocAlign/datasets/apo_structures/AMP/apofff8bca9bc.pdb,apofff8bca9bc,found,3,"[""3ty5A: pocket_occupied"", ""3ty5B: chain_not_found""]"
4edh,B,ADP,3uwo,A,A,1.7,0.6973101082515176,/home/iscb/wolfson/hagairavid/LocAlign/datasets/apo_structures/ADP/apo9bb44e5c1a.pdb,apo9bb44e5c1a,found,1,[]
4efp,A,CD,3pub,A,A,1.91,0.3375855830180613,/home/iscb/wolfson/hagairavid/LocAlign/datasets/apo_structures/CD/apofd501ac089.pdb,apofd501ac089,found,1,[]
4egs,A,BCT,,,,,,,,no_candidate_passed_prefilter,0,[]
4eht,A,SF4,,,,,,,,all_candidates_pocket_occupied,3,"[""4ehuA: pocket_occupied"", ""4ehuB: chain_not_found"", ""4eiaA: pocket_occupied""]"
4ei7,A,GDP,,,,,,,,all_candidates_pocket_occupied,3,"[""4ei8A: pocket_occupied"", ""4ei9A: pocket_occupied"", ""4ei9B: chain_not_found""]"
4eir,A,CU,5tkg,A,A,1.2,0.1579460657709998,/home/iscb/wolfson/hagairavid/LocAlign/datasets/apo_structures/CU/apo27cbc40f27.pdb,apo27cbc40f27,found,83,"[""9z8oA: pocket_occupied"", ""9z8oB: chain_not_found"", ""9z8pA: pocket_occupied"", ""9z8pB: chain_not_found"", ""9z8qA: pocket_occupied"", ""9z8qB: chain_not_found"", ""9z8rA: pocket_occupied"", ""9z8rB: chain_not_found"", ""9z8sA: pocket_occupied"", ""9z8sB: chain_not_found"", ""9z8tA: pocket_occupied"", ""9z8tB: chain_not_found"", ""9z8uA: pocket_occupied"", ""9z8uB: chain_not_found"", ""9z8vA: pocket_occupied"", ""9z8vB: chain_not_found"", ""9z8wA: pocket_occupied"", ""9z8wB: chain_not_found"", ""9z8xA: pocket_occupied"", ""9z8xB: chain_not_found"", ""9z8yA: pocket_occupied"", ""9z8yB: chain_not_found"", ""9z8zA: pocket_occupied"", ""9z8zB: chain_not_found"", ""9z90A: pocket_occupied"", ""9z90B: chain_not_found"", ""9z92A: pocket_occupied"", ""9z92B: chain_not_found"", ""9z93A: pocket_occupied"", ""9z93B: chain_not_found"", ""9z94A: pocket_occupied"", ""9z94B: chain_not_found"", ""9z95A: pocket_occupied"", ""9z95B: chain_not_found"", ""9z96A: pocket_occupied"", ""9z96B: chain_not_found"", ""9z97A: pocket_occupied"", ""9z97B: chain_not_found"", ""9z98A: pocket_occupied"", ""9z98B: chain_not_found"", ""9z99A: pocket_occupied"", ""9z99B: chain_not_found"", ""9za5A: pocket_occupied"", ""9za5B: chain_not_found"", ""9za6A: pocket_occupied"", ""9za6B: chain_not_found"", ""9za7A: pocket_occupied"", ""9za7B: chain_not_found"", ""9za8A: pocket_occupied"", ""9za8B: chain_not_found"", ""9za9A: pocket_occupied"", ""9za9B: chain_not_found"", ""9zaaA: pocket_occupied"", ""9zaaB: chain_not_found"", ""9zabA: pocket_occupied"", ""9zabB: chain_not_found"", ""9zacA: pocket_occupied"", ""9zacB: chain_not_found"", ""9zadA: pocket_occupied"", ""9zadB: chain_not_found"", ""9zaeA: pocket_occupied"", ""9zaeB: chain_not_found"", ""9zafA: pocket_occupied"", ""9zafB: chain_not_found"", ""9zahA: pocket_occupied"", ""9zahB: chain_not_found"", ""9zaiA: pocket_occupied"", ""9zaiB: chain_not_found"", ""9zajA: pocket_occupied"", ""9zajB: chain_not_found"", ""9zalA: pocket_occupied"", ""9zalB: chain_not_found"", ""9zamA: pocket_occupied"", ""9zamB: chain_not_found"", ""9zanA: pocket_occupied"", ""9zanB: chain_not_found"", ""9zaqA: pocket_occupied"", ""9zaqB: chain_not_found"", ""9zarA: pocket_occupied"", ""9zarB: chain_not_found"", ""9zasA: pocket_occupied"", ""9zasB: chain_not_found""]"
4eis,A,CU,,,,,,,,no_candidate_passed_prefilter,0,[]
4erc,A,VN4,,,,,,,,all_candidates_pocket_occupied,1,"[""2imgA: pocket_occupied""]"
4esa,A,HEM,,,,,,,,all_candidates_pocket_occupied,1,"[""6rp5A: pocket_occupied""]"
4esa,D,HEM,,,,,,,,all_candidates_pocket_occupied,1,"[""6rp5B: pocket_occupied""]"
4esv,C,CA,2r6a,A,A,2.9,5.159208700278985,/home/iscb/wolfson/hagairavid/LocAlign/datasets/apo_structures/CA/apo75788ed7ad.pdb,apo75788ed7ad,found,1,[]
4esv,C,GDP,2r6a,A,A,2.9,5.159208700278985,/home/iscb/wolfson/hagairavid/LocAlign/datasets/apo_structures/GDP/apo75788ed7ad.pdb,apo75788ed7ad,found,1,[]
4eue,A,NAI,4euh,A,A,2.1,0.9296907505401468,/home/iscb/wolfson/hagairavid/LocAlign/datasets/apo_structures/NAI/apo8a47c39afc.pdb,apo8a47c39afc,found,1,[]
4ezc,B,SPL,,,,,,,,all_candidates_pocket_occupied,3,"[""4ezdA: pocket_occupied"", ""4ezdB: chain_not_found"", ""4ezdC: chain_not_found""]"
4f0b,A,GDS,,,,,,,,no_candidate_passed_prefilter,0,[]
4f32,B,N32,4ddo,A,A,1.9,0.2282245716025504,/home/iscb/wolfson/hagairavid/LocAlign/datasets/apo_structures/N32/apo30723f937f.pdb,apo30723f937f,found,1,[]
4f3r,B,CA,,,,,,,,no_candidate_passed_prefilter,0,[]
4f4f,A,PLP,,,,,,,,no_candidate_passed_prefilter,0,[]
4f4o,A,HEM,,,,,,,,all_candidates_pocket_occupied,4,"[""1qpwA: pocket_occupied"", ""1qpwC: chain_not_found"", ""2pghA: pocket_occupied"", ""2pghC: chain_not_found""]"
4f66,A,BG6,,,,,,,,all_candidates_pocket_occupied,5,"[""3pn8A: pocket_occupied"", ""3pn8B: chain_not_found"", ""4gpnA: pocket_occupied"", ""4gpnB: chain_not_found"", ""4f79A: pocket_occupied""]"
4f9j,A,CA,4f9d,A,A,1.9,0.285111942541203,/home/iscb/wolfson/hagairavid/LocAlign/datasets/apo_structures/CA/apof433deac01.pdb,apof433deac01,found,1,[]
4f9j,A,FE,,,,,,,,all_candidates_pocket_occupied,2,"[""4f9dA: pocket_occupied"", ""4f9dB: chain_not_found""]"
4fak,A,PO4,1vh0,A,A,2.31,0.630039205803402,/home/iscb/wolfson/hagairavid/LocAlign/datasets/apo_structures/PO4/apob0da859712.pdb,apob0da859712,found,1,[]
4fak,A,SAM,1vh0,A,A,2.31,0.630039205803402,/home/iscb/wolfson/hagairavid/LocAlign/datasets/apo_structures/SAM/apob0da859712.pdb,apob0da859712,found,1,[]
4fey,A,ADP,,,,,,,,all_candidates_pocket_occupied,2,"[""4ehjA: pocket_occupied"", ""4ehjB: chain_not_found""]"
4ffk,A,FE,,,,,,,,no_candidate_passed_prefilter,0,[]
4fg9,B,ATP,4fgb,A,A,2.6,1.8801816528331807,/home/iscb/wolfson/hagairavid/LocAlign/datasets/apo_structures/ATP/apo9e6b4afa13.pdb,apo9e6b4afa13,found,3,"[""4fg8A: pocket_occupied"", ""4fg8B: chain_not_found""]"
4fgo,A,CA,4fgq,A,A,1.645,0.9844083265829106,/home/iscb/wolfson/hagairavid/LocAlign/datasets/apo_structures/CA/apo7d4f7686b7.pdb,apo7d4f7686b7,found,1,[]
4fhc,A,SF4,,,,,,,,all_candidates_pocket_occupied,7,"[""4fhdA: pocket_occupied"", ""4fheA: pocket_occupied"", ""4fhgA: pocket_occupied"", ""4rh0A: pocket_occupied"", ""4fhfA: pocket_occupied"", ""4k9rA: pocket_occupied"", ""4rh1A: pocket_occupied""]"
4fju,A,NAI,4fjs,A,A,2.13,0.5386591814846634,/home/iscb/wolfson/hagairavid/LocAlign/datasets/apo_structures/NAI/apo550ef7e2ba.pdb,apo550ef7e2ba,found,3,"[""4h8aA: pocket_occupied"", ""4h8aB: chain_not_found""]"
4fl0,B,PLP,,,,,,,,no_candidate_passed_prefilter,0,[]
4fnh,A,HEM,,,,,,,,all_candidates_pocket_occupied,10,"[""2zdpA: pocket_occupied"", ""2zdpB: chain_not_found"", ""3lgnA: pocket_occupied"", ""3lgnB: chain_not_found"", ""3qgpA: pocket_occupied"", ""3qgpB: chain_not_found"", ""4fniA: pocket_occupied"", ""4fniB: chain_not_found"", ""3lgmA: pocket_occupied"", ""3lgmB: chain_not_found""]"
4fos,A,SKM,3phg,A,A,1.57,0.8416929269341215,/home/iscb/wolfson/hagairavid/LocAlign/datasets/apo_structures/SKM/apo57a2683458.pdb,apo57a2683458,found,2,"[""3phhA: pocket_occupied""]"
4fr4,A,STU,,,,,,,,no_candidate_passed_prefilter,0,[]
4fvv,B,SIA,3n7l,A,A,2.0,1.0567412953284792,/home/iscb/wolfson/hagairavid/LocAlign/datasets/apo_structures/SIA/apo23874c7c22.pdb,apo23874c7c22,found,1,[]
4fw8,A,NAI,3m1l,A,A,2.52,0.948373460843909,/home/iscb/wolfson/hagairavid/LocAlign/datasets/apo_structures/NAI/apo131ef01eab.pdb,apo131ef01eab,found,2,"[""3v1uA: pocket_occupied""]"
4fwi,B,SF4,,,,,,,,no_candidate_passed_prefilter,0,[]
4fzm,A,CA,4fzn,A,A,3.12,0.29433418997864863,/home/iscb/wolfson/hagairavid/LocAlign/datasets/apo_structures/CA/apo815c8f095d.pdb,apo815c8f095d,found,3,"[""4fzlA: pocket_occupied"", ""4fzlB: chain_not_found""]"
4g10,A,GSH,4yap,A,A,1.111,1.3117750866299305,/home/iscb/wolfson/hagairavid/LocAlign/datasets/apo_structures/GSH/apof877dbb9e7.pdb,apof877dbb9e7,found,1,[]
4g1b,A,FAD,,,,,,,,all_candidates_pocket_occupied,1,"[""4g1vA: pocket_occupied""]"
4g1b,A,HEM,,,,,,,,all_candidates_pocket_occupied,1,"[""4g1vA: pocket_occupied""]"
4g1h,A,CA,,,,,,,,no_candidate_passed_prefilter,0,[]
4g2s,B,CA,6uot,A,A,3.3,4.80803619651671,/home/iscb/wolfson/hagairavid/LocAlign/datasets/apo_structures/CA/apofd2f68acb4.pdb,apofd2f68acb4,found,1,[]
4g2t,A,TYD,,,,,,,,all_candidates_pocket_occupied,1,"[""4fzrA: pocket_occupied""]"
4g38,A,SF4,,,,,,,,all_candidates_pocket_occupied,19,"[""6c3mA: pocket_occupied"", ""6c3xA: pocket_occupied"", ""6c3yA: pocket_occupied"", ""4htrA: pocket_occupied"", ""1aopA: pocket_occupied"", ""6c3zA: pocket_occupied"", ""2aopA: pocket_occupied"", ""4aopA: pocket_occupied"", ""6gepA: pocket_occupied"", ""2gepA: pocket_occupied"", ""4gepA: pocket_occupied"", ""3aopA: pocket_occupied"", ""3geoA: pocket_occupied"", ""5gepA: pocket_occupied"", ""5aopA: pocket_occupied"", ""8gepA: pocket_occupied"", ""4g39A: pocket_occupied"", ""7gepA: pocket_occupied"", ""9c91B: pocket_occupied""]"
4g6h,A,NAI,,,,,,,,all_candidates_pocket_occupied,17,"[""5yjwA: pocket_occupied"", ""4g6gA: pocket_occupied"", ""4g6gB: chain_not_found"", ""4g74A: pocket_occupied"", ""4g74B: chain_not_found"", ""4g73A: pocket_occupied"", ""4g73B: chain_not_found"", ""4g9kA: pocket_occupied"", ""4g9kB: chain_not_found"", ""4gapA: pocket_occupied"", ""4gapB: chain_not_found"", ""4gavA: pocket_occupied"", ""4gavB: chain_not_found"", ""5yjxA: pocket_occupied"", ""5yjxB: chain_not_found"", ""5yjyB: pocket_occupied"", ""5yjyA: chain_not_found""]"
4g7a,B,AZM,,,,,,,,no_uniprot_mapping,0,[]
4g97,A,CA,,,,,,,,no_candidate_passed_prefilter,0,[]
4g9p,A,SF4,2y0f,A,A,2.5,3.106347835205316,/home/iscb/wolfson/hagairavid/LocAlign/datasets/apo_structures/SF4/apoa322bb6fb6.pdb,apoa322bb6fb6,found,1,[]
4gc9,A,SAM,7pnt,A,c,3.19,0.6058679718625053,/home/iscb/wolfson/hagairavid/LocAlign/datasets/apo_structures/SAM/apoa049c7a917.pdb,apoa049c7a917,found,2,"[""4gc5A: pocket_occupied""]"
4gd3,A,HEM,,,,,,,,all_candidates_pocket_occupied,2,"[""6g94A: pocket_occupied"", ""6g94B: chain_not_found""]"
4gdj,B,CA,,,,,,,,no_candidate_passed_prefilter,0,[]
4gdp,B,FAD,,,,,,,,all_candidates_pocket_occupied,32,"[""1rsgA: pocket_occupied"", ""1rsgB: chain_not_found"", ""3bi4A: pocket_occupied"", ""3bi4B: chain_not_found"", ""3bnmA: pocket_occupied"", ""3bnmB: chain_not_found"", ""3bnuA: pocket_occupied"", ""3bnuB: chain_not_found"", ""1yy5A: pocket_occupied"", ""1yy5B: chain_not_found"", ""3bi2A: pocket_occupied"", ""3bi2B: chain_not_found"", ""3cn8A: pocket_occupied"", ""3cn8B: chain_not_found"", ""3cnsA: pocket_occupied"", ""3cnsB: chain_not_found"", ""4echA: pocket_occupied"", ""4echB: chain_not_found"", ""1z6lA: pocket_occupied"", ""1z6lB: chain_not_found"", ""3bi5A: pocket_occupied"", ""3bi5B: chain_not_found"", ""3cndA: pocket_occupied"", ""3cndB: chain_not_found"", ""3cnpA: pocket_occupied"", ""3cnpB: chain_not_found"", ""1xpqA: pocket_occupied"", ""1xpqB: chain_not_found"", ""1xpqC: chain_not_found"", ""1xpqD: chain_not_found"", ""3cntA: pocket_occupied"", ""3cntB: chain_not_found""]"
4gdx,B,CL,7ld9,A,B,1.42,0.19657467985818494,/home/iscb/wolfson/hagairavid/LocAlign/datasets/apo_structures/CL/apoe26e33103a.pdb,apoe26e33103a,found,1,[]
4ged,A,HEM,,,,,,,,all_candidates_pocket_occupied,9,"[""5al9A: pocket_occupied"", ""3rivA: pocket_occupied"", ""3rivB: chain_not_found"", ""5ammA: pocket_occupied"", ""5ammB: chain_not_found"", ""3riwA: pocket_occupied"", ""3riwB: chain_not_found"", ""5alaA: pocket_occupied"", ""5alaB: chain_not_found""]"
4ggv,A,HEM,,,,,,,,no_candidate_passed_prefilter,0,[]
4gi2,A,MG,,,,,,,,no_candidate_passed_prefilter,0,[]
4gi2,A,NAP,,,,,,,,no_candidate_passed_prefilter,0,[]
4gnk,B,CA,8emx,A,A,3.3,0.9113519096866632,/home/iscb/wolfson/hagairavid/LocAlign/datasets/apo_structures/CA/apo5e06e281fb.pdb,apo5e06e281fb,found,1,[]
4gq7,A,CA,,,,,,,,no_candidate_passed_prefilter,0,[]
4gqs,A,HEM,,,,,,,,no_candidate_passed_prefilter,0,[]
4gr5,C,APC,4gr4,A,A,2.44,0.6619077254130467,/home/iscb/wolfson/hagairavid/LocAlign/datasets/apo_structures/APC/apod6b7a84689.pdb,apod6b7a84689,found,1,[]
4gt8,A,ADP,,,,,,,,no_candidate_passed_prefilter,0,[]
4gua,A,ZN,,,,,,,,no_candidate_passed_prefilter,0,[]
4gwi,A,CA,4gwj,A,A,1.6,0.0812708232823306,/home/iscb/wolfson/hagairavid/LocAlign/datasets/apo_structures/CA/apo98735045ef.pdb,apo98735045ef,found,1,[]
4gyl,A,CL,4lf0,A,A,1.1,0.13771428579996237,/home/iscb/wolfson/hagairavid/LocAlign/datasets/apo_structures/CL/apo6749bc7a67.pdb,apo6749bc7a67,found,1,[]
4gyl,A,ROP,4lf0,A,A,1.1,0.13771428579996237,/home/iscb/wolfson/hagairavid/LocAlign/datasets/apo_structures/ROP/apo6749bc7a67.pdb,apo6749bc7a67,found,1,[]
4h19,A,CA,3tj4,A,A,1.5,0.25166810075563045,/home/iscb/wolfson/hagairavid/LocAlign/datasets/apo_structures/CA/apob348e581cd.pdb,apob348e581cd,found,1,[]
4h2d,A,FMN,,,,,,,,no_candidate_passed_prefilter,0,[]
4h2l,A,HEM,,,,,,,,no_candidate_passed_prefilter,0,[]
4h2w,D,PNS,,,,,,,,all_candidates_pocket_occupied,4,"[""4h2yC: pocket_occupied"", ""4h2yD: chain_not_found"", ""4h2xC: pocket_occupied"", ""4h2xD: chain_not_found""]"
4h2y,D,PNS,,,,,,,,all_candidates_pocket_occupied,4,"[""4h2wC: pocket_occupied"", ""4h2wD: chain_not_found"", ""4h2xC: pocket_occupied"", ""4h2xD: chain_not_found""]"
4h44,C,HEM,,,,,,,,all_candidates_pocket_occupied,2,"[""4ogqC: pocket_occupied"", ""2zt9C: pocket_occupied""]"
4h60,A,CA,4hnr,A,A,1.9,1.0416740116726404,/home/iscb/wolfson/hagairavid/LocAlign/datasets/apo_structures/CA/apode0cde6c4a.pdb,apode0cde6c4a,found,1,[]
4h8q,A,HEM,,,,,,,,all_candidates_pocket_occupied,1,"[""4h8pA: pocket_occupied""]"
4han,A,NAD,,,,,,,,all_candidates_pocket_occupied,11,"[""9fxzA: pocket_occupied"", ""9fxzB: chain_not_found"", ""31nvA: pocket_occupied"", ""31npA: pocket_occupied"", ""31nwA: pocket_occupied"", ""31nwB: chain_not_found"", ""3vklA: pocket_occupied"", ""3vklB: chain_not_found"", ""4fqzA: pocket_occupied"", ""3vkmA: pocket_occupied"", ""3vkmB: chain_not_found""]"
4hea,1,FMN,,,,,,,,all_candidates_pocket_occupied,31,"[""3i9v1: chain_not_found"", ""3i9vA: chain_not_found"", ""3iam1: chain_not_found"", ""3iamA: chain_not_found"", ""6y111: chain_not_found"", ""6y11B: chain_not_found"", ""3ias1: chain_not_found"", ""3iasA: chain_not_found"", ""3iasJ: chain_not_found"", ""3iasS: chain_not_found"", ""6i1p1: chain_not_found"", ""6i1pB: chain_not_found"", ""2fug1: pocket_occupied"", ""2fugA: chain_not_found"", ""2fugJ: chain_not_found"", ""2fugS: chain_not_found"", ""6q8w1: chain_not_found"", ""6q8wB: chain_not_found"", ""6q8x1: chain_not_found"", ""6q8xB: chain_not_found"", ""6i0d1: chain_not_found"", ""6i0dB: chain_not_found"", ""6q8o1: chain_not_found"", ""6q8oB: chain_not_found"", ""6ziy1: chain_not_found"", ""6zjl1: chain_not_found"", ""3m9s1: chain_not_found"", ""3m9sA: chain_not_found"", ""6zjy1: chain_not_found"", ""6zjn1: chain_not_found"", ""2ybb1: chain_not_found""]"
4hea,1,SF4,,,,,,,,all_candidates_pocket_occupied,31,"[""3i9v1: chain_not_found"", ""3i9vA: chain_not_found"", ""3iam1: chain_not_found"", ""3iamA: chain_not_found"", ""6y111: chain_not_found"", ""6y11B: chain_not_found"", ""3ias1: chain_not_found"", ""3iasA: chain_not_found"", ""3iasJ: chain_not_found"", ""3iasS: chain_not_found"", ""6i1p1: chain_not_found"", ""6i1pB: chain_not_found"", ""2fug1: pocket_occupied"", ""2fugA: chain_not_found"", ""2fugJ: chain_not_found"", ""2fugS: chain_not_found"", ""6q8w1: chain_not_found"", ""6q8wB: chain_not_found"", ""6q8x1: chain_not_found"", ""6q8xB: chain_not_found"", ""6i0d1: chain_not_found"", ""6i0dB: chain_not_found"", ""6q8o1: chain_not_found"", ""6q8oB: chain_not_found"", ""6ziy1: chain_not_found"", ""6zjl1: chain_not_found"", ""3m9s1: chain_not_found"", ""3m9sA: chain_not_found"", ""6zjy1: chain_not_found"", ""6zjn1: chain_not_found"", ""2ybb1: chain_not_found""]"
4hg3,A,AKG,,,,,,,,all_candidates_pocket_occupied,12,"[""4hg5A: pocket_occupied"", ""4hg5B: chain_not_found"", ""4hg5C: chain_not_found"", ""4hg5D: chain_not_found"", ""4h5uA: pocket_occupied"", ""4h5uB: chain_not_found"", ""4h5uC: chain_not_found"", ""4h5uD: chain_not_found"", ""4hgdA: pocket_occupied"", ""4hgdB: chain_not_found"", ""4hgdC: chain_not_found"", ""4hgdD: chain_not_found""]"
4hgp,A,VN4,1j8d,A,A,2.3,0.35237290492705364,/home/iscb/wolfson/hagairavid/LocAlign/datasets/apo_structures/VN4/apo243dbcb124.pdb,apo243dbcb124,found,13,"[""1k1eA: pocket_occupied"", ""1k1eB: chain_not_found"", ""1k1eC: chain_not_found"", ""1k1eD: chain_not_found"", ""1k1eE: chain_not_found"", ""1k1eF: chain_not_found"", ""1k1eG: chain_not_found"", ""1k1eH: chain_not_found"", ""1k1eI: chain_not_found"", ""1k1eJ: chain_not_found"", ""1k1eK: chain_not_found"", ""1k1eL: chain_not_found""]"
4hhr,A,HEM,,,,,,,,all_candidates_pocket_occupied,1,"[""4hhsA: pocket_occupied""]"
4hi0,E,GDP,,,,,,,,no_candidate_passed_prefilter,0,[]
4hj6,B,FMN,,,,,,,,no_candidate_passed_prefilter,0,[]
4hka,A,HEM,,,,,,,,all_candidates_pocket_occupied,11,"[""9esdA: pocket_occupied"", ""9esdB: chain_not_found"", ""9esdC: chain_not_found"", ""9esdD: chain_not_found"", ""9fonA: pocket_occupied"", ""9fonB: chain_not_found"", ""9etvA: pocket_occupied"", ""9esfA: pocket_occupied"", ""9esfB: chain_not_found"", ""9esfC: chain_not_found"", ""9esfD: chain_not_found""]"
4hlu,A,ADP,2yz2,A,A,2.3,1.4618738734400465,/home/iscb/wolfson/hagairavid/LocAlign/datasets/apo_structures/ADP/apo1b53e3ba2c.pdb,apo1b53e3ba2c,found,1,[]
4hlu,C,ADP,,,,,,,,all_candidates_pocket_occupied,1,"[""4zirB: pocket_occupied""]"
4how,A,CA,4hph,A,A,1.7,0.3516421299460473,/home/iscb/wolfson/hagairavid/LocAlign/datasets/apo_structures/CA/apo71800204b7.pdb,apo71800204b7,found,1,[]
4hp8,B,NAP,,,,,,,,no_candidate_passed_prefilter,0,[]
4hrr,B,HEM,,,,,,,,all_candidates_pocket_occupied,4,"[""4hrtB: pocket_occupied"", ""4hrtD: chain_not_found"", ""4hrtF: chain_not_found"", ""4hrtH: chain_not_found""]"
4hxv,A,AMP,,,,,,,,all_candidates_pocket_occupied,1,"[""4o7iA: pocket_occupied""]"
4hxz,A,19Y,,,,,,,,all_candidates_pocket_occupied,6,"[""4hy1A: pocket_occupied"", ""4hy1B: chain_not_found"", ""4hymA: pocket_occupied"", ""4hymB: chain_not_found"", ""4kqvA: pocket_occupied"", ""4kqvB: chain_not_found""]"
4hz5,A,19Y,,,,,,,,no_candidate_passed_prefilter,0,[]
4i72,A,CA,4i70,A,A,1.6,0.45514181810767135,/home/iscb/wolfson/hagairavid/LocAlign/datasets/apo_structures/CA/apo52004af1d3.pdb,apo52004af1d3,found,2,"[""4i71A: pocket_occupied""]"
4i8v,A,HEM,,,,,,,,all_candidates_pocket_occupied,20,"[""6dwmA: pocket_occupied"", ""6dwmB: chain_not_found"", ""6dwmC: chain_not_found"", ""6dwmD: chain_not_found"", ""6udlA: pocket_occupied"", ""6udlB: chain_not_found"", ""6udlC: chain_not_found"", ""6udlD: chain_not_found"", ""6dwnA: pocket_occupied"", ""6dwnB: chain_not_found"", ""6dwnC: chain_not_found"", ""6dwnD: chain_not_found"", ""6udmA: pocket_occupied"", ""6udmB: chain_not_found"", ""6udmC: chain_not_found"", ""6udmD: chain_not_found"", ""6o5yA: pocket_occupied"", ""6o5yB: chain_not_found"", ""6o5yC: chain_not_found"", ""6o5yD: chain_not_found""]"
4i91,A,HEM,,,,,,,,all_candidates_pocket_occupied,27,"[""5ufgA: pocket_occupied"", ""5udaA: pocket_occupied"", ""5udaB: chain_not_found"", ""3ibdA: pocket_occupied"", ""5uapA: pocket_occupied"", ""5uapB: chain_not_found"", ""3qoaA: pocket_occupied"", ""4rqlA: pocket_occupied"", ""4rqlB: chain_not_found"", ""4rrtA: pocket_occupied"", ""4rrtB: chain_not_found"", ""4zv8A: pocket_occupied"", ""5uecA: pocket_occupied"", ""3qu8A: pocket_occupied"", ""3qu8B: chain_not_found"", ""3qu8C: chain_not_found"", ""3qu8D: chain_not_found"", ""3qu8E: chain_not_found"", ""3qu8F: chain_not_found"", ""3ua5A: pocket_occupied"", ""3ua5B: chain_not_found"", ""5wbgA: pocket_occupied"", ""5wbgB: chain_not_found"", ""5wbgC: chain_not_found"", ""5wbgD: chain_not_found"", ""5wbgE: chain_not_found"", ""5wbgF: chain_not_found""]"
4i9x,B,CA,4jm0,A,A,3.25,0.6048450661597156,/home/iscb/wolfson/hagairavid/LocAlign/datasets/apo_structures/CA/apoda72bed2b4.pdb,apoda72bed2b4,found,1,[]
4ic1,D,SF4,,,,,,,,no_candidate_passed_prefilter,0,[]
4id9,B,NAD,,,,,,,,all_candidates_pocket_occupied,2,"[""4idgA: pocket_occupied"", ""4idgB: chain_not_found""]"
4ihb,E,CA,4iqh,A,A,1.764,1.2367001621200928,/home/iscb/wolfson/hagairavid/LocAlign/datasets/apo_structures/CA/apo8c8e729362.pdb,apo8c8e729362,found,1,[]
4iil,A,RBF,,,,,,,,no_candidate_passed_prefilter,0,[]
4ij6,A,SEP,4ij5,A,A,1.5,0.3146467176685647,/home/iscb/wolfson/hagairavid/LocAlign/datasets/apo_structures/SEP/apoadb825a060.pdb,apoadb825a060,found,1,[]
4ijr,A,NDP,,,,,,,,all_candidates_pocket_occupied,2,"[""4ijcA: pocket_occupied"", ""4ijcB: chain_not_found""]"
4ilk,A,MN,,,,,,,,no_candidate_passed_prefilter,0,[]
4ilk,A,NAI,,,,,,,,no_candidate_passed_prefilter,0,[]
4ilk,A,ZN,,,,,,,,no_candidate_passed_prefilter,0,[]
4im7,A,NAI,,,,,,,,no_candidate_passed_prefilter,0,[]
4imm,A,CA,,,,,,,,no_candidate_passed_prefilter,0,[]
4imp,A,NDP,,,,,,,,no_candidate_passed_prefilter,0,[]
4ini,B,AMP,4inc,A,A,1.19,1.0465920110660303,/home/iscb/wolfson/hagairavid/LocAlign/datasets/apo_structures/AMP/apof76d61a07e.pdb,apof76d61a07e,found,1,[]
4ipi,A,MN,,,,,,,,all_candidates_pocket_occupied,3,"[""1xuuA: pocket_occupied"", ""4ipjA: pocket_occupied"", ""1xuzA: pocket_occupied""]"
4iqy,A,AR6,6y73,A,A,1.7,0.6913374875002866,/home/iscb/wolfson/hagairavid/LocAlign/datasets/apo_structures/AR6/apo85fe52a995.pdb,apo85fe52a995,found,1,[]
4isx,A,ACO,,,,,,,,all_candidates_pocket_occupied,2,"[""3srtA: pocket_occupied"", ""3srtB: chain_not_found""]"
4itu,A,NAI,,,,,,,,all_candidates_pocket_occupied,4,"[""4gh5A: pocket_occupied"", ""4gh5B: chain_not_found"", ""4gh5C: chain_not_found"", ""4gh5D: chain_not_found""]"
4iv6,B,FDA,,,,,,,,no_candidate_passed_prefilter,0,[]
4iv8,A,SAM,,,,,,,,no_candidate_passed_prefilter,0,[]
4ixw,B,CL,1pwx,A,A,1.8,0.7510222890836775,/home/iscb/wolfson/hagairavid/LocAlign/datasets/apo_structures/CL/apob975cc748c.pdb,apob975cc748c,found,11,"[""5kvcA: chain_not_found"", ""5kvcB: chain_not_found"", ""5kweA: chain_not_found"", ""5kweB: chain_not_found"", ""5kweC: chain_not_found"", ""5kweD: chain_not_found"", ""1zmtA: pocket_occupied"", ""1zmtB: chain_not_found"", ""1zmtC: chain_not_found"", ""1zmtD: chain_not_found""]"
4j56,A,FAD,,,,,,,,all_candidates_pocket_occupied,4,"[""4j57A: pocket_occupied"", ""4j57B: chain_not_found"", ""4b1bA: pocket_occupied"", ""4b1bB: chain_not_found""]"
4j6c,A,HEM,,,,,,,,all_candidates_pocket_occupied,11,"[""9kg5A: pocket_occupied"", ""9kg5B: chain_not_found"", ""9js9B: pocket_occupied"", ""6to2A: pocket_occupied"", ""6to2B: chain_not_found"", ""4j6bA: pocket_occupied"", ""4j6bB: chain_not_found"", ""4jbtA: pocket_occupied"", ""4jbtB: chain_not_found"", ""4j6dA: pocket_occupied"", ""4j6dB: chain_not_found""]"
4j6r,G,CA,,,,,,,,no_candidate_passed_prefilter,0,[]
4j6r,L,BU3,,,,,,,,no_uniprot_mapping,0,[]
4jay,A,K,,,,,,,,all_candidates_pocket_occupied,4,"[""7orzA: pocket_occupied"", ""7osqA: pocket_occupied"", ""4jb1A: pocket_occupied"", ""7or2A: pocket_occupied""]"
4jb0,A,ENO,,,,,,,,all_candidates_pocket_occupied,4,"[""3tx6A: pocket_occupied"", ""4f8jA: pocket_occupied"", ""4fb4A: pocket_occupied"", ""4jb2A: pocket_occupied""]"
4jdy,A,GOL,,,,,,,,no_candidate_passed_prefilter,0,[]
4je5,B,EPE,,,,,,,,no_candidate_passed_prefilter,0,[]
4je5,B,PMP,,,,,,,,no_candidate_passed_prefilter,0,[]
4jed,A,GTS,,,,,,,,no_candidate_passed_prefilter,0,[]
4jej,A,1GP,,,,,,,,no_candidate_passed_prefilter,0,[]
4jet,A,HEM,4jer,A,A,1.1,0.5450475966434531,/home/iscb/wolfson/hagairavid/LocAlign/datasets/apo_structures/HEM/apob10e68cba3.pdb,apob10e68cba3,found,1,[]
4jf7,A,CA,1z4v,A,A,2.3,0.33141583762383925,/home/iscb/wolfson/hagairavid/LocAlign/datasets/apo_structures/CA/apo611246f80b.pdb,apo611246f80b,found,1,[]
4jnq,A,FDA,,,,,,,,no_candidate_passed_prefilter,0,[]
4jo2,H,CA,,,,,,,,no_uniprot_mapping,0,[]
4jou,A,HEM,3tvz,A,A,2.0,0.8797707977659003,/home/iscb/wolfson/hagairavid/LocAlign/datasets/apo_structures/HEM/apoc190153f00.pdb,apoc190153f00,found,7,"[""4fvcA: pocket_occupied"", ""4fvcB: chain_not_found"", ""4fvcC: chain_not_found"", ""4fvcD: chain_not_found"", ""4fvcE: chain_not_found"", ""4fvcF: chain_not_found""]"
4jrf,A,CA,,,,,,,,no_candidate_passed_prefilter,0,[]
4jta,Q,PGW,8vch,A,A,2.55,1.0776221984236618,/home/iscb/wolfson/hagairavid/LocAlign/datasets/apo_structures/PGW/apob1915590e7.pdb,apob1915590e7,found,5,"[""4jtdB: pocket_occupied"", ""4jtdH: chain_not_found"", ""4jtdB: chain_not_found"", ""4jtdH: chain_not_found""]"
4jv3,A,N32,3mqd,A,A,1.25,0.15771631556942803,/home/iscb/wolfson/hagairavid/LocAlign/datasets/apo_structures/N32/apo54edd4adf1.pdb,apo54edd4adf1,found,1,[]
4jvt,A,ACO,4jsb,A,A,1.87,0.4923332061773328,/home/iscb/wolfson/hagairavid/LocAlign/datasets/apo_structures/ACO/apo707c2444cb.pdb,apo707c2444cb,found,2,"[""4omrA: pocket_occupied""]"
4jwp,A,ACO,,,,,,,,all_candidates_pocket_occupied,4,"[""4j3gA: pocket_occupied"", ""4j3gB: chain_not_found"", ""4j3gC: chain_not_found"", ""4j3gD: chain_not_found""]"
4jyo,X,CA,9ivt,A,A,1.75,0.5277199341294756,/home/iscb/wolfson/hagairavid/LocAlign/datasets/apo_structures/CA/apoaba9112247.pdb,apoaba9112247,found,1,[]
4jzb,A,IPE,,,,,,,,all_candidates_pocket_occupied,12,"[""4jzxA: pocket_occupied"", ""4jzxB: chain_not_found"", ""6vjcA: pocket_occupied"", ""6vjcB: chain_not_found"", ""6ww1A: pocket_occupied"", ""6ww1B: chain_not_found"", ""6w7iA: pocket_occupied"", ""6w7iB: chain_not_found"", ""4k10A: pocket_occupied"", ""4k10B: chain_not_found"", ""4k10C: chain_not_found"", ""4k10D: chain_not_found""]"
4k08,A,ACT,,,,,,,,no_candidate_passed_prefilter,0,[]
4k36,A,SAM,,,,,,,,all_candidates_pocket_occupied,6,"[""4k37A: pocket_occupied"", ""4k37B: chain_not_found"", ""4k39A: pocket_occupied"", ""4k39B: chain_not_found"", ""4k38A: pocket_occupied"", ""4k38B: chain_not_found""]"
4k46,A,AMP,,,,,,,,no_candidate_passed_prefilter,0,[]
4k6u,B,SIA,1uxe,A,A,2.0,0.9169937467368937,/home/iscb/wolfson/hagairavid/LocAlign/datasets/apo_structures/SIA/apo214d44df5b.pdb,apo214d44df5b,found,29,"[""4xqaA: pocket_occupied"", ""4xqaB: chain_not_found"", ""4xqaC: chain_not_found"", ""1uxaA: pocket_occupied"", ""1uxaB: chain_not_found"", ""1uxaC: chain_not_found"", ""4k6vA: pocket_occupied"", ""4k6vB: chain_not_found"", ""4k6vC: chain_not_found"", ""4k6wA: pocket_occupied"", ""4k6wB: chain_not_found"", ""4k6wC: chain_not_found"", ""2wbwA: pocket_occupied"", ""4xqbA: pocket_occupied"", ""4xqbB: chain_not_found"", ""4xqbC: chain_not_found"", ""3n0iA: pocket_occupied"", ""3n0iB: chain_not_found"", ""3n0iC: chain_not_found"", ""9fahA: pocket_occupied"", ""9fahB: chain_not_found"", ""9fahC: chain_not_found"", ""2wgtA: pocket_occupied"", ""2wgtB: chain_not_found"", ""2wgtC: chain_not_found"", ""2wguA: pocket_occupied"", ""2wguB: chain_not_found"", ""2wguC: chain_not_found""]"
4kc8,A,CA,4kc7,A,A,1.75,0.27479991106121743,/home/iscb/wolfson/hagairavid/LocAlign/datasets/apo_structures/CA/apo63d101a86e.pdb,apo63d101a86e,found,1,[]
4kdr,A,SAH,4kdc,A,A,2.09,2.2332385201310094,/home/iscb/wolfson/hagairavid/LocAlign/datasets/apo_structures/SAH/apoc9c8b989fc.pdb,apoc9c8b989fc,found,1,[]
4kdy,A,GSH,4igj,A,A,1.48,0.3925343773877722,/home/iscb/wolfson/hagairavid/LocAlign/datasets/apo_structures/GSH/apo4a4068762b.pdb,apo4a4068762b,found,1,[]
4kjg,A,4NP,,,,,,,,all_candidates_pocket_occupied,2,"[""4kjdA: pocket_occupied"", ""4kjdB: chain_not_found""]"
4kkm,B,CA,,,,,,,,no_candidate_passed_prefilter,0,[]
4kky,X,HEM,,,,,,,,all_candidates_pocket_occupied,168,"[""4l4eA: pocket_occupied"", ""4l4fA: pocket_occupied"", ""2zwuA: pocket_occupied"", ""2zwtA: pocket_occupied"", ""1yrcA: pocket_occupied"", ""1re9A: pocket_occupied"", ""2fe6A: pocket_occupied"", ""2zuiA: pocket_occupied"", ""2h7qA: pocket_occupied"", ""3l61A: pocket_occupied"", ""3l63A: pocket_occupied"", ""5ik1A: pocket_occupied"", ""2a1oA: pocket_occupied"", ""2a1oB: chain_not_found"", ""2zawA: pocket_occupied"", ""2zuhA: pocket_occupied"", ""4l4gA: pocket_occupied"", ""1qmqA: pocket_occupied"", ""3fwgA: pocket_occupied"", ""3fwgB: chain_not_found"", ""2zaxA: pocket_occupied"", ""2zujA: pocket_occupied"", ""6wflA: pocket_occupied"", ""1dz4A: pocket_occupied"", ""1dz4B: chain_not_found"", ""1phbA: pocket_occupied"", ""1phcA: pocket_occupied"", ""1phdA: pocket_occupied"", ""1pheA: pocket_occupied"", ""1phfA: pocket_occupied"", ""1phgA: pocket_occupied"", ""3wrhA: pocket_occupied"", ""3wrhE: chain_not_found"", ""1phaA: pocket_occupied"", ""2cppA: pocket_occupied"", ""3wrlA: pocket_occupied"", ""3wrlE: chain_not_found"", ""1k2oA: pocket_occupied"", ""1k2oB: chain_not_found"", ""3oiaA: pocket_occupied"", ""3p6xA: pocket_occupied"", ""1gekA: pocket_occupied"", ""1yrdA: pocket_occupied"", ""3l62A: pocket_occupied"", ""3p6nA: pocket_occupied"", ""3p6uA: pocket_occupied"", ""5gxgA: pocket_occupied"", ""2ferA: pocket_occupied"", ""2feuA: pocket_occupied"", ""2feuB: chain_not_found"", ""25bvA: pocket_occupied"", ""25bvB: chain_not_found"", ""2qbnA: pocket_occupied"", ""3ol5A: pocket_occupied"", ""5cp4A: pocket_occupied"", ""1rf9A: pocket_occupied"", ""2qblA: pocket_occupied"", ""2qbmA: pocket_occupied"", ""2z97A: pocket_occupied"", ""1akdA: pocket_occupied"", ""1o76A: pocket_occupied"", ""1o76B: chain_not_found"", ""1t85A: pocket_occupied"", ""1t87A: pocket_occupied"", ""1t87B: chain_not_found"", ""3fwfA: pocket_occupied"", ""3fwfB: chain_not_found"", ""3wrjA: pocket_occupied"", ""3wrjE: chain_not_found"", ""2a1nA: pocket_occupied"", ""2a1nB: chain_not_found"", ""2qboA: pocket_occupied"", ""1cp4A: pocket_occupied"", ""1dz6A: pocket_occupied"", ""1dz6B: chain_not_found"", ""1dz8A: pocket_occupied"", ""1dz8B: chain_not_found"", ""1dz9A: pocket_occupied"", ""1dz9B: chain_not_found"", ""1t86A: pocket_occupied"", ""1t86B: chain_not_found"", ""1t88A: pocket_occupied"", ""1t88B: chain_not_found"", ""3cppA: pocket_occupied"", ""3p6pA: pocket_occupied"", ""3p6tA: pocket_occupied"", ""6cp4A: pocket_occupied"", ""6cppA: pocket_occupied"", ""3fwjA: pocket_occupied"", ""3wrmA: pocket_occupied"", ""3wrmF: chain_not_found"", ""3p6qA: pocket_occupied"", ""4ek1A: pocket_occupied"", ""4ek1B: chain_not_found"", ""5wk7A: pocket_occupied"", ""5wk9A: pocket_occupied"", ""1gemA: pocket_occupied"", ""1iwiA: pocket_occupied"", ""1iwjA: pocket_occupied"", ""1iwkA: pocket_occupied"", ""1uyuA: pocket_occupied"", ""1uyuB: chain_not_found"", ""3p6mA: pocket_occupied"", ""3p6oA: pocket_occupied"", ""3p6sA: pocket_occupied"", ""3p6vA: pocket_occupied"", ""7cppA: pocket_occupied"", ""1gebA: pocket_occupied"", ""9l7rA: pocket_occupied"", ""9l7rB: chain_not_found"", ""5cppA: pocket_occupied"", ""4jx1A: pocket_occupied"", ""4jx1B: chain_not_found"", ""4jx1E: chain_not_found"", ""4jx1F: chain_not_found"", ""4l4bA: pocket_occupied"", ""2a1mA: pocket_occupied"", ""2a1mB: chain_not_found"", ""1c8jA: pocket_occupied"", ""1c8jB: chain_not_found"", ""2cp4A: pocket_occupied"", ""2frzA: pocket_occupied"", ""2frzB: chain_not_found"", ""2h7rA: pocket_occupied"", ""3p6rA: pocket_occupied"", ""3p6wA: pocket_occupied"", ""4cp4A: pocket_occupied"", ""8cppA: pocket_occupied"", ""2gqxA: pocket_occupied"", ""2gqxB: chain_not_found"", ""4l4aA: pocket_occupied"", ""4l4dA: pocket_occupied"", ""4cppA: pocket_occupied"", ""4l49A: pocket_occupied"", ""4jwsA: pocket_occupied"", ""4jwsB: chain_not_found"", ""6nblA: pocket_occupied"", ""6nblB: chain_not_found"", ""2h7sA: pocket_occupied"", ""2h7sC: chain_not_found"", ""6we6A: pocket_occupied"", ""6we6B: chain_not_found"", ""1lwlA: pocket_occupied"", ""4jwuA: pocket_occupied"", ""4jwuB: chain_not_found"", ""4l4cA: pocket_occupied"", ""4l4cB: chain_not_found"", ""1gjmA: pocket_occupied"", ""1j51A: pocket_occupied"", ""1j51B: chain_not_found"", ""1j51C: chain_not_found"", ""1j51D: chain_not_found"", ""1nooA: pocket_occupied"", ""4g3rA: pocket_occupied"", ""4g3rB: chain_not_found"", ""1p2yA: pocket_occupied"", ""3cp4A: pocket_occupied"", ""2gr6A: pocket_occupied"", ""2gr6B: chain_not_found"", ""1mpwA: pocket_occupied"", ""1mpwB: chain_not_found"", ""3fwiA: pocket_occupied"", ""3w9cA: pocket_occupied"", ""3wrkA: pocket_occupied"", ""3wrkD: chain_not_found"", ""1p7rA: pocket_occupied"", ""3wriA: pocket_occupied"", ""3wriB: chain_not_found""]"
4kl8,L,CA,4kn9,A,L,1.4,0.054876059169994995,/home/iscb/wolfson/hagairavid/LocAlign/datasets/apo_structures/CA/apoe2ce7d6f4c.pdb,apoe2ce7d6f4c,found,1,[]
4kpo,A,CA,,,,,,,,all_candidates_pocket_occupied,2,"[""6zk5A: pocket_occupied"", ""6zk5B: chain_not_found""]"
4kvj,A,HEM,,,,,,,,all_candidates_pocket_occupied,2,"[""4kvlA: pocket_occupied"", ""4kvkA: pocket_occupied""]"
4kyw,A,ZN,,,,,,,,no_candidate_passed_prefilter,0,[]
4kzk,A,GAL,,,,,,,,no_candidate_passed_prefilter,0,[]
4l0e,A,HEM,,,,,,,,all_candidates_pocket_occupied,5,"[""4l0fA: pocket_occupied"", ""4pxhA: pocket_occupied"", ""4pxhC: chain_not_found"", ""4pxhE: chain_not_found"", ""4pwvA: pocket_occupied""]"
4l3k,A,ZN,1ear,A,A,1.7,1.984944713297025,/home/iscb/wolfson/hagairavid/LocAlign/datasets/apo_structures/ZN/apo2ef4097b74.pdb,apo2ef4097b74,found,1,[]
4l4x,A,NDP,,,,,,,,no_candidate_passed_prefilter,0,[]
4l80,C,1VU,4l7z,A,A,2.502,2.39598190285721,/home/iscb/wolfson/hagairavid/LocAlign/datasets/apo_structures/1VU/apod8620c3ec6.pdb,apod8620c3ec6,found,1,[]
4l80,C,OXL,4l7z,A,A,2.502,2.39598190285721,/home/iscb/wolfson/hagairavid/LocAlign/datasets/apo_structures/OXL/apod8620c3ec6.pdb,apod8620c3ec6,found,1,[]
4l9d,B,CA,,,,,,,,no_candidate_passed_prefilter,0,[]
4lb0,B,HYP,,,,,,,,no_candidate_passed_prefilter,0,[]
4lc9,A,F6P,,,,,,,,no_candidate_passed_prefilter,0,[]
4lec,A,SAH,,,,,,,,no_candidate_passed_prefilter,0,[]
4lei,A,TYD,4ldp,A,A,2.5,0.7904087394466515,/home/iscb/wolfson/hagairavid/LocAlign/datasets/apo_structures/TYD/apoa6cedd5e6c.pdb,apoa6cedd5e6c,found,1,[]
4lg1,A,SAM,,,,,,,,all_candidates_pocket_occupied,3,"[""8hl6A: pocket_occupied"", ""8hl7A: pocket_occupied"", ""7oatC: pocket_occupied""]"
4ljy,A,ADP,4lk2,A,A,2.12,2.0012149705278115,/home/iscb/wolfson/hagairavid/LocAlign/datasets/apo_structures/ADP/apo054baf1219.pdb,apo054baf1219,found,1,[]
4lks,A,CA,4lqr,A,A,1.58,1.466332914287069,/home/iscb/wolfson/hagairavid/LocAlign/datasets/apo_structures/CA/apo8678efc2c6.pdb,apo8678efc2c6,found,1,[]
4ll2,B,CA,3v6n,A,A,2.2,0.5689630095259808,/home/iscb/wolfson/hagairavid/LocAlign/datasets/apo_structures/CA/apo0808554265.pdb,apo0808554265,found,1,[]
4lls,A,GST,,,,,,,,all_candidates_pocket_occupied,2,"[""4lltA: pocket_occupied"", ""4lltB: chain_not_found""]"
4lls,A,IPE,,,,,,,,all_candidates_pocket_occupied,2,"[""4lltA: pocket_occupied"", ""4lltB: chain_not_found""]"
4los,A,CA,4lot,A,A,2.92,1.6690883135695829,/home/iscb/wolfson/hagairavid/LocAlign/datasets/apo_structures/CA/apo12a947ce37.pdb,apo12a947ce37,found,1,[]
4lp7,D,CA,,,,,,,,no_candidate_passed_prefilter,0,[]
4lrj,A,ANP,,,,,,,,no_candidate_passed_prefilter,0,[]
4lrl,C,DGT,2o6i,A,A,2.55,1.0042989363626629,/home/iscb/wolfson/hagairavid/LocAlign/datasets/apo_structures/DGT/apoc4f9eb2339.pdb,apoc4f9eb2339,found,5,"[""3irhA: pocket_occupied"", ""3irhB: chain_not_found"", ""3irhC: chain_not_found"", ""3irhD: chain_not_found""]"
4lt6,A,CA,,,,,,,,no_candidate_passed_prefilter,0,[]
4luj,A,BMP,4lui,A,A,1.6,1.1236784271263256,/home/iscb/wolfson/hagairavid/LocAlign/datasets/apo_structures/BMP/apo703c3715e1.pdb,apo703c3715e1,found,1,[]
4lxq,B,TYD,,,,,,,,no_uniprot_mapping,0,[]
4m1p,A,CU1,,,,,,,,no_candidate_passed_prefilter,0,[]
4m33,A,FE2,4m32,A,A,1.86,0.1236283760963626,/home/iscb/wolfson/hagairavid/LocAlign/datasets/apo_structures/FE2/apo37cf2e80a1.pdb,apo37cf2e80a1,found,1,[]
4m54,A,NAI,,,,,,,,all_candidates_pocket_occupied,4,"[""4mp8A: pocket_occupied"", ""4mp6A: pocket_occupied"", ""4mpdA: pocket_occupied"", ""4mp3A: pocket_occupied""]"
4m7f,A,SO4,,,,,,,,all_candidates_pocket_occupied,14,"[""6zqxA: pocket_occupied"", ""6zqxB: chain_not_found"", ""6zqyA: pocket_occupied"", ""6zqyB: chain_not_found"", ""6zqrA: pocket_occupied"", ""6zqrB: chain_not_found"", ""6zr0A: pocket_occupied"", ""6zr0B: chain_not_found"", ""6zr3A: pocket_occupied"", ""6zr3B: chain_not_found"", ""4m7hA: pocket_occupied"", ""4m7hB: chain_not_found"", ""6zr4A: pocket_occupied"", ""6zr4B: chain_not_found""]"
4m7t,A,SAM,,,,,,,,all_candidates_pocket_occupied,1,"[""4m7sA: pocket_occupied""]"
4m7u,A,NAP,,,,,,,,all_candidates_pocket_occupied,1,"[""4m7vA: pocket_occupied""]"
4m87,A,NAD,4m86,A,A,2.15,0.3044595258950129,/home/iscb/wolfson/hagairavid/LocAlign/datasets/apo_structures/NAD/apod4ce60d0a9.pdb,apod4ce60d0a9,found,3,"[""4m89A: pocket_occupied"", ""4m89B: chain_not_found""]"
4m9a,B,FDA,,,,,,,,no_candidate_passed_prefilter,0,[]
4mae,A,PQQ,,,,,,,,all_candidates_pocket_occupied,4,"[""6fkwA: pocket_occupied"", ""6fkwB: chain_not_found"", ""6fkwC: chain_not_found"", ""6fkwD: chain_not_found""]"
4mbb,A,CL,4nyh,A,A,1.2,0.7733088191515691,/home/iscb/wolfson/hagairavid/LocAlign/datasets/apo_structures/CL/apoabd7621d0e.pdb,apoabd7621d0e,found,1,[]
4mbb,A,PO4,,,,,,,,all_candidates_pocket_occupied,4,"[""4nyhA: pocket_occupied"", ""4nyhB: chain_not_found"", ""4nyhC: chain_not_found"", ""4jmjA: pocket_occupied""]"
4mf9,A,HEM,4imh,A,A,1.976,0.34073394712425603,/home/iscb/wolfson/hagairavid/LocAlign/datasets/apo_structures/HEM/apo4e63ebcfcd.pdb,apo4e63ebcfcd,found,1,[]
4mh1,B,PQQ,,,,,,,,no_candidate_passed_prefilter,0,[]
4mhv,A,CA,,,,,,,,no_candidate_passed_prefilter,0,[]
4miv,A,CA,,,,,,,,all_candidates_pocket_occupied,2,"[""4mhxA: pocket_occupied"", ""4mhxB: chain_not_found""]"
4mjw,A,FAD,,,,,,,,all_candidates_pocket_occupied,12,"[""2jbvA: pocket_occupied"", ""2jbvB: chain_not_found"", ""3ljpA: pocket_occupied"", ""3ljpB: chain_not_found"", ""3nneA: pocket_occupied"", ""3nneB: chain_not_found"", ""3nneC: chain_not_found"", ""3nneD: chain_not_found"", ""3nneE: chain_not_found"", ""3nneF: chain_not_found"", ""3nneG: chain_not_found"", ""3nneH: chain_not_found""]"
4mkf,A,AP5,,,,,,,,all_candidates_pocket_occupied,26,"[""4qbgB: pocket_occupied"", ""4mkgA: pocket_occupied"", ""4mkhA: pocket_occupied"", ""3dl0A: pocket_occupied"", ""3dl0B: chain_not_found"", ""4tyqA: pocket_occupied"", ""4tyqB: chain_not_found"", ""2oo7A: pocket_occupied"", ""2oo7B: chain_not_found"", ""2p3sA: pocket_occupied"", ""2qajA: pocket_occupied"", ""2qajB: chain_not_found"", ""4qbfA: pocket_occupied"", ""2eu8A: pocket_occupied"", ""2eu8B: chain_not_found"", ""2oriA: pocket_occupied"", ""2oriB: chain_not_found"", ""2osbA: pocket_occupied"", ""2osbB: chain_not_found"", ""3dkvA: pocket_occupied"", ""1p3jA: pocket_occupied"", ""5x6iA: pocket_occupied"", ""4typA: pocket_occupied"", ""4typB: chain_not_found"", ""4typC: chain_not_found"", ""4typD: chain_not_found""]"
4mkh,A,AP5,,,,,,,,all_candidates_pocket_occupied,27,"[""4qbgB: pocket_occupied"", ""4mkgA: pocket_occupied"", ""3dl0A: pocket_occupied"", ""3dl0B: chain_not_found"", ""4tyqA: pocket_occupied"", ""4tyqB: chain_not_found"", ""4mkfA: pocket_occupied"", ""4mkfB: chain_not_found"", ""2oo7A: chain_not_found"", ""2oo7B: chain_not_found"", ""2p3sA: pocket_occupied"", ""2qajA: pocket_occupied"", ""2qajB: chain_not_found"", ""4qbfA: pocket_occupied"", ""2eu8A: pocket_occupied"", ""2eu8B: chain_not_found"", ""2oriA: pocket_occupied"", ""2oriB: chain_not_found"", ""2osbA: pocket_occupied"", ""2osbB: chain_not_found"", ""3dkvA: pocket_occupied"", ""1p3jA: pocket_occupied"", ""5x6iA: pocket_occupied"", ""4typA: pocket_occupied"", ""4typB: chain_not_found"", ""4typC: chain_not_found"", ""4typD: chain_not_found""]"
4mlc,A,CA,4q6b,A,A,1.667,0.8442048825400993,/home/iscb/wolfson/hagairavid/LocAlign/datasets/apo_structures/CA/apod7284a9aa4.pdb,apod7284a9aa4,found,1,[]
4mm1,A,1GP,5ndy,A,A,1.949,0.5546680827537681,/home/iscb/wolfson/hagairavid/LocAlign/datasets/apo_structures/1GP/apof5282a69e4.pdb,apof5282a69e4,found,1,[]
4mo2,B,FDA,,,,,,,,no_candidate_passed_prefilter,0,[]
4muz,A,BMP,,,,,,,,all_candidates_pocket_occupied,4,"[""4n2yA: pocket_occupied"", ""4n2yB: chain_not_found"", ""4n2yC: chain_not_found"", ""4n2yD: chain_not_found""]"
4mvt,A,ZN,,,,,,,,no_candidate_passed_prefilter,0,[]
4mwz,B,SAM,,,,,,,,all_candidates_pocket_occupied,2,"[""4iv0A: pocket_occupied"", ""4iv0B: chain_not_found""]"
4myp,A,HEM,,,,,,,,all_candidates_pocket_occupied,1,"[""4nlaA: pocket_occupied""]"
4mz0,A,CA,,,,,,,,no_candidate_passed_prefilter,0,[]
4mzu,F,TYD,,,,,,,,no_candidate_passed_prefilter,0,[]
4n0g,A,ZN,,,,,,,,no_candidate_passed_prefilter,0,[]
4n1i,A,CA,4n2r,A,A,1.2,0.7261933696563326,/home/iscb/wolfson/hagairavid/LocAlign/datasets/apo_structures/CA/apo48036f3de5.pdb,apo48036f3de5,found,1,[]
4n2p,A,CA,,,,,,,,no_candidate_passed_prefilter,0,[]
4n3o,B,CA,,,,,,,,no_candidate_passed_prefilter,0,[]
4n54,A,NAI,,,,,,,,no_candidate_passed_prefilter,0,[]
4n5f,A,FDA,,,,,,,,no_candidate_passed_prefilter,0,[]
4n73,A,COH,2v0v,A,A,2.4,2.2391229960770453,/home/iscb/wolfson/hagairavid/LocAlign/datasets/apo_structures/COH/apo10f3e6cebd.pdb,apo10f3e6cebd,found,4,"[""3cqvA: pocket_occupied"", ""6wmsA: pocket_occupied"", ""6wmsB: chain_not_found""]"
4n7c,A,AEF,3ebk,A,A,1.9,0.508718805587345,/home/iscb/wolfson/hagairavid/LocAlign/datasets/apo_structures/AEF/apodefc2db112.pdb,apodefc2db112,found,1,[]
4nae,A,1GP,4naf,A,B,1.9,0.5925742603878218,/home/iscb/wolfson/hagairavid/LocAlign/datasets/apo_structures/1GP/apo15878361a5.pdb,apo15878361a5,found,1,[]
4nax,A,GDS,,,,,,,,no_candidate_passed_prefilter,0,[]
4nbu,B,CAA,,,,,,,,no_candidate_passed_prefilter,0,[]
4nbu,B,NAI,,,,,,,,no_candidate_passed_prefilter,0,[]
4nfd,A,SIA,4nfc,A,A,2.2,0.7455917485885895,/home/iscb/wolfson/hagairavid/LocAlign/datasets/apo_structures/SIA/apoa45663a7b4.pdb,apoa45663a7b4,found,1,[]
4ng4,B,MG,,,,,,,,no_candidate_passed_prefilter,0,[]
4nhf,F,CA,,,,,,,,no_candidate_passed_prefilter,0,[]
4nhw,D,GSH,,,,,,,,no_candidate_passed_prefilter,0,[]
4nhy,A,PD2,,,,,,,,all_candidates_pocket_occupied,1,"[""4nhxA: pocket_occupied""]"
4nhz,H,GSH,4mf7,A,A,1.8,1.1151012114860406,/home/iscb/wolfson/hagairavid/LocAlign/datasets/apo_structures/GSH/apo148619a712.pdb,apo148619a712,found,1,[]
4njg,A,SAM,,,,,,,,all_candidates_pocket_occupied,8,"[""4njhA: pocket_occupied"", ""4njhB: chain_not_found"", ""4njkA: pocket_occupied"", ""4njkB: chain_not_found"", ""4njiA: pocket_occupied"", ""4njiB: chain_not_found"", ""4njjA: pocket_occupied"", ""4njjB: chain_not_found""]"
4njg,A,SF4,,,,,,,,all_candidates_pocket_occupied,8,"[""4njhA: pocket_occupied"", ""4njhB: chain_not_found"", ""4njkA: pocket_occupied"", ""4njkB: chain_not_found"", ""4njiA: pocket_occupied"", ""4njiB: chain_not_found"", ""4njjA: pocket_occupied"", ""4njjB: chain_not_found""]"
4nk2,A,HEM,,,,,,,,all_candidates_pocket_occupied,2,"[""4nk1A: pocket_occupied"", ""4nk1B: chain_not_found""]"
4nk5,A,NAD,,,,,,,,no_uniprot_mapping,0,[]
4nr0,A,NAD,4nqz,A,A,2.604,0.8504728263707322,/home/iscb/wolfson/hagairavid/LocAlign/datasets/apo_structures/NAD/apo34235ab0e3.pdb,apo34235ab0e3,found,1,[]
4nr0,B,NAD,4nqz,A,A,2.604,0.8527988480678445,/home/iscb/wolfson/hagairavid/LocAlign/datasets/apo_structures/NAD/apoa1dc0e4236.pdb,apoa1dc0e4236,found,1,[]
4nr0,C,NAD,4nqz,A,A,2.604,0.8214206821918483,/home/iscb/wolfson/hagairavid/LocAlign/datasets/apo_structures/NAD/apo65784df30c.pdb,apo65784df30c,found,1,[]
4nrq,A,PD2,4o7x,A,A,1.78,0.23469741870251257,/home/iscb/wolfson/hagairavid/LocAlign/datasets/apo_structures/PD2/apod47f5eff19.pdb,apod47f5eff19,found,1,[]
4ntc,A,FAD,,,,,,,,no_candidate_passed_prefilter,0,[]
4nu0,A,AP5,,,,,,,,all_candidates_pocket_occupied,6,"[""4w5jA: pocket_occupied"", ""4w5jB: chain_not_found"", ""4w5jC: chain_not_found"", ""4w5jD: chain_not_found"", ""4ntzA: pocket_occupied"", ""4w5hA: pocket_occupied""]"
4nyu,A,CA,4nz5,A,A,1.874,0.3510538303165864,/home/iscb/wolfson/hagairavid/LocAlign/datasets/apo_structures/CA/apoa2bc211924.pdb,apoa2bc211924,found,1,[]
4nz2,A,HEM,,,,,,,,all_candidates_pocket_occupied,23,"[""5x23A: pocket_occupied"", ""1r9oA: pocket_occupied"", ""5a5iA: pocket_occupied"", ""5w0cA: pocket_occupied"", ""7rl2A: pocket_occupied"", ""5k7kA: pocket_occupied"", ""5xxiA: pocket_occupied"", ""5x24A: pocket_occupied"", ""8vz7A: pocket_occupied"", ""1og5A: pocket_occupied"", ""1og5B: chain_not_found"", ""1og2A: pocket_occupied"", ""1og2B: chain_not_found"", ""5a5jA: pocket_occupied"", ""8vx0A: pocket_occupied"", ""6vltA: pocket_occupied"", ""6vltB: chain_not_found"", ""6vltC: chain_not_found"", ""6vltD: chain_not_found"", ""6vltE: chain_not_found"", ""6vltF: chain_not_found"", ""6vltG: chain_not_found"", ""6vltH: chain_not_found""]"
4o29,A,SAH,,,,,,,,no_candidate_passed_prefilter,0,[]
4ob3,A,CO,9d6j,A,A,1.47,0.3095596670316625,/home/iscb/wolfson/hagairavid/LocAlign/datasets/apo_structures/CO/apoa7721c0af3.pdb,apoa7721c0af3,found,7,"[""4ob0A: pocket_occupied"", ""9d5vA: pocket_occupied"", ""9d6kA: pocket_occupied"", ""9d5uA: pocket_occupied"", ""9d5yA: pocket_occupied"", ""9d65A: pocket_occupied""]"
4obw,D,SAM,4obx,A,A,2.2,0.5585257490149599,/home/iscb/wolfson/hagairavid/LocAlign/datasets/apo_structures/SAM/apoe9ca86fe93.pdb,apoe9ca86fe93,found,1,[]
4od5,A,GST,4od4,A,A,3.301,0.5520790318739204,/home/iscb/wolfson/hagairavid/LocAlign/datasets/apo_structures/GST/apo5d38d709ef.pdb,apo5d38d709ef,found,1,[]
4odj,A,SAM,,,,,,,,all_candidates_pocket_occupied,4,"[""6ltwA: pocket_occupied"", ""6ltwB: chain_not_found"", ""6ltvA: pocket_occupied"", ""6ltvB: chain_not_found""]"
4ofc,A,ZN,2wm1,A,A,2.01,0.3626104314296443,/home/iscb/wolfson/hagairavid/LocAlign/datasets/apo_structures/ZN/apof471c2e230.pdb,apof471c2e230,found,1,[]
4oj8,B,AKG,,,,,,,,all_candidates_pocket_occupied,6,"[""1nx8A: chain_not_found"", ""1nx8B: chain_not_found"", ""1nx8C: chain_not_found"", ""1nx4A: pocket_occupied"", ""1nx4B: chain_not_found"", ""1nx4C: chain_not_found""]"
4oj8,B,FE2,,,,,,,,all_candidates_pocket_occupied,6,"[""1nx8A: chain_not_found"", ""1nx8B: chain_not_found"", ""1nx8C: chain_not_found"", ""1nx4A: pocket_occupied"", ""1nx4B: chain_not_found"", ""1nx4C: chain_not_found""]"
4oqr,A,HEM,,,,,,,,all_candidates_pocket_occupied,1,"[""4oqsA: pocket_occupied""]"
4otg,A,2V9,4otd,A,A,2.0,0.5042937783949614,/home/iscb/wolfson/hagairavid/LocAlign/datasets/apo_structures/2V9/apoaf24397393.pdb,apoaf24397393,found,3,"[""4othA: pocket_occupied"", ""4otiA: pocket_occupied""]"
4owl,D,GOL,,,,,,,,all_candidates_pocket_occupied,14,"[""4owjA: pocket_occupied"", ""4owjB: chain_not_found"", ""4owjC: chain_not_found"", ""4owjD: chain_not_found"", ""4owjE: chain_not_found"", ""4owjF: chain_not_found"", ""4owjG: chain_not_found"", ""4owkA: pocket_occupied"", ""4owkB: chain_not_found"", ""4owkC: chain_not_found"", ""4owkD: chain_not_found"", ""4owkE: chain_not_found"", ""4owkF: chain_not_found"", ""4owkG: chain_not_found""]"
4oxx,A,FMN,,,,,,,,no_candidate_passed_prefilter,0,[]
4p07,A,SO4,,,,,,,,all_candidates_pocket_occupied,6,"[""4p04A: pocket_occupied"", ""4p04B: chain_not_found"", ""4p05A: pocket_occupied"", ""4p05B: chain_not_found"", ""4p06A: pocket_occupied"", ""4p06B: chain_not_found""]"
4p0d,A,CA,,,,,,,,no_candidate_passed_prefilter,0,[]
4p3x,A,SF4,,,,,,,,all_candidates_pocket_occupied,16,"[""5f33A: pocket_occupied"", ""6f48A: pocket_occupied"", ""7p4mA: pocket_occupied"", ""5f35A: pocket_occupied"", ""5lqmA: pocket_occupied"", ""6i0kA: pocket_occupied"", ""7p4pA: pocket_occupied"", ""5f3dA: pocket_occupied"", ""5lqsA: pocket_occupied"", ""6i0pA: pocket_occupied"", ""6f4dA: pocket_occupied"", ""6g74A: pocket_occupied"", ""6g74B: chain_not_found"", ""6i0rA: pocket_occupied"", ""7p4qA: pocket_occupied"", ""6f4lA: pocket_occupied""]"
4p4g,A,SKM,4p4n,A,A,1.95,1.160256970860083,/home/iscb/wolfson/hagairavid/LocAlign/datasets/apo_structures/SKM/apoeb78c816f2.pdb,apoeb78c816f2,found,1,[]
4p53,A,NAI,,,,,,,,no_candidate_passed_prefilter,0,[]
4p5b,B,BRU,,,,,,,,all_candidates_pocket_occupied,4,"[""4p5aA: pocket_occupied"", ""4p5aB: chain_not_found"", ""4p5aC: chain_not_found"", ""4p5aD: chain_not_found""]"
4p7a,A,ADP,,,,,,,,no_candidate_passed_prefilter,0,[]
4pfb,A,G3P,,,,,,,,no_candidate_passed_prefilter,0,[]
4pgh,D,SAM,4pgg,A,A,2.015,0.81019716704553,/home/iscb/wolfson/hagairavid/LocAlign/datasets/apo_structures/SAM/apo1d2fe420e5.pdb,apo1d2fe420e5,found,1,[]
4pht,B,ANP,,,,,,,,no_candidate_passed_prefilter,0,[]
4plf,B,NAD,,,,,,,,all_candidates_pocket_occupied,6,"[""4plgA: pocket_occupied"", ""4plgB: chain_not_found"", ""4plcA: pocket_occupied"", ""4plcB: chain_not_found"", ""4plcC: chain_not_found"", ""4plcD: chain_not_found""]"
4plf,B,PYR,,,,,,,,all_candidates_pocket_occupied,6,"[""4plgA: pocket_occupied"", ""4plgB: chain_not_found"", ""4plcA: pocket_occupied"", ""4plcB: chain_not_found"", ""4plcC: chain_not_found"", ""4plcD: chain_not_found""]"
4plt,B,NAI,,,,,,,,all_candidates_pocket_occupied,12,"[""4plvA: pocket_occupied"", ""4plvB: chain_not_found"", ""4plvC: chain_not_found"", ""4plvD: chain_not_found"", ""4plyA: pocket_occupied"", ""4plyB: chain_not_found"", ""4plyC: chain_not_found"", ""4plyD: chain_not_found"", ""4plyE: chain_not_found"", ""4plyF: chain_not_found"", ""4plyG: chain_not_found"", ""4plyH: chain_not_found""]"
4pom,A,COM,4oo4,A,A,0.97,0.5375698817079954,/home/iscb/wolfson/hagairavid/LocAlign/datasets/apo_structures/COM/apo3011c05f11.pdb,apo3011c05f11,found,1,[]
4pqg,A,UDP,,,,,,,,no_candidate_passed_prefilter,0,[]
4pwa,D,HEC,,,,,,,,all_candidates_pocket_occupied,1,"[""4pw9B: pocket_occupied""]"
4pxn,A,NAD,,,,,,,,no_candidate_passed_prefilter,0,[]
4q0p,A,CO,,,,,,,,all_candidates_pocket_occupied,4,"[""4q0qA: pocket_occupied"", ""4q0sA: pocket_occupied"", ""4q0uA: pocket_occupied"", ""4q0vA: pocket_occupied""]"
4q3a,C,NAI,,,,,,,,all_candidates_pocket_occupied,28,"[""4j4hA: pocket_occupied"", ""4j4hB: chain_not_found"", ""4j4hC: chain_not_found"", ""4j4hD: chain_not_found"", ""4j4bA: pocket_occupied"", ""4j4bB: chain_not_found"", ""4q3bA: pocket_occupied"", ""4q3bB: chain_not_found"", ""4q3bC: chain_not_found"", ""4q3bD: chain_not_found"", ""4q3cA: pocket_occupied"", ""4q3cB: chain_not_found"", ""4q3cC: chain_not_found"", ""4q3cD: chain_not_found"", ""4j43A: pocket_occupied"", ""4j43B: chain_not_found"", ""4j49A: pocket_occupied"", ""4j49B: chain_not_found"", ""4q39A: pocket_occupied"", ""4q39B: chain_not_found"", ""4q3dA: pocket_occupied"", ""4q3dB: chain_not_found"", ""4q3dC: chain_not_found"", ""4q3dD: chain_not_found"", ""4q3eA: pocket_occupied"", ""4q3eB: chain_not_found"", ""4jk3A: pocket_occupied"", ""4jk3B: chain_not_found""]"
4q9n,A,NAI,,,,,,,,no_candidate_passed_prefilter,0,[]
4qbg,B,AP5,,,,,,,,all_candidates_pocket_occupied,27,"[""4mkgA: chain_not_found"", ""4mkhA: chain_not_found"", ""3dl0A: chain_not_found"", ""3dl0B: chain_not_found"", ""4tyqA: chain_not_found"", ""4tyqB: chain_not_found"", ""4mkfA: chain_not_found"", ""4mkfB: chain_not_found"", ""2oo7A: chain_not_found"", ""2oo7B: chain_not_found"", ""2p3sA: chain_not_found"", ""2qajA: chain_not_found"", ""2qajB: chain_not_found"", ""4qbfA: chain_not_found"", ""2eu8A: chain_not_found"", ""2eu8B: chain_not_found"", ""2oriA: chain_not_found"", ""2oriB: chain_not_found"", ""2osbA: chain_not_found"", ""2osbB: chain_not_found"", ""3dkvA: pocket_occupied"", ""1p3jA: pocket_occupied"", ""5x6iA: pocket_occupied"", ""4typA: pocket_occupied"", ""4typB: chain_not_found"", ""4typC: chain_not_found"", ""4typD: chain_not_found""]"
4qbg,B,ZN,3dkv,A,A,1.82,1.9805678726074598,/home/iscb/wolfson/hagairavid/LocAlign/datasets/apo_structures/ZN/apo04b5c3c1eb.pdb,apo04b5c3c1eb,found,21,"[""4mkgA: chain_not_found"", ""4mkhA: chain_not_found"", ""3dl0A: chain_not_found"", ""3dl0B: chain_not_found"", ""4tyqA: chain_not_found"", ""4tyqB: chain_not_found"", ""4mkfA: chain_not_found"", ""4mkfB: chain_not_found"", ""2oo7A: chain_not_found"", ""2oo7B: chain_not_found"", ""2p3sA: chain_not_found"", ""2qajA: chain_not_found"", ""2qajB: chain_not_found"", ""4qbfA: chain_not_found"", ""2eu8A: chain_not_found"", ""2eu8B: chain_not_found"", ""2oriA: chain_not_found"", ""2oriB: chain_not_found"", ""2osbA: chain_not_found"", ""2osbB: chain_not_found""]"
4qbh,A,AP5,,,,,,,,all_candidates_pocket_occupied,5,"[""1zinA: pocket_occupied"", ""4qbiA: pocket_occupied"", ""4qbiB: chain_not_found"", ""1zipA: pocket_occupied"", ""1zioA: pocket_occupied""]"
4qei,A,AMP,2q5i,A,A,2.8,2.3802167255069406,/home/iscb/wolfson/hagairavid/LocAlign/datasets/apo_structures/AMP/apo31667e1c97.pdb,apo31667e1c97,found,4,"[""2zt5A: pocket_occupied"", ""2zt7A: chain_not_found"", ""4kqeA: chain_not_found""]"
4qi7,A,HEM,,,,,,,,no_candidate_passed_prefilter,0,[]
4qi8,A,CU,,,,,,,,no_candidate_passed_prefilter,0,[]
4qkb,A,AKG,,,,,,,,all_candidates_pocket_occupied,6,"[""4qkdA: pocket_occupied"", ""4qkdB: chain_not_found"", ""4qkdC: chain_not_found"", ""4qkfA: pocket_occupied"", ""4qkfB: chain_not_found"", ""4qkfC: chain_not_found""]"
4qn3,A,CA,4qn7,A,A,2.302,0.16332297761069758,/home/iscb/wolfson/hagairavid/LocAlign/datasets/apo_structures/CA/apo1c996dea59.pdb,apo1c996dea59,found,1,[]
4qpj,D,MG,,,,,,,,no_candidate_passed_prefilter,0,[]
4qq8,C,TPP,,,,,,,,all_candidates_pocket_occupied,24,"[""2uz1A: pocket_occupied"", ""2uz1D: chain_not_found"", ""3iaeA: pocket_occupied"", ""3iaeB: chain_not_found"", ""2ag0A: pocket_occupied"", ""2ag0B: chain_not_found"", ""2ag0C: chain_not_found"", ""2ag0D: chain_not_found"", ""2ag1A: pocket_occupied"", ""2ag1B: chain_not_found"", ""2ag1C: chain_not_found"", ""2ag1D: chain_not_found"", ""3iafA: pocket_occupied"", ""3iafB: chain_not_found"", ""3iafC: chain_not_found"", ""3iafD: chain_not_found"", ""4qpzA: pocket_occupied"", ""4qpzB: chain_not_found"", ""4qpzC: chain_not_found"", ""4qpzD: chain_not_found"", ""4qpzE: chain_not_found"", ""4qpzF: chain_not_found"", ""4qpzG: chain_not_found"", ""4qpzH: chain_not_found""]"
4qqf,F,MG,,,,,,,,no_candidate_passed_prefilter,0,[]
4qrh,B,0O2,,,,,,,,no_candidate_passed_prefilter,0,[]
4qs7,A,BGC,4qs8,A,A,1.798,3.1613499836811703,/home/iscb/wolfson/hagairavid/LocAlign/datasets/apo_structures/BGC/apod830862360.pdb,apod830862360,found,1,[]
4qtu,B,SAM,7wtn,A,CB,3.4,2.893405473823645,/home/iscb/wolfson/hagairavid/LocAlign/datasets/apo_structures/SAM/apo0c4f651c46.pdb,apo0c4f651c46,found,3,"[""4qttB: pocket_occupied"", ""4qttD: chain_not_found""]"
4qu6,A,CA,,,,,,,,no_candidate_passed_prefilter,0,[]
4qur,A,FE,3vca,A,A,1.59,0.3131887950189148,/home/iscb/wolfson/hagairavid/LocAlign/datasets/apo_structures/FE/apocaef52ba11.pdb,apocaef52ba11,found,1,[]
4qur,A,FES,,,,,,,,all_candidates_pocket_occupied,5,"[""3vcaA: pocket_occupied"", ""4qupA: pocket_occupied"", ""3vcpA: pocket_occupied"", ""5hl4A: pocket_occupied"", ""4quqA: pocket_occupied""]"
4qur,A,OXY,3vca,A,A,1.59,0.3131887950189148,/home/iscb/wolfson/hagairavid/LocAlign/datasets/apo_structures/OXY/apocaef52ba11.pdb,apocaef52ba11,found,1,[]
4r0v,A,SF4,,,,,,,,all_candidates_pocket_occupied,6,"[""6gm5A: pocket_occupied"", ""6gm6A: pocket_occupied"", ""6gl6A: pocket_occupied"", ""3lx4A: pocket_occupied"", ""3lx4B: chain_not_found"", ""6gm7A: pocket_occupied""]"
4r1s,A,NAP,4r1t,A,A,1.7,1.0561290467138427,/home/iscb/wolfson/hagairavid/LocAlign/datasets/apo_structures/NAP/apo07931d71fc.pdb,apo07931d71fc,found,1,[]
4r21,B,HEM,,,,,,,,all_candidates_pocket_occupied,2,"[""4r20A: pocket_occupied"", ""4r20B: chain_not_found""]"
4r3a,A,RBF,,,,,,,,no_candidate_passed_prefilter,0,[]
4r3v,A,CA,8b2q,A,A,1.35,1.4067403282272974,/home/iscb/wolfson/hagairavid/LocAlign/datasets/apo_structures/CA/apo0856f353f7.pdb,apo0856f353f7,found,1,[]
4r73,A,M6P,4r72,A,A,1.6,3.4914247083946814,/home/iscb/wolfson/hagairavid/LocAlign/datasets/apo_structures/M6P/apoba014d106c.pdb,apoba014d106c,found,2,"[""4r75A: pocket_occupied""]"
4r7p,A,UPG,3r3i,A,A,3.57,1.1736902406959373,/home/iscb/wolfson/hagairavid/LocAlign/datasets/apo_structures/UPG/apo913fcafedf.pdb,apo913fcafedf,found,1,[]
4r81,A,FMN,,,,,,,,no_candidate_passed_prefilter,0,[]
4r83,A,CA,4r84,A,A,1.7,0.6685458925104277,/home/iscb/wolfson/hagairavid/LocAlign/datasets/apo_structures/CA/apo4adddf66c2.pdb,apo4adddf66c2,found,1,[]
4r88,B,FE2,,,,,,,,all_candidates_pocket_occupied,12,"[""4r85A: pocket_occupied"", ""4r85B: chain_not_found"", ""4r85C: chain_not_found"", ""4r85D: chain_not_found"", ""4r85E: chain_not_found"", ""4r85F: chain_not_found"", ""4r7wA: pocket_occupied"", ""4r7wB: chain_not_found"", ""4r7wC: chain_not_found"", ""4r7wD: chain_not_found"", ""4r7wE: chain_not_found"", ""4r7wF: chain_not_found""]"
4r8d,A,PLP,4rae,A,A,2.59,2.8797802124739564,/home/iscb/wolfson/hagairavid/LocAlign/datasets/apo_structures/PLP/apoeb69e6eac7.pdb,apoeb69e6eac7,found,3,"[""9t0wA: pocket_occupied"", ""9t0wB: chain_not_found""]"
4rgq,B,1GP,4rgv,A,A,2.45,0.6849874210777147,/home/iscb/wolfson/hagairavid/LocAlign/datasets/apo_structures/1GP/apod9ec9a499f.pdb,apod9ec9a499f,found,5,"[""4rflA: pocket_occupied"", ""4rflB: chain_not_found"", ""4rflC: chain_not_found"", ""4rflD: chain_not_found""]"
4ri5,A,VN4,2b49,A,A,1.54,0.9513606824369011,/home/iscb/wolfson/hagairavid/LocAlign/datasets/apo_structures/VN4/apo9f3cdc96b3.pdb,apo9f3cdc96b3,found,1,[]
4rii,A,TYD,4rig,A,A,1.9,1.078273535635404,/home/iscb/wolfson/hagairavid/LocAlign/datasets/apo_structures/TYD/apobdb30dfd1f.pdb,apobdb30dfd1f,found,5,"[""4rifA: pocket_occupied"", ""4rifB: chain_not_found"", ""2p6pA: pocket_occupied"", ""2p6pB: chain_not_found""]"
4rk0,D,RIB,,,,,,,,no_candidate_passed_prefilter,0,[]
4rk1,D,RIB,,,,,,,,no_candidate_passed_prefilter,0,[]
4rlz,B,GOL,,,,,,,,all_candidates_pocket_occupied,2,"[""4rm0A: pocket_occupied"", ""4rm0B: chain_not_found""]"
4rm4,A,HEM,,,,,,,,no_candidate_passed_prefilter,0,[]
4rmp,A,CYC,,,,,,,,no_candidate_passed_prefilter,0,[]
4rn7,A,ZN,,,,,,,,no_candidate_passed_prefilter,0,[]
4ros,A,APR,5ulv,A,A,1.66,1.2503090875596823,/home/iscb/wolfson/hagairavid/LocAlign/datasets/apo_structures/APR/apof4a6fc1f1a.pdb,apof4a6fc1f1a,found,1,[]
4ros,A,OAA,5ulv,A,A,1.66,1.2503090875596823,/home/iscb/wolfson/hagairavid/LocAlign/datasets/apo_structures/OAA/apof4a6fc1f1a.pdb,apof4a6fc1f1a,found,1,[]
4rqo,B,SF4,,,,,,,,no_uniprot_mapping,0,[]
4rtf,D,ATP,,,,,,,,no_uniprot_mapping,0,[]
4rzc,A,M6P,,,,,,,,no_uniprot_mapping,0,[]
4s1h,A,ADP,4s1i,A,A,1.6,0.8206757759756562,/home/iscb/wolfson/hagairavid/LocAlign/datasets/apo_structures/ADP/apof8f4d8fb70.pdb,apof8f4d8fb70,found,1,[]
4s28,A,SF4,4s29,A,A,1.382,0.9928119215464941,/home/iscb/wolfson/hagairavid/LocAlign/datasets/apo_structures/SF4/apoe3e6a39c0a.pdb,apoe3e6a39c0a,found,2,"[""4s27A: pocket_occupied""]"
4s2a,A,SF4,3epo,A,A,2.1,0.8086699099952507,/home/iscb/wolfson/hagairavid/LocAlign/datasets/apo_structures/SF4/apo3c95f2c9f9.pdb,apo3c95f2c9f9,found,1,[]
4sbv,C,CA,,,,,,,,no_candidate_passed_prefilter,0,[]
4tkr,B,TPP,,,,,,,,no_candidate_passed_prefilter,0,[]
4tlx,A,FDA,,,,,,,,all_candidates_pocket_occupied,20,"[""4tm3A: pocket_occupied"", ""4tm3B: chain_not_found"", ""4tm3C: chain_not_found"", ""4tm3D: chain_not_found"", ""4tm1A: pocket_occupied"", ""4tm1B: chain_not_found"", ""4tm1C: chain_not_found"", ""4tm1D: chain_not_found"", ""4tlzA: pocket_occupied"", ""4tlzB: chain_not_found"", ""4tlzC: chain_not_found"", ""4tlzD: chain_not_found"", ""4tm4A: pocket_occupied"", ""4tm4B: chain_not_found"", ""4tm4C: chain_not_found"", ""4tm4D: chain_not_found"", ""4tm0A: pocket_occupied"", ""4tm0B: chain_not_found"", ""4tm0C: chain_not_found"", ""4tm0D: chain_not_found""]"
4tpn,A,HEM,,,,,,,,all_candidates_pocket_occupied,9,"[""4tpoA: pocket_occupied"", ""5d3uA: pocket_occupied"", ""5d3uB: chain_not_found"", ""5d40A: pocket_occupied"", ""5d40B: chain_not_found"", ""9uycA: pocket_occupied"", ""9uycC: chain_not_found"", ""4l36A: pocket_occupied"", ""4l36B: chain_not_found""]"
4tpu,A,SF4,,,,,,,,no_candidate_passed_prefilter,0,[]
4tqg,A,NDP,,,,,,,,no_candidate_passed_prefilter,0,[]
4tx8,A,CA,,,,,,,,no_candidate_passed_prefilter,0,[]
4tx9,A,AMZ,,,,,,,,all_candidates_pocket_occupied,1,"[""4u28A: pocket_occupied""]"
4tyj,A,0LI,4qqt,A,A,1.501,1.311185586793093,/home/iscb/wolfson/hagairavid/LocAlign/datasets/apo_structures/0LI/apo79f1b4f0ae.pdb,apo79f1b4f0ae,found,3,"[""8kh9A: pocket_occupied"", ""8kh8A: pocket_occupied""]"
4typ,C,AP5,,,,,,,,all_candidates_pocket_occupied,24,"[""4qbgB: chain_not_found"", ""4mkgA: chain_not_found"", ""4mkhA: chain_not_found"", ""3dl0A: chain_not_found"", ""3dl0B: chain_not_found"", ""4tyqA: chain_not_found"", ""4tyqB: chain_not_found"", ""4mkfA: chain_not_found"", ""4mkfB: chain_not_found"", ""2oo7A: chain_not_found"", ""2oo7B: chain_not_found"", ""2p3sA: chain_not_found"", ""2qajA: chain_not_found"", ""2qajB: chain_not_found"", ""4qbfA: chain_not_found"", ""2eu8A: chain_not_found"", ""2eu8B: chain_not_found"", ""2oriA: chain_not_found"", ""2oriB: chain_not_found"", ""2osbA: chain_not_found"", ""2osbB: chain_not_found"", ""3dkvA: chain_not_found"", ""1p3jA: chain_not_found"", ""5x6iA: chain_not_found""]"
4u49,B,CA,4u4b,A,A,2.1,1.617296126568234,/home/iscb/wolfson/hagairavid/LocAlign/datasets/apo_structures/CA/apod2eaa3b10a.pdb,apod2eaa3b10a,found,1,[]
4u82,A,FPS,,,,,,,,all_candidates_pocket_occupied,1,"[""4h8eA: pocket_occupied""]"
4u8u,A,HEM,,,,,,,,no_candidate_passed_prefilter,0,[]
4u8u,C,HEM,,,,,,,,no_candidate_passed_prefilter,0,[]
4u8u,D,HEM,,,,,,,,no_candidate_passed_prefilter,0,[]
4u99,A,HEM,,,,,,,,all_candidates_pocket_occupied,7,"[""4u9bA: pocket_occupied"", ""4u9jA: pocket_occupied"", ""4u9jB: chain_not_found"", ""4u9gA: pocket_occupied"", ""4u9gB: chain_not_found"", ""4u9kA: pocket_occupied"", ""4u9kB: chain_not_found""]"
4ubt,A,COA,5onc,A,A,2.19,1.5589256862889456,/home/iscb/wolfson/hagairavid/LocAlign/datasets/apo_structures/COA/apo8a016eb0da.pdb,apo8a016eb0da,found,3,"[""4ubvA: pocket_occupied"", ""4ubvB: chain_not_found""]"
4ueu,A,ACP,,,,,,,,no_uniprot_mapping,0,[]
4uob,A,CO,8a5g,A,A,1.89,0.5224551026438489,/home/iscb/wolfson/hagairavid/LocAlign/datasets/apo_structures/CO/apo634102baf3.pdb,apo634102baf3,found,1,[]
4uob,A,SF4,,,,,,,,all_candidates_pocket_occupied,1,"[""8a5gA: pocket_occupied""]"
4up7,A,LAD,4up8,A,A,2.896,2.0779407634816205,/home/iscb/wolfson/hagairavid/LocAlign/datasets/apo_structures/LAD/apoaffbe8c480.pdb,apoaffbe8c480,found,1,[]
4uqv,G,PLP,4bhd,A,A,2.83,1.0997319708025501,/home/iscb/wolfson/hagairavid/LocAlign/datasets/apo_structures/PLP/apo17221bab63.pdb,apo17221bab63,found,1,[]
4usc,A,HEM,,,,,,,,no_candidate_passed_prefilter,0,[]
4usz,A,VO4,,,,,,,,all_candidates_pocket_occupied,1,"[""4citA: pocket_occupied""]"
4uun,B,NAI,4uul,A,A,1.28,0.3160636367934771,/home/iscb/wolfson/hagairavid/LocAlign/datasets/apo_structures/NAI/apob434bc6d95.pdb,apob434bc6d95,found,1,[]
4uup,A,NAI,,,,,,,,no_uniprot_mapping,0,[]
4uw0,A,SAM,,,,,,,,all_candidates_pocket_occupied,1,"[""4ax8A: pocket_occupied""]"
4uzv,A,HEM,,,,,,,,no_candidate_passed_prefilter,0,[]
4v02,A,ATP,,,,,,,,all_candidates_pocket_occupied,2,"[""4v03A: pocket_occupied"", ""4v03B: chain_not_found""]"
4w65,A,CA,,,,,,,,no_candidate_passed_prefilter,0,[]
4w66,A,GSH,,,,,,,,no_candidate_passed_prefilter,0,[]
4w7s,B,ANP,5zwn,A,y,3.4,2.081901138729905,/home/iscb/wolfson/hagairavid/LocAlign/datasets/apo_structures/ANP/apo558de9e4ad.pdb,apo558de9e4ad,found,1,[]
4w8j,A,CA,,,,,,,,no_candidate_passed_prefilter,0,[]
4w8l,A,CA,,,,,,,,no_candidate_passed_prefilter,0,[]
4wgf,A,ROP,,,,,,,,all_candidates_pocket_occupied,8,"[""4wh0A: pocket_occupied"", ""4wh0B: chain_not_found"", ""4wh0C: chain_not_found"", ""4wh0D: chain_not_found"", ""4wh0E: chain_not_found"", ""4wh0F: chain_not_found"", ""4wh0G: chain_not_found"", ""4wh0H: chain_not_found""]"
4wgj,A,ANP,,,,,,,,no_candidate_passed_prefilter,0,[]
4wk1,A,CA,4wk3,A,A,2.6,0.6968108873368972,/home/iscb/wolfson/hagairavid/LocAlign/datasets/apo_structures/CA/apo91491b9862.pdb,apo91491b9862,found,1,[]
4woh,A,4NP,,,,,,,,all_candidates_pocket_occupied,7,"[""7c8sA: pocket_occupied"", ""6l1sA: pocket_occupied"", ""6lvqA: pocket_occupied"", ""1wrmA: pocket_occupied"", ""6lmyA: pocket_occupied"", ""6louA: pocket_occupied"", ""6lotA: pocket_occupied""]"
4wpy,A,TFA,,,,,,,,no_candidate_passed_prefilter,0,[]
4wwh,A,GAL,,,,,,,,no_candidate_passed_prefilter,0,[]
4wzf,B,CA,,,,,,,,no_candidate_passed_prefilter,0,[]
4x0o,E,COA,4x9k,A,A,1.61,0.6168041946638889,/home/iscb/wolfson/hagairavid/LocAlign/datasets/apo_structures/COA/apofe063bf0b9.pdb,apofe063bf0b9,found,1,[]
4x28,A,FDA,,,,,,,,no_candidate_passed_prefilter,0,[]
4x2d,A,ATP,4x2e,A,A,3.104,0.48808399932254376,/home/iscb/wolfson/hagairavid/LocAlign/datasets/apo_structures/ATP/apo11c2714ce6.pdb,apo11c2714ce6,found,3,"[""4x2cA: pocket_occupied"", ""4x2cB: chain_not_found""]"
4x47,A,DAN,,,,,,,,all_candidates_pocket_occupied,2,"[""4x4aA: pocket_occupied"", ""4x49A: pocket_occupied""]"
4x5s,A,AZM,,,,,,,,no_candidate_passed_prefilter,0,[]
4x8y,A,HEM,,,,,,,,no_candidate_passed_prefilter,0,[]
4xau,C,PLP,,,,,,,,all_candidates_pocket_occupied,2,"[""4zwvA: pocket_occupied"", ""4zwvB: chain_not_found""]"
4xcb,A,AKG,4xc9,A,A,2.4,0.6634301805554776,/home/iscb/wolfson/hagairavid/LocAlign/datasets/apo_structures/AKG/apo754fdde920.pdb,apo754fdde920,found,5,"[""4xcaA: pocket_occupied"", ""4xcaB: chain_not_found"", ""4xcaC: chain_not_found"", ""4xcaD: chain_not_found""]"
4xcx,A,SAH,,,,,,,,all_candidates_pocket_occupied,1,"[""5wy0A: pocket_occupied""]"
4xdi,A,HEM,,,,,,,,all_candidates_pocket_occupied,1,"[""6ciiA: pocket_occupied""]"
4xdy,A,NAI,,,,,,,,no_candidate_passed_prefilter,0,[]
4xer,A,CA,4xep,A,A,1.5,0.7440927221270313,/home/iscb/wolfson/hagairavid/LocAlign/datasets/apo_structures/CA/apo6ce612a48c.pdb,apo6ce612a48c,found,1,[]
4xey,B,1N1,,,,,,,,all_candidates_pocket_occupied,6,"[""5mo4A: pocket_occupied"", ""2fo0A: pocket_occupied"", ""8ssnA: pocket_occupied"", ""8ssnB: chain_not_found"", ""1oplA: pocket_occupied"", ""1oplB: chain_not_found""]"
4xgi,A,AKG,,,,,,,,no_candidate_passed_prefilter,0,[]
4xgi,A,NAD,,,,,,,,no_candidate_passed_prefilter,0,[]
4xgl,A,ZN,4xgm,A,A,1.98,0.32800576407309867,/home/iscb/wolfson/hagairavid/LocAlign/datasets/apo_structures/ZN/apo6d5c264df9.pdb,apo6d5c264df9,found,1,[]
4xiw,C,AZM,,,,,,,,all_candidates_pocket_occupied,8,"[""4xixA: pocket_occupied"", ""4xixB: chain_not_found"", ""4xixC: chain_not_found"", ""4xixD: chain_not_found"", ""4xixE: chain_not_found"", ""4xixF: chain_not_found"", ""4xixG: chain_not_found"", ""4xixH: chain_not_found""]"
4xjc,A,TTP,,,,,,,,no_candidate_passed_prefilter,0,[]
4xmh,A,HEM,,,,,,,,all_candidates_pocket_occupied,7,"[""4xmeA: pocket_occupied"", ""4xmcA: pocket_occupied"", ""4xmdA: pocket_occupied"", ""4xmfA: pocket_occupied"", ""5m6kA: pocket_occupied"", ""5m6jA: pocket_occupied"", ""4xmgA: pocket_occupied""]"
4xvx,B,FDA,,,,,,,,no_candidate_passed_prefilter,0,[]
4xzj,A,NAD,4y1w,A,A,1.4,1.004085453812247,/home/iscb/wolfson/hagairavid/LocAlign/datasets/apo_structures/NAD/apoc143b1cb78.pdb,apoc143b1cb78,found,1,[]
4xzw,A,CA,4xzb,A,A,1.62,0.6561185273769695,/home/iscb/wolfson/hagairavid/LocAlign/datasets/apo_structures/CA/apo5bc1ebc663.pdb,apo5bc1ebc663,found,1,[]
4y0a,A,SKM,,,,,,,,no_candidate_passed_prefilter,0,[]
4y4s,A,HEM,4xzd,A,A,1.7,2.7270465010265212,/home/iscb/wolfson/hagairavid/LocAlign/datasets/apo_structures/HEM/apo06bb6cdc41.pdb,apo06bb6cdc41,found,1,[]
4y90,A,CA,,,,,,,,no_candidate_passed_prefilter,0,[]
4y9d,A,NAI,4y98,A,A,2.648,0.09914391739041772,/home/iscb/wolfson/hagairavid/LocAlign/datasets/apo_structures/NAI/apo1b33a4a05a.pdb,apo1b33a4a05a,found,1,[]
4yac,A,NAI,4ya6,A,A,1.799,0.3054682760157423,/home/iscb/wolfson/hagairavid/LocAlign/datasets/apo_structures/NAI/apo68efe2d4f7.pdb,apo68efe2d4f7,found,1,[]
4yai,A,NAI,4yae,A,A,1.602,0.3220916484374514,/home/iscb/wolfson/hagairavid/LocAlign/datasets/apo_structures/NAI/apodc159d30e1.pdb,apodc159d30e1,found,3,"[""4yagA: pocket_occupied"", ""4yagB: chain_not_found""]"
4ybn,A,HEM,,,,,,,,no_candidate_passed_prefilter,0,[]
4ydu,C,ADP,1okj,A,A,2.28,0.8536436106246161,/home/iscb/wolfson/hagairavid/LocAlign/datasets/apo_structures/ADP/apo7fdf0220e6.pdb,apo7fdf0220e6,found,1,[]
4yic,A,CA,,,,,,,,no_candidate_passed_prefilter,0,[]
4yl9,D,CA,4ylb,A,A,2.501,1.6845838666605322,/home/iscb/wolfson/hagairavid/LocAlign/datasets/apo_structures/CA/apo3b61ae9cd2.pdb,apo3b61ae9cd2,found,1,[]
4ymg,B,SAM,4qvk,A,A,1.97,0.7701950874438421,/home/iscb/wolfson/hagairavid/LocAlign/datasets/apo_structures/SAM/apo254de550d9.pdb,apo254de550d9,found,5,"[""4ymhA: pocket_occupied"", ""4ymhB: chain_not_found"", ""4ymhC: chain_not_found"", ""4ymhD: chain_not_found""]"
4ymp,A,HEM,,,,,,,,no_candidate_passed_prefilter,0,[]
4ymu,J,ATP,4ymt,A,A,2.599,0.3281642333313893,/home/iscb/wolfson/hagairavid/LocAlign/datasets/apo_structures/ATP/apo9d918a6814.pdb,apo9d918a6814,found,1,[]
4yng,E,SO4,,,,,,,,no_candidate_passed_prefilter,0,[]
4yr9,A,GOL,4yra,A,A,2.65,1.0229253696458624,/home/iscb/wolfson/hagairavid/LocAlign/datasets/apo_structures/GOL/apoc7f15863c0.pdb,apoc7f15863c0,found,1,[]
4ysn,C,PLP,5ll2,A,A,2.6,0.7201665787970888,/home/iscb/wolfson/hagairavid/LocAlign/datasets/apo_structures/PLP/apof9e78ea330.pdb,apof9e78ea330,found,9,"[""5wyfA: pocket_occupied"", ""5wyfB: chain_not_found"", ""5wyfC: chain_not_found"", ""5wyfD: chain_not_found"", ""5ll3A: pocket_occupied"", ""5ll3B: chain_not_found"", ""5ll3C: chain_not_found"", ""5ll3D: chain_not_found""]"
4ysx,F,SF4,,,,,,,,all_candidates_pocket_occupied,22,"[""5c2tB: pocket_occupied"", ""5c2tF: chain_not_found"", ""5c3jB: pocket_occupied"", ""5c3jF: chain_not_found"", ""3vr8B: pocket_occupied"", ""3vr8F: chain_not_found"", ""3vrbB: pocket_occupied"", ""3vrbF: chain_not_found"", ""4ytnB: pocket_occupied"", ""4ytnF: chain_not_found"", ""3vr9B: pocket_occupied"", ""3vr9F: chain_not_found"", ""4ysyB: pocket_occupied"", ""4ysyF: chain_not_found"", ""4yszB: pocket_occupied"", ""4yszF: chain_not_found"", ""4ytmB: pocket_occupied"", ""4ytmF: chain_not_found"", ""3vraB: pocket_occupied"", ""3vraF: chain_not_found"", ""4yt0B: pocket_occupied"", ""4yt0F: chain_not_found""]"
4yu3,A,HEM,,,,,,,,all_candidates_pocket_occupied,2,"[""4yu4A: pocket_occupied"", ""4yu4C: chain_not_found""]"
4yu3,A,OXY,,,,,,,,all_candidates_pocket_occupied,2,"[""4yu4A: pocket_occupied"", ""4yu4C: chain_not_found""]"
4yu3,B,HEM,,,,,,,,all_candidates_pocket_occupied,2,"[""4yu4B: pocket_occupied"", ""4yu4D: chain_not_found""]"
4ywe,A,CA,,,,,,,,no_candidate_passed_prefilter,0,[]
4ywh,A,XYP,,,,,,,,no_candidate_passed_prefilter,0,[]
4yzo,C,CA,,,,,,,,no_candidate_passed_prefilter,0,[]
4z04,A,GSH,,,,,,,,no_candidate_passed_prefilter,0,[]
4z0n,A,CA,,,,,,,,no_candidate_passed_prefilter,0,[]
4z1d,A,PEP,4z1c,A,A,1.93,0.21150754716369702,/home/iscb/wolfson/hagairavid/LocAlign/datasets/apo_structures/PEP/apo8b285f0e1a.pdb,apo8b285f0e1a,found,1,[]
4z3w,C,SF4,,,,,,,,all_candidates_pocket_occupied,16,"[""4z3xA: pocket_occupied"", ""4z3xB: chain_not_found"", ""4z3xC: chain_not_found"", ""4z3xD: chain_not_found"", ""4z40A: pocket_occupied"", ""4z40B: chain_not_found"", ""4z40C: chain_not_found"", ""4z40D: chain_not_found"", ""4z3yA: pocket_occupied"", ""4z3yB: chain_not_found"", ""4z3yC: chain_not_found"", ""4z3yD: chain_not_found"", ""4z3zA: pocket_occupied"", ""4z3zB: chain_not_found"", ""4z3zC: chain_not_found"", ""4z3zD: chain_not_found""]"
4z5p,A,HEM,,,,,,,,no_candidate_passed_prefilter,0,[]
4z5q,A,HEM,,,,,,,,no_candidate_passed_prefilter,0,[]
4z7x,A,3CX,,,,,,,,no_candidate_passed_prefilter,0,[]
4z87,A,5GP,4xwu,A,A,1.75,0.4712258172977638,/home/iscb/wolfson/hagairavid/LocAlign/datasets/apo_structures/5GP/apofaf8b26195.pdb,apofaf8b26195,found,5,"[""4z0gA: pocket_occupied"", ""4z0gB: chain_not_found"", ""4xtiA: pocket_occupied"", ""4xtiB: chain_not_found""]"
4za2,D,NAD,,,,,,,,all_candidates_pocket_occupied,4,"[""4z9yA: pocket_occupied"", ""4z9yB: chain_not_found"", ""4z9yC: chain_not_found"", ""4z9yD: chain_not_found""]"
4zby,A,SF4,,,,,,,,all_candidates_pocket_occupied,2,"[""4zbxA: pocket_occupied"", ""4zbzA: pocket_occupied""]"
4zev,A,M6P,4qjb,A,A,2.05,0.17779196681393655,/home/iscb/wolfson/hagairavid/LocAlign/datasets/apo_structures/M6P/apo703b2f492b.pdb,apo703b2f492b,found,5,"[""4zewA: pocket_occupied"", ""4zewB: chain_not_found"", ""4zexA: pocket_occupied"", ""4zexB: chain_not_found""]"
4zg9,B,CA,4zg7,A,A,1.75,1.1851854541535953,/home/iscb/wolfson/hagairavid/LocAlign/datasets/apo_structures/CA/apo55a42b3c58.pdb,apo55a42b3c58,found,1,[]
4zi2,A,GNP,,,,,,,,all_candidates_pocket_occupied,13,"[""1fzqA: pocket_occupied"", ""3bh7A: pocket_occupied"", ""4zi3A: pocket_occupied"", ""4zi3B: chain_not_found"", ""4gojA: pocket_occupied"", ""4gojB: chain_not_found"", ""3bh6A: pocket_occupied"", ""7ok7A: pocket_occupied"", ""7ok7B: chain_not_found"", ""7ok7C: chain_not_found"", ""7ok7D: chain_not_found"", ""7ok7E: chain_not_found"", ""7ok7F: chain_not_found""]"
4zoh,B,FAD,,,,,,,,no_candidate_passed_prefilter,0,[]
4zqb,B,NAP,5c5i,A,A,2.2,3.731825588186602,/home/iscb/wolfson/hagairavid/LocAlign/datasets/apo_structures/NAP/apo9e87a48572.pdb,apo9e87a48572,found,1,[]
4ztx,A,ZN,4zty,A,A,1.88,0.23343032312760123,/home/iscb/wolfson/hagairavid/LocAlign/datasets/apo_structures/ZN/apo6c6445cc60.pdb,apo6c6445cc60,found,1,[]
4zyj,D,TYD,4zxv,A,A,3.0,0.6748917746576673,/home/iscb/wolfson/hagairavid/LocAlign/datasets/apo_structures/TYD/apoe9a08fdd69.pdb,apoe9a08fdd69,found,1,[]
5a07,A,GDP,5a08,A,A,2.21,0.4626507826844005,/home/iscb/wolfson/hagairavid/LocAlign/datasets/apo_structures/GDP/apo74272096bc.pdb,apo74272096bc,found,1,[]
5a07,A,MN,5a08,A,A,2.21,0.4626507826844005,/home/iscb/wolfson/hagairavid/LocAlign/datasets/apo_structures/MN/apo74272096bc.pdb,apo74272096bc,found,1,[]
5a0y,A,COM,,,,,,,,all_candidates_pocket_occupied,34,"[""1hbnA: pocket_occupied"", ""1hbnD: chain_not_found"", ""1mroA: pocket_occupied"", ""1mroD: chain_not_found"", ""3potA: pocket_occupied"", ""3potD: chain_not_found"", ""5g0rA: pocket_occupied"", ""5g0rD: chain_not_found"", ""3m2rA: pocket_occupied"", ""3m2rD: chain_not_found"", ""3m32A: pocket_occupied"", ""3m32D: chain_not_found"", ""3m2uA: pocket_occupied"", ""3m2uD: chain_not_found"", ""3m1vA: pocket_occupied"", ""3m1vD: chain_not_found"", ""3m30A: pocket_occupied"", ""3m30D: chain_not_found"", ""9n46A: pocket_occupied"", ""9n46a: chain_not_found"", ""1hboA: pocket_occupied"", ""1hboD: chain_not_found"", ""1hbmA: pocket_occupied"", ""1hbmD: chain_not_found"", ""3m2vA: pocket_occupied"", ""3m2vD: chain_not_found"", ""1hbuA: pocket_occupied"", ""1hbuD: chain_not_found"", ""7sucA: pocket_occupied"", ""7suca: chain_not_found"", ""7b2hA: pocket_occupied"", ""7b2hD: chain_not_found"", ""7sxmA: pocket_occupied"", ""7sxmD: chain_not_found""]"
5a24,A,E64,,,,,,,,no_candidate_passed_prefilter,0,[]
5a7v,A,BMA,,,,,,,,no_candidate_passed_prefilter,0,[]
5a8w,D,COM,,,,,,,,no_candidate_passed_prefilter,0,[]
5a9y,A,G4P,4zci,A,A,2.627,4.340020684102832,/home/iscb/wolfson/hagairavid/LocAlign/datasets/apo_structures/G4P/apo69859213e6.pdb,apo69859213e6,found,1,[]
5aa6,B,VO4,,,,,,,,no_candidate_passed_prefilter,0,[]
5ab6,D,CAA,5ab4,A,A,1.751,0.5914069010432174,/home/iscb/wolfson/hagairavid/LocAlign/datasets/apo_structures/CAA/apoed40d751c6.pdb,apoed40d751c6,found,1,[]
5adk,A,HEM,,,,,,,,all_candidates_pocket_occupied,254,"[""1d0cA: pocket_occupied"", ""1d0cB: chain_not_found"", ""1q2oA: pocket_occupied"", ""1q2oB: chain_not_found"", ""4cftA: pocket_occupied"", ""4cftB: chain_not_found"", ""1ed5A: pocket_occupied"", ""1ed5B: chain_not_found"", ""1zzsA: pocket_occupied"", ""1zzsB: chain_not_found"", ""1ed4A: pocket_occupied"", ""1ed4B: chain_not_found"", ""4cu1A: pocket_occupied"", ""4cu1B: chain_not_found"", ""1dmkA: pocket_occupied"", ""1dmkB: chain_not_found"", ""1nseA: pocket_occupied"", ""1nseB: chain_not_found"", ""5nseA: pocket_occupied"", ""5nseB: chain_not_found"", ""2g6oA: pocket_occupied"", ""2g6oB: chain_not_found"", ""1d1vA: pocket_occupied"", ""1d1vB: chain_not_found"", ""1foiA: pocket_occupied"", ""1foiB: chain_not_found"", ""4uprA: pocket_occupied"", ""4uprB: chain_not_found"", ""3pnhA: pocket_occupied"", ""3pnhB: chain_not_found"", ""1d0oA: pocket_occupied"", ""1d0oB: chain_not_found"", ""1dm6A: pocket_occupied"", ""1dm6B: chain_not_found"", ""3nleA: pocket_occupied"", ""3nleB: chain_not_found"", ""4nseA: pocket_occupied"", ""4nseB: chain_not_found"", ""4upsA: pocket_occupied"", ""4upsB: chain_not_found"", ""2hx2A: pocket_occupied"", ""2hx2B: chain_not_found"", ""3nliA: pocket_occupied"", ""3nliB: chain_not_found"", ""1d1wA: pocket_occupied"", ""1d1wB: chain_not_found"", ""1d1xA: pocket_occupied"", ""1d1xB: chain_not_found"", ""1dmiA: pocket_occupied"", ""1dmiB: chain_not_found"", ""1fooA: pocket_occupied"", ""1fooB: chain_not_found"", ""1i83A: pocket_occupied"", ""1i83B: chain_not_found"", ""3jwxA: pocket_occupied"", ""3jwxB: chain_not_found"", ""4d39A: pocket_occupied"", ""4d39B: chain_not_found"", ""4k5kA: pocket_occupied"", ""4k5kB: chain_not_found"", ""5adnA: pocket_occupied"", ""5adnB: chain_not_found"", ""5vv6A: pocket_occupied"", ""5vv6B: chain_not_found"", ""4ctzA: pocket_occupied"", ""4ctzB: chain_not_found"", ""5uodA: pocket_occupied"", ""5uodB: chain_not_found"", ""4kcqA: pocket_occupied"", ""4kcqB: chain_not_found"", ""4upqA: pocket_occupied"", ""4upqB: chain_not_found"", ""3dqsA: pocket_occupied"", ""3dqsB: chain_not_found"", ""4cx2A: pocket_occupied"", ""4cx2B: chain_not_found"", ""4jslA: pocket_occupied"", ""4jslB: chain_not_found"", ""5fvzA: pocket_occupied"", ""5fvzB: chain_not_found"", ""1ed6A: pocket_occupied"", ""1ed6B: chain_not_found"", ""4carA: pocket_occupied"", ""4carB: chain_not_found"", ""4kcsA: pocket_occupied"", ""4kcsB: chain_not_found"", ""5fj2A: pocket_occupied"", ""5fj2B: chain_not_found"", ""4d36A: pocket_occupied"", ""4d36B: chain_not_found"", ""4kcpA: pocket_occupied"", ""4kcpB: chain_not_found"", ""3rqoA: pocket_occupied"", ""3rqoB: chain_not_found"", ""4cu0A: pocket_occupied"", ""4cu0B: chain_not_found"", ""4cwzA: pocket_occupied"", ""4cwzB: chain_not_found"", ""4k5iA: pocket_occupied"", ""4k5iB: chain_not_found"", ""4d33A: pocket_occupied"", ""4d33B: chain_not_found"", ""4kcrA: pocket_occupied"", ""4kcrB: chain_not_found"", ""5fvyA: pocket_occupied"", ""5fvyB: chain_not_found"", ""1dm7A: pocket_occupied"", ""1dm7B: chain_not_found"", ""1fojA: pocket_occupied"", ""1fojB: chain_not_found"", ""3nlhA: pocket_occupied"", ""3nlhB: chain_not_found"", ""3nseA: pocket_occupied"", ""3nseB: chain_not_found"", ""4d37A: pocket_occupied"", ""4d37B: chain_not_found"", ""4cx1A: pocket_occupied"", ""4cx1B: chain_not_found"", ""4uh9A: pocket_occupied"", ""4uh9B: chain_not_found"", ""1zztA: pocket_occupied"", ""1zztB: chain_not_found"", ""4cwxA: pocket_occupied"", ""4cwxB: chain_not_found"", ""4cwyA: pocket_occupied"", ""4cwyB: chain_not_found"", ""5vv8A: pocket_occupied"", ""5vv8B: chain_not_found"", ""4cwwA: pocket_occupied"", ""4cwwB: chain_not_found"", ""3n5sA: pocket_occupied"", ""3n5sB: chain_not_found"", ""4d35A: pocket_occupied"", ""4d35B: chain_not_found"", ""5admA: pocket_occupied"", ""5admB: chain_not_found"", ""1d1yA: pocket_occupied"", ""1d1yB: chain_not_found"", ""1folA: pocket_occupied"", ""1folB: chain_not_found"", ""3jwwA: pocket_occupied"", ""3jwwB: chain_not_found"", ""4c3aA: pocket_occupied"", ""4c3aB: chain_not_found"", ""4cx0A: pocket_occupied"", ""4cx0B: chain_not_found"", ""4uhaA: pocket_occupied"", ""4uhaB: chain_not_found"", ""4uptA: pocket_occupied"", ""4uptB: chain_not_found"", ""5fj3A: pocket_occupied"", ""5fj3B: chain_not_found"", ""5vv7A: pocket_occupied"", ""5vv7B: chain_not_found"", ""5adlA: pocket_occupied"", ""5adlB: chain_not_found"", ""5adjA: pocket_occupied"", ""5adjB: chain_not_found"", ""1rs9A: pocket_occupied"", ""1rs9B: chain_not_found"", ""4culA: pocket_occupied"", ""4culB: chain_not_found"", ""4uh7A: pocket_occupied"", ""4uh7B: chain_not_found"", ""3jwyA: pocket_occupied"", ""3jwyB: chain_not_found"", ""9nseA: pocket_occupied"", ""9nseB: chain_not_found"", ""1dm8A: pocket_occupied"", ""1dm8B: chain_not_found"", ""4d34A: pocket_occupied"", ""4d34B: chain_not_found"", ""4jsmA: pocket_occupied"", ""4jsmB: chain_not_found"", ""4k5hA: pocket_occupied"", ""4k5hB: chain_not_found"", ""8nseA: pocket_occupied"", ""8nseB: chain_not_found"", ""4imxA: pocket_occupied"", ""4imxB: chain_not_found"", ""4luwA: pocket_occupied"", ""4luwB: chain_not_found"", ""4d3aA: pocket_occupied"", ""4d3aB: chain_not_found"", ""1p6mA: pocket_occupied"", ""1p6mB: chain_not_found"", ""4jskA: pocket_occupied"", ""4jskB: chain_not_found"", ""3nldA: pocket_occupied"", ""3nldB: chain_not_found"", ""1fopA: pocket_occupied"", ""1fopB: chain_not_found"", ""4ctyA: pocket_occupied"", ""4ctyB: chain_not_found"", ""4d38A: pocket_occupied"", ""4d38B: chain_not_found"", ""4uh8A: pocket_occupied"", ""4uh8B: chain_not_found"", ""5vvgA: pocket_occupied"", ""5vvgB: chain_not_found"", ""1rs8A: pocket_occupied"", ""1rs8B: chain_not_found"", ""4cvgA: pocket_occupied"", ""4cvgB: chain_not_found"", ""3nlfA: pocket_occupied"", ""3nlfB: chain_not_found"", ""4cumA: pocket_occupied"", ""4cumB: chain_not_found"", ""2nseA: pocket_occupied"", ""2nseB: chain_not_found"", ""4cwvA: pocket_occupied"", ""4cwvB: chain_not_found"", ""1dmjA: pocket_occupied"", ""1dmjB: chain_not_found"", ""3rqpA: pocket_occupied"", ""3rqpB: chain_not_found"", ""6nseA: pocket_occupied"", ""6nseB: chain_not_found"", ""7nseA: pocket_occupied"", ""7nseB: chain_not_found"", ""1p6lA: pocket_occupied"", ""1p6lB: chain_not_found"", ""4k5jA: pocket_occupied"", ""4k5jB: chain_not_found"", ""3nlgA: pocket_occupied"", ""3nlgB: chain_not_found"", ""3n5pA: pocket_occupied"", ""3n5pB: chain_not_found"", ""3jwzA: pocket_occupied"", ""3jwzB: chain_not_found"", ""5vvnA: pocket_occupied"", ""5vvnB: chain_not_found"", ""4cunA: pocket_occupied"", ""4cunB: chain_not_found"", ""5vv9A: pocket_occupied"", ""5vv9B: chain_not_found"", ""3e7sA: pocket_occupied"", ""3e7sB: chain_not_found"", ""1p6nA: pocket_occupied"", ""1p6nB: chain_not_found"", ""3n5tA: pocket_occupied"", ""3n5tB: chain_not_found"", ""3dqtA: pocket_occupied"", ""3dqtB: chain_not_found"", ""5vvaA: pocket_occupied"", ""5vvaB: chain_not_found"", ""3n5rA: pocket_occupied"", ""3n5rB: chain_not_found"", ""3nluA: pocket_occupied"", ""3nluB: chain_not_found"", ""3nltA: pocket_occupied"", ""3nltB: chain_not_found"", ""3n5qA: pocket_occupied"", ""3n5qB: chain_not_found""]"
5agy,A,GTB,,,,,,,,no_candidate_passed_prefilter,0,[]
5ah5,A,LSS,,,,,,,,no_candidate_passed_prefilter,0,[]
5ahz,A,RET,,,,,,,,all_candidates_pocket_occupied,4,"[""2jafA: pocket_occupied"", ""2jagA: pocket_occupied"", ""5ahyA: pocket_occupied"", ""5g36A: pocket_occupied""]"
5aja,B,ZN,4z8l,A,B,2.6,1.1411301094752642,/home/iscb/wolfson/hagairavid/LocAlign/datasets/apo_structures/ZN/apob3d01b685b.pdb,apob3d01b685b,found,1,[]
5amv,A,CA,2o04,A,A,1.7,0.8083458116693852,/home/iscb/wolfson/hagairavid/LocAlign/datasets/apo_structures/CA/apo316ec16899.pdb,apo316ec16899,found,1,[]
5aog,A,HEM,,,,,,,,no_candidate_passed_prefilter,0,[]
5apw,B,CA,3azd,A,A,0.98,1.230243133245985,/home/iscb/wolfson/hagairavid/LocAlign/datasets/apo_structures/CA/apocc276a8f52.pdb,apocc276a8f52,found,1,[]
5aqe,A,CA,1gci,A,A,0.78,0.08990993089696384,/home/iscb/wolfson/hagairavid/LocAlign/datasets/apo_structures/CA/apofa4862e1de.pdb,apofa4862e1de,found,1,[]
5avp,A,MN,,,,,,,,no_candidate_passed_prefilter,0,[]
5awz,A,RET,,,,,,,,all_candidates_pocket_occupied,2,"[""5ax0A: pocket_occupied"", ""5ax1A: pocket_occupied""]"
5ayv,B,COA,,,,,,,,all_candidates_pocket_occupied,4,"[""5hwsA: pocket_occupied"", ""5hwsB: chain_not_found"", ""5hwsC: chain_not_found"", ""5hwsD: chain_not_found""]"
5ayv,B,KPL,,,,,,,,all_candidates_pocket_occupied,4,"[""5hwsA: pocket_occupied"", ""5hwsB: chain_not_found"", ""5hwsC: chain_not_found"", ""5hwsD: chain_not_found""]"
5az1,A,CA,5az0,A,A,2.2,0.19647417014668644,/home/iscb/wolfson/hagairavid/LocAlign/datasets/apo_structures/CA/apo1b60791aa4.pdb,apo1b60791aa4,found,1,[]
5aza,A,CA,8c8f,A,A,1.15,3.6505494342217286,/home/iscb/wolfson/hagairavid/LocAlign/datasets/apo_structures/CA/apo6bb466ccde.pdb,apo6bb466ccde,found,1,[]
5aze,H,CA,,,,,,,,no_uniprot_mapping,0,[]
5b0w,A,RET,,,,,,,,all_candidates_pocket_occupied,6,"[""5etzA: pocket_occupied"", ""5etzB: chain_not_found"", ""5etzD: chain_not_found"", ""3a7kA: pocket_occupied"", ""3a7kB: chain_not_found"", ""3a7kD: chain_not_found""]"
5b1i,A,AA5,,,,,,,,all_candidates_pocket_occupied,4,"[""5b1hA: pocket_occupied"", ""5b1hB: chain_not_found"", ""5b1hC: chain_not_found"", ""5b1hD: chain_not_found""]"
5b50,A,HEM,,,,,,,,all_candidates_pocket_occupied,3,"[""5b4zA: pocket_occupied"", ""5b51A: pocket_occupied"", ""5az3A: pocket_occupied""]"
5b5l,A,CA,5b5s,A,A,1.5,0.38106563838340757,/home/iscb/wolfson/hagairavid/LocAlign/datasets/apo_structures/CA/apo503f36beee.pdb,apo503f36beee,found,1,[]
5b8h,A,AMP,,,,,,,,no_candidate_passed_prefilter,0,[]
5buv,A,CYT,,,,,,,,no_candidate_passed_prefilter,0,[]
5bv2,P,HDD,,,,,,,,all_candidates_pocket_occupied,181,"[""6ztxA: pocket_occupied"", ""6ztxB: chain_not_found"", ""6ztxC: chain_not_found"", ""6ztxD: chain_not_found"", ""3ttvA: pocket_occupied"", ""3ttvB: chain_not_found"", ""3ttvC: chain_not_found"", ""3ttvD: chain_not_found"", ""3p9qA: pocket_occupied"", ""3p9qB: chain_not_found"", ""3p9qC: chain_not_found"", ""3p9qD: chain_not_found"", ""3p9pA: pocket_occupied"", ""3p9pB: chain_not_found"", ""3p9pC: chain_not_found"", ""3p9pD: chain_not_found"", ""4enpA: pocket_occupied"", ""4enpB: chain_not_found"", ""4enpC: chain_not_found"", ""4enpD: chain_not_found"", ""3tttA: pocket_occupied"", ""3tttB: chain_not_found"", ""3tttC: chain_not_found"", ""3tttD: chain_not_found"", ""4enrA: pocket_occupied"", ""4enrB: chain_not_found"", ""4enrC: chain_not_found"", ""4enrD: chain_not_found"", ""4ensA: pocket_occupied"", ""4ensB: chain_not_found"", ""4ensC: chain_not_found"", ""4ensD: chain_not_found"", ""3ttwA: pocket_occupied"", ""3ttwB: chain_not_found"", ""3ttwC: chain_not_found"", ""3ttwD: chain_not_found"", ""4bflA: pocket_occupied"", ""4bflB: chain_not_found"", ""4bflC: chain_not_found"", ""4bflD: chain_not_found"", ""1p80A: pocket_occupied"", ""1p80B: chain_not_found"", ""1p80C: chain_not_found"", ""1p80D: chain_not_found"", ""4entA: pocket_occupied"", ""4entB: chain_not_found"", ""4entC: chain_not_found"", ""4entD: chain_not_found"", ""4enuA: pocket_occupied"", ""4enuB: chain_not_found"", ""4enuC: chain_not_found"", ""4enuD: chain_not_found"", ""4envA: pocket_occupied"", ""4envB: chain_not_found"", ""4envC: chain_not_found"", ""4envD: chain_not_found"", ""3ttxA: pocket_occupied"", ""3ttxB: chain_not_found"", ""3ttxC: chain_not_found"", ""3ttxD: chain_not_found"", ""6ztvA: pocket_occupied"", ""6ztvB: chain_not_found"", ""6ztvC: chain_not_found"", ""6ztvD: chain_not_found"", ""3pq2A: pocket_occupied"", ""3pq2B: chain_not_found"", ""3pq2C: chain_not_found"", ""3pq2D: chain_not_found"", ""3pq3A: pocket_occupied"", ""3pq3B: chain_not_found"", ""3pq3C: chain_not_found"", ""3pq3D: chain_not_found"", ""3pq4A: pocket_occupied"", ""3pq4B: chain_not_found"", ""3pq4C: chain_not_found"", ""3pq4D: chain_not_found"", ""1cf9A: pocket_occupied"", ""1cf9B: chain_not_found"", ""1cf9C: chain_not_found"", ""1cf9D: chain_not_found"", ""3pq5A: pocket_occupied"", ""3pq5B: chain_not_found"", ""3pq5C: chain_not_found"", ""3pq5D: chain_not_found"", ""3pq6A: pocket_occupied"", ""3pq6B: chain_not_found"", ""3pq6C: chain_not_found"", ""3pq6D: chain_not_found"", ""3pq7A: pocket_occupied"", ""3pq7B: chain_not_found"", ""3pq7C: chain_not_found"", ""3pq7D: chain_not_found"", ""3pq8A: pocket_occupied"", ""3pq8B: chain_not_found"", ""3pq8C: chain_not_found"", ""3pq8D: chain_not_found"", ""1p81A: pocket_occupied"", ""1p81B: chain_not_found"", ""1p81C: chain_not_found"", ""1p81D: chain_not_found"", ""6ztwA: pocket_occupied"", ""6ztwB: chain_not_found"", ""6ztwC: chain_not_found"", ""6ztwD: chain_not_found"", ""6ztwE: chain_not_found"", ""6ztwF: chain_not_found"", ""6ztwG: chain_not_found"", ""6ztwH: chain_not_found"", ""1gg9A: pocket_occupied"", ""1gg9B: chain_not_found"", ""1gg9C: chain_not_found"", ""1gg9D: chain_not_found"", ""1ggeA: pocket_occupied"", ""1ggeB: chain_not_found"", ""1ggeC: chain_not_found"", ""1ggeD: chain_not_found"", ""3ttuA: pocket_occupied"", ""3ttuB: chain_not_found"", ""3ttuC: chain_not_found"", ""3ttuD: chain_not_found"", ""1qwsA: pocket_occupied"", ""1qwsB: chain_not_found"", ""1qwsC: chain_not_found"", ""1qwsD: chain_not_found"", ""3p9rA: pocket_occupied"", ""3p9rB: chain_not_found"", ""3p9rC: chain_not_found"", ""3p9rD: chain_not_found"", ""3p9sA: pocket_occupied"", ""3p9sB: chain_not_found"", ""3p9sC: chain_not_found"", ""3p9sD: chain_not_found"", ""4enqA: pocket_occupied"", ""4enqB: chain_not_found"", ""4enqC: chain_not_found"", ""4enqD: chain_not_found"", ""4enwA: pocket_occupied"", ""4enwB: chain_not_found"", ""4enwC: chain_not_found"", ""4enwD: chain_not_found"", ""1ggjA: pocket_occupied"", ""1ggjB: chain_not_found"", ""1ggjC: chain_not_found"", ""1ggjD: chain_not_found"", ""1gghA: pocket_occupied"", ""1gghB: chain_not_found"", ""1gghC: chain_not_found"", ""1gghD: chain_not_found"", ""1qf7A: pocket_occupied"", ""1qf7B: chain_not_found"", ""1qf7C: chain_not_found"", ""1qf7D: chain_not_found"", ""1p7zA: pocket_occupied"", ""1p7zB: chain_not_found"", ""1p7zC: chain_not_found"", ""1p7zD: chain_not_found"", ""1ggkA: pocket_occupied"", ""1ggkB: chain_not_found"", ""1ggkC: chain_not_found"", ""1ggkD: chain_not_found"", ""1ggfA: pocket_occupied"", ""1ggfB: chain_not_found"", ""1ggfC: chain_not_found"", ""1ggfD: chain_not_found"", ""1p7yA: pocket_occupied"", ""1p7yB: chain_not_found"", ""1p7yC: chain_not_found"", ""1p7yD: chain_not_found"", ""28wuA: pocket_occupied"", ""28wuB: chain_not_found"", ""28wuC: chain_not_found"", ""28wuD: chain_not_found"", ""1iphA: pocket_occupied"", ""1iphB: chain_not_found"", ""1iphC: chain_not_found"", ""1iphD: chain_not_found"", ""3vu3A: pocket_occupied"", ""6by0A: pocket_occupied"", ""6by0B: chain_not_found"", ""6by0C: chain_not_found"", ""6by0D: chain_not_found""]"
5bv5,B,HEM,,,,,,,,all_candidates_pocket_occupied,21,"[""1io7A: pocket_occupied"", ""1io7B: chain_not_found"", ""1f4tA: pocket_occupied"", ""1f4tB: chain_not_found"", ""1io8A: pocket_occupied"", ""1io8B: chain_not_found"", ""4wpdA: pocket_occupied"", ""4wpdB: chain_not_found"", ""1io9A: pocket_occupied"", ""1io9B: chain_not_found"", ""4tt5A: pocket_occupied"", ""4tuvA: pocket_occupied"", ""1f4uA: pocket_occupied"", ""1f4uB: chain_not_found"", ""4wqjA: pocket_occupied"", ""7uorA: pocket_occupied"", ""7uorB: chain_not_found"", ""7uorC: chain_not_found"", ""7uorD: chain_not_found"", ""7uorE: chain_not_found"", ""7uorF: chain_not_found""]"
5bw4,B,SAM,4x1o,A,A,1.7,1.7651648483729743,/home/iscb/wolfson/hagairavid/LocAlign/datasets/apo_structures/SAM/apoa638c313e9.pdb,apoa638c313e9,found,1,[]
5bwe,B,SF4,,,,,,,,all_candidates_pocket_occupied,3,"[""4pkfB: pocket_occupied"", ""9pzjB: pocket_occupied"", ""9pzjE: chain_not_found""]"
5bwm,B,NAI,4xsg,A,B,1.8,0.5366506597975202,/home/iscb/wolfson/hagairavid/LocAlign/datasets/apo_structures/NAI/apoac6ecc83f5.pdb,apoac6ecc83f5,found,1,[]
5c2g,A,CAP,,,,,,,,all_candidates_pocket_occupied,3,"[""5c2cA: pocket_occupied"", ""5c2cB: chain_not_found"", ""5c2cC: chain_not_found""]"
5c37,A,NDP,9b80,A,A,2.7,1.1258257971221366,/home/iscb/wolfson/hagairavid/LocAlign/datasets/apo_structures/NDP/apocbfde54817.pdb,apocbfde54817,found,11,"[""6nnaA: pocket_occupied"", ""6nnaB: chain_not_found"", ""4pivA: pocket_occupied"", ""4pivB: chain_not_found"", ""8gkcA: pocket_occupied"", ""8gkcD: chain_not_found"", ""8eyiE: pocket_occupied"", ""8eyiF: chain_not_found"", ""8eykE: pocket_occupied"", ""8eykF: chain_not_found""]"
5c41,A,ACP,5bye,A,A,1.75,0.6840635046382971,/home/iscb/wolfson/hagairavid/LocAlign/datasets/apo_structures/ACP/apob3738e2c2c.pdb,apob3738e2c2c,found,9,"[""9cvbA: pocket_occupied"", ""9cvbB: chain_not_found"", ""9cwuA: pocket_occupied"", ""9cwuB: chain_not_found"", ""5c40A: pocket_occupied"", ""5c40B: chain_not_found"", ""9cvaA: pocket_occupied"", ""9cvaB: chain_not_found""]"
5c5u,B,MN,,,,,,,,all_candidates_pocket_occupied,2,"[""5c5tA: pocket_occupied"", ""5c5tB: chain_not_found""]"
5c6e,A,HEM,,,,,,,,all_candidates_pocket_occupied,26,"[""2d5xA: pocket_occupied"", ""1iwhA: pocket_occupied"", ""1ns9A: pocket_occupied"", ""1ibeA: pocket_occupied"", ""8purA: pocket_occupied"", ""1g0bA: pocket_occupied"", ""2zltA: pocket_occupied"", ""6svaA: pocket_occupied"", ""8puqA: pocket_occupied"", ""2mhbA: pocket_occupied"", ""2zluA: pocket_occupied"", ""2zlvA: pocket_occupied"", ""1ns6A: pocket_occupied"", ""1y8kA: pocket_occupied"", ""1y8kC: chain_not_found"", ""6r2oA: pocket_occupied"", ""6r2oC: chain_not_found"", ""1y8iA: pocket_occupied"", ""1y8iC: chain_not_found"", ""2dhbA: pocket_occupied"", ""2zlxA: pocket_occupied"", ""2zlxC: chain_not_found"", ""2zlwA: pocket_occupied"", ""2zlwC: chain_not_found"", ""1y8hA: pocket_occupied"", ""1y8hC: chain_not_found""]"
5c6e,B,HEM,,,,,,,,all_candidates_pocket_occupied,26,"[""2d5xB: pocket_occupied"", ""1iwhB: pocket_occupied"", ""1ns9B: pocket_occupied"", ""1ibeB: pocket_occupied"", ""8purB: pocket_occupied"", ""1g0bB: pocket_occupied"", ""2zltB: pocket_occupied"", ""6svaB: pocket_occupied"", ""8puqB: pocket_occupied"", ""2mhbB: pocket_occupied"", ""2zluB: pocket_occupied"", ""2zlvB: pocket_occupied"", ""1ns6B: pocket_occupied"", ""1y8kB: pocket_occupied"", ""1y8kD: chain_not_found"", ""6r2oB: pocket_occupied"", ""6r2oD: chain_not_found"", ""1y8iB: pocket_occupied"", ""1y8iD: chain_not_found"", ""2dhbB: pocket_occupied"", ""2zlxB: pocket_occupied"", ""2zlxD: chain_not_found"", ""2zlwB: pocket_occupied"", ""2zlwD: chain_not_found"", ""1y8hB: pocket_occupied"", ""1y8hD: chain_not_found""]"
5c8w,B,PCG,,,,,,,,all_candidates_pocket_occupied,2,"[""5c6cA: pocket_occupied"", ""5c6cB: chain_not_found""]"
5cad,A,ACT,,,,,,,,no_candidate_passed_prefilter,0,[]
5cb7,B,GAL,5caz,A,A,1.8,0.9124348840215224,/home/iscb/wolfson/hagairavid/LocAlign/datasets/apo_structures/GAL/apo3d1f8a197b.pdb,apo3d1f8a197b,found,1,[]
5cee,A,NAD,,,,,,,,no_candidate_passed_prefilter,0,[]
5co4,B,MTA,,,,,,,,no_candidate_passed_prefilter,0,[]
5csr,C,GOL,5css,A,A,2.17,1.5285721560446766,/home/iscb/wolfson/hagairavid/LocAlign/datasets/apo_structures/GOL/apo28e194902e.pdb,apo28e194902e,found,1,[]
5cu1,A,FE,,,,,,,,no_candidate_passed_prefilter,0,[]
5cwe,A,HEM,,,,,,,,all_candidates_pocket_occupied,1,"[""5cjeA: pocket_occupied""]"
5cx7,E,HEM,,,,,,,,no_candidate_passed_prefilter,0,[]
5cyp,A,GSP,,,,,,,,all_candidates_pocket_occupied,4,"[""5cyoA: pocket_occupied"", ""5cyoB: chain_not_found"", ""4yqfA: pocket_occupied"", ""4yqfB: chain_not_found""]"
5d3u,A,HEM,,,,,,,,all_candidates_pocket_occupied,8,"[""4tpnA: pocket_occupied"", ""4tpoA: chain_not_found"", ""5d40A: chain_not_found"", ""5d40B: chain_not_found"", ""9uycA: chain_not_found"", ""9uycC: chain_not_found"", ""4l36A: chain_not_found"", ""4l36B: chain_not_found""]"
5d5d,A,CA,8rqp,A,A,1.45,2.075479602975672,/home/iscb/wolfson/hagairavid/LocAlign/datasets/apo_structures/CA/apoa93b040613.pdb,apoa93b040613,found,1,[]
5d6c,H,CA,,,,,,,,no_uniprot_mapping,0,[]
5d6j,A,ATP,,,,,,,,all_candidates_pocket_occupied,12,"[""5icrA: pocket_occupied"", ""5icrB: chain_not_found"", ""5icrC: chain_not_found"", ""5icrD: chain_not_found"", ""5ey8A: pocket_occupied"", ""5ey8B: chain_not_found"", ""5ey8C: chain_not_found"", ""5ey8D: chain_not_found"", ""5ey8E: chain_not_found"", ""5ey8F: chain_not_found"", ""5ey8G: chain_not_found"", ""5ey8H: chain_not_found""]"
5d73,A,GSH,,,,,,,,no_candidate_passed_prefilter,0,[]
5da5,A,GOA,6sv1,A,A,2.19,0.16965728016635123,/home/iscb/wolfson/hagairavid/LocAlign/datasets/apo_structures/GOA/apod4db826ba9.pdb,apod4db826ba9,found,1,[]
5da9,A,AGS,,,,,,,,all_candidates_pocket_occupied,4,"[""5dacA: pocket_occupied"", ""5dacB: chain_not_found"", ""7zr1C: pocket_occupied"", ""7zr1D: chain_not_found""]"
5da9,A,MG,,,,,,,,all_candidates_pocket_occupied,4,"[""5dacA: pocket_occupied"", ""5dacB: chain_not_found"", ""7zr1C: pocket_occupied"", ""7zr1D: chain_not_found""]"
5de3,A,GNP,,,,,,,,all_candidates_pocket_occupied,1,"[""5di3A: pocket_occupied""]"
5dfs,A,HEC,,,,,,,,no_candidate_passed_prefilter,0,[]
5dgr,A,GCS,5dgq,A,A,1.9,0.19024461072856733,/home/iscb/wolfson/hagairavid/LocAlign/datasets/apo_structures/GCS/apo842ddea2cc.pdb,apo842ddea2cc,found,1,[]
5di3,B,GNP,,,,,,,,all_candidates_pocket_occupied,3,"[""4m9qA: pocket_occupied"", ""4m9qB: chain_not_found"", ""4m9qC: chain_not_found""]"
5dn1,A,AMZ,,,,,,,,all_candidates_pocket_occupied,3,"[""1vzwA: pocket_occupied"", ""2vepA: pocket_occupied"", ""2x30A: pocket_occupied""]"
5dn6,D,ATP,5cdf,A,E,2.3,3.722301199139478,/home/iscb/wolfson/hagairavid/LocAlign/datasets/apo_structures/ATP/apo1f5288135c.pdb,apo1f5288135c,found,1,[]
5do8,B,BGC,,,,,,,,no_candidate_passed_prefilter,0,[]
5dou,D,PO4,6uel,A,A,1.9,2.0083112855028444,/home/iscb/wolfson/hagairavid/LocAlign/datasets/apo_structures/PO4/apo4aa71eb714.pdb,apo4aa71eb714,found,1,[]
5dt9,A,NAD,,,,,,,,no_candidate_passed_prefilter,0,[]
5dtu,A,ADP,,,,,,,,no_candidate_passed_prefilter,0,[]
5dul,B,NDP,,,,,,,,no_candidate_passed_prefilter,0,[]
5dul,C,NDP,,,,,,,,no_candidate_passed_prefilter,0,[]
5dy2,A,FMN,,,,,,,,all_candidates_pocket_occupied,3,"[""5dxxA: pocket_occupied"", ""5dxyA: pocket_occupied"", ""5dy3A: pocket_occupied""]"
5dy9,E,AMP,2qtx,A,A,2.5,1.1127910777209014,/home/iscb/wolfson/hagairavid/LocAlign/datasets/apo_structures/AMP/apof731c02ff6.pdb,apof731c02ff6,found,13,"[""4x9cA: pocket_occupied"", ""4x9cB: chain_not_found"", ""4x9cC: chain_not_found"", ""4x9cD: chain_not_found"", ""4x9cE: chain_not_found"", ""4x9cF: chain_not_found"", ""4x9dA: pocket_occupied"", ""4x9dB: chain_not_found"", ""4x9dC: chain_not_found"", ""4x9dD: chain_not_found"", ""4x9dE: chain_not_found"", ""4x9dF: chain_not_found""]"
5dzc,A,ANP,5dyl,A,A,2.4,0.3249849096574674,/home/iscb/wolfson/hagairavid/LocAlign/datasets/apo_structures/ANP/apo2ed66decb4.pdb,apo2ed66decb4,found,2,"[""4rz7A: pocket_occupied""]"
5e16,A,PCG,5dyk,A,A,2.45,1.957433298845418,/home/iscb/wolfson/hagairavid/LocAlign/datasets/apo_structures/PCG/apofde131c74c.pdb,apofde131c74c,found,1,[]
5e1q,B,CA,3a24,A,A,2.3,0.2060466267240551,/home/iscb/wolfson/hagairavid/LocAlign/datasets/apo_structures/CA/apo94be85d7c5.pdb,apo94be85d7c5,found,1,[]
5e1r,C,CU,,,,,,,,no_candidate_passed_prefilter,0,[]
5e58,C,HEM,,,,,,,,no_candidate_passed_prefilter,0,[]
5e7g,A,CA,,,,,,,,no_candidate_passed_prefilter,0,[]
5e9g,B,GOL,5e9f,A,A,2.8,0.6176585297235996,/home/iscb/wolfson/hagairavid/LocAlign/datasets/apo_structures/GOL/apob2062fa80e.pdb,apob2062fa80e,found,1,[]
5e9u,A,UDP,5e9t,A,A,2.92,2.7721770115574738,/home/iscb/wolfson/hagairavid/LocAlign/datasets/apo_structures/UDP/apod2359bd57e.pdb,apod2359bd57e,found,1,[]
5ean,A,ADP,,,,,,,,all_candidates_pocket_occupied,4,"[""5eawA: pocket_occupied"", ""5eawB: chain_not_found"", ""5eaxA: pocket_occupied"", ""5eaxB: chain_not_found""]"
5ean,A,SF4,,,,,,,,all_candidates_pocket_occupied,4,"[""5eawA: pocket_occupied"", ""5eawB: chain_not_found"", ""5eaxA: pocket_occupied"", ""5eaxB: chain_not_found""]"
5ebx,A,SO4,1qkd,A,A,1.49,0.8328328436938552,/home/iscb/wolfson/hagairavid/LocAlign/datasets/apo_structures/SO4/apoa8d2c1237a.pdb,apoa8d2c1237a,found,1,[]
5ecd,A,EPE,5ecw,A,A,1.94,0.7636287794515312,/home/iscb/wolfson/hagairavid/LocAlign/datasets/apo_structures/EPE/apo043ad08c5b.pdb,apo043ad08c5b,found,1,[]
5ech,B,GSH,,,,,,,,all_candidates_pocket_occupied,38,"[""5eckB: pocket_occupied"", ""5eckC: chain_not_found"", ""5eckE: chain_not_found"", ""5eckF: chain_not_found"", ""5eciB: pocket_occupied"", ""5eciC: chain_not_found"", ""5eciE: chain_not_found"", ""5eciF: chain_not_found"", ""5ecmB: pocket_occupied"", ""5ecmC: chain_not_found"", ""5ecmE: chain_not_found"", ""5ecmF: chain_not_found"", ""5ecsA: pocket_occupied"", ""5ecsB: chain_not_found"", ""5ecqB: pocket_occupied"", ""5ecqC: chain_not_found"", ""5ecqE: chain_not_found"", ""5ecqF: chain_not_found"", ""5ecnB: pocket_occupied"", ""5ecnC: chain_not_found"", ""5ecnE: chain_not_found"", ""5ecnF: chain_not_found"", ""5ecrB: pocket_occupied"", ""5ecrC: chain_not_found"", ""5ecrE: chain_not_found"", ""5ecrF: chain_not_found"", ""5ecoB: pocket_occupied"", ""5ecoC: chain_not_found"", ""5ecoE: chain_not_found"", ""5ecoF: chain_not_found"", ""5eclB: pocket_occupied"", ""5eclC: chain_not_found"", ""5eclE: chain_not_found"", ""5eclF: chain_not_found"", ""5ecpB: pocket_occupied"", ""5ecpC: chain_not_found"", ""5ecpE: chain_not_found"", ""5ecpF: chain_not_found""]"
5efo,B,CYT,4ip0,A,A,1.294,0.6942538962994451,/home/iscb/wolfson/hagairavid/LocAlign/datasets/apo_structures/CYT/apo5a9b8409d6.pdb,apo5a9b8409d6,found,55,"[""5m2tA: pocket_occupied"", ""5m2tB: chain_not_found"", ""5m2tC: chain_not_found"", ""5m2tD: chain_not_found"", ""5m2tE: chain_not_found"", ""5m2tF: chain_not_found"", ""6z9zA: pocket_occupied"", ""6z9zB: chain_not_found"", ""6z9zC: chain_not_found"", ""6z9zD: chain_not_found"", ""6z9zE: chain_not_found"", ""6z9zF: chain_not_found"", ""5epuA: pocket_occupied"", ""5epuB: chain_not_found"", ""5epuC: chain_not_found"", ""5epuD: chain_not_found"", ""5epuE: chain_not_found"", ""5epuF: chain_not_found"", ""5lokA: pocket_occupied"", ""5lokB: chain_not_found"", ""5lokC: chain_not_found"", ""5lokD: chain_not_found"", ""5lokE: chain_not_found"", ""5lokF: chain_not_found"", ""4k6oA: pocket_occupied"", ""4k6oB: chain_not_found"", ""4k6oC: chain_not_found"", ""4k6oD: chain_not_found"", ""4k6oE: chain_not_found"", ""4k6oF: chain_not_found"", ""6eypA: pocket_occupied"", ""6eypB: chain_not_found"", ""6eypC: chain_not_found"", ""6eypD: chain_not_found"", ""6eypE: chain_not_found"", ""6eypF: chain_not_found"", ""5miwA: pocket_occupied"", ""5miwB: chain_not_found"", ""5miwC: chain_not_found"", ""5miwD: chain_not_found"", ""5miwE: chain_not_found"", ""5miwF: chain_not_found"", ""5lhvA: pocket_occupied"", ""5lhvB: chain_not_found"", ""5lhvC: chain_not_found"", ""5lhvD: chain_not_found"", ""5lhvE: chain_not_found"", ""5lhvF: chain_not_found"", ""4lzwA: pocket_occupied"", ""4lzwB: chain_not_found"", ""4lzwC: chain_not_found"", ""4lzwD: chain_not_found"", ""4lzwE: chain_not_found"", ""4lzwF: chain_not_found""]"
5egc,A,SIA,8fq4,A,1,2.27,0.4017411642791618,/home/iscb/wolfson/hagairavid/LocAlign/datasets/apo_structures/SIA/apobf28a42827.pdb,apobf28a42827,found,1,[]
5egh,B,PC,5ege,A,A,2.0,0.25403898466393615,/home/iscb/wolfson/hagairavid/LocAlign/datasets/apo_structures/PC/apo5c5bfeb367.pdb,apo5c5bfeb367,found,1,[]
5ei5,A,03S,1ea5,A,A,1.8,0.19159241131419838,/home/iscb/wolfson/hagairavid/LocAlign/datasets/apo_structures/03S/apo38cc8c21fc.pdb,apo38cc8c21fc,found,5,"[""7aisA: pocket_occupied"", ""7aisB: chain_not_found"", ""6g1uA: pocket_occupied"", ""6g1uB: chain_not_found""]"
5eks,A,NAD,,,,,,,,no_candidate_passed_prefilter,0,[]
5env,A,ETF,7ntm,A,A,2.86,1.914933731103093,/home/iscb/wolfson/hagairavid/LocAlign/datasets/apo_structures/ETF/apo75dbd6715e.pdb,apo75dbd6715e,found,9,"[""4w6zA: pocket_occupied"", ""4w6zB: chain_not_found"", ""4w6zC: chain_not_found"", ""4w6zD: chain_not_found"", ""7kcbA: pocket_occupied"", ""7kcbB: chain_not_found"", ""7kcbC: chain_not_found"", ""7kcbD: chain_not_found""]"
5env,A,NAD,7ntm,A,A,2.86,1.914933731103093,/home/iscb/wolfson/hagairavid/LocAlign/datasets/apo_structures/NAD/apo75dbd6715e.pdb,apo75dbd6715e,found,9,"[""4w6zA: pocket_occupied"", ""4w6zB: chain_not_found"", ""4w6zC: chain_not_found"", ""4w6zD: chain_not_found"", ""7kcbA: pocket_occupied"", ""7kcbB: chain_not_found"", ""7kcbC: chain_not_found"", ""7kcbD: chain_not_found""]"
5eq9,B,HSA,5eqa,A,A,1.32,1.0169112093162314,/home/iscb/wolfson/hagairavid/LocAlign/datasets/apo_structures/HSA/apodcbc11ef7f.pdb,apodcbc11ef7f,found,3,"[""5eq7A: pocket_occupied"", ""5eq8A: pocket_occupied""]"
5eqb,A,HEM,,,,,,,,all_candidates_pocket_occupied,8,"[""8vk6A: pocket_occupied"", ""4lxjA: pocket_occupied"", ""8dl4A: pocket_occupied"", ""7ry8A: pocket_occupied"", ""7ryaA: pocket_occupied"", ""7ryxA: pocket_occupied"", ""7ry9A: pocket_occupied"", ""7rybA: pocket_occupied""]"
5eqt,A,ADP,,,,,,,,no_candidate_passed_prefilter,0,[]
5ere,A,CA,,,,,,,,no_candidate_passed_prefilter,0,[]
5ere,A,CYT,,,,,,,,no_candidate_passed_prefilter,0,[]
5erg,B,SAM,5eqj,A,B,2.2,0.30847757936028686,/home/iscb/wolfson/hagairavid/LocAlign/datasets/apo_structures/SAM/apodba9c249dc.pdb,apodba9c249dc,found,1,[]
5eui,A,HEM,,,,,,,,no_candidate_passed_prefilter,0,[]
5evo,A,ACT,5iqy,A,A,2.4,0.7076664117305403,/home/iscb/wolfson/hagairavid/LocAlign/datasets/apo_structures/ACT/apob5f2dcaf55.pdb,apob5f2dcaf55,found,2,"[""8k0oA: pocket_occupied""]"
5evo,A,GOL,5iqy,A,A,2.4,0.7076664117305403,/home/iscb/wolfson/hagairavid/LocAlign/datasets/apo_structures/GOL/apob5f2dcaf55.pdb,apob5f2dcaf55,found,2,"[""8k0oA: pocket_occupied""]"
5ex8,A,HEM,,,,,,,,all_candidates_pocket_occupied,1,"[""5ex9A: pocket_occupied""]"
5eyg,B,NAP,,,,,,,,all_candidates_pocket_occupied,4,"[""5eyhA: pocket_occupied"", ""5eyhB: chain_not_found"", ""5f24A: pocket_occupied"", ""5f24B: chain_not_found""]"
5ez1,B,ICB,6bhf,A,A,2.09,3.7038078802658716,/home/iscb/wolfson/hagairavid/LocAlign/datasets/apo_structures/ICB/apoca75152c1c.pdb,apoca75152c1c,found,1,[]
5f1a,A,COH,,,,,,,,all_candidates_pocket_occupied,12,"[""5f19A: pocket_occupied"", ""5f19B: chain_not_found"", ""5ikrA: pocket_occupied"", ""5ikrB: chain_not_found"", ""5ikqA: pocket_occupied"", ""5ikqB: chain_not_found"", ""5iktA: pocket_occupied"", ""5iktB: chain_not_found"", ""5ikvA: pocket_occupied"", ""5ikvB: chain_not_found"", ""5kirA: pocket_occupied"", ""5kirB: chain_not_found""]"
5f2q,B,CA,,,,,,,,no_candidate_passed_prefilter,0,[]
5f7h,B,SEP,5f7f,A,A,1.502,1.4916642983926525,/home/iscb/wolfson/hagairavid/LocAlign/datasets/apo_structures/SEP/apod03aa6a9bd.pdb,apod03aa6a9bd,found,1,[]
5f9z,A,HFG,,,,,,,,all_candidates_pocket_occupied,4,"[""5xioA: pocket_occupied"", ""5xioB: chain_not_found"", ""5f9yA: pocket_occupied"", ""5f9yB: chain_not_found""]"
5fi3,A,NAP,,,,,,,,all_candidates_pocket_occupied,2,"[""5fi5A: pocket_occupied"", ""5fi5B: chain_not_found""]"
5foh,A,CU,,,,,,,,no_candidate_passed_prefilter,0,[]
5frb,A,HEM,,,,,,,,all_candidates_pocket_occupied,6,"[""6cr2A: pocket_occupied"", ""6cr2B: chain_not_found"", ""4uymA: pocket_occupied"", ""4uymB: chain_not_found"", ""4uylA: pocket_occupied"", ""4uylB: chain_not_found""]"
5ft8,A,PLP,,,,,,,,all_candidates_pocket_occupied,11,"[""4lw2A: pocket_occupied"", ""4lw2B: chain_not_found"", ""4lw2C: chain_not_found"", ""5ft4A: pocket_occupied"", ""5ft4B: chain_not_found"", ""4lw4A: pocket_occupied"", ""4lw4B: chain_not_found"", ""5ft6A: pocket_occupied"", ""5ft6B: chain_not_found"", ""5ft5A: pocket_occupied"", ""5ft5B: chain_not_found""]"
5fuv,A,THM,,,,,,,,all_candidates_pocket_occupied,10,"[""5fuwA: pocket_occupied"", ""5fuwB: chain_not_found"", ""5fuxA: pocket_occupied"", ""5fuxB: chain_not_found"", ""5fuyA: pocket_occupied"", ""5fuyB: chain_not_found"", ""5fuyC: chain_not_found"", ""5fuyD: chain_not_found"", ""5fuyE: chain_not_found"", ""5fuyF: chain_not_found""]"
5g0j,A,ZN,7qno,A,A,2.38,0.3357534439602927,/home/iscb/wolfson/hagairavid/LocAlign/datasets/apo_structures/ZN/apoa52e2b87bc.pdb,apoa52e2b87bc,found,4,"[""5g0hA: pocket_occupied"", ""5g0iA: pocket_occupied"", ""5g0iB: chain_not_found""]"
5g3m,A,CA,1le6,A,A,1.97,0.6575788507728308,/home/iscb/wolfson/hagairavid/LocAlign/datasets/apo_structures/CA/apo43feadcb10.pdb,apo43feadcb10,found,7,"[""5owcA: pocket_occupied"", ""5owcB: chain_not_found"", ""6g5jA: pocket_occupied"", ""6g5jB: chain_not_found"", ""5ow8A: pocket_occupied"", ""5ow8B: chain_not_found""]"
5g3z,A,AP5,,,,,,,,no_uniprot_mapping,0,[]
5g5g,B,SF4,,,,,,,,all_candidates_pocket_occupied,1,"[""5g5hB: pocket_occupied""]"
5gcn,A,COA,,,,,,,,all_candidates_pocket_occupied,9,"[""1qstA: pocket_occupied"", ""1qsrA: pocket_occupied"", ""1m1dA: pocket_occupied"", ""1m1dC: chain_not_found"", ""1qsnA: pocket_occupied"", ""1q2cA: pocket_occupied"", ""1q2dA: pocket_occupied"", ""1pu9A: pocket_occupied"", ""1puaA: pocket_occupied""]"
5ggi,B,UDP,5ggf,A,A,2.49,1.977402900153376,/home/iscb/wolfson/hagairavid/LocAlign/datasets/apo_structures/UDP/apof9d3cdb3e6.pdb,apof9d3cdb3e6,found,1,[]
5gm2,B,SAH,,,,,,,,all_candidates_pocket_occupied,18,"[""5gm1A: pocket_occupied"", ""5gm1B: chain_not_found"", ""5gm1C: chain_not_found"", ""5gm1D: chain_not_found"", ""5gm1E: chain_not_found"", ""5gm1F: chain_not_found"", ""5gm1G: chain_not_found"", ""5gm1H: chain_not_found"", ""5gm1I: chain_not_found"", ""5gm1J: chain_not_found"", ""5gm1K: chain_not_found"", ""5gm1L: chain_not_found"", ""5gm1M: chain_not_found"", ""5gm1N: chain_not_found"", ""5gm1O: chain_not_found"", ""5gm1P: chain_not_found"", ""5gm1Q: chain_not_found"", ""5gm1R: chain_not_found""]"
5gm2,K,SAH,,,,,,,,all_candidates_pocket_occupied,18,"[""5gm1A: pocket_occupied"", ""5gm1B: chain_not_found"", ""5gm1C: chain_not_found"", ""5gm1D: chain_not_found"", ""5gm1E: chain_not_found"", ""5gm1F: chain_not_found"", ""5gm1G: chain_not_found"", ""5gm1H: chain_not_found"", ""5gm1I: chain_not_found"", ""5gm1J: chain_not_found"", ""5gm1K: chain_not_found"", ""5gm1L: chain_not_found"", ""5gm1M: chain_not_found"", ""5gm1N: chain_not_found"", ""5gm1O: chain_not_found"", ""5gm1P: chain_not_found"", ""5gm1Q: chain_not_found"", ""5gm1R: chain_not_found""]"
5grf,B,ADP,5gri,A,B,2.31,0.5095570720037064,/home/iscb/wolfson/hagairavid/LocAlign/datasets/apo_structures/ADP/apoab11a022fa.pdb,apoab11a022fa,found,3,"[""6l59B: pocket_occupied"", ""6l57B: pocket_occupied""]"
5gsz,A,ADP,5gsy,A,K,7.0,1.6543014450728095,/home/iscb/wolfson/hagairavid/LocAlign/datasets/apo_structures/ADP/apo0bdd215b0a.pdb,apo0bdd215b0a,found,1,[]
5gub,A,CA,5gx8,A,A,1.778,5.0032923164749254,/home/iscb/wolfson/hagairavid/LocAlign/datasets/apo_structures/CA/apo6a6b18ea97.pdb,apo6a6b18ea97,found,1,[]
5gud,E,NDP,,,,,,,,all_candidates_pocket_occupied,12,"[""5ijzA: pocket_occupied"", ""5ijzB: chain_not_found"", ""5ijzC: chain_not_found"", ""5ijzD: chain_not_found"", ""5ijzE: chain_not_found"", ""5ijzF: chain_not_found"", ""5ijzG: chain_not_found"", ""5ijzH: chain_not_found"", ""5ijzI: chain_not_found"", ""5ijzJ: chain_not_found"", ""5ijzK: chain_not_found"", ""5ijzL: chain_not_found""]"
5guw,A,CA,,,,,,,,all_candidates_pocket_occupied,6,"[""3wfdC: pocket_occupied"", ""3wfeC: pocket_occupied"", ""3wfcC: pocket_occupied"", ""3o0rC: pocket_occupied"", ""3wfbC: pocket_occupied"", ""5guxC: pocket_occupied""]"
5guw,B,FE,3wfb,A,B,2.7,0.33002327180008584,/home/iscb/wolfson/hagairavid/LocAlign/datasets/apo_structures/FE/apo4c752695c4.pdb,apo4c752695c4,found,5,"[""3wfdB: pocket_occupied"", ""3wfeB: pocket_occupied"", ""3wfcB: pocket_occupied"", ""3o0rB: pocket_occupied""]"
5gw8,B,GOL,,,,,,,,no_candidate_passed_prefilter,0,[]
5gxe,A,NAP,5gxf,A,A,2.288,0.2599830971184084,/home/iscb/wolfson/hagairavid/LocAlign/datasets/apo_structures/NAP/apo3732d0c452.pdb,apo3732d0c452,found,1,[]
5gz9,A,ANP,5gz8,A,A,2.5,0.4805226341295167,/home/iscb/wolfson/hagairavid/LocAlign/datasets/apo_structures/ANP/apo5ae68c8b06.pdb,apo5ae68c8b06,found,1,[]
5gza,A,ADP,,,,,,,,no_candidate_passed_prefilter,0,[]
5h1z,A,HEM,,,,,,,,no_candidate_passed_prefilter,0,[]
5h2u,A,1N1,5d7v,A,A,2.33,0.29092008510637546,/home/iscb/wolfson/hagairavid/LocAlign/datasets/apo_structures/1N1/apob9e7c54442.pdb,apob9e7c54442,found,4,"[""6cz4A: pocket_occupied"", ""5da3A: pocket_occupied"", ""6cz3A: pocket_occupied""]"
5h56,B,TYD,5xbh,A,A,2.23,0.5030906318390048,/home/iscb/wolfson/hagairavid/LocAlign/datasets/apo_structures/TYD/apo7b54455720.pdb,apo7b54455720,found,15,"[""4s35A: pocket_occupied"", ""4s35B: chain_not_found"", ""5xb3A: pocket_occupied"", ""5xb3B: chain_not_found"", ""2pbrA: pocket_occupied"", ""2pbrB: chain_not_found"", ""5xaiA: pocket_occupied"", ""5xaiB: chain_not_found"", ""5h5bA: pocket_occupied"", ""5h5bB: chain_not_found"", ""5xb2A: pocket_occupied"", ""5xb2B: chain_not_found"", ""5xb5A: pocket_occupied"", ""5xb5B: chain_not_found""]"
5h5o,A,PCG,,,,,,,,no_candidate_passed_prefilter,0,[]
5h5x,C,NAI,,,,,,,,no_candidate_passed_prefilter,0,[]
5h7w,B,CA,7d0v,A,A,2.175,0.8314097871193611,/home/iscb/wolfson/hagairavid/LocAlign/datasets/apo_structures/CA/apo1625ada5d0.pdb,apo1625ada5d0,found,1,[]
5h81,B,NAP,5h82,A,A,2.05,0.6355319469962208,/home/iscb/wolfson/hagairavid/LocAlign/datasets/apo_structures/NAP/apo609c4e958d.pdb,apo609c4e958d,found,1,[]
5h92,B,SF4,,,,,,,,all_candidates_pocket_occupied,6,"[""5h8vA: pocket_occupied"", ""5h8vB: chain_not_found"", ""5h8yA: pocket_occupied"", ""5h8yB: chain_not_found"", ""5h8yC: chain_not_found"", ""5h8yD: chain_not_found""]"
5hbr,A,COA,4yb8,A,A,1.9,0.19819662548162068,/home/iscb/wolfson/hagairavid/LocAlign/datasets/apo_structures/COA/apofdd79e76b6.pdb,apofdd79e76b6,found,3,"[""4xymA: pocket_occupied"", ""4xymC: chain_not_found""]"
5hbr,A,MG,4xym,A,A,1.9,0.2810758938097239,/home/iscb/wolfson/hagairavid/LocAlign/datasets/apo_structures/MG/apo14d744eaef.pdb,apo14d744eaef,found,1,[]
5hdi,A,HEM,,,,,,,,no_candidate_passed_prefilter,0,[]
5he9,A,ADP,,,,,,,,all_candidates_pocket_occupied,12,"[""5he8A: pocket_occupied"", ""5he8B: chain_not_found"", ""5he8C: chain_not_found"", ""5he8D: chain_not_found"", ""5he8E: chain_not_found"", ""5he8F: chain_not_found"", ""5he8G: chain_not_found"", ""5he8H: chain_not_found"", ""5he8I: chain_not_found"", ""5he8J: chain_not_found"", ""5he8K: chain_not_found"", ""5he8L: chain_not_found""]"
5he9,A,BEF,,,,,,,,all_candidates_pocket_occupied,12,"[""5he8A: pocket_occupied"", ""5he8B: chain_not_found"", ""5he8C: chain_not_found"", ""5he8D: chain_not_found"", ""5he8E: chain_not_found"", ""5he8F: chain_not_found"", ""5he8G: chain_not_found"", ""5he8H: chain_not_found"", ""5he8I: chain_not_found"", ""5he8J: chain_not_found"", ""5he8K: chain_not_found"", ""5he8L: chain_not_found""]"
5hfj,C,SAM,5hek,A,A,3.0,1.1456952402559901,/home/iscb/wolfson/hagairavid/LocAlign/datasets/apo_structures/SAM/apoeb856749db.pdb,apoeb856749db,found,1,[]
5hg0,B,SAM,,,,,,,,all_candidates_pocket_occupied,4,"[""3n8hA: pocket_occupied"", ""3n8hB: chain_not_found"", ""3qttA: pocket_occupied"", ""3qttB: chain_not_found""]"
5hg1,A,BG6,,,,,,,,all_candidates_pocket_occupied,6,"[""2nztA: pocket_occupied"", ""2nztB: chain_not_found"", ""5hexA: pocket_occupied"", ""5hexB: chain_not_found"", ""5hfuA: pocket_occupied"", ""5hfuB: chain_not_found""]"
5hgz,A,ACO,,,,,,,,all_candidates_pocket_occupied,2,"[""5hh0A: pocket_occupied"", ""5hh1A: pocket_occupied""]"
5hh3,C,HEM,,,,,,,,no_candidate_passed_prefilter,0,[]
5hht,B,CA,,,,,,,,all_candidates_pocket_occupied,16,"[""6tj8A: pocket_occupied"", ""6tj8B: chain_not_found"", ""6tj9A: pocket_occupied"", ""6tj9B: chain_not_found"", ""6rjcA: pocket_occupied"", ""6rjcB: chain_not_found"", ""2r8oA: pocket_occupied"", ""2r8oB: chain_not_found"", ""2r5nA: pocket_occupied"", ""2r5nB: chain_not_found"", ""8wa7A: pocket_occupied"", ""8wa7B: chain_not_found"", ""2r8pA: pocket_occupied"", ""2r8pB: chain_not_found"", ""1qgdA: pocket_occupied"", ""1qgdB: chain_not_found""]"
5hiw,A,HEM,,,,,,,,no_candidate_passed_prefilter,0,[]
5hj5,B,BG6,4r7t,A,A,2.1,1.4700659112906556,/home/iscb/wolfson/hagairavid/LocAlign/datasets/apo_structures/BG6/apob90cad9cbd.pdb,apob90cad9cbd,found,1,[]
5hkj,A,CA,2wnv,A,A,1.25,0.19739458333197057,/home/iscb/wolfson/hagairavid/LocAlign/datasets/apo_structures/CA/apo947f65c4c1.pdb,apo947f65c4c1,found,1,[]
5hlb,A,M0E,,,,,,,,all_candidates_pocket_occupied,8,"[""3vmaA: pocket_occupied"", ""5hldA: chain_not_found"", ""5hlaA: chain_not_found"", ""6yn0A: chain_not_found"", ""5hl9A: chain_not_found"", ""5fgzA: chain_not_found"", ""3fwlA: chain_not_found"", ""7lq6A: chain_not_found""]"
5hld,A,M0E,,,,,,,,all_candidates_pocket_occupied,8,"[""3vmaA: pocket_occupied"", ""5hlaA: chain_not_found"", ""6yn0A: chain_not_found"", ""5hlbA: chain_not_found"", ""5hl9A: chain_not_found"", ""5fgzA: chain_not_found"", ""3fwlA: chain_not_found"", ""7lq6A: chain_not_found""]"
5hqm,A,CAP,5rub,A,A,1.7,2.2587129932412244,/home/iscb/wolfson/hagairavid/LocAlign/datasets/apo_structures/CAP/apof9db16d102.pdb,apof9db16d102,found,1,[]
5hrf,A,DGT,5hrb,A,A,1.7,0.5887151225742361,/home/iscb/wolfson/hagairavid/LocAlign/datasets/apo_structures/DGT/apo88e22e69c7.pdb,apo88e22e69c7,found,1,[]
5htk,A,F6P,,,,,,,,no_candidate_passed_prefilter,0,[]
5hvn,A,NAD,,,,,,,,no_candidate_passed_prefilter,0,[]
5hw4,A,SAM,,,,,,,,all_candidates_pocket_occupied,2,"[""9pzgV: pocket_occupied"", ""9pzgW: chain_not_found""]"
5hxm,A,CA,5f7u,A,A,1.7,0.353301034304648,/home/iscb/wolfson/hagairavid/LocAlign/datasets/apo_structures/CA/apo1110d05c6f.pdb,apo1110d05c6f,found,1,[]
5i1f,A,UPG,,,,,,,,no_candidate_passed_prefilter,0,[]
5i34,A,GDP,5i33,A,A,2.2,0.8291100061837048,/home/iscb/wolfson/hagairavid/LocAlign/datasets/apo_structures/GDP/apo3792abad1e.pdb,apo3792abad1e,found,1,[]
5i34,A,IMP,5i33,A,A,2.2,0.8291100061837048,/home/iscb/wolfson/hagairavid/LocAlign/datasets/apo_structures/IMP/apo3792abad1e.pdb,apo3792abad1e,found,1,[]
5i5m,B,BU3,5i5i,A,A,2.14,0.6872138598600425,/home/iscb/wolfson/hagairavid/LocAlign/datasets/apo_structures/BU3/apob0d1d6ffe4.pdb,apob0d1d6ffe4,found,1,[]
5i8s,A,NI,5i8y,A,A,1.942,0.15880343972783115,/home/iscb/wolfson/hagairavid/LocAlign/datasets/apo_structures/NI/apo3c0ee48c2a.pdb,apo3c0ee48c2a,found,3,"[""5i8tA: pocket_occupied"", ""5i91A: pocket_occupied""]"
5i9n,A,NAD,5i7e,A,A,1.65,0.9955699797638433,/home/iscb/wolfson/hagairavid/LocAlign/datasets/apo_structures/NAD/apo0af790f4c7.pdb,apo0af790f4c7,found,4,"[""5i7sA: pocket_occupied"", ""5i8zA: pocket_occupied"", ""5i8wA: pocket_occupied""]"
5ibq,A,CA,4ry0,A,A,1.4,0.11807497956709342,/home/iscb/wolfson/hagairavid/LocAlign/datasets/apo_structures/CA/apoc417c76aff.pdb,apoc417c76aff,found,1,[]
5iby,A,LPA,,,,,,,,all_candidates_pocket_occupied,5,"[""5idhA: pocket_occupied"", ""5iclA: pocket_occupied"", ""5iclB: chain_not_found"", ""5ichA: pocket_occupied"", ""5ichB: chain_not_found""]"
5icc,A,SAH,5icg,A,A,2.6,2.9546882494018907,/home/iscb/wolfson/hagairavid/LocAlign/datasets/apo_structures/SAH/apo6d0abdee21.pdb,apo6d0abdee21,found,3,"[""5iceA: pocket_occupied"", ""5icfA: pocket_occupied""]"
5ij6,A,LPA,,,,,,,,no_candidate_passed_prefilter,0,[]
5iji,A,NO3,5jeq,A,A,1.9,3.0787921518287122,/home/iscb/wolfson/hagairavid/LocAlign/datasets/apo_structures/NO3/apo1e6f904625.pdb,apo1e6f904625,found,1,[]
5ik2,E,ADP,,,,,,,,all_candidates_pocket_occupied,6,"[""5hkkD: pocket_occupied"", ""5hkkE: chain_not_found"", ""5hkkF: chain_not_found"", ""5hkkL: chain_not_found"", ""5hkkM: chain_not_found"", ""5hkkN: chain_not_found""]"
5ik2,E,PO4,5hkk,A,D,3.0,3.457716414064687,/home/iscb/wolfson/hagairavid/LocAlign/datasets/apo_structures/PO4/apo175d9e2028.pdb,apo175d9e2028,found,1,[]
5iki,B,HEM,,,,,,,,all_candidates_pocket_occupied,3,"[""4yt3A: pocket_occupied"", ""4yt3B: chain_not_found"", ""5xntA: pocket_occupied""]"
5ikm,A,SAM,,,,,,,,no_candidate_passed_prefilter,0,[]
5iky,A,MG,5ikz,A,A,2.8,0.28804440178160146,/home/iscb/wolfson/hagairavid/LocAlign/datasets/apo_structures/MG/apoe861c1ceeb.pdb,apoe861c1ceeb,found,1,[]
5ilg,A,NAD,,,,,,,,all_candidates_pocket_occupied,2,"[""5iloA: pocket_occupied"", ""5iloB: chain_not_found""]"
5itv,A,NAI,,,,,,,,all_candidates_pocket_occupied,4,"[""5itwA: pocket_occupied"", ""5itwB: chain_not_found"", ""5itwC: chain_not_found"", ""5itwD: chain_not_found""]"
5iwc,A,PLP,,,,,,,,all_candidates_pocket_occupied,28,"[""3dwgA: pocket_occupied"", ""3dwgB: chain_not_found"", ""5i6dA: chain_not_found"", ""5i6dB: chain_not_found"", ""5i6dC: chain_not_found"", ""5i6dD: chain_not_found"", ""5i7rA: chain_not_found"", ""5i7rB: chain_not_found"", ""5iw8A: chain_not_found"", ""5iw8B: chain_not_found"", ""3fgpA: chain_not_found"", ""3fgpB: chain_not_found"", ""5i7aA: chain_not_found"", ""5i7aB: chain_not_found"", ""5i7aC: chain_not_found"", ""5i7aD: chain_not_found"", ""3dkiA: chain_not_found"", ""3dkiB: chain_not_found"", ""5i7oA: chain_not_found"", ""5i7oB: chain_not_found"", ""5i7oC: chain_not_found"", ""5i7oD: chain_not_found"", ""5i7hA: chain_not_found"", ""5i7hB: chain_not_found"", ""5i7hC: chain_not_found"", ""5i7hD: chain_not_found"", ""3dwiA: chain_not_found"", ""3dwiB: chain_not_found""]"
5j3x,B,CA,5hkx,A,A,1.85,2.4581787202227834,/home/iscb/wolfson/hagairavid/LocAlign/datasets/apo_structures/CA/apoac472b896f.pdb,apoac472b896f,found,1,[]
5j4u,A,GSH,,,,,,,,all_candidates_pocket_occupied,2,"[""5j5nA: pocket_occupied"", ""5j5nB: chain_not_found""]"
5j92,B,FE2,,,,,,,,no_candidate_passed_prefilter,0,[]
5jh2,A,A2P,5jh1,A,A,1.45,0.32244985559801037,/home/iscb/wolfson/hagairavid/LocAlign/datasets/apo_structures/A2P/apo901b527002.pdb,apo901b527002,found,1,[]
5jhx,A,HEM,,,,,,,,all_candidates_pocket_occupied,8,"[""5jhyA: pocket_occupied"", ""5jhyB: chain_not_found"", ""3ut2A: pocket_occupied"", ""3ut2B: chain_not_found"", ""5cjhA: pocket_occupied"", ""5cjhB: chain_not_found"", ""5jhzA: pocket_occupied"", ""5jhzB: chain_not_found""]"
5jlc,A,HEM,,,,,,,,no_candidate_passed_prefilter,0,[]
5jn8,C,AZM,,,,,,,,all_candidates_pocket_occupied,30,"[""3fw3A: pocket_occupied"", ""3fw3B: chain_not_found"", ""5ku6A: pocket_occupied"", ""5ku6B: chain_not_found"", ""5ku6C: chain_not_found"", ""5ku6D: chain_not_found"", ""3f7uA: pocket_occupied"", ""3f7uB: chain_not_found"", ""3f7uC: chain_not_found"", ""3f7uD: chain_not_found"", ""5jnaA: pocket_occupied"", ""5jnaB: chain_not_found"", ""5jnaC: chain_not_found"", ""5jnaD: chain_not_found"", ""5jncA: pocket_occupied"", ""5jncB: chain_not_found"", ""5jncC: chain_not_found"", ""5jncD: chain_not_found"", ""3f7bA: pocket_occupied"", ""3f7bB: chain_not_found"", ""5ipzA: pocket_occupied"", ""5ipzB: chain_not_found"", ""5ipzC: chain_not_found"", ""5ipzD: chain_not_found"", ""5jn9A: pocket_occupied"", ""5jn9B: chain_not_found"", ""5jn9C: chain_not_found"", ""5jn9D: chain_not_found"", ""1zncA: pocket_occupied"", ""1zncB: chain_not_found""]"
5jrj,A,CA,,,,,,,,no_candidate_passed_prefilter,0,[]
5jvj,B,PEP,,,,,,,,all_candidates_pocket_occupied,6,"[""5jvlA: pocket_occupied"", ""5jvlB: chain_not_found"", ""5jvlC: chain_not_found"", ""5jvlD: chain_not_found"", ""5lu4A: pocket_occupied"", ""5lu4B: chain_not_found""]"
5jvl,A,PEP,,,,,,,,all_candidates_pocket_occupied,4,"[""5jvjA: pocket_occupied"", ""5jvjB: chain_not_found"", ""5lu4A: pocket_occupied"", ""5lu4B: chain_not_found""]"
5jy7,B,CA,3zo9,A,A,1.84,0.32012974825667323,/home/iscb/wolfson/hagairavid/LocAlign/datasets/apo_structures/CA/apo001a62bde4.pdb,apo001a62bde4,found,1,[]
5k16,B,ZN,5k1a,A,A,2.3,2.623716106093831,/home/iscb/wolfson/hagairavid/LocAlign/datasets/apo_structures/ZN/apoe7f1f93dd6.pdb,apoe7f1f93dd6,found,1,[]
5k3i,A,ATP,5k3h,A,A,2.48,1.0862681385193087,/home/iscb/wolfson/hagairavid/LocAlign/datasets/apo_structures/ATP/apo4376cacdc1.pdb,apo4376cacdc1,found,1,[]
5k3j,A,ATP,,,,,,,,no_candidate_passed_prefilter,0,[]
5k3j,A,FAD,,,,,,,,no_candidate_passed_prefilter,0,[]
5k4w,C,NAI,5l9a,A,A,1.45,1.229008334228441,/home/iscb/wolfson/hagairavid/LocAlign/datasets/apo_structures/NAI/apo9b86f2866a.pdb,apo9b86f2866a,found,1,[]
5k55,A,F6P,5et5,A,A,1.67,0.6744754565271385,/home/iscb/wolfson/hagairavid/LocAlign/datasets/apo_structures/F6P/apo930083236b.pdb,apo930083236b,found,2,"[""4he2A: pocket_occupied""]"
5k6o,A,GAL,,,,,,,,no_uniprot_mapping,0,[]
5k8b,A,PDG,,,,,,,,no_candidate_passed_prefilter,0,[]
5k8y,A,CA,9hye,A,A,1.64,1.1496355714577038,/home/iscb/wolfson/hagairavid/LocAlign/datasets/apo_structures/CA/apo1f1eadbb5e.pdb,apo1f1eadbb5e,found,1,[]
5kbw,B,RBF,,,,,,,,all_candidates_pocket_occupied,3,"[""5kc0A: pocket_occupied"", ""5kc4A: pocket_occupied"", ""5kc4E: chain_not_found""]"
5ket,A,NAP,,,,,,,,no_candidate_passed_prefilter,0,[]
5kh0,A,SF4,,,,,,,,no_candidate_passed_prefilter,0,[]
5kj5,B,NAD,4i26,A,A,2.204,0.220303072101695,/home/iscb/wolfson/hagairavid/LocAlign/datasets/apo_structures/NAD/apo153f70d5d9.pdb,apo153f70d5d9,found,49,"[""5kloA: pocket_occupied"", ""5kloB: chain_not_found"", ""5kloC: chain_not_found"", ""5kloD: chain_not_found"", ""4npiA: pocket_occupied"", ""4npiB: chain_not_found"", ""4npiC: chain_not_found"", ""4npiD: chain_not_found"", ""4i1wA: pocket_occupied"", ""4i1wB: chain_not_found"", ""4i1wC: chain_not_found"", ""4i1wD: chain_not_found"", ""5klnA: pocket_occupied"", ""5klnB: chain_not_found"", ""5klnC: chain_not_found"", ""5klnD: chain_not_found"", ""4i25A: pocket_occupied"", ""4i25B: chain_not_found"", ""4i25C: chain_not_found"", ""4i25D: chain_not_found"", ""4oe2A: pocket_occupied"", ""4oe2B: chain_not_found"", ""4oe2C: chain_not_found"", ""4oe2D: chain_not_found"", ""5klkA: pocket_occupied"", ""5klkB: chain_not_found"", ""5klkC: chain_not_found"", ""5klkD: chain_not_found"", ""5klmA: pocket_occupied"", ""5klmB: chain_not_found"", ""5klmC: chain_not_found"", ""5klmD: chain_not_found"", ""4i2rA: pocket_occupied"", ""4i2rB: chain_not_found"", ""4i2rC: chain_not_found"", ""4i2rD: chain_not_found"", ""4ou2A: pocket_occupied"", ""4ou2B: chain_not_found"", ""4ou2C: chain_not_found"", ""4ou2D: chain_not_found"", ""5kllA: pocket_occupied"", ""5kllB: chain_not_found"", ""5kllC: chain_not_found"", ""5kllD: chain_not_found"", ""4oubA: pocket_occupied"", ""4oubB: chain_not_found"", ""4oubC: chain_not_found"", ""4oubD: chain_not_found""]"
5kjt,A,WCA,,,,,,,,all_candidates_pocket_occupied,2,"[""5kjsA: pocket_occupied"", ""5kjuA: pocket_occupied""]"
5kkw,A,KH2,5wjp,A,A,1.57,1.2885448118542733,/home/iscb/wolfson/hagairavid/LocAlign/datasets/apo_structures/KH2/apoef7d108f72.pdb,apoef7d108f72,found,1,[]
5kl9,A,COA,1s5u,A,A,1.7,0.3041157490195131,/home/iscb/wolfson/hagairavid/LocAlign/datasets/apo_structures/COA/apo53f0c8aada.pdb,apo53f0c8aada,found,1,[]
5klb,A,CA,6mwd,A,B,2.327,0.6396161858975449,/home/iscb/wolfson/hagairavid/LocAlign/datasets/apo_structures/CA/apo2cbb3e8de9.pdb,apo2cbb3e8de9,found,1,[]
5ko6,A,CYT,5cxq,A,A,1.57,0.3179830613908767,/home/iscb/wolfson/hagairavid/LocAlign/datasets/apo_structures/CYT/apo169ca1d20c.pdb,apo169ca1d20c,found,13,"[""5ko5A: pocket_occupied"", ""6b56A: pocket_occupied"", ""6bi1A: pocket_occupied"", ""6bb7A: pocket_occupied"", ""6b6kA: pocket_occupied"", ""6b37A: pocket_occupied"", ""6b4tA: pocket_occupied"", ""6b3lA: pocket_occupied"", ""6b71A: pocket_occupied"", ""6b7iA: pocket_occupied"", ""6b2lA: pocket_occupied"", ""6bj7A: pocket_occupied""]"
5koh,A,CLF,,,,,,,,all_candidates_pocket_occupied,8,"[""10zlA: pocket_occupied"", ""10zlC: chain_not_found"", ""5kojA: pocket_occupied"", ""5kojC: chain_not_found"", ""10zkA: pocket_occupied"", ""10zkC: chain_not_found"", ""10znA: pocket_occupied"", ""10znC: chain_not_found""]"
5koi,A,NAD,,,,,,,,no_candidate_passed_prefilter,0,[]
5kqi,A,HEM,,,,,,,,all_candidates_pocket_occupied,66,"[""5kq6A: pocket_occupied"", ""5kq6B: chain_not_found"", ""5ksgA: pocket_occupied"", ""5ksgB: chain_not_found"", ""5kskA: pocket_occupied"", ""5kskB: chain_not_found"", ""5l05A: pocket_occupied"", ""5l05B: chain_not_found"", ""5v53A: pocket_occupied"", ""5v53B: chain_not_found"", ""5kqkA: pocket_occupied"", ""5kqkB: chain_not_found"", ""5kqnA: pocket_occupied"", ""5kqnB: chain_not_found"", ""5ksfA: pocket_occupied"", ""5ksfB: chain_not_found"", ""5syxA: pocket_occupied"", ""5syxB: chain_not_found"", ""5kq0A: pocket_occupied"", ""5kq0B: chain_not_found"", ""5syuA: pocket_occupied"", ""5syuB: chain_not_found"", ""6b9bA: pocket_occupied"", ""6b9bB: chain_not_found"", ""6cc6A: pocket_occupied"", ""6cc6B: chain_not_found"", ""6cekA: pocket_occupied"", ""6cekB: chain_not_found"", ""5kqhA: pocket_occupied"", ""5kqhB: chain_not_found"", ""5kq3A: pocket_occupied"", ""5kq3B: chain_not_found"", ""5sywA: pocket_occupied"", ""5sywB: chain_not_found"", ""5syyA: pocket_occupied"", ""5syyB: chain_not_found"", ""5kqqA: pocket_occupied"", ""5kqqB: chain_not_found"", ""5ksnA: pocket_occupied"", ""5ksnB: chain_not_found"", ""5kt9A: pocket_occupied"", ""5kt9B: chain_not_found"", ""5syjA: pocket_occupied"", ""5syjB: chain_not_found"", ""5kq2A: pocket_occupied"", ""5kq2B: chain_not_found"", ""5l02A: pocket_occupied"", ""5l02B: chain_not_found"", ""5sw4A: pocket_occupied"", ""5sw4B: chain_not_found"", ""5sw6A: pocket_occupied"", ""5sw6B: chain_not_found"", ""5txqA: pocket_occupied"", ""5txqB: chain_not_found"", ""6cdqA: pocket_occupied"", ""6cdqB: chain_not_found"", ""5v4oA: pocket_occupied"", ""5v4oB: chain_not_found"", ""6cawA: pocket_occupied"", ""6cawB: chain_not_found"", ""5kt8A: pocket_occupied"", ""5kt8B: chain_not_found"", ""5sx0A: pocket_occupied"", ""5sx0B: chain_not_found"", ""5sw5A: pocket_occupied"", ""5sw5B: chain_not_found""]"
5ktn,A,SF4,1wzu,A,A,2.0,1.0503653382908638,/home/iscb/wolfson/hagairavid/LocAlign/datasets/apo_structures/SF4/apofd986512a3.pdb,apofd986512a3,found,11,"[""5ktrA: pocket_occupied"", ""5ktsA: pocket_occupied"", ""5ktmA: pocket_occupied"", ""5ktoA: pocket_occupied"", ""5kttA: pocket_occupied"", ""5ktpA: pocket_occupied"", ""6nsoA: pocket_occupied"", ""6or8A: pocket_occupied"", ""4zk6A: pocket_occupied"", ""4zk6B: chain_not_found""]"
5kva,B,CA,,,,,,,,no_candidate_passed_prefilter,0,[]
5kva,B,SAM,,,,,,,,no_candidate_passed_prefilter,0,[]
5kvv,A,NAI,,,,,,,,all_candidates_pocket_occupied,2,"[""4tvoA: pocket_occupied"", ""4tvoB: chain_not_found""]"
5kyo,A,HEM,,,,,,,,no_candidate_passed_prefilter,0,[]
5kzl,A,HEM,,,,,,,,no_candidate_passed_prefilter,0,[]
5l1o,A,HEM,,,,,,,,all_candidates_pocket_occupied,8,"[""5l1rA: pocket_occupied"", ""5l1qA: pocket_occupied"", ""5l1wA: pocket_occupied"", ""5l1uA: pocket_occupied"", ""5l1sA: pocket_occupied"", ""5l1tA: pocket_occupied"", ""5l1vA: pocket_occupied"", ""5l1pA: pocket_occupied""]"
5l3z,A,NAP,5l40,A,A,1.6,0.17878915332668677,/home/iscb/wolfson/hagairavid/LocAlign/datasets/apo_structures/NAP/apo1260edba4f.pdb,apo1260edba4f,found,2,"[""5l4lA: pocket_occupied""]"
5l6v,I,AMP,5mni,A,A,3.09,0.8849104577061674,/home/iscb/wolfson/hagairavid/LocAlign/datasets/apo_structures/AMP/apo81026162f7.pdb,apo81026162f7,found,21,"[""6r8uA: pocket_occupied"", ""6r8uB: chain_not_found"", ""6r8uC: chain_not_found"", ""6r8uD: chain_not_found"", ""5l6sA: pocket_occupied"", ""5l6sB: chain_not_found"", ""5l6sC: chain_not_found"", ""5l6sD: chain_not_found"", ""5l6sE: chain_not_found"", ""5l6sF: chain_not_found"", ""5l6sG: chain_not_found"", ""5l6sH: chain_not_found"", ""5l6sI: chain_not_found"", ""5l6sJ: chain_not_found"", ""5l6sK: chain_not_found"", ""5l6sL: chain_not_found"", ""5l6sM: chain_not_found"", ""5l6sN: chain_not_found"", ""5l6sO: chain_not_found"", ""5l6sP: chain_not_found""]"
5l8r,A,SF4,,,,,,,,all_candidates_pocket_occupied,10,"[""7dkzA: pocket_occupied"", ""4y28A: pocket_occupied"", ""4xk8A: pocket_occupied"", ""4xk8a: chain_not_found"", ""4rkuA: pocket_occupied"", ""2wscA: pocket_occupied"", ""3lw5A: pocket_occupied"", ""2o01A: pocket_occupied"", ""2wsfA: pocket_occupied"", ""2wseA: pocket_occupied""]"
5l94,B,HEM,,,,,,,,all_candidates_pocket_occupied,6,"[""5l92A: pocket_occupied"", ""5l92B: chain_not_found"", ""5l91A: pocket_occupied"", ""5l91B: chain_not_found"", ""5l90A: pocket_occupied"", ""5l90B: chain_not_found""]"
5ldr,A,GAL,5euv,A,A,2.4,0.5198934135433473,/home/iscb/wolfson/hagairavid/LocAlign/datasets/apo_structures/GAL/apoef6a70afe6.pdb,apoef6a70afe6,found,1,[]
5lf2,A,CA,,,,,,,,no_candidate_passed_prefilter,0,[]
5lhd,C,ZN,4fys,A,A,2.01,2.14950420385961,/home/iscb/wolfson/hagairavid/LocAlign/datasets/apo_structures/ZN/apo0f3b337454.pdb,apo0f3b337454,found,4,"[""4fytA: pocket_occupied"", ""4fyqA: pocket_occupied"", ""4fyrA: pocket_occupied""]"
5lhp,A,PBZ,5lhr,A,A,2.3,1.0952213272855718,/home/iscb/wolfson/hagairavid/LocAlign/datasets/apo_structures/PBZ/apo8b7db8a7e6.pdb,apo8b7db8a7e6,found,1,[]
5li6,A,HEM,,,,,,,,all_candidates_pocket_occupied,5,"[""5li7A: pocket_occupied"", ""5li7B: chain_not_found"", ""5lieA: pocket_occupied"", ""5lieB: chain_not_found"", ""5li8A: chain_not_found""]"
5lie,B,HEM,,,,,,,,all_candidates_pocket_occupied,5,"[""5li7A: pocket_occupied"", ""5li7B: chain_not_found"", ""5li8A: pocket_occupied"", ""5li6A: pocket_occupied"", ""5li6B: chain_not_found""]"
5ljw,A,ANP,,,,,,,,all_candidates_pocket_occupied,20,"[""5ljvA: pocket_occupied"", ""5ljvB: chain_not_found"", ""5ljvC: chain_not_found"", ""5ljvD: chain_not_found"", ""5ljvE: chain_not_found"", ""5ljvF: chain_not_found"", ""5jygA: pocket_occupied"", ""5jygB: chain_not_found"", ""5jygC: chain_not_found"", ""5jygD: chain_not_found"", ""5jygE: chain_not_found"", ""5jygF: chain_not_found"", ""5jygG: chain_not_found"", ""5jygH: chain_not_found"", ""5jygI: chain_not_found"", ""5jygJ: chain_not_found"", ""5jygK: chain_not_found"", ""5jygL: chain_not_found"", ""5jygM: chain_not_found"", ""5jygN: chain_not_found""]"
5llw,B,LBV,,,,,,,,no_uniprot_mapping,0,[]
5lnq,A,CAA,3zbk,A,A,1.9,0.28895997784820343,/home/iscb/wolfson/hagairavid/LocAlign/datasets/apo_structures/CAA/apo937cad989b.pdb,apo937cad989b,found,3,"[""3zbgA: pocket_occupied"", ""3zbgB: chain_not_found""]"
5log,A,LDP,5lhm,A,A,1.31,0.8609606011537102,/home/iscb/wolfson/hagairavid/LocAlign/datasets/apo_structures/LDP/apo00dc35d023.pdb,apo00dc35d023,found,1,[]
5log,A,SAH,,,,,,,,all_candidates_pocket_occupied,1,"[""5lhmA: chain_not_found""]"
5loh,B,STU,,,,,,,,all_candidates_pocket_occupied,1,"[""8v5hA: pocket_occupied""]"
5lt5,A,GOL,5lsr,A,A,1.65,0.7907473820250193,/home/iscb/wolfson/hagairavid/LocAlign/datasets/apo_structures/GOL/apo68918bec60.pdb,apo68918bec60,found,1,[]
5lu4,A,ADP,,,,,,,,all_candidates_pocket_occupied,6,"[""5jvjA: chain_not_found"", ""5jvjB: chain_not_found"", ""5jvlA: chain_not_found"", ""5jvlB: chain_not_found"", ""5jvlC: chain_not_found"", ""5jvlD: chain_not_found""]"
5lu4,A,PYR,,,,,,,,all_candidates_pocket_occupied,6,"[""5jvjA: chain_not_found"", ""5jvjB: chain_not_found"", ""5jvlA: chain_not_found"", ""5jvlB: chain_not_found"", ""5jvlC: chain_not_found"", ""5jvlD: chain_not_found""]"
5m32,h,ADP,9nkg,A,C,2.8,4.796116937976428,/home/iscb/wolfson/hagairavid/LocAlign/datasets/apo_structures/ADP/apo19a4c9adc3.pdb,apo19a4c9adc3,found,5,"[""9k53C: pocket_occupied"", ""8usbC: pocket_occupied"", ""9mbpC: pocket_occupied"", ""9pdlC: pocket_occupied""]"
5m6d,A,CA,,,,,,,,no_candidate_passed_prefilter,0,[]
5m85,A,3CX,,,,,,,,all_candidates_pocket_occupied,3,"[""5dfyA: pocket_occupied"", ""5dfxA: pocket_occupied"", ""5m82A: pocket_occupied""]"
5m99,A,CA,,,,,,,,no_candidate_passed_prefilter,0,[]
5mac,A,CAP,,,,,,,,no_candidate_passed_prefilter,0,[]
5mfa,A,HEM,6azp,A,A,2.291,0.5116512457362886,/home/iscb/wolfson/hagairavid/LocAlign/datasets/apo_structures/HEM/apo5823cc418b.pdb,apo5823cc418b,found,1,[]
5mfd,F,CA,1c5e,A,A,1.1,0.662215757841386,/home/iscb/wolfson/hagairavid/LocAlign/datasets/apo_structures/CA/apo061873d9a7.pdb,apo061873d9a7,found,1,[]
5n0c,A,ZN,7by5,A,A,2.27,3.756803147247755,/home/iscb/wolfson/hagairavid/LocAlign/datasets/apo_structures/ZN/apo3003e17aa4.pdb,apo3003e17aa4,found,1,[]
5n1q,A,COM,,,,,,,,no_candidate_passed_prefilter,0,[]
5n5d,A,SAM,,,,,,,,no_uniprot_mapping,0,[]
5n9x,A,ATP,,,,,,,,no_uniprot_mapping,0,[]
5ncl,A,ANP,,,,,,,,all_candidates_pocket_occupied,4,"[""4lqsA: pocket_occupied"", ""4lqqA: pocket_occupied"", ""4lqqD: chain_not_found"", ""4lqpA: pocket_occupied""]"
5ngy,A,CA,5o8l,A,A,3.6,0.901792865788599,/home/iscb/wolfson/hagairavid/LocAlign/datasets/apo_structures/CA/apof613711cdc.pdb,apof613711cdc,found,1,[]
5nns,A,CU,,,,,,,,no_candidate_passed_prefilter,0,[]
5nr3,A,95E,3flg,A,A,1.8,0.6391657597023969,/home/iscb/wolfson/hagairavid/LocAlign/datasets/apo_structures/95E/apo7fa7d22bd8.pdb,apo7fa7d22bd8,found,3,"[""5nrrA: pocket_occupied"", ""5nrrB: chain_not_found""]"
5nro,A,ATP,,,,,,,,all_candidates_pocket_occupied,27,"[""7kruA: pocket_occupied"", ""7kruB: chain_not_found"", ""7krvA: pocket_occupied"", ""7krvB: chain_not_found"", ""4jneA: pocket_occupied"", ""4jneB: chain_not_found"", ""7kzuA: pocket_occupied"", ""4jn4A: pocket_occupied"", ""4jn4B: chain_not_found"", ""4b9qA: pocket_occupied"", ""4b9qB: chain_not_found"", ""4b9qC: chain_not_found"", ""4b9qD: chain_not_found"", ""7ko2A: pocket_occupied"", ""7ko2B: chain_not_found"", ""7ko2C: chain_not_found"", ""7ko2D: chain_not_found"", ""7krtA: pocket_occupied"", ""7krtB: chain_not_found"", ""7krtC: chain_not_found"", ""7krtD: chain_not_found"", ""7kziA: pocket_occupied"", ""7kziB: chain_not_found"", ""7krwA: pocket_occupied"", ""7krwB: chain_not_found"", ""7krwC: chain_not_found"", ""7krwD: chain_not_found""]"
5nv3,A,CAP,,,,,,,,no_candidate_passed_prefilter,0,[]
5nxa,C,AMZ,5nx8,A,A,1.7,1.2610740291887306,/home/iscb/wolfson/hagairavid/LocAlign/datasets/apo_structures/AMZ/apoe6e72fc305.pdb,apoe6e72fc305,found,1,[]
5o2y,A,CA,5wda,A,A,5.0,2.2998196913213262,/home/iscb/wolfson/hagairavid/LocAlign/datasets/apo_structures/CA/apo4274b970fb.pdb,apo4274b970fb,found,1,[]
5o5c,B,PLP,,,,,,,,no_candidate_passed_prefilter,0,[]
5o6m,D,ATP,5lc9,A,A,1.903,0.35981735138331544,/home/iscb/wolfson/hagairavid/LocAlign/datasets/apo_structures/ATP/apo140b30aef4.pdb,apo140b30aef4,found,1,[]
5o8x,A,CA,4anr,A,A,1.84,0.7223804675916414,/home/iscb/wolfson/hagairavid/LocAlign/datasets/apo_structures/CA/apo7cf6d3da76.pdb,apo7cf6d3da76,found,1,[]
5o96,D,SAM,5o95,A,A,1.491,0.9489680076486078,/home/iscb/wolfson/hagairavid/LocAlign/datasets/apo_structures/SAM/apo05ecfae4e4.pdb,apo05ecfae4e4,found,1,[]
5o9c,A,C8E,,,,,,,,no_candidate_passed_prefilter,0,[]
5od2,B,5ID,,,,,,,,no_candidate_passed_prefilter,0,[]
5odu,A,CA,5ofz,A,A,1.75,0.2660308717498671,/home/iscb/wolfson/hagairavid/LocAlign/datasets/apo_structures/CA/apo7ddf501435.pdb,apo7ddf501435,found,9,"[""5ofxA: pocket_occupied"", ""5ofxB: chain_not_found"", ""5ofxC: chain_not_found"", ""5ofxD: chain_not_found"", ""5ofxE: chain_not_found"", ""5ofxF: chain_not_found"", ""5ofxG: chain_not_found"", ""5ofxH: chain_not_found""]"
5ohx,A,HEM,,,,,,,,no_candidate_passed_prefilter,0,[]
5ol2,A,CA,,,,,,,,no_candidate_passed_prefilter,0,[]
5ol2,B,FAD,,,,,,,,no_candidate_passed_prefilter,0,[]
5oln,B,SO4,,,,,,,,all_candidates_pocket_occupied,2,"[""5ep8A: pocket_occupied"", ""5ep8B: chain_not_found""]"
5oxt,A,HEM,,,,,,,,all_candidates_pocket_occupied,26,"[""6ekzA: pocket_occupied"", ""6ekxA: pocket_occupied"", ""6ekyA: pocket_occupied"", ""9j1qA: pocket_occupied"", ""5oy2A: pocket_occupied"", ""9j1xA: pocket_occupied"", ""5oy1A: pocket_occupied"", ""6ekwA: pocket_occupied"", ""5oxuA: pocket_occupied"", ""7pn6A: pocket_occupied"", ""7pn8A: pocket_occupied"", ""6el4A: pocket_occupied"", ""9jlhA: pocket_occupied"", ""8av5A: pocket_occupied"", ""6el0A: pocket_occupied"", ""7pn7A: pocket_occupied"", ""7pn5A: pocket_occupied"", ""7pn9A: pocket_occupied"", ""7pnaA: pocket_occupied"", ""7pn4A: pocket_occupied"", ""2yorA: pocket_occupied"", ""2yorB: chain_not_found"", ""2yp1A: pocket_occupied"", ""2yp1B: chain_not_found"", ""2yp1C: chain_not_found"", ""2yp1D: chain_not_found""]"
5oy0,A,SF4,,,,,,,,all_candidates_pocket_occupied,22,"[""8zwbA: pocket_occupied"", ""9au4A: pocket_occupied"", ""9au4G: chain_not_found"", ""9au4a: chain_not_found"", ""7umhA: pocket_occupied"", ""7umhH: chain_not_found"", ""7umha: chain_not_found"", ""4kt0A: pocket_occupied"", ""8aspa: pocket_occupied"", ""6uzv1: pocket_occupied"", ""6uzvA: chain_not_found"", ""6uzva: chain_not_found"", ""8am5a: pocket_occupied"", ""8asla: pocket_occupied"", ""6nwaA: pocket_occupied"", ""6nwaH: chain_not_found"", ""6nwaa: chain_not_found"", ""4l6v1: pocket_occupied"", ""4l6vA: chain_not_found"", ""4l6va: chain_not_found"", ""6hqbA: pocket_occupied"", ""7o1vA: pocket_occupied""]"
5oyl,D,CA,1n7d,A,A,3.7,2.4314219938395443,/home/iscb/wolfson/hagairavid/LocAlign/datasets/apo_structures/CA/apo94db66462d.pdb,apo94db66462d,found,1,[]
5oyn,A,FES,,,,,,,,no_candidate_passed_prefilter,0,[]
5swi,B,BMA,,,,,,,,no_uniprot_mapping,0,[]
5swi,B,CA,,,,,,,,no_uniprot_mapping,0,[]
5t7p,A,CA,2bqp,A,A,1.9,0.6370811306595863,/home/iscb/wolfson/hagairavid/LocAlign/datasets/apo_structures/CA/apo2c6038606d.pdb,apo2c6038606d,found,1,[]
5t8u,B,LPA,,,,,,,,no_candidate_passed_prefilter,0,[]
5tcd,A,PC,5udy,A,A,2.6,0.12202660567824025,/home/iscb/wolfson/hagairavid/LocAlign/datasets/apo_structures/PC/apo6142d24d09.pdb,apo6142d24d09,found,1,[]
5te4,G,BU3,,,,,,,,no_candidate_passed_prefilter,0,[]
5te8,B,HEM,,,,,,,,all_candidates_pocket_occupied,139,"[""5vccA: pocket_occupied"", ""9yk4A: pocket_occupied"", ""6ma8A: pocket_occupied"", ""4d6zA: pocket_occupied"", ""5vcdA: pocket_occupied"", ""3nxuA: pocket_occupied"", ""3nxuB: chain_not_found"", ""8exbA: pocket_occupied"", ""8so1A: pocket_occupied"", ""1tqnA: pocket_occupied"", ""6ma7A: pocket_occupied"", ""8ewnA: pocket_occupied"", ""8ewsA: pocket_occupied"", ""8so2A: pocket_occupied"", ""3ua1A: pocket_occupied"", ""6daaA: pocket_occupied"", ""6ma6A: pocket_occupied"", ""5vceA: pocket_occupied"", ""5vcgA: pocket_occupied"", ""8ewdA: pocket_occupied"", ""8ewrA: pocket_occupied"", ""6oobA: pocket_occupied"", ""6bczA: pocket_occupied"", ""6bdhA: pocket_occupied"", ""6oo9A: pocket_occupied"", ""7ufbA: pocket_occupied"", ""8ewqA: pocket_occupied"", ""9plkA: pocket_occupied"", ""3tjsA: pocket_occupied"", ""4d75A: pocket_occupied"", ""6da5A: pocket_occupied"", ""8eweA: pocket_occupied"", ""8ewmA: pocket_occupied"", ""9cowA: pocket_occupied"", ""6ungA: pocket_occupied"", ""7ufcA: pocket_occupied"", ""8ewlA: pocket_occupied"", ""6dabA: pocket_occupied"", ""6da3A: pocket_occupied"", ""6bd8A: pocket_occupied"", ""4k9wA: pocket_occupied"", ""4k9wB: chain_not_found"", ""4k9wC: chain_not_found"", ""4k9wD: chain_not_found"", ""7ufeA: pocket_occupied"", ""7ufeB: chain_not_found"", ""8dycA: pocket_occupied"", ""8ewpA: pocket_occupied"", ""6bd7A: pocket_occupied"", ""5a1rA: pocket_occupied"", ""7uf9A: pocket_occupied"", ""6dajA: pocket_occupied"", ""4k9tA: pocket_occupied"", ""6bd5A: pocket_occupied"", ""6bd6A: pocket_occupied"", ""7ks8A: pocket_occupied"", ""7ksaA: pocket_occupied"", ""7kvsA: pocket_occupied"", ""7kvsB: chain_not_found"", ""7ufaA: pocket_occupied"", ""9bbbA: pocket_occupied"", ""5a1pA: pocket_occupied"", ""6ooaA: pocket_occupied"", ""7kviA: pocket_occupied"", ""7kvkA: pocket_occupied"", ""7kvkB: chain_not_found"", ""9corA: pocket_occupied"", ""6dacA: pocket_occupied"", ""6uneA: pocket_occupied"", ""6unlA: pocket_occupied"", ""6bdiA: pocket_occupied"", ""4k9vA: pocket_occupied"", ""5g5jA: pocket_occupied"", ""6bdmA: pocket_occupied"", ""9covA: pocket_occupied"", ""6unjA: pocket_occupied"", ""6unjB: chain_not_found"", ""4i3qA: pocket_occupied"", ""6uniA: pocket_occupied"", ""7kvjA: pocket_occupied"", ""7kvoA: pocket_occupied"", ""7kvoB: chain_not_found"", ""7uazA: pocket_occupied"", ""9coyA: pocket_occupied"", ""6da2A: pocket_occupied"", ""6dalA: pocket_occupied"", ""1w0fA: pocket_occupied"", ""6bdkA: pocket_occupied"", ""5vc0A: pocket_occupied"", ""7kvnA: pocket_occupied"", ""7kvnB: chain_not_found"", ""7uffA: pocket_occupied"", ""7uffB: chain_not_found"", ""9bv5A: pocket_occupied"", ""4i4gA: pocket_occupied"", ""9coxA: pocket_occupied"", ""9pljA: pocket_occupied"", ""6unhA: pocket_occupied"", ""1w0gA: pocket_occupied"", ""7kvmA: pocket_occupied"", ""7kvpA: pocket_occupied"", ""7kvqA: pocket_occupied"", ""7kvqB: chain_not_found"", ""9cosA: pocket_occupied"", ""6unkA: pocket_occupied"", ""7lxlA: pocket_occupied"", ""2j0dA: pocket_occupied"", ""2j0dB: chain_not_found"", ""4k9xA: pocket_occupied"", ""4d7dA: pocket_occupied"", ""7uayA: pocket_occupied"", ""7kvhA: pocket_occupied"", ""7kvhB: chain_not_found"", ""4d78A: pocket_occupied"", ""6dagA: pocket_occupied"", ""9bvcA: pocket_occupied"", ""1w0eA: pocket_occupied"", ""2v0mA: pocket_occupied"", ""2v0mB: chain_not_found"", ""2v0mC: chain_not_found"", ""2v0mD: chain_not_found"", ""6da8A: pocket_occupied"", ""9cotA: pocket_occupied"", ""9couA: pocket_occupied"", ""6unmA: pocket_occupied"", ""6unmB: chain_not_found"", ""4k9uA: pocket_occupied"", ""4i4hA: pocket_occupied"", ""7ufdA: pocket_occupied"", ""8spdA: pocket_occupied"", ""9bv9A: pocket_occupied"", ""4ny4A: pocket_occupied"", ""9gk1A: pocket_occupied"", ""9bv8A: pocket_occupied"", ""9bvbA: pocket_occupied"", ""9bvaA: pocket_occupied"", ""9bv6A: pocket_occupied"", ""9bv7A: pocket_occupied"", ""9ms1A: pocket_occupied""]"
5tgf,D,CA,,,,,,,,no_candidate_passed_prefilter,0,[]
5tpu,A,TYD,,,,,,,,no_candidate_passed_prefilter,0,[]
5tpv,B,TYD,,,,,,,,no_candidate_passed_prefilter,0,[]
5tqm,A,NAP,,,,,,,,no_candidate_passed_prefilter,0,[]
5tr9,A,FAD,,,,,,,,all_candidates_pocket_occupied,3,"[""5ufaA: pocket_occupied"", ""5ufaB: chain_not_found"", ""5ufaC: chain_not_found""]"
5tsq,A,BDR,,,,,,,,no_candidate_passed_prefilter,0,[]
5tsq,A,CA,,,,,,,,no_candidate_passed_prefilter,0,[]
5tvg,A,UDP,,,,,,,,no_candidate_passed_prefilter,0,[]
5twj,C,SAM,1ns5,A,A,1.68,0.5699751181922587,/home/iscb/wolfson/hagairavid/LocAlign/datasets/apo_structures/SAM/apoe7d8c0feb7.pdb,apoe7d8c0feb7,found,1,[]
5twt,A,HEM,,,,,,,,no_candidate_passed_prefilter,0,[]
5u4q,A,NAD,,,,,,,,no_uniprot_mapping,0,[]
5u4q,B,NAD,,,,,,,,no_uniprot_mapping,0,[]
5u63,B,NAP,,,,,,,,no_candidate_passed_prefilter,0,[]
5u77,A,NDB,5u78,A,A,1.978,0.7799965278545228,/home/iscb/wolfson/hagairavid/LocAlign/datasets/apo_structures/NDB/apo051d7d6081.pdb,apo051d7d6081,found,1,[]
5uid,A,PLP,,,,,,,,no_candidate_passed_prefilter,0,[]
5uzx,A,NAP,,,,,,,,no_candidate_passed_prefilter,0,[]
5v0t,E,G6P,,,,,,,,no_candidate_passed_prefilter,0,[]
5v0t,E,UDP,,,,,,,,no_candidate_passed_prefilter,0,[]
5v2c,c,CA,3a0b,A,C,3.7,0.8420814682238764,/home/iscb/wolfson/hagairavid/LocAlign/datasets/apo_structures/CA/apoe5f0edc2c2.pdb,apoe5f0edc2c2,found,83,"[""5b66C: chain_not_found"", ""5b66c: chain_not_found"", ""5b5eC: chain_not_found"", ""5b5ec: chain_not_found"", ""3wu2C: chain_not_found"", ""3wu2c: chain_not_found"", ""4ub6C: chain_not_found"", ""4ub6c: chain_not_found"", ""4ub8C: chain_not_found"", ""4ub8c: chain_not_found"", ""7d1tC: chain_not_found"", ""7d1tc: chain_not_found"", ""8gn2C: chain_not_found"", ""8gn2c: chain_not_found"", ""9lp8C: chain_not_found"", ""9lp8c: chain_not_found"", ""7d1uC: chain_not_found"", ""7d1uc: chain_not_found"", ""4il6C: chain_not_found"", ""4il6c: chain_not_found"", ""8gn1C: chain_not_found"", ""8gn1c: chain_not_found"", ""6jljC: chain_not_found"", ""6jljc: chain_not_found"", ""6jlkC: chain_not_found"", ""6jlkc: chain_not_found"", ""6jllC: chain_not_found"", ""6jllc: chain_not_found"", ""8gn0C: chain_not_found"", ""8gn0c: chain_not_found"", ""8ir5C: chain_not_found"", ""8ir5c: chain_not_found"", ""8ir6C: chain_not_found"", ""8ir6c: chain_not_found"", ""8ir9C: chain_not_found"", ""8ir9c: chain_not_found"", ""8iraC: chain_not_found"", ""8irac: chain_not_found"", ""7couC: chain_not_found"", ""7couc: chain_not_found"", ""8ir7C: chain_not_found"", ""8ir7c: chain_not_found"", ""8ir8C: chain_not_found"", ""8ir8c: chain_not_found"", ""8ircC: chain_not_found"", ""8ircc: chain_not_found"", ""8ireC: chain_not_found"", ""8irec: chain_not_found"", ""8irfC: chain_not_found"", ""8irfc: chain_not_found"", ""8irhC: chain_not_found"", ""8irhc: chain_not_found"", ""8iriC: chain_not_found"", ""8iric: chain_not_found"", ""8irbC: chain_not_found"", ""8irbc: chain_not_found"", ""8irdC: chain_not_found"", ""8irdc: chain_not_found"", ""8irgC: chain_not_found"", ""8irgc: chain_not_found"", ""5ws5C: chain_not_found"", ""5ws5c: chain_not_found"", ""5ws6C: chain_not_found"", ""5ws6c: chain_not_found"", ""6jlmC: chain_not_found"", ""6jlmc: chain_not_found"", ""7cjiC: chain_not_found"", ""7cjic: chain_not_found"", ""6jlnC: chain_not_found"", ""6jlnc: chain_not_found"", ""6jloC: chain_not_found"", ""6jloc: chain_not_found"", ""7cjjC: chain_not_found"", ""7cjjc: chain_not_found"", ""5gthC: chain_not_found"", ""5gthc: chain_not_found"", ""5gtiC: chain_not_found"", ""5gtic: chain_not_found"", ""6jlpC: chain_not_found"", ""6jlpc: chain_not_found"", ""7edaC: chain_not_found"", ""7dxhc: chain_not_found""]"
5v3h,A,SAM,,,,,,,,all_candidates_pocket_occupied,30,"[""4wuyA: pocket_occupied"", ""5arfA: pocket_occupied"", ""5kjkA: pocket_occupied"", ""6cbxA: pocket_occupied"", ""6cbxB: chain_not_found"", ""5argA: pocket_occupied"", ""3tg4A: pocket_occupied"", ""5wcgA: pocket_occupied"", ""9ckcA: pocket_occupied"", ""9ckcB: chain_not_found"", ""5kjmA: pocket_occupied"", ""3s7dA: pocket_occupied"", ""3tg5A: pocket_occupied"", ""3s7bA: pocket_occupied"", ""6n3gA: pocket_occupied"", ""9ckfA: pocket_occupied"", ""9ckfB: chain_not_found"", ""6cbyA: pocket_occupied"", ""6cbyB: chain_not_found"", ""5kjlA: pocket_occupied"", ""6monA: pocket_occupied"", ""6monB: chain_not_found"", ""5kjnA: pocket_occupied"", ""9ckgA: pocket_occupied"", ""3ribA: pocket_occupied"", ""3ribB: chain_not_found"", ""4yndA: pocket_occupied"", ""4o6fA: pocket_occupied"", ""3s7fA: pocket_occupied"", ""3s7jA: pocket_occupied""]"
5v57,A,FMN,6li0,A,A,2.2,5.538960618375192,/home/iscb/wolfson/hagairavid/LocAlign/datasets/apo_structures/FMN/apo14e959aa0c.pdb,apo14e959aa0c,found,30,"[""5yobA: pocket_occupied"", ""1f4pA: pocket_occupied"", ""1j8qA: pocket_occupied"", ""5yoeA: pocket_occupied"", ""5yogA: pocket_occupied"", ""1j9eA: pocket_occupied"", ""5yocA: pocket_occupied"", ""1akrA: pocket_occupied"", ""1wswA: pocket_occupied"", ""1xyyA: pocket_occupied"", ""1akwA: pocket_occupied"", ""1xyvA: pocket_occupied"", ""1wsbA: pocket_occupied"", ""1aktA: pocket_occupied"", ""1azlA: pocket_occupied"", ""1xt6A: pocket_occupied"", ""1bu5A: pocket_occupied"", ""1bu5B: chain_not_found"", ""1akqA: pocket_occupied"", ""1akuA: pocket_occupied"", ""2fx2A: pocket_occupied"", ""3fx2A: pocket_occupied"", ""4fx2A: pocket_occupied"", ""5fx2A: pocket_occupied"", ""1fx1A: pocket_occupied"", ""1akvA: pocket_occupied"", ""1c7fA: pocket_occupied"", ""1c7fB: chain_not_found"", ""1i1oA: pocket_occupied""]"
5v5z,A,HEM,,,,,,,,all_candidates_pocket_occupied,4,"[""5tz1A: pocket_occupied"", ""5tz1B: chain_not_found"", ""5fsaA: pocket_occupied"", ""5fsaB: chain_not_found""]"
5v7y,A,TFA,5iat,A,A,1.67,2.077392087041833,/home/iscb/wolfson/hagairavid/LocAlign/datasets/apo_structures/TFA/apo1fb0db778e.pdb,apo1fb0db778e,found,5,"[""3itqA: pocket_occupied"", ""3itqB: chain_not_found"", ""5hv0A: pocket_occupied"", ""5hv0B: chain_not_found""]"
5vbu,A,HEM,,,,,,,,all_candidates_pocket_occupied,3,"[""4y8wA: pocket_occupied"", ""4y8wB: chain_not_found"", ""4y8wC: chain_not_found""]"
5ve7,A,UTP,,,,,,,,all_candidates_pocket_occupied,1,"[""5vctA: pocket_occupied""]"
5veu,C,HEM,,,,,,,,all_candidates_pocket_occupied,16,"[""6mjmA: pocket_occupied"", ""9ms2A: pocket_occupied"", ""9ms2B: chain_not_found"", ""7sv2A: pocket_occupied"", ""7sv2B: chain_not_found"", ""7sv2C: chain_not_found"", ""7sv2D: chain_not_found"", ""7ladA: pocket_occupied"", ""8sg5A: pocket_occupied"", ""8sg5B: chain_not_found"", ""8sg5C: chain_not_found"", ""8sg5D: chain_not_found"", ""8sg5E: chain_not_found"", ""8sg5F: chain_not_found"", ""8sg5G: chain_not_found"", ""8sg5H: chain_not_found""]"
5vg6,B,NDP,4xa8,A,A,1.9,3.226933586527653,/home/iscb/wolfson/hagairavid/LocAlign/datasets/apo_structures/NDP/apoa45cd51704.pdb,apoa45cd51704,found,1,[]
5vkt,A,NAP,,,,,,,,no_candidate_passed_prefilter,0,[]
5vm8,B,SAM,,,,,,,,no_candidate_passed_prefilter,0,[]
5vp5,A,NAD,3u0b,A,A,1.7,0.38722888711671716,/home/iscb/wolfson/hagairavid/LocAlign/datasets/apo_structures/NAD/apob46e214dc0.pdb,apob46e214dc0,found,1,[]
5vws,A,HEM,,,,,,,,no_candidate_passed_prefilter,0,[]
5w0r,A,CA,4exk,A,A,1.28,4.779627687066513,/home/iscb/wolfson/hagairavid/LocAlign/datasets/apo_structures/CA/apod8271433c3.pdb,apod8271433c3,found,2,"[""8c8fA: chain_not_found""]"
5w4c,A,CA,,,,,,,,no_candidate_passed_prefilter,0,[]
5w5r,A,PYR,5w6j,A,A,1.78,0.5288225859707826,/home/iscb/wolfson/hagairavid/LocAlign/datasets/apo_structures/PYR/apoa4422865fc.pdb,apoa4422865fc,found,21,"[""5w5tA: pocket_occupied"", ""5w5tB: chain_not_found"", ""5w5tC: chain_not_found"", ""5w5tD: chain_not_found"", ""5w5tE: chain_not_found"", ""5w5tF: chain_not_found"", ""5w5tG: chain_not_found"", ""5w5tH: chain_not_found"", ""5w5tI: chain_not_found"", ""5w5tJ: chain_not_found"", ""5w5tK: chain_not_found"", ""5w5tL: chain_not_found"", ""5w5tM: chain_not_found"", ""5w5tN: chain_not_found"", ""5w5tO: chain_not_found"", ""5w5tP: chain_not_found"", ""5w5tQ: chain_not_found"", ""5w5tR: chain_not_found"", ""5w5tT: chain_not_found"", ""5w5tZ: chain_not_found""]"
5wab,A,GOL,,,,,,,,no_candidate_passed_prefilter,0,[]
5wdh,A,ADP,,,,,,,,no_candidate_passed_prefilter,0,[]
5wds,A,GDP,,,,,,,,all_candidates_pocket_occupied,2,"[""5wdrA: pocket_occupied"", ""5wdrB: chain_not_found""]"
5whs,A,HEM,,,,,,,,all_candidates_pocket_occupied,2,"[""5whqA: pocket_occupied"", ""5whqB: chain_not_found""]"
5wjs,A,NAI,4lvu,A,A,1.25,1.0456110092665847,/home/iscb/wolfson/hagairavid/LocAlign/datasets/apo_structures/NAI/apo5f621fda84.pdb,apo5f621fda84,found,1,[]
5wnj,A,2V9,,,,,,,,all_candidates_pocket_occupied,4,"[""5wnlA: pocket_occupied"", ""5wnmA: pocket_occupied"", ""5wniA: pocket_occupied"", ""5wnkA: pocket_occupied""]"
5wvp,A,BMA,5wug,A,A,2.216,0.5487955540544193,/home/iscb/wolfson/hagairavid/LocAlign/datasets/apo_structures/BMA/apo7acc86e0e7.pdb,apo7acc86e0e7,found,1,[]
5wvu,A,ZN,,,,,,,,no_candidate_passed_prefilter,0,[]
5x7f,A,SAM,,,,,,,,no_candidate_passed_prefilter,0,[]
5x7m,A,PLP,,,,,,,,all_candidates_pocket_occupied,2,"[""5x7nA: pocket_occupied"", ""5x7nB: chain_not_found""]"
5xd6,A,ANP,,,,,,,,no_candidate_passed_prefilter,0,[]
5xfa,A,SF4,,,,,,,,all_candidates_pocket_occupied,2,"[""5xf9A: pocket_occupied"", ""5xf9E: chain_not_found""]"
5xhu,A,FAD,,,,,,,,no_candidate_passed_prefilter,0,[]
5xip,B,HFG,,,,,,,,no_candidate_passed_prefilter,0,[]
5xkt,A,GNP,,,,,,,,no_candidate_passed_prefilter,0,[]
5xla,A,SIA,5xl8,A,A,2.001,1.0400586953822712,/home/iscb/wolfson/hagairavid/LocAlign/datasets/apo_structures/SIA/apof988af7c38.pdb,apof988af7c38,found,1,[]
5xm3,A,PQQ,,,,,,,,no_candidate_passed_prefilter,0,[]
5xmj,B,SF4,,,,,,,,no_candidate_passed_prefilter,0,[]
5xsf,A,3PY,5xse,A,A,1.799,0.8867548573122238,/home/iscb/wolfson/hagairavid/LocAlign/datasets/apo_structures/3PY/apo92e9eacc10.pdb,apo92e9eacc10,found,1,[]
5xuk,A,COA,,,,,,,,no_candidate_passed_prefilter,0,[]
5xv0,F,NAP,5xv5,A,A,2.5,0.46016271977958945,/home/iscb/wolfson/hagairavid/LocAlign/datasets/apo_structures/NAP/apo08731c6428.pdb,apo08731c6428,found,8,"[""5xv2A: pocket_occupied"", ""5xuxA: pocket_occupied"", ""5xuxB: chain_not_found"", ""5xuxC: chain_not_found"", ""5xuxD: chain_not_found"", ""5xuxE: chain_not_found"", ""5xuxF: chain_not_found""]"
5xvv,B,AKG,5xvi,A,A,2.8,0.8690045401140312,/home/iscb/wolfson/hagairavid/LocAlign/datasets/apo_structures/AKG/apoa06a38fda5.pdb,apoa06a38fda5,found,4,"[""5xwcA: pocket_occupied"", ""5xvxA: pocket_occupied"", ""5xw0A: pocket_occupied""]"
5xwi,A,CA,5xwk,A,A,1.901,0.22758989472459076,/home/iscb/wolfson/hagairavid/LocAlign/datasets/apo_structures/CA/apo809c46c30a.pdb,apo809c46c30a,found,1,[]
5xwk,A,CA,5xwi,A,A,1.872,0.2275898947220383,/home/iscb/wolfson/hagairavid/LocAlign/datasets/apo_structures/CA/apo76eb88ff09.pdb,apo76eb88ff09,found,1,[]
5xz7,A,F6P,5xza,A,A,1.9,1.1207131603927762,/home/iscb/wolfson/hagairavid/LocAlign/datasets/apo_structures/F6P/apo428e912d15.pdb,apo428e912d15,found,1,[]
5y1i,B,HEM,,,,,,,,no_candidate_passed_prefilter,0,[]
5y5f,A,HEM,,,,,,,,all_candidates_pocket_occupied,32,"[""1jfbA: pocket_occupied"", ""1jfcA: pocket_occupied"", ""5y5gA: pocket_occupied"", ""1f24A: pocket_occupied"", ""1f25A: pocket_occupied"", ""1f26A: pocket_occupied"", ""1gejA: pocket_occupied"", ""5y5hA: pocket_occupied"", ""1geiA: pocket_occupied"", ""1cl6A: pocket_occupied"", ""1cmjA: pocket_occupied"", ""1cmnA: pocket_occupied"", ""1eheA: pocket_occupied"", ""1ehfA: pocket_occupied"", ""1ehgA: pocket_occupied"", ""1xqdA: pocket_occupied"", ""7dvoA: pocket_occupied"", ""7dvoB: chain_not_found"", ""1gedA: pocket_occupied"", ""1romA: pocket_occupied"", ""2romA: pocket_occupied"", ""5y5jA: pocket_occupied"", ""5y5jB: chain_not_found"", ""1ulwA: pocket_occupied"", ""5y5iA: pocket_occupied"", ""5y5iB: chain_not_found"", ""5y5kA: pocket_occupied"", ""5y5kB: chain_not_found"", ""5y5lA: pocket_occupied"", ""5y5lB: chain_not_found"", ""5y5mA: pocket_occupied"", ""5y5mB: chain_not_found""]"
5y6q,B,SF4,,,,,,,,no_candidate_passed_prefilter,0,[]
5y86,A,HRM,,,,,,,,no_candidate_passed_prefilter,0,[]
5ybb,A,SAM,,,,,,,,no_candidate_passed_prefilter,0,[]
5yci,B,HEM,,,,,,,,all_candidates_pocket_occupied,2,"[""5ycjA: pocket_occupied"", ""5ycjB: chain_not_found""]"
5yfj,A,RUB,,,,,,,,all_candidates_pocket_occupied,34,"[""5yftA: pocket_occupied"", ""5yftB: chain_not_found"", ""5yftC: chain_not_found"", ""5yfsA: pocket_occupied"", ""5yfsB: chain_not_found"", ""5yfsC: chain_not_found"", ""5yfuA: pocket_occupied"", ""5yfuB: chain_not_found"", ""5yfuC: chain_not_found"", ""5yfwA: pocket_occupied"", ""5yfwB: chain_not_found"", ""5yfwC: chain_not_found"", ""5yg6A: pocket_occupied"", ""5yg6B: chain_not_found"", ""5yg6C: chain_not_found"", ""5ygaA: pocket_occupied"", ""5ygaB: chain_not_found"", ""5ygaC: chain_not_found"", ""5yg7A: pocket_occupied"", ""5yg7B: chain_not_found"", ""5yg7C: chain_not_found"", ""5yfxA: pocket_occupied"", ""5yfvA: pocket_occupied"", ""5yfvB: chain_not_found"", ""5yfvC: chain_not_found"", ""5yg5A: pocket_occupied"", ""5yg5B: chain_not_found"", ""5yg5C: chain_not_found"", ""5yg8A: pocket_occupied"", ""5yg8B: chain_not_found"", ""5yg8C: chain_not_found"", ""5yg9A: pocket_occupied"", ""5yg9B: chain_not_found"", ""5yg9C: chain_not_found""]"
5yhi,A,PO4,1o65,A,A,2.33,0.3492565182984826,/home/iscb/wolfson/hagairavid/LocAlign/datasets/apo_structures/PO4/apob7b62904ac.pdb,apob7b62904ac,found,1,[]
5yhj,B,HEM,,,,,,,,no_candidate_passed_prefilter,0,[]
5ykb,D,CA,4wf7,A,A,2.21,1.463476979938397,/home/iscb/wolfson/hagairavid/LocAlign/datasets/apo_structures/CA/apo95a5de8950.pdb,apo95a5de8950,found,1,[]
5ylb,A,FE,,,,,,,,all_candidates_pocket_occupied,1,"[""5yl6A: pocket_occupied""]"
5yle,A,ETA,5grr,A,A,1.45,0.49642974838236464,/home/iscb/wolfson/hagairavid/LocAlign/datasets/apo_structures/ETA/apo6c94d44e06.pdb,apo6c94d44e06,found,2,"[""5k4pA: pocket_occupied""]"
5yrx,A,CD,,,,,,,,no_candidate_passed_prefilter,0,[]
5ysq,B,INS,1vk4,A,A,1.91,0.9992228273751613,/home/iscb/wolfson/hagairavid/LocAlign/datasets/apo_structures/INS/apo90fdb95fca.pdb,apo90fdb95fca,found,5,"[""7e4lA: pocket_occupied"", ""7e4lB: chain_not_found"", ""5yspA: pocket_occupied"", ""5yspB: chain_not_found""]"
5ysw,A,HEM,,,,,,,,all_candidates_pocket_occupied,1,"[""5ysmA: pocket_occupied""]"
5yt7,A,CU,3fsa,A,A,0.98,0.8386330190934917,/home/iscb/wolfson/hagairavid/LocAlign/datasets/apo_structures/CU/apo1b68d02ea9.pdb,apo1b68d02ea9,found,1,[]
5yyc,A,PLP,,,,,,,,no_candidate_passed_prefilter,0,[]
5z20,F,NAI,6abj,A,A,1.86,2.432800683206431,/home/iscb/wolfson/hagairavid/LocAlign/datasets/apo_structures/NAI/apo46e1642176.pdb,apo46e1642176,found,1,[]
5z21,B,NAI,,,,,,,,all_candidates_pocket_occupied,2,"[""6abiA: pocket_occupied"", ""6abiB: chain_not_found""]"
5z9j,B,HEM,,,,,,,,all_candidates_pocket_occupied,1,"[""5z9iA: pocket_occupied""]"
5zbf,A,ENO,,,,,,,,no_uniprot_mapping,0,[]
5zdb,A,AR6,5zda,A,A,1.548,0.8870164325875943,/home/iscb/wolfson/hagairavid/LocAlign/datasets/apo_structures/AR6/apof09f83ff21.pdb,apof09f83ff21,found,1,[]
5ze6,A,HJX,3wjk,A,A,2.2,0.9510289843871669,/home/iscb/wolfson/hagairavid/LocAlign/datasets/apo_structures/HJX/apof3d7244594.pdb,apof3d7244594,found,1,[]
5zee,B,HAR,,,,,,,,all_candidates_pocket_occupied,4,"[""5zefA: pocket_occupied"", ""5zefB: chain_not_found"", ""5zehA: pocket_occupied"", ""5zehB: chain_not_found""]"
5zhe,B,HJX,1ueh,A,A,1.73,0.9080818053059726,/home/iscb/wolfson/hagairavid/LocAlign/datasets/apo_structures/HJX/apo4d69c18b84.pdb,apo4d69c18b84,found,5,"[""3sgvA: chain_not_found"", ""3sgvB: chain_not_found"", ""3qasA: chain_not_found"", ""3qasB: chain_not_found""]"
5zlp,J,ADP,5zli,A,A,2.8,0.5158044548551551,/home/iscb/wolfson/hagairavid/LocAlign/datasets/apo_structures/ADP/apob7b299a860.pdb,apob7b299a860,found,1,[]
5zlp,J,MG,5zli,A,A,2.8,0.5158044548551551,/home/iscb/wolfson/hagairavid/LocAlign/datasets/apo_structures/MG/apob7b299a860.pdb,apob7b299a860,found,1,[]
5znh,A,CA,5zsx,A,A,2.2,0.12870562823324616,/home/iscb/wolfson/hagairavid/LocAlign/datasets/apo_structures/CA/apo7f35c80e4b.pdb,apo7f35c80e4b,found,1,[]
5znj,A,HFG,,,,,,,,no_uniprot_mapping,0,[]
5zrq,A,CA,7ceh,A,A,1.09,1.5504409296035728,/home/iscb/wolfson/hagairavid/LocAlign/datasets/apo_structures/CA/apo42ee28e6c7.pdb,apo42ee28e6c7,found,1,[]
5ztb,B,SF4,5gha,A,A,2.502,0.7023792298387364,/home/iscb/wolfson/hagairavid/LocAlign/datasets/apo_structures/SF4/apo0262b01f14.pdb,apo0262b01f14,found,1,[]
5zur,B,FE2,,,,,,,,no_candidate_passed_prefilter,0,[]
5zur,B,HEM,,,,,,,,no_candidate_passed_prefilter,0,[]
5zw3,B,MG,5zw4,A,A,1.7,0.5816778877534373,/home/iscb/wolfson/hagairavid/LocAlign/datasets/apo_structures/MG/apo828c556ee1.pdb,apo828c556ee1,found,1,[]
5zw3,B,SAH,,,,,,,,all_candidates_pocket_occupied,1,"[""5zw4A: pocket_occupied""]"
5zw4,A,SAM,,,,,,,,all_candidates_pocket_occupied,2,"[""5zw3A: pocket_occupied"", ""5zw3B: chain_not_found""]"
5zyr,A,ACT,5zc2,A,A,2.898,0.4549238965109148,/home/iscb/wolfson/hagairavid/LocAlign/datasets/apo_structures/ACT/apo635994c8f6.pdb,apo635994c8f6,found,1,[]
5zz7,A,NAI,,,,,,,,all_candidates_pocket_occupied,10,"[""5zz5A: pocket_occupied"", ""5zz5B: chain_not_found"", ""5zz5C: chain_not_found"", ""5zz5D: chain_not_found"", ""5zz6A: pocket_occupied"", ""5zz6B: chain_not_found"", ""5zz6C: chain_not_found"", ""5zz6D: chain_not_found"", ""7wb3A: pocket_occupied"", ""7wb3B: chain_not_found""]"
5zzo,F,FLC,,,,,,,,all_candidates_pocket_occupied,6,"[""5z7hA: pocket_occupied"", ""5z7hB: chain_not_found"", ""5z7hC: chain_not_found"", ""5z7hD: chain_not_found"", ""5z7hE: chain_not_found"", ""5z7hF: chain_not_found""]"
6a2f,A,ACT,,,,,,,,no_candidate_passed_prefilter,0,[]
6a3j,C,NAI,6a3f,A,A,1.8,0.8470720065204075,/home/iscb/wolfson/hagairavid/LocAlign/datasets/apo_structures/NAI/apo3c9b9e3c2a.pdb,apo3c9b9e3c2a,found,1,[]
6a3k,A,HEC,,,,,,,,all_candidates_pocket_occupied,2,"[""8h28A: pocket_occupied"", ""8h28B: chain_not_found""]"
6a5m,A,SAM,6a5n,A,A,2.4,1.9209598193083386,/home/iscb/wolfson/hagairavid/LocAlign/datasets/apo_structures/SAM/apo89e4b80ffd.pdb,apo89e4b80ffd,found,2,"[""6a5kA: pocket_occupied""]"
6ach,A,NAD,6acf,A,A,3.0,0.31972426076242005,/home/iscb/wolfson/hagairavid/LocAlign/datasets/apo_structures/NAD/apo457bf466f7.pdb,apo457bf466f7,found,1,[]
6ah9,A,NAD,,,,,,,,all_candidates_pocket_occupied,16,"[""6aheA: pocket_occupied"", ""6aheB: chain_not_found"", ""6aheC: chain_not_found"", ""6aheD: chain_not_found"", ""7umxA: pocket_occupied"", ""7umxB: chain_not_found"", ""7umxC: chain_not_found"", ""7umxD: chain_not_found"", ""7umxE: chain_not_found"", ""7umxF: chain_not_found"", ""7umyA: pocket_occupied"", ""7umyB: chain_not_found"", ""7umyC: chain_not_found"", ""7umyD: chain_not_found"", ""7umyE: chain_not_found"", ""7umyF: chain_not_found""]"
6ai0,B,CA,6ch1,A,A,1.9,1.020792148977367,/home/iscb/wolfson/hagairavid/LocAlign/datasets/apo_structures/CA/apo76bda47324.pdb,apo76bda47324,found,1,[]
6aic,A,AMP,6aib,A,A,1.5,1.1071737081716002,/home/iscb/wolfson/hagairavid/LocAlign/datasets/apo_structures/AMP/apoacde4420e4.pdb,apoacde4420e4,found,1,[]
6aii,A,CA,,,,,,,,no_candidate_passed_prefilter,0,[]
6ajc,A,CA,,,,,,,,no_candidate_passed_prefilter,0,[]
6ao7,A,ACO,,,,,,,,no_candidate_passed_prefilter,0,[]
6ax9,A,BTM,3lgk,A,A,1.892,1.1279591097053805,/home/iscb/wolfson/hagairavid/LocAlign/datasets/apo_structures/BTM/apo3f2093243a.pdb,apo3f2093243a,found,16,"[""8su3A: pocket_occupied"", ""7kjgA: pocket_occupied"", ""8su2A: pocket_occupied"", ""8su1A: pocket_occupied"", ""7kjfA: pocket_occupied"", ""8su4A: pocket_occupied"", ""8v3kA: pocket_occupied"", ""8su5A: pocket_occupied"", ""7kjdA: pocket_occupied"", ""3kb9A: pocket_occupied"", ""7kjeA: pocket_occupied"", ""3lg5A: pocket_occupied"", ""4lz0A: pocket_occupied"", ""6axmA: pocket_occupied"", ""6axuA: pocket_occupied""]"
6ayu,A,F6P,,,,,,,,all_candidates_pocket_occupied,6,"[""6ayvA: pocket_occupied"", ""6ayvB: chain_not_found"", ""6ayyA: pocket_occupied"", ""6ayyB: chain_not_found"", ""7txbA: pocket_occupied"", ""7txbB: chain_not_found""]"
6b5e,B,TYD,,,,,,,,all_candidates_pocket_occupied,2,"[""6b5kA: pocket_occupied"", ""6b5kB: chain_not_found""]"
6b5z,A,INS,1lbv,A,A,1.8,0.8581659106208104,/home/iscb/wolfson/hagairavid/LocAlign/datasets/apo_structures/INS/apo21a159c82c.pdb,apo21a159c82c,found,1,[]
6b82,B,HEM,,,,,,,,no_candidate_passed_prefilter,0,[]
6b8s,B,FMN,,,,,,,,no_candidate_passed_prefilter,0,[]
6b9u,A,NAI,3n74,A,A,2.2,0.2416690265010725,/home/iscb/wolfson/hagairavid/LocAlign/datasets/apo_structures/NAI/apo38e8d09865.pdb,apo38e8d09865,found,1,[]
6bbw,A,CA,,,,,,,,no_candidate_passed_prefilter,0,[]
6bjb,A,1VU,6bj9,A,A,1.53014078017,0.19486298740558514,/home/iscb/wolfson/hagairavid/LocAlign/datasets/apo_structures/1VU/apo18fcb8dc16.pdb,apo18fcb8dc16,found,1,[]
6bkf,A,AMP,9cq3,A,F,2.8,2.7784765752350737,/home/iscb/wolfson/hagairavid/LocAlign/datasets/apo_structures/AMP/apo9bfef3aac4.pdb,apo9bfef3aac4,found,4,"[""3w1bA: pocket_occupied"", ""6bkgA: pocket_occupied"", ""3w1gA: pocket_occupied""]"
6blk,C,ATP,,,,,,,,no_candidate_passed_prefilter,0,[]
6bnn,A,CO,6bnz,A,A,1.45,0.1693852230082472,/home/iscb/wolfson/hagairavid/LocAlign/datasets/apo_structures/CO/apo826f3f2afa.pdb,apo826f3f2afa,found,1,[]
6bnn,A,GSH,6bnx,A,A,1.8,0.7556305622523629,/home/iscb/wolfson/hagairavid/LocAlign/datasets/apo_structures/GSH/apo351b6368b7.pdb,apo351b6368b7,found,3,"[""6bnzA: pocket_occupied"", ""5d7zA: pocket_occupied""]"
6bpf,A,NXL,,,,,,,,all_candidates_pocket_occupied,1,"[""6bn3A: pocket_occupied""]"
6bvd,A,CA,,,,,,,,no_candidate_passed_prefilter,0,[]
6bxk,A,SF4,3lzc,A,A,2.261,0.2725684941119818,/home/iscb/wolfson/hagairavid/LocAlign/datasets/apo_structures/SF4/apo9e41a8b34d.pdb,apo9e41a8b34d,found,3,"[""3lzdA: pocket_occupied"", ""3lzdB: chain_not_found""]"
6bzc,A,G6P,6bzb,A,A,1.6,0.4899657080913211,/home/iscb/wolfson/hagairavid/LocAlign/datasets/apo_structures/G6P/apo9cef52fd55.pdb,apo9cef52fd55,found,1,[]
6c5c,A,NAD,7u5u,A,A,3.16,6.732890222395134,/home/iscb/wolfson/hagairavid/LocAlign/datasets/apo_structures/NAD/apo027b404733.pdb,apo027b404733,found,1,[]
6c90,A,ADP,7s7c,A,A,3.62,1.3583271755106319,/home/iscb/wolfson/hagairavid/LocAlign/datasets/apo_structures/ADP/apo0b0f172b8c.pdb,apo0b0f172b8c,found,8,"[""6iehB: pocket_occupied"", ""6ro1A: pocket_occupied"", ""7z52B: pocket_occupied"", ""6d6qM: pocket_occupied"", ""6d6rM: pocket_occupied"", ""6iegA: pocket_occupied"", ""6iegB: chain_not_found""]"
6cc9,B,GNP,9nf2,A,A,1.7,1.3632208311990452,/home/iscb/wolfson/hagairavid/LocAlign/datasets/apo_structures/GNP/apo4a6feb34ed.pdb,apo4a6feb34ed,found,395,"[""9iayA: pocket_occupied"", ""9iawA: pocket_occupied"", ""12xeA: pocket_occupied"", ""8onvA: pocket_occupied"", ""6p0zA: pocket_occupied"", ""6p0zB: chain_not_found"", ""9ib5A: pocket_occupied"", ""8azzA: pocket_occupied"", ""8tvkA: pocket_occupied"", ""8azxA: pocket_occupied"", ""8b00A: pocket_occupied"", ""4ql3A: pocket_occupied"", ""8azvA: pocket_occupied"", ""9ib4A: pocket_occupied"", ""9e3sA: pocket_occupied"", ""9e3sB: chain_not_found"", ""8azyA: pocket_occupied"", ""12laA: pocket_occupied"", ""9n44A: pocket_occupied"", ""8b78A: pocket_occupied"", ""8fmiA: pocket_occupied"", ""9ympA: pocket_occupied"", ""8afbA: pocket_occupied"", ""4tqaA: pocket_occupied"", ""4tqaB: chain_not_found"", ""9bg4A: pocket_occupied"", ""9bg4B: chain_not_found"", ""9g4bA: pocket_occupied"", ""4ldjA: pocket_occupied"", ""6tanA: pocket_occupied"", ""8r7wA: pocket_occupied"", ""8r7wB: chain_not_found"", ""8edyA: pocket_occupied"", ""8eerA: pocket_occupied"", ""7o70A: pocket_occupied"", ""7o70D: chain_not_found"", ""9e9iA: pocket_occupied"", ""9iapA: pocket_occupied"", ""9ggvA: pocket_occupied"", ""7r0nA: pocket_occupied"", ""8ebzA: pocket_occupied"", ""8txhA: pocket_occupied"", ""8txhB: chain_not_found"", ""9bfvA: pocket_occupied"", ""9bfvB: chain_not_found"", ""9bfwA: pocket_occupied"", ""9u8zA: pocket_occupied"", ""9u90A: pocket_occupied"", ""9ymqA: pocket_occupied"", ""9ymrA: pocket_occupied"", ""4q03A: pocket_occupied"", ""36okA: pocket_occupied"", ""36okB: chain_not_found"", ""9c3qA: pocket_occupied"", ""11qeA: pocket_occupied"", ""9u8lA: pocket_occupied"", ""9xamA: pocket_occupied"", ""4obeA: pocket_occupied"", ""4obeB: chain_not_found"", ""9n9nA: pocket_occupied"", ""9n9nB: chain_not_found"", ""6quwA: pocket_occupied"", ""6quwB: chain_not_found"", ""36omA: pocket_occupied"", ""5xcoA: pocket_occupied"", ""9ymnA: pocket_occupied"", ""9ymoA: pocket_occupied"", ""12lbA: pocket_occupied"", ""8tbkA: pocket_occupied"", ""8tbkB: chain_not_found"", ""9bfyA: pocket_occupied"", ""9bfyB: chain_not_found"", ""9xf8A: pocket_occupied"", ""9ggyA: pocket_occupied"", ""7rt1A: pocket_occupied"", ""7t47A: pocket_occupied"", ""9ct8A: pocket_occupied"", ""9ct8B: chain_not_found"", ""4lucA: pocket_occupied"", ""4lucB: chain_not_found"", ""6b0vA: pocket_occupied"", ""6b0vB: chain_not_found"", ""7rt5A: pocket_occupied"", ""9ctaA: pocket_occupied"", ""9ctaB: chain_not_found"", ""9ctbA: pocket_occupied"", ""9ctbB: chain_not_found"", ""9kpnA: pocket_occupied"", ""9kpnB: chain_not_found"", ""4q01A: pocket_occupied"", ""4q01B: chain_not_found"", ""7rpzA: pocket_occupied"", ""9ggxA: pocket_occupied"", ""9qq1A: pocket_occupied"", ""9tc2A: pocket_occupied"", ""6t5vA: pocket_occupied"", ""9g0yA: pocket_occupied"", ""8un5A: pocket_occupied"", ""8un5B: chain_not_found"", ""9qpzA: pocket_occupied"", ""8r7xA: pocket_occupied"", ""8r7xB: chain_not_found"", ""7rovA: pocket_occupied"", ""7rovB: chain_not_found"", ""9u8uA: pocket_occupied"", ""9xb3A: pocket_occupied"", ""7a1xA: pocket_occupied"", ""8fmjA: pocket_occupied"", ""9gh1A: pocket_occupied"", ""9u8jA: pocket_occupied"", ""9xbzA: pocket_occupied"", ""9xf7A: pocket_occupied"", ""4epvA: pocket_occupied"", ""8txeA: pocket_occupied"", ""8txeB: chain_not_found"", ""9ct9A: pocket_occupied"", ""9ct9B: chain_not_found"", ""9e5fA: pocket_occupied"", ""9gh2A: pocket_occupied"", ""9p45A: pocket_occupied"", ""9tc5A: pocket_occupied"", ""6mbqA: pocket_occupied"", ""9e5dA: pocket_occupied"", ""9l6aA: pocket_occupied"", ""9xb7A: pocket_occupied"", ""6t5bA: pocket_occupied"", ""9ggzA: pocket_occupied"", ""4lyhA: pocket_occupied"", ""4lyhB: chain_not_found"", ""4lyhC: chain_not_found"", ""5v9uA: pocket_occupied"", ""5v9uB: chain_not_found"", ""8txkA: pocket_occupied"", ""7f0wA: pocket_occupied"", ""5f2eA: pocket_occupied"", ""6vjjA: pocket_occupied"", ""8g9qA: pocket_occupied"", ""8txjA: pocket_occupied"", ""8ty8A: pocket_occupied"", ""9bfxA: pocket_occupied"", ""9bfxB: chain_not_found"", ""9o0nA: pocket_occupied"", ""9ouhA: pocket_occupied"", ""9u8tA: pocket_occupied"", ""8blrA: pocket_occupied"", ""6bofA: pocket_occupied"", ""6bofB: chain_not_found"", ""4pzzA: pocket_occupied"", ""8eieA: pocket_occupied"", ""8ty2A: pocket_occupied"", ""9bgaA: pocket_occupied"", ""9bgaB: chain_not_found"", ""9kpmA: pocket_occupied"", ""8ecrA: pocket_occupied"", ""8ecrB: chain_not_found"", ""9ct7A: pocket_occupied"", ""9ct7B: chain_not_found"", ""6b0yA: pocket_occupied"", ""6b0yB: chain_not_found"", ""8ty9A: pocket_occupied"", ""12kzA: pocket_occupied"", ""6mbtA: pocket_occupied"", ""6mbtB: chain_not_found"", ""6mbuA: pocket_occupied"", ""6mbuB: chain_not_found"", ""8tbjA: pocket_occupied"", ""8tbjB: chain_not_found"", ""7yv1A: pocket_occupied"", ""8tbnA: pocket_occupied"", ""8tbnB: chain_not_found"", ""36oiA: pocket_occupied"", ""36oiB: chain_not_found"", ""8t4vA: pocket_occupied"", ""8t4vB: chain_not_found"", ""6quvA: pocket_occupied"", ""6quvB: chain_not_found"", ""6quuA: pocket_occupied"", ""6quuB: chain_not_found"", ""5ocgA: pocket_occupied"", ""8fmkA: pocket_occupied"", ""7oo7A: pocket_occupied"", ""7oo7D: chain_not_found"", ""10jtA: pocket_occupied"", ""10jtB: chain_not_found"", ""5vbmA: pocket_occupied"", ""6ms9A: pocket_occupied"", ""6ms9B: chain_not_found"", ""6ms9C: chain_not_found"", ""9baiA: pocket_occupied"", ""9baiB: chain_not_found"", ""9baiC: chain_not_found"", ""9baiD: chain_not_found"", ""9bajA: pocket_occupied"", ""9bajB: chain_not_found"", ""9bajC: chain_not_found"", ""9bajD: chain_not_found"", ""4m1yA: pocket_occupied"", ""4m1yB: chain_not_found"", ""4m1yC: chain_not_found"", ""4tq9A: pocket_occupied"", ""4tq9B: chain_not_found"", ""6gj5A: pocket_occupied"", ""6gj5B: chain_not_found"", ""10nuA: pocket_occupied"", ""10nuB: chain_not_found"", ""4lpkA: pocket_occupied"", ""4lpkB: chain_not_found"", ""4lv6A: pocket_occupied"", ""4lv6B: chain_not_found"", ""5uqwA: pocket_occupied"", ""5uqwB: chain_not_found"", ""6cu6A: pocket_occupied"", ""6cu6B: chain_not_found"", ""6cu6C: chain_not_found"", ""6pgpA: chain_not_found"", ""6pgpB: chain_not_found"", ""8dniA: pocket_occupied"", ""8g9pA: pocket_occupied"", ""8g9pB: chain_not_found"", ""8t73A: pocket_occupied"", ""8t73B: chain_not_found"", ""8tbfA: pocket_occupied"", ""8tbfB: chain_not_found"", ""8tbhA: pocket_occupied"", ""8tbhB: chain_not_found"", ""8txgA: pocket_occupied"", ""9c3nA: pocket_occupied"", ""9c3nB: chain_not_found"", ""9hmrA: pocket_occupied"", ""9hmrB: chain_not_found"", ""9hmrC: chain_not_found"", ""9hmrD: chain_not_found"", ""9oelA: pocket_occupied"", ""9oelB: chain_not_found"", ""9oexA: pocket_occupied"", ""9oexB: chain_not_found"", ""9ou3A: pocket_occupied"", ""9u8wA: pocket_occupied"", ""9u8wB: chain_not_found"", ""6m9wA: pocket_occupied"", ""6mqgA: pocket_occupied"", ""7lz5A: pocket_occupied"", ""9nznA: pocket_occupied"", ""7kmrA: pocket_occupied"", ""9bg1A: pocket_occupied"", ""9bg1B: chain_not_found"", ""10nvA: pocket_occupied"", ""10nvB: chain_not_found"", ""4l8gA: pocket_occupied"", ""8jjsA: pocket_occupied"", ""9tbwA: pocket_occupied"", ""9qq0A: pocket_occupied"", ""9ou2A: pocket_occupied"", ""4m1sA: pocket_occupied"", ""4m1sB: chain_not_found"", ""4m1sC: chain_not_found"", ""6aseA: pocket_occupied"", ""7rt3A: pocket_occupied"", ""5v9oA: pocket_occupied"", ""8qugA: pocket_occupied"", ""4lyfA: pocket_occupied"", ""4lyfB: chain_not_found"", ""4lyfC: chain_not_found"", ""7acaA: pocket_occupied"", ""7acaB: chain_not_found"", ""7acaC: chain_not_found"", ""7acaD: chain_not_found"", ""8tbmA: pocket_occupied"", ""8tbmB: chain_not_found"", ""9gh0A: pocket_occupied"", ""9u8vA: pocket_occupied"", ""9yowA: pocket_occupied"", ""9yowC: chain_not_found"", ""8un4A: pocket_occupied"", ""4m1oA: pocket_occupied"", ""4m1oB: chain_not_found"", ""4m1oC: chain_not_found"", ""4m1wA: pocket_occupied"", ""4m1wB: chain_not_found"", ""4m1wC: chain_not_found"", ""9bg9A: pocket_occupied"", ""9bg9B: chain_not_found"", ""9nzmA: pocket_occupied"", ""9nzmB: chain_not_found"", ""6ws2A: pocket_occupied"", ""6ws2B: chain_not_found"", ""6ws2C: chain_not_found"", ""6ws2D: chain_not_found"", ""7rt2A: pocket_occupied"", ""8t72A: pocket_occupied"", ""8t72B: chain_not_found"", ""8t72C: chain_not_found"", ""6mqnA: pocket_occupied"", ""6mqnB: chain_not_found"", ""6mqnC: chain_not_found"", ""6pgoA: pocket_occupied"", ""6pgoB: chain_not_found"", ""7ok3A: pocket_occupied"", ""9bg7A: pocket_occupied"", ""9bg7B: chain_not_found"", ""9gguA: pocket_occupied"", ""9tbmA: pocket_occupied"", ""9tbmB: chain_not_found"", ""9tbmC: chain_not_found"", ""9tc0A: pocket_occupied"", ""6goeA: pocket_occupied"", ""8azrA: pocket_occupied"", ""8jgdA: pocket_occupied"", ""6wgnA: pocket_occupied"", ""6wgnB: chain_not_found"", ""6wgnC: chain_not_found"", ""7r0mA: pocket_occupied"", ""7r0mB: chain_not_found"", ""5vpiA: pocket_occupied"", ""5vpiB: chain_not_found"", ""6quxA: pocket_occupied"", ""6quxB: chain_not_found"", ""9tc6A: pocket_occupied"", ""6gomA: pocket_occupied"", ""6gomB: chain_not_found"", ""6gomC: chain_not_found"", ""6gomD: chain_not_found"", ""6gomE: chain_not_found"", ""6gomF: chain_not_found"", ""8afdA: pocket_occupied"", ""8afdB: chain_not_found"", ""8afdC: chain_not_found"", ""8afdD: chain_not_found"", ""6tamA: pocket_occupied"", ""9bg2A: pocket_occupied"", ""9bg2B: chain_not_found"", ""5whdA: pocket_occupied"", ""5whdB: chain_not_found"", ""5whdC: chain_not_found"", ""5whdD: chain_not_found"", ""6zl5A: pocket_occupied"", ""8t74A: pocket_occupied"", ""6oimA: pocket_occupied"", ""6p8zA: pocket_occupied"", ""6p8zB: chain_not_found"", ""8aq7A: pocket_occupied"", ""8aq7B: chain_not_found"", ""9ax6A: pocket_occupied"", ""9ax6B: chain_not_found"", ""9bi1A: pocket_occupied"", ""9bi1C: chain_not_found"", ""9e9hA: pocket_occupied"", ""9u8xA: pocket_occupied"", ""9tbrA: pocket_occupied"", ""6gj8A: pocket_occupied"", ""5ocoA: pocket_occupied"", ""5ocoB: chain_not_found"", ""5ocoC: chain_not_found"", ""5ocoD: chain_not_found"", ""5ocoE: chain_not_found"", ""5ocoF: chain_not_found"", ""9bg6A: pocket_occupied"", ""9bg6B: chain_not_found"", ""9bl0A: pocket_occupied"", ""9bl0B: chain_not_found"", ""6gj7A: pocket_occupied"", ""8v3aA: pocket_occupied"", ""8v3aB: chain_not_found"", ""9bakA: pocket_occupied"", ""9bakB: chain_not_found"", ""9bakC: chain_not_found"", ""9bakD: chain_not_found"", ""9bg5A: pocket_occupied"", ""9bg5B: chain_not_found"", ""9ygsA: pocket_occupied"", ""9zpaA: pocket_occupied"", ""9zpaB: chain_not_found"", ""9bgbA: pocket_occupied"", ""9bgbB: chain_not_found"", ""5yy1A: pocket_occupied"", ""6gqtA: pocket_occupied"", ""6gqtB: chain_not_found"", ""6gqtC: chain_not_found"", ""6gqtD: chain_not_found"", ""6gqtE: chain_not_found"", ""6gqtF: chain_not_found"", ""7vvbA: pocket_occupied"", ""4dsuA: pocket_occupied"", ""24htA: pocket_occupied"", ""4epwA: pocket_occupied"", ""5v6sA: pocket_occupied"", ""5vp7A: pocket_occupied"", ""5vp7F: chain_not_found"", ""5yxzA: pocket_occupied"", ""7ok4A: pocket_occupied"", ""8b6iA: pocket_occupied"", ""8b6iB: chain_not_found"", ""9c3kA: pocket_occupied"", ""9c3kB: chain_not_found""]"
6cc9,B,MG,9iay,A,A,0.953,1.4510966564939143,/home/iscb/wolfson/hagairavid/LocAlign/datasets/apo_structures/MG/apob7f67423d9.pdb,apob7f67423d9,found,1,[]
6cdf,A,NAI,,,,,,,,all_candidates_pocket_occupied,33,"[""1mx3A: pocket_occupied"", ""4u6sA: pocket_occupied"", ""9wrjA: pocket_occupied"", ""7kwmA: pocket_occupied"", ""4u6qA: pocket_occupied"", ""6v8aA: pocket_occupied"", ""4lceA: pocket_occupied"", ""6cdrA: pocket_occupied"", ""6v89A: pocket_occupied"", ""8ariA: pocket_occupied"", ""8ariB: chain_not_found"", ""8ariC: chain_not_found"", ""8ariD: chain_not_found"", ""8ariE: chain_not_found"", ""8ariF: chain_not_found"", ""8ariG: chain_not_found"", ""8ariH: chain_not_found"", ""8ariI: chain_not_found"", ""8ariJ: chain_not_found"", ""8ariK: chain_not_found"", ""8ariL: chain_not_found"", ""8ariM: chain_not_found"", ""8ariN: chain_not_found"", ""8ariO: chain_not_found"", ""8ariP: chain_not_found"", ""8ariQ: chain_not_found"", ""8ariR: chain_not_found"", ""8ariS: chain_not_found"", ""8ariT: chain_not_found"", ""8ariU: chain_not_found"", ""8ariV: chain_not_found"", ""8ariW: chain_not_found"", ""8ariX: chain_not_found""]"
6cfw,J,SF4,,,,,,,,no_candidate_passed_prefilter,0,[]
6cgy,A,GOL,6cgz,A,A,1.8,0.26425854526446185,/home/iscb/wolfson/hagairavid/LocAlign/datasets/apo_structures/GOL/apoc985bcb8ea.pdb,apoc985bcb8ea,found,1,[]
6cic,A,HEM,,,,,,,,all_candidates_pocket_occupied,324,"[""6cidA: pocket_occupied"", ""6cidB: chain_not_found"", ""6pngA: pocket_occupied"", ""6pngB: chain_not_found"", ""6ng4A: pocket_occupied"", ""6ng4B: chain_not_found"", ""5vv0A: pocket_occupied"", ""5vv0B: chain_not_found"", ""6ngdA: pocket_occupied"", ""6ngdB: chain_not_found"", ""6ngiA: pocket_occupied"", ""6ngiB: chain_not_found"", ""7ts6A: pocket_occupied"", ""7ts6B: chain_not_found"", ""7ts6C: chain_not_found"", ""7ts6D: chain_not_found"", ""9cvsA: pocket_occupied"", ""9cvsB: chain_not_found"", ""9cvsC: chain_not_found"", ""9cvsD: chain_not_found"", ""9cvxA: pocket_occupied"", ""9cvxB: chain_not_found"", ""9cvxC: chain_not_found"", ""9cvxD: chain_not_found"", ""6po9A: pocket_occupied"", ""6po9B: chain_not_found"", ""6poaA: pocket_occupied"", ""6poaB: chain_not_found"", ""6po5A: pocket_occupied"", ""6po5B: chain_not_found"", ""7us8A: pocket_occupied"", ""7us8B: chain_not_found"", ""7us8C: chain_not_found"", ""7us8D: chain_not_found"", ""8fgfA: pocket_occupied"", ""8fgfB: chain_not_found"", ""7uamA: pocket_occupied"", ""7uamB: chain_not_found"", ""7uamC: chain_not_found"", ""7uamD: chain_not_found"", ""7ts5A: pocket_occupied"", ""7ts5B: chain_not_found"", ""7ts5C: chain_not_found"", ""7ts5D: chain_not_found"", ""6pnhA: pocket_occupied"", ""6pnhB: chain_not_found"", ""7ts4A: pocket_occupied"", ""7ts4B: chain_not_found"", ""7ts4C: chain_not_found"", ""7ts4D: chain_not_found"", ""8fggA: pocket_occupied"", ""8fggB: chain_not_found"", ""6av4A: pocket_occupied"", ""6av4B: chain_not_found"", ""9cvwA: pocket_occupied"", ""9cvwB: chain_not_found"", ""9cvwC: chain_not_found"", ""9cvwD: chain_not_found"", ""6po8A: pocket_occupied"", ""6po8B: chain_not_found"", ""5uo1A: pocket_occupied"", ""5uo1B: chain_not_found"", ""6av5A: pocket_occupied"", ""6av5B: chain_not_found"", ""6ng8A: pocket_occupied"", ""6ng8B: chain_not_found"", ""6ngbA: pocket_occupied"", ""6ngbB: chain_not_found"", ""7ts7A: pocket_occupied"", ""7ts7B: chain_not_found"", ""7ts7C: chain_not_found"", ""7ts7D: chain_not_found"", ""8ufpA: pocket_occupied"", ""8ufpB: chain_not_found"", ""9cw1A: pocket_occupied"", ""9cw1B: chain_not_found"", ""9cw1C: chain_not_found"", ""9cw1D: chain_not_found"", ""6auyA: pocket_occupied"", ""6auyB: chain_not_found"", ""6ng2A: pocket_occupied"", ""6ng2B: chain_not_found"", ""7us7A: pocket_occupied"", ""7us7B: chain_not_found"", ""7us7C: chain_not_found"", ""7us7D: chain_not_found"", ""9cvuA: pocket_occupied"", ""9cvuB: chain_not_found"", ""9cvuC: chain_not_found"", ""9cvuD: chain_not_found"", ""5uo2A: pocket_occupied"", ""5uo2B: chain_not_found"", ""5vv1A: pocket_occupied"", ""5vv1B: chain_not_found"", ""6av3A: pocket_occupied"", ""6av3B: chain_not_found"", ""6pnaA: pocket_occupied"", ""6pnaB: chain_not_found"", ""6po7A: pocket_occupied"", ""6po7B: chain_not_found"", ""6pobA: pocket_occupied"", ""6pobB: chain_not_found"", ""5uo6A: pocket_occupied"", ""5uo6B: chain_not_found"", ""6ng5A: pocket_occupied"", ""6ng5B: chain_not_found"", ""5adfA: pocket_occupied"", ""5adfB: chain_not_found"", ""5vuzA: pocket_occupied"", ""5vuzB: chain_not_found"", ""7ts2A: pocket_occupied"", ""7ts2B: chain_not_found"", ""7ts2C: chain_not_found"", ""7ts2D: chain_not_found"", ""4uh6A: pocket_occupied"", ""4uh6B: chain_not_found"", ""6ngaA: pocket_occupied"", ""6ngaB: chain_not_found"", ""8ufqA: pocket_occupied"", ""8ufqB: chain_not_found"", ""8ufqC: chain_not_found"", ""8ufqD: chain_not_found"", ""5adgA: pocket_occupied"", ""5adgB: chain_not_found"", ""4uh5A: pocket_occupied"", ""4uh5B: chain_not_found"", ""5vuvA: pocket_occupied"", ""5vuvB: chain_not_found"", ""9q4hA: pocket_occupied"", ""9q4hB: chain_not_found"", ""9q4hC: chain_not_found"", ""9q4hD: chain_not_found"", ""6ngfA: pocket_occupied"", ""6ngfB: chain_not_found"", ""9mwbA: pocket_occupied"", ""9mwbB: chain_not_found"", ""9mwbC: chain_not_found"", ""9mwbD: chain_not_found"", ""6av0A: pocket_occupied"", ""6av0B: chain_not_found"", ""6ngcA: pocket_occupied"", ""6ngcB: chain_not_found"", ""6pocA: pocket_occupied"", ""6pocB: chain_not_found"", ""5uo4A: pocket_occupied"", ""5uo4B: chain_not_found"", ""5uo5A: pocket_occupied"", ""5uo5B: chain_not_found"", ""5vv2A: pocket_occupied"", ""5vv2B: chain_not_found"", ""6auzA: pocket_occupied"", ""6auzB: chain_not_found"", ""6ng7A: pocket_occupied"", ""6ng7B: chain_not_found"", ""6nghA: pocket_occupied"", ""6nghB: chain_not_found"", ""9cvvA: pocket_occupied"", ""9cvvB: chain_not_found"", ""9cvvC: chain_not_found"", ""9cvvD: chain_not_found"", ""9mwaA: pocket_occupied"", ""9mwaB: chain_not_found"", ""9mwaC: chain_not_found"", ""9mwaD: chain_not_found"", ""5vuwA: pocket_occupied"", ""5vuwB: chain_not_found"", ""6nhbA: pocket_occupied"", ""6nhbB: chain_not_found"", ""4d1nA: pocket_occupied"", ""4d1nB: chain_not_found"", ""4d1nC: chain_not_found"", ""4d1nD: chain_not_found"", ""6ng6A: pocket_occupied"", ""6ng6B: chain_not_found"", ""5fvvA: pocket_occupied"", ""5fvvB: chain_not_found"", ""6pnbA: pocket_occupied"", ""6pnbB: chain_not_found"", ""5uo7A: pocket_occupied"", ""5uo7B: chain_not_found"", ""7ts1A: pocket_occupied"", ""7ts1B: chain_not_found"", ""7ts1C: chain_not_found"", ""7ts1D: chain_not_found"", ""9q4mA: pocket_occupied"", ""9q4mB: chain_not_found"", ""9q4mC: chain_not_found"", ""9q4mD: chain_not_found"", ""9q4iA: pocket_occupied"", ""9q4iB: chain_not_found"", ""9q4iC: chain_not_found"", ""9q4iD: chain_not_found"", ""7ts3A: pocket_occupied"", ""7ts3B: chain_not_found"", ""7ts3C: chain_not_found"", ""7ts3D: chain_not_found"", ""5vv4A: pocket_occupied"", ""5vv4B: chain_not_found"", ""6av2A: pocket_occupied"", ""6av2B: chain_not_found"", ""6pneA: pocket_occupied"", ""6pneB: chain_not_found"", ""6pnfA: pocket_occupied"", ""6pnfB: chain_not_found"", ""8fglA: pocket_occupied"", ""8fglB: chain_not_found"", ""8fglC: chain_not_found"", ""8fglD: chain_not_found"", ""8fgmA: pocket_occupied"", ""8fgmB: chain_not_found"", ""8fgmC: chain_not_found"", ""8fgmD: chain_not_found"", ""9cw0A: pocket_occupied"", ""9cw0B: chain_not_found"", ""9cw0C: chain_not_found"", ""9cw0D: chain_not_found"", ""6ngeA: pocket_occupied"", ""6ngeB: chain_not_found"", ""9q4oA: pocket_occupied"", ""9q4oB: chain_not_found"", ""9q4oC: chain_not_found"", ""9q4oD: chain_not_found"", ""9q4nA: pocket_occupied"", ""9q4nB: chain_not_found"", ""9q4nC: chain_not_found"", ""9q4nD: chain_not_found"", ""9myvA: pocket_occupied"", ""9myvB: chain_not_found"", ""9myvC: chain_not_found"", ""9myvD: chain_not_found"", ""5vv5A: pocket_occupied"", ""5vv5B: chain_not_found"", ""6ng1A: pocket_occupied"", ""6ng1B: chain_not_found"", ""6pncA: pocket_occupied"", ""6pncB: chain_not_found"", ""8fgiA: pocket_occupied"", ""8fgiB: chain_not_found"", ""8fgjA: pocket_occupied"", ""8fgjB: chain_not_found"", ""8fgjC: chain_not_found"", ""8fgjD: chain_not_found"", ""9myuA: pocket_occupied"", ""9myuB: chain_not_found"", ""9myuC: chain_not_found"", ""9myuD: chain_not_found"", ""5vuyA: pocket_occupied"", ""5vuyB: chain_not_found"", ""6nhcA: pocket_occupied"", ""6nhcB: chain_not_found"", ""8fghA: pocket_occupied"", ""8fghB: chain_not_found"", ""8fghC: chain_not_found"", ""8fghD: chain_not_found"", ""5vv3A: pocket_occupied"", ""5vv3B: chain_not_found"", ""9cvzA: pocket_occupied"", ""9cvzB: chain_not_found"", ""9cvzC: chain_not_found"", ""9cvzD: chain_not_found"", ""9cw3A: pocket_occupied"", ""9cw3B: chain_not_found"", ""9cw3C: chain_not_found"", ""9cw3D: chain_not_found"", ""9q4kA: pocket_occupied"", ""9q4kB: chain_not_found"", ""9q4kC: chain_not_found"", ""9q4kD: chain_not_found"", ""4uchA: pocket_occupied"", ""4uchB: chain_not_found"", ""5adiA: pocket_occupied"", ""5adiB: chain_not_found"", ""5fvwA: pocket_occupied"", ""5fvwB: chain_not_found"", ""5uo3A: pocket_occupied"", ""5uo3B: chain_not_found"", ""9q4jA: pocket_occupied"", ""9q4jB: chain_not_found"", ""9q4jC: chain_not_found"", ""9q4jD: chain_not_found"", ""5fvuA: pocket_occupied"", ""5fvuB: chain_not_found"", ""8fgkA: pocket_occupied"", ""8fgkB: chain_not_found"", ""8fgkC: chain_not_found"", ""8fgkD: chain_not_found"", ""5fvxA: pocket_occupied"", ""5fvxB: chain_not_found"", ""5vuxA: pocket_occupied"", ""5vuxB: chain_not_found"", ""6potA: pocket_occupied"", ""6potB: chain_not_found"", ""7ts8A: pocket_occupied"", ""7ts8B: chain_not_found"", ""7ts8C: chain_not_found"", ""7ts8D: chain_not_found"", ""9c1yA: pocket_occupied"", ""9c1yB: chain_not_found"", ""9c1yC: chain_not_found"", ""9c1yD: chain_not_found"", ""9q4gA: pocket_occupied"", ""9q4gB: chain_not_found"", ""9q4gC: chain_not_found"", ""9q4gD: chain_not_found"", ""4v3uA: pocket_occupied"", ""4v3uB: chain_not_found"", ""4v3uC: chain_not_found"", ""4v3uD: chain_not_found"", ""9mywA: pocket_occupied"", ""9mywB: chain_not_found"", ""9mywC: chain_not_found"", ""9mywD: chain_not_found"", ""9cvyA: pocket_occupied"", ""9cvyB: chain_not_found"", ""9cvyC: chain_not_found"", ""9cvyD: chain_not_found"", ""6pndA: pocket_occupied"", ""6pndB: chain_not_found"", ""6av1A: pocket_occupied"", ""6av1B: chain_not_found"", ""9mwcA: pocket_occupied"", ""9mwcB: chain_not_found"", ""9mwcC: chain_not_found"", ""9mwcD: chain_not_found""]"
6cig,A,SAH,,,,,,,,all_candidates_pocket_occupied,1,"[""1fp2A: pocket_occupied""]"
6ckk,A,CTP,6ckj,A,A,1.75,0.6863683376205324,/home/iscb/wolfson/hagairavid/LocAlign/datasets/apo_structures/CTP/apoab1dde69c6.pdb,apoab1dde69c6,found,2,"[""6ckmA: pocket_occupied""]"
6clx,B,SAM,6clw,A,A,2.74,1.080294213446061,/home/iscb/wolfson/hagairavid/LocAlign/datasets/apo_structures/SAM/apocc22a7c249.pdb,apocc22a7c249,found,1,[]
6cmz,A,FMN,,,,,,,,no_candidate_passed_prefilter,0,[]
6cq6,B,K,6w8c,A,A,2.6,1.5344359303939374,/home/iscb/wolfson/hagairavid/LocAlign/datasets/apo_structures/K/apob2881074d9.pdb,apob2881074d9,found,1,[]
6ct6,B,GLC,,,,,,,,no_candidate_passed_prefilter,0,[]
6ct6,B,NAI,,,,,,,,no_candidate_passed_prefilter,0,[]
6cu5,A,SAH,6cu3,A,A,2.5,0.6497741185117809,/home/iscb/wolfson/hagairavid/LocAlign/datasets/apo_structures/SAH/apoa53a2dbad6.pdb,apoa53a2dbad6,found,1,[]
6cu6,C,GNP,9nf2,A,A,1.7,0.7178565566511179,/home/iscb/wolfson/hagairavid/LocAlign/datasets/apo_structures/GNP/apo10682e65ac.pdb,apo10682e65ac,found,392,"[""9iayA: chain_not_found"", ""9iawA: pocket_occupied"", ""12xeA: pocket_occupied"", ""8onvA: pocket_occupied"", ""6p0zA: pocket_occupied"", ""6p0zB: chain_not_found"", ""9ib5A: pocket_occupied"", ""8azzA: pocket_occupied"", ""8tvkA: pocket_occupied"", ""8azxA: pocket_occupied"", ""8b00A: pocket_occupied"", ""4ql3A: pocket_occupied"", ""8azvA: pocket_occupied"", ""9ib4A: pocket_occupied"", ""9e3sA: pocket_occupied"", ""9e3sB: chain_not_found"", ""8azyA: pocket_occupied"", ""12laA: pocket_occupied"", ""9n44A: pocket_occupied"", ""8b78A: pocket_occupied"", ""8fmiA: pocket_occupied"", ""9ympA: pocket_occupied"", ""8afbA: pocket_occupied"", ""4tqaA: pocket_occupied"", ""4tqaB: chain_not_found"", ""9bg4A: pocket_occupied"", ""9bg4B: chain_not_found"", ""9g4bA: pocket_occupied"", ""4ldjA: pocket_occupied"", ""6tanA: pocket_occupied"", ""8r7wA: pocket_occupied"", ""8r7wB: chain_not_found"", ""8edyA: pocket_occupied"", ""8eerA: pocket_occupied"", ""7o70A: pocket_occupied"", ""7o70D: chain_not_found"", ""9e9iA: pocket_occupied"", ""9iapA: pocket_occupied"", ""9ggvA: pocket_occupied"", ""7r0nA: pocket_occupied"", ""8ebzA: pocket_occupied"", ""8txhA: pocket_occupied"", ""8txhB: chain_not_found"", ""9bfvA: pocket_occupied"", ""9bfvB: chain_not_found"", ""9bfwA: pocket_occupied"", ""9u8zA: pocket_occupied"", ""9u90A: pocket_occupied"", ""9ymqA: pocket_occupied"", ""9ymrA: pocket_occupied"", ""4q03A: pocket_occupied"", ""36okA: pocket_occupied"", ""36okB: chain_not_found"", ""9c3qA: pocket_occupied"", ""11qeA: pocket_occupied"", ""9u8lA: pocket_occupied"", ""9xamA: pocket_occupied"", ""4obeA: pocket_occupied"", ""4obeB: chain_not_found"", ""9n9nA: pocket_occupied"", ""9n9nB: chain_not_found"", ""6quwA: pocket_occupied"", ""6quwB: chain_not_found"", ""36omA: pocket_occupied"", ""5xcoA: pocket_occupied"", ""9ymnA: pocket_occupied"", ""9ymoA: pocket_occupied"", ""12lbA: pocket_occupied"", ""8tbkA: pocket_occupied"", ""8tbkB: chain_not_found"", ""9bfyA: pocket_occupied"", ""9bfyB: chain_not_found"", ""9xf8A: pocket_occupied"", ""9ggyA: pocket_occupied"", ""7rt1A: pocket_occupied"", ""7t47A: pocket_occupied"", ""9ct8A: pocket_occupied"", ""9ct8B: chain_not_found"", ""4lucA: pocket_occupied"", ""4lucB: chain_not_found"", ""6b0vA: pocket_occupied"", ""6b0vB: chain_not_found"", ""7rt5A: pocket_occupied"", ""9ctaA: pocket_occupied"", ""9ctaB: chain_not_found"", ""9ctbA: pocket_occupied"", ""9ctbB: chain_not_found"", ""9kpnA: pocket_occupied"", ""9kpnB: chain_not_found"", ""4q01A: pocket_occupied"", ""4q01B: chain_not_found"", ""7rpzA: pocket_occupied"", ""9ggxA: pocket_occupied"", ""9qq1A: pocket_occupied"", ""9tc2A: pocket_occupied"", ""6t5vA: pocket_occupied"", ""9g0yA: pocket_occupied"", ""8un5A: pocket_occupied"", ""8un5B: chain_not_found"", ""9qpzA: pocket_occupied"", ""8r7xA: pocket_occupied"", ""8r7xB: chain_not_found"", ""7rovA: pocket_occupied"", ""7rovB: chain_not_found"", ""9u8uA: pocket_occupied"", ""9xb3A: pocket_occupied"", ""7a1xA: pocket_occupied"", ""8fmjA: pocket_occupied"", ""9gh1A: pocket_occupied"", ""9u8jA: pocket_occupied"", ""9xbzA: pocket_occupied"", ""9xf7A: pocket_occupied"", ""4epvA: pocket_occupied"", ""8txeA: pocket_occupied"", ""8txeB: chain_not_found"", ""9ct9A: pocket_occupied"", ""9ct9B: chain_not_found"", ""9e5fA: pocket_occupied"", ""9gh2A: pocket_occupied"", ""9p45A: pocket_occupied"", ""9tc5A: pocket_occupied"", ""6mbqA: pocket_occupied"", ""9e5dA: pocket_occupied"", ""9l6aA: pocket_occupied"", ""9xb7A: pocket_occupied"", ""6t5bA: pocket_occupied"", ""9ggzA: pocket_occupied"", ""4lyhA: pocket_occupied"", ""4lyhB: chain_not_found"", ""4lyhC: chain_not_found"", ""5v9uA: pocket_occupied"", ""5v9uB: chain_not_found"", ""8txkA: pocket_occupied"", ""7f0wA: pocket_occupied"", ""5f2eA: pocket_occupied"", ""6vjjA: pocket_occupied"", ""8g9qA: pocket_occupied"", ""8txjA: pocket_occupied"", ""8ty8A: pocket_occupied"", ""9bfxA: pocket_occupied"", ""9bfxB: chain_not_found"", ""9o0nA: pocket_occupied"", ""9ouhA: pocket_occupied"", ""9u8tA: pocket_occupied"", ""8blrA: pocket_occupied"", ""6bofA: pocket_occupied"", ""6bofB: chain_not_found"", ""4pzzA: pocket_occupied"", ""8eieA: pocket_occupied"", ""8ty2A: pocket_occupied"", ""9bgaA: pocket_occupied"", ""9bgaB: chain_not_found"", ""9kpmA: pocket_occupied"", ""8ecrA: pocket_occupied"", ""8ecrB: chain_not_found"", ""9ct7A: pocket_occupied"", ""9ct7B: chain_not_found"", ""6b0yA: pocket_occupied"", ""6b0yB: chain_not_found"", ""8ty9A: pocket_occupied"", ""12kzA: pocket_occupied"", ""6mbtA: pocket_occupied"", ""6mbtB: chain_not_found"", ""6mbuA: pocket_occupied"", ""6mbuB: chain_not_found"", ""8tbjA: pocket_occupied"", ""8tbjB: chain_not_found"", ""7yv1A: pocket_occupied"", ""8tbnA: pocket_occupied"", ""8tbnB: chain_not_found"", ""36oiA: pocket_occupied"", ""36oiB: chain_not_found"", ""8t4vA: pocket_occupied"", ""8t4vB: chain_not_found"", ""6quvA: pocket_occupied"", ""6quvB: chain_not_found"", ""6quuA: pocket_occupied"", ""6quuB: chain_not_found"", ""5ocgA: pocket_occupied"", ""8fmkA: pocket_occupied"", ""7oo7A: pocket_occupied"", ""7oo7D: chain_not_found"", ""10jtA: pocket_occupied"", ""10jtB: chain_not_found"", ""5vbmA: pocket_occupied"", ""6ms9A: pocket_occupied"", ""6ms9B: chain_not_found"", ""6ms9C: chain_not_found"", ""9baiA: pocket_occupied"", ""9baiB: chain_not_found"", ""9baiC: chain_not_found"", ""9baiD: chain_not_found"", ""9bajA: pocket_occupied"", ""9bajB: chain_not_found"", ""9bajC: chain_not_found"", ""9bajD: chain_not_found"", ""4m1yA: pocket_occupied"", ""4m1yB: chain_not_found"", ""4m1yC: chain_not_found"", ""4tq9A: pocket_occupied"", ""4tq9B: chain_not_found"", ""6gj5A: pocket_occupied"", ""6gj5B: chain_not_found"", ""10nuA: pocket_occupied"", ""10nuB: chain_not_found"", ""4lpkA: pocket_occupied"", ""4lpkB: chain_not_found"", ""4lv6A: pocket_occupied"", ""4lv6B: chain_not_found"", ""5uqwA: pocket_occupied"", ""5uqwB: chain_not_found"", ""6pgpA: pocket_occupied"", ""6pgpB: chain_not_found"", ""8dniA: pocket_occupied"", ""8g9pA: pocket_occupied"", ""8g9pB: chain_not_found"", ""8t73A: pocket_occupied"", ""8t73B: chain_not_found"", ""8tbfA: pocket_occupied"", ""8tbfB: chain_not_found"", ""8tbhA: pocket_occupied"", ""8tbhB: chain_not_found"", ""8txgA: pocket_occupied"", ""9c3nA: pocket_occupied"", ""9c3nB: chain_not_found"", ""9hmrA: pocket_occupied"", ""9hmrB: chain_not_found"", ""9hmrC: chain_not_found"", ""9hmrD: chain_not_found"", ""9oelA: pocket_occupied"", ""9oelB: chain_not_found"", ""9oexA: pocket_occupied"", ""9oexB: chain_not_found"", ""9ou3A: pocket_occupied"", ""9u8wA: pocket_occupied"", ""9u8wB: chain_not_found"", ""6m9wA: pocket_occupied"", ""6mqgA: pocket_occupied"", ""7lz5A: pocket_occupied"", ""9nznA: pocket_occupied"", ""7kmrA: pocket_occupied"", ""9bg1A: pocket_occupied"", ""9bg1B: chain_not_found"", ""10nvA: pocket_occupied"", ""10nvB: chain_not_found"", ""4l8gA: pocket_occupied"", ""8jjsA: pocket_occupied"", ""9tbwA: pocket_occupied"", ""9qq0A: pocket_occupied"", ""9ou2A: pocket_occupied"", ""4m1sA: pocket_occupied"", ""4m1sB: chain_not_found"", ""4m1sC: chain_not_found"", ""6aseA: pocket_occupied"", ""7rt3A: pocket_occupied"", ""5v9oA: pocket_occupied"", ""8qugA: pocket_occupied"", ""4lyfA: pocket_occupied"", ""4lyfB: chain_not_found"", ""4lyfC: chain_not_found"", ""7acaA: pocket_occupied"", ""7acaB: chain_not_found"", ""7acaC: chain_not_found"", ""7acaD: chain_not_found"", ""8tbmA: pocket_occupied"", ""8tbmB: chain_not_found"", ""9gh0A: pocket_occupied"", ""9u8vA: pocket_occupied"", ""9yowA: pocket_occupied"", ""9yowC: chain_not_found"", ""8un4A: pocket_occupied"", ""4m1oA: pocket_occupied"", ""4m1oB: chain_not_found"", ""4m1oC: chain_not_found"", ""4m1wA: pocket_occupied"", ""4m1wB: chain_not_found"", ""4m1wC: chain_not_found"", ""9bg9A: pocket_occupied"", ""9bg9B: chain_not_found"", ""9nzmA: pocket_occupied"", ""9nzmB: chain_not_found"", ""6ws2A: pocket_occupied"", ""6ws2B: chain_not_found"", ""6ws2C: chain_not_found"", ""6ws2D: chain_not_found"", ""7rt2A: pocket_occupied"", ""8t72A: pocket_occupied"", ""8t72B: chain_not_found"", ""8t72C: chain_not_found"", ""6mqnA: pocket_occupied"", ""6mqnB: chain_not_found"", ""6mqnC: chain_not_found"", ""6pgoA: pocket_occupied"", ""6pgoB: chain_not_found"", ""7ok3A: pocket_occupied"", ""9bg7A: pocket_occupied"", ""9bg7B: chain_not_found"", ""9gguA: pocket_occupied"", ""9tbmA: pocket_occupied"", ""9tbmB: chain_not_found"", ""9tbmC: chain_not_found"", ""9tc0A: pocket_occupied"", ""6goeA: pocket_occupied"", ""8azrA: pocket_occupied"", ""8jgdA: pocket_occupied"", ""6wgnA: pocket_occupied"", ""6wgnB: chain_not_found"", ""6wgnC: chain_not_found"", ""7r0mA: pocket_occupied"", ""7r0mB: chain_not_found"", ""5vpiA: pocket_occupied"", ""5vpiB: chain_not_found"", ""6quxA: pocket_occupied"", ""6quxB: chain_not_found"", ""9tc6A: pocket_occupied"", ""6gomA: pocket_occupied"", ""6gomB: chain_not_found"", ""6gomC: chain_not_found"", ""6gomD: chain_not_found"", ""6gomE: chain_not_found"", ""6gomF: chain_not_found"", ""8afdA: pocket_occupied"", ""8afdB: chain_not_found"", ""8afdC: chain_not_found"", ""8afdD: chain_not_found"", ""6tamA: pocket_occupied"", ""9bg2A: pocket_occupied"", ""9bg2B: chain_not_found"", ""5whdA: pocket_occupied"", ""5whdB: chain_not_found"", ""5whdC: chain_not_found"", ""5whdD: chain_not_found"", ""6zl5A: pocket_occupied"", ""8t74A: pocket_occupied"", ""6oimA: pocket_occupied"", ""6p8zA: pocket_occupied"", ""6p8zB: chain_not_found"", ""8aq7A: pocket_occupied"", ""8aq7B: chain_not_found"", ""9ax6A: pocket_occupied"", ""9ax6B: chain_not_found"", ""9bi1A: pocket_occupied"", ""9bi1C: chain_not_found"", ""9e9hA: pocket_occupied"", ""9u8xA: pocket_occupied"", ""9tbrA: pocket_occupied"", ""6gj8A: pocket_occupied"", ""5ocoA: pocket_occupied"", ""5ocoB: chain_not_found"", ""5ocoC: chain_not_found"", ""5ocoD: chain_not_found"", ""5ocoE: chain_not_found"", ""5ocoF: chain_not_found"", ""9bg6A: pocket_occupied"", ""9bg6B: chain_not_found"", ""9bl0A: pocket_occupied"", ""9bl0B: chain_not_found"", ""6gj7A: pocket_occupied"", ""8v3aA: pocket_occupied"", ""8v3aB: chain_not_found"", ""9bakA: pocket_occupied"", ""9bakB: chain_not_found"", ""9bakC: chain_not_found"", ""9bakD: chain_not_found"", ""9bg5A: pocket_occupied"", ""9bg5B: chain_not_found"", ""9ygsA: pocket_occupied"", ""9zpaA: pocket_occupied"", ""9zpaB: chain_not_found"", ""9bgbA: pocket_occupied"", ""9bgbB: chain_not_found"", ""5yy1A: pocket_occupied"", ""6gqtA: pocket_occupied"", ""6gqtB: chain_not_found"", ""6gqtC: chain_not_found"", ""6gqtD: chain_not_found"", ""6gqtE: chain_not_found"", ""6gqtF: chain_not_found"", ""7vvbA: pocket_occupied"", ""4dsuA: pocket_occupied"", ""24htA: pocket_occupied"", ""4epwA: pocket_occupied"", ""5v6sA: pocket_occupied"", ""5vp7A: pocket_occupied"", ""5vp7F: chain_not_found"", ""5yxzA: pocket_occupied"", ""7ok4A: pocket_occupied"", ""8b6iA: pocket_occupied"", ""8b6iB: chain_not_found"", ""9c3kA: pocket_occupied"", ""9c3kB: chain_not_found""]"
6cx6,B,SAH,4fsd,A,A,1.75,1.6293046011805445,/home/iscb/wolfson/hagairavid/LocAlign/datasets/apo_structures/SAH/apoe236bd5263.pdb,apoe236bd5263,found,1,[]
6cy5,B,GDP,6cy1,A,A,1.9,0.9877279537581046,/home/iscb/wolfson/hagairavid/LocAlign/datasets/apo_structures/GDP/apo1db48c5f0c.pdb,apo1db48c5f0c,found,1,[]
6cz7,A,SF4,,,,,,,,all_candidates_pocket_occupied,6,"[""6czaA: pocket_occupied"", ""6czaC: chain_not_found"", ""6cz8A: pocket_occupied"", ""6cz8C: chain_not_found"", ""6cz9A: pocket_occupied"", ""6cz9C: chain_not_found""]"
6d24,A,BG6,,,,,,,,all_candidates_pocket_occupied,4,"[""6d23A: pocket_occupied"", ""6d23B: chain_not_found"", ""6d23C: chain_not_found"", ""6d23D: chain_not_found""]"
6d3g,C,NXL,4d2o,A,A,2.2,0.6628281774953512,/home/iscb/wolfson/hagairavid/LocAlign/datasets/apo_structures/NXL/apo0e856668c7.pdb,apo0e856668c7,found,1,[]
6d5b,B,CA,,,,,,,,no_candidate_passed_prefilter,0,[]
6d5d,A,CA,,,,,,,,no_candidate_passed_prefilter,0,[]
6dam,A,PQQ,,,,,,,,no_candidate_passed_prefilter,0,[]
6dcj,A,CL,5kcn,A,A,1.965,1.0409008282417291,/home/iscb/wolfson/hagairavid/LocAlign/datasets/apo_structures/CL/apofe82ff67aa.pdb,apofe82ff67aa,found,3,"[""4p29A: pocket_occupied"", ""4p29B: chain_not_found""]"
6dd6,A,SF4,,,,,,,,all_candidates_pocket_occupied,4,"[""4djaA: pocket_occupied"", ""5kcmA: pocket_occupied"", ""5kcmB: chain_not_found"", ""5lfaA: pocket_occupied""]"
6de6,A,SF4,,,,,,,,no_candidate_passed_prefilter,0,[]
6de6,B,SF4,,,,,,,,no_candidate_passed_prefilter,0,[]
6dfq,C,CA,,,,,,,,no_uniprot_mapping,0,[]
6dgm,B,1GP,,,,,,,,all_candidates_pocket_occupied,2,"[""5wcxA: pocket_occupied"", ""5wcxB: chain_not_found""]"
6dgm,B,MN,,,,,,,,all_candidates_pocket_occupied,2,"[""5wcxA: pocket_occupied"", ""5wcxB: chain_not_found""]"
6djt,A,SF4,2z2u,A,A,2.4,0.9969197058898976,/home/iscb/wolfson/hagairavid/LocAlign/datasets/apo_structures/SF4/apo3ad854c181.pdb,apo3ad854c181,found,1,[]
6dwn,D,HEM,,,,,,,,all_candidates_pocket_occupied,20,"[""4i8vA: pocket_occupied"", ""4i8vB: chain_not_found"", ""4i8vC: chain_not_found"", ""4i8vD: chain_not_found"", ""6dwmA: chain_not_found"", ""6dwmB: chain_not_found"", ""6dwmC: chain_not_found"", ""6dwmD: chain_not_found"", ""6udlA: chain_not_found"", ""6udlB: chain_not_found"", ""6udlC: chain_not_found"", ""6udlD: chain_not_found"", ""6udmA: chain_not_found"", ""6udmB: chain_not_found"", ""6udmC: chain_not_found"", ""6udmD: chain_not_found"", ""6o5yA: chain_not_found"", ""6o5yB: chain_not_found"", ""6o5yC: chain_not_found"", ""6o5yD: chain_not_found""]"
6dwo,A,CA,,,,,,,,all_candidates_pocket_occupied,8,"[""7fe1A: pocket_occupied"", ""7fe1B: chain_not_found"", ""7fe1C: chain_not_found"", ""7fe1D: chain_not_found"", ""7fe2A: pocket_occupied"", ""7fe2B: chain_not_found"", ""7fe2C: chain_not_found"", ""7fe2D: chain_not_found""]"
6dwo,A,K,7fe1,A,A,1.72,0.3052874896749786,/home/iscb/wolfson/hagairavid/LocAlign/datasets/apo_structures/K/apo559322ca14.pdb,apo559322ca14,found,1,[]
6dxi,A,HEM,,,,,,,,all_candidates_pocket_occupied,43,"[""3tfgA: pocket_occupied"", ""3tfgB: chain_not_found"", ""3tffA: pocket_occupied"", ""3tffB: chain_not_found"", ""3tfdA: pocket_occupied"", ""3tfdB: chain_not_found"", ""4iamA: pocket_occupied"", ""4iamB: chain_not_found"", ""3tfeA: pocket_occupied"", ""3tfeB: chain_not_found"", ""4iaeA: pocket_occupied"", ""4iaeB: chain_not_found"", ""2o09A: pocket_occupied"", ""2o09B: chain_not_found"", ""3tf8A: pocket_occupied"", ""3tf8B: chain_not_found"", ""7lgkA: pocket_occupied"", ""7lgkB: chain_not_found"", ""3tfaA: pocket_occupied"", ""3tfaB: chain_not_found"", ""3l6jA: pocket_occupied"", ""3l6jB: chain_not_found"", ""4jqhA: pocket_occupied"", ""4jqhB: chain_not_found"", ""5ixvA: pocket_occupied"", ""5ixvB: chain_not_found"", ""5ixxA: pocket_occupied"", ""5ixxB: chain_not_found"", ""6mx5A: pocket_occupied"", ""5ixzA: pocket_occupied"", ""5ixzB: chain_not_found"", ""5ixwA: pocket_occupied"", ""5ixwB: chain_not_found"", ""5ixrA: pocket_occupied"", ""5ixrB: chain_not_found"", ""2o0gA: pocket_occupied"", ""2o0gB: chain_not_found"", ""3tf9A: pocket_occupied"", ""3tf9B: chain_not_found"", ""2o0cA: pocket_occupied"", ""2o0cB: chain_not_found"", ""4iahA: pocket_occupied"", ""4iahB: chain_not_found""]"
6e0x,B,HEC,,,,,,,,all_candidates_pocket_occupied,16,"[""6amgA: pocket_occupied"", ""6amgB: chain_not_found"", ""6e17A: pocket_occupied"", ""6e17B: chain_not_found"", ""6e17C: chain_not_found"", ""6e17D: chain_not_found"", ""6w6nA: pocket_occupied"", ""6w6nB: chain_not_found"", ""6e0yA: pocket_occupied"", ""6e0yB: chain_not_found"", ""6e0yC: chain_not_found"", ""6e0yD: chain_not_found"", ""6e0zA: pocket_occupied"", ""6e0zB: chain_not_found"", ""6e0zC: chain_not_found"", ""6e0zD: chain_not_found""]"
6efb,A,CA,,,,,,,,no_candidate_passed_prefilter,0,[]
6efg,D,MG,,,,,,,,all_candidates_pocket_occupied,10,"[""2vk4A: chain_not_found"", ""2vk4B: chain_not_found"", ""2vk4C: chain_not_found"", ""2vk4D: chain_not_found"", ""2vjyA: pocket_occupied"", ""2vjyB: chain_not_found"", ""2vjyC: chain_not_found"", ""2vjyD: chain_not_found"", ""6efhA: chain_not_found"", ""6efhB: chain_not_found""]"
6efg,D,TPP,,,,,,,,all_candidates_pocket_occupied,10,"[""2vk4A: chain_not_found"", ""2vk4B: chain_not_found"", ""2vk4C: chain_not_found"", ""2vk4D: chain_not_found"", ""2vjyA: pocket_occupied"", ""2vjyB: chain_not_found"", ""2vjyC: chain_not_found"", ""2vjyD: chain_not_found"", ""6efhA: chain_not_found"", ""6efhB: chain_not_found""]"
6eg9,A,0LI,5kx7,A,A,2.8,1.6574927278579388,/home/iscb/wolfson/hagairavid/LocAlign/datasets/apo_structures/0LI/apodea31b255f.pdb,apodea31b255f,found,279,"[""6egeA: chain_not_found"", ""6egeD: chain_not_found"", ""9na5A: chain_not_found"", ""9na5B: chain_not_found"", ""9na5C: chain_not_found"", ""9na5D: chain_not_found"", ""6uyaA: chain_not_found"", ""6uyaB: chain_not_found"", ""6uyaC: chain_not_found"", ""6uyaD: chain_not_found"", ""8w3xA: chain_not_found"", ""8w3xB: chain_not_found"", ""8w3xC: chain_not_found"", ""8w3xD: chain_not_found"", ""6o95A: chain_not_found"", ""6o95B: chain_not_found"", ""6o95C: chain_not_found"", ""6o95D: chain_not_found"", ""8uccA: chain_not_found"", ""8uccB: chain_not_found"", ""6o8uA: chain_not_found"", ""6o8uB: chain_not_found"", ""6o8uC: chain_not_found"", ""6o8uD: chain_not_found"", ""5uitA: chain_not_found"", ""5uitB: chain_not_found"", ""8ucbA: chain_not_found"", ""8ucbB: chain_not_found"", ""8ucbC: chain_not_found"", ""8ucbD: chain_not_found"", ""9r9kA: chain_not_found"", ""9r9kB: chain_not_found"", ""9r9kC: chain_not_found"", ""9r9kD: chain_not_found"", ""9r9gA: chain_not_found"", ""9r9gB: chain_not_found"", ""9r9gC: chain_not_found"", ""9r9gD: chain_not_found"", ""8sceA: chain_not_found"", ""8sceB: chain_not_found"", ""8sceD: chain_not_found"", ""8sceE: chain_not_found"", ""9pssA: chain_not_found"", ""9pssB: chain_not_found"", ""8tvnA: chain_not_found"", ""8tvnB: chain_not_found"", ""8tvnC: chain_not_found"", ""8tvnD: chain_not_found"", ""8w3wA: chain_not_found"", ""8w3wB: chain_not_found"", ""8w3wC: chain_not_found"", ""8w3wD: chain_not_found"", ""6o94A: chain_not_found"", ""6o94B: chain_not_found"", ""6o94C: chain_not_found"", ""6o94D: chain_not_found"", ""6thxA: chain_not_found"", ""6thxB: chain_not_found"", ""9na2A: chain_not_found"", ""9na2B: chain_not_found"", ""2nruA: chain_not_found"", ""2nruB: chain_not_found"", ""2nruC: chain_not_found"", ""2nruD: chain_not_found"", ""8tx0A: chain_not_found"", ""8tx0B: chain_not_found"", ""2oibA: chain_not_found"", ""2oibB: chain_not_found"", ""2oibC: chain_not_found"", ""2oibD: chain_not_found"", ""6n8gA: pocket_occupied"", ""6n8gB: chain_not_found"", ""6n8gC: chain_not_found"", ""6n8gD: chain_not_found"", ""8wtfA: pocket_occupied"", ""5uiuA: pocket_occupied"", ""5uiuB: chain_not_found"", ""5k75A: pocket_occupied"", ""5k75B: chain_not_found"", ""5k75C: chain_not_found"", ""5k75D: chain_not_found"", ""9opkA: pocket_occupied"", ""9opkB: chain_not_found"", ""9opkC: chain_not_found"", ""9opkD: chain_not_found"", ""6vqlA: pocket_occupied"", ""6vqlB: chain_not_found"", ""6vqlC: chain_not_found"", ""6vqlD: chain_not_found"", ""7qg1A: pocket_occupied"", ""7qg1B: chain_not_found"", ""8v2fA: pocket_occupied"", ""8v2fB: chain_not_found"", ""8v2fC: chain_not_found"", ""8v2fD: chain_not_found"", ""8tvmA: pocket_occupied"", ""8tvmB: chain_not_found"", ""8tvmC: chain_not_found"", ""8tvmD: chain_not_found"", ""6momA: pocket_occupied"", ""6momB: chain_not_found"", ""6momC: chain_not_found"", ""6momD: chain_not_found"", ""9na3A: pocket_occupied"", ""9na3H0A0: chain_not_found"", ""6egdA: pocket_occupied"", ""6egdD: chain_not_found"", ""7qg3A: pocket_occupied"", ""7qg3B: chain_not_found"", ""8br7AAA: pocket_occupied"", ""8br7BBB: chain_not_found"", ""9pstA: pocket_occupied"", ""9pstB: chain_not_found"", ""9pstC: chain_not_found"", ""9pstD: chain_not_found"", ""6f3iA: pocket_occupied"", ""6f3iB: chain_not_found"", ""4y73A: pocket_occupied"", ""4y73B: chain_not_found"", ""4y73C: chain_not_found"", ""4y73D: chain_not_found"", ""9na6A: pocket_occupied"", ""9na6B: chain_not_found"", ""9na6C: chain_not_found"", ""9na6D: chain_not_found"", ""2nryA: pocket_occupied"", ""2nryB: chain_not_found"", ""2nryC: chain_not_found"", ""2nryD: chain_not_found"", ""8br6AAA: pocket_occupied"", ""8br6BBB: chain_not_found"", ""8atnAAA: pocket_occupied"", ""8atnBBB: chain_not_found"", ""6lxyA: pocket_occupied"", ""6lxyB: chain_not_found"", ""6lxyD: chain_not_found"", ""6lxyE: chain_not_found"", ""4rmzA: pocket_occupied"", ""4rmzB: chain_not_found"", ""5k72A: pocket_occupied"", ""5k72B: chain_not_found"", ""5k72C: chain_not_found"", ""5k72D: chain_not_found"", ""4ztnA: pocket_occupied"", ""4ztnB: chain_not_found"", ""4ztnC: chain_not_found"", ""4ztnD: chain_not_found"", ""5k7gA: pocket_occupied"", ""5k7gB: chain_not_found"", ""5k7gC: chain_not_found"", ""5k7gD: chain_not_found"", ""5w85A: pocket_occupied"", ""5w85B: chain_not_found"", ""7qg5A: pocket_occupied"", ""7qg5B: chain_not_found"", ""2oidA: pocket_occupied"", ""2oidB: chain_not_found"", ""2oidC: chain_not_found"", ""2oidD: chain_not_found"", ""5t1sA: pocket_occupied"", ""5t1sB: chain_not_found"", ""5t1sC: chain_not_found"", ""5t1sD: chain_not_found"", ""6rfiA: pocket_occupied"", ""6rfiB: chain_not_found"", ""5k7iA: pocket_occupied"", ""5k7iB: chain_not_found"", ""6ti8A: pocket_occupied"", ""6ti8B: chain_not_found"", ""6ti8C: chain_not_found"", ""6ti8D: chain_not_found"", ""4yo6A: pocket_occupied"", ""4yo6B: chain_not_found"", ""4yo6C: chain_not_found"", ""4yo6D: chain_not_found"", ""9na4A: pocket_occupied"", ""9na4B: chain_not_found"", ""9na4C: chain_not_found"", ""9na4D: chain_not_found"", ""5t1tA: pocket_occupied"", ""5t1tB: chain_not_found"", ""5t1tC: chain_not_found"", ""5t1tD: chain_not_found"", ""8atbAAA: pocket_occupied"", ""8atbBBB: chain_not_found"", ""6f3gA: pocket_occupied"", ""6f3gB: chain_not_found"", ""6thzA: pocket_occupied"", ""6thzB: chain_not_found"", ""6f3dA: pocket_occupied"", ""6f3dB: chain_not_found"", ""9r9jA: pocket_occupied"", ""9r9jB: chain_not_found"", ""9r9jC: chain_not_found"", ""9r9jD: chain_not_found"", ""4ztlA: pocket_occupied"", ""4ztlB: chain_not_found"", ""4ztlC: chain_not_found"", ""4ztlD: chain_not_found"", ""2oicA: pocket_occupied"", ""2oicB: chain_not_found"", ""2oicC: chain_not_found"", ""2oicD: chain_not_found"", ""2o8yA: pocket_occupied"", ""2o8yB: chain_not_found"", ""8v2lA: pocket_occupied"", ""8v2lB: chain_not_found"", ""8v2lC: chain_not_found"", ""8v2lD: chain_not_found"", ""9psuA: pocket_occupied"", ""9psuB: chain_not_found"", ""9psuC: chain_not_found"", ""9psuD: chain_not_found"", ""6thwA: pocket_occupied"", ""6thwB: chain_not_found"", ""7c2vA: pocket_occupied"", ""7c2vB: chain_not_found"", ""7c2vC: chain_not_found"", ""7c2vD: chain_not_found"", ""8dksA: pocket_occupied"", ""8dksB: chain_not_found"", ""8atlAAA: pocket_occupied"", ""8atlBBB: chain_not_found"", ""5uisA: pocket_occupied"", ""5uisB: chain_not_found"", ""5uisC: chain_not_found"", ""5uisD: chain_not_found"", ""6o9dA: pocket_occupied"", ""6o9dB: chain_not_found"", ""6o9dC: chain_not_found"", ""6o9dD: chain_not_found"", ""6egaA: pocket_occupied"", ""6egaB: chain_not_found"", ""6tiaA: pocket_occupied"", ""6tiaB: chain_not_found"", ""6rfjA: pocket_occupied"", ""6rfjB: chain_not_found"", ""6egfB: pocket_occupied"", ""5uiqA: pocket_occupied"", ""5uiqB: chain_not_found"", ""5uiqC: chain_not_found"", ""5uiqD: chain_not_found"", ""5uirA: pocket_occupied"", ""5uirB: chain_not_found"", ""4yp8A: pocket_occupied"", ""4yp8B: chain_not_found"", ""4yp8C: chain_not_found"", ""4yp8D: chain_not_found"", ""4u97A: pocket_occupied"", ""4u97B: chain_not_found"", ""4ztmA: pocket_occupied"", ""4ztmB: chain_not_found"", ""4ztmC: chain_not_found"", ""4ztmD: chain_not_found"", ""6f3eA: pocket_occupied"", ""6f3eB: chain_not_found"", ""5kx8A: pocket_occupied"", ""5kx8B: chain_not_found"", ""5kx8C: chain_not_found"", ""5kx8D: chain_not_found"", ""8scvA: pocket_occupied"", ""8scvB: chain_not_found"", ""8br5AAA: pocket_occupied"", ""8br5BBB: chain_not_found"", ""8br5CCC: chain_not_found"", ""8br5DDD: chain_not_found"", ""4xs2A: pocket_occupied"", ""4xs2B: chain_not_found"", ""4xs2C: chain_not_found"", ""4xs2D: chain_not_found"", ""5k76A: pocket_occupied"", ""5k76B: chain_not_found"", ""8scwA: pocket_occupied"", ""8scwB: chain_not_found"", ""8scwC: chain_not_found"", ""8scwD: chain_not_found"", ""4u9aA: pocket_occupied"", ""4u9aB: chain_not_found""]"
6elq,X,SF4,,,,,,,,no_candidate_passed_prefilter,0,[]
6en3,A,CA,4nuz,A,A,1.905,2.408538310450163,/home/iscb/wolfson/hagairavid/LocAlign/datasets/apo_structures/CA/apo5cc8e075e4.pdb,apo5cc8e075e4,found,1,[]
6ep7,B,GSH,6ep6,A,A,1.592,0.26465263174693804,/home/iscb/wolfson/hagairavid/LocAlign/datasets/apo_structures/GSH/apo82621ef90b.pdb,apo82621ef90b,found,1,[]
6es9,A,COA,,,,,,,,no_candidate_passed_prefilter,0,[]
6es9,A,FAD,,,,,,,,no_candidate_passed_prefilter,0,[]
6et7,A,LBV,,,,,,,,no_uniprot_mapping,0,[]
6ety,A,CA,5o5t,A,A,1.43,0.7212246442217579,/home/iscb/wolfson/hagairavid/LocAlign/datasets/apo_structures/CA/apob1bbb15746.pdb,apob1bbb15746,found,1,[]
6f7h,C,GOL,,,,,,,,no_candidate_passed_prefilter,0,[]
6f8z,A,CA,,,,,,,,all_candidates_pocket_occupied,3,"[""6f90A: pocket_occupied"", ""6f90B: chain_not_found"", ""6f90C: chain_not_found""]"
6f92,A,CA,6f91,A,A,1.8,0.9569279072935809,/home/iscb/wolfson/hagairavid/LocAlign/datasets/apo_structures/CA/apo9f1270e20d.pdb,apo9f1270e20d,found,1,[]
6fbz,A,MGP,6fc0,A,A,1.293,0.6555058968364424,/home/iscb/wolfson/hagairavid/LocAlign/datasets/apo_structures/MGP/apod9f72bfb05.pdb,apod9f72bfb05,found,1,[]
6fek,A,ADN,,,,,,,,all_candidates_pocket_occupied,35,"[""7duaA: pocket_occupied"", ""7duaB: chain_not_found"", ""4ckjA: pocket_occupied"", ""6necA: pocket_occupied"", ""6necC: chain_not_found"", ""6i83A: pocket_occupied"", ""7ju5A: pocket_occupied"", ""7ju5B: chain_not_found"", ""6njaA: pocket_occupied"", ""6ne7A: pocket_occupied"", ""2ivsA: pocket_occupied"", ""2ivsB: chain_not_found"", ""2x2lA: pocket_occupied"", ""6i82A: pocket_occupied"", ""6i82B: chain_not_found"", ""7ju6A: pocket_occupied"", ""7ju6B: chain_not_found"", ""4ckiA: pocket_occupied"", ""2ivvA: pocket_occupied"", ""6vhgA: pocket_occupied"", ""7du9A: pocket_occupied"", ""7du9B: chain_not_found"", ""7nznA: pocket_occupied"", ""2ivuA: pocket_occupied"", ""2x2mA: pocket_occupied"", ""2x2mB: chain_not_found"", ""5amnA: pocket_occupied"", ""2ivtA: pocket_occupied"", ""2x2kA: pocket_occupied"", ""7du8A: pocket_occupied"", ""7du8B: chain_not_found"", ""5fm3A: pocket_occupied"", ""5fm2A: pocket_occupied"", ""7runA: pocket_occupied"", ""7runB: chain_not_found""]"
6fht,B,LBV,2w01,A,A,2.31,1.1796937235949083,/home/iscb/wolfson/hagairavid/LocAlign/datasets/apo_structures/LBV/apo39e7bb8f79.pdb,apo39e7bb8f79,found,5,"[""8borA: pocket_occupied"", ""8borB: chain_not_found"", ""8borC: chain_not_found"", ""8borD: chain_not_found""]"
6fj1,A,NXL,,,,,,,,no_uniprot_mapping,0,[]
6fm7,A,NXL,,,,,,,,all_candidates_pocket_occupied,1,"[""6fm6A: pocket_occupied""]"
6ftl,A,CAP,,,,,,,,no_candidate_passed_prefilter,0,[]
6fwr,A,SF4,6fws,A,A,2.5,4.127238651523221,/home/iscb/wolfson/hagairavid/LocAlign/datasets/apo_structures/SF4/apo2ae92c936d.pdb,apo2ae92c936d,found,1,[]
6fyq,A,PLP,,,,,,,,no_candidate_passed_prefilter,0,[]
6fz1,A,CA,6fz9,A,A,1.2463,0.22542508888260693,/home/iscb/wolfson/hagairavid/LocAlign/datasets/apo_structures/CA/apoc139b12710.pdb,apoc139b12710,found,1,[]
6fz6,A,SF4,,,,,,,,no_candidate_passed_prefilter,0,[]
6fzv,A,CA,4ae2,A,A,1.68,0.7503550284038095,/home/iscb/wolfson/hagairavid/LocAlign/datasets/apo_structures/CA/apo858a2f6cdf.pdb,apo858a2f6cdf,found,1,[]
6g47,A,SIA,9tab,A,A,1.9,0.21104170646890003,/home/iscb/wolfson/hagairavid/LocAlign/datasets/apo_structures/SIA/apoe05bc91286.pdb,apoe05bc91286,found,4,"[""4xl8A: pocket_occupied"", ""4xl8B: chain_not_found"", ""4xl8C: chain_not_found""]"
6g4r,B,PEO,6g1b,A,J,2.28,3.005705139425871,/home/iscb/wolfson/hagairavid/LocAlign/datasets/apo_structures/PEO/apo98399b4b14.pdb,apo98399b4b14,found,5,"[""6g1dA: pocket_occupied"", ""6g1dB: chain_not_found"", ""6g1dC: chain_not_found"", ""6g1dD: chain_not_found""]"
6g7o,A,CA,6dyf,A,A,1.1,1.2381680785051616,/home/iscb/wolfson/hagairavid/LocAlign/datasets/apo_structures/CA/apo0d650c653e.pdb,apo0d650c653e,found,1,[]
6g9w,B,UTP,9g5o,A,A,1.58,1.5085150355267167,/home/iscb/wolfson/hagairavid/LocAlign/datasets/apo_structures/UTP/apo357b71c76e.pdb,apo357b71c76e,found,1,[]
6geq,A,HEM,,,,,,,,all_candidates_pocket_occupied,71,"[""1n40A: pocket_occupied"", ""3cxzA: pocket_occupied"", ""4ipsA: pocket_occupied"", ""4g44A: pocket_occupied"", ""4g1xA: pocket_occupied"", ""4g47A: pocket_occupied"", ""5opaA: pocket_occupied"", ""4ktfA: pocket_occupied"", ""4ktjA: pocket_occupied"", ""6rqeA: pocket_occupied"", ""6upgA: pocket_occupied"", ""3g5fA: pocket_occupied"", ""3g5hA: pocket_occupied"", ""6rq9A: pocket_occupied"", ""4ipwA: pocket_occupied"", ""4iq9A: pocket_occupied"", ""4ktkA: pocket_occupied"", ""6rq8A: pocket_occupied"", ""6rq6A: pocket_occupied"", ""5wp2A: pocket_occupied"", ""3cxyA: pocket_occupied"", ""5op9A: pocket_occupied"", ""6rqbA: pocket_occupied"", ""6rq1A: pocket_occupied"", ""6rqdA: pocket_occupied"", ""6tetA: pocket_occupied"", ""4g48A: pocket_occupied"", ""5o4kA: pocket_occupied"", ""6geoA: pocket_occupied"", ""6rq3A: pocket_occupied"", ""6te7A: pocket_occupied"", ""4g46A: pocket_occupied"", ""4g45A: pocket_occupied"", ""6rq5A: pocket_occupied"", ""2ij5A: pocket_occupied"", ""2ij5B: chain_not_found"", ""2ij5C: chain_not_found"", ""2ij5D: chain_not_found"", ""2ij5E: chain_not_found"", ""2ij5F: chain_not_found"", ""6rq0A: pocket_occupied"", ""7nqmA: pocket_occupied"", ""7nqnA: pocket_occupied"", ""7nqoA: pocket_occupied"", ""5ibeA: pocket_occupied"", ""5o4lA: pocket_occupied"", ""8tdqA: pocket_occupied"", ""3cxvA: pocket_occupied"", ""5ibfA: pocket_occupied"", ""6tevA: pocket_occupied"", ""3cy1A: pocket_occupied"", ""5ibdA: pocket_occupied"", ""1n4gA: pocket_occupied"", ""4ictA: pocket_occupied"", ""6upiA: pocket_occupied"", ""8tdpA: pocket_occupied"", ""2ij7A: pocket_occupied"", ""2ij7B: chain_not_found"", ""2ij7C: chain_not_found"", ""2ij7D: chain_not_found"", ""2ij7E: chain_not_found"", ""2ij7F: chain_not_found"", ""3cxxA: pocket_occupied"", ""3cy0A: pocket_occupied"", ""4iq7A: pocket_occupied"", ""4ktlA: pocket_occupied"", ""5ibhA: pocket_occupied"", ""5ibgA: pocket_occupied"", ""5ibiA: pocket_occupied"", ""4g2gA: pocket_occupied"", ""5ibjA: pocket_occupied""]"
6gfm,A,0O2,6gfl,A,A,2.48,2.7268003985751594,/home/iscb/wolfson/hagairavid/LocAlign/datasets/apo_structures/0O2/apo56894b6c08.pdb,apo56894b6c08,found,5,"[""9hs1A: pocket_occupied"", ""9hs1B: chain_not_found"", ""9hs1C: chain_not_found"", ""9hs1D: chain_not_found""]"
6gmb,A,GOA,,,,,,,,all_candidates_pocket_occupied,23,"[""5qifA: pocket_occupied"", ""6gmcA: pocket_occupied"", ""5qihA: pocket_occupied"", ""5qicA: pocket_occupied"", ""5qieA: pocket_occupied"", ""2nzlA: pocket_occupied"", ""7r4pA: pocket_occupied"", ""5qigA: pocket_occupied"", ""5qidA: pocket_occupied"", ""5qibA: pocket_occupied"", ""7r4oA: pocket_occupied"", ""6w44A: pocket_occupied"", ""2rduA: pocket_occupied"", ""6w45A: pocket_occupied"", ""7r4nA: pocket_occupied"", ""6w4cA: pocket_occupied"", ""2rdtA: pocket_occupied"", ""2rdwA: pocket_occupied"", ""7m2oA: pocket_occupied"", ""2w0uA: pocket_occupied"", ""2w0uB: chain_not_found"", ""2w0uC: chain_not_found"", ""2w0uD: chain_not_found""]"
6gna,A,FAD,,,,,,,,all_candidates_pocket_occupied,5,"[""6gnbA: pocket_occupied"", ""6gndA: pocket_occupied"", ""6gndC: chain_not_found"", ""6gndE: chain_not_found"", ""6gndG: chain_not_found""]"
6gnc,A,FAD,,,,,,,,no_candidate_passed_prefilter,0,[]
6gp2,A,CA,6gp3,A,A,1.23,0.47172120446458526,/home/iscb/wolfson/hagairavid/LocAlign/datasets/apo_structures/CA/apo60591259c2.pdb,apo60591259c2,found,1,[]
6gq8,A,FE,,,,,,,,no_candidate_passed_prefilter,0,[]
6gzd,A,TCE,5fqd,A,C,2.45,0.8391155403703524,/home/iscb/wolfson/hagairavid/LocAlign/datasets/apo_structures/TCE/apo31a67e5bf9.pdb,apo31a67e5bf9,found,1,[]
6hbe,C,CA,,,,,,,,no_candidate_passed_prefilter,0,[]
6hde,B,DUP,1euw,A,A,1.05,0.5735086324119132,/home/iscb/wolfson/hagairavid/LocAlign/datasets/apo_structures/DUP/apo9106e29267.pdb,apo9106e29267,found,1,[]
6hit,A,HEM,,,,,,,,no_candidate_passed_prefilter,0,[]
6hit,B,HEM,,,,,,,,no_candidate_passed_prefilter,0,[]
6hjg,B,SHF,,,,,,,,all_candidates_pocket_occupied,8,"[""6hjfA: pocket_occupied"", ""6hjfB: chain_not_found"", ""6hjeA: pocket_occupied"", ""6hjeB: chain_not_found"", ""1w61A: pocket_occupied"", ""1w61B: chain_not_found"", ""1w62A: pocket_occupied"", ""1w62B: chain_not_found""]"
6hmj,A,FMN,,,,,,,,no_candidate_passed_prefilter,0,[]
6hnu,B,PLP,,,,,,,,all_candidates_pocket_occupied,2,"[""6hnbA: pocket_occupied"", ""6hnbB: chain_not_found""]"
6hq7,A,PCG,,,,,,,,all_candidates_pocket_occupied,4,"[""6hq4A: pocket_occupied"", ""6hq4B: chain_not_found"", ""6hq5A: pocket_occupied"", ""6hq5B: chain_not_found""]"
6hqw,A,HEM,,,,,,,,no_candidate_passed_prefilter,0,[]
6htk,A,ICB,6hto,A,A,1.45,0.31020260812361367,/home/iscb/wolfson/hagairavid/LocAlign/datasets/apo_structures/ICB/apoef53ddfe53.pdb,apoef53ddfe53,found,1,[]
6htk,A,SF4,,,,,,,,all_candidates_pocket_occupied,8,"[""6htoA: pocket_occupied"", ""6htoB: chain_not_found"", ""6htmA: pocket_occupied"", ""6htmB: chain_not_found"", ""4r33A: pocket_occupied"", ""4r33B: chain_not_found"", ""4r34A: pocket_occupied"", ""4r34B: chain_not_found""]"
6hun,A,CA,,,,,,,,no_candidate_passed_prefilter,0,[]
6hw2,B,CA,5t1i,A,A,1.6,1.5944306864945799,/home/iscb/wolfson/hagairavid/LocAlign/datasets/apo_structures/CA/apoa55de3f941.pdb,apoa55de3f941,found,1,[]
6i7s,B,CA,4ekz,A,A,2.51,5.3816022537906125,/home/iscb/wolfson/hagairavid/LocAlign/datasets/apo_structures/CA/apo1ad410930f.pdb,apo1ad410930f,found,1,[]
6ici,A,FAD,,,,,,,,no_candidate_passed_prefilter,0,[]
6ifc,A,CA,6ifm,A,A,2.804,0.42545011796321286,/home/iscb/wolfson/hagairavid/LocAlign/datasets/apo_structures/CA/apo810e52ea19.pdb,apo810e52ea19,found,1,[]
6ift,A,SAM,6ifs,A,A,2.27,1.8427035297973604,/home/iscb/wolfson/hagairavid/LocAlign/datasets/apo_structures/SAM/apo218b3ecdc8.pdb,apo218b3ecdc8,found,1,[]
6igj,A,MG,6igh,A,A,1.01,0.8924725962688622,/home/iscb/wolfson/hagairavid/LocAlign/datasets/apo_structures/MG/apo23256d05b9.pdb,apo23256d05b9,found,2,"[""6iggA: pocket_occupied""]"
6igz,B,SF4,,,,,,,,all_candidates_pocket_occupied,2,"[""9k1eB: pocket_occupied"", ""9jzrB: pocket_occupied""]"
6ime,A,GST,2vg4,A,A,2.6,1.1710811636996326,/home/iscb/wolfson/hagairavid/LocAlign/datasets/apo_structures/GST/apo35213b46ab.pdb,apo35213b46ab,found,11,"[""2vg3A: pocket_occupied"", ""2vg3B: chain_not_found"", ""2vg3C: chain_not_found"", ""2vg3D: chain_not_found"", ""4oncA: pocket_occupied"", ""4oncB: chain_not_found"", ""2vg2A: pocket_occupied"", ""2vg2B: chain_not_found"", ""2vg2C: chain_not_found"", ""2vg2D: chain_not_found""]"
6ior,A,CA,6iou,A,A,2.1,2.2525888171691357,/home/iscb/wolfson/hagairavid/LocAlign/datasets/apo_structures/CA/apo3b0dfc1bf2.pdb,apo3b0dfc1bf2,found,1,[]
6iq1,B,ZN,,,,,,,,no_candidate_passed_prefilter,0,[]
6iq5,A,HEM,,,,,,,,all_candidates_pocket_occupied,1,"[""3pm0A: pocket_occupied""]"
6iyi,B,HEM,,,,,,,,no_candidate_passed_prefilter,0,[]
6j02,A,CA,,,,,,,,no_candidate_passed_prefilter,0,[]
6j94,A,HEM,,,,,,,,all_candidates_pocket_occupied,3,"[""6l8iA: pocket_occupied"", ""6j95A: pocket_occupied"", ""6l8jA: pocket_occupied""]"
6jhb,B,ENO,6jh7,A,A,1.38,1.2010231364418853,/home/iscb/wolfson/hagairavid/LocAlign/datasets/apo_structures/ENO/apo85347866f2.pdb,apo85347866f2,found,1,[]
6jj7,A,BGC,6jj4,A,A,2.6,2.651725971774319,/home/iscb/wolfson/hagairavid/LocAlign/datasets/apo_structures/BGC/apo7b80be3b7c.pdb,apo7b80be3b7c,found,1,[]
6jk4,A,CA,6jk5,A,A,1.25,0.31527235161506556,/home/iscb/wolfson/hagairavid/LocAlign/datasets/apo_structures/CA/apo4a066a2897.pdb,apo4a066a2897,found,1,[]
6jo3,A,1GP,,,,,,,,no_candidate_passed_prefilter,0,[]
6jpk,A,PO4,,,,,,,,no_candidate_passed_prefilter,0,[]
6jt5,A,CA,,,,,,,,all_candidates_pocket_occupied,2,"[""6jwfA: pocket_occupied"", ""6jwfB: chain_not_found""]"
6jt6,A,HEM,,,,,,,,no_candidate_passed_prefilter,0,[]
6jw7,A,NAI,,,,,,,,all_candidates_pocket_occupied,4,"[""6jw8A: pocket_occupied"", ""6jw8B: chain_not_found"", ""6jw6A: pocket_occupied"", ""6jw6B: chain_not_found""]"
6k1r,A,KPL,5zik,A,A,2.45,0.3832712784204461,/home/iscb/wolfson/hagairavid/LocAlign/datasets/apo_structures/KPL/apo8d8bc9f607.pdb,apo8d8bc9f607,found,1,[]
6k3g,B,NAP,6kj5,A,A,3.75,0.5784230580538892,/home/iscb/wolfson/hagairavid/LocAlign/datasets/apo_structures/NAP/apof18e996437.pdb,apof18e996437,found,1,[]
6k61,A,SF4,,,,,,,,all_candidates_pocket_occupied,14,"[""9zjtA: pocket_occupied"", ""7y3fA: pocket_occupied"", ""9wd5A: pocket_occupied"", ""9wd5G: chain_not_found"", ""9wd5a: chain_not_found"", ""9wd5g: chain_not_found"", ""6tclA: pocket_occupied"", ""6tclA1: chain_not_found"", ""6tclA2: chain_not_found"", ""6tclAA: chain_not_found"", ""6jeoaA: pocket_occupied"", ""6jeobA: chain_not_found"", ""6jeocA: chain_not_found"", ""6jeodA: chain_not_found""]"
6k8p,A,THM,,,,,,,,all_candidates_pocket_occupied,12,"[""6k5gA: pocket_occupied"", ""6k5gB: chain_not_found"", ""6k5gC: chain_not_found"", ""6k5gD: chain_not_found"", ""6k5kA: pocket_occupied"", ""6k5kB: chain_not_found"", ""6k5kC: chain_not_found"", ""6k5kD: chain_not_found"", ""6k5hA: pocket_occupied"", ""6k5hB: chain_not_found"", ""6k5hC: chain_not_found"", ""6k5hD: chain_not_found""]"
6k8z,B,ADP,,,,,,,,all_candidates_pocket_occupied,6,"[""6k92A: pocket_occupied"", ""6k92B: chain_not_found"", ""6k90A: pocket_occupied"", ""6k90B: chain_not_found"", ""6k91A: pocket_occupied"", ""6k91B: chain_not_found""]"
6kby,A,AMP,6m5h,A,A,1.2,0.3247696300628889,/home/iscb/wolfson/hagairavid/LocAlign/datasets/apo_structures/AMP/apo594bfe1d35.pdb,apo594bfe1d35,found,1,[]
6km8,A,ACT,,,,,,,,no_candidate_passed_prefilter,0,[]
6km8,A,CU,,,,,,,,no_candidate_passed_prefilter,0,[]
6kob,A,CU,6koe,A,A,3.75,0.3084640221417659,/home/iscb/wolfson/hagairavid/LocAlign/datasets/apo_structures/CU/apo3c541d6d49.pdb,apo3c541d6d49,found,1,[]
6ks6,E,ADP,9csa,A,E,3.6,0.0785618645770866,/home/iscb/wolfson/hagairavid/LocAlign/datasets/apo_structures/ADP/apoa8e70695a2.pdb,apoa8e70695a2,found,7,"[""7ylyE: pocket_occupied"", ""7ylye: chain_not_found"", ""7ylxE: pocket_occupied"", ""7ylxe: chain_not_found"", ""7ylwE: pocket_occupied"", ""7ylwe: chain_not_found""]"
6ks6,g,ADP,9csa,A,G,3.6,0.8966417995866537,/home/iscb/wolfson/hagairavid/LocAlign/datasets/apo_structures/ADP/apofe46173242.pdb,apofe46173242,found,7,"[""7ylyG: pocket_occupied"", ""7ylyg: chain_not_found"", ""7ylxG: pocket_occupied"", ""7ylxg: chain_not_found"", ""7ylwG: pocket_occupied"", ""7ylwg: chain_not_found""]"
6kth,A,CA,,,,,,,,no_candidate_passed_prefilter,0,[]
6ktk,C,NAI,,,,,,,,all_candidates_pocket_occupied,24,"[""6ktlA: pocket_occupied"", ""6ktlB: chain_not_found"", ""6ktlC: chain_not_found"", ""6ktlD: chain_not_found"", ""5yabA: pocket_occupied"", ""5yabB: chain_not_found"", ""5yabC: chain_not_found"", ""5yabD: chain_not_found"", ""5yapA: pocket_occupied"", ""5yapB: chain_not_found"", ""5yapC: chain_not_found"", ""5yapD: chain_not_found"", ""5yaqA: pocket_occupied"", ""5yaqB: chain_not_found"", ""5yaqC: chain_not_found"", ""5yaqD: chain_not_found"", ""6ktjA: pocket_occupied"", ""6ktjB: chain_not_found"", ""6ktjC: chain_not_found"", ""6ktjD: chain_not_found"", ""5ya8A: pocket_occupied"", ""5ya8B: chain_not_found"", ""5ya8C: chain_not_found"", ""5ya8D: chain_not_found""]"
6kua,A,ZN,,,,,,,,no_uniprot_mapping,0,[]
6kyk,C,GNP,6axf,A,B,3.1,1.9063119990382598,/home/iscb/wolfson/hagairavid/LocAlign/datasets/apo_structures/GNP/apo7b8e856a60.pdb,apo7b8e856a60,found,22,"[""4hdoB: pocket_occupied"", ""6oq4B: pocket_occupied"", ""6oq3B: pocket_occupied"", ""6uzkB: pocket_occupied"", ""4dxaA: pocket_occupied"", ""4hdqB: pocket_occupied"", ""8su8B: pocket_occupied"", ""8t09B: pocket_occupied"", ""3cf6R: pocket_occupied"", ""8t7vB: pocket_occupied"", ""7c7iA: pocket_occupied"", ""7c7iB: chain_not_found"", ""7c7jA: pocket_occupied"", ""7c7jB: chain_not_found"", ""4mh0R: pocket_occupied"", ""4mgyR: pocket_occupied"", ""4mgkR: pocket_occupied"", ""5khoC: pocket_occupied"", ""5khoD: chain_not_found"", ""4mgiR: pocket_occupied"", ""4mgzR: pocket_occupied""]"
6kyk,C,MG,6axf,A,B,3.1,1.9063119990382598,/home/iscb/wolfson/hagairavid/LocAlign/datasets/apo_structures/MG/apo7b8e856a60.pdb,apo7b8e856a60,found,22,"[""4hdoB: pocket_occupied"", ""6oq4B: pocket_occupied"", ""6oq3B: pocket_occupied"", ""6uzkB: pocket_occupied"", ""4dxaA: pocket_occupied"", ""4hdqB: pocket_occupied"", ""8su8B: pocket_occupied"", ""8t09B: pocket_occupied"", ""3cf6R: pocket_occupied"", ""8t7vB: pocket_occupied"", ""7c7iA: pocket_occupied"", ""7c7iB: chain_not_found"", ""7c7jA: pocket_occupied"", ""7c7jB: chain_not_found"", ""4mh0R: pocket_occupied"", ""4mgyR: pocket_occupied"", ""4mgkR: pocket_occupied"", ""5khoC: pocket_occupied"", ""5khoD: chain_not_found"", ""4mgiR: pocket_occupied"", ""4mgzR: pocket_occupied""]"
6l1x,A,CA,,,,,,,,all_candidates_pocket_occupied,6,"[""8zgpA: pocket_occupied"", ""8zgpB: chain_not_found"", ""8zgoA: pocket_occupied"", ""6l3hA: pocket_occupied"", ""6l3hB: chain_not_found"", ""6fwfA: pocket_occupied""]"
6l3w,A,FE,,,,,,,,no_uniprot_mapping,0,[]
6l4c,B,CU,,,,,,,,no_candidate_passed_prefilter,0,[]
6l4c,C,CU,,,,,,,,no_candidate_passed_prefilter,0,[]
6l6a,A,BMA,5xrh,A,A,1.55,0.5206899867403029,/home/iscb/wolfson/hagairavid/LocAlign/datasets/apo_structures/BMA/apo8f0025a8ed.pdb,apo8f0025a8ed,found,4,"[""6gksA: pocket_occupied"", ""6qrnA: pocket_occupied"", ""5xrgA: pocket_occupied""]"
6l6j,A,SF4,,,,,,,,no_candidate_passed_prefilter,0,[]
6l8h,A,HEM,,,,,,,,no_candidate_passed_prefilter,0,[]
6lbp,A,SF4,,,,,,,,no_candidate_passed_prefilter,0,[]
6lc8,A,NXL,,,,,,,,all_candidates_pocket_occupied,4,"[""6lc7A: pocket_occupied"", ""6lc7B: chain_not_found"", ""6lc9A: pocket_occupied"", ""6lc9B: chain_not_found""]"
6lcd,A,FPP,,,,,,,,no_uniprot_mapping,0,[]
6lh4,A,AR6,2x47,A,A,1.7,1.1094659173451447,/home/iscb/wolfson/hagairavid/LocAlign/datasets/apo_structures/AR6/apoe68095a123.pdb,apoe68095a123,found,1,[]
6ll7,A,CA,6ll8,A,A,1.3,1.5248259429448896,/home/iscb/wolfson/hagairavid/LocAlign/datasets/apo_structures/CA/apoca96797202.pdb,apoca96797202,found,1,[]
6lum,K,F3S,,,,,,,,no_candidate_passed_prefilter,0,[]
6lum,K,FES,,,,,,,,no_candidate_passed_prefilter,0,[]
6lum,K,SF4,,,,,,,,no_candidate_passed_prefilter,0,[]
6mgg,C,COA,,,,,,,,all_candidates_pocket_occupied,2,"[""6pfnA: pocket_occupied"", ""6pfnC: chain_not_found""]"
6mis,A,E64,6okj,A,A,1.73,0.264068546705486,/home/iscb/wolfson/hagairavid/LocAlign/datasets/apo_structures/E64/apo3ae6e9b708.pdb,apo3ae6e9b708,found,9,"[""6ycbA: pocket_occupied"", ""6ycbB: chain_not_found"", ""6y6lA: pocket_occupied"", ""6y6lB: chain_not_found"", ""6yccA: pocket_occupied"", ""6yccB: chain_not_found"", ""6ycdA: pocket_occupied"", ""6ycdB: chain_not_found""]"
6mkq,A,NXL,6mk6,A,A,1.7,0.8350283985466215,/home/iscb/wolfson/hagairavid/LocAlign/datasets/apo_structures/NXL/apo7788e8b5c3.pdb,apo7788e8b5c3,found,1,[]
6mn8,A,HFG,,,,,,,,no_candidate_passed_prefilter,0,[]
6mp8,A,DAR,,,,,,,,all_candidates_pocket_occupied,16,"[""2wbqA: pocket_occupied"", ""2wbpA: pocket_occupied"", ""2wboA: pocket_occupied"", ""6alrA: pocket_occupied"", ""6almA: pocket_occupied"", ""9eqfA: pocket_occupied"", ""6alqA: pocket_occupied"", ""6y12A: pocket_occupied"", ""6daxA: pocket_occupied"", ""6db2A: pocket_occupied"", ""6aloA: pocket_occupied"", ""6alnA: pocket_occupied"", ""6y0nA: pocket_occupied"", ""6mp9A: pocket_occupied"", ""6dazA: pocket_occupied"", ""6alpA: pocket_occupied""]"
6mqr,L,CA,,,,,,,,no_uniprot_mapping,0,[]
6mro,A,SAH,,,,,,,,all_candidates_pocket_occupied,1,"[""8gduA: pocket_occupied""]"
6muj,B,CA,2q17,A,A,2.1,0.3494060423748019,/home/iscb/wolfson/hagairavid/LocAlign/datasets/apo_structures/CA/apo8037daa8e2.pdb,apo8037daa8e2,found,1,[]
6mvg,A,CA,,,,,,,,no_uniprot_mapping,0,[]
6n4d,D,CA,,,,,,,,no_candidate_passed_prefilter,0,[]
6n6q,B,HEM,,,,,,,,no_uniprot_mapping,0,[]
6n7f,A,RBF,,,,,,,,no_candidate_passed_prefilter,0,[]
6n9u,H,TTP,5ikn,A,A,4.802,1.9736738869807442,/home/iscb/wolfson/hagairavid/LocAlign/datasets/apo_structures/TTP/apoba6c9a6a3d.pdb,apoba6c9a6a3d,found,28,"[""1x9mA: pocket_occupied"", ""1sl1A: pocket_occupied"", ""1t7pA: pocket_occupied"", ""1tk5A: pocket_occupied"", ""1sksA: pocket_occupied"", ""1skwA: pocket_occupied"", ""1sl2A: pocket_occupied"", ""1tk0A: pocket_occupied"", ""1x9wA: pocket_occupied"", ""1skrA: pocket_occupied"", ""1tkdA: pocket_occupied"", ""1tk8A: pocket_occupied"", ""1t8eA: pocket_occupied"", ""2ajqA: pocket_occupied"", ""2ajqF: chain_not_found"", ""1x9sA: pocket_occupied"", ""1zyqA: pocket_occupied"", ""6p7eA: pocket_occupied"", ""6p7eB: chain_not_found"", ""6p7eC: chain_not_found"", ""6p7eD: chain_not_found"", ""1sl0A: pocket_occupied"", ""1sl0C: chain_not_found"", ""6n9vH: pocket_occupied"", ""6n9wH: pocket_occupied"", ""6n9xH: pocket_occupied"", ""6n7wH: pocket_occupied""]"
6ncr,A,CA,,,,,,,,no_candidate_passed_prefilter,0,[]
6nff,A,CA,,,,,,,,no_candidate_passed_prefilter,0,[]
6npl,A,K,,,,,,,,no_candidate_passed_prefilter,0,[]
6nvu,A,TEM,,,,,,,,all_candidates_pocket_occupied,6,"[""6pq9A: pocket_occupied"", ""6pq8A: pocket_occupied"", ""6nvtA: pocket_occupied"", ""6nvtB: chain_not_found"", ""6nvtC: chain_not_found"", ""6nvtD: chain_not_found""]"
6nzj,A,SF4,,,,,,,,no_candidate_passed_prefilter,0,[]
6o0a,A,HEM,,,,,,,,no_candidate_passed_prefilter,0,[]
6oau,A,CA,6e7k,A,A,2.8,0.5097278210832299,/home/iscb/wolfson/hagairavid/LocAlign/datasets/apo_structures/CA/apo4c7bb09ba3.pdb,apo4c7bb09ba3,found,1,[]
6ob0,A,CA,6oau,A,A,2.48,1.196838079151493,/home/iscb/wolfson/hagairavid/LocAlign/datasets/apo_structures/CA/apod30d57aecb.pdb,apod30d57aecb,found,1,[]
6ob5,D,FPP,,,,,,,,no_uniprot_mapping,0,[]
6oc6,A,PQQ,6oc5,A,A,2.8,0.31224245809505646,/home/iscb/wolfson/hagairavid/LocAlign/datasets/apo_structures/PQQ/apo2936580b07.pdb,apo2936580b07,found,1,[]
6oiw,A,MN,7u67,A,A,2.5,1.2652074404607294,/home/iscb/wolfson/hagairavid/LocAlign/datasets/apo_structures/MN/apo932ec07ee7.pdb,apo932ec07ee7,found,1,[]
6oix,C,GTP,7u65,A,A,2.8,1.2313923873102963,/home/iscb/wolfson/hagairavid/LocAlign/datasets/apo_structures/GTP/apo141a89905f.pdb,apo141a89905f,found,7,"[""7u67A: pocket_occupied"", ""7u67B: chain_not_found"", ""7u67C: chain_not_found"", ""7u67D: chain_not_found"", ""7u67E: chain_not_found"", ""7u67F: chain_not_found""]"
6op5,A,WCA,,,,,,,,no_candidate_passed_prefilter,0,[]
6org,A,CA,6orh,A,A,1.62,0.8016736899328125,/home/iscb/wolfson/hagairavid/LocAlign/datasets/apo_structures/CA/apo8cc77b59da.pdb,apo8cc77b59da,found,1,[]
6otw,B,HEM,,,,,,,,all_candidates_pocket_occupied,4,"[""3pt8B: pocket_occupied"", ""3pt7B: pocket_occupied"", ""6otxB: pocket_occupied"", ""6otyB: pocket_occupied""]"
6oxd,A,B12,,,,,,,,all_candidates_pocket_occupied,1,"[""6oxcA: pocket_occupied""]"
6p2i,A,DAR,,,,,,,,no_uniprot_mapping,0,[]
6pd2,C,PLP,,,,,,,,all_candidates_pocket_occupied,4,"[""6pd1A: pocket_occupied"", ""6pd1B: chain_not_found"", ""6pd1C: chain_not_found"", ""6pd1D: chain_not_found""]"
6pi8,B,ACT,,,,,,,,all_candidates_pocket_occupied,26,"[""6pidA: pocket_occupied"", ""6pidB: chain_not_found"", ""6phrA: pocket_occupied"", ""6phrB: chain_not_found"", ""6pi1A: pocket_occupied"", ""6pi1B: chain_not_found"", ""6pi1C: chain_not_found"", ""6pi1D: chain_not_found"", ""6piaA: pocket_occupied"", ""6piaB: chain_not_found"", ""6piaC: chain_not_found"", ""6piaD: chain_not_found"", ""6phtA: pocket_occupied"", ""6phtB: chain_not_found"", ""6phtC: chain_not_found"", ""6phtD: chain_not_found"", ""6phzA: pocket_occupied"", ""6phzB: chain_not_found"", ""6picA: pocket_occupied"", ""6picB: chain_not_found"", ""6picC: chain_not_found"", ""6picD: chain_not_found"", ""6picE: chain_not_found"", ""6picF: chain_not_found"", ""6picG: chain_not_found"", ""6picH: chain_not_found""]"
6pnx,B,ACP,,,,,,,,all_candidates_pocket_occupied,24,"[""9kfuA: pocket_occupied"", ""9d1xA: pocket_occupied"", ""8uduA: pocket_occupied"", ""8uduB: chain_not_found"", ""9vmbA: pocket_occupied"", ""9vmbB: chain_not_found"", ""9vmbC: chain_not_found"", ""9vmbD: chain_not_found"", ""4k33A: pocket_occupied"", ""8udvA: pocket_occupied"", ""8udvB: chain_not_found"", ""8udvC: chain_not_found"", ""9cd7A: pocket_occupied"", ""9cd7B: chain_not_found"", ""9cd7C: chain_not_found"", ""6lvmA: pocket_occupied"", ""7dhlA: pocket_occupied"", ""9vm9A: pocket_occupied"", ""9vm9B: chain_not_found"", ""9vm9C: chain_not_found"", ""9vm9D: chain_not_found"", ""8udtA: pocket_occupied"", ""8udtB: chain_not_found"", ""8udtC: chain_not_found""]"
6pt8,A,PO4,6ptf,A,A,2.203,1.5381004639649198,/home/iscb/wolfson/hagairavid/LocAlign/datasets/apo_structures/PO4/apoa021a1c29c.pdb,apoa021a1c29c,found,1,[]
6pw7,A,CA,,,,,,,,no_candidate_passed_prefilter,0,[]
6q2e,A,SF4,,,,,,,,all_candidates_pocket_occupied,2,"[""6q2dA: pocket_occupied"", ""6q2dB: chain_not_found""]"
6q45,F,ADP,,,,,,,,no_candidate_passed_prefilter,0,[]
6q89,A,LSS,,,,,,,,all_candidates_pocket_occupied,2,"[""6q8bA: pocket_occupied"", ""6q8cA: pocket_occupied""]"
6qfb,C,COA,8g5c,A,A,2.2,1.6228578712118964,/home/iscb/wolfson/hagairavid/LocAlign/datasets/apo_structures/COA/apo5f5f6032c2.pdb,apo5f5f6032c2,found,5,"[""7rigA: pocket_occupied"", ""7rigB: chain_not_found"", ""7rigC: chain_not_found"", ""7rigD: chain_not_found""]"
6qgr,B,SF4,,,,,,,,all_candidates_pocket_occupied,2,"[""6qgtB: pocket_occupied"", ""6qiiB: pocket_occupied""]"
6qkg,B,SF4,,,,,,,,all_candidates_pocket_occupied,3,"[""6qkrA: pocket_occupied"", ""6qkrB: chain_not_found"", ""6qkxA: pocket_occupied""]"
6qmm,B,MTA,,,,,,,,no_candidate_passed_prefilter,0,[]
6qxn,A,CTP,6ibp,A,A,2.536,0.4555466650529081,/home/iscb/wolfson/hagairavid/LocAlign/datasets/apo_structures/CTP/apo02fd55da58.pdb,apo02fd55da58,found,6,"[""6qy6A: pocket_occupied"", ""7oqxA: pocket_occupied"", ""7otrA: pocket_occupied"", ""6tvzA: pocket_occupied"", ""6q52A: pocket_occupied""]"
6r8g,C,NAD,,,,,,,,all_candidates_pocket_occupied,4,"[""6y91A: pocket_occupied"", ""6y91B: chain_not_found"", ""6y91C: chain_not_found"", ""6y91D: chain_not_found""]"
6r8u,A,AMP,6shn,A,A,3.3,0.5409935478098153,/home/iscb/wolfson/hagairavid/LocAlign/datasets/apo_structures/AMP/apoc9cfbbc27e.pdb,apoc9cfbbc27e,found,53,"[""5l6vA: pocket_occupied"", ""5l6vB: chain_not_found"", ""5l6vC: chain_not_found"", ""5l6vD: chain_not_found"", ""5l6vE: chain_not_found"", ""5l6vF: chain_not_found"", ""5l6vG: chain_not_found"", ""5l6vH: chain_not_found"", ""5l6vI: chain_not_found"", ""5l6vJ: chain_not_found"", ""5l6vK: chain_not_found"", ""5l6vL: chain_not_found"", ""5l6vM: chain_not_found"", ""5l6vN: chain_not_found"", ""5l6vO: chain_not_found"", ""5l6vP: chain_not_found"", ""5l6sA: chain_not_found"", ""5l6sB: chain_not_found"", ""5l6sC: chain_not_found"", ""5l6sD: chain_not_found"", ""5l6sE: chain_not_found"", ""5l6sF: chain_not_found"", ""5l6sG: chain_not_found"", ""5l6sH: chain_not_found"", ""5l6sI: chain_not_found"", ""5l6sJ: chain_not_found"", ""5l6sK: chain_not_found"", ""5l6sL: chain_not_found"", ""5l6sM: chain_not_found"", ""5l6sN: chain_not_found"", ""5l6sO: chain_not_found"", ""5l6sP: chain_not_found"", ""5mniA: chain_not_found"", ""5mniB: chain_not_found"", ""5mniC: chain_not_found"", ""5mniD: chain_not_found"", ""5mniE: chain_not_found"", ""5mniF: chain_not_found"", ""5mniG: chain_not_found"", ""5mniH: chain_not_found"", ""6r8bA: pocket_occupied"", ""6r8bB: chain_not_found"", ""6r8bC: chain_not_found"", ""6r8bD: chain_not_found"", ""6shjA: pocket_occupied"", ""6shjB: chain_not_found"", ""6shjC: chain_not_found"", ""6shjD: chain_not_found"", ""6shqA: pocket_occupied"", ""6shqB: chain_not_found"", ""6shqC: chain_not_found"", ""6shqD: chain_not_found""]"
6rd4,X,MG,6rde,A,X,2.9,4.340382715985842,/home/iscb/wolfson/hagairavid/LocAlign/datasets/apo_structures/MG/apo10a488fa47.pdb,apo10a488fa47,found,7,"[""6rdbX: pocket_occupied"", ""6rdbY: chain_not_found"", ""6rdbZ: chain_not_found"", ""6rdpX: pocket_occupied"", ""6rdpY: chain_not_found"", ""6rdpZ: chain_not_found""]"
6rie,O,SAM,4ckb,A,A,2.8,1.0859859934848457,/home/iscb/wolfson/hagairavid/LocAlign/datasets/apo_structures/SAM/apof296d86dde.pdb,apof296d86dde,found,1,[]
6rjn,A,HEM,,,,,,,,no_candidate_passed_prefilter,0,[]
6rjn,A,NDP,,,,,,,,no_candidate_passed_prefilter,0,[]
6rjr,A,HEM,,,,,,,,no_candidate_passed_prefilter,0,[]
6rjr,A,NDP,,,,,,,,no_candidate_passed_prefilter,0,[]
6ro1,A,ADP,7z4z,A,B,4.0,2.0922461819514115,/home/iscb/wolfson/hagairavid/LocAlign/datasets/apo_structures/ADP/apofb23f4d7f3.pdb,apofb23f4d7f3,found,10,"[""6c90A: pocket_occupied"", ""6iehB: chain_not_found"", ""7z52B: chain_not_found"", ""6d6qM: chain_not_found"", ""6d6rM: chain_not_found"", ""6iegA: chain_not_found"", ""6iegB: chain_not_found"", ""7s7cA: chain_not_found"", ""7s7cE: chain_not_found""]"
6rxn,A,FE,9ovf,A,A,1.45,0.48461807292732756,/home/iscb/wolfson/hagairavid/LocAlign/datasets/apo_structures/FE/apoc9f78f2906.pdb,apoc9f78f2906,found,1,[]
6ryx,A,CU,6stx,A,C,1.9,0.3132080118090488,/home/iscb/wolfson/hagairavid/LocAlign/datasets/apo_structures/CU/apo561904df3e.pdb,apo561904df3e,found,1,[]
6s32,D,FMN,,,,,,,,no_candidate_passed_prefilter,0,[]
6sao,A,CA,,,,,,,,no_candidate_passed_prefilter,0,[]
6sau,B,CA,,,,,,,,no_candidate_passed_prefilter,0,[]
6ska,D,CA,,,,,,,,no_candidate_passed_prefilter,0,[]
6smz,C,NAD,6smy,A,A,2.45,0.7632121971678432,/home/iscb/wolfson/hagairavid/LocAlign/datasets/apo_structures/NAD/apo629ce742cb.pdb,apo629ce742cb,found,5,"[""6sm7A: pocket_occupied"", ""6sm7B: chain_not_found"", ""6sm7C: chain_not_found"", ""6sm7D: chain_not_found""]"
6t3e,B,NAI,,,,,,,,no_candidate_passed_prefilter,0,[]
6tbz,A,ZN,,,,,,,,no_candidate_passed_prefilter,0,[]
6tdz,C,ATP,,,,,,,,no_uniprot_mapping,0,[]
6tg9,B,NAI,,,,,,,,all_candidates_pocket_occupied,2,"[""6tgaB: pocket_occupied"", ""6tgaF: chain_not_found""]"
6tg9,B,SF4,,,,,,,,all_candidates_pocket_occupied,2,"[""6tgaB: pocket_occupied"", ""6tgaF: chain_not_found""]"
6tg9,G,FES,,,,,,,,all_candidates_pocket_occupied,2,"[""6tgaC: pocket_occupied"", ""6tgaG: chain_not_found""]"
6tir,A,NAI,6g6u,A,A,2.74,2.6016596461386086,/home/iscb/wolfson/hagairavid/LocAlign/datasets/apo_structures/NAI/apo7b762ca870.pdb,apo7b762ca870,found,1,[]
6tlk,A,NAP,1lu9,A,A,1.9,0.4151704935644447,/home/iscb/wolfson/hagairavid/LocAlign/datasets/apo_structures/NAP/apod11bd27099.pdb,apod11bd27099,found,26,"[""6tm3A: pocket_occupied"", ""6tgeA: pocket_occupied"", ""6tgeB: chain_not_found"", ""6tgeC: chain_not_found"", ""6tgeD: chain_not_found"", ""6tgeE: chain_not_found"", ""6tgeF: chain_not_found"", ""6tgeG: chain_not_found"", ""6tgeH: chain_not_found"", ""6tgeI: chain_not_found"", ""6tgeJ: chain_not_found"", ""6tgeK: chain_not_found"", ""6tgeL: chain_not_found"", ""6tgeM: chain_not_found"", ""6tgeN: chain_not_found"", ""6tgeO: chain_not_found"", ""6tgeP: chain_not_found"", ""6tgeQ: chain_not_found"", ""6tgeR: chain_not_found"", ""6tgeS: chain_not_found"", ""6tgeT: chain_not_found"", ""6tgeU: chain_not_found"", ""6tgeV: chain_not_found"", ""6tgeW: chain_not_found"", ""6tgeX: chain_not_found""]"
6tp3,A,PGW,4zjc,A,A,2.832,1.967219272899919,/home/iscb/wolfson/hagairavid/LocAlign/datasets/apo_structures/PGW/apoc7945bd62f.pdb,apoc7945bd62f,found,21,"[""6todA: pocket_occupied"", ""6todB: chain_not_found"", ""6tosA: pocket_occupied"", ""6tosB: chain_not_found"", ""6totA: pocket_occupied"", ""6totB: chain_not_found"", ""6to7A: pocket_occupied"", ""6to7B: chain_not_found"", ""6tq4A: pocket_occupied"", ""6tq4B: chain_not_found"", ""6tp6A: chain_not_found"", ""6tp6B: chain_not_found"", ""6tq6A: pocket_occupied"", ""6tq6B: chain_not_found"", ""6tq9A: pocket_occupied"", ""6tq9B: chain_not_found"", ""6tq7A: pocket_occupied"", ""6tq7B: chain_not_found"", ""4zj8A: pocket_occupied"", ""4zj8A: chain_not_found""]"
6tq4,A,PGW,4zjc,A,A,2.832,1.328647845964955,/home/iscb/wolfson/hagairavid/LocAlign/datasets/apo_structures/PGW/apo9087222af9.pdb,apo9087222af9,found,19,"[""6todA: pocket_occupied"", ""6todB: chain_not_found"", ""6tosA: pocket_occupied"", ""6tosB: chain_not_found"", ""6totA: pocket_occupied"", ""6totB: chain_not_found"", ""6to7A: pocket_occupied"", ""6to7B: chain_not_found"", ""6tp6A: pocket_occupied"", ""6tp6B: chain_not_found"", ""6tq6A: pocket_occupied"", ""6tq6B: chain_not_found"", ""6tq9A: pocket_occupied"", ""6tq9B: chain_not_found"", ""6tq7A: pocket_occupied"", ""6tq7B: chain_not_found"", ""4zj8A: pocket_occupied"", ""4zj8A: chain_not_found""]"
6tr4,A,FUL,,,,,,,,all_candidates_pocket_occupied,1,"[""6tr3A: pocket_occupied""]"
6u1a,A,CA,,,,,,,,no_uniprot_mapping,0,[]
6u2f,A,CA,6u26,A,A,1.53,0.35838527241306695,/home/iscb/wolfson/hagairavid/LocAlign/datasets/apo_structures/CA/apof5865c43b6.pdb,apof5865c43b6,found,1,[]
6u66,B,CA,4dou,A,A,2.0,0.8552575964469343,/home/iscb/wolfson/hagairavid/LocAlign/datasets/apo_structures/CA/apo605d987afa.pdb,apo605d987afa,found,1,[]
6u8y,J,SF4,,,,,,,,no_candidate_passed_prefilter,0,[]
6uff,A,FMN,,,,,,,,all_candidates_pocket_occupied,8,"[""9qgcD: pocket_occupied"", ""9qgdD: pocket_occupied"", ""9qgbA: pocket_occupied"", ""9qgbB: chain_not_found"", ""9qgeA: pocket_occupied"", ""9qgeB: chain_not_found"", ""9qgfA: pocket_occupied"", ""9qgfB: chain_not_found""]"
6ugd,E,ATP,6uge,A,A,3.6,3.5243959280517227,/home/iscb/wolfson/hagairavid/LocAlign/datasets/apo_structures/ATP/apo392e0dfe7a.pdb,apo392e0dfe7a,found,2,"[""5wc1A: pocket_occupied""]"
6v3t,A,ACO,,,,,,,,no_candidate_passed_prefilter,0,[]
6v6y,A,NAP,,,,,,,,no_candidate_passed_prefilter,0,[]
6vjr,A,SF4,,,,,,,,no_candidate_passed_prefilter,0,[]
6vlo,A,TYD,,,,,,,,no_candidate_passed_prefilter,0,[]
6vly,A,NAI,6vlx,A,A,1.72,0.9350738253953307,/home/iscb/wolfson/hagairavid/LocAlign/datasets/apo_structures/NAI/apo7dcb3916e0.pdb,apo7dcb3916e0,found,1,[]
6vr7,A,AAE,,,,,,,,no_candidate_passed_prefilter,0,[]
6vsh,C,FES,,,,,,,,all_candidates_pocket_occupied,21,"[""3gkeA: chain_not_found"", ""3gkeB: chain_not_found"", ""3gkeC: chain_not_found"", ""3gl0A: chain_not_found"", ""3gl0B: chain_not_found"", ""3gl0C: chain_not_found"", ""3gteA: chain_not_found"", ""3gteB: chain_not_found"", ""3gteC: chain_not_found"", ""3gb4A: chain_not_found"", ""3gb4B: chain_not_found"", ""3gb4C: chain_not_found"", ""3gobA: pocket_occupied"", ""3gobB: chain_not_found"", ""3gobC: chain_not_found"", ""3gl2A: chain_not_found"", ""3gl2B: chain_not_found"", ""3gl2C: chain_not_found"", ""3gtsA: chain_not_found"", ""3gtsB: chain_not_found"", ""3gtsC: chain_not_found""]"
6vw7,D,NAI,,,,,,,,all_candidates_pocket_occupied,2,"[""6vw8B: pocket_occupied"", ""6vw8D: chain_not_found""]"
6vw7,D,SF4,,,,,,,,all_candidates_pocket_occupied,2,"[""6vw8B: pocket_occupied"", ""6vw8D: chain_not_found""]"
6vxe,A,HYP,,,,,,,,all_candidates_pocket_occupied,8,"[""6vxcA: pocket_occupied"", ""6vxcB: chain_not_found"", ""6vxcC: chain_not_found"", ""6vxcD: chain_not_found"", ""6vxcE: chain_not_found"", ""6vxcF: chain_not_found"", ""6vxcG: chain_not_found"", ""6vxcH: chain_not_found""]"
6vyd,A,BTM,,,,,,,,all_candidates_pocket_occupied,2,"[""6w26A: pocket_occupied"", ""6w26I: chain_not_found""]"
6w2z,B,NXL,,,,,,,,no_candidate_passed_prefilter,0,[]
6wb6,A,FE,,,,,,,,no_candidate_passed_prefilter,0,[]
6wk3,D,HEM,,,,,,,,no_candidate_passed_prefilter,0,[]
6ww6,B,BEF,,,,,,,,no_candidate_passed_prefilter,0,[]
6x1o,C,SF4,,,,,,,,all_candidates_pocket_occupied,2,"[""6x6uA: pocket_occupied"", ""6x6uC: chain_not_found""]"
6xa3,A,HEM,,,,,,,,all_candidates_pocket_occupied,8,"[""6xa2A: pocket_occupied"", ""6xa2B: chain_not_found"", ""6xa2C: chain_not_found"", ""6xa2D: chain_not_found"", ""6xa2E: chain_not_found"", ""6xa2F: chain_not_found"", ""6xa2G: chain_not_found"", ""6xa2H: chain_not_found""]"
6xig,B,SF4,,,,,,,,all_candidates_pocket_occupied,2,"[""6xi9A: pocket_occupied"", ""6xi9B: chain_not_found""]"
6xof,A,CA,,,,,,,,no_uniprot_mapping,0,[]
6xux,A,CA,3w7t,A,A,1.5,1.7394215320079514,/home/iscb/wolfson/hagairavid/LocAlign/datasets/apo_structures/CA/apo3cbfbe33d1.pdb,apo3cbfbe33d1,found,1,[]
6y09,A,GTP,,,,,,,,all_candidates_pocket_occupied,2,"[""6zayA: pocket_occupied"", ""6zayB: chain_not_found""]"
6y09,A,MG,,,,,,,,all_candidates_pocket_occupied,2,"[""6zayA: pocket_occupied"", ""6zayB: chain_not_found""]"
6y6a,M,SIA,6y67,A,AAA,2.618,0.3668664245685791,/home/iscb/wolfson/hagairavid/LocAlign/datasets/apo_structures/SIA/apo853b93903a.pdb,apo853b93903a,found,1,[]
6y9t,A,CA,,,,,,,,no_candidate_passed_prefilter,0,[]
6ycf,A,E64,6u7d,A,A,3.0,0.620893550885636,/home/iscb/wolfson/hagairavid/LocAlign/datasets/apo_structures/E64/apoa7e1da284c.pdb,apoa7e1da284c,found,5,"[""6ycgA: pocket_occupied"", ""6ycgB: chain_not_found"", ""6yceA: pocket_occupied"", ""6yceB: chain_not_found""]"
6z1m,A,HEM,,,,,,,,no_uniprot_mapping,0,[]
6zcv,A,PQQ,,,,,,,,all_candidates_pocket_occupied,1,"[""6zcwA: pocket_occupied""]"
6zhh,A,BEF,9evc,A,A,3.73,5.963684585190728,/home/iscb/wolfson/hagairavid/LocAlign/datasets/apo_structures/BEF/apo8023553e96.pdb,apo8023553e96,found,3,"[""9euqA: pocket_occupied"", ""9gqoA: pocket_occupied""]"
6zhh,A,MG,9gqo,A,A,3.46,3.999120222917625,/home/iscb/wolfson/hagairavid/LocAlign/datasets/apo_structures/MG/apod52f6358a3.pdb,apod52f6358a3,found,2,"[""9euqA: pocket_occupied""]"
6znx,C,ADP,,,,,,,,no_uniprot_mapping,0,[]
6zq4,F,GOL,6zq8,A,A,2.38,1.611215377936603,/home/iscb/wolfson/hagairavid/LocAlign/datasets/apo_structures/GOL/apo6e47e520af.pdb,apo6e47e520af,found,7,"[""6zq5A: pocket_occupied"", ""6zq5B: chain_not_found"", ""6zq6A: pocket_occupied"", ""6zq6B: chain_not_found"", ""6zq6C: chain_not_found"", ""6zq6D: chain_not_found""]"
6zvp,D,LDP,7a2g,A,A,4.1,2.362598654413435,/home/iscb/wolfson/hagairavid/LocAlign/datasets/apo_structures/LDP/apo763b5b9130.pdb,apo763b5b9130,found,1,[]
7a0x,F,CA,,,,,,,,no_uniprot_mapping,0,[]
7a3q,H,3CX,,,,,,,,no_uniprot_mapping,0,[]
7aba,A,HEC,,,,,,,,no_candidate_passed_prefilter,0,[]
7aj0,A,CA,,,,,,,,no_candidate_passed_prefilter,0,[]
7ao7,E,HEM,,,,,,,,no_uniprot_mapping,0,[]
7awt,G,FES,,,,,,,,all_candidates_pocket_occupied,29,"[""7nz1G: pocket_occupied"", ""7z7vG: pocket_occupied"", ""9q8iG: pocket_occupied"", ""7z7sG: pocket_occupied"", ""7p7cG: pocket_occupied"", ""7p64G: chain_not_found"", ""9tanG: chain_not_found"", ""9talG: pocket_occupied"", ""7zciG: pocket_occupied"", ""7p7eG: chain_not_found"", ""7p7jG: pocket_occupied"", ""7z84G: pocket_occupied"", ""7z83G: chain_not_found"", ""7z80G: pocket_occupied"", ""9tamG: chain_not_found"", ""7zc5G: pocket_occupied"", ""9tajG: pocket_occupied"", ""7p69G: chain_not_found"", ""7p7lG: pocket_occupied"", ""7z7tG: chain_not_found"", ""7p7kG: pocket_occupied"", ""7p61G: pocket_occupied"", ""7p7mG: chain_not_found"", ""7nyrG: chain_not_found"", ""7z7rG: chain_not_found"", ""7p63G: pocket_occupied"", ""7p62G: chain_not_found"", ""7nyvG: pocket_occupied"", ""7nyuG: chain_not_found""]"
7b0h,F,TTP,9gp8,A,A,2.18,2.930580032583062,/home/iscb/wolfson/hagairavid/LocAlign/datasets/apo_structures/TTP/apob9237ccc51.pdb,apob9237ccc51,found,1,[]
7bi7,A,SF4,7jma,A,A,1.7,0.6894098772617736,/home/iscb/wolfson/hagairavid/LocAlign/datasets/apo_structures/SF4/apo1dac00cc2b.pdb,apo1dac00cc2b,found,1,[]
7bkb,D,SF4,,,,,,,,all_candidates_pocket_occupied,4,"[""7bkeD: pocket_occupied"", ""7bkcD: pocket_occupied"", ""7bkcd: chain_not_found"", ""7bkdD: pocket_occupied""]"
7bv3,A,UDP,,,,,,,,no_candidate_passed_prefilter,0,[]
7bv3,B,UDP,,,,,,,,no_candidate_passed_prefilter,0,[]
7bvc,B,95E,6x0o,A,A,3.3,1.1828527992069644,/home/iscb/wolfson/hagairavid/LocAlign/datasets/apo_structures/95E/apof8663573c0.pdb,apof8663573c0,found,2,"[""7bvgB: pocket_occupied""]"
7bvc,B,CA,7bvg,A,B,3.1,1.0757539890801104,/home/iscb/wolfson/hagairavid/LocAlign/datasets/apo_structures/CA/apoc6a9d5022c.pdb,apoc6a9d5022c,found,1,[]
7bvh,A,CA,7bve,A,A,2.81,1.3794566517746931,/home/iscb/wolfson/hagairavid/LocAlign/datasets/apo_structures/CA/apo2b6d9a305e.pdb,apo2b6d9a305e,found,1,[]
7bwh,A,HEM,,,,,,,,no_candidate_passed_prefilter,0,[]
7byv,A,GAL,,,,,,,,all_candidates_pocket_occupied,7,"[""7bysA: pocket_occupied"", ""7bysB: chain_not_found"", ""7bytA: pocket_occupied"", ""7byxA: pocket_occupied"", ""7byxB: chain_not_found"", ""7byxC: chain_not_found"", ""7byxD: chain_not_found""]"
7c3f,D,SF4,,,,,,,,all_candidates_pocket_occupied,2,"[""7bzkA: pocket_occupied"", ""7c2bA: pocket_occupied""]"
7d7q,B,RET,,,,,,,,all_candidates_pocket_occupied,2,"[""7cj3A: pocket_occupied"", ""7cj3B: chain_not_found""]"
7d9b,A,CA,,,,,,,,no_uniprot_mapping,0,[]
7deg,A,HEM,,,,,,,,no_candidate_passed_prefilter,0,[]
7dkm,A,NAD,,,,,,,,all_candidates_pocket_occupied,30,"[""6rj3A: pocket_occupied"", ""6rj3B: chain_not_found"", ""2g76A: pocket_occupied"", ""2g76B: chain_not_found"", ""6plfA: pocket_occupied"", ""6plfB: chain_not_found"", ""6cwaA: pocket_occupied"", ""6cwaB: chain_not_found"", ""6rj5A: pocket_occupied"", ""6rj5B: chain_not_found"", ""6rj6A: pocket_occupied"", ""6rj6B: chain_not_found"", ""6rj2A: pocket_occupied"", ""6rj2B: chain_not_found"", ""6rihA: pocket_occupied"", ""6rihB: chain_not_found"", ""5n6cA: pocket_occupied"", ""5n6cB: chain_not_found"", ""7cvpA: pocket_occupied"", ""7cvpB: chain_not_found"", ""6plgA: pocket_occupied"", ""6plgB: chain_not_found"", ""6plgC: chain_not_found"", ""6plgD: chain_not_found"", ""6plgE: chain_not_found"", ""6plgF: chain_not_found"", ""6plgG: chain_not_found"", ""6plgH: chain_not_found"", ""7ewhA: pocket_occupied"", ""7ewhB: chain_not_found""]"
7dls,A,HEM,,,,,,,,all_candidates_pocket_occupied,3,"[""9u7wA: pocket_occupied"", ""9u7xA: pocket_occupied"", ""7di3A: pocket_occupied""]"
7dmk,A,CA,,,,,,,,no_candidate_passed_prefilter,0,[]
7dvr,A,HEM,7dvv,A,A,2.49,2.5812308732666986,/home/iscb/wolfson/hagairavid/LocAlign/datasets/apo_structures/HEM/apo4df2a9b82d.pdb,apo4df2a9b82d,found,3,"[""7dvtA: pocket_occupied"", ""7dvuA: pocket_occupied""]"
7e3w,B,CMP,7e3v,A,A,2.05,0.12394102315887516,/home/iscb/wolfson/hagairavid/LocAlign/datasets/apo_structures/CMP/apo2be292d1b8.pdb,apo2be292d1b8,found,1,[]
7e6g,A,MG,,,,,,,,no_candidate_passed_prefilter,0,[]
7e6i,A,BG6,7e6h,A,A,2.7,0.35831188342735304,/home/iscb/wolfson/hagairavid/LocAlign/datasets/apo_structures/BG6/apo95f6af94d0.pdb,apo95f6af94d0,found,1,[]
7e8p,D,FDA,6jhm,A,A,2.3,0.8500161937373031,/home/iscb/wolfson/hagairavid/LocAlign/datasets/apo_structures/FDA/apo0e37ab3f3e.pdb,apo0e37ab3f3e,found,1,[]
7ef7,A,MG,7ef6,A,A,1.34,0.694511735964611,/home/iscb/wolfson/hagairavid/LocAlign/datasets/apo_structures/MG/apo8b15831cd4.pdb,apo8b15831cd4,found,1,[]
7ef7,A,XMP,7ef6,A,A,1.34,0.694511735964611,/home/iscb/wolfson/hagairavid/LocAlign/datasets/apo_structures/XMP/apo8b15831cd4.pdb,apo8b15831cd4,found,1,[]
7ef9,A,SF4,,,,,,,,all_candidates_pocket_occupied,1,"[""7ef8A: pocket_occupied""]"
7ehg,E,CA,,,,,,,,no_uniprot_mapping,0,[]
7epe,A,FMN,8jcu,A,2,2.8,1.9156355319852993,/home/iscb/wolfson/hagairavid/LocAlign/datasets/apo_structures/FMN/apo07b15fae34.pdb,apo07b15fae34,found,37,"[""5yobA: chain_not_found"", ""1f4pA: chain_not_found"", ""1j8qA: chain_not_found"", ""5yoeA: chain_not_found"", ""5yogA: chain_not_found"", ""1j9eA: chain_not_found"", ""5yocA: chain_not_found"", ""1akrA: chain_not_found"", ""1wswA: chain_not_found"", ""1xyyA: chain_not_found"", ""1akwA: chain_not_found"", ""1xyvA: chain_not_found"", ""1wsbA: chain_not_found"", ""1aktA: chain_not_found"", ""1azlA: chain_not_found"", ""1xt6A: chain_not_found"", ""1bu5A: chain_not_found"", ""1bu5B: chain_not_found"", ""1akqA: chain_not_found"", ""1akuA: chain_not_found"", ""2fx2A: chain_not_found"", ""3fx2A: chain_not_found"", ""4fx2A: chain_not_found"", ""5fx2A: chain_not_found"", ""1fx1A: chain_not_found"", ""1akvA: chain_not_found"", ""1c7fA: chain_not_found"", ""1c7fB: chain_not_found"", ""1i1oA: chain_not_found"", ""6li0A: chain_not_found"", ""6li0A: chain_not_found"", ""1c7eA: pocket_occupied"", ""1c7eB: chain_not_found"", ""1j9gA: pocket_occupied"", ""7epfA: pocket_occupied"", ""7epfA: chain_not_found""]"
7eyr,C,FE2,7eys,A,A,1.95,0.39341939931940406,/home/iscb/wolfson/hagairavid/LocAlign/datasets/apo_structures/FE2/apo1c765845fe.pdb,apo1c765845fe,found,2,"[""7fcbC: pocket_occupied""]"
7f8d,A,NAD,7by8,A,A,1.945,0.578416783624942,/home/iscb/wolfson/hagairavid/LocAlign/datasets/apo_structures/NAD/apo1a92a18e19.pdb,apo1a92a18e19,found,1,[]
7gep,A,SF4,,,,,,,,all_candidates_pocket_occupied,19,"[""6c3mA: chain_not_found"", ""6c3xA: chain_not_found"", ""6c3yA: chain_not_found"", ""4g38A: pocket_occupied"", ""4htrA: chain_not_found"", ""1aopA: chain_not_found"", ""6c3zA: chain_not_found"", ""2aopA: chain_not_found"", ""4aopA: chain_not_found"", ""6gepA: chain_not_found"", ""2gepA: chain_not_found"", ""4gepA: chain_not_found"", ""3aopA: chain_not_found"", ""3geoA: chain_not_found"", ""5gepA: chain_not_found"", ""5aopA: chain_not_found"", ""8gepA: chain_not_found"", ""4g39A: chain_not_found"", ""9c91B: chain_not_found""]"
7jgr,D,ATP,4xgc,A,D,3.5,1.6405730238397909,/home/iscb/wolfson/hagairavid/LocAlign/datasets/apo_structures/ATP/apoe41ca1ba54.pdb,apoe41ca1ba54,found,5,"[""7jgsD: pocket_occupied"", ""7jk2D: pocket_occupied"", ""7jk3D: pocket_occupied"", ""7jk4D: pocket_occupied""]"
7jpx,A,CA,6jpa,A,A,2.6,1.2484621109382854,/home/iscb/wolfson/hagairavid/LocAlign/datasets/apo_structures/CA/apo80f64848d9.pdb,apo80f64848d9,found,1,[]
7jw9,A,03S,7jv3,A,A,2.8,0.401302901315678,/home/iscb/wolfson/hagairavid/LocAlign/datasets/apo_structures/03S/apo8a7868b822.pdb,apo8a7868b822,found,17,"[""7k14A: pocket_occupied"", ""7k14B: chain_not_found"", ""7k14C: chain_not_found"", ""7k14D: chain_not_found"", ""7k14E: chain_not_found"", ""7k14F: chain_not_found"", ""7k14G: chain_not_found"", ""7k14H: chain_not_found"", ""7jybA: pocket_occupied"", ""7jybB: chain_not_found"", ""7jybC: chain_not_found"", ""7jybD: chain_not_found"", ""7jybE: chain_not_found"", ""7jybF: chain_not_found"", ""7jybG: chain_not_found"", ""7jybH: chain_not_found""]"
7k01,0,SF4,5fmf,A,Y,6.0,3.9572614136298436,/home/iscb/wolfson/hagairavid/LocAlign/datasets/apo_structures/SF4/apo44eb479bc6.pdb,apo44eb479bc6,found,22,"[""7o4j0: pocket_occupied"", ""7ml00: pocket_occupied"", ""8cen0: pocket_occupied"", ""7ml40: pocket_occupied"", ""7zs90: pocket_occupied"", ""7o4i0: pocket_occupied"", ""7o750: pocket_occupied"", ""7ml20: pocket_occupied"", ""7o4l0: pocket_occupied"", ""7o720: pocket_occupied"", ""7o730: pocket_occupied"", ""7o4k0: pocket_occupied"", ""8ceo0: pocket_occupied"", ""8umi0: pocket_occupied"", ""8uot0: pocket_occupied"", ""8uoq0: pocket_occupied"", ""7ml10: pocket_occupied"", ""7zsa0: pocket_occupied"", ""8umh0: pocket_occupied"", ""5oqj0: pocket_occupied"", ""5oqm0: pocket_occupied""]"
7k0a,A,COA,,,,,,,,all_candidates_pocket_occupied,6,"[""7k09A: pocket_occupied"", ""7k09B: chain_not_found"", ""7k09C: chain_not_found"", ""7k09D: chain_not_found"", ""7k09E: chain_not_found"", ""7k09F: chain_not_found""]"
7k5k,A,CO3,,,,,,,,all_candidates_pocket_occupied,12,"[""6wvvA: pocket_occupied"", ""6wvvB: chain_not_found"", ""6wvvC: chain_not_found"", ""6wvvD: chain_not_found"", ""6wvvE: chain_not_found"", ""6wvvF: chain_not_found"", ""6wvvG: chain_not_found"", ""6wvvH: chain_not_found"", ""6wvvI: chain_not_found"", ""6wvvJ: chain_not_found"", ""6wvvK: chain_not_found"", ""6wvvL: chain_not_found""]"
7kjc,A,ACP,7kjb,A,A,2.8,1.844461890070416,/home/iscb/wolfson/hagairavid/LocAlign/datasets/apo_structures/ACP/apof1a565f5fa.pdb,apof1a565f5fa,found,3,"[""7kjaA: pocket_occupied"", ""7kjaB: chain_not_found""]"
7kma,B,M6P,9y4b,A,G,2.1,1.4538110037656968,/home/iscb/wolfson/hagairavid/LocAlign/datasets/apo_structures/M6P/apo88a64fa370.pdb,apo88a64fa370,found,1,[]
7koe,B,FAD,,,,,,,,no_uniprot_mapping,0,[]
7ksf,A,CA,7kse,A,A,3.0,0.7965757923005822,/home/iscb/wolfson/hagairavid/LocAlign/datasets/apo_structures/CA/apo292fbd3669.pdb,apo292fbd3669,found,1,[]
7les,A,HEM,,,,,,,,all_candidates_pocket_occupied,22,"[""6q2cA: pocket_occupied"", ""6q2cB: chain_not_found"", ""7uwpA: pocket_occupied"", ""7uwpB: chain_not_found"", ""8ektA: pocket_occupied"", ""8ektB: chain_not_found"", ""8ektC: chain_not_found"", ""8ektD: chain_not_found"", ""8ektE: chain_not_found"", ""8ektF: chain_not_found"", ""6uw2A: pocket_occupied"", ""6uw2B: chain_not_found"", ""6uw2C: chain_not_found"", ""6uw2D: chain_not_found"", ""6uw2E: chain_not_found"", ""6uw2F: chain_not_found"", ""6ux0A: pocket_occupied"", ""6ux0B: chain_not_found"", ""6ux0C: chain_not_found"", ""6ux0D: chain_not_found"", ""6ux0E: chain_not_found"", ""6ux0F: chain_not_found""]"
7les,A,IMD,,,,,,,,all_candidates_pocket_occupied,22,"[""6q2cA: pocket_occupied"", ""6q2cB: chain_not_found"", ""7uwpA: pocket_occupied"", ""7uwpB: chain_not_found"", ""8ektA: pocket_occupied"", ""8ektB: chain_not_found"", ""8ektC: chain_not_found"", ""8ektD: chain_not_found"", ""8ektE: chain_not_found"", ""8ektF: chain_not_found"", ""6uw2A: pocket_occupied"", ""6uw2B: chain_not_found"", ""6uw2C: chain_not_found"", ""6uw2D: chain_not_found"", ""6uw2E: chain_not_found"", ""6uw2F: chain_not_found"", ""6ux0A: pocket_occupied"", ""6ux0B: chain_not_found"", ""6ux0C: chain_not_found"", ""6ux0D: chain_not_found"", ""6ux0E: chain_not_found"", ""6ux0F: chain_not_found""]"
7lhr,A,SF4,,,,,,,,all_candidates_pocket_occupied,4,"[""7lhuA: pocket_occupied"", ""7lhuB: chain_not_found"", ""7lhsA: pocket_occupied"", ""7lhsB: chain_not_found""]"
7lza,A,BEF,7lz9,A,A,2.3,3.066929071474307,/home/iscb/wolfson/hagairavid/LocAlign/datasets/apo_structures/BEF/apod277ffbc14.pdb,apod277ffbc14,found,1,[]
7m1z,B,CA,,,,,,,,no_candidate_passed_prefilter,0,[]
7m6j,A,GDP,,,,,,,,all_candidates_pocket_occupied,8,"[""6upqA: chain_not_found"", ""6uprA: chain_not_found"", ""6upaA: chain_not_found"", ""2qnrA: chain_not_found"", ""2qnrB: chain_not_found"", ""2qa5A: pocket_occupied"", ""2qa5B: chain_not_found"", ""2qagA: chain_not_found""]"
7mi4,A,SF4,7mi9,A,A,3.89,1.1997739990641263,/home/iscb/wolfson/hagairavid/LocAlign/datasets/apo_structures/SF4/apo39ca58ccee.pdb,apo39ca58ccee,found,7,"[""7midA: pocket_occupied"", ""7midB: chain_not_found"", ""7mi5A: pocket_occupied"", ""7mi5B: chain_not_found"", ""7mi5C: chain_not_found"", ""7mi5D: chain_not_found""]"
7nit,D,CA,,,,,,,,no_candidate_passed_prefilter,0,[]
7nvm,e,ADP,8ajm,A,C,2.83,0.5675045707525925,/home/iscb/wolfson/hagairavid/LocAlign/datasets/apo_structures/ADP/apo391862021f.pdb,apo391862021f,found,11,"[""7nvlE: pocket_occupied"", ""7nvle: chain_not_found"", ""8sh9E: pocket_occupied"", ""8sh9e: chain_not_found"", ""8sheE: pocket_occupied"", ""8shee: chain_not_found"", ""8shgE: pocket_occupied"", ""8shge: chain_not_found"", ""8shnE: pocket_occupied"", ""8shne: chain_not_found""]"
7o12,B,ANP,7znq,A,F,3.04,1.473584952289382,/home/iscb/wolfson/hagairavid/LocAlign/datasets/apo_structures/ANP/apoca4d1f1902.pdb,apoca4d1f1902,found,1,[]
7o2d,A,HEM,,,,,,,,no_uniprot_mapping,0,[]
7oo9,A,FMN,,,,,,,,no_candidate_passed_prefilter,0,[]
7ovu,A,ACO,,,,,,,,no_candidate_passed_prefilter,0,[]
7p0x,C,FAD,,,,,,,,all_candidates_pocket_occupied,6,"[""7putA: pocket_occupied"", ""7putB: chain_not_found"", ""7putC: chain_not_found"", ""7pvjA: pocket_occupied"", ""7pvjB: chain_not_found"", ""7pvjC: chain_not_found""]"
7p61,F,FMN,,,,,,,,all_candidates_pocket_occupied,29,"[""7nz1F: chain_not_found"", ""7z7vF: chain_not_found"", ""9q8iF: chain_not_found"", ""7z7sF: pocket_occupied"", ""7p7cF: pocket_occupied"", ""7p64F: pocket_occupied"", ""9tanF: pocket_occupied"", ""9talF: pocket_occupied"", ""7zciF: pocket_occupied"", ""7p7eF: pocket_occupied"", ""7p7jF: pocket_occupied"", ""7awtF: pocket_occupied"", ""7z84F: pocket_occupied"", ""7z83F: pocket_occupied"", ""7z80F: pocket_occupied"", ""9tamF: pocket_occupied"", ""7zc5F: pocket_occupied"", ""9tajF: pocket_occupied"", ""7p69F: pocket_occupied"", ""7p7lF: pocket_occupied"", ""7z7tF: pocket_occupied"", ""7p7kF: pocket_occupied"", ""7p7mF: pocket_occupied"", ""7nyrF: pocket_occupied"", ""7z7rF: pocket_occupied"", ""7p63F: pocket_occupied"", ""7p62F: pocket_occupied"", ""7nyvF: pocket_occupied"", ""7nyuF: pocket_occupied""]"
7p61,F,NAI,,,,,,,,all_candidates_pocket_occupied,29,"[""7nz1F: chain_not_found"", ""7z7vF: chain_not_found"", ""9q8iF: chain_not_found"", ""7z7sF: pocket_occupied"", ""7p7cF: pocket_occupied"", ""7p64F: pocket_occupied"", ""9tanF: pocket_occupied"", ""9talF: pocket_occupied"", ""7zciF: pocket_occupied"", ""7p7eF: pocket_occupied"", ""7p7jF: pocket_occupied"", ""7awtF: pocket_occupied"", ""7z84F: pocket_occupied"", ""7z83F: pocket_occupied"", ""7z80F: pocket_occupied"", ""9tamF: pocket_occupied"", ""7zc5F: pocket_occupied"", ""9tajF: pocket_occupied"", ""7p69F: pocket_occupied"", ""7p7lF: pocket_occupied"", ""7z7tF: pocket_occupied"", ""7p7kF: pocket_occupied"", ""7p7mF: pocket_occupied"", ""7nyrF: pocket_occupied"", ""7z7rF: pocket_occupied"", ""7p63F: pocket_occupied"", ""7p62F: pocket_occupied"", ""7nyvF: pocket_occupied"", ""7nyuF: pocket_occupied""]"
7p61,F,SF4,,,,,,,,all_candidates_pocket_occupied,29,"[""7nz1F: chain_not_found"", ""7z7vF: chain_not_found"", ""9q8iF: chain_not_found"", ""7z7sF: pocket_occupied"", ""7p7cF: pocket_occupied"", ""7p64F: pocket_occupied"", ""9tanF: pocket_occupied"", ""9talF: pocket_occupied"", ""7zciF: pocket_occupied"", ""7p7eF: pocket_occupied"", ""7p7jF: pocket_occupied"", ""7awtF: pocket_occupied"", ""7z84F: pocket_occupied"", ""7z83F: pocket_occupied"", ""7z80F: pocket_occupied"", ""9tamF: pocket_occupied"", ""7zc5F: pocket_occupied"", ""9tajF: pocket_occupied"", ""7p69F: pocket_occupied"", ""7p7lF: pocket_occupied"", ""7z7tF: pocket_occupied"", ""7p7kF: pocket_occupied"", ""7p7mF: pocket_occupied"", ""7nyrF: pocket_occupied"", ""7z7rF: pocket_occupied"", ""7p63F: pocket_occupied"", ""7p62F: pocket_occupied"", ""7nyvF: pocket_occupied"", ""7nyuF: pocket_occupied""]"
7ph3,A,ANP,8tso,A,A,2.68,3.4834838915232376,/home/iscb/wolfson/hagairavid/LocAlign/datasets/apo_structures/ANP/apo642faee836.pdb,apo642faee836,found,1,[]
7phw,E,CA,,,,,,,,no_uniprot_mapping,0,[]
7pth,A,CA,7ptj,A,A,2.1,0.6468094852574692,/home/iscb/wolfson/hagairavid/LocAlign/datasets/apo_structures/CA/apo45c959d6cb.pdb,apo45c959d6cb,found,9,"[""6g60A: pocket_occupied"", ""6g60B: chain_not_found"", ""6g60C: chain_not_found"", ""6g60D: chain_not_found"", ""6g5zA: pocket_occupied"", ""6g5zB: chain_not_found"", ""6g5zC: chain_not_found"", ""6g5zD: chain_not_found""]"
7pup,A,ATP,,,,,,,,no_candidate_passed_prefilter,0,[]
7pwe,A,SF4,,,,,,,,no_candidate_passed_prefilter,0,[]
7pzb,A,PCG,,,,,,,,all_candidates_pocket_occupied,2,"[""7pzaA: pocket_occupied"", ""7pzaB: chain_not_found""]"
7q0s,A,G6P,7zbn,A,A,2.62,1.5252862244275804,/home/iscb/wolfson/hagairavid/LocAlign/datasets/apo_structures/G6P/apo7ee30bef80.pdb,apo7ee30bef80,found,1,[]
7qhm,D,CA,7q21,A,D,2.9,0.3968446743255375,/home/iscb/wolfson/hagairavid/LocAlign/datasets/apo_structures/CA/apoc913451e22.pdb,apoc913451e22,found,1,[]
7qoa,A,CYT,,,,,,,,no_uniprot_mapping,0,[]
7qv7,S,SF4,,,,,,,,no_candidate_passed_prefilter,0,[]
7r0h,A,CU,7r0i,A,A,2.7,0.7951916504682726,/home/iscb/wolfson/hagairavid/LocAlign/datasets/apo_structures/CU/apo842947d060.pdb,apo842947d060,found,1,[]
7s01,D,ZN,7s00,A,D,3.3,2.313023281601367,/home/iscb/wolfson/hagairavid/LocAlign/datasets/apo_structures/ZN/apofa0c1c8df1.pdb,apofa0c1c8df1,found,1,[]
7s0w,B,CO,5epc,A,A,1.85,0.7724250654330349,/home/iscb/wolfson/hagairavid/LocAlign/datasets/apo_structures/CO/apo7a12359999.pdb,apo7a12359999,found,5,"[""5jn5A: pocket_occupied"", ""5jn5B: chain_not_found"", ""5vbiA: pocket_occupied"", ""5vbiB: chain_not_found""]"
7s0z,C,GDP,,,,,,,,all_candidates_pocket_occupied,1,"[""2fn4A: pocket_occupied""]"
7t18,A,TTP,6x74,A,A,1.69,0.5528717394903899,/home/iscb/wolfson/hagairavid/LocAlign/datasets/apo_structures/TTP/apo07a533bd13.pdb,apo07a533bd13,found,3,"[""6x6zA: pocket_occupied"", ""6x77A: pocket_occupied""]"
7t4s,F,CA,,,,,,,,no_candidate_passed_prefilter,0,[]
7tbv,A,MG,7u5t,A,A,3.43,8.030030562613646,/home/iscb/wolfson/hagairavid/LocAlign/datasets/apo_structures/MG/apoa2d14d94b7.pdb,apoa2d14d94b7,found,3,"[""7u5uA: chain_not_found"", ""7u5uB: chain_not_found""]"
7trr,A,03S,7tlv,A,A,1.50000733668,0.1675502884653021,/home/iscb/wolfson/hagairavid/LocAlign/datasets/apo_structures/03S/apo39e21f4d3d.pdb,apo39e21f4d3d,found,2,"[""7tjbA: pocket_occupied""]"
7tz2,A,CA,9q35,A,A,1.74,1.8567001485394308,/home/iscb/wolfson/hagairavid/LocAlign/datasets/apo_structures/CA/apo612999e0b1.pdb,apo612999e0b1,found,1,[]
7usf,A,CA,7ut1,A,A,3.8,0.4899793639604861,/home/iscb/wolfson/hagairavid/LocAlign/datasets/apo_structures/CA/apo4ddb523b27.pdb,apo4ddb523b27,found,1,[]
7ut5,A,FMN,,,,,,,,no_candidate_passed_prefilter,0,[]
7uyy,A,NAI,,,,,,,,no_candidate_passed_prefilter,0,[]
7v2c,A,SF4,,,,,,,,all_candidates_pocket_occupied,96,"[""8ud11F: pocket_occupied"", ""8ugh1F: pocket_occupied"", ""8ugi1F: pocket_occupied"", ""8ugj1F: pocket_occupied"", ""7vb7A: pocket_occupied"", ""7vbzA: pocket_occupied"", ""7vynA: pocket_occupied"", ""7vbnA: pocket_occupied"", ""7v2hA: pocket_occupied"", ""7vz1A: pocket_occupied"", ""7v2rA: pocket_occupied"", ""7v33A: pocket_occupied"", ""7vy8A: pocket_occupied"", ""7w1zA: pocket_occupied"", ""7w2uA: pocket_occupied"", ""7vwjA: pocket_occupied"", ""8ugn1F: pocket_occupied"", ""8ugn5F: chain_not_found"", ""7vxpA: pocket_occupied"", ""7w2yA: pocket_occupied"", ""7w4cA: pocket_occupied"", ""7w4fA: pocket_occupied"", ""7v2kA: pocket_occupied"", ""7v30A: pocket_occupied"", ""9buhB: pocket_occupied"", ""7vxuA: pocket_occupied"", ""7v2eA: pocket_occupied"", ""7vyfA: pocket_occupied"", ""7w0rA: pocket_occupied"", ""7vyaA: pocket_occupied"", ""8zsqV1: pocket_occupied"", ""9bwdB: pocket_occupied"", ""8zslV1: pocket_occupied"", ""8zsnV1: pocket_occupied"", ""9bxvB: pocket_occupied"", ""7v31A: pocket_occupied"", ""7w2rA: pocket_occupied"", ""7w32A: pocket_occupied"", ""7v3mA: pocket_occupied"", ""7vyhA: pocket_occupied"", ""7w2kA: pocket_occupied"", ""9j6hV1: pocket_occupied"", ""8zp8V1: pocket_occupied"", ""9j6wV1: pocket_occupied"", ""7w1tA: pocket_occupied"", ""7w1vA: pocket_occupied"", ""7w20A: pocket_occupied"", ""7w35A: pocket_occupied"", ""7w4dA: pocket_occupied"", ""7w4eA: pocket_occupied"", ""7w4nA: pocket_occupied"", ""7w2lA: pocket_occupied"", ""8zouV1: pocket_occupied"", ""8zskV1: pocket_occupied"", ""7w31A: pocket_occupied"", ""7w4gA: pocket_occupied"", ""7w4lA: pocket_occupied"", ""7v2fA: pocket_occupied"", ""7w1pA: pocket_occupied"", ""8zsrV1: pocket_occupied"", ""8zsoV1: pocket_occupied"", ""8zxzV1: pocket_occupied"", ""9cd6B: pocket_occupied"", ""7vzvA: pocket_occupied"", ""7vzwA: pocket_occupied"", ""7w1uA: pocket_occupied"", ""7w4jA: pocket_occupied"", ""7w4kA: pocket_occupied"", ""7v32A: pocket_occupied"", ""8zo8V1: pocket_occupied"", ""8zsmV1: pocket_occupied"", ""7w4mA: pocket_occupied"", ""7w4qA: pocket_occupied"", ""7v2dA: pocket_occupied"", ""8uep1F: pocket_occupied"", ""8ueq1F: pocket_occupied"", ""7w0yA: pocket_occupied"", ""7w0hA: pocket_occupied"", ""9ce2B: pocket_occupied"", ""9cdnB: pocket_occupied"", ""8uer1F: pocket_occupied"", ""8uez1F: pocket_occupied"", ""7w00A: pocket_occupied"", ""7w1oA: pocket_occupied"", ""8ues1F: pocket_occupied"", ""8ueu1F: pocket_occupied"", ""8uew1F: pocket_occupied"", ""8uey1F: pocket_occupied"", ""8uet1F: pocket_occupied"", ""8uev1F: pocket_occupied"", ""8ueo1F: pocket_occupied"", ""8uex1F: pocket_occupied"", ""5gupB: pocket_occupied"", ""5gpnc: pocket_occupied"", ""8ugr1F: pocket_occupied"", ""8ugr5F: chain_not_found""]"
7v3k,C,CA,,,,,,,,no_uniprot_mapping,0,[]
7va8,A,UPG,,,,,,,,all_candidates_pocket_occupied,6,"[""8xfhA: pocket_occupied"", ""8xfhB: chain_not_found"", ""7vaaA: pocket_occupied"", ""7vaaB: chain_not_found"", ""8xfwA: pocket_occupied"", ""8xfwB: chain_not_found""]"
7vqb,A,FPP,,,,,,,,all_candidates_pocket_occupied,8,"[""7vqaA: pocket_occupied"", ""7vqaB: chain_not_found"", ""7vq9A: pocket_occupied"", ""7vq9B: chain_not_found"", ""7vqdA: pocket_occupied"", ""7vqdB: chain_not_found"", ""7vqcA: pocket_occupied"", ""7vqcB: chain_not_found""]"
7vw6,B,SF4,,,,,,,,all_candidates_pocket_occupied,3,"[""8j83B: pocket_occupied"", ""7xqwB: pocket_occupied"", ""7e5zB: pocket_occupied""]"
7vx0,B,ATP,7vyo,A,A,2.25,0.42385100083485355,/home/iscb/wolfson/hagairavid/LocAlign/datasets/apo_structures/ATP/apoeb7baac587.pdb,apoeb7baac587,found,7,"[""7vyjA: pocket_occupied"", ""7vyjB: chain_not_found"", ""7vznA: pocket_occupied"", ""7vznB: chain_not_found"", ""7vzqA: pocket_occupied"", ""7vzqB: chain_not_found""]"
7vx0,B,FE,7vyo,A,A,2.25,0.42385100083485355,/home/iscb/wolfson/hagairavid/LocAlign/datasets/apo_structures/FE/apoeb7baac587.pdb,apoeb7baac587,found,7,"[""7vyjA: pocket_occupied"", ""7vyjB: chain_not_found"", ""7vznA: pocket_occupied"", ""7vznB: chain_not_found"", ""7vzqA: pocket_occupied"", ""7vzqB: chain_not_found""]"
7vzg,C,HEC,,,,,,,,all_candidates_pocket_occupied,1,"[""7vzrC: pocket_occupied""]"
7w5n,A,NDP,7w5l,A,A,2.5,1.697955697290544,/home/iscb/wolfson/hagairavid/LocAlign/datasets/apo_structures/NDP/apof747a224a1.pdb,apof747a224a1,found,5,"[""7w5kA: pocket_occupied"", ""7w5kB: chain_not_found"", ""7w5kC: chain_not_found"", ""7w5kD: chain_not_found""]"
7w6b,A,CA,,,,,,,,no_candidate_passed_prefilter,0,[]
7w81,A,HEM,7xld,A,A,1.65,0.8357873519367065,/home/iscb/wolfson/hagairavid/LocAlign/datasets/apo_structures/HEM/apo8e6fd63671.pdb,apo8e6fd63671,found,1,[]
7wdt,A,CA,6z14,A,JJJ,1.67,1.1739095364020675,/home/iscb/wolfson/hagairavid/LocAlign/datasets/apo_structures/CA/apo1f7b5dc841.pdb,apo1f7b5dc841,found,1,[]
7wex,A,GOL,,,,,,,,no_candidate_passed_prefilter,0,[]
7wex,A,HEM,,,,,,,,no_candidate_passed_prefilter,0,[]
7wmk,A,PQQ,7wmd,A,A,2.0,0.5637572030872383,/home/iscb/wolfson/hagairavid/LocAlign/datasets/apo_structures/PQQ/apo6ec54966a0.pdb,apo6ec54966a0,found,2,"[""9m2jA: pocket_occupied""]"
7wmz,C,NAI,7wmw,A,A,2.053,0.9601355081358055,/home/iscb/wolfson/hagairavid/LocAlign/datasets/apo_structures/NAI/apo172e797b27.pdb,apo172e797b27,found,1,[]
7wrg,A,ADP,,,,,,,,no_candidate_passed_prefilter,0,[]
7wrg,B,ADP,,,,,,,,no_candidate_passed_prefilter,0,[]
7x0f,C,PNS,7x0e,A,A,2.1,0.4890344877096012,/home/iscb/wolfson/hagairavid/LocAlign/datasets/apo_structures/PNS/apo36a4b7f8ef.pdb,apo36a4b7f8ef,found,1,[]
7x0h,A,BGC,7x0g,A,A,2.1,3.0371402067672126,/home/iscb/wolfson/hagairavid/LocAlign/datasets/apo_structures/BGC/apoed536cc502.pdb,apoed536cc502,found,1,[]
7x20,A,ALF,8ijm,A,A,3.13,5.835391693317038,/home/iscb/wolfson/hagairavid/LocAlign/datasets/apo_structures/ALF/apo7690fe221f.pdb,apo7690fe221f,found,4,"[""8ijlA: pocket_occupied"", ""7x21A: pocket_occupied"", ""7x22A: pocket_occupied""]"
7x4n,E,ANP,,,,,,,,no_candidate_passed_prefilter,0,[]
7x4n,E,MG,,,,,,,,no_candidate_passed_prefilter,0,[]
7xf0,C,ATP,7xex,A,A,3.0,0.6065737123694195,/home/iscb/wolfson/hagairavid/LocAlign/datasets/apo_structures/ATP/apoea7fb5a6df.pdb,apoea7fb5a6df,found,1,[]
7xkd,R,AND,7wuq,A,R,2.9,1.395646889574218,/home/iscb/wolfson/hagairavid/LocAlign/datasets/apo_structures/AND/apoc964a91256.pdb,apoc964a91256,found,4,"[""7xkfR: pocket_occupied"", ""7xkeR: pocket_occupied"", ""8ykdR: pocket_occupied""]"
7xre,C,NAD,,,,,,,,all_candidates_pocket_occupied,6,"[""7xr9A: pocket_occupied"", ""7xr9B: chain_not_found"", ""7xr9C: chain_not_found"", ""7xr9D: chain_not_found"", ""7xr9E: chain_not_found"", ""7xr9F: chain_not_found""]"
7xrx,A,CA,,,,,,,,no_candidate_passed_prefilter,0,[]
7y55,A,GSH,,,,,,,,no_candidate_passed_prefilter,0,[]
7ym0,A,CA,7ymq,A,A,2.29,0.3419065965506483,/home/iscb/wolfson/hagairavid/LocAlign/datasets/apo_structures/CA/apo061df9bae9.pdb,apo061df9bae9,found,1,[]
7z0s,G,SF4,,,,,,,,all_candidates_pocket_occupied,1,"[""7z0tG: chain_not_found""]"
7z7s,B,SF4,9tak,A,B,2.8,1.468351490954722,/home/iscb/wolfson/hagairavid/LocAlign/datasets/apo_structures/SF4/apoee35b1a84b.pdb,apoee35b1a84b,found,12,"[""7nz1B: chain_not_found"", ""7z7vB: chain_not_found"", ""9q8iB: chain_not_found"", ""7p7cB: chain_not_found"", ""7p64B: chain_not_found"", ""9tanB: chain_not_found"", ""9talB: chain_not_found"", ""7zciB: chain_not_found"", ""7p7eB: chain_not_found"", ""7p7jB: chain_not_found"", ""7awtB: chain_not_found""]"
7zer,A,UDP,,,,,,,,all_candidates_pocket_occupied,1,"[""7zf0A: pocket_occupied""]"
7zgm,A,CA,,,,,,,,no_candidate_passed_prefilter,0,[]
7zgz,X,XYP,7zeq,A,X,1.89,0.4851428316500452,/home/iscb/wolfson/hagairavid/LocAlign/datasets/apo_structures/XYP/apoea155d49a4.pdb,apoea155d49a4,found,7,"[""7zdyW: pocket_occupied"", ""7zdyY: chain_not_found"", ""7zb3A: pocket_occupied"", ""7zb3B: chain_not_found"", ""8c7fA: pocket_occupied"", ""8c7fB: chain_not_found""]"
8a1r,A,FAD,,,,,,,,all_candidates_pocket_occupied,72,"[""8pddA: pocket_occupied"", ""8pddB: chain_not_found"", ""8plhA: pocket_occupied"", ""8pl3A: pocket_occupied"", ""8pl3B: chain_not_found"", ""8plaA: pocket_occupied"", ""8plaB: chain_not_found"", ""8pl0A: pocket_occupied"", ""8pl0B: chain_not_found"", ""8ploA: pocket_occupied"", ""8ploB: chain_not_found"", ""8plgA: pocket_occupied"", ""8pl7A: pocket_occupied"", ""8pl7B: chain_not_found"", ""8plxA: pocket_occupied"", ""8plxB: chain_not_found"", ""8plwA: pocket_occupied"", ""8plwB: chain_not_found"", ""6ftcA: pocket_occupied"", ""8plsA: pocket_occupied"", ""8plsB: chain_not_found"", ""8pl6A: pocket_occupied"", ""8plkA: pocket_occupied"", ""8plkB: chain_not_found"", ""8pldA: pocket_occupied"", ""8pldB: chain_not_found"", ""8pllA: pocket_occupied"", ""8pl2A: pocket_occupied"", ""8pl2B: chain_not_found"", ""2x8gA: pocket_occupied"", ""2x8hA: pocket_occupied"", ""8pleA: pocket_occupied"", ""8pleB: chain_not_found"", ""8plfA: pocket_occupied"", ""8plfB: chain_not_found"", ""8plmA: pocket_occupied"", ""8pl4A: pocket_occupied"", ""8pl4B: chain_not_found"", ""8pl9A: pocket_occupied"", ""8pl9B: chain_not_found"", ""8plbA: pocket_occupied"", ""8plbB: chain_not_found"", ""8pluA: pocket_occupied"", ""8pluB: chain_not_found"", ""8pl5A: pocket_occupied"", ""8pl5B: chain_not_found"", ""8pljA: pocket_occupied"", ""8pljB: chain_not_found"", ""2v6oA: pocket_occupied"", ""8plpA: pocket_occupied"", ""8plpB: chain_not_found"", ""8plqA: pocket_occupied"", ""8plqB: chain_not_found"", ""2x99A: pocket_occupied"", ""8pliA: pocket_occupied"", ""8pliB: chain_not_found"", ""8pltA: pocket_occupied"", ""8pltB: chain_not_found"", ""8plcA: pocket_occupied"", ""8plcB: chain_not_found"", ""8pl8A: pocket_occupied"", ""8plyA: pocket_occupied"", ""8plyB: chain_not_found"", ""8plvA: pocket_occupied"", ""8plvB: chain_not_found"", ""6fp4A: pocket_occupied"", ""3h4kA: pocket_occupied"", ""8plrA: pocket_occupied"", ""8plrB: chain_not_found"", ""8plnA: pocket_occupied"", ""2x8cA: pocket_occupied"", ""2x8cB: chain_not_found""]"
8a25,A,BU3,8a24,A,A,2.36,0.26527596046026974,/home/iscb/wolfson/hagairavid/LocAlign/datasets/apo_structures/BU3/apo383dde2faf.pdb,apo383dde2faf,found,2,"[""8a26A: pocket_occupied""]"
8a3v,A,ADP,7qxm,A,A,3.8,3.886940914425652,/home/iscb/wolfson/hagairavid/LocAlign/datasets/apo_structures/ADP/apob754340d0d.pdb,apob754340d0d,found,1,[]
8a3v,A,MG,7qxm,A,A,3.8,3.886940914425652,/home/iscb/wolfson/hagairavid/LocAlign/datasets/apo_structures/MG/apob754340d0d.pdb,apob754340d0d,found,1,[]
8a8o,A,CA,,,,,,,,no_candidate_passed_prefilter,0,[]
8ab3,A,NAI,8ab2,A,A,2.1,2.770901828232374,/home/iscb/wolfson/hagairavid/LocAlign/datasets/apo_structures/NAI/apo2e856286db.pdb,apo2e856286db,found,1,[]
8amq,A,HEM,,,,,,,,all_candidates_pocket_occupied,2,"[""8amoA: pocket_occupied"", ""8cknA: pocket_occupied""]"
8amz,H,ATP,,,,,,,,no_candidate_passed_prefilter,0,[]
8avl,A,FE,8avm,A,A,2.0,0.3330340359097132,/home/iscb/wolfson/hagairavid/LocAlign/datasets/apo_structures/FE/apoa97fe99429.pdb,apoa97fe99429,found,1,[]
8axs,A,CA,8axi,A,A,1.25,0.09587792507937959,/home/iscb/wolfson/hagairavid/LocAlign/datasets/apo_structures/CA/apo304842bce3.pdb,apo304842bce3,found,1,[]
8b9z,B,SF4,,,,,,,,all_candidates_pocket_occupied,3,"[""8eswS7: pocket_occupied"", ""8eszS7: pocket_occupied"", ""8ba0B: pocket_occupied""]"
8b9z,F,SF4,,,,,,,,all_candidates_pocket_occupied,3,"[""8eswV1: pocket_occupied"", ""8eszV1: pocket_occupied"", ""8ba0F: pocket_occupied""]"
8b9z,P,NDP,,,,,,,,all_candidates_pocket_occupied,3,"[""8eswA9: pocket_occupied"", ""8eszA9: pocket_occupied"", ""8ba0P: pocket_occupied""]"
8bad,B,CA,,,,,,,,no_candidate_passed_prefilter,0,[]
8bau,A,AR6,,,,,,,,no_candidate_passed_prefilter,0,[]
8bs3,A,AYE,,,,,,,,all_candidates_pocket_occupied,2,"[""8bs9A: pocket_occupied"", ""8bs9C: chain_not_found""]"
8cmy,C,CAP,7zc1,A,A,3.8,1.1462215319976208,/home/iscb/wolfson/hagairavid/LocAlign/datasets/apo_structures/CAP/apo7093949971.pdb,apo7093949971,found,9,"[""7yyoA: pocket_occupied"", ""7yyoC: chain_not_found"", ""7yyoE: chain_not_found"", ""7yyoG: chain_not_found"", ""7yyoI: chain_not_found"", ""7yyoK: chain_not_found"", ""7yyoM: chain_not_found"", ""7yyoO: chain_not_found""]"
8cnr,A,SF4,,,,,,,,all_candidates_pocket_occupied,1,"[""8cnsA: pocket_occupied""]"
8cqx,A,ADP,,,,,,,,no_uniprot_mapping,0,[]
8cqx,A,MG,,,,,,,,no_uniprot_mapping,0,[]
8ct0,H,NAI,,,,,,,,no_candidate_passed_prefilter,0,[]
8d3l,I,SF4,,,,,,,,no_uniprot_mapping,0,[]
8djr,A,HEM,,,,,,,,all_candidates_pocket_occupied,5,"[""8djtA: pocket_occupied"", ""8djsA: pocket_occupied"", ""8djxA: pocket_occupied"", ""8djuA: pocket_occupied"", ""8djwA: pocket_occupied""]"
8dkt,A,GDP,,,,,,,,no_candidate_passed_prefilter,0,[]
8e9g,B,SF4,,,,,,,,all_candidates_pocket_occupied,2,"[""8e9hB: pocket_occupied"", ""8e9iB: pocket_occupied""]"
8e9h,F,FMN,,,,,,,,all_candidates_pocket_occupied,2,"[""8e9gF: pocket_occupied"", ""8e9iF: pocket_occupied""]"
8e9h,F,SF4,,,,,,,,all_candidates_pocket_occupied,2,"[""8e9gF: pocket_occupied"", ""8e9iF: pocket_occupied""]"
8e9h,F,ZN,8e9g,A,F,2.6,0.2604257984947895,/home/iscb/wolfson/hagairavid/LocAlign/datasets/apo_structures/ZN/apofc7258d0ff.pdb,apofc7258d0ff,found,1,[]
8ed4,I,HEM,,,,,,,,no_candidate_passed_prefilter,0,[]
8ep4,A,CA,8ew1,A,A,1.8,0.13688217027643268,/home/iscb/wolfson/hagairavid/LocAlign/datasets/apo_structures/CA/apoa01115b0f1.pdb,apoa01115b0f1,found,1,[]
8evb,B,PCG,7rhs,A,A,2.93,2.1893821710648482,/home/iscb/wolfson/hagairavid/LocAlign/datasets/apo_structures/PCG/apo52f4408300.pdb,apo52f4408300,found,1,[]
8ez4,C,CO3,,,,,,,,all_candidates_pocket_occupied,192,"[""3kr4A: pocket_occupied"", ""3kr4B: chain_not_found"", ""3kr4C: chain_not_found"", ""3kr4D: chain_not_found"", ""3kr4E: chain_not_found"", ""3kr4F: chain_not_found"", ""3kr4G: chain_not_found"", ""3kr4H: chain_not_found"", ""3kr4I: chain_not_found"", ""3kr4J: chain_not_found"", ""3kr4K: chain_not_found"", ""3kr4L: chain_not_found"", ""3t8wA: pocket_occupied"", ""3t8wB: chain_not_found"", ""3t8wC: chain_not_found"", ""3t8wD: chain_not_found"", ""3t8wE: chain_not_found"", ""3t8wF: chain_not_found"", ""3t8wG: chain_not_found"", ""3t8wH: chain_not_found"", ""3t8wI: chain_not_found"", ""3t8wJ: chain_not_found"", ""3t8wK: chain_not_found"", ""3t8wL: chain_not_found"", ""4k3nA: pocket_occupied"", ""4k3nB: chain_not_found"", ""4k3nC: chain_not_found"", ""4k3nD: chain_not_found"", ""4k3nE: chain_not_found"", ""4k3nF: chain_not_found"", ""4k3nG: chain_not_found"", ""4k3nH: chain_not_found"", ""4k3nI: chain_not_found"", ""4k3nJ: chain_not_found"", ""4k3nK: chain_not_found"", ""4k3nL: chain_not_found"", ""3kqxA: pocket_occupied"", ""3kqxB: chain_not_found"", ""3kqxC: chain_not_found"", ""3kqxD: chain_not_found"", ""3kqxE: chain_not_found"", ""3kqxF: chain_not_found"", ""3kqxG: chain_not_found"", ""3kqxH: chain_not_found"", ""3kqxI: chain_not_found"", ""3kqxJ: chain_not_found"", ""3kqxK: chain_not_found"", ""3kqxL: chain_not_found"", ""7srvA: pocket_occupied"", ""7srvB: chain_not_found"", ""7srvC: chain_not_found"", ""7srvD: chain_not_found"", ""7srvE: chain_not_found"", ""7srvF: chain_not_found"", ""8svmA: pocket_occupied"", ""8svmB: chain_not_found"", ""8svmC: chain_not_found"", ""8svmD: chain_not_found"", ""8svmE: chain_not_found"", ""8svmF: chain_not_found"", ""8svmG: chain_not_found"", ""8svmH: chain_not_found"", ""8svmI: chain_not_found"", ""8svmJ: chain_not_found"", ""8svmK: chain_not_found"", ""8svmL: chain_not_found"", ""7t3vA: pocket_occupied"", ""7t3vB: chain_not_found"", ""7t3vC: chain_not_found"", ""7t3vD: chain_not_found"", ""7t3vE: chain_not_found"", ""7t3vF: chain_not_found"", ""9yc0A: pocket_occupied"", ""9yc0B: chain_not_found"", ""9yc0C: chain_not_found"", ""9yc0D: chain_not_found"", ""9yc0E: chain_not_found"", ""9yc0F: chain_not_found"", ""9yc0G: chain_not_found"", ""9yc0H: chain_not_found"", ""9yc0I: chain_not_found"", ""9yc0J: chain_not_found"", ""9yc0K: chain_not_found"", ""9yc0L: chain_not_found"", ""9yc7A: pocket_occupied"", ""9yc7B: chain_not_found"", ""9yc7C: chain_not_found"", ""9yc7D: chain_not_found"", ""9yc7E: chain_not_found"", ""9yc7F: chain_not_found"", ""9yc7G: chain_not_found"", ""9yc7H: chain_not_found"", ""9yc7I: chain_not_found"", ""9yc7J: chain_not_found"", ""9yc7K: chain_not_found"", ""9yc7L: chain_not_found"", ""3kqzA: pocket_occupied"", ""3kqzB: chain_not_found"", ""3kqzC: chain_not_found"", ""3kqzD: chain_not_found"", ""3kqzE: chain_not_found"", ""3kqzF: chain_not_found"", ""3kqzG: chain_not_found"", ""3kqzH: chain_not_found"", ""3kqzI: chain_not_found"", ""3kqzJ: chain_not_found"", ""3kqzK: chain_not_found"", ""3kqzL: chain_not_found"", ""7rieA: pocket_occupied"", ""7rieB: chain_not_found"", ""7rieC: chain_not_found"", ""7rieD: chain_not_found"", ""7rieE: chain_not_found"", ""7rieF: chain_not_found"", ""7rieG: chain_not_found"", ""7rieH: chain_not_found"", ""7rieI: chain_not_found"", ""7rieJ: chain_not_found"", ""7rieK: chain_not_found"", ""7rieL: chain_not_found"", ""4r76A: pocket_occupied"", ""4r76B: chain_not_found"", ""4r76C: chain_not_found"", ""4r76D: chain_not_found"", ""4r76E: chain_not_found"", ""4r76F: chain_not_found"", ""4r76G: chain_not_found"", ""4r76H: chain_not_found"", ""4r76I: chain_not_found"", ""4r76J: chain_not_found"", ""4r76K: chain_not_found"", ""4r76L: chain_not_found"", ""3kr5A: pocket_occupied"", ""3kr5B: chain_not_found"", ""3kr5C: chain_not_found"", ""3kr5D: chain_not_found"", ""3kr5E: chain_not_found"", ""3kr5F: chain_not_found"", ""3kr5G: chain_not_found"", ""3kr5H: chain_not_found"", ""3kr5I: chain_not_found"", ""3kr5J: chain_not_found"", ""3kr5K: chain_not_found"", ""3kr5L: chain_not_found"", ""4r6tA: pocket_occupied"", ""4r6tB: chain_not_found"", ""4r6tC: chain_not_found"", ""4r6tD: chain_not_found"", ""4r6tE: chain_not_found"", ""4r6tF: chain_not_found"", ""4r6tG: chain_not_found"", ""4r6tH: chain_not_found"", ""4r6tI: chain_not_found"", ""4r6tJ: chain_not_found"", ""4r6tK: chain_not_found"", ""4r6tL: chain_not_found"", ""8sw9A: pocket_occupied"", ""8sw9B: chain_not_found"", ""8sw9C: chain_not_found"", ""8sw9D: chain_not_found"", ""8sw9E: chain_not_found"", ""8sw9F: chain_not_found"", ""8sw9G: chain_not_found"", ""8sw9H: chain_not_found"", ""8sw9I: chain_not_found"", ""8sw9J: chain_not_found"", ""8sw9K: chain_not_found"", ""8sw9L: chain_not_found"", ""4x2tA: pocket_occupied"", ""4x2tB: chain_not_found"", ""4x2tC: chain_not_found"", ""4x2tD: chain_not_found"", ""4x2tE: chain_not_found"", ""4x2tF: chain_not_found"", ""4x2tG: chain_not_found"", ""4x2tH: chain_not_found"", ""4x2tI: chain_not_found"", ""4x2tJ: chain_not_found"", ""4x2tK: chain_not_found"", ""4x2tL: chain_not_found"", ""4r7mA: pocket_occupied"", ""4r7mB: chain_not_found"", ""4r7mC: chain_not_found"", ""4r7mD: chain_not_found"", ""4r7mE: chain_not_found"", ""4r7mF: chain_not_found"", ""4r7mG: chain_not_found"", ""4r7mH: chain_not_found"", ""4r7mI: chain_not_found"", ""4r7mJ: chain_not_found"", ""4r7mK: chain_not_found"", ""4r7mL: chain_not_found""]"
8fny,A,ADP,7shq,A,A,2.34,1.8289547610422117,/home/iscb/wolfson/hagairavid/LocAlign/datasets/apo_structures/ADP/apoe12bfd702d.pdb,apoe12bfd702d,found,5,"[""8gm4A: pocket_occupied"", ""8gm5A: pocket_occupied"", ""9ocwA: pocket_occupied"", ""9pcqA: pocket_occupied""]"
8g1e,A,ACO,7liw,A,A,2.85,0.4813906690508468,/home/iscb/wolfson/hagairavid/LocAlign/datasets/apo_structures/ACO/apo63599a476b.pdb,apo63599a476b,found,29,"[""7rigA: chain_not_found"", ""7rigB: chain_not_found"", ""7rigC: chain_not_found"", ""7rigD: chain_not_found"", ""8g5cA: chain_not_found"", ""8g5cB: chain_not_found"", ""8g5cC: chain_not_found"", ""8g5cD: chain_not_found"", ""8g1fA: pocket_occupied"", ""8g1fB: chain_not_found"", ""8g1fC: chain_not_found"", ""8g1fD: chain_not_found"", ""8g5dA: pocket_occupied"", ""8g5dB: chain_not_found"", ""8g5dC: chain_not_found"", ""8g5dD: chain_not_found"", ""7rkzA: pocket_occupied"", ""7rkzB: chain_not_found"", ""7rkzC: chain_not_found"", ""7rkzD: chain_not_found"", ""7rmpA: pocket_occupied"", ""7rmpB: chain_not_found"", ""7rmpC: chain_not_found"", ""7rmpD: chain_not_found"", ""6uuwA: pocket_occupied"", ""6uuwB: chain_not_found"", ""6uuwC: chain_not_found"", ""6uuwD: chain_not_found""]"
8g64,A,HEM,,,,,,,,no_candidate_passed_prefilter,0,[]
8g7w,B,NAP,,,,,,,,no_candidate_passed_prefilter,0,[]
8gbj,D,ANP,,,,,,,,all_candidates_pocket_occupied,15,"[""8ouzC: pocket_occupied"", ""8fazD: pocket_occupied"", ""9svyB: pocket_occupied"", ""9q29D: pocket_occupied"", ""9q2aD: pocket_occupied"", ""9svxB: pocket_occupied"", ""9q23D: pocket_occupied"", ""9q28D: pocket_occupied"", ""9zzrD: pocket_occupied"", ""9sw0B: pocket_occupied"", ""9on2D: pocket_occupied"", ""9q2bD: pocket_occupied"", ""9q25D: pocket_occupied"", ""8ouyC: pocket_occupied"", ""9omzD: pocket_occupied""]"
8gk3,L,HEM,,,,,,,,all_candidates_pocket_occupied,2,"[""7mk8A: pocket_occupied"", ""7mk8B: chain_not_found""]"
8gy2,A,PQQ,,,,,,,,all_candidates_pocket_occupied,2,"[""9x0rA: pocket_occupied"", ""9x0qA: pocket_occupied""]"
8gyr,B,CA,,,,,,,,no_candidate_passed_prefilter,0,[]
8h4p,A,BTM,,,,,,,,no_candidate_passed_prefilter,0,[]
8h6u,A,BTM,8h6q,A,A,2.0,1.6560114430142379,/home/iscb/wolfson/hagairavid/LocAlign/datasets/apo_structures/BTM/apod5fdabad00.pdb,apod5fdabad00,found,1,[]
8h6u,A,POP,8h6q,A,A,2.0,1.6560114430142379,/home/iscb/wolfson/hagairavid/LocAlign/datasets/apo_structures/POP/apod5fdabad00.pdb,apod5fdabad00,found,1,[]
8h72,A,BTM,,,,,,,,no_candidate_passed_prefilter,0,[]
8hbh,B,HEM,,,,,,,,all_candidates_pocket_occupied,9,"[""8hbfB: pocket_occupied"", ""8hbeB: pocket_occupied"", ""7d9rB: pocket_occupied"", ""6jt2B: pocket_occupied"", ""7d9uB: pocket_occupied"", ""6jt1B: pocket_occupied"", ""7d9sB: pocket_occupied"", ""6jt0B: pocket_occupied"", ""7d9tB: pocket_occupied""]"
8hh1,D,ATP,9jc1,A,D,2.79,3.4474435486138266,/home/iscb/wolfson/hagairavid/LocAlign/datasets/apo_structures/ATP/apo5ba3e55577.pdb,apo5ba3e55577,found,10,"[""8hh7D: pocket_occupied"", ""8hh7E: chain_not_found"", ""8hh7F: chain_not_found"", ""7xkrD: pocket_occupied"", ""7xkrE: chain_not_found"", ""7xkrF: chain_not_found"", ""8yh8D: pocket_occupied"", ""8yh8E: chain_not_found"", ""8yh8F: chain_not_found""]"
8jya,B,IPE,8jyf,A,A,1.8,0.27980763558091004,/home/iscb/wolfson/hagairavid/LocAlign/datasets/apo_structures/IPE/apo76b71509fd.pdb,apo76b71509fd,found,3,"[""9ln2A: pocket_occupied"", ""9ln2B: chain_not_found""]"
8oqx,A,ACP,,,,,,,,all_candidates_pocket_occupied,10,"[""8oqwA: pocket_occupied"", ""8oqwB: chain_not_found"", ""8oqwC: chain_not_found"", ""8oqwD: chain_not_found"", ""8ow9A: pocket_occupied"", ""8ow9B: chain_not_found"", ""8ow9C: chain_not_found"", ""8ow9D: chain_not_found"", ""8ow9E: chain_not_found"", ""8ow9F: chain_not_found""]"
8ow7,A,AMU,8oqk,A,A,2.0,1.5959292238806806,/home/iscb/wolfson/hagairavid/LocAlign/datasets/apo_structures/AMU/apo33086c4441.pdb,apo33086c4441,found,1,[]
8p2b,A,FMN,,,,,,,,no_uniprot_mapping,0,[]
8pm1,A,FMN,,,,,,,,all_candidates_pocket_occupied,38,"[""6rhfA: pocket_occupied"", ""6rhfB: chain_not_found"", ""6ywhA: pocket_occupied"", ""6ywhB: chain_not_found"", ""6ywiA: pocket_occupied"", ""6ywiB: chain_not_found"", ""6rhgA: pocket_occupied"", ""6rhgB: chain_not_found"", ""6ywqA: pocket_occupied"", ""6ywqB: chain_not_found"", ""9u5nA: pocket_occupied"", ""9u5nB: chain_not_found"", ""6yx4A: pocket_occupied"", ""6yx4B: chain_not_found"", ""8pkyA: pocket_occupied"", ""8pkyB: chain_not_found"", ""6ywgA: pocket_occupied"", ""6ywgB: chain_not_found"", ""6ywrA: pocket_occupied"", ""6ywrB: chain_not_found"", ""6yx6A: pocket_occupied"", ""6yx6B: chain_not_found"", ""6yxbA: pocket_occupied"", ""6yxbB: chain_not_found"", ""6yxbC: chain_not_found"", ""6yxbD: chain_not_found"", ""6y7rA: pocket_occupied"", ""6y7rB: chain_not_found"", ""6y7uA: pocket_occupied"", ""6y7uB: chain_not_found"", ""6yxcA: pocket_occupied"", ""6yxcB: chain_not_found"", ""9u5vA: pocket_occupied"", ""9u5vB: chain_not_found"", ""7ab7A: pocket_occupied"", ""7ab7B: chain_not_found"", ""7ab6A: pocket_occupied"", ""7ab6B: chain_not_found""]"
8skf,A,CA,8u9b,A,A,1.9,0.35851621315120574,/home/iscb/wolfson/hagairavid/LocAlign/datasets/apo_structures/CA/apo14d8a71752.pdb,apo14d8a71752,found,1,[]
8st9,C,AYE,3nb2,A,A,2.1,1.5911700043354824,/home/iscb/wolfson/hagairavid/LocAlign/datasets/apo_structures/AYE/apof8eb140bc8.pdb,apof8eb140bc8,found,1,[]
8thm,B,RUB,,,,,,,,no_uniprot_mapping,0,[]
9rub,A,RUB,1rba,A,A,2.6,0.917246376342364,/home/iscb/wolfson/hagairavid/LocAlign/datasets/apo_structures/RUB/apoa7fcc1a69f.pdb,apoa7fcc1a69f,found,9,"[""5rubA: chain_not_found"", ""5rubB: chain_not_found"", ""5hqmA: pocket_occupied"", ""5hqmA: chain_not_found"", ""5hqmB: chain_not_found"", ""5hqmB: chain_not_found"", ""2rusA: pocket_occupied"", ""2rusB: chain_not_found""]"
