Unnamed: 0,ligand_id,tar_protein,tar_chain,src_protein,src_chain,cath_degree,src_ligand_n_atoms,tar_ligand_n_atoms,src_ligand,tar_ligand,ligand_rmsd,embedding_similarity,corr_rmsd,entropy,atom_type_fraction,radius_of_gyration,experiment,success_ligand_rmsd<1,success_ligand_rmsd<2,success_ligand_rmsd<4
0,HEM,apo4e63ebcfcd,A,apo5823cc418b,A,0,[43],[43],HEM,HEM,5.824271202087402,2.109166145324707,1.4798043966293335,0.689551055431366,0.918035089969635,1.3166399002075195,apo_apo,False,False,False
1,K,apo8711722b82,A,apob2881074d9,A,0,[1],[1],K,K,3.770299673080444,1.8707633018493648,1.4989638328552246,0.6981751918792725,0.7955088019371033,1.2619400024414062,apo_apo,False,False,True
2,TYD,apoa6cedd5e6c,A,apoe9a08fdd69,A,0,[25],[25],TYD,TYD,6.236996650695801,2.0929970741271973,1.565414309501648,0.7023957967758179,0.8478909730911255,1.161939024925232,apo_apo,False,False,False
3,CA,apoecb5e337e5,A,apo1b60791aa4,A,0,[1],[1],CA,CA,7.4405694007873535,2.369677782058716,1.528972864151001,0.73626309633255,0.9259077310562134,1.11521315574646,apo_apo,False,False,False
4,GST,apo5d38d709ef,A,apo35213b46ab,A,0,[19],[19],GST,GST,6.242700576782227,2.124882459640503,1.3896807432174685,0.5810834765434265,0.9540667533874512,1.399751901626587,apo_apo,False,False,False
5,CA,apocadb7c2579,A,apo503f36beee,A,0,[1],[1],CA,CA,5.533512115478516,2.49367356300354,1.6795960664749146,0.747645914554596,0.6354047060012817,1.056525468826294,apo_apo,False,False,False
6,PC,apo65f5d6f793,A,apo5c5bfeb367,A,0,[11],[11],PC,PC,8.673537254333496,1.6049456596374512,1.4205650091171265,0.6568312048912048,0.5481204986572266,1.0698792934417725,apo_apo,False,False,False
7,CA,apo04186af2ae,A,apo59407ed774,A,0,[1],[1],CA,CA,7.176158905029297,2.256927013397217,1.3839061260223389,0.7079389095306396,0.4629685282707214,1.3788295984268188,apo_apo,False,False,False
8,8AC,apob05a3e8d18,A,apo17e36f8dd7,A,0,[11],[11],8AC,8AC,6.443179607391357,2.232083320617676,1.527622103691101,0.704504668712616,0.9043845534324646,1.3216840028762815,apo_apo,False,False,False
9,CA,apob0245a33ae,A,apo1625ada5d0,A,0,[1],[1],CA,CA,6.308434009552002,2.4494569301605225,1.5810226202011108,0.6678545475006104,0.7463971972465515,0.8881675601005554,apo_apo,False,False,False
10,AND,apo61699997d9,A,apoc964a91256,A,0,[21],[21],AND,AND,5.844868183135986,2.15736722946167,1.4082422256469729,0.7420051693916321,0.92989182472229,0.990834891796112,apo_apo,False,False,False
11,CA,apoa9552e4c16,A,apo815c8f095d,A,0,[1],[1],CA,CA,7.770087242126465,2.178946018218994,1.56451678276062,0.7359986305236816,0.9431096315383912,1.1207941770553589,apo_apo,False,False,False
12,SIA,apof988af7c38,A,apo853b93903a,A,0,[21],[21],SIA,SIA,7.715936660766602,2.376438856124878,1.582716464996338,0.5348479747772217,0.9315349459648132,2.8278684616088867,apo_apo,False,False,False
13,IPE,apof80eee5ece,A,apo76b71509fd,A,0,[14],[14],IPE,IPE,7.063727855682373,2.548499822616577,1.6249024868011477,0.6811897158622742,0.6644093990325928,1.3401988744735718,apo_apo,False,False,False
14,IPE,apoba69899eaa,A,apo76b71509fd,A,0,[14],[14],IPE,IPE,6.008192539215088,2.229983329772949,1.6392874717712402,0.7143787741661072,0.8151822686195374,1.290692687034607,apo_apo,False,False,False
15,CA,apoeab59ce7a3,A,apodb380f2596,A,0,[1],[1],CA,CA,8.13076114654541,1.669891357421875,1.4756138324737549,0.6489879488945007,0.9267219305038452,1.0395773649215698,apo_apo,False,False,False
16,TTP,apo95216f807b,A,apob9237ccc51,A,0,[29],[29],TTP,TTP,5.411694049835205,2.480790138244629,1.433828353881836,0.6645015478134155,0.8267517685890198,1.220375895500183,apo_apo,False,False,False
17,K,apo5634e23ee1,A,apob2881074d9,A,0,[1],[1],K,K,6.358875751495361,1.9741525650024412,1.4926918745040894,0.7229543924331665,0.9335829615592957,1.23102867603302,apo_apo,False,False,False
18,CA,apo7a08484515,A,apoa93b040613,A,0,[1],[1],CA,CA,7.9802985191345215,1.9022457599639893,1.491590976715088,0.6002534627914429,0.6548077464103699,1.1449308395385742,apo_apo,False,False,False
19,M6P,apoc2bc90b024,A,apoba014d106c,A,0,[16],[16],M6P,M6P,8.043915748596191,1.5661251544952393,1.4931663274765017,0.5112048983573914,0.954120397567749,1.027171611785889,apo_apo,False,False,False
20,PC,apo65f5d6f793,A,apo6142d24d09,A,0,[11],[11],PC,PC,8.677533149719238,1.6226892471313477,1.496212363243103,0.6444329619407654,0.5088315010070801,1.1981816291809082,apo_apo,False,False,False
21,CA,apoaefadbf3fd,A,apo65abf4c256,A,0,[1],[1],CA,CA,8.24736213684082,2.221753597259521,1.4578858613967896,0.601283848285675,0.9537785649299622,1.4463412761688232,apo_apo,False,False,False
22,CA,apoeab59ce7a3,A,apo5cc8e075e4,A,0,[1],[1],CA,CA,8.24382209777832,2.145939350128174,1.573960542678833,0.6937530636787415,0.8597195744514465,1.3727575540542605,apo_apo,False,False,False
23,SAM,apo865b191f3d,A,apo89e4b80ffd,A,0,[27],[27],SAM,SAM,2.560091972351074,3.2196602821350098,1.4637128114700315,0.7348263263702393,0.8892693519592285,1.0567967891693115,apo_apo,False,False,True
24,LDP,apo00dc35d023,A,apo763b5b9130,A,0,[11],[11],LDP,LDP,4.500351905822754,2.340705633163452,1.6248834133148191,0.6718740463256836,0.5957772135734558,1.091916561126709,apo_apo,False,False,False
25,GOA,apo513d86a1e9,A,apod4db826ba9,A,0,[5],[5],GOA,GOA,4.476441383361816,2.1692655086517334,1.6651792526245115,0.7324126362800598,0.751990556716919,1.139623999595642,apo_apo,False,False,False
26,CA,apo611246f80b,A,apo1b60791aa4,A,0,[1],[1],CA,CA,8.006019592285156,2.519752264022827,1.6407005786895752,0.7188794016838074,0.8545433878898621,1.1905707120895386,apo_apo,False,False,False
27,HJX,apof3d7244594,A,apo4d69c18b84,A,0,[25],[25],HJX,HJX,3.183399200439453,2.421652317047119,1.8016724586486816,0.7137410044670105,0.7249783873558044,1.4233155250549316,apo_apo,False,False,True
28,CA,apo55530f17d8,A,apo6bb466ccde,A,0,[1],[1],CA,CA,8.208296775817871,1.9922430515289309,1.5839853286743164,0.7349880337715149,0.801180362701416,1.1087749004364014,apo_apo,False,False,False
29,SAM,apof29fc40d1c,A,apo89e4b80ffd,A,0,[27],[27],SAM,SAM,2.6845126152038574,3.134719133377075,1.4768052101135254,0.7005768418312073,0.8151483535766602,1.122833251953125,apo_apo,False,False,True
30,SAM,apo3edaafd604,A,apo89e4b80ffd,A,0,[27],[27],SAM,SAM,2.640554666519165,3.164738655090332,1.398052453994751,0.7250633239746094,0.8092772364616394,1.0966159105300903,apo_apo,False,False,True
31,RBF,apo489c48cc19,A,apo9e85e46298,A,0,[27],[27],RBF,RBF,5.848184108734131,2.335440158843994,1.5243393182754517,0.6941593289375305,0.910464644432068,1.2134581804275513,apo_apo,False,False,False
32,CA,apo272cbfc249,A,apo5bc1ebc663,A,0,[1],[1],CA,CA,5.721675395965576,2.295098066329956,1.6462137699127195,0.7096508741378784,0.8270725607872009,1.2742713689804075,apo_apo,False,False,False
33,FUL,apo89592d36e4,A,apo9b541a929a,A,0,[10],[11],FUL,FUL,8.660487174987793,2.1999621391296387,1.250194072723389,0.5948944687843323,0.6689037084579468,0.9486997723579408,apo_apo,False,False,False
34,RBF,apo489c48cc19,A,apo5d61b7f6bc,A,0,[27],[27],RBF,RBF,5.750199317932129,2.0929863452911377,1.5624456405639648,0.6408858895301819,0.9337077140808104,1.2559757232666016,apo_apo,False,False,False
35,CA,apoaaff05812f,A,apo94be85d7c5,A,0,[1],[1],CA,CA,3.4890737533569336,2.1886043548583984,1.5323468446731567,0.718494713306427,0.7888590097427368,1.0433077812194824,apo_apo,False,False,True
36,IPE,apof80eee5ece,A,apoba69899eaa,A,0,[14],[14],IPE,IPE,4.06447172164917,2.093818187713623,1.5240646600723269,0.6815531849861145,0.7254440784454346,1.206082105636597,apo_apo,False,False,False
37,SAM,apofd7fa63b48,A,apo05ecfae4e4,A,0,[27],[27],SAM,SAM,7.060276031494141,2.197817802429199,1.6875709295272827,0.7397814989089966,0.7335959672927856,1.0955144166946411,apo_apo,False,False,False
38,DGT,apobdfd5ed6c5,A,apoc4f9eb2339,A,0,[31],[31],DGT,DGT,7.330350399017334,2.4711453914642334,1.471906304359436,0.7333207726478577,0.722222089767456,0.97310209274292,apo_apo,False,False,False
39,RBF,apo9e85e46298,A,apo3272937f0a,A,0,[27],[27],RBF,RBF,5.2487616539001465,2.224824905395508,1.4611269235610962,0.6536353230476379,0.7166792750358582,1.2417421340942385,apo_apo,False,False,False
40,CA,apodbc78138bd,A,apo5bc1ebc663,A,0,[1],[1],CA,CA,7.542975902557373,2.2955474853515625,1.5551109313964844,0.7133275270462036,0.9348437190055848,1.2322851419448853,apo_apo,False,False,False
41,PC,apo1fa22c9d6d,A,apo6142d24d09,A,0,[11],[11],PC,PC,7.239615440368652,2.283377170562744,1.5747514963150024,0.6773772239685059,0.7325688600540161,1.450992465019226,apo_apo,False,False,False
42,CA,apod1879f4c59,A,apoff6aa213a4,A,0,[1],[1],CA,CA,8.423859596252441,2.410131931304932,1.579893708229065,0.6860936880111694,0.9208842515945436,1.1572738885879517,apo_apo,False,False,False
43,CA,apoe5b87a2964,A,apo1f1eadbb5e,A,0,[1],[1],CA,CA,5.935374736785889,2.584275245666504,1.5537344217300415,0.7037343382835388,0.8374589681625366,1.3214240074157717,apo_apo,False,False,False
44,CA,apo9657183e42,A,apo1f2f0c2bd6,A,0,[1],[1],CA,CA,6.118966579437256,2.3290672302246094,1.5964407920837402,0.6748430132865906,0.8135707974433899,1.0847738981246948,apo_apo,False,False,False
45,GOA,apo87ada52d5e,A,apod4db826ba9,A,0,[5],[5],GOA,GOA,1.6938625574111938,1.849494457244873,1.861881136894226,0.7302924394607544,0.678314208984375,0.993736982345581,apo_apo,False,True,True
46,SAM,apo0c4f651c46,A,apo218b3ecdc8,A,0,[27],[27],SAM,SAM,5.742593765258789,2.008181095123291,2.1387343406677246,0.7060382962226868,0.8974736332893372,1.2676197290420532,apo_apo,False,False,False
47,SAM,apofd7fa63b48,A,apoa638c313e9,A,0,[27],[27],SAM,SAM,6.949980735778809,2.655469417572021,1.5207923650741575,0.7115926146507263,0.8201427459716797,1.1041632890701294,apo_apo,False,False,False
48,SAM,apofd7fa63b48,A,apof8638bc184,A,0,[27],[27],SAM,SAM,6.80580472946167,2.575796127319336,1.446073055267334,0.7271173596382141,0.9463987350463868,1.1678426265716553,apo_apo,False,False,False
49,M6P,apoc2bc90b024,A,apo703b2f492b,A,0,[16],[16],M6P,M6P,8.35694694519043,2.33266830444336,1.5693033933639526,0.5470448732376099,0.7631049752235413,1.3077009916305542,apo_apo,False,False,False
50,PC,apo1fa22c9d6d,A,apo5c5bfeb367,A,0,[11],[11],PC,PC,7.092219352722168,2.108934164047241,1.579839110374451,0.6505041718482971,0.9529736638069152,1.6092926263809204,apo_apo,False,False,False
51,SAM,apoe9ca86fe93,A,apo89e4b80ffd,A,0,[27],[27],SAM,SAM,2.411419630050659,3.0873990058898926,1.521112322807312,0.7690732479095459,0.8302583694458008,1.0860193967819214,apo_apo,False,False,True
52,K,apo7398b20969,A,apo559322ca14,A,0,[1],[1],K,K,7.23154354095459,2.3848190307617188,1.578559637069702,0.7653121948242188,0.7990195751190186,1.17759108543396,apo_apo,False,False,False
53,TTP,apo95216f807b,A,apoba6c9a6a3d,A,0,[29],[29],TTP,TTP,4.948848247528076,2.273802757263184,1.5364855527877808,0.7141401767730713,0.5187906622886658,1.2655320167541504,apo_apo,False,False,False
54,CA,apo1db3de77a4,A,apocbfc78a383,A,0,[1],[1],CA,CA,7.369006156921387,2.2885546684265137,1.7123758792877195,0.5798995494842529,0.3211819529533386,0.9320650100708008,apo_apo,False,False,False
55,SAM,apofd7fa63b48,A,apodba9c249dc,A,0,[27],[27],SAM,SAM,6.999621391296387,2.3217852115631104,1.593239426612854,0.7614437341690063,0.7199315428733826,1.0654826164245603,apo_apo,False,False,False
56,IPE,apoba69899eaa,A,apo76b71509fd,A,0,[14],[14],IPE,IPE,6.008195400238037,2.2299838066101074,1.63929283618927,0.7143784165382385,0.8151821494102478,1.290693283081055,apo_apo,False,False,False
57,CA,apodbc78138bd,A,apo80f64848d9,A,0,[1],[1],CA,CA,8.216743469238281,1.928083658218384,1.3934677839279177,0.6192476749420166,0.8796815276145935,1.4654957056045532,apo_apo,False,False,False
58,FDA,apo0e970d49e6,A,apo0e37ab3f3e,A,0,[53],[53],FDA,FDA,4.90535831451416,2.486039638519287,1.5615198612213137,0.6802724003791809,0.8189277052879333,1.2443252801895142,apo_apo,False,False,False
59,GOA,apoa80b2969e4,A,apod4db826ba9,A,0,[5],[5],GOA,GOA,5.900560855865479,2.3067455291748047,1.6257193088531494,0.684329628944397,0.4631138145923614,1.16110360622406,apo_apo,False,False,False
60,DGT,apo837ecb6e97,A,apoc4f9eb2339,A,0,[31],[31],DGT,DGT,7.339789390563965,2.366732597351074,1.7124391794204712,0.6966828107833862,0.8100831508636475,1.0828763246536257,apo_apo,False,False,False
61,PC,apo1014cc4ff4,A,apo5c5bfeb367,A,0,[11],[11],PC,PC,6.726456165313721,2.149488925933838,1.5025873184204102,0.6331884860992432,0.9366313815116882,0.9750232696533204,apo_apo,False,False,False
62,SIA,apodab3a045c8,A,apof988af7c38,A,0,[21],[21],SIA,SIA,9.076324462890623,2.1285977363586426,0.9339410662651062,0.5036038756370544,0.983191192150116,1.4252588748931885,apo_apo,False,False,False
63,CA,apod80d2a9b3a,A,apo810e52ea19,A,0,[1],[1],CA,CA,5.254936218261719,2.807518720626831,1.4731909036636353,0.7511411309242249,0.8893072605133057,1.157932996749878,apo_apo,False,False,False
64,TYD,apoe9a08fdd69,A,apo7b54455720,A,0,[25],[25],TYD,TYD,7.32911205291748,2.19331693649292,1.5942785739898682,0.7114812135696411,0.6830846071243286,1.1348005533218384,apo_apo,False,False,False
65,SAM,apod86559e079,A,apo89e4b80ffd,A,0,[27],[27],SAM,SAM,3.126753330230713,2.6905245780944824,1.5177674293518066,0.7034681439399719,0.860504150390625,1.1660535335540771,apo_apo,False,False,True
66,BU3,apob0d1d6ffe4,A,apo383dde2faf,A,0,[6],[6],BU3,BU3,6.580405235290527,2.5954177379608154,1.6555675268173218,0.6994452476501465,0.8919882774353027,1.3071396350860596,apo_apo,False,False,False
67,CA,apodf827aa445,A,apo3220de4343,A,0,[1],[1],CA,CA,6.448263168334961,2.2852182388305664,1.5592609643936155,0.71158367395401,0.8397269248962402,1.3533103466033936,apo_apo,False,False,False
68,NAI,apo1b33a4a05a,A,apo7b762ca870,A,0,[44],[27],NAI,NAI,6.592475414276123,2.236457586288452,1.6927317380905151,0.688761293888092,0.9171918630599976,1.0961159467697144,apo_apo,False,False,False
69,TYD,apob8d00776c6,A,apoe9a08fdd69,A,0,[25],[25],TYD,TYD,7.1699700355529785,2.228362798690796,1.48551607131958,0.6248875856399536,0.902049958705902,0.955984592437744,apo_apo,False,False,False
70,CA,apob5a9b927cc,A,apo858a2f6cdf,A,0,[1],[1],CA,CA,8.539580345153809,2.219154357910156,1.471695065498352,0.6966382265090942,0.4454222023487091,1.0941656827926636,apo_apo,False,False,False
71,CA,apo60591259c2,A,apo304842bce3,A,0,[1],[1],CA,CA,7.99961519241333,2.074913024902344,1.744286298751831,0.7183184027671814,0.8770120143890381,1.0999956130981443,apo_apo,False,False,False
72,CA,apoc3e7e3ba77,A,apo130901746c,A,0,[1],[1],CA,CA,5.479085445404053,2.2050094604492188,1.5550758838653564,0.6998136043548584,0.5311169624328613,1.096567153930664,apo_apo,False,False,False
73,CA,apo65bc71504e,A,apo42ee28e6c7,A,0,[1],[1],CA,CA,8.417068481445312,2.2861123085021973,1.7167648077011108,0.6828485131263733,0.5847139358520508,1.0260177850723269,apo_apo,False,False,False
74,NAI,apo46e1642176,A,apo7b762ca870,A,0,[44],[44],NAI,NAI,6.163522720336914,2.349492073059082,1.5562947988510132,0.651454508304596,0.8545398712158203,1.3649348020553589,apo_apo,False,False,False
75,RBF,apo5d61b7f6bc,A,apo3272937f0a,A,0,[27],[27],RBF,RBF,5.48688554763794,2.4397201538085938,1.5312092304229736,0.7057260274887085,0.9208592176437378,1.200162410736084,apo_apo,False,False,False
76,NAI,apo46e1642176,A,apo7b762ca870,A,0,[44],[44],NAI,NAI,6.163520812988281,2.3494930267333984,1.55629563331604,0.6514541506767273,0.8545392751693726,1.3649368286132812,apo_apo,False,False,False
77,TYD,apo4d523eb2b1,A,apobdb30dfd1f,A,0,[25],[25],TYD,TYD,4.98270845413208,2.3095531463623047,1.462551236152649,0.7506396174430847,0.6289476156234741,0.9838452935218812,apo_apo,False,False,False
78,NAI,apo7b762ca870,A,apo7dcb3916e0,A,0,[44],[44],NAI,NAI,5.529434680938721,1.7620372772216797,1.6224712133407593,0.7063575983047485,0.8847694396972656,1.2009412050247192,apo_apo,False,False,False
79,CA,apo61ed8a63df,A,apoda72bed2b4,A,0,[1],[1],CA,CA,7.043985843658447,2.188183307647705,1.602692484855652,0.6840846538543701,0.936573326587677,1.1624114513397217,apo_apo,False,False,False
80,CA,apocc276a8f52,A,apo7ddf501435,A,0,[1],[1],CA,CA,8.654936790466309,1.7270746231079102,1.640317440032959,0.7310037016868591,0.872377336025238,1.400340557098389,apo_apo,False,False,False
81,CA,apo3dd5c1bbb8,A,apo42ee28e6c7,A,0,[1],[1],CA,CA,6.661849021911621,2.8767881393432617,1.499001145362854,0.7415941953659058,0.8550634384155273,1.0093687772750854,apo_apo,False,False,False
82,K,apo144c39e067,A,apo559322ca14,A,0,[1],[1],K,K,7.168254852294922,2.165987491607666,1.7304213047027588,0.6912918090820312,0.7189896106719971,1.2411627769470217,apo_apo,False,False,False
83,NAI,apo7b762ca870,A,apo172e797b27,A,0,[44],[44],NAI,NAI,7.155553340911865,2.1622464656829834,1.7680236101150513,0.6438825726509094,0.7650272846221924,1.403300642967224,apo_apo,False,False,False
84,CA,apo3a080626a0,A,apo9e950711d5,A,0,[1],[1],CA,CA,6.316728591918945,1.887845993041992,1.7226555347442627,0.7014015913009644,0.9571602940559388,1.406213879585266,apo_apo,False,False,False
85,K,apo144c39e067,A,apob2881074d9,A,0,[1],[1],K,K,7.883939743041992,1.6937923431396484,1.6857547760009766,0.6900031566619873,0.908492386341095,1.2282739877700806,apo_apo,False,False,False
86,NAI,apo7d09abd904,A,apo7b762ca870,A,0,[44],[44],NAI,NAI,6.95204496383667,1.6798834800720217,1.5425506830215454,0.6271553039550781,0.8298761248588562,1.348036766052246,apo_apo,False,False,False
87,NAI,apo38e8d09865,A,apo7b762ca870,A,0,[44],[44],NAI,NAI,6.454773426055908,1.937629461288452,1.5602104663848877,0.6398042440414429,0.7859615683555603,1.2513080835342407,apo_apo,False,False,False
88,CA,apob138a767a5,A,apo14bbc9c150,A,0,[1],[1],CA,CA,9.3943452835083,1.5817790031433103,1.6433221101760864,0.644683301448822,0.6860851645469666,1.3735371828079224,apo_apo,False,False,False
89,CA,apoefa4b72f8e,A,apoeb97dbe4bc,A,0,[1],[1],CA,CA,7.497555732727051,2.8688957691192627,1.3899221420288086,0.7520691156387329,0.8753027319908142,1.1661572456359863,apo_apo,False,False,False
90,CA,apofcd089e1cf,A,apocc276a8f52,A,0,[1],[1],CA,CA,7.905005931854248,1.9249138832092283,1.5403456687927246,0.6294722557067871,0.9349769949913024,0.9825566411018372,apo_apo,False,False,False
91,CA,apo8678efc2c6,A,apo45c959d6cb,A,0,[1],[1],CA,CA,5.860280990600586,2.524712085723877,1.508597731590271,0.7278353571891785,0.824721097946167,0.9849796891212464,apo_apo,False,False,False
92,CA,apobbaf3d7632,A,apo1625ada5d0,A,0,[1],[1],CA,CA,7.845942974090576,2.471291303634644,1.6901423931121826,0.7535222172737122,0.8140556812286377,0.9801849126815796,apo_apo,False,False,False
93,K,apo8711722b82,A,apo559322ca14,A,0,[1],[1],K,K,7.045340061187744,2.2056119441986084,1.578682780265808,0.7286606431007385,0.5327661037445068,1.1624934673309326,apo_apo,False,False,False
94,CA,apo9bc56b62c9,A,apo0d650c653e,A,0,[1],[1],CA,CA,8.753544807434082,2.3281478881835938,1.3310617208480835,0.7489101886749268,0.8902148008346558,0.9903587102890016,apo_apo,False,False,False
95,NAI,apo3fdb14322f,A,apo7b762ca870,A,0,[44],[44],NAI,NAI,6.314581394195557,1.977843999862671,1.5966511964797974,0.6362844109535217,0.8855491876602173,1.2121726274490356,apo_apo,False,False,False
96,CA,apob2506f0bab,A,apo839ba0fe05,A,0,[1],[1],CA,CA,7.405406951904297,2.5825419425964355,1.5963656902313232,0.7523612380027771,0.9499231576919556,1.1931800842285156,apo_apo,False,False,False
97,CA,apob9b68ff5cd,A,apo6ce612a48c,A,0,[1],[1],CA,CA,6.904714107513428,2.432879447937012,1.3816795349121094,0.6979603171348572,0.8943619728088379,1.268738031387329,apo_apo,False,False,False
98,CA,apo4a35304363,A,apo07fe470751,A,0,[1],[1],CA,CA,7.538135051727295,2.415790557861328,1.4994367361068726,0.6858595013618469,0.8266186714172363,1.171250581741333,apo_apo,False,False,False
99,CA,apo655bc21a73,A,apo7cf6d3da76,A,0,[1],[1],CA,CA,4.909533500671387,2.53237533569336,1.5858913660049438,0.6891955733299255,0.9662126302719116,1.1988073587417605,apo_apo,False,False,False
100,K,apob2881074d9,A,apo559322ca14,A,0,[1],[1],K,K,7.14224910736084,1.8010904788970947,1.4678372144699097,0.6992601752281189,0.9267076253890992,1.1954835653305054,apo_apo,False,False,False
101,CA,apo1db3de77a4,A,apo55530f17d8,A,0,[1],[1],CA,CA,7.504897594451904,2.372525215148926,1.637109637260437,0.7143426537513733,0.673518180847168,1.0688960552215576,apo_apo,False,False,False
102,PQQ,apof55a791b1b,A,apo2936580b07,A,0,[24],[24],PQQ,PQQ,3.8100736141204834,2.457334041595459,1.5049690008163452,0.7359282970428467,0.6423479318618774,1.1607820987701416,apo_apo,False,False,True
103,K,apo7398b20969,A,apob2881074d9,A,0,[1],[1],K,K,7.072299957275391,2.094282388687134,1.646675705909729,0.7042893767356873,0.8261094093322754,1.2904163599014282,apo_apo,False,False,False
104,K,apo7d447b2b3e,A,apo559322ca14,A,0,[1],[1],K,K,8.099387168884277,1.8837618827819824,1.6123018264770508,0.6749971508979797,0.5415266752243042,1.5836135149002075,apo_apo,False,False,False
105,CA,apo52004af1d3,A,apof613711cdc,A,0,[1],[1],CA,CA,6.084052562713623,2.6730380058288574,1.7158633470535278,0.6922672986984253,0.9535061120986938,1.162217617034912,apo_apo,False,False,False
106,CA,apo7e0df809cd,A,apoc139b12710,A,0,[1],[1],CA,CA,6.801595687866211,2.099100112915039,1.702209234237671,0.7227703928947449,0.8157519698143005,1.2745686769485474,apo_apo,False,False,False
107,CA,apo92079f482f,A,apo0808554265,A,0,[1],[1],CA,CA,7.374172687530518,2.510690450668335,1.4907151460647583,0.6486625671386719,0.919787585735321,1.5191569328308103,apo_apo,False,False,False
108,K,apo5634e23ee1,A,apo559322ca14,A,0,[1],[1],K,K,5.593044757843018,2.324921131134033,1.452935814857483,0.7304974794387817,0.8113686442375183,1.206197738647461,apo_apo,False,False,False
109,TYD,apo3721324a05,A,apoe9a08fdd69,A,0,[25],[25],TYD,TYD,6.296757221221924,2.1706581115722656,1.50411856174469,0.6896712779998779,0.674866259098053,1.1378467082977295,apo_apo,False,False,False
110,TYD,apo4d523eb2b1,A,apo0119d595d5,A,0,[25],[25],TYD,TYD,4.548091888427734,2.428033828735352,1.4994498491287231,0.7493968605995178,0.5940083265304565,1.1659114360809326,apo_apo,False,False,False
111,PC,apo1014cc4ff4,A,apo6142d24d09,A,0,[11],[11],PC,PC,6.902350902557373,2.1615548133850098,1.5417613983154297,0.6727269887924194,0.8839318156242371,1.021219253540039,apo_apo,False,False,False
112,PQQ,apof55a791b1b,A,apo6ec54966a0,A,0,[24],[24],PQQ,PQQ,4.619060039520264,2.175836563110352,1.5428472757339478,0.7557885050773621,0.7984726428985596,1.116857886314392,apo_apo,False,False,False
113,M6P,apoc2bc90b024,A,apo88a64fa370,A,0,[16],[16],M6P,M6P,8.3549222946167,1.6965100765228271,1.5517935752868652,0.5033824443817139,0.8222388029098511,1.9109137058258057,apo_apo,False,False,False
114,SIA,apo0d0b42695c,A,apof988af7c38,A,0,[21],[21],SIA,SIA,9.087642669677734,2.292402744293213,1.5067527294158936,0.5967968702316284,0.7122823596000671,1.9152677059173584,apo_apo,False,False,False
115,DGT,apoc4f9eb2339,A,apo88e22e69c7,A,0,[31],[31],DGT,DGT,7.32856559753418,2.4082047939300537,1.4824076890945437,0.7296470999717712,0.8188045024871826,1.0303291082382202,apo_apo,False,False,False
116,TYD,apo4d523eb2b1,A,apob8d00776c6,A,0,[25],[25],TYD,TYD,4.704211711883545,2.2652907371521,1.6578264236450195,0.6843039989471436,0.7700557708740234,0.960980236530304,apo_apo,False,False,False
117,TYD,apo4d523eb2b1,A,apo3721324a05,A,0,[25],[25],TYD,TYD,5.9901323318481445,2.092690944671631,1.5255926847457886,0.7418943643569946,0.6717149615287781,1.1213252544403076,apo_apo,False,False,False
118,K,apo22b84035b3,A,apo559322ca14,A,0,[1],[1],K,K,6.190504550933838,2.0850651264190674,1.7762922048568726,0.7176368236541748,0.8784566521644592,1.2623196840286257,apo_apo,False,False,False
119,TTP,apo95216f807b,A,apo07a533bd13,A,0,[29],[29],TTP,TTP,5.576205253601074,2.166459083557129,1.622802734375,0.6919293403625488,0.9098657369613647,1.2914984226226809,apo_apo,False,False,False
120,TTP,apodca2890c4d,A,apo95216f807b,A,0,[29],[29],TTP,TTP,8.392041206359863,2.225559711456299,1.5899989604949951,0.7180115580558777,0.8146745562553406,1.0292365550994873,apo_apo,False,False,False
121,TTP,apo1450cb4c8a,A,apo95216f807b,A,0,[29],[29],TTP,TTP,5.057582378387451,2.380656480789185,1.4439090490341189,0.704157292842865,0.6581531167030334,1.2248802185058594,apo_apo,False,False,False
122,K,apob680d44f71,A,apo559322ca14,A,0,[1],[1],K,K,5.147074222564697,1.9859614372253416,1.5529866218566897,0.7337007522583008,0.8618434071540833,1.296463131904602,apo_apo,False,False,False
123,K,apoa91505152f,A,apo559322ca14,A,0,[1],[1],K,K,6.528632164001465,2.1814661026000977,1.52946138381958,0.7290842533111572,0.7766212224960327,1.0025413036346436,apo_apo,False,False,False
124,TYD,apo4d523eb2b1,A,apoa6cedd5e6c,A,0,[25],[25],TYD,TYD,5.837555408477783,2.1997532844543457,1.4771441221237185,0.7648859620094299,0.8049588203430176,1.0226062536239624,apo_apo,False,False,False
125,TYD,apo0119d595d5,A,apoe9a08fdd69,A,0,[25],[25],TYD,TYD,6.26239824295044,2.092152833938598,1.4841361045837402,0.7225551009178162,0.5065017938613892,1.0364892482757568,apo_apo,False,False,False
126,PQQ,apof55a791b1b,A,apodeac7d5194,A,0,[24],[24],PQQ,PQQ,4.551316261291504,2.153817653656006,1.50373375415802,0.7052594423294067,0.902227222919464,1.1760694980621338,apo_apo,False,False,False
127,K,apo22b84035b3,A,apob2881074d9,A,0,[1],[1],K,K,5.7783684730529785,2.0671114921569824,1.3844358921051023,0.6877635717391968,0.8568806648254395,1.2952516078948977,apo_apo,False,False,False
128,SIA,apo214d44df5b,A,apof988af7c38,A,0,[21],[20],SIA,SIA,8.117708206176758,2.475703716278076,1.5474053621292114,0.6907657980918884,0.9889821410179138,1.215414047241211,apo_apo,False,False,False
129,TYD,apo4d523eb2b1,A,apo7b54455720,A,0,[25],[25],TYD,TYD,4.160253524780273,2.6844637393951416,1.529504418373108,0.7790712714195251,0.9409661293029784,0.9510488510131836,apo_apo,False,False,False
130,TYD,apobdb30dfd1f,A,apoe9a08fdd69,A,0,[25],[25],TYD,TYD,6.458125591278076,2.1722936630249023,1.470777153968811,0.6798776984214783,0.8551754355430603,1.1947910785675049,apo_apo,False,False,False
131,SIA,apo23874c7c22,A,apof988af7c38,A,0,[21],[21],SIA,SIA,7.842188358306885,1.9888973236083984,1.4398887157440186,0.5690468549728394,0.9692093133926392,0.9933168292045592,apo_apo,False,False,False
132,SIA,apo7d78760229,A,apof988af7c38,A,0,[21],[21],SIA,SIA,7.845487117767334,2.181239128112793,1.866745352745056,0.6470308303833008,0.6716463565826416,1.139731526374817,apo_apo,False,False,False
133,K,apob680d44f71,A,apob2881074d9,A,0,[1],[1],K,K,6.081921100616455,2.089763641357422,1.5127723217010498,0.7126894593238831,0.8609676957130432,1.176214575767517,apo_apo,False,False,False
134,SIA,apoa45663a7b4,A,apof988af7c38,A,0,[21],[21],SIA,SIA,9.10972785949707,2.1279962062835693,1.4770313501358032,0.6491311192512512,0.6316304206848145,1.7616103887557983,apo_apo,False,False,False
135,SIA,apobf28a42827,A,apof988af7c38,A,0,[21],[21],SIA,SIA,8.719297409057617,1.9214518070220947,1.3093600273132324,0.661252498626709,0.9782633781433104,0.8929824233055115,apo_apo,False,False,False
136,SIA,apof988af7c38,A,apoe05bc91286,A,0,[21],[21],SIA,SIA,7.951179504394531,2.646963834762573,1.4557210206985474,0.6679440140724182,0.982839286327362,1.0182675123214722,apo_apo,False,False,False
137,SAM,apof8f1672997,A,apocc22a7c249,A,1,[27],[27],SAM,SAM,6.0134806632995605,2.11158299446106,1.5778238773345947,0.6501110792160034,0.9473153352737428,1.4551807641983032,apo_apo,False,False,False
138,VN4,apo998bb3ca3f,A,apo9f3cdc96b3,A,1,[4],[4],VN4,VN4,2.825232982635498,2.6113905906677246,1.8476066589355469,0.6894299387931824,0.8722989559173584,1.0761561393737793,apo_apo,False,False,True
139,A2P,apo4aad30e486,A,apod0480cc105,A,1,[27],[27],A2P,A2P,5.278228282928467,2.3905162811279297,1.6563594341278076,0.6311944127082825,0.9802097678184508,1.182238221168518,apo_apo,False,False,False
140,CA,apoa64ace8395,A,apo612999e0b1,A,1,[1],[1],CA,CA,7.328774929046631,2.4453792572021484,1.632673978805542,0.7156237959861755,0.7742608785629272,1.11334228515625,apo_apo,False,False,False
141,TYD,apob8d00776c6,A,apo7b54455720,A,1,[25],[25],TYD,TYD,5.827147960662842,2.5362741947174072,1.4536055326461792,0.7108098864555359,0.868367612361908,1.0709943771362305,apo_apo,False,False,False
142,HEM,apo4d62f4f3c0,A,apo3ec84872c9,A,1,[43],[43],HEM,HEM,5.129289150238037,2.131319522857666,1.7648756504058838,0.6874608993530273,0.9582507014274596,1.4066004753112793,apo_apo,False,False,False
143,A2P,apod0480cc105,A,apo901b527002,A,1,[27],[27],A2P,A2P,2.6293280124664307,3.285891532897949,1.459397554397583,0.7333736419677734,0.8780012726783752,1.0516765117645264,apo_apo,False,False,True
144,NAI,apo306085e7e4,A,apo172e797b27,A,1,[44],[44],NAI,NAI,5.606235027313232,2.067620038986206,1.5139905214309692,0.6596530675888062,0.6792547702789307,1.5927664041519165,apo_apo,False,False,False
145,TYD,apob8d00776c6,A,apobdb30dfd1f,A,1,[25],[25],TYD,TYD,2.6074068546295166,3.1429226398468018,1.3689358234405518,0.7394326329231262,0.5511915683746338,1.0859274864196775,apo_apo,False,False,True
146,NAI,apo1b33a4a05a,A,apo172e797b27,A,1,[44],[27],NAI,NAI,6.298990726470947,2.1982903480529785,1.6278233528137207,0.667913556098938,0.7329235672950745,1.3566402196884155,apo_apo,False,False,False
147,03S,apo38cc8c21fc,A,apo8a7868b822,A,1,[5],[4],03S,03S,6.031556129455566,2.3732476234436035,1.4814826250076294,0.712433934211731,0.9267356395721436,1.2305485010147097,apo_apo,False,False,False
148,COM,apo89e8cc2b73,A,apo3011c05f11,A,1,[7],[7],COM,COM,6.475109577178955,2.170443296432495,1.4186785221099854,0.6902157664299011,0.3969116806983948,1.1690047979354858,apo_apo,False,False,False
149,SKM,apo2c9e3326c4,A,apo57a2683458,A,1,[12],[12],SKM,SKM,4.197640895843506,1.9140596389770508,1.7180445194244385,0.7048419713973999,0.9038583040237428,1.227090835571289,apo_apo,False,False,False
150,CA,apo320296d911,A,apo061df9bae9,A,1,[1],[1],CA,CA,2.7547357082366943,2.9862868785858154,1.530852198600769,0.7468730211257935,0.8298473954200745,1.199447751045227,apo_apo,False,False,True
151,CA,apo5b5675d8a6,A,apodbc78138bd,A,1,[1],[1],CA,CA,7.605405330657959,2.266913652420044,1.396192193031311,0.6591872572898865,0.5961669087409973,1.3046640157699585,apo_apo,False,False,False
152,CA,apo5b5675d8a6,A,apo9309b158a0,A,1,[1],[1],CA,CA,8.25485897064209,2.4152894020080566,1.5319867134094238,0.6692119240760803,0.9837059378623962,1.0376724004745483,apo_apo,False,False,False
153,NAI,apo8a47c39afc,A,apo550ef7e2ba,A,1,[44],[44],NAI,NAI,2.728912591934204,3.1839871406555176,1.435832381248474,0.7210782170295715,0.8960232138633728,1.1526288986206057,apo_apo,False,False,True
154,A2P,apo4aad30e486,A,apo901b527002,A,1,[27],[27],A2P,A2P,5.900915145874023,2.5964999198913574,1.5254977941513062,0.7035046815872192,0.6200705766677856,1.0514776706695557,apo_apo,False,False,False
155,NAI,apo550ef7e2ba,A,apo46e1642176,A,1,[44],[44],NAI,NAI,3.4313957691192627,3.0334582328796387,1.3370665311813354,0.7117597460746765,0.6814056634902954,0.9232373237609864,apo_apo,False,False,True
156,HEM,apod06c7bfc23,A,apo0d07583e35,A,1,[43],[43],HEM,HEM,6.439783096313477,2.667492628097534,1.4305474758148191,0.7060491442680359,0.88885098695755,1.2668367624282837,apo_apo,False,False,False
157,ETA,apodf2f69f393,A,apo6c94d44e06,A,1,[4],[4],ETA,ETA,3.842331647872925,2.746699571609497,1.4492437839508057,0.7806441783905029,0.8091691732406616,1.06153404712677,apo_apo,False,False,True
158,PC,apo1014cc4ff4,A,apof5d78154a5,A,1,[11],[11],PC,PC,8.542118072509766,2.415473937988281,1.5355865955352783,0.695894181728363,0.826429545879364,1.1444134712219238,apo_apo,False,False,False
159,CA,apo033b2f7d4e,A,apo3cbfbe33d1,A,1,[1],[1],CA,CA,8.23454761505127,2.616606473922729,1.4512758255004885,0.7516030669212341,0.8721074461936951,0.9882932305336,apo_apo,False,False,False
160,95E,apo7fa7d22bd8,A,apof8663573c0,A,1,[14],[14],95E,95E,6.119081497192383,1.9419682025909424,1.584215521812439,0.6757793426513672,0.8992382287979126,1.1466926336288452,apo_apo,False,False,False
161,CA,apo6fb42b686e,A,apo94be85d7c5,A,1,[1],[1],CA,CA,3.6130001544952393,2.4655065536499023,1.4438512325286863,0.7096304297447205,0.662875235080719,1.3324074745178225,apo_apo,False,False,True
162,HEM,apod06c7bfc23,A,apo0d07583e35,A,1,[43],[43],HEM,HEM,6.439782619476318,2.667491912841797,1.4305469989776611,0.706049382686615,0.888850748538971,1.266836643218994,apo_apo,False,False,False
163,AZM,apoa546ea264d,A,apof868c5ca11,A,1,[13],[13],AZM,AZM,4.267914295196533,2.3340189456939697,1.4611002206802368,0.7190288305282593,0.2923465371131897,1.064700722694397,apo_apo,False,False,False
164,ICB,apoca75152c1c,A,apoef53ddfe53,A,1,[12],[12],ICB,ICB,5.138775825500488,1.9109010696411133,1.6327142715454102,0.6838584542274475,0.7256855368614197,1.0320671796798706,apo_apo,False,False,False
165,M6P,apo3cd5c1e1fd,A,apo88a64fa370,A,1,[16],[16],M6P,M6P,5.301972389221191,2.2631664276123047,1.4773194789886477,0.6856663227081299,0.8535628318786621,1.1007611751556396,apo_apo,False,False,False
166,NAI,apo550ef7e2ba,A,apo2e856286db,A,1,[44],[44],NAI,NAI,2.698023796081543,3.0987672805786133,1.346396565437317,0.7012346386909485,0.5166348218917847,1.0521409511566162,apo_apo,False,False,True
167,1GP,apof5282a69e4,A,apod9ec9a499f,A,1,[10],[10],1GP,1GP,5.057592391967773,2.89884614944458,1.4910472631454468,0.7232819199562073,0.8359118103981018,1.1457384824752808,apo_apo,False,False,False
168,1GP,apo58adbd4ccd,A,apo15878361a5,A,1,[10],[10],1GP,1GP,3.441447496414185,2.77591872215271,1.373910903930664,0.7092499732971191,0.5947242379188538,0.9311424493789672,apo_apo,False,False,True
169,03S,apo8a7868b822,A,apo39e21f4d3d,A,1,[4],[5],03S,03S,5.515254497528076,2.797877788543701,1.4572612047195437,0.7086008191108704,0.980701208114624,1.1427932977676392,apo_apo,False,False,False
170,NAI,apobd8e71e202,A,apo172e797b27,A,1,[44],[44],NAI,NAI,5.570601463317871,2.828491687774658,1.341912865638733,0.7212613821029663,0.7928172945976257,1.3430403470993042,apo_apo,False,False,False
171,TTP,apo71b0b91ba3,A,apodca2890c4d,A,1,[29],[29],TTP,TTP,8.226827621459961,2.374163150787353,1.4503180980682373,0.6845231652259827,0.5702916979789734,1.0522918701171875,apo_apo,False,False,False
172,1VU,apod8620c3ec6,A,apo18fcb8dc16,A,1,[52],[52],1VU,1VU,5.484274864196777,2.670816421508789,1.5029488801956177,0.7242936491966248,0.9569273591041564,1.1247133016586304,apo_apo,False,False,False
173,NAI,apoabbffcddc8,A,apo172e797b27,A,1,[44],[44],NAI,NAI,6.7226972579956055,2.608757495880127,1.5361875295639038,0.7079083919525146,0.8159008026123047,1.0648201704025269,apo_apo,False,False,False
174,SAM,apof8f1672997,A,apoeb856749db,A,1,[27],[27],SAM,SAM,5.747392177581787,2.4018914699554443,1.5139583349227903,0.6452759504318237,0.8841787576675415,1.3183039426803589,apo_apo,False,False,False
175,M6P,apoc2bc90b024,A,apo3cd5c1e1fd,A,1,[16],[16],M6P,M6P,8.160628318786621,1.9557852745056152,1.6449192762374878,0.5198187828063965,0.5801045298576355,1.4699143171310425,apo_apo,False,False,False
176,SF4,apoe3e6a39c0a,A,apo44eb479bc6,A,1,[8],[8],SF4,SF4,8.56425952911377,2.1975998878479004,1.6919883489608765,0.6838119626045227,0.7883790731430054,1.0655666589736938,apo_apo,False,False,False
177,TTP,apo1450cb4c8a,A,apob9237ccc51,A,1,[29],[29],TTP,TTP,4.7481184005737305,2.599635124206543,1.520993709564209,0.6830904483795166,0.9506260752677916,1.2300821542739868,apo_apo,False,False,False
178,F6P,apo7b44123974,A,apo428e912d15,A,1,[16],[16],F6P,F6P,5.0919270515441895,2.676522254943848,1.3891401290893557,0.7252220511436462,0.9448870420455932,1.1100172996520996,apo_apo,False,False,False
179,RUB,apo5bfcbc4c82,A,apoa7fcc1a69f,A,1,[18],[18],RUB,RUB,6.527708053588867,2.48600697517395,1.7650668621063232,0.7334572076797485,0.5350258946418762,0.9475476145744324,apo_apo,False,False,False
180,CA,apo92079f482f,A,apo4274b970fb,A,1,[1],[1],CA,CA,6.704220771789551,1.7852933406829834,1.6525002717971802,0.7175824046134949,0.7520129084587097,1.0524156093597412,apo_apo,False,False,False
181,F6P,apo3a3fdb2de6,A,apo7b44123974,A,1,[16],[16],F6P,F6P,4.974489688873291,2.488278388977051,1.5997530221939087,0.720607340335846,0.7981077432632446,1.1877256631851196,apo_apo,False,False,False
182,K,apob680d44f71,A,apo22b84035b3,A,1,[1],[1],K,K,5.921065330505371,2.6713879108428955,1.527806520462036,0.7029142379760742,0.954747200012207,1.1915804147720337,apo_apo,False,False,False
183,CS,apo23d1d27bee,A,apo4fc0bd086a,A,1,[1],[1],CS,CS,6.404953002929688,2.574446439743042,1.6450273990631104,0.7181141972541809,0.9057915210723876,1.1936973333358765,apo_apo,False,False,False
184,GOA,apoa80b2969e4,A,apo513d86a1e9,A,1,[5],[5],GOA,GOA,4.070358276367188,2.459067821502685,1.5496337413787842,0.7086105942726135,0.9277976751327516,1.0422366857528689,apo_apo,False,False,False
185,VN4,apo9689ba4db0,A,apo9f3cdc96b3,A,1,[4],[4],VN4,VN4,5.206961154937744,2.5274391174316406,1.3230233192443848,0.7430903315544128,0.7898486852645874,1.0961964130401611,apo_apo,False,False,False
186,CA,apo2154602018,A,apoc199086ff9,A,1,[1],[1],CA,CA,8.361695289611816,1.894174337387085,1.3755724430084229,0.5990504622459412,0.3980666995048523,2.1543784141540527,apo_apo,False,False,False
187,CA,apo201baba6f3,A,apod942eb9a99,A,1,[1],[1],CA,CA,8.064773559570312,1.832859754562378,1.6092240810394287,0.6396094560623169,0.8166472911834717,1.5559396743774414,apo_apo,False,False,False
188,PC,apo65f5d6f793,A,apo1fa22c9d6d,A,1,[11],[11],PC,PC,8.39149284362793,2.268650531768799,1.415261149406433,0.6343690156936646,0.9805289506912231,1.0883231163024902,apo_apo,False,False,False
189,CA,apo316ec16899,A,apoa01115b0f1,A,1,[1],[1],CA,CA,6.131195545196533,2.3865249156951904,1.5604615211486816,0.7324666976928711,0.8603456616401672,1.1538777351379397,apo_apo,False,False,False
190,SKM,apoc2bad139c1,A,apo2c9e3326c4,A,1,[12],[12],SKM,SKM,5.624268054962158,2.3223767280578613,1.520679950714111,0.723802387714386,0.5042822957038879,1.292746901512146,apo_apo,False,False,False
191,ENO,apo45ebb5382c,A,apo85347866f2,A,1,[13],[13],ENO,ENO,7.670502185821533,2.614479780197144,1.4085687398910522,0.7540276050567627,0.8681586980819702,1.1539738178253174,apo_apo,False,False,False
192,CA,apo89eda50734,A,apo9f1270e20d,A,1,[1],[1],CA,CA,7.242270946502685,2.1189985275268555,1.4836488962173462,0.7185140252113342,0.898898184299469,1.507282853126526,apo_apo,False,False,False
193,TTP,apo1450cb4c8a,A,apo71b0b91ba3,A,1,[29],[29],TTP,TTP,3.451865673065185,2.501978874206543,1.4824069738388062,0.6532160043716431,0.755054235458374,1.2360990047454834,apo_apo,False,False,True
194,NAI,apo306085e7e4,A,apo550ef7e2ba,A,1,[44],[44],NAI,NAI,3.4410901069641118,3.109339475631714,1.303017258644104,0.7192317843437195,0.9265589118003844,0.997076451778412,apo_apo,False,False,True
195,NAI,apo542a5d48e9,A,apo172e797b27,A,1,[44],[44],NAI,NAI,5.576054573059082,2.624916076660156,1.5340710878372192,0.7246435284614563,0.4717170894145965,1.3516066074371338,apo_apo,False,False,False
196,NAI,apo8a47c39afc,A,apo172e797b27,A,1,[44],[44],NAI,NAI,6.698788642883301,2.207870960235596,1.567156195640564,0.6422261595726013,0.572929322719574,1.5260727405548096,apo_apo,False,False,False
197,K,apo144c39e067,A,apo7d447b2b3e,A,1,[1],[1],K,K,8.167149543762207,2.264226198196411,1.6252671480178833,0.7091928720474243,0.7555856704711914,1.0695240497589111,apo_apo,False,False,False
198,NAI,apo542a5d48e9,A,apo5f621fda84,A,1,[44],[44],NAI,NAI,3.395858764648437,2.992015600204468,1.4047484397888184,0.7342520952224731,0.8554441928863525,1.0605676174163818,apo_apo,False,False,True
199,M6P,apo3cd5c1e1fd,A,apoba014d106c,A,1,[16],[16],M6P,M6P,5.618608951568604,1.7164061069488523,1.9174907207489011,0.6432045698165894,0.4969978332519531,1.0902724266052246,apo_apo,False,False,False
200,NAI,apo24715c37d8,A,apo550ef7e2ba,A,1,[44],[44],NAI,NAI,2.8039228916168213,3.3884546756744385,1.4332646131515503,0.736224353313446,0.8852177262306213,1.0849380493164062,apo_apo,False,False,True
201,SKM,apo2c9e3326c4,A,apoeb78c816f2,A,1,[12],[12],SKM,SKM,4.479921817779541,2.296182632446289,1.52046000957489,0.7299764156341553,0.3808884024620056,1.2500492334365845,apo_apo,False,False,False
202,PC,apo65f5d6f793,A,apof5d78154a5,A,1,[11],[11],PC,PC,8.898880004882812,2.2591350078582764,1.384704828262329,0.639708936214447,0.9549650549888612,1.3677856922149658,apo_apo,False,False,False
203,TTP,apo71b0b91ba3,A,apo07a533bd13,A,1,[29],[29],TTP,TTP,3.82611083984375,2.541664361953736,1.6247272491455078,0.6864340901374817,0.8316254019737244,1.0954833030700684,apo_apo,False,False,True
204,NAI,apo542a5d48e9,A,apo550ef7e2ba,A,1,[44],[44],NAI,NAI,3.0983800888061523,2.4115183353424072,1.6248525381088257,0.6782609224319458,0.9000281691551208,1.134492039680481,apo_apo,False,False,True
205,K,apoa91505152f,A,apo7d447b2b3e,A,1,[1],[1],K,K,5.992126941680908,2.7361514568328857,1.4870450496673584,0.6846679449081421,0.9195410013198853,0.9706864356994628,apo_apo,False,False,False
206,K,apob680d44f71,A,apo5634e23ee1,A,1,[1],[1],K,K,3.033943891525269,2.500197649002075,1.5702866315841677,0.737767219543457,0.6937391757965088,1.2184748649597168,apo_apo,False,False,True
207,K,apo22b84035b3,A,apoa91505152f,A,1,[1],[1],K,K,7.809957981109619,2.8598499298095703,1.5785927772521973,0.7317231297492981,0.8674212098121643,1.0327961444854736,apo_apo,False,False,False
208,NAI,apo38e8d09865,A,apo172e797b27,A,1,[44],[44],NAI,NAI,5.782683372497559,2.6295175552368164,1.5928171873092651,0.754530668258667,0.7925798296928406,1.212719440460205,apo_apo,False,False,False
209,VN4,apo998bb3ca3f,A,apo9689ba4db0,A,1,[4],[4],VN4,VN4,4.222663879394531,2.532104969024658,1.798170566558838,0.7424843311309814,0.8619319200515747,1.1021924018859863,apo_apo,False,False,False
210,CA,apode0cde6c4a,A,apo4a066a2897,A,1,[1],[1],CA,CA,3.3663134574890137,2.9430949687957764,1.765013337135315,0.7049751281738281,0.4315886795520782,1.5343613624572754,apo_apo,False,False,False
211,SIA,apodab3a045c8,A,apoa45663a7b4,A,1,[21],[21],SIA,SIA,4.59383487701416,2.440962553024292,1.5606331825256348,0.7105916738510132,0.7166655659675598,1.3034565448760986,apo_apo,False,False,False
212,NAI,apo9b86f2866a,A,apo172e797b27,A,1,[44],[44],NAI,NAI,6.670686721801758,2.5046286582946777,1.505266189575195,0.65413498878479,0.5570216178894043,1.2851531505584717,apo_apo,False,False,False
213,GOA,apoa80b2969e4,A,apo87ada52d5e,A,1,[5],[5],GOA,GOA,2.739461898803711,2.7860732078552246,1.5229151248931885,0.7355376482009888,0.8595456480979919,1.052237868309021,apo_apo,False,False,True
214,VN4,apo9689ba4db0,A,apo243dbcb124,A,1,[4],[4],VN4,VN4,5.219151020050049,2.5188021659851074,1.7066271305084229,0.7316999435424805,0.9848896861076356,1.2984142303466797,apo_apo,False,False,False
215,SF4,apo736fc55dfa,A,apo3c95f2c9f9,A,1,[8],[8],SF4,SF4,9.121038436889648,1.9558809995651243,1.5551892518997192,0.6586230993270874,0.4876773059368133,1.1056338548660278,apo_apo,False,False,False
216,SKM,apo0f9e91a457,A,apo2c9e3326c4,A,1,[12],[12],SKM,SKM,5.902347564697266,2.6027870178222656,1.4400569200515747,0.7438037395477295,0.9249482154846193,1.2705025672912598,apo_apo,False,False,False
217,CA,apo80a731c967,A,apo4876e65784,A,1,[1],[1],CA,CA,6.302145004272461,1.922748327255249,1.527376413345337,0.6181020736694336,0.8330023288726807,1.4080824851989746,apo_apo,False,False,False
218,COM,apo89e8cc2b73,A,apoac9194d1a6,A,1,[7],[7],COM,COM,5.242518424987793,2.352297782897949,1.5444326400756836,0.6964877843856812,0.5957290530204773,1.0538510084152222,apo_apo,False,False,False
219,NAI,apoac6ecc83f5,A,apo9b86f2866a,A,1,[44],[44],NAI,NAI,2.9105381965637207,2.9043960571289062,1.4077906608581543,0.7206234931945801,0.7857693433761597,1.1787489652633667,apo_apo,False,False,True
220,COM,apoac9194d1a6,A,apo3011c05f11,A,1,[7],[7],COM,COM,6.475019454956055,2.6515772342681885,1.4152140617370603,0.7140352725982666,0.4722776114940643,1.0042616128921509,apo_apo,False,False,False
221,K,apo5634e23ee1,A,apo7d447b2b3e,A,1,[1],[1],K,K,7.025120735168457,2.7805368900299072,1.5070757865905762,0.7218197584152222,0.97403883934021,0.941132128238678,apo_apo,False,False,False
222,F6P,apo72a4b9d979,A,apo7b44123974,A,1,[16],[16],F6P,F6P,4.315377235412598,2.552903652191162,1.5529885292053225,0.7602087259292603,0.8058136701583862,0.9578146934509276,apo_apo,False,False,False
223,CA,apo59407ed774,A,apoe5f0edc2c2,A,1,[1],[1],CA,CA,8.715834617614746,1.897799253463745,1.4285107851028442,0.6474260687828064,0.5448617935180664,1.4301717281341553,apo_apo,False,False,False
224,CA,apo2702747004,A,apo46ed73766a,A,1,[1],[1],CA,CA,5.729489803314209,1.94353461265564,1.4502685070037842,0.6887800693511963,0.8880792856216431,1.4949663877487185,apo_apo,False,False,False
225,TYD,apob8d00776c6,A,apo3721324a05,A,1,[25],[25],TYD,TYD,2.63787055015564,3.2058823108673096,1.4183416366577148,0.7625725865364075,0.7260087132453918,1.07364022731781,apo_apo,False,False,True
226,CA,apo7b1beffe99,A,apob20bca3bc3,A,1,[1],[1],CA,CA,7.276177883148193,2.5388877391815186,1.3505337238311768,0.6711122393608093,0.7906340956687927,1.3034024238586426,apo_apo,False,False,False
227,TTP,apo71b0b91ba3,A,apob9237ccc51,A,1,[29],[29],TTP,TTP,3.7132728099823,2.1201188564300537,1.4855355024337769,0.6795573830604553,0.8591460585594177,1.0232473611831665,apo_apo,False,False,True
228,NAI,apo54234681ba,A,apo172e797b27,A,1,[44],[44],NAI,NAI,6.851322650909424,2.457118034362793,1.3246062994003296,0.70000159740448,0.4292636513710022,1.1304014921188354,apo_apo,False,False,False
229,SIA,apobf28a42827,A,apoe05bc91286,A,1,[21],[21],SIA,SIA,7.868204593658447,2.1972429752349854,1.5853419303894043,0.6210982203483582,0.825248658657074,1.8629398345947263,apo_apo,False,False,False
230,K,apo7398b20969,A,apob680d44f71,A,1,[1],[1],K,K,7.490964412689209,2.466829299926758,1.5336806774139404,0.7380699515342712,0.9151310920715332,1.075116515159607,apo_apo,False,False,False
231,VN4,apo243dbcb124,A,apo9f3cdc96b3,A,1,[4],[4],VN4,VN4,2.0229811668396,2.647287368774414,1.7431964874267578,0.7255774736404419,0.7842934131622314,1.08436119556427,apo_apo,False,False,True
232,F6P,apo7b44123974,A,apo9f174cb24f,A,1,[16],[16],F6P,F6P,5.540147304534912,2.5153648853302,1.6223474740982056,0.7206107974052429,0.9067880511283876,1.18114972114563,apo_apo,False,False,False
233,CA,apoa534966c11,A,apo1c996dea59,A,1,[1],[1],CA,CA,6.066856861114502,2.4184937477111816,1.3841489553451538,0.7391625642776489,0.8686692118644714,0.9617687463760376,apo_apo,False,False,False
234,NAI,apoac6ecc83f5,A,apo172e797b27,A,1,[44],[44],NAI,NAI,5.428305149078369,2.554428577423096,1.6185743808746338,0.7632014751434326,0.8164399862289429,1.2042819261550903,apo_apo,False,False,False
235,CA,apo92e17d481d,A,apo91491b9862,A,1,[1],[1],CA,CA,5.629298686981201,2.454810857772827,1.436508059501648,0.7249608635902405,0.957310438156128,1.2379035949707031,apo_apo,False,False,False
236,SKM,apo364bca82c7,A,apo2c9e3326c4,A,1,[12],[12],SKM,SKM,5.605658531188965,2.550182819366455,1.4666918516159058,0.7272495627403259,0.7005863189697266,1.4054683446884155,apo_apo,False,False,False
237,CA,apo3a080626a0,A,apoe640d1e07b,A,1,[1],[1],CA,CA,6.366820335388184,2.324739933013916,1.4072349071502686,0.6945592761039734,0.9622310400009156,1.0429846048355105,apo_apo,False,False,False
238,SIA,apo23874c7c22,A,apobf28a42827,A,1,[21],[21],SIA,SIA,8.26085090637207,1.8298319578170776,1.516765832901001,0.5704467296600342,0.9983167052268982,1.303700566291809,apo_apo,False,False,False
239,K,apob680d44f71,A,apo7d447b2b3e,A,1,[1],[1],K,K,7.579535007476807,2.496157169342041,1.4580836296081543,0.6790288686752319,0.8844320774078369,0.991786539554596,apo_apo,False,False,False
240,CA,apob1d3d5a605,A,apo0d650c653e,A,1,[1],[1],CA,CA,8.775276184082031,2.0651726722717285,1.6609328985214231,0.7204696536064148,0.6455919742584229,1.238270878791809,apo_apo,False,False,False
241,CA,apodac1e93975,A,apo5143efa9a8,A,1,[1],[1],CA,CA,7.484010219573975,2.5260157585144043,1.5549869537353516,0.7466303706169128,0.8580844402313232,1.0586925745010376,apo_apo,False,False,False
242,K,apo144c39e067,A,apo8711722b82,A,1,[1],[1],K,K,7.392111778259277,2.440462112426758,1.5307035446166992,0.7220888733863831,0.7942118644714355,1.1465777158737185,apo_apo,False,False,False
243,CA,apo3ddefba82f,A,apoac472b896f,A,1,[1],[1],CA,CA,6.796889781951904,2.1216588020324707,1.4348492622375488,0.6911020874977112,0.9275693297386168,0.8907653093338013,apo_apo,False,False,False
244,NAI,apo550ef7e2ba,A,apo68efe2d4f7,A,1,[27],[44],NAI,NAI,2.8743247985839844,3.4102978706359863,1.5090864896774292,0.7329094409942627,0.9320313334465028,1.047155261039734,apo_apo,False,False,True
245,CA,apo468b34baf3,A,apo6787ff6797,A,1,[1],[1],CA,CA,7.79110050201416,2.2559361457824707,1.6719508171081543,0.6979902982711792,0.8459017872810364,1.18896746635437,apo_apo,False,False,False
246,NAI,apo550ef7e2ba,A,apo172e797b27,A,1,[44],[44],NAI,NAI,5.409433364868164,2.571374654769897,1.591771364212036,0.7015650272369385,0.8883416056632996,1.5091311931610107,apo_apo,False,False,False
247,K,apo22b84035b3,A,apo5634e23ee1,A,1,[1],[1],K,K,5.7527852058410645,2.4917213916778564,1.6588163375854492,0.7367808222770691,0.582671582698822,1.2394787073135376,apo_apo,False,False,False
248,NAI,apo54234681ba,A,apo542a5d48e9,A,1,[44],[44],NAI,NAI,3.15826153755188,2.9157631397247314,1.403818130493164,0.7022426128387451,0.8684867024421692,1.1939480304718018,apo_apo,False,False,True
249,CA,apo0dfa5a18e3,A,apo6fb42b686e,A,1,[1],[1],CA,CA,5.9705491065979,2.271815776824951,1.4193750619888306,0.689923882484436,0.8896536231040955,1.220781922340393,apo_apo,False,False,False
250,CA,apo8be6c4e3b7,A,apoe45816cc65,A,1,[1],[1],CA,CA,6.62906551361084,2.506272315979004,1.506942868232727,0.7266507148742676,0.8281617164611816,1.252999782562256,apo_apo,False,False,False
251,K,apo7398b20969,A,apoa91505152f,A,1,[1],[1],K,K,7.978445053100586,2.8863658905029297,1.4825364351272583,0.727584719657898,0.7482752203941345,1.0722464323043823,apo_apo,False,False,False
252,F6P,apo7b44123974,A,apo930083236b,A,1,[16],[16],F6P,F6P,5.177908420562744,2.6870346069335938,1.5061014890670776,0.722939133644104,0.5631292462348938,1.2381391525268557,apo_apo,False,False,False
253,1GP,apo58adbd4ccd,A,apof5282a69e4,A,1,[10],[10],1GP,1GP,4.188022136688232,2.8121042251586914,1.5887901782989502,0.6859369874000549,0.9030222296714784,1.0938910245895386,apo_apo,False,False,False
254,CA,apo5d9ef83c4c,A,apo0a55819db3,A,1,[1],[1],CA,CA,7.767372131347656,2.520749807357788,1.5022921562194824,0.6756249666213989,0.911732852458954,1.3506525754928589,apo_apo,False,False,False
255,K,apob680d44f71,A,apo8711722b82,A,1,[1],[1],K,K,6.471149921417236,2.549590826034546,1.5174545049667358,0.7228007912635803,0.8998938798904419,1.1762473583221436,apo_apo,False,False,False
256,SKM,apob2978c18ed,A,apo2c9e3326c4,A,1,[12],[12],SKM,SKM,5.230595588684082,2.285635471343994,1.4541975259780884,0.7158036828041077,0.7466127872467041,1.3945207595825195,apo_apo,False,False,False
257,1GP,apo15878361a5,A,apod9ec9a499f,A,1,[10],[10],1GP,1GP,5.21303129196167,2.5512912273406982,1.6657756567001345,0.7511927485466003,0.8160648345947266,1.0031180381774902,apo_apo,False,False,False
258,RBF,apo489c48cc19,A,apo3272937f0a,A,1,[27],[27],RBF,RBF,6.941162586212158,1.936752796173096,1.6812148094177246,0.6605384349822998,0.6524202823638916,1.1763535737991333,apo_apo,False,False,False
259,K,apo8711722b82,A,apoa91505152f,A,1,[1],[1],K,K,7.74239444732666,2.6599082946777344,1.6799546480178833,0.7150656580924988,0.7688502669334412,1.1734094619750977,apo_apo,False,False,False
260,TTP,apo1450cb4c8a,A,apoba6c9a6a3d,A,1,[29],[29],TTP,TTP,5.923753261566162,2.319320678710937,1.3221204280853271,0.642734169960022,0.8291438817977905,1.6923445463180542,apo_apo,False,False,False
261,SIA,apo7d78760229,A,apobf28a42827,A,1,[21],[21],SIA,SIA,8.18614673614502,2.0040030479431152,1.4038465023040771,0.6286711692810059,0.921844244003296,1.2325395345687866,apo_apo,False,False,False
262,RBF,apo9e85e46298,A,apo5d61b7f6bc,A,1,[27],[27],RBF,RBF,6.108473300933838,2.6162819862365723,1.1089520454406738,0.6979622840881348,0.9529561400413512,0.9164823293685912,apo_apo,False,False,False
263,K,apo7398b20969,A,apo144c39e067,A,1,[1],[1],K,K,7.796433448791504,2.348433017730713,1.50448739528656,0.6662816405296326,0.5738861560821533,1.211771011352539,apo_apo,False,False,False
264,SF4,apofd986512a3,A,apo1dac00cc2b,A,1,[8],[8],SF4,SF4,5.283419132232666,2.4080543518066406,1.4342589378356934,0.6567609310150146,0.7048627734184265,1.1571234464645386,apo_apo,False,False,False
265,K,apo144c39e067,A,apo22b84035b3,A,1,[1],[1],K,K,8.187451362609863,2.592705249786377,1.6617343425750732,0.686164140701294,0.960951805114746,1.2762467861175537,apo_apo,False,False,False
266,TTP,apo71b0b91ba3,A,apoba6c9a6a3d,A,1,[29],[29],TTP,TTP,3.716179370880127,2.533379077911377,1.6248334646224976,0.6997877359390259,0.4540980458259582,0.9911907315254213,apo_apo,False,False,False
267,K,apob680d44f71,A,apoa91505152f,A,1,[1],[1],K,K,7.460866928100586,2.3986854553222656,1.53860342502594,0.7420614361763,0.821213960647583,1.0658042430877686,apo_apo,False,False,False
268,TTP,apo1450cb4c8a,A,apodca2890c4d,A,1,[29],[29],TTP,TTP,8.24795913696289,2.5520811080932617,1.6610528230667114,0.7124239802360535,0.8319011330604553,1.082798957824707,apo_apo,False,False,False
269,F6P,apo7b44123974,A,apo442de7048d,A,1,[16],[16],F6P,F6P,3.693573713302612,2.7753591537475586,1.4318300485610962,0.7845093607902527,0.8347648978233337,1.137462854385376,apo_apo,False,False,True
270,PC,apo1014cc4ff4,A,apo1fa22c9d6d,A,1,[11],[11],PC,PC,2.538235664367676,2.2340428829193115,1.7405409812927246,0.6929795742034912,0.9190020561218262,1.2872402667999268,apo_apo,False,False,True
271,K,apo8711722b82,A,apo5634e23ee1,A,1,[1],[1],K,K,6.299590110778809,2.465555191040039,1.5615882873535156,0.7385976910591125,0.3888648450374603,1.131253004074097,apo_apo,False,False,False
272,K,apo144c39e067,A,apob680d44f71,A,1,[1],[1],K,K,6.980914115905762,2.30663800239563,1.5825990438461304,0.6911852955818176,0.8269587159156799,1.0533291101455688,apo_apo,False,False,False
273,K,apoa91505152f,A,apob2881074d9,A,1,[1],[1],K,K,8.139250755310059,1.8729636669158936,1.5094906091690063,0.6612403988838196,0.68629390001297,1.3819786310195925,apo_apo,False,False,False
274,F6P,apo7b44123974,A,apob091a8018e,A,1,[16],[16],F6P,F6P,5.356120586395264,2.8778295516967773,1.5350897312164309,0.725416362285614,0.9032645225524902,1.0507431030273438,apo_apo,False,False,False
275,TTP,apo71b0b91ba3,A,apo95216f807b,A,1,[29],[29],TTP,TTP,6.2259907722473145,1.9558818340301516,1.533230900764465,0.698931097984314,0.7840664386749268,1.187198281288147,apo_apo,False,False,False
276,SIA,apodab3a045c8,A,apoe05bc91286,A,1,[21],[21],SIA,SIA,7.581427574157715,2.5362391471862797,1.4572159051895142,0.6613954305648804,0.9457445740699768,1.4772063493728638,apo_apo,False,False,False
277,SIA,apodab3a045c8,A,apo23874c7c22,A,1,[21],[21],SIA,SIA,6.750061988830566,2.2367031574249268,1.4283738136291504,0.6874416470527649,0.8003309369087219,1.2326443195343018,apo_apo,False,False,False
278,TYD,apob8d00776c6,A,apo0119d595d5,A,1,[25],[25],TYD,TYD,2.4769773483276367,3.205634593963623,1.427815318107605,0.7764361500740051,0.7113703489303589,1.0728323459625244,apo_apo,False,False,True
279,SIA,apobf28a42827,A,apo853b93903a,A,1,[21],[21],SIA,SIA,8.043254852294922,1.9777812957763672,1.3002649545669556,0.7088449001312256,0.9424947500228882,1.327205777168274,apo_apo,False,False,False
280,SIA,apodab3a045c8,A,apo0d0b42695c,A,1,[21],[21],SIA,SIA,7.309714317321777,2.533608913421631,1.4782068729400637,0.7049298286437988,0.9374799132347108,1.740301489830017,apo_apo,False,False,False
281,SIA,apodab3a045c8,A,apo214d44df5b,A,1,[20],[21],SIA,SIA,7.80318021774292,2.1105494499206543,1.5707197189331057,0.7137829661369324,0.9662199020385742,1.2603271007537842,apo_apo,False,False,False
282,TYD,apo4d523eb2b1,A,apoe9a08fdd69,A,1,[25],[25],TYD,TYD,7.738531589508057,2.105714797973633,1.4706833362579346,0.7155876159667969,0.6153101921081543,1.2203702926635742,apo_apo,False,False,False
283,SIA,apodab3a045c8,A,apo853b93903a,A,1,[21],[21],SIA,SIA,6.255213737487793,2.390536308288574,1.35003924369812,0.6741093397140503,0.9838401675224304,1.7789952754974363,apo_apo,False,False,False
284,SIA,apo214d44df5b,A,apobf28a42827,A,1,[21],[20],SIA,SIA,8.572595596313477,2.706413745880127,1.2926026582717896,0.6502578258514404,0.9707298874855042,1.255492925643921,apo_apo,False,False,False
285,TYD,apob8d00776c6,A,apoa6cedd5e6c,A,1,[25],[25],TYD,TYD,2.5955817699432373,3.1274118423461914,1.4534320831298828,0.7478729486465454,0.5861434936523438,1.071844220161438,apo_apo,False,False,True
286,SIA,apodab3a045c8,A,apobf28a42827,A,1,[21],[21],SIA,SIA,8.276922225952148,1.6973590850830078,1.8718931674957275,0.4998724162578583,0.9589657187461852,1.1511497497558594,apo_apo,False,False,False
287,SIA,apo0d0b42695c,A,apobf28a42827,A,1,[21],[21],SIA,SIA,8.73648452758789,2.413041114807129,1.524600386619568,0.6282547116279602,0.9731211066246032,1.6643035411834717,apo_apo,False,False,False
288,SIA,apodab3a045c8,A,apo7d78760229,A,1,[21],[21],SIA,SIA,7.255383491516113,1.9285838603973389,1.4089090824127195,0.6566977500915527,0.93656587600708,1.3039203882217407,apo_apo,False,False,False
289,SIA,apoa45663a7b4,A,apobf28a42827,A,1,[21],[21],SIA,SIA,7.655088424682617,2.111375093460083,1.5674721002578735,0.6551616191864014,0.8062391877174377,1.4394948482513428,apo_apo,False,False,False
290,SAM,apod86559e079,A,apoa049c7a917,A,2,[27],[27],SAM,SAM,2.5591583251953125,3.225778579711914,1.6364270448684692,0.7238324880599976,0.8780540227890015,1.0744247436523438,apo_apo,False,False,True
291,SIA,apo7d78760229,A,apo853b93903a,A,2,[21],[21],SIA,SIA,7.411532402038574,1.9590911865234373,1.352423906326294,0.6825827956199646,0.8283223509788513,1.0135434865951538,apo_apo,False,False,False
292,PGW,apob1915590e7,A,apo9087222af9,A,2,[51],[22],PGW,PGW,8.26421070098877,2.35908317565918,1.4845679998397827,0.6121301054954529,0.9158948063850404,1.192262887954712,apo_apo,False,False,False
293,F6P,apob091a8018e,A,apo930083236b,A,2,[16],[16],F6P,F6P,6.358451843261719,2.56308388710022,1.528905153274536,0.7487719655036926,0.8222911357879639,1.1506195068359375,apo_apo,False,False,False
294,SAM,apo185babea79,A,apoe7d8c0feb7,A,2,[27],[27],SAM,SAM,3.2944154739379883,3.3707971572875977,1.2190099954605105,0.7267528176307678,0.9850503206253052,0.843506932258606,apo_apo,False,False,True
295,CA,apo11fad07556,A,apo7d4f7686b7,A,2,[1],[1],CA,CA,5.241185665130615,2.7339656352996826,1.4536255598068235,0.6996447443962097,0.8415753841400146,1.2356104850769043,apo_apo,False,False,False
296,5ID,apo37dcf227f8,A,apo62623d4ad8,A,2,[20],[20],5ID,5ID,2.439033031463623,3.0391299724578857,1.4879220724105835,0.7268040776252747,0.5632774233818054,1.195678472518921,apo_apo,False,False,True
297,SAM,apob0da859712,A,apo254de550d9,A,2,[27],[27],SAM,SAM,3.12324333190918,3.318765640258789,1.3348280191421509,0.6703881025314331,0.9591142535209656,0.9157328009605408,apo_apo,False,False,True
298,SAM,apo579d4c1abc,A,apo05ecfae4e4,A,2,[27],[27],SAM,SAM,3.1085541248321533,3.2267329692840576,1.422485113143921,0.6983330249786377,0.655938446521759,1.0672450065612793,apo_apo,False,False,True
299,F6P,apo72a4b9d979,A,apo930083236b,A,2,[16],[16],F6P,F6P,5.679405212402344,2.4427406787872314,1.633742332458496,0.7294185161590576,0.8749881386756897,1.115033745765686,apo_apo,False,False,False
300,AMU,apob6445027de,A,apo33086c4441,A,2,[20],[20],AMU,AMU,4.936338901519775,2.1039047241210938,1.7444875240325928,0.7182743549346924,0.9176231026649476,1.0490756034851074,apo_apo,False,False,False
301,CA,apo95a5de8950,A,apo4c7bb09ba3,A,2,[1],[1],CA,CA,6.393622398376465,2.568951368331909,1.5157626867294312,0.7199196219444275,0.8802083730697632,0.9742853045463562,apo_apo,False,False,False
302,NAI,apofccf8b8bc2,A,apob2ac301348,A,2,[44],[44],NAI,NAI,3.029531955718994,3.876911878585816,1.081107497215271,0.7376357913017273,0.9202449917793274,0.9426546096801758,apo_apo,False,False,True
303,CA,apo61ed8a63df,A,apo3bef932e6f,A,2,[1],[1],CA,CA,7.445394039154053,2.880157947540283,1.3936172723770142,0.7008916139602661,0.8875262141227722,1.0624109506607056,apo_apo,False,False,False
304,PC,apof5d78154a5,A,apo5c5bfeb367,A,2,[11],[11],PC,PC,8.320435523986816,2.4318976402282715,1.521466612815857,0.7188572287559509,0.85782390832901,1.085024118423462,apo_apo,False,False,False
305,1GP,apo58adbd4ccd,A,apod9ec9a499f,A,2,[10],[10],1GP,1GP,5.60465145111084,2.931880235671997,1.4478217363357544,0.700226902961731,0.8221384882926941,1.0950771570205688,apo_apo,False,False,False
306,TTP,apodca2890c4d,A,apo07a533bd13,A,2,[29],[29],TTP,TTP,8.023458480834961,2.417198657989502,1.717076539993286,0.6899376511573792,0.8376360535621643,1.1693787574768066,apo_apo,False,False,False
307,M6P,apoba014d106c,A,apo703b2f492b,A,2,[16],[16],M6P,M6P,4.503020286560059,2.744997024536133,1.4980905055999756,0.7516536712646484,0.8250309228897095,1.213165521621704,apo_apo,False,False,False
308,DGT,apobdfd5ed6c5,A,apo88e22e69c7,A,2,[31],[31],DGT,DGT,3.503369808197021,3.02127456665039,1.19598126411438,0.7435286641120911,0.97696191072464,0.90690279006958,apo_apo,False,False,True
309,SAM,apofd7fa63b48,A,apo218b3ecdc8,A,2,[27],[27],SAM,SAM,7.07429838180542,2.638493299484253,1.9327738285064695,0.7325628995895386,0.9504530429840088,1.1994282007217407,apo_apo,False,False,False
310,SAM,apo865b191f3d,A,apob0da859712,A,2,[27],[27],SAM,SAM,2.9876585006713867,3.4753448963165283,1.2354053258895874,0.7352033853530884,0.9247753620147704,0.976396918296814,apo_apo,False,False,True
311,K,apo22b84035b3,A,apo8711722b82,A,2,[1],[1],K,K,6.047303676605225,2.468352794647217,1.5125051736831665,0.7395163178443909,0.8447496891021729,1.0006401538848877,apo_apo,False,False,False
312,CA,apoa09988b249,A,apob0e13ff56b,A,2,[1],[1],CA,CA,7.26372480392456,2.356362819671631,1.489413857460022,0.695914626121521,0.912621021270752,1.101146221160889,apo_apo,False,False,False
313,SIA,apo0d0b42695c,A,apo7d78760229,A,2,[21],[21],SIA,SIA,6.192819118499756,2.3864245414733887,1.2519450187683103,0.6844984292984009,0.9873301386833192,1.0227775573730469,apo_apo,False,False,False
314,K,apo144c39e067,A,apo5634e23ee1,A,2,[1],[1],K,K,7.89044713973999,2.513730764389038,1.5498141050338743,0.6700592637062073,0.7834487557411194,1.0916863679885864,apo_apo,False,False,False
315,M6P,apoba014d106c,A,apo88a64fa370,A,2,[16],[16],M6P,M6P,5.055488109588623,2.776151180267334,1.604218363761902,0.6714037656784058,0.9434183239936828,1.2286611795425415,apo_apo,False,False,False
316,DGT,apo4982e5919d,A,apo88e22e69c7,A,2,[31],[31],DGT,DGT,5.614530086517334,2.322565793991089,1.549564242362976,0.7137325406074524,0.8977147936820984,1.2929891347885132,apo_apo,False,False,False
317,K,apo7398b20969,A,apo8711722b82,A,2,[1],[1],K,K,6.769252777099609,2.687425136566162,1.3539079427719116,0.7399348020553589,0.8421815037727356,1.124953031539917,apo_apo,False,False,False
318,F6P,apo72a4b9d979,A,apob091a8018e,A,2,[16],[16],F6P,F6P,5.026942253112793,2.7826743125915527,1.3213322162628174,0.7131074666976929,0.9279108047485352,1.255785584449768,apo_apo,False,False,False
319,F,apo3cc39dc907,A,apof9044e1133,A,2,[1],[1],F,F,6.92868709564209,2.570353984832764,1.5257322788238523,0.7335566878318787,0.7972464561462402,1.0648101568222046,apo_apo,False,False,False
320,NAI,apofccf8b8bc2,A,apo8a47c39afc,A,2,[44],[44],NAI,NAI,2.917694091796875,3.641577482223511,1.2360824346542358,0.7131984829902649,0.9087366461753844,0.924605429172516,apo_apo,False,False,True
321,SAM,apod86559e079,A,apo1d2fe420e5,A,2,[27],[27],SAM,SAM,3.188160181045532,3.191307544708252,1.417495608329773,0.7037010788917542,0.9156218767166138,1.1009361743927002,apo_apo,False,False,True
322,NAI,apoad92680901,A,apo542a5d48e9,A,2,[44],[44],NAI,NAI,3.051608800888061,3.023934364318848,1.5273431539535522,0.7542719841003418,0.5660046339035034,1.0790936946868896,apo_apo,False,False,True
323,SAM,apo42ddd2042d,A,apo05ecfae4e4,A,2,[27],[27],SAM,SAM,3.1982760429382324,3.3168673515319824,1.3422901630401611,0.7164661288261414,0.9661084413528442,0.9724075794219972,apo_apo,False,False,True
324,CA,apo7e0682d502,A,apoc6a9d5022c,A,2,[1],[1],CA,CA,8.642311096191406,2.1858878135681152,1.4549360275268557,0.6594616174697876,0.7102112174034119,0.987104833126068,apo_apo,False,False,False
325,F6P,apo442de7048d,A,apob091a8018e,A,2,[16],[16],F6P,F6P,6.34226655960083,2.6771039962768555,1.5204637050628662,0.7106875777244568,0.8400774002075195,1.2417404651641846,apo_apo,False,False,False
326,F6P,apo3a3fdb2de6,A,apo428e912d15,A,2,[16],[16],F6P,F6P,6.21472692489624,2.3749475479125977,1.5213837623596191,0.6962156295776367,0.7778787612915039,1.117684006690979,apo_apo,False,False,False
327,K,apo7d447b2b3e,A,apob2881074d9,A,2,[1],[1],K,K,7.383072376251221,2.2409634590148926,1.4650861024856567,0.6355414986610413,0.935192346572876,1.238813400268555,apo_apo,False,False,False
328,TTP,apoba6c9a6a3d,A,apo07a533bd13,A,2,[29],[29],TTP,TTP,1.5647892951965332,2.729673385620117,0.8643583059310913,0.7651028633117676,0.9248417019844056,0.8772563338279724,apo_apo,False,True,True
329,CAA,apo8e9f6a59b8,A,apo937cad989b,A,2,[54],[54],CAA,CAA,7.400492191314697,2.5584287643432617,1.4701296091079712,0.7144777774810791,0.5370296239852905,0.9684426188468932,apo_apo,False,False,False
330,AMZ,apo1885785949,A,apoe6e72fc305,A,2,[22],[22],AMZ,AMZ,8.253652572631836,2.05611515045166,1.7890756130218506,0.6226247549057007,0.7168210744857788,1.0421103239059448,apo_apo,False,False,False
331,NAI,apofccf8b8bc2,A,apo3fdb14322f,A,2,[44],[44],NAI,NAI,2.8599448204040527,3.83678674697876,1.1154778003692627,0.745206892490387,0.8986961841583252,0.8954985737800598,apo_apo,False,False,True
332,SAM,apob0da859712,A,apodba9c249dc,A,2,[27],[27],SAM,SAM,3.003462076187134,3.326148748397827,1.3248997926712036,0.6700776219367981,0.9814872145652772,0.9734528660774232,apo_apo,False,False,True
333,PGW,apob1915590e7,A,apoc7945bd62f,A,2,[51],[22],PGW,PGW,8.261507034301758,2.357900619506836,1.4852961301803589,0.6124008297920227,0.9151538014411926,1.1913490295410156,apo_apo,False,False,False
334,PC,apo1014cc4ff4,A,apo65f5d6f793,A,2,[11],[11],PC,PC,8.418004035949707,2.067966938018799,1.5674132108688354,0.672929048538208,0.8342756032943726,1.0709091424942017,apo_apo,False,False,False
335,M6P,apo3cd5c1e1fd,A,apo703b2f492b,A,2,[16],[16],M6P,M6P,5.947417259216309,2.0005970001220703,1.7433229684829712,0.6426781415939331,0.9649096727371216,1.0945992469787598,apo_apo,False,False,False
336,DGT,apo4982e5919d,A,apoc4f9eb2339,A,2,[31],[31],DGT,DGT,6.977755069732666,2.1026782989501958,1.673815131187439,0.656113862991333,0.7946398854255676,1.0870301723480225,apo_apo,False,False,False
337,NAI,apob434bc6d95,A,apoac6ecc83f5,A,2,[44],[44],NAI,NAI,2.941288948059082,3.0792665481567383,1.42971670627594,0.7379149794578552,0.9202713966369628,1.065140962600708,apo_apo,False,False,True
338,F6P,apob091a8018e,A,apo428e912d15,A,2,[16],[16],F6P,F6P,5.851499080657959,2.965540647506714,1.46002197265625,0.7096123695373535,0.8589226007461548,1.4004085063934326,apo_apo,False,False,False
339,CA,apob0d3fb1eab,A,apo1dfa516aef,A,2,[1],[1],CA,CA,7.909496784210205,2.666224718093872,1.147714138031006,0.7019731998443604,0.8668047785758972,0.8800174593925476,apo_apo,False,False,False
340,CA,apocb35bbd541,A,apo2b6d9a305e,A,2,[1],[1],CA,CA,8.556387901306152,1.9983997344970703,1.643218159675598,0.6436713933944702,0.7481518983840942,1.1279199123382568,apo_apo,False,False,False
341,NAI,apofccf8b8bc2,A,apob2ac301348,A,2,[44],[44],NAI,NAI,3.029531955718994,3.8769125938415527,1.081107258796692,0.7376357316970825,0.9202455878257751,0.9426549077033995,apo_apo,False,False,True
342,CA,apo3bc73680d0,A,apod2eaa3b10a,A,2,[1],[1],CA,CA,5.5878071784973145,2.859708309173584,1.313403844833374,0.765282154083252,0.9203727841377258,1.2661277055740356,apo_apo,False,False,False
343,K,apoa91505152f,A,apo5634e23ee1,A,2,[1],[1],K,K,7.849910259246826,2.7355763912200928,1.401632308959961,0.7477827072143555,0.8513161540031433,1.195716142654419,apo_apo,False,False,False
344,SAM,apo42ddd2042d,A,apob0da859712,A,2,[27],[27],SAM,SAM,3.091036319732666,3.386473655700684,1.241160273551941,0.7101812362670898,0.9736731648445128,1.030142068862915,apo_apo,False,False,True
345,CAA,apo8e9f6a59b8,A,apoed40d751c6,A,2,[54],[54],CAA,CAA,6.652869701385498,2.6364331245422363,1.7872943878173828,0.7293068766593933,0.947144329547882,1.076912760734558,apo_apo,False,False,False
346,TTP,apo1450cb4c8a,A,apo07a533bd13,A,2,[29],[29],TTP,TTP,4.33336067199707,2.2350945472717285,1.745126724243164,0.695583701133728,0.7774409055709839,1.1677085161209106,apo_apo,False,False,False
347,SIA,apo23874c7c22,A,apoe05bc91286,A,2,[21],[21],SIA,SIA,7.604315280914307,2.0465919971466064,1.3501578569412231,0.6592113375663757,0.5604637861251831,1.0824332237243652,apo_apo,False,False,False
348,F6P,apo9f174cb24f,A,apo930083236b,A,2,[16],[16],F6P,F6P,4.5812087059021,2.7290358543396,1.6442720890045166,0.7637408971786499,0.6306442022323608,1.034502625465393,apo_apo,False,False,False
349,F6P,apob091a8018e,A,apo9f174cb24f,A,2,[16],[16],F6P,F6P,4.859050750732422,2.81501579284668,1.495100975036621,0.6739097833633423,0.8864895701408386,1.0932434797286987,apo_apo,False,False,False
350,CA,apo474d3c57c8,A,apo1618bdf726,A,2,[1],[1],CA,CA,7.445035934448242,1.7169134616851809,1.710389256477356,0.6756934523582458,0.7676416635513306,1.1915513277053833,apo_apo,False,False,False
351,DGT,apo4982e5919d,A,apo837ecb6e97,A,2,[31],[31],DGT,DGT,5.222163677215576,2.1528661251068115,1.4553194046020508,0.708172619342804,0.8731929659843445,1.292488932609558,apo_apo,False,False,False
352,DGT,apo837ecb6e97,A,apo88e22e69c7,A,2,[31],[31],DGT,DGT,3.764134168624878,2.5989325046539307,1.5722163915634155,0.7404919266700745,0.824355959892273,1.0641560554504397,apo_apo,False,False,True
353,PC,apo1fa22c9d6d,A,apof5d78154a5,A,2,[11],[11],PC,PC,8.43156623840332,2.48009991645813,1.534224033355713,0.6640892028808594,0.9501968622207642,1.1698296070098877,apo_apo,False,False,False
354,NAI,apoac6ecc83f5,A,apo2e856286db,A,2,[44],[44],NAI,NAI,2.9604976177215576,2.974487543106079,1.454800009727478,0.7270516157150269,0.8754880428314209,1.1498602628707886,apo_apo,False,False,True
355,PC,apof5d78154a5,A,apo6142d24d09,A,2,[11],[11],PC,PC,8.322299003601074,2.3191347122192383,1.4515299797058103,0.7087650895118713,0.8025500774383545,1.0519955158233645,apo_apo,False,False,False
356,NAI,apofccf8b8bc2,A,apob434bc6d95,A,2,[44],[44],NAI,NAI,2.9429354667663574,3.8693346977233887,1.1690605878829956,0.7558395862579346,0.8799868226051331,0.9223433136940002,apo_apo,False,False,True
357,NAI,apofccf8b8bc2,A,apo306085e7e4,A,2,[44],[44],NAI,NAI,3.1813058853149414,3.77143144607544,1.1939327716827393,0.7613164186477661,0.8970685601234436,0.8512661457061768,apo_apo,False,False,True
358,F6P,apo3a3fdb2de6,A,apo72a4b9d979,A,2,[16],[16],F6P,F6P,6.021849632263184,2.46290922164917,1.588769555091858,0.7443898916244507,0.8565449714660645,1.0560121536254885,apo_apo,False,False,False
359,DGT,apobdfd5ed6c5,A,apo4982e5919d,A,2,[31],[31],DGT,DGT,4.581036567687988,2.453318357467652,1.1965181827545166,0.6936984658241272,0.7410680651664734,0.9033759236335754,apo_apo,False,False,False
360,SIA,apo7d78760229,A,apoa45663a7b4,A,2,[21],[21],SIA,SIA,7.469211101531982,2.3120322227478027,1.554123878479004,0.7020303606987,0.8055866360664368,1.2223663330078125,apo_apo,False,False,False
361,CA,apo89fdb9f5d6,A,apo26d404205d,A,2,[1],[1],CA,CA,7.468839645385742,2.070371389389038,1.5635766983032229,0.6522491574287415,0.8973107933998108,0.9851891994476318,apo_apo,False,False,False
362,K,apo7398b20969,A,apo7d447b2b3e,A,2,[1],[1],K,K,7.745452404022217,3.018629789352417,1.3335930109024048,0.7291651964187622,0.9244729280471802,0.9835264086723328,apo_apo,False,False,False
363,F6P,apo442de7048d,A,apo930083236b,A,2,[16],[16],F6P,F6P,5.755588054656982,2.393810272216797,1.661325216293335,0.7559463977813721,0.8433734774589539,0.9480800628662108,apo_apo,False,False,False
364,CA,apo1358b87bf3,A,apod8271433c3,A,2,[1],[1],CA,CA,7.068130016326904,2.3664627075195312,1.4675805568695068,0.7122331261634827,0.8220977783203125,1.015862226486206,apo_apo,False,False,False
365,TTP,apob9237ccc51,A,apo07a533bd13,A,2,[29],[29],TTP,TTP,1.2009528875350952,3.104339361190796,0.7214996814727783,0.7476580142974854,0.9305388927459716,0.9681257605552672,apo_apo,False,True,True
366,SIA,apoa45663a7b4,A,apoe05bc91286,A,2,[21],[21],SIA,SIA,6.697444915771484,2.4912309646606445,1.543616771697998,0.7663723230361938,0.929894208908081,1.2155989408493042,apo_apo,False,False,False
367,F6P,apo3a3fdb2de6,A,apob091a8018e,A,2,[16],[16],F6P,F6P,6.156615734100342,2.4229278564453125,1.562483310699463,0.6617327928543091,0.7456095218658447,1.5954604148864746,apo_apo,False,False,False
368,F6P,apo930083236b,A,apo428e912d15,A,2,[16],[16],F6P,F6P,6.214140892028809,2.663415908813477,1.485081672668457,0.7371982336044312,0.7929651737213135,1.1603965759277344,apo_apo,False,False,False
369,F6P,apo3a3fdb2de6,A,apo442de7048d,A,2,[16],[16],F6P,F6P,5.8272576332092285,2.55998969078064,1.6015045642852783,0.7345113158226013,0.8097331523895264,1.047022819519043,apo_apo,False,False,False
370,SIA,apo0d0b42695c,A,apoa45663a7b4,A,2,[21],[21],SIA,SIA,7.1142754554748535,2.098957300186157,1.512203812599182,0.7267723679542542,0.5948713421821594,1.254750370979309,apo_apo,False,False,False
371,F6P,apo3a3fdb2de6,A,apo9f174cb24f,A,2,[16],[16],F6P,F6P,5.758462429046631,2.7354869842529297,1.5157864093780518,0.7547796964645386,0.8004087805747986,1.154996037483215,apo_apo,False,False,False
372,GOA,apo513d86a1e9,A,apo87ada52d5e,A,2,[5],[5],GOA,GOA,3.463730812072754,2.515970230102539,1.5096808671951294,0.7244541049003601,0.8551647663116455,1.037779450416565,apo_apo,False,False,True
373,K,apo7398b20969,A,apo5634e23ee1,A,2,[1],[1],K,K,7.548213481903076,2.4196598529815674,1.5020025968551636,0.7276808619499207,0.8008503317832947,1.2336664199829102,apo_apo,False,False,False
374,SIA,apo23874c7c22,A,apo214d44df5b,A,2,[20],[21],SIA,SIA,7.598496913909912,2.187229633331299,1.2526795864105225,0.628906786441803,0.9667850732803344,1.9373947381973269,apo_apo,False,False,False
375,SIA,apo214d44df5b,A,apo853b93903a,A,2,[21],[20],SIA,SIA,8.307002067565918,2.296480894088745,1.563127040863037,0.717483639717102,0.9962418675422668,1.3607114553451538,apo_apo,False,False,False
376,K,apo8711722b82,A,apo7d447b2b3e,A,2,[1],[1],K,K,7.160717487335205,2.30866813659668,1.519789457321167,0.7487964630126953,0.842832088470459,1.0007195472717283,apo_apo,False,False,False
377,K,apo7398b20969,A,apo22b84035b3,A,2,[1],[1],K,K,7.218366622924805,2.7055702209472656,1.687529444694519,0.7355186343193054,0.6592277884483337,1.2215076684951782,apo_apo,False,False,False
378,SIA,apoe05bc91286,A,apo853b93903a,A,2,[21],[21],SIA,SIA,7.11177921295166,2.380334854125977,1.4649320840835571,0.6550483107566833,0.8315298557281494,1.4492512941360474,apo_apo,False,False,False
379,K,apo144c39e067,A,apoa91505152f,A,2,[1],[1],K,K,7.904882907867432,2.3617706298828125,1.6266177892684937,0.7153822779655457,0.8146204352378845,1.12334942817688,apo_apo,False,False,False
380,SIA,apo23874c7c22,A,apoa45663a7b4,A,2,[21],[21],SIA,SIA,7.486854553222656,2.473610639572144,1.52238929271698,0.7011007070541382,0.8775067925453186,1.0852962732315063,apo_apo,False,False,False
381,SIA,apo7d78760229,A,apo214d44df5b,A,2,[20],[21],SIA,SIA,7.172469139099121,2.3786253929138184,1.4913427829742432,0.7200284004211426,0.7761147022247314,1.249001145362854,apo_apo,False,False,False
382,SIA,apo214d44df5b,A,apoa45663a7b4,A,2,[21],[20],SIA,SIA,7.837112903594971,2.7234158515930176,1.436145544052124,0.6791887283325195,0.8688913583755493,1.1577826738357544,apo_apo,False,False,False
383,SIA,apo23874c7c22,A,apo853b93903a,A,2,[21],[21],SIA,SIA,7.150991916656494,2.395343780517578,1.655730962753296,0.6515179872512817,0.7313845753669739,1.2940521240234375,apo_apo,False,False,False
384,SIA,apo0d0b42695c,A,apo853b93903a,A,2,[21],[21],SIA,SIA,6.778883934020996,2.170539379119873,1.3174697160720823,0.6470531821250916,0.9849557280540466,1.5840511322021484,apo_apo,False,False,False
385,SIA,apo0d0b42695c,A,apo23874c7c22,A,2,[21],[21],SIA,SIA,7.395867347717285,2.420031309127808,1.4033851623535156,0.6735909581184387,0.9524077773094176,1.30465829372406,apo_apo,False,False,False
386,SIA,apo7d78760229,A,apoe05bc91286,A,2,[21],[21],SIA,SIA,8.20853042602539,1.814716339111328,1.516739845275879,0.6195480823516846,0.9970928430557252,1.2710121870040894,apo_apo,False,False,False
387,SIA,apoa45663a7b4,A,apo853b93903a,A,2,[21],[21],SIA,SIA,8.073237419128418,2.5141773223876958,1.6732101440429688,0.712390124797821,0.97972571849823,1.1263009309768677,apo_apo,False,False,False
388,K,apo7398b20969,A,apo5634e23ee1,A,2,[1],[1],K,K,7.548213481903076,2.4196560382843018,1.5019994974136353,0.7276830077171326,0.8008487820625305,1.2336605787277222,apo_apo,False,False,False
389,TTP,apodca2890c4d,A,apoba6c9a6a3d,A,3,[29],[29],TTP,TTP,8.847618103027344,3.502779006958008,0.9583977460861206,0.7323840856552124,0.9517112970352172,0.8226178288459778,apo_apo,False,False,False
390,TYD,apobdb30dfd1f,A,apo7b54455720,A,3,[25],[25],TYD,TYD,6.060434818267822,3.3157825469970703,1.3497707843780518,0.7465389966964722,0.9189541339874268,1.0525745153427124,apo_apo,False,False,False
391,TYD,apo3721324a05,A,apo7b54455720,A,3,[25],[25],TYD,TYD,5.852177143096924,3.349061250686645,1.378000020980835,0.7615352272987366,0.9107162356376648,1.0560641288757324,apo_apo,False,False,False
392,SF4,apo0262b01f14,A,apo9e41a8b34d,A,3,[8],[8],SF4,SF4,5.721532821655273,2.963852405548096,1.655396819114685,0.7126070857048035,0.6935432553291321,1.1679799556732178,apo_apo,False,False,False
393,03S,apo38cc8c21fc,A,apo39e21f4d3d,A,3,[4],[4],03S,03S,2.4529058933258057,3.043907165527344,1.2378461360931396,0.722870409488678,0.993697226047516,0.8418644666671753,apo_apo,False,False,True
394,TYD,apo0119d595d5,A,apo7b54455720,A,3,[25],[25],TYD,TYD,5.984635353088379,3.124105453491211,1.320967197418213,0.7486957311630249,0.8909449577331543,1.019649863243103,apo_apo,False,False,False
395,BG6,apob90cad9cbd,A,apo95f6af94d0,A,3,[16],[16],BG6,BG6,7.790012359619141,3.2569997310638428,1.269969820976257,0.7320320010185242,0.9552186131477356,0.960051953792572,apo_apo,False,False,False
396,F6P,apo72a4b9d979,A,apo428e912d15,A,3,[16],[16],F6P,F6P,5.652445793151856,3.018216133117676,1.5029494762420654,0.7420365810394287,0.9607682824134828,1.102277755737305,apo_apo,False,False,False
397,TTP,apodca2890c4d,A,apob9237ccc51,A,3,[29],[29],TTP,TTP,8.704977035522461,3.744131565093994,0.6465620994567871,0.72499680519104,0.9380819797515868,0.9114142060279846,apo_apo,False,False,False
398,TYD,apoa6cedd5e6c,A,apo7b54455720,A,3,[25],[25],TYD,TYD,6.002513408660889,3.151191473007202,1.3600994348526,0.7676795125007629,0.9457465410232544,1.0133981704711914,apo_apo,False,False,False
399,K,apo22b84035b3,A,apo7d447b2b3e,A,3,[1],[1],K,K,7.126265525817871,2.7975783348083496,1.473318576812744,0.7011774778366089,0.9106679558753968,1.02610182762146,apo_apo,False,False,False
400,F6P,apo9f174cb24f,A,apo428e912d15,A,3,[16],[16],F6P,F6P,4.508373737335205,2.8648180961608887,1.4912091493606567,0.7529413104057312,0.8570348024368286,1.1105828285217283,apo_apo,False,False,False
401,DGT,apobdfd5ed6c5,A,apo837ecb6e97,A,3,[31],[31],DGT,DGT,5.163999557495117,2.644157886505127,1.462475299835205,0.7375059723854065,0.7011651992797852,1.0898947715759275,apo_apo,False,False,False
402,CA,apo632f5cd88e,A,apod5bd73dc54,A,3,[1],[1],CA,CA,6.934617519378662,2.073180913925171,1.4021259546279907,0.6633040904998779,0.8199208974838257,1.2304372787475586,apo_apo,False,False,False
403,F6P,apo442de7048d,A,apo428e912d15,A,3,[16],[16],F6P,F6P,5.359169483184815,2.586690902709961,1.5230807065963743,0.7274648547172546,0.8691580891609192,1.0731875896453855,apo_apo,False,False,False
404,SF4,apo736fc55dfa,A,apo9e41a8b34d,A,3,[8],[8],SF4,SF4,8.715819358825684,1.9267370700836184,1.7852705717086792,0.6004402041435242,0.6720678210258484,1.394357442855835,apo_apo,False,False,False
405,CA,apo471583481c,A,apo1ac83c6795,A,3,[1],[1],CA,CA,7.184154510498047,2.3099961280822754,1.4454017877578735,0.7547216415405273,0.9142471551895142,1.1528923511505127,apo_apo,False,False,False
406,CA,apobb57c3ff73,A,apof5865c43b6,A,3,[1],[1],CA,CA,8.396234512329102,2.1009411811828613,1.540982007980347,0.7228589653968811,0.9475131034851074,1.1410695314407349,apo_apo,False,False,False
407,SF4,apo87912ac63c,A,apof250abc717,A,3,[8],[8],SF4,SF4,8.133697509765625,2.4400672912597656,1.4695367813110352,0.5961281061172485,0.6332650184631348,1.5026476383209229,apo_apo,False,False,False
408,CA,apo8c671a591c,A,apo4876e65784,A,3,[1],[1],CA,CA,5.607088088989258,2.655095338821411,1.4451007843017578,0.7393662929534912,0.9446035027503968,1.285844087600708,apo_apo,False,False,False
409,CA,apo1110d05c6f,A,apo605d987afa,A,3,[1],[1],CA,CA,8.486361503601074,1.9750115871429443,1.5118759870529177,0.6258086562156677,0.7874125838279724,1.5361895561218262,apo_apo,False,False,False
410,CA,apo94bc4d469b,A,apof5865c43b6,A,3,[1],[1],CA,CA,8.74357795715332,1.684894323348999,1.492484211921692,0.6480886340141296,0.5738635063171387,1.3018109798431396,apo_apo,False,False,False
411,M6P,apo703b2f492b,A,apo88a64fa370,A,3,[16],[16],M6P,M6P,4.381172180175781,2.665214776992798,1.4304667711257937,0.7265316247940063,0.6542553901672363,1.1179397106170654,apo_apo,False,False,False
412,CAP,apo0cb9dd8b79,A,apo7093949971,A,4,[21],[21],CAP,CAP,4.895461559295654,5.112893581390381,0.5354629158973694,0.8930642008781433,0.991182029247284,0.8205754160881042,apo_apo,False,False,False
413,SKM,apoc2bad139c1,A,apoeb78c816f2,A,4,[12],[12],SKM,SKM,2.3553051948547363,4.779210090637207,0.7166382670402527,0.8486539721488953,0.9671571850776672,0.8477773666381836,apo_apo,False,False,True
414,2GP,apob339ea69d4,A,apo08dbc36cb3,A,4,[24],[24],2GP,2GP,6.782407760620117,2.393392562866211,1.567886471748352,0.7726960778236389,0.9490311741828918,1.1295241117477417,apo_apo,False,False,False
415,SKM,apob2978c18ed,A,apo0f9e91a457,A,4,[12],[12],SKM,SKM,2.330751180648804,4.847470283508301,0.6620190739631653,0.8529022336006165,0.9974857568740844,0.7747554183006287,apo_apo,False,False,True
416,NXL,apo0e856668c7,A,apo7788e8b5c3,A,4,[17],[17],NXL,NXL,0.9094225764274596,4.459883213043213,0.5158364772796631,0.8373631834983826,0.9525471925735474,0.7191610336303711,apo_apo,True,True,True
417,TYD,apo3721324a05,A,apobdb30dfd1f,A,4,[25],[25],TYD,TYD,1.6913166046142578,4.372681617736816,0.6612685918807983,0.7821689248085022,0.9873800873756408,0.8068878054618835,apo_apo,False,True,True
418,PCG,apofde131c74c,A,apo52f4408300,A,4,[23],[23],PCG,PCG,8.690595626831055,3.827752113342285,0.7715198993682861,0.7697737812995911,0.966495156288147,0.7750683426856995,apo_apo,False,False,False
419,DAN,apod694db67ee,A,apo42e42a3bb0,A,4,[20],[20],DAN,DAN,1.4365688562393188,4.613498210906982,0.620872974395752,0.8902168869972229,0.9832793474197388,0.7737637758255005,apo_apo,False,True,True
420,2GP,apo8a0feb81d5,A,apob339ea69d4,A,4,[24],[24],2GP,2GP,5.671490669250488,2.7027480602264404,1.7039176225662231,0.7372151613235474,0.959686040878296,1.2350597381591797,apo_apo,False,False,False
421,L3A,apoaa2d77cccf,A,apof9e4ef0a2c,A,4,[15],[15],L3A,L3A,0.8579245805740356,4.884884357452393,0.4612859487533569,0.8745862245559692,0.9932741522789,0.702071487903595,apo_apo,True,True,True
422,BMP,apo7d51e707b6,A,apo703c3715e1,A,4,[22],[22],BMP,BMP,0.8357797861099243,4.606968879699707,0.4831277728080749,0.8175458908081055,0.9923942685127258,0.8064410090446472,apo_apo,True,True,True
423,PYV,apo33e443bbe7,A,apo38401a11b0,A,4,[22],[22],PYV,PYV,1.4341422319412231,5.157785892486572,0.4414785504341125,0.9131838083267212,1.0,0.8073050379753113,apo_apo,False,True,True
424,SKM,apob2978c18ed,A,apoeb78c816f2,A,4,[12],[12],SKM,SKM,2.049931049346924,4.952759265899658,0.699828565120697,0.8642350435256958,0.9989075660705566,0.8815465569496155,apo_apo,False,False,True
425,M0E,apo0136414c24,A,apo57f4206d50,A,4,[84],[84],M0E,M0E,8.828351974487305,2.572305679321289,1.5964486598968506,0.6834635734558105,0.8543741703033447,1.0767496824264526,apo_apo,False,False,False
426,PYV,apo33e443bbe7,A,apo96656ba683,A,4,[22],[22],PYV,PYV,2.7790088653564453,5.123701095581055,0.4014725983142853,0.9137917757034302,1.0,0.8059970736503601,apo_apo,False,False,True
427,M0E,apo0136414c24,A,apo1099b90b24,A,4,[77],[84],M0E,M0E,6.369297027587891,4.205092430114746,0.7388911247253418,0.8241906762123108,0.994071900844574,0.7810177803039551,apo_apo,False,False,False
428,SHR,apo6bf973c157,A,apoe14bda02ba,A,4,[19],[19],SHR,SHR,4.366433620452881,4.477715969085693,0.7091858386993408,0.8202930092811584,0.958470106124878,0.7273462414741516,apo_apo,False,False,False
429,MLY,apo33f7015dea,A,apoff18910305,A,4,[12],[12],MLY,MLY,7.656530857086182,4.372026443481445,0.4469936490058899,0.8462382555007935,0.9957265257835388,0.8831250071525574,apo_apo,False,False,False
430,SKM,apo364bca82c7,A,apob2978c18ed,A,4,[12],[12],SKM,SKM,1.2143205404281616,5.123616695404053,0.5418971180915833,0.8860804438591003,1.0,0.8525381088256836,apo_apo,False,True,True
431,SKM,apoc2bad139c1,A,apo57a2683458,A,4,[12],[12],SKM,SKM,2.3965377807617188,4.753114223480225,0.5357047319412231,0.8361456990242004,0.9452674984931946,0.7066099643707275,apo_apo,False,False,True
432,CAP,apof7693cb2b8,A,apof9db16d102,A,4,[21],[21],CAP,CAP,1.1281431913375854,4.829240322113037,0.6419534683227539,0.8652423024177551,0.8375301361083984,0.8047452569007874,apo_apo,False,True,True
433,M0E,apo1099b90b24,A,apo57f4206d50,A,4,[84],[77],M0E,M0E,8.769658088684082,2.48991322517395,1.535985827445984,0.6871482729911804,0.8982865214347839,1.0000630617141724,apo_apo,False,False,False
434,CPR,apoef50d79b8c,A,apo318c479944,A,4,[22],[22],CPR,CPR,0.9839211106300354,5.044975280761719,0.6158848404884338,0.872498631477356,0.9999264478683472,0.832824170589447,apo_apo,True,True,True
435,TYD,apoa6cedd5e6c,A,apobdb30dfd1f,A,4,[25],[25],TYD,TYD,1.3321841955184937,4.6132893562316895,0.475129634141922,0.8331974148750305,0.9883525371551514,0.7268857955932617,apo_apo,False,True,True
436,SKM,apo0f9e91a457,A,apoeb78c816f2,A,4,[12],[12],SKM,SKM,2.7184865474700928,4.530052185058594,0.8012838363647461,0.805191695690155,0.9614676833152772,0.8843676447868347,apo_apo,False,False,True
437,SKM,apob2978c18ed,A,apoc2bad139c1,A,4,[12],[12],SKM,SKM,1.7938634157180786,4.913633823394775,0.5725740790367126,0.8525932431221008,0.924144983291626,0.7779831290245056,apo_apo,False,True,True
438,SKM,apoc2bad139c1,A,apoeb78c816f2,A,4,[12],[12],SKM,SKM,2.3553030490875244,4.779208660125732,0.716636598110199,0.8486539721488953,0.9671573042869568,0.8477756977081299,apo_apo,False,False,True
439,SKM,apo364bca82c7,A,apoeb78c816f2,A,4,[12],[12],SKM,SKM,2.188640117645264,5.055251121520996,0.5902596712112427,0.8794506192207336,0.9792872071266174,0.871812105178833,apo_apo,False,False,True
440,CAP,apo0cb9dd8b79,A,apo7093949971,A,4,[21],[21],CAP,CAP,4.895455837249756,5.112893104553223,0.5354631543159485,0.893063485622406,0.9911819100379944,0.8205785751342773,apo_apo,False,False,False
441,CAP,apof9db16d102,A,apo7093949971,A,4,[21],[21],CAP,CAP,4.891132354736328,4.772185325622559,0.7166125774383545,0.8556042313575745,0.8276989459991455,0.783593475818634,apo_apo,False,False,False
442,CYT,apo5a9b8409d6,A,apo169ca1d20c,A,4,[8],[8],CYT,CYT,2.114610433578491,4.149142265319824,0.6709979772567749,0.8207670450210571,0.9587345123291016,0.7735545039176941,apo_apo,False,False,True
443,SKM,apo57a2683458,A,apoeb78c816f2,A,4,[12],[12],SKM,SKM,2.2318968772888184,4.711807727813721,0.6853782534599304,0.8258785009384155,0.9950100183486938,0.8039696216583252,apo_apo,False,False,True
444,CAA,apoed40d751c6,A,apo937cad989b,A,4,[54],[54],CAA,CAA,4.299166679382324,4.364863395690918,0.6734188795089722,0.8478593826293945,0.9984619617462158,0.7322508692741394,apo_apo,False,False,False
445,SKM,apo364bca82c7,A,apo0f9e91a457,A,4,[12],[12],SKM,SKM,1.9862271547317505,4.816269397735596,0.6919583082199097,0.8415953516960144,0.9998089671134948,0.786271333694458,apo_apo,False,True,True
446,SIA,apo0d0b42695c,A,apoe05bc91286,A,4,[21],[21],SIA,SIA,7.1520843505859375,3.726788282394409,0.5950226187705994,0.8813565969467163,0.9918627142906188,0.8326721787452698,apo_apo,False,False,False
447,SKM,apob2978c18ed,A,apo57a2683458,A,4,[12],[12],SKM,SKM,0.9936987161636353,4.676497459411621,0.7103463411331177,0.8145283460617065,0.9950059056282043,0.849297046661377,apo_apo,True,True,True
448,SIA,apo0d0b42695c,A,apo214d44df5b,A,4,[20],[21],SIA,SIA,7.226892471313477,3.991783142089844,0.6930220723152161,0.8823514580726624,0.995509147644043,0.8849558234214783,apo_apo,False,False,False
449,SKM,apo364bca82c7,A,apoc2bad139c1,A,4,[12],[12],SKM,SKM,1.244555950164795,4.924681186676025,0.5540981292724609,0.8570926785469055,0.8708834648132324,0.7886213064193726,apo_apo,False,True,True
450,F6P,apo72a4b9d979,A,apo442de7048d,A,4,[16],[16],F6P,F6P,3.192512273788452,4.8573079109191895,0.5171583294868469,0.8825006484985352,0.9793071150779724,0.7576799988746643,apo_apo,False,False,True
451,PQQ,apodeac7d5194,A,apo6ec54966a0,A,4,[24],[24],PQQ,PQQ,1.3221815824508667,4.201415061950684,0.7529467940330505,0.8486695289611816,0.9899156093597412,0.9620394110679626,apo_apo,False,True,True
452,VN4,apo998bb3ca3f,A,apo243dbcb124,A,4,[4],[4],VN4,VN4,1.9113906621932983,4.996717929840088,0.4897370636463165,0.867497444152832,0.9972081780433656,0.71832674741745,apo_apo,False,True,True
453,CAP,apo0cb9dd8b79,A,apof9db16d102,A,4,[21],[21],CAP,CAP,1.339598536491394,4.746018409729004,0.6008386611938477,0.8588499426841736,0.957755208015442,0.803543746471405,apo_apo,False,True,True
454,PC,apo5c5bfeb367,A,apo6142d24d09,A,4,[11],[11],PC,PC,2.520616054534912,4.808091163635254,0.4873026609420776,0.8673277497291565,0.9931211471557616,0.7040438055992126,apo_apo,False,False,True
455,TYD,apo3721324a05,A,apoa6cedd5e6c,A,4,[25],[25],TYD,TYD,1.5985709428787231,4.589008331298828,0.7418463230133057,0.8236615657806396,0.9909180998802184,0.8143231272697449,apo_apo,False,True,True
456,TYD,apo0119d595d5,A,apobdb30dfd1f,A,4,[25],[25],TYD,TYD,1.951010465621948,4.596945285797119,0.5877012014389038,0.8314189910888672,0.9866697788238524,0.7519069314002991,apo_apo,False,True,True
457,SKM,apo0f9e91a457,A,apoc2bad139c1,A,4,[12],[12],SKM,SKM,1.587623953819275,4.858016014099121,0.603219211101532,0.8510481119155884,0.981540024280548,0.8078494071960449,apo_apo,False,True,True
458,TTP,apoba6c9a6a3d,A,apob9237ccc51,A,4,[29],[29],TTP,TTP,7.398027420043945,3.697024345397949,0.6077247858047485,0.7340725064277649,0.9703404307365416,0.7476542592048645,apo_apo,False,False,False
459,1GP,apof5282a69e4,A,apo15878361a5,A,4,[10],[10],1GP,1GP,1.066301941871643,4.758508682250977,0.4536390602588653,0.8453839421272278,0.9940930604934692,0.7555484175682068,apo_apo,False,True,True
460,CAP,apof7693cb2b8,A,apo7093949971,A,4,[21],[21],CAP,CAP,4.863556861877441,4.91208553314209,0.514098048210144,0.8531452417373657,0.9975423216819764,0.8362501263618469,apo_apo,False,False,False
461,SKM,apo0f9e91a457,A,apo57a2683458,A,4,[12],[12],SKM,SKM,2.722895860671997,4.614394664764404,0.5169068574905396,0.821431577205658,0.99622905254364,0.8053425550460815,apo_apo,False,False,True
462,PQQ,apo2936580b07,A,apo6ec54966a0,A,4,[24],[24],PQQ,PQQ,0.9116017818450928,4.38063907623291,0.6292009949684143,0.886423647403717,0.9807997345924376,1.0015180110931396,apo_apo,True,True,True
463,SIA,apo214d44df5b,A,apoe05bc91286,A,4,[21],[20],SIA,SIA,5.7872161865234375,3.98341703414917,0.5096724629402161,0.8975746035575867,0.9967859387397766,0.8484769463539124,apo_apo,False,False,False
0,M6P,apoba014d106c,A,4rzc,A,0,[16],[16],M6P,M6P,3.1619763374328613,2.4469103813171387,1.55046808719635,0.699719250202179,0.8872010707855225,1.1964514255523682,apo_holo,False,False,True
1,TYD,apobdb30dfd1f,A,5tpv,B,0,[25],[25],TYD,TYD,4.986815929412842,2.2763328552246094,1.7169004678726196,0.7246870398521423,0.8639208674430847,1.1772733926773071,apo_holo,False,False,False
2,GST,4lls,A,apo35213b46ab,A,0,[19],[19],GST,GST,3.869715690612793,2.069798231124878,1.54049813747406,0.6194225549697876,0.4462103247642517,1.670514464378357,apo_holo,False,False,False
3,AMZ,4tx9,A,apoe6e72fc305,A,0,[22],[22],AMZ,AMZ,4.555008411407471,2.114340305328369,1.8143583536148071,0.6504813432693481,0.4090556800365448,1.2034454345703125,apo_holo,False,False,False
4,IPE,apof80eee5ece,A,4jzb,A,0,[14],[14],IPE,IPE,3.96745228767395,2.586577892303467,1.463334321975708,0.728473424911499,0.6046340465545654,1.346850037574768,apo_holo,False,False,True
5,TTP,4xjc,A,apoba6c9a6a3d,A,0,[29],[29],TTP,TTP,5.1204833984375,2.2666943073272705,1.5694152116775513,0.7191610932350159,0.552335262298584,1.1185222864151,apo_holo,False,False,False
6,CA,6jt5,A,apoc913451e22,A,0,[1],[1],CA,CA,7.712809085845947,2.477123260498047,1.7041682004928589,0.7441803812980652,0.895632266998291,1.0591249465942385,apo_holo,False,False,False
7,IPE,4dxj,A,apo76b71509fd,A,0,[14],[14],IPE,IPE,6.502674102783203,2.277393341064453,1.5156177282333374,0.7400599122047424,0.4524042010307312,1.0421886444091797,apo_holo,False,False,False
8,BU3,4j6r,L,apo383dde2faf,A,0,[6],[6],BU3,BU3,5.401292324066162,2.381495714187622,1.545716643333435,0.7090585231781006,0.871299147605896,1.1887686252593994,apo_holo,False,False,False
9,SAM,3okx,A,apo3edaafd604,A,0,[27],[27],SAM,SAM,6.025429725646973,2.345956802368164,1.4894403219223022,0.7414055466651917,0.5013911724090576,1.2870091199874878,apo_holo,False,False,False
10,GST,3vc1,D,apo5d38d709ef,A,0,[19],[19],GST,GST,5.310118198394775,2.4576287269592285,1.6538057327270508,0.7346677184104919,0.5070164799690247,1.1123055219650269,apo_holo,False,False,False
11,BEZ,1gxs,A,apoc7c28e23a2,A,0,[9],[9],BEZ,BEZ,4.339722156524658,2.5044023990631104,1.5104950666427612,0.763348400592804,0.8721468448638916,0.9171097278594972,apo_holo,False,False,False
12,IPE,4jzb,A,apo76b71509fd,A,0,[14],[14],IPE,IPE,6.971531391143799,2.369309186935425,1.7582449913024902,0.7109091281890869,0.5837262868881226,1.0956069231033323,apo_holo,False,False,False
13,AMZ,2r7k,A,apoe6e72fc305,A,0,[22],[22],AMZ,AMZ,5.6469550132751465,2.186091661453247,1.3613576889038086,0.6607764363288879,0.8132414817810059,1.172572374343872,apo_holo,False,False,False
14,RBF,apo5d61b7f6bc,A,3ddy,A,0,[27],[27],RBF,RBF,6.493999481201172,2.246856927871704,1.7985718250274658,0.6986485123634338,0.862687349319458,1.113564372062683,apo_holo,False,False,False
15,TYD,apob8d00776c6,A,5tpu,A,0,[25],[25],TYD,TYD,3.8278534412384033,2.2124040126800537,1.6932239532470703,0.6978893876075745,0.6172275543212891,1.1571801900863647,apo_holo,False,False,True
16,SAM,5x7f,A,apo218b3ecdc8,A,0,[27],[27],SAM,SAM,1.3914941549301147,4.5723748207092285,0.640972912311554,0.8216405510902405,0.989717185497284,0.7312155961990356,apo_holo,False,True,True
17,SIA,2v73,A,apof988af7c38,A,0,[21],[21],SIA,SIA,5.322652339935303,2.303422451019287,1.4947189092636108,0.669959545135498,0.8781741857528687,1.122051239013672,apo_holo,False,False,False
18,CAA,1buc,A,apo8e9f6a59b8,A,0,[54],[54],CAA,CAA,6.304569244384766,2.361313581466675,1.6268651485443115,0.696811318397522,0.8962893486022949,1.2336137294769287,apo_holo,False,False,False
19,PCG,apofde131c74c,A,6hq7,A,0,[23],[23],PCG,PCG,8.657665252685547,4.014681816101074,0.6589933037757874,0.7740094065666199,0.9967713356018066,0.8231863379478455,apo_holo,False,False,False
20,RBF,apo489c48cc19,A,5kbw,B,0,[27],[27],RBF,RBF,6.807916164398193,2.366245985031128,1.5150113105773926,0.7328872680664062,0.9158619046211244,1.117464303970337,apo_holo,False,False,False
21,BU3,5te4,G,apo383dde2faf,A,0,[6],[6],BU3,BU3,6.2856526374816895,2.3826403617858887,1.526852011680603,0.6681927442550659,0.921028971672058,1.7699772119522097,apo_holo,False,False,False
22,CA,1j5u,A,apoc414649f86,A,0,[1],[1],CA,CA,8.284483909606934,1.9306836128234863,1.873674988746643,0.6849563717842102,0.6475451588630676,1.2419525384902954,apo_holo,False,False,False
23,PQQ,apof55a791b1b,A,3das,A,0,[24],[24],PQQ,PQQ,4.574521064758301,2.25427770614624,1.5452991724014282,0.7128567695617676,0.8367252945899963,1.2714002132415771,apo_holo,False,False,False
24,SAM,apofd7fa63b48,A,5vm8,B,0,[27],[27],SAM,SAM,7.077767372131348,2.4643540382385254,1.4756417274475098,0.7359992861747742,0.7361161708831787,1.0780009031295776,apo_holo,False,False,False
25,CA,1t1e,A,apocadb7c2579,A,0,[1],[1],CA,CA,6.543091297149658,2.5785818099975586,1.577918291091919,0.740674614906311,0.5425077676773071,1.0442683696746826,apo_holo,False,False,False
26,HEM,1e9x,A,apo06bb6cdc41,A,0,[43],[43],HEM,HEM,5.775959014892578,2.4570136070251465,1.820357322692871,0.6778053045272827,0.8064073920249939,1.1809924840927124,apo_holo,False,False,False
27,ETA,1p4t,A,apo6c94d44e06,A,0,[4],[4],ETA,ETA,4.030843257904053,1.996185064315796,1.5054924488067627,0.7158671021461487,0.518044114112854,1.1679573059082031,apo_holo,False,False,False
28,PC,1o72,A,apo6142d24d09,A,0,[11],[11],PC,PC,5.866212844848633,2.1980104446411133,1.4992724657058716,0.6758165955543518,0.87887042760849,1.1756079196929932,apo_holo,False,False,False
29,TYD,apo4d523eb2b1,A,4e2x,A,0,[25],[25],TYD,TYD,7.794419765472412,2.157139301300049,1.4336321353912354,0.6457468867301941,0.4260881245136261,1.7057867050170898,apo_holo,False,False,False
30,GOA,apod4db826ba9,A,6gmb,A,0,[5],[5],GOA,GOA,2.265347480773926,1.90557861328125,1.60107684135437,0.7028292417526245,0.5673712491989136,0.995312750339508,apo_holo,False,False,True
31,CA,apof865c28f4d,A,6hbe,C,0,[1],[1],CA,CA,8.002005577087402,2.458005905151367,1.6033636331558228,0.717751145362854,0.4835784137248993,0.9158979058265686,apo_holo,False,False,False
32,FPP,apob3476afa77,A,7vqb,A,0,[24],[24],FPP,FPP,4.505822658538818,2.606283664703369,1.6141952276229858,0.7198144793510437,0.7035998702049255,1.4408376216888428,apo_holo,False,False,False
33,ENO,5zbf,A,apo85347866f2,A,0,[13],[13],ENO,ENO,3.9220149517059326,2.4684314727783203,1.786384105682373,0.7302168607711792,0.7864566445350647,1.0428489446640017,apo_holo,False,False,True
34,VO4,apo00b57c65a6,A,4usz,A,0,[5],[4],VO4,VO4,2.6018404960632324,2.635800361633301,1.4466495513916016,0.7080795764923096,0.8985623121261597,0.9877621531486512,apo_holo,False,False,True
35,HEM,apo06bb6cdc41,A,6hit,A,0,[43],[43],HEM,HEM,6.365675926208496,2.3932881355285645,1.5177420377731323,0.7107641100883484,0.5904995203018188,1.2043803930282593,apo_holo,False,False,False
36,FDA,3r7k,A,apo0e970d49e6,A,0,[53],[53],FDA,FDA,2.631445407867432,2.3820483684539795,1.4713915586471558,0.7085574269294739,0.7045417428016663,1.2134640216827393,apo_holo,False,False,True
37,K,2qv6,A,apob2881074d9,A,0,[1],[1],K,K,6.188138008117676,1.879602670669556,1.5445362329483032,0.6495111584663391,0.9056107997894288,1.1976516246795654,apo_holo,False,False,False
38,SAM,1sg9,A,apo89e4b80ffd,A,0,[27],[27],SAM,SAM,2.330128669738769,3.280156373977661,1.4821885824203491,0.7315371036529541,0.7913410067558289,1.1189011335372925,apo_holo,False,False,True
39,PC,2bib,A,apo1fa22c9d6d,A,0,[11],[11],PC,PC,7.211814880371094,2.350662469863892,1.3981837034225464,0.6429122686386108,0.8794472217559814,1.1047484874725342,apo_holo,False,False,False
40,NAI,apo8a47c39afc,A,8ct0,H,0,[44],[44],NAI,NAI,5.2448039054870605,2.8741772174835205,1.684563398361206,0.7568044066429138,0.7756917476654053,1.0718296766281128,apo_holo,False,False,False
41,BU3,3zyy,X,apob0d1d6ffe4,A,0,[6],[6],BU3,BU3,6.78801965713501,1.840956687927246,1.744885802268982,0.5041720271110535,0.831257164478302,2.229715585708618,apo_holo,False,False,False
42,NAI,6jw7,A,apo7b762ca870,A,0,[44],[44],NAI,NAI,6.131160736083984,1.8919248580932615,1.6057740449905396,0.6988154649734497,0.5793898105621338,1.2122856378555298,apo_holo,False,False,False
43,TFA,1n0q,B,apo1fb0db778e,A,0,[7],[6],TFA,TFA,6.1215338706970215,2.724480628967285,1.4265470504760742,0.7747185230255127,0.7123972177505493,1.0455074310302734,apo_holo,False,False,False
44,PQQ,apof55a791b1b,A,4aah,A,0,[24],[24],PQQ,PQQ,4.115396499633789,2.0415472984313965,1.559313178062439,0.7577664852142334,0.8746576309204102,1.1451278924942017,apo_holo,False,False,False
45,NDB,3kbo,A,apo051d7d6081,A,0,[11],[13],NDB,NDB,7.854915618896484,2.4106459617614746,1.6852871179580688,0.6982595324516296,0.9070512652397156,1.3173586130142212,apo_holo,False,False,False
46,NAI,1e3e,A,apo7b762ca870,A,0,[44],[44],NAI,NAI,7.020567893981934,2.3292806148529053,1.8357142210006716,0.6382330060005188,0.7149407863616943,1.766992449760437,apo_holo,False,False,False
47,RBF,apo5d61b7f6bc,A,3a35,A,0,[27],[27],RBF,RBF,7.198026657104492,2.1346609592437744,1.568363070487976,0.6759610176086426,0.9225254654884338,1.3057866096496582,apo_holo,False,False,False
48,CA,2ex5,A,apoe15b1ec78b,A,0,[1],[1],CA,CA,5.597423553466797,2.5196428298950195,1.4358196258544922,0.7270830273628235,0.9181373119354248,1.17033588886261,apo_holo,False,False,False
49,CA,apoe5441f8cc1,A,4kkm,B,0,[1],[1],CA,CA,4.341397285461426,2.197861909866333,1.6408331394195557,0.652214527130127,0.6358271241188049,1.2955430746078491,apo_holo,False,False,False
50,CA,apo9aaff034e6,A,3rrw,A,0,[1],[1],CA,CA,5.832940578460693,2.6646249294281006,1.747712016105652,0.7504737377166748,0.8567068576812744,1.0046619176864624,apo_holo,False,False,False
51,CA,apo8d6fde58d4,A,7t4s,F,0,[1],[1],CA,CA,8.706300735473633,2.1350905895233154,1.7923249006271362,0.6994009613990784,0.864873468875885,1.2636637687683103,apo_holo,False,False,False
52,SAM,5zw4,A,apo89e4b80ffd,A,0,[27],[27],SAM,SAM,2.3572301864624023,3.281039237976074,1.459465742111206,0.7485585808753967,0.8858465552330017,1.111536979675293,apo_holo,False,False,True
53,FDA,apo0e970d49e6,A,4x28,A,0,[53],[53],FDA,FDA,2.553830623626709,2.485124349594116,1.5500937700271606,0.7088978290557861,0.7682252526283264,1.144473433494568,apo_holo,False,False,True
54,NAI,2x0i,A,apo7b762ca870,A,0,[44],[44],NAI,NAI,6.9368767738342285,1.812736749649048,1.7820724248886108,0.6570715308189392,0.7218074798583984,1.3394659757614136,apo_holo,False,False,False
55,RBF,apo489c48cc19,A,4iil,A,0,[27],[27],RBF,RBF,5.363307952880859,2.099130153656006,1.627244472503662,0.6852496266365051,0.7878702878952026,1.253242254257202,apo_holo,False,False,False
56,FDA,3oib,A,apo0e970d49e6,A,0,[53],[53],FDA,FDA,2.520610809326172,2.6465461254119877,1.5746241807937622,0.7223572731018066,0.7539471983909607,1.2212786674499512,apo_holo,False,False,True
57,HEM,apo837d5797bf,A,4usc,A,0,[43],[43],HEM,HEM,6.431939125061035,2.248351573944092,1.550808668136597,0.7236487865447998,0.854888379573822,0.9828219413757324,apo_holo,False,False,False
58,PC,apo1014cc4ff4,A,2bib,A,0,[11],[11],PC,PC,5.106316566467285,2.7463836669921875,1.5252044200897217,0.6962438225746155,0.944516122341156,0.918415665626526,apo_holo,False,False,False
59,VO4,apo00b57c65a6,A,5aa6,B,0,[5],[4],VO4,VO4,3.829508066177368,2.3604860305786133,1.5891531705856323,0.7217942476272583,0.9250423908233644,1.0627641677856443,apo_holo,False,False,True
60,SAM,apofd7fa63b48,A,5ybb,A,0,[27],[27],SAM,SAM,7.025661468505859,2.559620141983032,1.6343138217926023,0.7506399154663086,0.6332117319107056,1.0320345163345337,apo_holo,False,False,False
61,TYD,apo3721324a05,A,3vbm,E,0,[25],[25],TYD,TYD,6.792144775390625,2.63077449798584,1.8218443393707275,0.685925304889679,0.8295695781707764,1.2388073205947876,apo_holo,False,False,False
62,CA,3tqu,A,apoa55de3f941,A,0,[1],[1],CA,CA,5.9476752281188965,2.062988519668579,1.6461877822875977,0.6798233389854431,0.7972776293754578,1.1108050346374512,apo_holo,False,False,False
63,CYT,5buv,A,apo5a9b8409d6,A,0,[8],[8],CYT,CYT,3.817509174346924,2.5237157344818115,1.3142876625061035,0.740841269493103,0.4341872036457062,1.094249963760376,apo_holo,False,False,False
64,KPL,1m3u,A,apo8d8bc9f607,A,0,[10],[10],KPL,KPL,5.944153308868408,2.553809881210327,1.5361270904541016,0.6774150133132935,0.8039131164550781,1.215050220489502,apo_holo,False,False,False
65,HEM,apo6b7c02796f,A,5bv5,B,0,[43],[43],HEM,HEM,5.206693172454834,2.220420360565185,1.487654209136963,0.6510353088378906,0.881526529788971,0.9955442547798156,apo_holo,False,False,False
66,RBF,apo9e85e46298,A,3ddy,A,0,[27],[27],RBF,RBF,6.8399834632873535,2.3898162841796875,1.692146062850952,0.7209376096725464,0.934488832950592,1.1325418949127195,apo_holo,False,False,False
67,HEM,2civ,A,apoc190153f00,A,0,[43],[43],HEM,HEM,5.558238983154297,2.3568315505981445,1.4376881122589111,0.7013978958129883,0.9000744819641113,1.1889292001724243,apo_holo,False,False,False
68,TYD,apo4d523eb2b1,A,3lv8,A,0,[25],[25],TYD,TYD,4.020800590515137,2.636474132537842,1.4732258319854736,0.756064772605896,0.93305903673172,1.085973620414734,apo_holo,False,False,False
69,TFA,4wpy,A,apo1fb0db778e,A,0,[7],[7],TFA,TFA,6.956489086151123,2.498489618301392,1.6186825037002563,0.7137380838394165,0.6380082368850708,1.2880998849868774,apo_holo,False,False,False
70,FDA,4mo2,B,apo0e37ab3f3e,A,0,[53],[53],FDA,FDA,3.9787793159484863,2.501760244369507,1.4376370906829834,0.7157735824584961,0.9411166310310364,1.2476000785827637,apo_holo,False,False,True
71,CA,apo32e51c762d,A,3a09,A,0,[1],[1],CA,CA,8.15544605255127,1.88726806640625,1.672715425491333,0.7033323645591736,0.5741897225379944,1.240856409072876,apo_holo,False,False,False
72,COH,3qzp,B,apo10f3e6cebd,A,0,[43],[43],COH,COH,5.263640880584717,2.410003900527954,1.650740146636963,0.7453485727310181,0.9637495279312134,1.2836953401565552,apo_holo,False,False,False
73,CYT,apo5a9b8409d6,A,7qoa,A,0,[8],[8],CYT,CYT,3.94306755065918,2.185000419616699,1.4423893690109253,0.7442047595977783,0.5720425248146057,1.0416460037231443,apo_holo,False,False,True
74,HEM,2y8h,A,apof82b81090c,A,0,[43],[43],HEM,HEM,5.185746669769287,1.9374868869781492,1.555265188217163,0.6134457588195801,0.9561423063278198,1.2483729124069214,apo_holo,False,False,False
75,PC,2bib,A,apo65f5d6f793,A,0,[11],[11],PC,PC,8.572579383850098,1.6866726875305176,1.7850767374038696,0.7090699672698975,0.8162266612052917,1.1004343032836914,apo_holo,False,False,False
76,CA,apo8be6c4e3b7,A,4lp7,D,0,[1],[1],CA,CA,7.431401252746582,2.4323084354400635,1.452290654182434,0.709357500076294,0.752988874912262,1.10784912109375,apo_holo,False,False,False
77,CA,apo6b42028fb0,A,3na6,A,0,[1],[1],CA,CA,7.573707580566406,2.469987392425537,1.687300682067871,0.7193711400032043,0.8556885719299316,0.984165370464325,apo_holo,False,False,False
78,CA,5m6d,A,apo0d650c653e,A,0,[1],[1],CA,CA,8.83790397644043,2.3546290397644043,1.5638347864151,0.696137547492981,0.5149270296096802,1.196941375732422,apo_holo,False,False,False
79,TTP,1w4r,A,apo95216f807b,A,0,[29],[29],TTP,TTP,6.346880912780762,1.9347565174102783,1.5424609184265137,0.7245070338249207,0.6369202136993408,1.130976676940918,apo_holo,False,False,False
80,3CX,apo50172c3537,A,7a3q,H,0,[15],[15],3CX,3CX,7.435233592987059,2.843766450881958,1.5916987657546997,0.726895272731781,0.99407297372818,1.2006217241287231,apo_holo,False,False,False
81,CAA,1buc,A,apoed40d751c6,A,0,[54],[54],CAA,CAA,6.343664169311523,2.185475349426269,1.7052708864212036,0.7143431901931763,0.6631633639335632,1.0320013761520386,apo_holo,False,False,False
82,CA,apoa96bded5bb,A,5tsq,A,0,[1],[1],CA,CA,3.1960599422454834,2.606342077255249,1.6154738664627075,0.7499164938926697,0.8154776096343994,1.0772117376327517,apo_holo,False,False,True
83,CA,1ay0,A,apo010fa41ad0,A,0,[1],[1],CA,CA,5.85327672958374,2.13435173034668,1.4732953310012815,0.6791000962257385,0.7671413421630859,1.2070999145507812,apo_holo,False,False,False
84,SAM,3vyw,D,apo89e4b80ffd,A,0,[27],[27],SAM,SAM,2.478422880172729,3.1838908195495605,1.5091285705566406,0.7441332936286926,0.8132916688919067,1.1282795667648315,apo_holo,False,False,True
85,CA,apo2cbb3e8de9,A,6f8z,A,0,[1],[1],CA,CA,7.619406700134277,1.947394847869873,1.573075532913208,0.646264910697937,0.8186458349227905,1.3845632076263428,apo_holo,False,False,False
86,HEM,apoe284d2aa5a,A,4qi7,A,0,[43],[43],HEM,HEM,8.287923812866211,2.4020533561706543,1.6925605535507202,0.6548042893409729,0.8616474270820618,1.223047375679016,apo_holo,False,False,False
87,IPE,3k4y,A,apo76b71509fd,A,0,[14],[14],IPE,IPE,5.683881759643555,2.278615474700928,1.5696885585784912,0.7012172937393188,0.9407564997673036,1.2194674015045166,apo_holo,False,False,False
88,AMZ,2r84,B,apoe6e72fc305,A,0,[22],[22],AMZ,AMZ,6.333258152008057,2.356429100036621,1.40911066532135,0.6741383671760559,0.7996650338172913,1.08772611618042,apo_holo,False,False,False
89,AMZ,5dn1,A,apoe6e72fc305,A,0,[22],[22],AMZ,AMZ,4.027858257293701,2.2583250999450684,1.4062533378601074,0.7037777900695801,0.8922514319419861,1.289136528968811,apo_holo,False,False,False
90,TTP,2ja1,A,apo95216f807b,A,0,[29],[29],TTP,TTP,5.071186542510986,1.9741723537445068,1.505292296409607,0.7258734703063965,0.6564779281616211,1.087995529174805,apo_holo,False,False,False
91,CA,4cvb,A,apo809c46c30a,A,0,[1],[1],CA,CA,7.6814703941345215,1.9733619689941408,1.6067368984222412,0.7670497894287109,0.8387316465377808,1.067311406135559,apo_holo,False,False,False
92,PQQ,apof55a791b1b,A,4cvb,A,0,[24],[24],PQQ,PQQ,4.46781063079834,2.542430639266968,1.6151994466781616,0.7510886788368225,0.8117552995681763,1.251827359199524,apo_holo,False,False,False
93,CA,3h4s,E,apo52004af1d3,A,0,[1],[1],CA,CA,0.9199745059013368,2.48331356048584,1.27842378616333,0.7123013734817505,0.9234452843666076,1.146899700164795,apo_holo,True,True,True
94,CA,3cjy,A,apo60591259c2,A,0,[1],[1],CA,CA,8.184234619140625,2.3241279125213623,1.4044241905212402,0.7189691066741943,0.9047082662582396,1.1286633014678955,apo_holo,False,False,False
95,CA,1xyn,A,apob0245a33ae,A,0,[1],[1],CA,CA,5.421653747558594,2.521392822265625,1.450859308242798,0.723723292350769,0.6544804573059082,1.320051193237305,apo_holo,False,False,False
96,SAM,apo7571e7ce4e,A,3okx,A,0,[27],[27],SAM,SAM,5.103700160980225,2.2758126258850098,1.4612382650375366,0.6979566216468811,0.8425832390785217,1.427168369293213,apo_holo,False,False,False
97,SAM,apofd7fa63b48,A,3e23,A,0,[27],[27],SAM,SAM,6.806639194488525,2.514627456665039,1.6998316049575806,0.7120938301086426,0.7417700290679932,1.291248083114624,apo_holo,False,False,False
98,DGT,2atz,A,apoc4f9eb2339,A,0,[31],[31],DGT,DGT,7.824595928192139,1.557814359664917,1.5593643188476562,0.6685053706169128,0.9235513210296632,1.439557671546936,apo_holo,False,False,False
99,CA,apo75788ed7ad,A,4jo2,H,0,[1],[1],CA,CA,6.59262752532959,2.6620934009552,1.5549336671829224,0.7148118019104004,0.6788701415061951,1.103842854499817,apo_holo,False,False,False
100,RBF,apo3272937f0a,A,3p5n,A,0,[27],[27],RBF,RBF,4.218465328216553,2.7849552631378174,1.5288633108139038,0.7552823424339294,0.5737364888191223,1.110629916191101,apo_holo,False,False,False
101,IPE,3k4y,A,apoba69899eaa,A,0,[14],[14],IPE,IPE,5.302912712097168,2.519500255584717,1.4679889678955078,0.7124283909797668,0.8495670557022095,1.1377429962158203,apo_holo,False,False,False
102,CYT,5buv,A,apo169ca1d20c,A,0,[8],[8],CYT,CYT,4.236551284790039,2.446474075317383,1.5401654243469238,0.7299110293388367,0.7501500248908997,1.1019327640533447,apo_holo,False,False,False
103,CA,apoe56eec81b4,A,4kpo,A,0,[1],[1],CA,CA,3.419302225112915,2.416998863220215,1.5113428831100464,0.7417426109313965,0.9441854953765868,0.9243177175521852,apo_holo,False,False,True
104,HEM,2c8s,A,apob10e68cba3,A,0,[43],[43],HEM,HEM,5.314533710479736,2.1816132068634038,1.6417808532714844,0.7316038608551025,0.8923479914665222,1.1254000663757324,apo_holo,False,False,False
105,HEM,apoaada7e5ea9,A,2isa,A,0,[43],[43],HEM,HEM,7.197202205657959,2.3649611473083496,1.5508244037628174,0.7092114090919495,0.9276461005210876,0.9688128232955932,apo_holo,False,False,False
106,CYT,apo169ca1d20c,A,7qoa,A,0,[8],[8],CYT,CYT,3.788415908813477,2.2130372524261475,1.3737133741378784,0.6908496618270874,0.7676220536231995,1.146112084388733,apo_holo,False,False,True
107,HEM,apob10e68cba3,A,4yu3,B,0,[43],[43],HEM,HEM,5.421310424804688,2.1430585384368896,1.6614673137664795,0.7089475393295288,0.9773157238960266,1.1310129165649414,apo_holo,False,False,False
108,CA,4qu6,A,apo605d987afa,A,0,[1],[1],CA,CA,6.470205307006836,1.8933727741241453,1.6532472372055054,0.7450358867645264,0.6526300311088562,1.204892873764038,apo_holo,False,False,False
109,HEM,2q8p,A,apob8bda36ef9,A,0,[43],[43],HEM,HEM,7.204324722290039,2.5546112060546875,1.5508099794387815,0.695209801197052,0.99652498960495,1.0527560710906982,apo_holo,False,False,False
110,CA,apo77caab6a59,A,1zzh,B,0,[1],[1],CA,CA,7.581019401550293,2.4048495292663574,1.457934021949768,0.703396737575531,0.7786804437637329,1.0864684581756592,apo_holo,False,False,False
111,CA,apodaa912f502,A,3m0j,A,0,[1],[1],CA,CA,7.129800319671631,2.452344417572021,1.5784908533096311,0.7458435297012329,0.7892279028892517,1.0413625240325928,apo_holo,False,False,False
112,CA,1c07,A,apod7284a9aa4,A,0,[1],[1],CA,CA,7.699966907501221,2.423962116241455,1.695408582687378,0.716508150100708,0.8750447034835815,1.2073286771774292,apo_holo,False,False,False
113,RBF,apo489c48cc19,A,4d1y,A,0,[27],[27],RBF,RBF,7.436465263366699,2.2462024688720703,1.5843982696533203,0.719514787197113,0.9326216578483582,1.1640745401382446,apo_holo,False,False,False
114,CA,2ism,B,apo67a6e1ca31,A,0,[1],[1],CA,CA,8.219289779663086,2.721496105194092,1.4698253870010376,0.7193666696548462,0.9147056937217712,1.2124813795089722,apo_holo,False,False,False
115,TTP,3o0n,A,apo95216f807b,A,0,[29],[29],TTP,TTP,8.170515060424805,2.0274500846862797,1.547944188117981,0.6722744107246399,0.8363547325134277,1.4346253871917725,apo_holo,False,False,False
116,HEM,2dge,A,apo4e63ebcfcd,A,0,[43],[43],HEM,HEM,5.689138889312744,2.044067859649658,1.4893933534622192,0.7174447178840637,0.938518226146698,1.2128546237945557,apo_holo,False,False,False
117,RBF,apo489c48cc19,A,4r3a,A,0,[27],[27],RBF,RBF,7.851260185241699,2.0845603942871094,1.440065622329712,0.6994600892066956,0.8739974498748779,1.2721995115280151,apo_holo,False,False,False
118,CA,1fi6,A,apo48036f3de5,A,0,[1],[1],CA,CA,3.877309799194336,2.184289932250977,1.737426996231079,0.744637131690979,0.896679162979126,1.140493392944336,apo_holo,False,False,True
119,NAI,5zz7,A,apo7b762ca870,A,0,[44],[44],NAI,NAI,6.497729301452637,2.1831071376800537,1.7807499170303345,0.6320220232009888,0.845866858959198,1.2570973634719849,apo_holo,False,False,False
120,TTP,2uz3,B,apo95216f807b,A,0,[29],[29],TTP,TTP,6.257507801055908,2.003519296646118,1.433394432067871,0.7057368159294128,0.7495372891426086,1.1429699659347534,apo_holo,False,False,False
121,CA,3lag,A,apo320296d911,A,0,[1],[1],CA,CA,7.053328514099121,2.2900562286376958,1.626850962638855,0.736863911151886,0.6308748126029968,1.1090142726898191,apo_holo,False,False,False
122,HEM,3mvc,A,apoc190153f00,A,0,[43],[43],HEM,HEM,6.068630218505859,2.5412325859069824,1.5233185291290283,0.6944246292114258,0.9389267563819884,1.1659703254699707,apo_holo,False,False,False
123,CA,apoaefadbf3fd,A,6ajc,A,0,[1],[1],CA,CA,6.414218902587891,2.100226402282715,1.5976253747940063,0.6564111709594727,0.8118813633918762,1.3585790395736694,apo_holo,False,False,False
124,K,4jay,A,apo559322ca14,A,0,[1],[1],K,K,7.309723377227783,2.076211452484131,1.566286325454712,0.7070602774620056,0.4241587221622467,1.2722193002700806,apo_holo,False,False,False
125,TTP,1xje,A,apo95216f807b,A,0,[29],[29],TTP,TTP,8.160477638244629,2.1447207927703857,1.616858959197998,0.6048756241798401,0.8846926689147949,1.1986029148101809,apo_holo,False,False,False
126,NAI,apo1b33a4a05a,A,8ct0,H,0,[44],[27],NAI,NAI,4.916741371154785,3.0263843536376958,1.5040801763534546,0.7539212703704834,0.8038633465766907,1.0931774377822876,apo_holo,False,False,False
127,HEM,1d7c,A,apo06bb6cdc41,A,0,[43],[43],HEM,HEM,7.15300178527832,2.2114977836608887,1.5794570446014404,0.6961804628372192,0.525612473487854,1.3756163120269775,apo_holo,False,False,False
128,HEM,apo6b7c02796f,A,3p3o,A,0,[43],[43],HEM,HEM,5.03912878036499,2.0107645988464355,1.4837791919708252,0.6812431812286377,0.8166610598564148,1.1096562147140503,apo_holo,False,False,False
129,M6P,4rzc,A,apo88a64fa370,A,0,[16],[16],M6P,M6P,4.056509017944336,2.9825549125671387,1.6722012758255005,0.7756167650222778,0.8242009878158569,1.0872011184692385,apo_holo,False,False,False
130,K,apo22b84035b3,A,6npl,A,0,[1],[1],K,K,7.152460098266602,2.2473628520965576,1.4682613611221311,0.6632551550865173,0.556581437587738,1.3706696033477783,apo_holo,False,False,False
131,CA,apo5143efa9a8,A,2kpn,A,0,[1],[1],CA,CA,7.657742023468018,2.0810678005218506,1.640470027923584,0.6676942706108093,0.9663718342781068,1.0523481369018557,apo_holo,False,False,False
132,PQQ,1flg,A,apof55a791b1b,A,0,[24],[24],PQQ,PQQ,3.8793752193450928,2.011295795440674,1.5789437294006348,0.7124131321907043,0.7434567213058472,1.144217848777771,apo_holo,False,False,True
133,TYD,apo4d523eb2b1,A,1rrv,A,0,[25],[25],TYD,TYD,4.32905387878418,2.2863924503326416,1.6645736694335938,0.7578874826431274,0.828378438949585,1.0013468265533447,apo_holo,False,False,False
134,RBF,apo3272937f0a,A,4r3a,A,0,[27],[27],RBF,RBF,7.621683597564697,2.625762939453125,1.4523847103118896,0.7429870963096619,0.7258315682411194,1.091039776802063,apo_holo,False,False,False
135,PC,1o72,A,apo5c5bfeb367,A,0,[11],[11],PC,PC,6.054835796356201,2.396094799041748,1.5534957647323608,0.6802962422370911,0.9247403144836426,1.3001261949539185,apo_holo,False,False,False
136,HEM,apo6b214a8989,A,5ysw,A,0,[43],[43],HEM,HEM,5.534417152404785,2.065191984176636,1.6330674886703491,0.7356905341148376,0.544894814491272,1.184266209602356,apo_holo,False,False,False
137,CA,1je5,B,apo503f36beee,A,0,[1],[1],CA,CA,6.012017726898193,2.302480697631836,1.5460261106491089,0.7197078466415405,0.9267879128456116,1.0687114000320437,apo_holo,False,False,False
138,TFA,3gsh,A,apo1fb0db778e,A,0,[7],[7],TFA,TFA,5.667329788208008,2.1591272354125977,1.628421187400818,0.7314537763595581,0.3928855359554291,1.2090400457382202,apo_holo,False,False,False
139,IPE,apof80eee5ece,A,4lls,A,0,[14],[14],IPE,IPE,4.750288486480713,2.5348384380340576,1.6026687622070312,0.7385521531105042,0.8926103115081787,1.2579095363616943,apo_holo,False,False,False
140,CA,apoc6a23925c5,A,4qu6,A,0,[1],[1],CA,CA,7.799349784851074,2.906221628189087,1.5600438117980957,0.6896257400512695,0.8867177367210388,0.9518505930900574,apo_holo,False,False,False
141,HEM,apo952d75356a,A,3buj,A,0,[43],[43],HEM,HEM,7.431480407714844,2.251394748687744,1.4696122407913208,0.6913039088249207,0.6257679462432861,1.2604975700378418,apo_holo,False,False,False
142,IPE,4lls,A,apo76b71509fd,A,0,[14],[14],IPE,IPE,6.212101936340332,2.2662582397460938,1.5044944286346436,0.7386829853057861,0.9072024822235109,1.1702349185943604,apo_holo,False,False,False
143,FDA,3sf6,A,apo0e970d49e6,A,0,[53],[53],FDA,FDA,2.644202709197998,2.5433883666992188,1.5459555387496948,0.7058317065238953,0.6755863428115845,1.160443663597107,apo_holo,False,False,True
144,SAM,3tka,A,apo89e4b80ffd,A,0,[27],[27],SAM,SAM,2.347111701965332,3.2940587997436523,1.550020694732666,0.7316637635231018,0.9580066204071044,1.06747567653656,apo_holo,False,False,True
145,SF4,apo3c95f2c9f9,A,5oy0,A,0,[8],[8],SF4,SF4,9.0497407913208,2.102086305618286,1.4573906660079956,0.5635879039764404,0.5301327705383301,1.2906439304351809,apo_holo,False,False,False
146,PCG,6hq7,A,apo52f4408300,A,0,[23],[23],PCG,PCG,2.346054792404175,4.244467735290527,0.6040623784065247,0.8048895001411438,0.9913321137428284,0.7354136109352112,apo_holo,False,False,True
147,FDA,3pfd,C,apo0e970d49e6,A,0,[53],[53],FDA,FDA,2.5928125381469727,2.536590099334717,1.4439760446548462,0.6917620897293091,0.6407917737960815,1.229738712310791,apo_holo,False,False,True
148,CA,1m8t,A,apo8037daa8e2,A,0,[1],[1],CA,CA,4.899794578552246,2.489440441131592,1.533864140510559,0.7441776990890503,0.9474487900733948,1.2558186054229736,apo_holo,False,False,False
149,TTP,apo1450cb4c8a,A,4xjc,A,0,[29],[29],TTP,TTP,5.882321834564209,2.491737365722656,1.5193500518798828,0.7261253595352173,0.8175477981567383,1.2446486949920654,apo_holo,False,False,False
150,BG6,2cir,A,apo95f6af94d0,A,0,[16],[16],BG6,BG6,4.236189365386963,2.5687825679779053,1.5827571153640747,0.710681676864624,0.8865286111831665,1.077321171760559,apo_holo,False,False,False
151,TYD,apo7b54455720,A,5tpv,B,0,[25],[25],TYD,TYD,2.983505725860596,2.480674266815185,1.567102551460266,0.737947404384613,0.7911158800125122,1.0494853258132937,apo_holo,False,False,True
152,HEM,apo38880bbb35,A,5d3u,A,0,[43],[43],HEM,HEM,7.251058101654053,2.684596538543701,1.4634106159210205,0.7538550496101379,0.4798610508441925,1.182422757148743,apo_holo,False,False,False
153,HEM,apob10e68cba3,A,6j94,A,0,[43],[43],HEM,HEM,6.849545955657959,2.275622844696045,1.545651912689209,0.7154721021652222,0.7148140072822571,1.0343114137649536,apo_holo,False,False,False
154,CA,1iq3,A,apo14d8a71752,A,0,[1],[1],CA,CA,7.1620635986328125,2.5297927856445312,1.5907119512557983,0.7307204604148865,0.8431580066680908,1.0740679502487185,apo_holo,False,False,False
155,CA,apo89fdb9f5d6,A,3mmz,D,0,[1],[1],CA,CA,6.723437309265137,2.4203085899353027,1.560752272605896,0.676406741142273,0.8679107427597046,1.211358666419983,apo_holo,False,False,False
156,SF4,4tpu,A,apoee35b1a84b,A,0,[8],[8],SF4,SF4,6.865253925323486,2.2212648391723637,1.6567418575286863,0.6837654709815979,0.5761983394622803,1.689495086669922,apo_holo,False,False,False
157,CAA,1buc,A,apo937cad989b,A,0,[54],[54],CAA,CAA,6.453507423400879,2.3100035190582275,1.6084065437316897,0.7226410508155823,0.7668745517730713,0.9787003993988036,apo_holo,False,False,False
158,CA,1fzd,A,apoe4e4254c05,A,0,[1],[1],CA,CA,7.328117370605469,2.1406912803649902,1.420954942703247,0.5754320025444031,0.9718589186668396,1.4582936763763428,apo_holo,False,False,False
159,HEM,1dlw,A,apo4e63ebcfcd,A,0,[43],[43],HEM,HEM,4.735604286193848,2.060027599334717,1.5381232500076294,0.7433759570121765,0.9226569533348083,1.2656012773513794,apo_holo,False,False,False
160,SAM,2r3a,A,apodba9c249dc,A,0,[27],[27],SAM,SAM,2.327702522277832,3.4154064655303955,1.4713810682296753,0.7496290802955627,0.8512783646583557,1.1055364608764648,apo_holo,False,False,True
161,SAM,apo42ddd2042d,A,2r3a,A,0,[27],[27],SAM,SAM,2.431112766265869,3.164243698120117,1.5272622108459473,0.7559804916381836,0.7735028266906738,1.0546700954437256,apo_holo,False,False,True
162,NAI,apo9b86f2866a,A,8ct0,H,0,[44],[44],NAI,NAI,4.738762855529785,2.5776848793029785,1.7715911865234375,0.6855211853981018,0.4778870344161987,1.04288911819458,apo_holo,False,False,False
163,TYD,apo4d523eb2b1,A,3oth,A,0,[25],[25],TYD,TYD,3.93347430229187,2.264816999435425,1.6339868307113647,0.749665379524231,0.8889281749725342,0.9485496878623962,apo_holo,False,False,True
164,PQQ,1lrw,A,apof55a791b1b,A,0,[24],[24],PQQ,PQQ,4.103036880493164,2.332180976867676,1.5109169483184814,0.7229223251342773,0.6679173707962036,1.1739422082901,apo_holo,False,False,False
165,FPP,1t0a,A,apob3476afa77,A,0,[24],[24],FPP,FPP,6.851337909698486,2.343799352645874,1.4471535682678225,0.7076507210731506,0.84569251537323,1.1849583387374878,apo_holo,False,False,False
166,FUL,apo9b541a929a,A,4a34,I,0,[11],[10],FUL,FUL,8.630915641784668,2.3067545890808105,1.6553298234939575,0.5926172733306885,0.5999566912651062,1.1294012069702148,apo_holo,False,False,False
167,TYD,apo7b54455720,A,5tpu,A,0,[25],[25],TYD,TYD,4.638916492462158,2.703784465789795,1.4372200965881348,0.7371652126312256,0.902854859828949,1.0887188911437988,apo_holo,False,False,False
168,SAM,4k36,A,apo218b3ecdc8,A,0,[27],[27],SAM,SAM,3.812733888626098,2.5293667316436768,1.3903777599334717,0.692599892616272,0.8351504802703857,1.3541935682296753,apo_holo,False,False,True
169,HEM,4esa,D,apo06bb6cdc41,A,0,[43],[43],HEM,HEM,6.359979629516602,2.218692779541016,1.602628231048584,0.7268929481506348,0.7179760336875916,1.144974708557129,apo_holo,False,False,False
170,SAM,1p91,A,apo89e4b80ffd,A,0,[27],[27],SAM,SAM,4.889610290527344,2.91227388381958,1.3999689817428589,0.6763655543327332,0.8109415769577026,1.3598514795303345,apo_holo,False,False,False
171,PQQ,apof55a791b1b,A,4mae,A,0,[24],[24],PQQ,PQQ,4.557949542999268,2.260682821273804,1.5237523317337036,0.7548174858093262,0.8656666874885559,1.0708272457122805,apo_holo,False,False,False
172,AND,1coy,A,apoc964a91256,A,0,[21],[21],AND,AND,5.533524990081787,2.1526265144348145,1.5357789993286133,0.693691074848175,0.9186044335365297,1.329138159751892,apo_holo,False,False,False
173,SF4,1isu,A,apoecffb133be,A,0,[8],[8],SF4,SF4,7.401035308837891,1.5849342346191406,1.540089726448059,0.6970283389091492,0.7307908535003662,1.1668776273727417,apo_holo,False,False,False
174,CA,2v72,A,apo3b0dfc1bf2,A,0,[1],[1],CA,CA,7.233559131622314,2.299901962280273,1.5104949474334717,0.6959735155105591,0.8171858787536621,0.9600914120674132,apo_holo,False,False,False
175,CA,apob9b68ff5cd,A,5ere,A,0,[1],[1],CA,CA,8.519576072692871,2.3315415382385254,1.4148720502853394,0.7114969491958618,0.8270176649093628,1.3733097314834597,apo_holo,False,False,False
176,SAM,2a5h,B,apo218b3ecdc8,A,0,[27],[27],SAM,SAM,5.760193347930908,2.205183744430542,1.7810907363891602,0.7213891744613647,0.7520256638526917,1.1720997095108032,apo_holo,False,False,False
177,TYD,apo4d523eb2b1,A,3rsc,A,0,[25],[25],TYD,TYD,5.465306282043457,2.4716038703918457,1.5186152458190918,0.7364704012870789,0.8746147751808167,1.225864052772522,apo_holo,False,False,False
178,HEM,2rfb,A,apob10e68cba3,A,0,[43],[43],HEM,HEM,4.973984241485596,2.460146427154541,1.3561302423477173,0.6745538711547852,0.7580400705337524,1.2799044847488403,apo_holo,False,False,False
179,CA,2ea7,A,apo43feadcb10,A,0,[1],[1],CA,CA,7.851358890533447,2.515222549438477,1.5146085023880005,0.7301406860351562,0.641478955745697,1.222981095314026,apo_holo,False,False,False
180,SF4,3h31,A,apo0262b01f14,A,0,[8],[8],SF4,SF4,6.65471887588501,2.614992618560791,1.4499874114990234,0.576946496963501,0.8069244623184204,1.2645695209503174,apo_holo,False,False,False
181,CA,apo6b42028fb0,A,2py2,A,0,[1],[1],CA,CA,7.804100036621094,2.3095877170562744,1.7782814502716064,0.7012320160865784,0.9910829663276672,1.523880124092102,apo_holo,False,False,False
182,SAM,apofd7fa63b48,A,1g60,A,0,[27],[27],SAM,SAM,7.180531978607178,2.598037004470825,1.7103370428085327,0.7723311185836792,0.677689254283905,1.0815421342849731,apo_holo,False,False,False
183,CA,apo9dd7208ad3,A,3qm2,B,0,[1],[1],CA,CA,7.900904178619385,2.417067527770996,1.6833016872406006,0.7416434288024902,0.924746036529541,1.1466094255447388,apo_holo,False,False,False
184,CA,1tlq,A,apobbaf3d7632,A,0,[1],[1],CA,CA,7.530461311340332,2.7259976863861084,1.4040664434432983,0.7368109822273254,0.8846533298492432,1.2725892066955566,apo_holo,False,False,False
185,RBF,apo9e85e46298,A,3p5n,A,0,[27],[27],RBF,RBF,5.922130107879639,2.4425272941589355,1.6609892845153809,0.7023696303367615,0.8903720378875732,1.233559250831604,apo_holo,False,False,False
186,SAM,2nv4,A,apo3edaafd604,A,0,[27],[27],SAM,SAM,5.767746925354004,2.320974826812744,1.6186037063598633,0.7615368366241455,0.6777642369270325,1.1191434860229492,apo_holo,False,False,False
187,TYD,3lv8,A,apoe9a08fdd69,A,0,[25],[25],TYD,TYD,6.8844194412231445,2.46695876121521,1.5297236442565918,0.719913899898529,0.6733928322792053,1.204394817352295,apo_holo,False,False,False
188,SAM,2plw,A,apo89e4b80ffd,A,0,[27],[27],SAM,SAM,2.6050572395324707,3.315700054168701,1.5662449598312378,0.7477853298187256,0.7843856811523438,1.090242624282837,apo_holo,False,False,True
189,CA,apo0ca0430a9d,A,2n8y,A,0,[1],[1],CA,CA,8.200900077819824,1.8832674026489256,1.7111660242080688,0.7223762273788452,0.5536741614341736,1.0866308212280271,apo_holo,False,False,False
190,TTP,4xjc,A,apob9237ccc51,A,0,[29],[29],TTP,TTP,4.939554214477539,2.2818753719329834,1.3673532009124756,0.7121631503105164,0.4616019129753113,1.1023602485656738,apo_holo,False,False,False
191,NAI,apo3c9b9e3c2a,A,8ct0,H,0,[44],[36],NAI,NAI,5.09112024307251,2.807488203048706,1.57865309715271,0.7391691207885742,0.7615963816642761,1.0041550397872925,apo_holo,False,False,False
192,SAM,apo75a68138d6,A,5v3h,A,0,[27],[27],SAM,SAM,2.388184070587158,3.1168642044067383,1.542676329612732,0.7043762803077698,0.8630601763725281,1.2209830284118652,apo_holo,False,False,True
193,ENO,apo45ebb5382c,A,5zbf,A,0,[13],[13],ENO,ENO,4.673595428466797,1.825892448425293,1.4721500873565674,0.6897622346878052,0.5969358682632446,1.2593470811843872,apo_holo,False,False,False
194,CA,apoe2ce7d6f4c,A,4y90,A,0,[1],[1],CA,CA,3.490791082382202,2.3064780235290527,1.4162806272506714,0.6842055916786194,0.8271625638008118,1.0868934392929075,apo_holo,False,False,True
195,CA,apoa83783886b,A,7dmk,A,0,[1],[1],CA,CA,7.571367263793945,2.040621757507324,1.5802820920944214,0.7187929153442383,0.7773305177688599,0.966486155986786,apo_holo,False,False,False
196,CA,apo3e1304512f,A,5guw,A,0,[1],[1],CA,CA,6.554184913635254,2.0888047218322754,1.5936274528503418,0.7236888408660889,0.4677720069885254,1.071527361869812,apo_holo,False,False,False
197,K,2gj8,D,apob2881074d9,A,0,[1],[1],K,K,5.931215286254883,2.2544312477111816,1.3928029537200928,0.6821265816688538,0.8930341005325317,1.4981602430343628,apo_holo,False,False,False
198,TYD,apo3721324a05,A,4mzu,F,0,[25],[25],TYD,TYD,7.909597396850586,2.313438892364502,1.578791856765747,0.6918905973434448,0.7700487375259399,1.1131176948547363,apo_holo,False,False,False
199,FDA,1tvc,A,apo0e37ab3f3e,A,0,[53],[53],FDA,FDA,5.061873912811279,2.6598124504089355,1.6294500827789309,0.7000005841255188,0.5460383892059326,1.2124814987182615,apo_holo,False,False,False
200,CA,1d2l,A,apo7f35c80e4b,A,0,[1],[1],CA,CA,4.525048732757568,2.25454044342041,1.5972462892532349,0.7203612923622131,0.6811286211013794,0.9221675395965576,apo_holo,False,False,False
201,RBF,apo489c48cc19,A,2vxa,A,0,[27],[27],RBF,RBF,6.340954303741455,2.2524781227111816,1.630708932876587,0.6318244934082031,0.9542281031608582,1.3520097732543943,apo_holo,False,False,False
202,PQQ,apof55a791b1b,A,2d0v,A,0,[24],[24],PQQ,PQQ,4.05897331237793,2.21394681930542,1.536378026008606,0.7462502121925354,0.785660982131958,1.1356886625289917,apo_holo,False,False,False
203,NAI,apo7b762ca870,A,6vw7,D,0,[27],[44],NAI,NAI,5.320305824279785,2.113630771636963,1.5630823373794556,0.6280050873756409,0.8461556434631348,1.3236007690429688,apo_holo,False,False,False
204,CA,apob72f2c9392,A,3b9x,C,0,[1],[1],CA,CA,3.2415575981140137,2.865408182144165,1.6355987787246704,0.7192525267601013,0.5603004097938538,1.1331478357315063,apo_holo,False,False,True
205,M6P,4rzc,A,apo703b2f492b,A,0,[16],[16],M6P,M6P,5.209072113037109,2.5714097023010254,1.4520224332809448,0.7565388679504395,0.8115732073783875,1.1136970520019531,apo_holo,False,False,False
206,SAM,apo6783e453af,A,2r3a,A,0,[27],[27],SAM,SAM,2.349959373474121,3.174178123474121,1.4136431217193604,0.724703311920166,0.823632538318634,1.1092264652252195,apo_holo,False,False,True
207,SAM,3dcm,X,apo89e4b80ffd,A,0,[27],[27],SAM,SAM,3.4304754734039307,2.796205520629883,1.5622947216033936,0.7346964478492737,0.877649188041687,1.1471383571624756,apo_holo,False,False,True
208,K,apo7398b20969,A,6npl,A,0,[1],[1],K,K,5.695032119750977,2.194058895111084,1.595102071762085,0.7444730401039124,0.8378565907478333,1.1290949583053589,apo_holo,False,False,False
209,CA,2fmd,A,apo292fbd3669,A,0,[1],[1],CA,CA,4.773303985595703,2.5187196731567383,1.411422848701477,0.7234159111976624,0.8792782425880432,0.9693725109100342,apo_holo,False,False,False
210,CA,1wky,A,apofbffd3f1d3,A,0,[1],[1],CA,CA,8.104053497314453,2.249041080474853,1.4737282991409302,0.7156461477279663,0.5008835196495056,1.2404639720916748,apo_holo,False,False,False
211,CA,apoc25b445e6f,A,3a09,A,0,[1],[1],CA,CA,8.063045501708984,2.3776330947875977,1.6276935338974,0.693132758140564,0.9813147187232972,1.1082755327224731,apo_holo,False,False,False
212,TYD,apo0119d595d5,A,4mzu,F,0,[25],[25],TYD,TYD,7.980730533599853,2.566202163696289,1.6614121198654177,0.6854560375213623,0.7404634356498718,1.0582938194274902,apo_holo,False,False,False
213,SAM,apofd7fa63b48,A,3ou7,A,0,[27],[27],SAM,SAM,6.94553279876709,2.838407516479492,1.4970636367797852,0.7118498086929321,0.922527551651001,1.249322533607483,apo_holo,False,False,False
214,FDA,3atq,A,apo0e37ab3f3e,A,0,[53],[53],FDA,FDA,3.681846618652344,2.7598347663879395,1.3574951887130735,0.7019603252410889,0.8545204997062683,1.3987247943878174,apo_holo,False,False,True
215,SAM,3gcz,A,apo89e4b80ffd,A,0,[27],[27],SAM,SAM,3.287862777709961,3.0965352058410645,1.509778380393982,0.7096874117851257,0.8424486517906189,1.1744520664215088,apo_holo,False,False,True
216,CA,apoecb5e337e5,A,4aah,A,0,[1],[1],CA,CA,6.050760746002197,2.3598690032958984,1.7242467403411863,0.7316442131996155,0.5762636065483093,1.22281014919281,apo_holo,False,False,False
217,CA,apob9b68ff5cd,A,2c5u,A,0,[1],[1],CA,CA,7.996762275695801,2.0733766555786133,1.5336203575134275,0.6314330101013184,0.9630349278450012,1.112786054611206,apo_holo,False,False,False
218,TYD,apo4d523eb2b1,A,6vlo,A,0,[25],[25],TYD,TYD,4.601770877838135,2.414940595626831,1.352489948272705,0.7275257110595703,0.9391118884086608,1.3443444967269895,apo_holo,False,False,False
219,NAI,1gz6,B,apo7b762ca870,A,0,[44],[44],NAI,NAI,6.186978816986084,2.099653482437134,1.5375906229019165,0.6824461817741394,0.8962801098823547,1.1364948749542236,apo_holo,False,False,False
220,CA,apo59407ed774,A,5swi,B,0,[1],[1],CA,CA,5.99517297744751,2.625120162963867,1.2176002264022827,0.732090950012207,0.9205052256584167,1.0127304792404177,apo_holo,False,False,False
221,RBF,apo9e85e46298,A,5kbw,B,0,[27],[27],RBF,RBF,5.329176902770996,2.7631020545959477,1.500212788581848,0.756005048751831,0.8821718692779541,1.2495537996292114,apo_holo,False,False,False
222,RBF,apo3272937f0a,A,5kbw,B,0,[27],[27],RBF,RBF,3.991669416427612,2.530359029769897,1.673171043395996,0.7129335403442383,0.7470943927764893,1.1342159509658811,apo_holo,False,False,True
223,TYD,2pae,A,apo3721324a05,A,0,[25],[25],TYD,TYD,6.252604961395264,2.275692939758301,1.5177578926086426,0.7114535570144653,0.9130825400352478,0.8415060639381409,apo_holo,False,False,False
224,SAM,3dlc,A,apo218b3ecdc8,A,0,[27],[27],SAM,SAM,1.4897992610931396,4.644659996032715,0.7282170057296753,0.8258796334266663,0.9379424452781676,0.7481361627578735,apo_holo,False,True,True
225,NAI,6cdf,A,apo7b762ca870,A,0,[44],[44],NAI,NAI,7.166584491729736,1.878567695617676,1.4957410097122192,0.6670165061950684,0.8055651783943176,1.3364508152008057,apo_holo,False,False,False
226,SAM,3q87,B,apo89e4b80ffd,A,0,[27],[27],SAM,SAM,2.2039315700531006,3.188696384429932,1.502107858657837,0.7147915959358215,0.8501031994819641,1.0297085046768188,apo_holo,False,False,True
227,CA,4aqt,A,apoc417c76aff,A,0,[1],[1],CA,CA,8.376886367797852,1.709299087524414,1.88412344455719,0.7086200714111328,0.4579792618751526,0.9026655554771424,apo_holo,False,False,False
228,RBF,apo5d61b7f6bc,A,3p5n,A,0,[27],[27],RBF,RBF,6.50294303894043,2.280611276626587,1.6404848098754885,0.7118129134178162,0.904197096824646,1.1806241273880005,apo_holo,False,False,False
229,TYD,apoa6cedd5e6c,A,5tpv,B,0,[25],[25],TYD,TYD,6.335998058319092,2.43129825592041,1.6168934106826782,0.7895029187202454,0.7316283583641052,1.1288840770721436,apo_holo,False,False,False
230,TYD,apob8d00776c6,A,5tpv,B,0,[25],[25],TYD,TYD,5.190915107727051,2.453749418258667,1.5660592317581177,0.6874019503593445,0.6573472023010254,1.152849555015564,apo_holo,False,False,False
231,CA,2gwr,A,apo14bbc9c150,A,0,[1],[1],CA,CA,3.77910828590393,2.5929291248321533,1.358007788658142,0.6798900365829468,0.9213371872901917,1.166075348854065,apo_holo,False,False,True
232,TTP,1mc3,A,apo95216f807b,A,0,[29],[29],TTP,TTP,6.162422180175781,2.467942476272583,1.4203720092773438,0.6949775815010071,0.7946811318397522,1.3126095533370972,apo_holo,False,False,False
233,NAI,apo38fd9e3bee,A,8ct0,H,0,[44],[44],NAI,NAI,4.783773899078369,3.008028507232666,1.3889869451522827,0.746552050113678,0.8437179923057556,1.1416447162628174,apo_holo,False,False,False
234,FDA,apo0e970d49e6,A,4iv6,B,0,[53],[53],FDA,FDA,2.735870122909546,2.6078498363494877,1.5958468914031982,0.7321326732635498,0.7731816172599792,1.1317983865737915,apo_holo,False,False,True
235,NAI,4n54,A,apo7b762ca870,A,0,[44],[44],NAI,NAI,6.03781270980835,2.27579402923584,1.5427354574203491,0.6520311236381531,0.9196338653564452,1.047744870185852,apo_holo,False,False,False
236,RBF,apo3272937f0a,A,2vxa,A,0,[27],[27],RBF,RBF,4.950478553771973,2.2567098140716557,1.5822196006774902,0.7318205237388611,0.9042823910713196,1.0701487064361572,apo_holo,False,False,False
237,SAM,4lg1,A,apo89e4b80ffd,A,0,[27],[27],SAM,SAM,2.237586736679077,3.168908834457397,1.4784988164901731,0.7176011204719543,0.7383311986923218,1.1502642631530762,apo_holo,False,False,True
238,SAM,2nv4,A,apoa049c7a917,A,0,[27],[27],SAM,SAM,6.926052093505859,2.672985792160034,1.4848918914794922,0.7322351932525635,0.8030914664268494,1.13269305229187,apo_holo,False,False,False
239,SAM,apofd7fa63b48,A,3fzg,A,0,[27],[27],SAM,SAM,6.962096214294434,2.474621057510376,1.715131163597107,0.7496538758277893,0.8364055752754211,1.093119978904724,apo_holo,False,False,False
240,SAM,5n5d,A,apo218b3ecdc8,A,0,[27],[27],SAM,SAM,1.4647916555404663,4.620418071746826,0.7094731330871582,0.8364726901054382,0.9988165497779846,0.716176450252533,apo_holo,False,True,True
241,RBF,apo489c48cc19,A,3p5n,A,0,[27],[27],RBF,RBF,7.271322727203369,2.251742362976074,1.6175718307495115,0.7597588896751404,0.939052939414978,0.979850172996521,apo_holo,False,False,False
242,SAM,apof8f1672997,A,3okx,A,0,[27],[27],SAM,SAM,7.429240703582764,2.0049216747283936,1.600141167640686,0.6492513418197632,0.9630529284477234,1.5796736478805542,apo_holo,False,False,False
243,RBF,apo3272937f0a,A,4iil,A,0,[27],[27],RBF,RBF,5.400938034057617,2.1899685859680176,1.5766613483428955,0.7098210453987122,0.8603302240371704,1.0939334630966189,apo_holo,False,False,False
244,BG6,2cir,A,apob90cad9cbd,A,0,[16],[16],BG6,BG6,7.19097375869751,2.381230592727661,1.587202072143555,0.7376680374145508,0.9426450729370116,1.2691041231155396,apo_holo,False,False,False
245,CA,apo1c3651d2d2,A,6n4d,D,0,[1],[1],CA,CA,5.261633396148682,2.0071351528167725,1.372003436088562,0.6786433458328247,0.8466328382492065,1.1006032228469849,apo_holo,False,False,False
246,CA,3sqg,A,apo8dac777825,A,0,[1],[1],CA,CA,8.267874717712402,1.9491138458251955,1.5958900451660156,0.64363694190979,0.9755945205688475,1.3596585988998413,apo_holo,False,False,False
247,PQQ,apof55a791b1b,A,6dam,A,0,[24],[24],PQQ,PQQ,2.8445611000061035,2.078331232070923,1.5987788438796997,0.7309247255325317,0.8155661225318909,1.0764107704162598,apo_holo,False,False,True
248,CA,apo2d0879eddd,A,4sbv,C,0,[1],[1],CA,CA,7.261547565460205,1.8540494441986084,1.6546229124069214,0.6912767291069031,0.7957401871681213,1.0708050727844238,apo_holo,False,False,False
249,NAI,2dkn,A,apo7b762ca870,A,0,[44],[44],NAI,NAI,7.034055233001709,2.176703453063965,1.8209730386734009,0.6794514656066895,0.7948018312454224,1.0556695461273191,apo_holo,False,False,False
250,TYD,apo0119d595d5,A,5tpu,A,0,[25],[25],TYD,TYD,4.52046537399292,2.484649419784546,1.5471991300582886,0.7586959600448608,0.5879942178726196,1.0151875019073486,apo_holo,False,False,False
251,PQQ,apof55a791b1b,A,5xm3,A,0,[24],[24],PQQ,PQQ,4.97977876663208,2.3586974143981934,1.45611572265625,0.7406603097915649,0.6922145485877991,1.0798192024230957,apo_holo,False,False,False
252,CA,1bh6,A,apoeee4dcb16e,A,0,[1],[1],CA,CA,7.352993965148926,2.574490785598755,1.2803077697753906,0.7188926935195923,0.8131728172302246,1.086613655090332,apo_holo,False,False,False
253,CA,apoc8c9394abe,A,3fyb,B,0,[1],[1],CA,CA,6.859733581542969,2.48029899597168,1.389401078224182,0.7118101119995117,0.9797171950340272,1.3442682027816772,apo_holo,False,False,False
254,CA,2ess,A,apoc6a9d5022c,A,0,[1],[1],CA,CA,8.323189735412598,2.1927456855773926,1.6432044506072998,0.6938436627388,0.924616277217865,1.3244682550430298,apo_holo,False,False,False
255,CA,apod942eb9a99,A,7nit,D,0,[1],[1],CA,CA,8.45837116241455,1.5355048179626465,1.488879680633545,0.6094924211502075,0.7765045762062073,1.5618841648101809,apo_holo,False,False,False
256,CA,4gdj,B,apo1ad410930f,A,0,[1],[1],CA,CA,7.656524181365967,2.219607353210449,1.5644798278808594,0.6734367609024048,0.7884978652000427,1.2452664375305176,apo_holo,False,False,False
257,CA,apodd7da14ad2,A,2xfg,A,0,[1],[1],CA,CA,7.739495754241943,2.5046019554138184,1.3815431594848633,0.7220556139945984,0.8735851645469666,1.3027435541152954,apo_holo,False,False,False
258,CA,apo631ce0067f,A,3ge4,A,0,[1],[1],CA,CA,6.279181003570557,2.423391342163086,1.5823386907577517,0.6744830012321472,0.5736287236213684,1.0012034177780151,apo_holo,False,False,False
259,CA,3q13,A,apo0856f353f7,A,0,[1],[1],CA,CA,8.175344467163086,1.8424190282821653,1.780143141746521,0.538520097732544,0.2925214171409607,1.454079508781433,apo_holo,False,False,False
260,CA,2i7a,A,apoaba9112247,A,0,[1],[1],CA,CA,7.232907295227051,2.2193245887756348,1.6048636436462402,0.7113713026046753,0.7142701148986816,1.0423563718795776,apo_holo,False,False,False
261,FDA,3ukk,A,apo0e37ab3f3e,A,0,[53],[53],FDA,FDA,3.692273139953613,2.51561975479126,1.3791718482971191,0.6713083386421204,0.9042612910270692,1.136507868766785,apo_holo,False,False,True
262,CA,apo9aaff034e6,A,3dxp,A,0,[1],[1],CA,CA,7.068168640136719,2.373727798461914,1.6299558877944946,0.7212293148040771,0.9789412617683412,1.1026819944381714,apo_holo,False,False,False
263,NAI,1o0s,A,apo7b762ca870,A,0,[44],[44],NAI,NAI,6.152140140533447,1.733072280883789,1.6374000310897827,0.6569026708602905,0.829570472240448,1.3290358781814575,apo_holo,False,False,False
264,CA,3usu,A,apob1bbb15746,A,0,[1],[1],CA,CA,6.327368259429932,2.504159927368164,1.438401222229004,0.7320441007614136,0.9003345370292664,0.9917775392532348,apo_holo,False,False,False
265,FDA,apo0e970d49e6,A,4n5f,A,0,[53],[53],FDA,FDA,2.644523859024048,2.7701191902160645,1.5678938627243042,0.7042219638824463,0.6913147568702698,1.2587753534317017,apo_holo,False,False,True
266,CA,3dzc,A,apoa6ac90cc67,A,0,[1],[1],CA,CA,8.418581008911133,2.500862598419189,1.5855015516281128,0.7541922330856323,0.7949230670928955,0.9332937002182008,apo_holo,False,False,False
267,CA,2e3x,B,apo016e4f7180,A,0,[1],[1],CA,CA,7.71395206451416,2.6593105792999268,1.6126302480697632,0.7568102478981018,0.5673931241035461,1.1342629194259644,apo_holo,False,False,False
268,TYD,apo4d523eb2b1,A,4g2t,A,0,[25],[25],TYD,TYD,4.282182693481445,2.5483381748199463,1.509533405303955,0.7421013712882996,0.6609035134315491,1.0538486242294312,apo_holo,False,False,False
269,NAI,apoabbffcddc8,A,8ct0,H,0,[44],[44],NAI,NAI,5.237917423248291,2.8078689575195312,1.5499393939971924,0.7473335862159729,0.4214340448379516,0.915640652179718,apo_holo,False,False,False
270,NAI,apodc159d30e1,A,8ct0,H,0,[44],[44],NAI,NAI,5.049816131591797,2.881545066833496,1.5190690755844116,0.7569311857223511,0.7215842604637146,0.93626070022583,apo_holo,False,False,False
271,CA,apofa4862e1de,A,8gyr,B,0,[1],[1],CA,CA,8.774117469787598,2.104243278503418,1.4073615074157717,0.6300535798072815,0.979752480983734,1.2943875789642334,apo_holo,False,False,False
272,CA,apo474d3c57c8,A,2olg,A,0,[1],[1],CA,CA,7.58772611618042,1.7102737426757812,1.4689569473266602,0.6358965635299683,0.9450681805610656,1.106738805770874,apo_holo,False,False,False
273,CA,apoa96bded5bb,A,2bl0,B,0,[1],[1],CA,CA,7.925258636474609,2.2011501789093018,1.4247571229934692,0.7206264138221741,0.9439924955368042,1.120973825454712,apo_holo,False,False,False
274,TTP,2j87,D,apo95216f807b,A,0,[29],[29],TTP,TTP,6.36175537109375,1.9818882942199707,1.5684959888458252,0.7045988440513611,0.5809213519096375,1.2344427108764648,apo_holo,False,False,False
275,CA,apo201baba6f3,A,4w65,A,0,[1],[1],CA,CA,7.495810031890869,2.2821786403656006,1.659462571144104,0.7101046442985535,0.8316280245780945,0.9849745035171508,apo_holo,False,False,False
276,TYD,3vbm,E,apobdb30dfd1f,A,0,[25],[25],TYD,TYD,7.127896308898926,2.542178153991699,1.8086369037628172,0.724179208278656,0.865911066532135,1.180119276046753,apo_holo,False,False,False
277,TYD,3vbm,E,apoa6cedd5e6c,A,0,[25],[25],TYD,TYD,7.0110697746276855,2.510561943054199,1.7773815393447876,0.7095670104026794,0.7484682202339172,1.2067726850509644,apo_holo,False,False,False
278,CA,2bl0,C,apo78da5fe39b,A,0,[1],[1],CA,CA,8.35054874420166,2.2059130668640137,1.4734574556350708,0.6932807564735413,0.8576599955558777,1.0599552392959597,apo_holo,False,False,False
279,IPE,apof80eee5ece,A,4dxj,A,0,[14],[14],IPE,IPE,5.214104175567627,2.842426300048828,1.4168516397476196,0.6879124641418457,0.591990053653717,1.3018718957901,apo_holo,False,False,False
280,RBF,apo3272937f0a,A,6n7f,A,0,[27],[27],RBF,RBF,5.9706244468688965,2.487865686416626,1.5082428455352783,0.6805236339569092,0.4928734004497528,1.1606115102767944,apo_holo,False,False,False
281,TYD,2v54,A,apoe9a08fdd69,A,0,[25],[25],TYD,TYD,6.793564319610596,2.4206159114837646,1.540530800819397,0.7071719765663147,0.9350572824478148,1.087504506111145,apo_holo,False,False,False
282,RBF,apo489c48cc19,A,6n7f,A,0,[27],[27],RBF,RBF,6.670114517211914,1.7957274913787842,1.5067894458770752,0.697851836681366,0.9110125303268432,1.3600940704345703,apo_holo,False,False,False
283,TYD,3oth,A,apoe9a08fdd69,A,0,[25],[25],TYD,TYD,6.628687858581543,2.004544496536255,1.438308835029602,0.7073915600776672,0.767159104347229,0.9770699739456176,apo_holo,False,False,False
284,K,apo559322ca14,A,6npl,A,0,[1],[1],K,K,5.480212688446045,1.6734559535980225,1.6123371124267578,0.6682295799255371,0.70627760887146,1.4649513959884644,apo_holo,False,False,False
285,TYD,3rsc,A,apoe9a08fdd69,A,0,[25],[25],TYD,TYD,6.666985511779785,2.176491498947144,1.5489767789840698,0.7109279036521912,0.4517212510108948,1.1273348331451416,apo_holo,False,False,False
286,CA,apoca96797202,A,7ehg,E,0,[1],[1],CA,CA,6.499101161956787,2.1166367530822754,1.5163242816925049,0.7536053657531738,0.9215825200080872,1.078274130821228,apo_holo,False,False,False
287,SF4,1isu,A,apoa322bb6fb6,A,0,[8],[8],SF4,SF4,6.84604549407959,2.1849679946899414,1.7113138437271118,0.548407793045044,0.9972144961357116,1.205971360206604,apo_holo,False,False,False
288,CA,apo2154602018,A,2kpn,A,0,[1],[1],CA,CA,7.743018627166748,2.177006244659424,1.3416452407836914,0.6415399312973022,0.6136438250541687,1.4550164937973022,apo_holo,False,False,False
289,TYD,2pae,A,apo0119d595d5,A,0,[25],[25],TYD,TYD,5.027936458587647,2.271662712097168,1.695858120918274,0.7039642930030823,0.893929660320282,1.065580129623413,apo_holo,False,False,False
290,TTP,apodca2890c4d,A,4xjc,A,0,[29],[29],TTP,TTP,7.884971618652344,2.1825742721557617,1.693456530570984,0.6436183452606201,0.5062205195426941,1.1963059902191162,apo_holo,False,False,False
291,TYD,apoa6cedd5e6c,A,4mzu,F,0,[25],[25],TYD,TYD,7.99293851852417,2.447089672088623,1.5355862379074097,0.706394612789154,0.5970416069030762,1.0445042848587036,apo_holo,False,False,False
292,K,apo5634e23ee1,A,6npl,A,0,[1],[1],K,K,5.879919052124023,2.281477212905884,1.756303787231445,0.6616012454032898,0.9347525238990784,1.2053674459457395,apo_holo,False,False,False
293,FDA,3itg,A,apo0e37ab3f3e,A,0,[53],[53],FDA,FDA,4.076183795928955,2.671119213104248,1.5764808654785156,0.7042179107666016,0.733045756816864,1.0474870204925537,apo_holo,False,False,False
294,FDA,4tlx,A,apo0e37ab3f3e,A,0,[53],[53],FDA,FDA,3.677189588546753,2.470811128616333,1.710371017456055,0.6754168272018433,0.5812013745307922,1.6256073713302612,apo_holo,False,False,True
295,FDA,4jnq,A,apo0e37ab3f3e,A,0,[53],[53],FDA,FDA,3.726007699966431,2.4964616298675537,1.578000545501709,0.715571939945221,0.7571189403533936,1.1970824003219604,apo_holo,False,False,True
296,K,2qv6,A,apo559322ca14,A,0,[1],[1],K,K,7.062016487121582,2.063776016235352,1.626888394355774,0.7439830899238586,0.941652536392212,1.0914734601974487,apo_holo,False,False,False
297,TYD,apoe9a08fdd69,A,6vlo,A,0,[25],[25],TYD,TYD,6.79352617263794,2.151416778564453,1.815894603729248,0.6823304891586304,0.5726243853569031,1.0930842161178589,apo_holo,False,False,False
298,RBF,apo5d61b7f6bc,A,5kbw,B,0,[27],[27],RBF,RBF,4.9105658531188965,2.5602941513061523,1.481826901435852,0.730633556842804,0.8829384446144104,1.0482927560806274,apo_holo,False,False,False
299,TYD,apoa6cedd5e6c,A,5tpu,A,0,[25],[25],TYD,TYD,4.994494915008545,2.541961193084717,1.6621917486190796,0.7694792747497559,0.7736983895301819,0.9676997065544128,apo_holo,False,False,False
300,TYD,apo4d523eb2b1,A,1pn3,A,0,[25],[25],TYD,TYD,4.559711933135986,2.18593692779541,1.6441195011138916,0.7220287919044495,0.8735771179199219,1.1293872594833374,apo_holo,False,False,False
301,TYD,apo3721324a05,A,5tpv,B,0,[25],[25],TYD,TYD,5.796865463256836,2.1787729263305664,1.633099913597107,0.7256613373756409,0.8075435161590576,1.0489484071731567,apo_holo,False,False,False
302,K,apob680d44f71,A,6npl,A,0,[1],[1],K,K,7.242952346801758,2.226658582687378,1.6716026067733765,0.648148238658905,0.9653401970863342,1.309808373451233,apo_holo,False,False,False
303,TYD,1pn3,A,apoe9a08fdd69,A,0,[25],[25],TYD,TYD,6.898996353149414,1.915421724319458,1.6598328351974487,0.7527559399604797,0.7040802240371704,1.0426501035690308,apo_holo,False,False,False
304,TYD,3vbm,E,apo7b54455720,A,0,[25],[25],TYD,TYD,6.979799747467041,2.811535596847534,1.62628436088562,0.757157564163208,0.9275089502334596,1.0253498554229736,apo_holo,False,False,False
305,PQQ,apof55a791b1b,A,8gy2,A,0,[24],[24],PQQ,PQQ,3.2068982124328613,2.185790538787842,1.6905522346496582,0.7019380331039429,0.7383310794830322,1.3391132354736328,apo_holo,False,False,True
306,FDA,3swo,A,apo0e970d49e6,A,0,[53],[53],FDA,FDA,2.522493362426758,2.5475761890411377,1.6365529298782349,0.7247247695922852,0.7017690539360046,1.186468243598938,apo_holo,False,False,True
307,SF4,1pih,A,apo1ec04f1101,A,0,[8],[8],SF4,SF4,7.464494705200195,1.8878989219665527,1.7325992584228516,0.7026363611221313,0.9380209445953368,1.243030667304993,apo_holo,False,False,False
308,TYD,1r66,A,apoe9a08fdd69,A,0,[25],[25],TYD,TYD,7.054598331451416,2.160172939300537,1.5375795364379885,0.6527198553085327,0.7119982242584229,1.2192614078521729,apo_holo,False,False,False
309,K,2gj8,D,apo559322ca14,A,0,[1],[1],K,K,6.847436904907227,2.242368221282959,1.4986594915390017,0.7310789227485657,0.6947000026702881,1.388501763343811,apo_holo,False,False,False
310,TYD,apob8d00776c6,A,3vbm,E,0,[25],[25],TYD,TYD,7.645399570465088,2.49405288696289,1.5993285179138184,0.706764280796051,0.8896462321281433,1.163508653640747,apo_holo,False,False,False
311,TYD,apo4d523eb2b1,A,2v54,A,0,[25],[25],TYD,TYD,4.404152870178223,2.366626501083374,1.6955536603927612,0.7708379030227661,0.8429813385009766,0.9023243188858032,apo_holo,False,False,False
312,PQQ,apof55a791b1b,A,4mh1,B,0,[24],[24],PQQ,PQQ,4.737207889556885,2.074540138244629,1.5241293907165527,0.7724329829216003,0.7227298617362976,1.070862889289856,apo_holo,False,False,False
313,TYD,apob8d00776c6,A,4mzu,F,0,[25],[25],TYD,TYD,5.411231994628906,2.4311442375183105,1.597454071044922,0.6772656440734863,0.7585799694061279,1.0410462617874146,apo_holo,False,False,False
314,TYD,2pae,A,apo7b54455720,A,0,[25],[25],TYD,TYD,4.311620235443115,2.674368143081665,1.4728225469589231,0.7534396052360535,0.9425534009933472,1.0516430139541626,apo_holo,False,False,False
315,PQQ,apof55a791b1b,A,6zcv,A,0,[24],[24],PQQ,PQQ,4.0172319412231445,2.0032076835632324,1.617956042289734,0.7533712387084961,0.8114360570907593,1.1390280723571775,apo_holo,False,False,False
316,TYD,apo4d523eb2b1,A,6b5e,B,0,[25],[25],TYD,TYD,7.414899826049805,2.461611270904541,1.7115098237991333,0.7005151510238647,0.9005697965621948,1.0352222919464111,apo_holo,False,False,False
317,TYD,apo4d523eb2b1,A,3hjn,A,0,[25],[25],TYD,TYD,4.149580001831055,2.797536849975586,1.360542058944702,0.7878971695899963,0.922957718372345,1.0202455520629885,apo_holo,False,False,False
318,TTP,4xjc,A,apo07a533bd13,A,0,[29],[29],TTP,TTP,4.852592945098877,2.3547277450561523,1.7096633911132812,0.7166754603385925,0.8731291890144348,1.4430947303771973,apo_holo,False,False,False
319,FDA,apo0e970d49e6,A,4xvx,B,0,[53],[53],FDA,FDA,2.9658896923065186,2.498162031173706,1.7755714654922483,0.7029477953910828,0.7968094348907471,1.1177715063095093,apo_holo,False,False,True
320,SIA,4d62,A,apof988af7c38,A,0,[21],[21],SIA,SIA,8.214863777160645,2.1519429683685303,1.488911509513855,0.6341433525085449,0.8075883984565735,1.6790350675582886,apo_holo,False,False,False
321,K,4jay,A,apob2881074d9,A,0,[1],[1],K,K,5.445366382598877,2.2146196365356445,1.5258342027664185,0.7493139505386353,0.9749771356582642,1.0286463499069214,apo_holo,False,False,False
322,TYD,4mzu,F,apobdb30dfd1f,A,0,[25],[25],TYD,TYD,8.05262279510498,2.578711032867432,1.7759344577789309,0.6644654870033264,0.6221740245819092,1.0639492273330688,apo_holo,False,False,False
323,TYD,apo4d523eb2b1,A,4lxq,B,0,[25],[25],TYD,TYD,5.827665328979492,2.56642484664917,1.400266408920288,0.7289609313011169,0.8572545051574707,1.191760778427124,apo_holo,False,False,False
324,TYD,2pae,A,apoa6cedd5e6c,A,0,[25],[25],TYD,TYD,6.90532922744751,2.3921661376953125,1.562008023262024,0.7426916360855103,0.8447908163070679,1.2278215885162354,apo_holo,False,False,False
325,FDA,3rha,A,apo0e37ab3f3e,A,0,[53],[53],FDA,FDA,4.021476268768311,2.6638851165771484,1.6374620199203491,0.7623114585876465,0.7886373400688171,1.1662336587905884,apo_holo,False,False,False
326,TYD,apo3721324a05,A,5tpu,A,0,[25],[25],TYD,TYD,6.249063014984131,2.218022584915161,1.597706913948059,0.6633906364440918,0.7465201616287231,1.299572467803955,apo_holo,False,False,False
327,TYD,3vbm,E,apo0119d595d5,A,0,[25],[25],TYD,TYD,6.255096912384033,2.274702548980713,1.5525192022323608,0.7351973056793213,0.8266648650169373,1.0629678964614868,apo_holo,False,False,False
328,RBF,apo3272937f0a,A,4d1y,A,0,[27],[27],RBF,RBF,7.041128158569336,2.6872096061706543,1.478440284729004,0.732771098613739,0.9420090317726136,1.1673675775527954,apo_holo,False,False,False
329,FDA,apo0e970d49e6,A,4m9a,B,0,[53],[53],FDA,FDA,2.6761815547943115,2.748492956161499,1.5531766414642334,0.6922762989997864,0.6925472021102905,1.2843263149261477,apo_holo,False,False,True
330,TYD,apobdb30dfd1f,A,5tpu,A,0,[25],[25],TYD,TYD,3.7312259674072266,2.292587757110596,1.6024527549743652,0.7226465344429016,0.7416592836380005,1.020624041557312,apo_holo,False,False,True
331,K,apo144c39e067,A,6npl,A,0,[1],[1],K,K,7.587542533874512,1.773115873336792,1.7203134298324585,0.6620550155639648,0.9191436171531676,1.432009220123291,apo_holo,False,False,False
332,TYD,apob8d00776c6,A,2pae,A,0,[25],[25],TYD,TYD,4.948622226715088,2.401275157928467,1.4927856922149658,0.7264153361320496,0.412223070859909,1.0715513229370115,apo_holo,False,False,False
333,TYD,4g2t,A,apoe9a08fdd69,A,0,[25],[25],TYD,TYD,6.523407936096191,2.2006020545959477,1.5555098056793213,0.711391806602478,0.5346766710281372,1.0224497318267822,apo_holo,False,False,False
334,RBF,apo9e85e46298,A,3a35,A,0,[27],[27],RBF,RBF,6.085085391998291,2.3946685791015625,1.6653937101364136,0.6958861947059631,0.8406506776809692,1.1955493688583374,apo_holo,False,False,False
335,TYD,1rrv,A,apoe9a08fdd69,A,0,[25],[25],TYD,TYD,6.470832824707031,1.815056324005127,1.4839383363723757,0.7340148687362671,0.6638750433921814,0.997128129005432,apo_holo,False,False,False
336,K,apo8711722b82,A,6npl,A,0,[1],[1],K,K,8.665146827697754,2.0295352935791016,1.5435945987701416,0.5741854906082153,0.4817799925804138,1.0926663875579834,apo_holo,False,False,False
337,TYD,4mzu,F,apo7b54455720,A,0,[25],[25],TYD,TYD,4.583088397979736,2.2456674575805664,1.5450278520584106,0.6637135148048401,0.9738590121269226,1.5760647058486938,apo_holo,False,False,False
338,TYD,4lxq,B,apoe9a08fdd69,A,0,[25],[25],TYD,TYD,7.317567348480225,2.213977813720703,1.7235761880874634,0.7301154732704163,0.6369194388389587,1.3052175045013428,apo_holo,False,False,False
339,TYD,apoe9a08fdd69,A,6b5e,B,0,[25],[25],TYD,TYD,7.471975803375244,2.298494577407837,1.6666312217712402,0.7099034190177917,0.5982058048248291,1.1866376399993896,apo_holo,False,False,False
340,TYD,apo0119d595d5,A,5tpv,B,0,[25],[25],TYD,TYD,5.233915328979492,2.350746154785156,1.7357752323150637,0.742836594581604,0.6577164530754089,1.0482808351516724,apo_holo,False,False,False
341,TYD,4e2x,A,apoe9a08fdd69,A,0,[25],[25],TYD,TYD,7.83071756362915,2.379290103912353,1.529263615608215,0.7171614766120911,0.7011162638664246,1.0463694334030151,apo_holo,False,False,False
342,TYD,3hjn,A,apoe9a08fdd69,A,0,[25],[25],TYD,TYD,6.805295944213867,2.2075445652008057,1.5299042463302612,0.7205648422241211,0.4106012284755707,1.2389317750930786,apo_holo,False,False,False
343,TYD,apo4d523eb2b1,A,1r66,A,0,[25],[25],TYD,TYD,5.370928764343262,2.385800361633301,1.5558501482009888,0.6922143697738647,0.8827019333839417,1.1615068912506104,apo_holo,False,False,False
344,TYD,2pae,A,apobdb30dfd1f,A,0,[25],[25],TYD,TYD,3.767650604248047,2.606923341751098,1.6252987384796145,0.7103613018989563,0.8107752203941345,0.9770941734313964,apo_holo,False,False,True
345,1GP,apo58adbd4ccd,A,4jej,A,1,[10],[10],1GP,1GP,4.853785991668701,2.810378074645996,1.4102612733840942,0.7139102220535278,0.9617013335227966,1.070692777633667,apo_holo,False,False,False
346,AZM,apof868c5ca11,A,4xiw,C,1,[13],[13],AZM,AZM,4.230916500091553,2.5010952949523926,1.6069291830062866,0.7053163051605225,0.4776579439640045,0.976782500743866,apo_holo,False,False,False
347,NAI,apo550ef7e2ba,A,6ct6,B,1,[44],[44],NAI,NAI,2.7441208362579346,3.1699435710906982,1.484925627708435,0.7570111751556396,0.6433346271514893,0.9964628219604492,apo_holo,False,False,True
348,SF4,2a5h,B,apo39ca58ccee,A,1,[8],[8],SF4,SF4,7.813300132751465,2.1432201862335205,1.615535855293274,0.737608015537262,0.7118191719055176,0.9977583289146424,apo_holo,False,False,False
349,NAI,apoad92680901,A,3fhm,A,1,[44],[44],NAI,NAI,3.705878496170044,2.8740639686584477,1.4345440864562988,0.7202475070953369,0.6990525722503662,1.1191805601119995,apo_holo,False,False,True
350,SAM,apof8f1672997,A,3uj7,A,1,[27],[27],SAM,SAM,5.542113780975342,2.188480854034424,1.4934066534042358,0.640935480594635,0.7925845980644226,1.2378398180007937,apo_holo,False,False,False
351,AZM,apof868c5ca11,A,4g7a,B,1,[13],[13],AZM,AZM,3.882611751556397,2.654789924621582,1.5599275827407837,0.7206469774246216,0.5307968854904175,1.0661958456039429,apo_holo,False,False,True
352,COM,1e6v,A,apo3011c05f11,A,1,[7],[7],COM,COM,7.946197032928467,2.31733512878418,1.512176513671875,0.7144293189048767,0.8975131511688232,1.1427468061447144,apo_holo,False,False,False
353,KH2,4dmo,A,apoef7d108f72,A,1,[14],[14],KH2,KH2,7.560710906982422,2.5312576293945312,1.588170886039734,0.6239913105964661,0.9030110239982604,1.23382830619812,apo_holo,False,False,False
354,NAI,3afo,A,apoac6ecc83f5,A,1,[44],[44],NAI,NAI,3.513169527053833,2.446819305419922,1.5721383094787598,0.729713499546051,0.804753839969635,1.1423835754394531,apo_holo,False,False,True
355,K,apo7398b20969,A,2qv6,A,1,[1],[1],K,K,7.769417285919189,2.5363564491271973,1.7456066608428955,0.7041624784469604,0.868834912776947,1.042263746261597,apo_holo,False,False,False
356,SAM,apodf7d279eb3,A,5v3h,A,1,[27],[27],SAM,SAM,2.3991503715515137,2.980591297149658,1.5139051675796509,0.7217099666595459,0.5584486126899719,1.1288585662841797,apo_holo,False,False,True
357,NAI,apofccf8b8bc2,A,3fhm,A,1,[44],[44],NAI,NAI,6.118141174316406,2.7746315002441406,1.6995774507522583,0.7536041140556335,0.8690006136894226,0.9975471496582032,apo_holo,False,False,False
358,SAM,apof8f1672997,A,4a6d,A,1,[27],[27],SAM,SAM,5.215638160705566,2.495391845703125,1.495324969291687,0.6760335564613342,0.9449705481529236,1.2211451530456543,apo_holo,False,False,False
359,TFA,2ra4,B,apo1fb0db778e,A,1,[7],[7],TFA,TFA,6.126637935638428,2.3056395053863525,1.6246213912963867,0.7127647399902344,0.84300696849823,1.1750401258468628,apo_holo,False,False,False
360,CA,3u48,B,apod4dd964dac,A,1,[1],[1],CA,CA,7.87902021408081,2.1785027980804443,1.5338057279586792,0.6996972560882568,0.3935653567314148,1.1626896858215332,apo_holo,False,False,False
361,M6P,apo3cd5c1e1fd,A,4rzc,A,1,[16],[16],M6P,M6P,6.227502822875977,2.178164005279541,1.6761258840560913,0.6832051277160645,0.5077671408653259,1.2960301637649536,apo_holo,False,False,False
362,AZM,apof868c5ca11,A,4x5s,A,1,[13],[13],AZM,AZM,4.052752494812012,2.6592884063720703,1.6204900741577148,0.735634982585907,0.5477685928344727,0.9889174103736876,apo_holo,False,False,False
363,FUL,apo9b541a929a,A,6tr4,A,1,[11],[10],FUL,FUL,8.549302101135254,1.7012497186660769,1.468569040298462,0.5655593872070312,0.166207805275917,1.165857195854187,apo_holo,False,False,False
364,QUE,apoe626992ece,A,3bpt,A,1,[22],[22],QUE,QUE,5.354121208190918,2.061290740966797,1.752811074256897,0.672084629535675,0.7900326251983643,1.2364610433578491,apo_holo,False,False,False
365,NAI,2q1s,A,apo550ef7e2ba,A,1,[44],[44],NAI,NAI,2.755662202835083,3.2077741622924805,1.62344491481781,0.7309328317642212,0.8940988183021545,1.0779438018798828,apo_holo,False,False,True
366,TYD,apo0119d595d5,A,6b5e,B,1,[25],[25],TYD,TYD,7.145723342895508,3.065088987350464,1.366004467010498,0.7213490605354309,0.7868170738220215,1.1742281913757324,apo_holo,False,False,False
367,CAA,1dub,A,apo8e9f6a59b8,A,1,[54],[54],CAA,CAA,7.087515354156494,3.0715551376342773,1.3653388023376465,0.7383551597595215,0.821485161781311,1.1962015628814695,apo_holo,False,False,False
368,TYD,4mzu,F,apoe9a08fdd69,A,1,[25],[25],TYD,TYD,7.035789966583252,1.790580987930298,1.41499125957489,0.6933314204216003,0.5077663660049438,1.29704487323761,apo_holo,False,False,False
369,COM,3sqg,A,apo3011c05f11,A,1,[7],[7],COM,COM,7.160228729248047,2.434069395065308,0.8655890226364136,0.6910033822059631,0.8647631406784058,0.8756851553916931,apo_holo,False,False,False
370,SAM,apod86559e079,A,4k36,A,1,[27],[27],SAM,SAM,4.877179145812988,2.4638378620147705,1.6914845705032349,0.7180966734886169,0.8932394981384277,1.2641440629959106,apo_holo,False,False,False
371,AMZ,apo1885785949,A,4tx9,A,1,[22],[22],AMZ,AMZ,8.230524063110352,2.518805265426636,1.4565973281860352,0.6909334659576416,0.7771604657173157,1.1156980991363523,apo_holo,False,False,False
372,ENO,apo45ebb5382c,A,4jb0,A,1,[13],[13],ENO,ENO,5.342786312103272,2.4078547954559326,1.464342713356018,0.6382683515548706,0.7478802800178528,1.4263441562652588,apo_holo,False,False,False
373,NAI,3q2i,A,apoac6ecc83f5,A,1,[44],[44],NAI,NAI,3.03482985496521,3.0915422439575195,1.389399170875549,0.7216765880584717,0.8476423025131226,1.053830862045288,apo_holo,False,False,True
374,RUB,5yfj,A,apoa7fcc1a69f,A,1,[18],[18],RUB,RUB,6.597762584686279,2.4481592178344727,1.5740591287612915,0.7054253220558167,0.6126717925071716,1.0551817417144775,apo_holo,False,False,False
375,3CX,apo50172c3537,A,5m85,A,1,[15],[15],3CX,3CX,5.103887557983398,2.7698452472686768,1.5131336450576782,0.7086633443832397,0.9483191967010498,1.1430914402008057,apo_holo,False,False,False
376,BPY,1kmy,A,apo428c3500a6,A,1,[14],[14],BPY,BPY,6.262851238250732,2.5331475734710693,1.483136534690857,0.7305269837379456,0.8219456672668457,1.033751130104065,apo_holo,False,False,False
377,SAM,1wg8,A,apof8f1672997,A,1,[27],[27],SAM,SAM,5.66672420501709,2.505559206008911,1.728862166404724,0.6995478272438049,0.6377667784690857,0.9913206696510316,apo_holo,False,False,False
378,AND,1coy,A,apo61699997d9,A,1,[21],[21],AND,AND,4.903767108917236,2.4162745475769043,1.6904993057250977,0.752148449420929,0.9348452687263488,1.1720659732818604,apo_holo,False,False,False
379,FUL,apo89592d36e4,A,6tr4,A,1,[11],[11],FUL,FUL,7.586508274078369,2.421160221099853,1.500387191772461,0.7101007103919983,0.9217976331710817,1.0048725605010986,apo_holo,False,False,False
380,RBF,apo5d61b7f6bc,A,4d1y,A,1,[27],[27],RBF,RBF,6.545378684997559,2.646108627319336,1.4961433410644531,0.7102624773979187,0.8993187546730042,1.1243425607681274,apo_holo,False,False,False
381,IMH,apocbbbf3bcfc,A,3mb8,A,1,[19],[19],IMH,IMH,3.788487672805786,2.6073031425476074,1.5530542135238647,0.736784040927887,0.8163307905197144,1.026753306388855,apo_holo,False,False,True
382,CA,apo63d101a86e,A,5lf2,A,1,[1],[1],CA,CA,5.987753868103027,2.346306324005127,1.5778591632843018,0.6765966415405273,0.8731593489646912,1.6305371522903442,apo_holo,False,False,False
383,NAI,6jw7,A,apo172e797b27,A,1,[44],[44],NAI,NAI,6.320072174072266,2.58095932006836,1.5623903274536133,0.6835520267486572,0.9171942472457886,1.1705801486968994,apo_holo,False,False,False
384,DAN,1rv0,L,apod694db67ee,A,1,[20],[20],DAN,DAN,6.277566432952881,1.846262097358704,1.7528977394104004,0.6314494013786316,0.859656572341919,1.2807393074035645,apo_holo,False,False,False
385,NXL,6fj1,A,apo7788e8b5c3,A,1,[17],[17],NXL,NXL,2.423595428466797,2.45070219039917,1.6342216730117798,0.724022388458252,0.4514640867710113,1.2589285373687744,apo_holo,False,False,False
386,DAR,apoaf43568773,A,6mp8,A,1,[12],[12],DAR,DAR,4.688536643981934,2.328409433364868,1.702068567276001,0.6923556327819824,0.8792745471000671,1.38337242603302,apo_holo,False,False,False
387,SAM,apof8f1672997,A,3dlc,A,1,[27],[27],SAM,SAM,5.34224796295166,2.46295166015625,1.590736746788025,0.6688756346702576,0.9015490412712096,1.3028162717819214,apo_holo,False,False,False
388,NAI,apo542a5d48e9,A,6t3e,B,1,[44],[44],NAI,NAI,3.0272138118743896,3.0035195350646973,1.587937831878662,0.6939353942871094,0.9004102349281311,1.1168895959854126,apo_holo,False,False,True
389,K,2gj8,D,apo5634e23ee1,A,1,[1],[1],K,K,4.828344821929932,2.59200119972229,1.410739779472351,0.7094766497612,0.9128928780555724,1.3875172138214111,apo_holo,False,False,False
390,RBF,apo9e85e46298,A,4r3a,A,1,[27],[27],RBF,RBF,3.3684747219085693,2.6824951171875,1.539975643157959,0.6770176291465759,0.93190598487854,1.2337908744812012,apo_holo,False,False,True
391,F6P,2axn,A,apo7b44123974,A,1,[16],[16],F6P,F6P,6.11263370513916,2.4026899337768555,1.863811016082764,0.6855003237724304,0.8168210387229919,1.1241304874420166,apo_holo,False,False,False
392,BG6,4f66,A,apo95f6af94d0,A,1,[16],[16],BG6,BG6,4.627002239227295,2.8777921199798584,1.6194077730178833,0.7206498384475708,0.7524968385696411,0.9983816742897034,apo_holo,False,False,False
393,COM,apo3011c05f11,A,5a0y,A,1,[7],[7],COM,COM,6.817599773406982,2.0025973320007324,1.443933606147766,0.678286612033844,0.6335750222206116,1.5792306661605835,apo_holo,False,False,False
394,K,apo22b84035b3,A,2qv6,A,1,[1],[1],K,K,6.56993579864502,2.410071849822998,1.4540377855300903,0.6856695413589478,0.8302463889122009,1.1313769817352295,apo_holo,False,False,False
395,TYD,apoe9a08fdd69,A,5tpv,B,1,[25],[25],TYD,TYD,6.692825794219971,2.1883420944213867,1.6556921005249023,0.7123172283172607,0.943254828453064,1.1449306011199951,apo_holo,False,False,False
396,SAM,4k36,A,apoa638c313e9,A,1,[27],[27],SAM,SAM,3.0937633514404297,2.645972728729248,1.5067442655563354,0.6969522833824158,0.7690242528915405,1.4019646644592283,apo_holo,False,False,True
397,HEM,2a9e,A,apo8e6fd63671,A,1,[43],[43],HEM,HEM,6.08742618560791,2.214352607727051,1.6738260984420776,0.7550554275512695,0.8225021362304688,1.1033495664596558,apo_holo,False,False,False
398,M6P,apoc2bc90b024,A,4rzc,A,1,[16],[16],M6P,M6P,3.84589433670044,2.0904440879821777,1.68167245388031,0.518896758556366,0.946944773197174,1.542001247406006,apo_holo,False,False,True
399,3PY,4dqd,A,apo92e9eacc10,A,1,[7],[7],3PY,3PY,7.372824192047119,2.656690120697021,1.5345278978347778,0.7415627837181091,0.7572895288467407,1.0917415618896484,apo_holo,False,False,False
400,SAM,apod86559e079,A,3qxy,A,1,[27],[27],SAM,SAM,4.076980113983154,2.3579015731811523,1.5047264099121094,0.6924154162406921,0.711991012096405,1.1272141933441162,apo_holo,False,False,False
401,CA,apo9e927830a7,A,4lt6,A,1,[1],[1],CA,CA,6.247159004211426,2.619629383087158,1.6410239934921265,0.7002757787704468,0.7387157678604126,1.154641032218933,apo_holo,False,False,False
402,TYD,apo3721324a05,A,6b5e,B,1,[25],[25],TYD,TYD,7.149548530578613,3.129855155944824,1.43477463722229,0.7246708273887634,0.7950760722160339,1.1492161750793457,apo_holo,False,False,False
403,BG6,4f66,A,apob90cad9cbd,A,1,[16],[16],BG6,BG6,7.382855415344238,2.774691343307495,1.4943692684173584,0.698809802532196,0.5789174437522888,1.0000406503677368,apo_holo,False,False,False
404,CA,apob1d3d5a605,A,2m29,A,1,[1],[1],CA,CA,6.064863681793213,2.185707330703736,1.547734022140503,0.698345959186554,0.8938431143760681,1.157113552093506,apo_holo,False,False,False
405,PC,1o72,A,apo1fa22c9d6d,A,1,[11],[11],PC,PC,5.345008373260498,2.5233230590820312,1.4772944450378418,0.6738049983978271,0.9027907848358154,1.1152900457382202,apo_holo,False,False,False
406,FPP,apob3476afa77,A,6ob5,D,1,[24],[24],FPP,FPP,6.434842109680176,2.306618452072144,1.6010655164718628,0.7558192014694214,0.9618974328041076,1.2525696754455566,apo_holo,False,False,False
407,SAM,2a5h,B,apo1d2fe420e5,A,1,[27],[27],SAM,SAM,2.652143239974976,2.67881441116333,1.5966832637786863,0.7397035360336304,0.6167230010032654,1.368772029876709,apo_holo,False,False,True
408,1GP,apo15878361a5,A,6dgm,B,1,[10],[10],1GP,1GP,5.047363758087158,2.576435089111328,1.498928785324097,0.7142501473426819,0.5086172223091125,1.1921530961990356,apo_holo,False,False,False
409,RBF,apo9e85e46298,A,6n7f,A,1,[27],[27],RBF,RBF,7.174821376800537,1.87575364112854,1.6274915933609009,0.6422460079193115,0.4953736066818237,1.2869675159454346,apo_holo,False,False,False
410,NAI,apo542a5d48e9,A,5h5x,C,1,[44],[44],NAI,NAI,3.0991222858428955,2.990304470062256,1.6826268434524536,0.720925509929657,0.8410994410514832,1.1038687229156494,apo_holo,False,False,True
411,SAM,apo42ddd2042d,A,4k36,A,1,[27],[27],SAM,SAM,3.9856109619140634,2.3950910568237305,1.6709142923355105,0.6977243423461914,0.6200606226921082,1.2749762535095217,apo_holo,False,False,True
412,F6P,apo7b44123974,A,4lc9,A,1,[16],[16],F6P,F6P,7.223165035247803,2.4642505645751958,1.4380449056625366,0.7019677758216858,0.7295957803726196,1.11003577709198,apo_holo,False,False,False
413,CAA,1dub,A,apo937cad989b,A,1,[54],[54],CAA,CAA,4.705773830413818,3.184546947479248,1.4586703777313232,0.7443434596061707,0.9636388421058656,1.0737156867980957,apo_holo,False,False,False
414,NAI,1o0s,A,apoac6ecc83f5,A,1,[44],[44],NAI,NAI,3.3135364055633545,2.721542835235596,1.4770139455795288,0.7026302814483643,0.673122227191925,1.1637287139892578,apo_holo,False,False,True
415,SF4,1zj8,A,apo0262b01f14,A,1,[8],[8],SF4,SF4,6.622162818908691,2.3621814250946045,1.4965612888336182,0.6587430238723755,0.8417065739631653,1.6819114685058594,apo_holo,False,False,False
416,CA,apo8610c6913c,A,1cp9,B,1,[1],[1],CA,CA,7.836242198944092,2.1753358840942383,1.7019449472427368,0.6159420609474182,0.8703973889350891,1.1288734674453735,apo_holo,False,False,False
417,NAI,3flk,A,apo550ef7e2ba,A,1,[44],[44],NAI,NAI,3.2917799949646,2.595473289489746,1.7633979320526123,0.7190310955047607,0.879930317401886,0.9936993718147278,apo_holo,False,False,True
418,NAI,apo306085e7e4,A,6jw7,A,1,[44],[44],NAI,NAI,1.5420325994491575,4.4717864990234375,0.615662693977356,0.8157345652580261,0.9002092480659485,0.7008534669876099,apo_holo,False,True,True
419,COM,1e6y,A,apo3011c05f11,A,1,[7],[7],COM,COM,6.3770270347595215,2.0973060131073,1.4784916639328003,0.7098915576934814,0.9250884652137756,0.938702404499054,apo_holo,False,False,False
420,PQQ,apodeac7d5194,A,3das,A,1,[24],[24],PQQ,PQQ,5.208667755126953,3.0108766555786133,1.3733035326004028,0.6977461576461792,0.9181851744651794,1.1240053176879885,apo_holo,False,False,False
421,SF4,2akj,A,apo9e41a8b34d,A,1,[8],[8],SF4,SF4,6.416466236114502,2.395561695098877,1.5858904123306274,0.6660738587379456,0.7314853072166443,1.186545491218567,apo_holo,False,False,False
422,1GP,2f6x,A,apod9ec9a499f,A,1,[10],[10],1GP,1GP,5.055943965911865,2.497255325317383,1.636219501495361,0.7466537952423096,0.7544931173324585,1.073210597038269,apo_holo,False,False,False
423,GOA,apo87ada52d5e,A,6gmb,A,1,[5],[5],GOA,GOA,3.0603458881378174,2.626140117645264,1.363728642463684,0.7536962032318115,0.8309791088104248,1.1382564306259155,apo_holo,False,False,True
424,F6P,apo7b44123974,A,6ayu,A,1,[16],[16],F6P,F6P,3.6794817447662354,2.5279359817504883,1.5195913314819336,0.7145199179649353,0.7416774034500122,1.3131356239318848,apo_holo,False,False,True
425,TYD,apob8d00776c6,A,3hjn,A,1,[25],[25],TYD,TYD,6.20038652420044,2.633047819137573,1.5959649085998535,0.7156705856323242,0.8355119824409485,1.046919822692871,apo_holo,False,False,False
426,DAN,1rv0,L,apo42e42a3bb0,A,1,[20],[20],DAN,DAN,5.070562362670898,2.08648681640625,1.4383108615875244,0.7269465327262878,0.8476265072822571,1.187573790550232,apo_holo,False,False,False
427,SF4,5y6q,B,apo39ca58ccee,A,1,[8],[8],SF4,SF4,8.340444564819336,2.182979106903076,1.5097477436065674,0.6910518407821655,0.8850275874137878,1.3604285717010498,apo_holo,False,False,False
428,ETA,1p4t,A,apodf2f69f393,A,1,[4],[4],ETA,ETA,3.445690631866455,2.246267795562744,1.3615995645523071,0.656369686126709,0.5486893653869629,1.2686079740524292,apo_holo,False,False,True
429,NAI,4nbu,B,apoac6ecc83f5,A,1,[44],[44],NAI,NAI,2.8654558658599854,2.9835901260375977,1.5492470264434814,0.7351179122924805,0.9265713095664978,1.1197099685668943,apo_holo,False,False,True
430,CAA,2uzf,A,apo8e9f6a59b8,A,1,[54],[54],CAA,CAA,7.07876443862915,3.0948705673217773,1.477329134941101,0.7542609572410583,0.8220874071121216,1.1717523336410522,apo_holo,False,False,False
431,SF4,4r0v,A,apoe3e6a39c0a,A,1,[8],[8],SF4,SF4,7.829319953918457,2.267768859863281,1.5939927101135254,0.6867759227752686,0.4710176587104797,1.2803230285644531,apo_holo,False,False,False
432,CA,apocbbbf3bcfc,A,6ajc,A,1,[1],[1],CA,CA,4.799672603607178,2.789257049560547,1.3524397611618042,0.6752453446388245,0.774825394153595,1.0844999551773071,apo_holo,False,False,False
433,HEM,2nrl,A,apo9dae1e84f2,A,1,[43],[43],HEM,HEM,6.276448249816895,2.3494696617126465,1.2379956245422363,0.7205179333686829,0.9580720067024232,0.9012399911880492,apo_holo,False,False,False
434,NAI,1gz6,B,apo542a5d48e9,A,1,[44],[44],NAI,NAI,2.985429048538208,2.773733139038086,1.679228901863098,0.7549920082092285,0.8401660323143005,1.0884681940078735,apo_holo,False,False,True
435,SAM,apo6783e453af,A,4m7t,A,1,[27],[27],SAM,SAM,5.755837440490723,2.827755689620972,1.3536462783813477,0.7654564380645752,0.9012354016304016,1.1195920705795288,apo_holo,False,False,False
436,COM,1e6y,A,apoac9194d1a6,A,1,[7],[7],COM,COM,5.24144458770752,1.875703811645508,1.608349323272705,0.6624919176101685,0.8158144354820251,1.0235334634780884,apo_holo,False,False,False
437,SAM,2fb2,A,apo3edaafd604,A,1,[27],[27],SAM,SAM,2.1401686668396,2.58604097366333,1.684544801712036,0.7052909135818481,0.7518465518951416,1.3249865770339966,apo_holo,False,False,True
438,1GP,4jej,A,apod9ec9a499f,A,1,[10],[10],1GP,1GP,5.2218523025512695,2.747190237045288,1.676530122756958,0.6860339641571045,0.8965328335762024,1.221194624900818,apo_holo,False,False,False
439,PQQ,apof55a791b1b,A,1yiq,A,1,[24],[24],PQQ,PQQ,3.300975799560547,2.407682180404663,1.7014464139938354,0.7247515916824341,0.7657214999198914,1.3039470911026,apo_holo,False,False,True
440,CA,1ezr,A,apo6787ff6797,A,1,[1],[1],CA,CA,7.759951591491699,2.7997679710388184,1.056877374649048,0.7472432851791382,0.9864338040351868,0.7431308627128601,apo_holo,False,False,False
441,CA,2vuv,A,apo001a62bde4,A,1,[1],[1],CA,CA,6.63623046875,2.470137357711792,1.5406817197799685,0.7267172932624817,0.6906023025512695,0.9483675956726074,apo_holo,False,False,False
442,HEM,1cxy,A,apo4e63ebcfcd,A,1,[43],[43],HEM,HEM,6.915744304656982,1.8980021476745603,1.5486282110214231,0.6983157992362976,0.9198070764541626,1.053350567817688,apo_holo,False,False,False
443,NAI,6jw7,A,apo7dcb3916e0,A,1,[44],[44],NAI,NAI,2.022421836853028,4.369248390197754,0.7581152319908142,0.7989789247512817,0.9316630959510804,0.722491979598999,apo_holo,False,False,True
444,NAI,apo3fdb14322f,A,6jw7,A,1,[44],[44],NAI,NAI,1.7713953256607056,4.513961315155029,0.5568796396255493,0.7953660488128662,0.9618332982063292,0.6934779286384583,apo_holo,False,True,True
445,SAM,3qxy,A,apoe7d8c0feb7,A,1,[27],[27],SAM,SAM,3.582827568054199,2.6957788467407227,1.6743746995925903,0.690976619720459,0.9733474254608154,1.2770588397979736,apo_holo,False,False,True
446,DGT,2atz,A,apo88e22e69c7,A,1,[31],[31],DGT,DGT,3.618229866027832,2.683066129684448,1.2475693225860596,0.7402400374412537,0.9864109754562378,0.8901283740997314,apo_holo,False,False,True
447,SAM,2yzq,A,apo185babea79,A,1,[27],[27],SAM,SAM,5.780734062194824,2.776494026184082,1.5051934719085691,0.7487672567367554,0.7150454521179199,0.9626963138580322,apo_holo,False,False,False
448,DAR,apoaf43568773,A,6p2i,A,1,[12],[12],DAR,DAR,3.657166004180908,2.4628686904907227,1.4936037063598633,0.663859486579895,0.8868671655654907,1.550584316253662,apo_holo,False,False,True
449,PQQ,1kv9,A,apof55a791b1b,A,1,[24],[24],PQQ,PQQ,3.718348741531372,2.2406005859375,1.4771325588226318,0.7344110608100891,0.889704704284668,1.088884711265564,apo_holo,False,False,True
450,PQQ,3das,A,apo2936580b07,A,1,[24],[24],PQQ,PQQ,4.372668266296387,3.107443332672119,1.2756068706512451,0.7491058111190796,0.5662013292312622,0.9805473685264589,apo_holo,False,False,False
451,SAM,3t7v,A,apoa638c313e9,A,1,[27],[27],SAM,SAM,2.9518251419067383,2.7398808002471924,1.5374456644058228,0.7464224696159363,0.8044900894165039,1.2161887884140017,apo_holo,False,False,True
452,NAI,3flk,A,apoac6ecc83f5,A,1,[44],[44],NAI,NAI,2.963127613067627,2.223163366317749,1.6499228477478027,0.6757291555404663,0.8879716396331787,1.1595531702041626,apo_holo,False,False,True
453,VN4,4erc,A,apo243dbcb124,A,1,[4],[4],VN4,VN4,2.867528200149536,2.900032997131348,1.5633915662765503,0.7613520622253418,0.725249707698822,0.9986250400543212,apo_holo,False,False,True
454,SF4,apo3c95f2c9f9,A,6vw7,D,1,[8],[8],SF4,SF4,8.728466033935547,2.6613597869873047,1.4031981229782104,0.7215351462364197,0.3694785535335541,1.2732017040252686,apo_holo,False,False,False
455,SAM,apof8f1672997,A,2oxt,A,1,[27],[27],SAM,SAM,3.781008720397949,2.4839298725128174,1.4669344425201416,0.6256799101829529,0.6854576468467712,1.5381773710250854,apo_holo,False,False,True
456,SAM,apo7d270341fc,A,4k36,A,1,[27],[26],SAM,SAM,5.034814357757568,2.3607962131500244,1.712531328201294,0.7016781568527222,0.760887622833252,1.2095447778701782,apo_holo,False,False,False
457,2HP,2x1l,A,apob6d5706d6d,A,1,[5],[5],2HP,2HP,7.135601043701172,1.8075637817382808,1.71075701713562,0.57649165391922,0.693783164024353,1.4968990087509155,apo_holo,False,False,False
458,PQQ,1kb0,A,apof55a791b1b,A,1,[24],[24],PQQ,PQQ,3.464550256729126,2.1204609870910645,1.4057211875915527,0.7296037077903748,0.6588231325149536,1.2543789148330688,apo_holo,False,False,True
459,CA,apob0d3fb1eab,A,5m6d,A,1,[1],[1],CA,CA,8.169316291809082,2.6031157970428467,1.2813845872879028,0.7038156986236572,0.9271182417869568,0.9011569619178772,apo_holo,False,False,False
460,HEM,apob10e68cba3,A,8g64,A,1,[43],[43],HEM,HEM,5.467962265014648,2.411839008331299,1.480804681777954,0.6835224628448486,0.8530945777893066,1.418101191520691,apo_holo,False,False,False
461,SKM,3sef,C,apo2c9e3326c4,A,1,[12],[12],SKM,SKM,5.180655002593994,2.167534112930298,1.5430335998535156,0.7021557092666626,0.6963545083999634,1.4244328737258911,apo_holo,False,False,False
462,SAM,1r30,B,apo03623d8ca9,A,1,[27],[27],SAM,SAM,2.7353460788726807,2.7686877250671387,1.483540654182434,0.6975688338279724,0.4360874891281128,1.3153409957885742,apo_holo,False,False,False
463,CA,2jq6,A,apo7e0df809cd,A,1,[1],[1],CA,CA,5.829318046569824,2.4206409454345703,1.4678552150726318,0.7372521162033081,0.93516206741333,0.9952959418296814,apo_holo,False,False,False
464,AZM,apof868c5ca11,A,5jn8,C,1,[13],[13],AZM,AZM,3.909501791000366,2.541639804840088,1.6823372840881348,0.7187538146972656,0.575827956199646,1.0253031253814695,apo_holo,False,False,True
465,CA,apo061873d9a7,A,6dwo,A,1,[1],[1],CA,CA,7.1226959228515625,2.190335273742676,1.4305760860443115,0.6749101877212524,0.9048705697059632,1.4906095266342163,apo_holo,False,False,False
466,CA,apo24685ef6d3,A,3voc,A,1,[1],[1],CA,CA,6.522305965423584,2.453091144561768,1.3946229219436646,0.7044481039047241,0.6427595615386963,1.0933810472488403,apo_holo,False,False,False
467,NAI,apo542a5d48e9,A,4bkq,A,1,[44],[44],NAI,NAI,3.135117292404175,2.8485255241394043,1.462260603904724,0.7082948088645935,0.7616689205169678,1.114570379257202,apo_holo,False,False,True
468,SAM,apof8f1672997,A,3t7v,A,1,[27],[27],SAM,SAM,4.630660057067871,2.1440114974975586,1.5994956493377686,0.666875958442688,0.9285134673118592,1.2665350437164309,apo_holo,False,False,False
469,TTP,3o0n,A,apoba6c9a6a3d,A,1,[29],[29],TTP,TTP,7.687028408050537,1.8850090503692627,1.5921627283096311,0.6492306590080261,0.836767315864563,1.0301040410995483,apo_holo,False,False,False
470,F6P,2r66,A,apo7b44123974,A,1,[16],[16],F6P,F6P,6.657459735870361,2.5638427734375,1.4975789785385132,0.7274689078330994,0.7805752754211426,1.161274790763855,apo_holo,False,False,False
471,COM,apoac9194d1a6,A,5a0y,A,1,[7],[7],COM,COM,5.57868766784668,2.136359691619873,1.6846137046813965,0.6429068446159363,0.9516369104385376,1.176937460899353,apo_holo,False,False,False
472,SF4,apo3c95f2c9f9,A,6dd6,A,1,[8],[8],SF4,SF4,8.839387893676758,2.6295132637023926,1.4899345636367798,0.7163848280906677,0.818904459476471,1.260952115058899,apo_holo,False,False,False
473,HEM,2i96,A,apob10e68cba3,A,1,[43],[43],HEM,HEM,4.792232513427734,2.496293544769287,1.634538650512695,0.7053028345108032,0.7506425976753235,1.3637067079544067,apo_holo,False,False,False
474,HEM,1gdi,A,apoc403b8778c,A,1,[43],[43],HEM,HEM,6.538206100463867,2.5009398460388184,1.4184905290603638,0.7042554020881653,0.9615922570228576,1.398548245429993,apo_holo,False,False,False
475,NAI,5z21,B,apo172e797b27,A,1,[44],[44],NAI,NAI,5.473531246185303,2.374439477920532,1.516934514045715,0.7350355386734009,0.5426780581474304,1.11864972114563,apo_holo,False,False,False
476,TYD,apob8d00776c6,A,4e2x,A,1,[25],[25],TYD,TYD,6.564757823944092,3.269479274749756,1.0033574104309082,0.7534703016281128,0.9512421488761902,0.7782331705093384,apo_holo,False,False,False
477,NAI,apo542a5d48e9,A,2p9e,A,1,[44],[44],NAI,NAI,3.056950569152832,2.929192066192627,1.663907766342163,0.6916599273681641,0.9092788696289062,1.1339223384857178,apo_holo,False,False,True
478,SF4,1iqz,A,apo44eb479bc6,A,1,[8],[8],SF4,SF4,7.897761344909668,2.2574501037597656,1.4514284133911133,0.6842765808105469,0.6851910352706909,1.0279072523117063,apo_holo,False,False,False
479,1GP,apod9ec9a499f,A,6jo3,A,1,[10],[10],1GP,1GP,5.361822605133057,3.035734176635742,1.464436173439026,0.7235134840011597,0.8679071664810181,1.1516865491867063,apo_holo,False,False,False
480,CAA,1dub,A,apoed40d751c6,A,1,[54],[54],CAA,CAA,3.023207426071167,2.910099029541016,1.488435983657837,0.7662184238433838,0.940781831741333,1.0339555740356443,apo_holo,False,False,True
481,PC,2bib,A,apo5c5bfeb367,A,1,[11],[11],PC,PC,2.5120532512664795,3.0358545780181885,1.335763931274414,0.7446742057800293,0.791386604309082,0.9572280645370485,apo_holo,False,False,True
482,COM,1e6v,A,apoac9194d1a6,A,1,[7],[7],COM,COM,8.379090309143066,2.070059537887573,1.904734492301941,0.6469708681106567,0.5971095561981201,1.2393351793289185,apo_holo,False,False,False
483,VN4,apo998bb3ca3f,A,4erc,A,1,[4],[4],VN4,VN4,3.001002311706543,3.0255045890808105,1.4590953588485718,0.778346836566925,0.8107596039772034,0.9831418991088868,apo_holo,False,False,True
484,CAC,apo68da40ac58,A,4d7l,A,1,[5],[5],CAC,CAC,6.479137420654297,2.5944323539733887,1.375166893005371,0.7285180687904358,0.9816152453422546,1.2289988994598389,apo_holo,False,False,False
485,SF4,2bs2,B,apo3c95f2c9f9,A,1,[8],[8],SF4,SF4,8.621031761169434,2.253765106201172,1.614100456237793,0.7351147532463074,0.6504828333854675,1.5091242790222168,apo_holo,False,False,False
486,BU3,3zyy,X,apo383dde2faf,A,1,[6],[6],BU3,BU3,5.402275562286377,2.321683645248413,1.6736360788345337,0.7199569344520569,0.8935269117355347,1.3182607889175415,apo_holo,False,False,False
487,CA,apo14ec9536da,A,1t1e,A,1,[1],[1],CA,CA,7.451334476470947,2.6201488971710205,1.5191645622253418,0.6971806883811951,0.7983893752098083,1.2311304807662964,apo_holo,False,False,False
488,TYD,2pae,A,apoe9a08fdd69,A,1,[25],[25],TYD,TYD,7.363105773925781,2.275196313858032,1.605992317199707,0.7362626791000366,0.541813313961029,1.0707215070724487,apo_holo,False,False,False
489,1GP,apof5282a69e4,A,6dgm,B,1,[10],[10],1GP,1GP,3.9558544158935542,2.315162181854248,1.6660993099212646,0.7307069301605225,0.8643964529037476,1.0830034017562866,apo_holo,False,False,True
490,SIA,apodab3a045c8,A,3phz,A,1,[20],[21],SIA,SIA,8.532151222229004,2.218311309814453,1.5189744234085083,0.5894142389297485,0.981204867362976,1.1697992086410522,apo_holo,False,False,False
491,NAI,3fhm,A,apo2e856286db,A,1,[44],[44],NAI,NAI,3.59126091003418,2.9873626232147217,1.45747709274292,0.722837507724762,0.8453806042671204,1.1222072839736938,apo_holo,False,False,True
492,SAM,4njg,A,apoe9ca86fe93,A,1,[27],[27],SAM,SAM,5.538799285888672,2.823470115661621,1.1044111251831057,0.7634073495864868,0.7955189347267151,0.8729533553123474,apo_holo,False,False,False
493,HEM,apo85b5bbc350,A,4i8v,A,1,[43],[43],HEM,HEM,6.53740930557251,2.230116844177246,1.375933289527893,0.6405015587806702,0.8569111824035645,1.205059051513672,apo_holo,False,False,False
494,NAI,apo6d990c3c92,A,6jw7,A,1,[44],[44],NAI,NAI,2.298856735229492,4.521989345550537,0.6013209819793701,0.8133766055107117,0.9966063499450684,0.6817441582679749,apo_holo,False,False,True
495,CA,4amc,A,apo4adddf66c2,A,1,[1],[1],CA,CA,7.825595855712891,2.364245891571045,1.6161681413650513,0.7052575349807739,0.8964579105377197,1.1156113147735596,apo_holo,False,False,False
496,DGT,2atz,A,apo837ecb6e97,A,1,[31],[31],DGT,DGT,6.816648960113525,2.168795108795166,1.612060546875,0.7507896423339844,0.9326358437538148,1.094141960144043,apo_holo,False,False,False
497,NAI,apo550ef7e2ba,A,6cdf,A,1,[44],[44],NAI,NAI,3.0770516395568848,2.9978179931640625,1.4459753036499023,0.7196205258369446,0.7987552881240845,0.9252389669418336,apo_holo,False,False,True
498,NAI,apo1b33a4a05a,A,6jw7,A,1,[44],[27],NAI,NAI,0.9935966730117798,4.466556072235107,0.8013461232185364,0.8002169728279114,0.9824905395507812,0.7261345386505127,apo_holo,True,True,True
499,NAI,4im7,A,apo172e797b27,A,1,[44],[44],NAI,NAI,6.538856506347656,2.6225292682647705,1.834618330001831,0.6618402004241943,0.8316733837127686,1.2772939205169678,apo_holo,False,False,False
500,FDA,3itg,A,apo0e970d49e6,A,1,[53],[53],FDA,FDA,3.517544269561768,2.924336671829224,1.5999000072479248,0.7257149815559387,0.91463965177536,1.125251054763794,apo_holo,False,False,True
501,TTP,1mc3,A,apoba6c9a6a3d,A,1,[29],[29],TTP,TTP,3.2076117992401123,2.5732645988464355,1.7166515588760376,0.6983017921447754,0.8935551643371582,1.1975516080856323,apo_holo,False,False,True
502,SF4,2d3y,A,apo1dac00cc2b,A,1,[8],[8],SF4,SF4,7.004047393798828,2.40523099899292,1.531902551651001,0.6872314810752869,0.7769505977630615,1.2841304540634155,apo_holo,False,False,False
503,NAI,apo550ef7e2ba,A,4xdy,A,1,[44],[44],NAI,NAI,2.7918732166290283,3.11759090423584,1.3980281352996826,0.7195584774017334,0.7100136280059814,1.0132112503051758,apo_holo,False,False,True
504,1GP,apo58adbd4ccd,A,6jo3,A,1,[10],[10],1GP,1GP,4.276798248291016,2.8071999549865723,1.4886360168457031,0.7008799910545349,0.8923736810684204,1.0718135833740234,apo_holo,False,False,False
505,SKM,apo364bca82c7,A,3nvs,A,1,[12],[12],SKM,SKM,4.532292366027832,1.9290924072265625,1.5598698854446411,0.7562121152877808,0.6990565657615662,1.1076740026474,apo_holo,False,False,False
506,NAI,4g6h,A,apo9b86f2866a,A,1,[44],[44],NAI,NAI,3.0886600017547607,3.824779748916626,0.7828029990196228,0.7652288675308228,0.9610507488250732,0.8576176762580872,apo_holo,False,False,True
507,VN4,apo9689ba4db0,A,4erc,A,1,[4],[4],VN4,VN4,4.577700614929199,2.481781482696533,1.4753295183181765,0.7412630915641785,0.7202646136283875,1.0735126733779907,apo_holo,False,False,False
508,TTP,apo71b0b91ba3,A,4xjc,A,1,[29],[29],TTP,TTP,6.515840530395508,2.451784610748291,1.5903537273406982,0.6870285272598267,0.8335118293762207,1.3552478551864624,apo_holo,False,False,False
509,AMZ,apo1885785949,A,5dn1,A,1,[22],[22],AMZ,AMZ,8.288708686828613,2.5323474407196045,1.4968078136444092,0.6767374873161316,0.7731985449790955,1.060171604156494,apo_holo,False,False,False
510,SAM,2a5h,B,apoe9ca86fe93,A,1,[27],[27],SAM,SAM,6.09994649887085,2.4433183670043945,1.6533411741256714,0.6996752023696899,0.7903066277503967,1.1240745782852173,apo_holo,False,False,False
511,SF4,4z3w,C,apo44eb479bc6,A,1,[8],[8],SF4,SF4,8.276339530944824,2.329699993133545,1.718535542488098,0.6980728507041931,0.7243764400482178,1.074110746383667,apo_holo,False,False,False
512,GOA,apo513d86a1e9,A,6gmb,A,1,[5],[5],GOA,GOA,2.2216637134552,2.076689481735229,1.5626462697982788,0.7362031936645508,0.7722114324569702,1.2423954010009766,apo_holo,False,False,True
513,COM,3sqg,A,apoac9194d1a6,A,1,[7],[7],COM,COM,4.585524082183838,1.5934216976165771,1.5599197149276731,0.667900800704956,0.439543604850769,1.1659350395202637,apo_holo,False,False,False
514,K,2qv6,A,apo7d447b2b3e,A,1,[1],[1],K,K,7.492511749267578,3.01393461227417,1.2371540069580078,0.7061052918434143,0.9845096468925476,1.002363920211792,apo_holo,False,False,False
515,NAI,6vw7,D,apo172e797b27,A,1,[44],[27],NAI,NAI,4.190208435058594,2.585489273071289,1.5882136821746826,0.7140528559684753,0.7445170879364014,1.1394881010055542,apo_holo,False,False,False
516,TTP,apo71b0b91ba3,A,3o0n,A,1,[29],[29],TTP,TTP,7.56725549697876,2.434199571609497,1.5324053764343262,0.6310111880302429,0.8859127759933472,1.0475399494171145,apo_holo,False,False,False
517,TTP,1xje,A,apo07a533bd13,A,1,[29],[29],TTP,TTP,7.698525905609131,1.9778103828430176,1.6402292251586914,0.6859513521194458,0.4850739538669586,1.2433183193206787,apo_holo,False,False,False
518,CA,apo0db574d3f6,A,4g1h,A,1,[1],[1],CA,CA,5.901910305023193,2.3228869438171387,1.707575440406799,0.702180027961731,0.6743186116218567,1.201669216156006,apo_holo,False,False,False
519,NAI,apoac6ecc83f5,A,5itv,A,1,[44],[44],NAI,NAI,2.7687714099884038,3.2158565521240234,1.4652020931243896,0.7309756278991699,0.8516604900360107,1.180417776107788,apo_holo,False,False,True
520,SAM,2yzq,A,apodf7d279eb3,A,1,[27],[27],SAM,SAM,5.33847713470459,2.411992073059082,1.4969502687454224,0.7339063286781311,0.6993160843849182,1.1494492292404177,apo_holo,False,False,False
521,NAI,3fhm,A,apo306085e7e4,A,1,[44],[44],NAI,NAI,3.964432954788208,2.606198310852051,1.6591360569000244,0.7341493964195251,0.657946765422821,0.971879243850708,apo_holo,False,False,True
522,SF4,3b0h,A,apo1ec04f1101,A,1,[8],[8],SF4,SF4,7.134205341339111,1.965043306350708,1.438973903656006,0.6354250907897949,0.9513230323791504,1.1809059381484983,apo_holo,False,False,False
523,CA,apo8b56f2a133,A,4yic,A,1,[1],[1],CA,CA,5.762399673461914,2.46854019165039,1.6082669496536257,0.7273213863372803,0.8311882019042969,1.2161930799484253,apo_holo,False,False,False
524,COM,apo3011c05f11,A,5a8w,D,1,[7],[7],COM,COM,6.581060409545898,2.062917232513428,1.2001872062683103,0.6802264451980591,0.7403738498687744,0.931890606880188,apo_holo,False,False,False
525,SF4,2acz,B,apo1ec04f1101,A,1,[8],[8],SF4,SF4,7.414763450622559,2.2684268951416016,1.6444385051727295,0.6712279319763184,0.9667968153953552,1.202364444732666,apo_holo,False,False,False
526,SF4,apo3c95f2c9f9,A,6cfw,J,1,[8],[8],SF4,SF4,8.356345176696777,2.715332508087158,1.6038659811019895,0.7157095074653625,0.5441197156906128,1.1406548023223877,apo_holo,False,False,False
527,TYD,apob8d00776c6,A,3rsc,A,1,[25],[25],TYD,TYD,2.4013590812683105,3.097672939300537,1.5260508060455322,0.746321976184845,0.6159948110580444,1.1251450777053833,apo_holo,False,False,True
528,CA,5f2q,B,apo6a6b18ea97,A,1,[1],[1],CA,CA,8.031973838806152,2.4109978675842285,1.5346243381500244,0.6755949258804321,0.8723874092102051,1.025670886039734,apo_holo,False,False,False
529,TTP,1xje,A,apoba6c9a6a3d,A,1,[29],[29],TTP,TTP,7.596106052398682,1.9580579996109009,1.7662781476974487,0.6287527680397034,0.7038804888725281,1.1618738174438477,apo_holo,False,False,False
530,NAI,6ct6,B,apo172e797b27,A,1,[44],[44],NAI,NAI,6.358856678009033,2.3274972438812256,1.6433002948760986,0.6753033995628357,0.6175369024276733,1.5851165056228638,apo_holo,False,False,False
531,SAM,4njg,A,apoa638c313e9,A,1,[27],[27],SAM,SAM,2.76350998878479,2.825138092041016,1.826679229736328,0.7316403985023499,0.587742030620575,1.1453514099121094,apo_holo,False,False,True
532,CA,apodca9278f3f,A,5kva,B,1,[1],[1],CA,CA,5.826256275177002,2.0932934284210205,1.5720003843307495,0.7620013356208801,0.7797386646270752,1.0871862173080444,apo_holo,False,False,False
533,GOA,3if9,A,apo87ada52d5e,A,1,[5],[5],GOA,GOA,3.983796358108521,2.6240134239196777,1.579239845275879,0.7295935153961182,0.9051244854927064,1.2111332416534424,apo_holo,False,False,True
534,SAM,2a5h,B,apod86559e079,A,1,[27],[27],SAM,SAM,5.559238910675049,2.3593883514404297,1.3998079299926758,0.6811251640319824,0.8645653128623962,1.4688162803649902,apo_holo,False,False,False
535,CA,apo27fa1f6a4f,A,3u4j,A,1,[1],[1],CA,CA,8.034382820129395,2.8074393272399902,1.577141523361206,0.7267313003540039,0.909368634223938,1.061124563217163,apo_holo,False,False,False
536,COM,apoac9194d1a6,A,5a8w,D,1,[7],[7],COM,COM,5.1080708503723145,1.9882583618164065,1.562125325202942,0.6674745082855225,0.4456115067005157,1.2677662372589111,apo_holo,False,False,False
537,TYD,apob8d00776c6,A,4g2t,A,1,[25],[25],TYD,TYD,2.431917190551758,3.221379041671753,1.4607720375061035,0.7707725167274475,0.4935841262340545,0.98160982131958,apo_holo,False,False,False
538,CA,apocb35bbd541,A,2ism,B,1,[1],[1],CA,CA,4.239206790924072,2.339811086654663,1.5795862674713137,0.6518015265464783,0.9252452254295348,1.0495465993881226,apo_holo,False,False,False
539,TTP,1mc3,A,apodca2890c4d,A,1,[29],[29],TTP,TTP,8.169842720031738,2.8238604068756104,1.605205774307251,0.7141796350479126,0.8006219267845154,1.0663868188858032,apo_holo,False,False,False
540,TTP,1xje,A,apodca2890c4d,A,1,[29],[29],TTP,TTP,7.237363815307617,2.171695709228516,1.4900648593902588,0.6271262168884277,0.9528233408927916,1.3690996170043943,apo_holo,False,False,False
541,SAM,apof8f1672997,A,5zw4,A,1,[27],[27],SAM,SAM,5.073365688323975,2.4704480171203613,1.478854417800903,0.7264389991760254,0.8674061298370361,1.1433353424072266,apo_holo,False,False,False
542,SAM,4odj,A,apo254de550d9,A,1,[27],[27],SAM,SAM,4.847503662109375,2.2693889141082764,1.5770195722579956,0.6794424057006836,0.5185366272926331,1.100139617919922,apo_holo,False,False,False
543,TYD,3vbm,E,apoe9a08fdd69,A,1,[25],[25],TYD,TYD,7.646608829498291,1.8729846477508545,1.663509726524353,0.68010014295578,0.8477804064750671,1.0395931005477903,apo_holo,False,False,False
544,SF4,1rm6,B,apo87912ac63c,A,1,[8],[8],SF4,SF4,7.136390209197998,1.9328482151031492,1.6231709718704224,0.6325705051422119,0.7905110716819763,1.656513214111328,apo_holo,False,False,False
545,NAI,7p61,F,apo172e797b27,A,1,[44],[44],NAI,NAI,4.349857330322266,2.7804651260375977,1.4796563386917114,0.7091603875160217,0.6689388751983643,1.2944214344024658,apo_holo,False,False,False
546,NAI,apo550ef7e2ba,A,4p53,A,1,[44],[44],NAI,NAI,2.8197598457336426,2.9140665531158447,1.520220398902893,0.738159716129303,0.8099030256271362,0.9360120296478271,apo_holo,False,False,True
547,K,apo22b84035b3,A,4jay,A,1,[1],[1],K,K,6.439268112182617,2.473569393157959,1.4694780111312866,0.6702033877372742,0.9380664229393004,0.9946712255477904,apo_holo,False,False,False
548,K,apo7d447b2b3e,A,6npl,A,1,[1],[1],K,K,7.727065563201904,2.0642452239990234,1.7349132299423218,0.6959670782089233,0.7744934558868408,1.1217867136001587,apo_holo,False,False,False
549,NAI,4p53,A,apoac6ecc83f5,A,1,[44],[44],NAI,NAI,3.8938450813293457,2.613281488418579,1.282742977142334,0.7086269855499268,0.9278276562690736,1.1470249891281128,apo_holo,False,False,True
550,CA,3kst,A,apoe15b1ec78b,A,1,[1],[1],CA,CA,5.226307392120361,2.204547882080078,1.481067419052124,0.7033817172050476,0.9395856857299804,1.3713397979736328,apo_holo,False,False,False
551,NAI,apob2ac301348,A,3fhm,A,1,[44],[44],NAI,NAI,3.7413172721862793,2.8060245513916016,1.557680368423462,0.7199342846870422,0.5339521765708923,1.080808401107788,apo_holo,False,False,True
552,CA,apo35c0734d1d,A,7phw,E,1,[1],[1],CA,CA,6.419137001037598,2.3282642364501958,1.58135187625885,0.6211177110671997,0.9114579558372498,1.3207615613937378,apo_holo,False,False,False
553,TTP,apo71b0b91ba3,A,2ja1,A,1,[29],[29],TTP,TTP,4.087864875793457,2.589227199554444,1.4654487371444702,0.6820695400238037,0.810386061668396,1.0079355239868164,apo_holo,False,False,False
554,NAI,3rfv,A,apo550ef7e2ba,A,1,[44],[44],NAI,NAI,2.695610523223877,3.3670907020568848,1.485399842262268,0.7296684980392456,0.9118164777755736,1.188312530517578,apo_holo,False,False,True
555,NAI,apoad92680901,A,6jw7,A,1,[44],[44],NAI,NAI,1.532936692237854,4.464670658111572,0.6530565023422241,0.7838522791862488,0.9920397996902466,0.7283467650413513,apo_holo,False,True,True
556,CA,apob360d19607,A,8bad,B,1,[1],[1],CA,CA,5.810193538665772,2.2161362171173096,1.4303220510482788,0.6820328235626221,0.877081036567688,1.0100733041763306,apo_holo,False,False,False
557,SKM,apob2978c18ed,A,3nvs,A,1,[12],[12],SKM,SKM,4.761045455932617,2.3899316787719727,1.2435940504074097,0.763679563999176,0.7114054560661316,1.168775200843811,apo_holo,False,False,False
558,CA,apo5672fa1253,A,3zq4,A,1,[1],[1],CA,CA,7.288710117340088,2.131119728088379,1.5980088710784912,0.7373986840248108,0.81459641456604,0.9441985487937928,apo_holo,False,False,False
559,NAI,4g6h,A,apodc159d30e1,A,1,[44],[44],NAI,NAI,2.6731882095336914,3.847892284393311,0.8102566599845886,0.772368848323822,0.9731959700584412,0.8362898230552673,apo_holo,False,False,True
560,SAM,3t7v,A,apob0da859712,A,1,[27],[27],SAM,SAM,3.434964179992676,2.8641998767852783,1.5837820768356323,0.727695882320404,0.7739834189414978,1.2647520303726196,apo_holo,False,False,True
561,SAM,apo865b191f3d,A,4odj,A,1,[27],[27],SAM,SAM,3.4437294006347656,2.4736883640289307,1.4480963945388794,0.7089788317680359,0.7414843440055847,1.270298719406128,apo_holo,False,False,True
562,CA,apo5a03cdd913,A,1oz6,A,1,[1],[1],CA,CA,5.427660942077637,3.031927585601806,0.8757205009460449,0.7336452603340149,0.9515231251716614,0.8202970027923584,apo_holo,False,False,False
563,NAI,3afo,A,apo550ef7e2ba,A,1,[44],[44],NAI,NAI,3.640282392501831,2.677915573120117,1.4707330465316772,0.7015845775604248,0.864538311958313,1.1056617498397827,apo_holo,False,False,True
564,RBF,apo3272937f0a,A,3ddy,A,1,[27],[27],RBF,RBF,6.717921733856201,2.1228690147399902,1.59864604473114,0.7107403874397278,0.7797487378120422,1.2287043333053589,apo_holo,False,False,False
565,SF4,2acz,B,apoe3e6a39c0a,A,1,[8],[8],SF4,SF4,8.098016738891602,1.9064640998840328,1.6187859773635864,0.7135189175605774,0.4880985021591186,1.1276711225509644,apo_holo,False,False,False
566,SIA,3phz,A,apof988af7c38,A,1,[21],[20],SIA,SIA,9.19350528717041,2.3187255859375,1.8572953939437864,0.599180281162262,0.8121376633644104,1.098332405090332,apo_holo,False,False,False
567,VN4,2rar,A,apo9f3cdc96b3,A,1,[4],[4],VN4,VN4,3.1628220081329346,2.677103281021118,1.9046194553375244,0.7053941488265991,0.8166976571083069,1.0743297338485718,apo_holo,False,False,True
568,NAI,3fhm,A,apo5f621fda84,A,1,[44],[44],NAI,NAI,3.408577919006348,2.9246065616607666,1.4373966455459597,0.7173910737037659,0.922803521156311,1.2241504192352295,apo_holo,False,False,True
569,GOA,apoa80b2969e4,A,6gmb,A,1,[5],[5],GOA,GOA,4.897886276245117,2.4595727920532227,1.6069746017456057,0.695448100566864,0.4272599220275879,1.3454573154449463,apo_holo,False,False,False
570,CA,3vu1,B,apo3cbfbe33d1,A,1,[1],[1],CA,CA,6.61187219619751,2.075522899627685,1.5170621871948242,0.7299207448959351,0.9531118869781494,1.1372981071472168,apo_holo,False,False,False
571,CAA,2uzf,A,apo937cad989b,A,1,[54],[54],CAA,CAA,4.63017463684082,2.896689176559448,1.4738891124725342,0.745011568069458,0.8405503630638123,1.0184019804000854,apo_holo,False,False,False
572,SKM,3nvs,A,apoeb78c816f2,A,1,[12],[12],SKM,SKM,4.585683822631836,2.366992235183716,1.3885353803634644,0.7049272060394287,0.845492959022522,1.3847116231918335,apo_holo,False,False,False
573,SF4,1oao,C,apo1dac00cc2b,A,1,[8],[8],SF4,SF4,2.866220474243164,1.8896408081054688,1.6500349044799805,0.6787718534469604,0.8545874953269958,1.34749436378479,apo_holo,False,False,True
574,SIA,3phz,A,apoe05bc91286,A,1,[21],[20],SIA,SIA,7.31491756439209,2.397528648376465,1.4740601778030396,0.7043116092681885,0.8931357860565186,1.2004055976867676,apo_holo,False,False,False
575,NAI,apofccf8b8bc2,A,4g6h,A,1,[44],[44],NAI,NAI,2.453634738922119,3.4430596828460693,1.355531930923462,0.7559372782707214,0.8699248433113098,0.9389315843582152,apo_holo,False,False,True
576,CA,3g5i,A,apo55a42b3c58,A,1,[1],[1],CA,CA,7.525225639343262,2.5116686820983887,1.4167821407318115,0.7172792553901672,0.7200332283973694,1.0557807683944702,apo_holo,False,False,False
577,SKM,3nvs,A,apo57a2683458,A,1,[12],[12],SKM,SKM,4.283349514007568,2.087789535522461,1.505285382270813,0.7030075192451477,0.6712949872016907,1.2658898830413818,apo_holo,False,False,False
578,SIA,apodab3a045c8,A,4d62,A,1,[21],[21],SIA,SIA,6.771294116973877,2.0583887100219727,1.40278160572052,0.6900436282157898,0.9504203200340272,1.498468995094299,apo_holo,False,False,False
579,NXL,apo0e856668c7,A,6fj1,A,1,[17],[17],NXL,NXL,3.0474400520324707,2.304158926010132,1.8906508684158323,0.7504346966743469,0.4377928376197815,1.0985864400863647,apo_holo,False,False,False
580,NAI,1e3e,A,apo172e797b27,A,1,[44],[44],NAI,NAI,6.363314628601074,2.666855335235596,1.3554651737213137,0.6962128281593323,0.9464046359062196,1.2641942501068115,apo_holo,False,False,False
581,GOA,3if9,A,apo513d86a1e9,A,1,[5],[5],GOA,GOA,5.150683879852295,2.1281678676605225,1.5231550931930542,0.7053954005241394,0.9130407571792604,1.05231511592865,apo_holo,False,False,False
582,CA,3u48,B,apo4ddb523b27,A,1,[1],[1],CA,CA,7.987540245056152,2.512453317642212,1.5831544399261477,0.7333528995513916,0.7876866459846497,1.109327793121338,apo_holo,False,False,False
583,NAI,2dld,A,apoac6ecc83f5,A,1,[44],[44],NAI,NAI,2.763246774673462,2.989271640777588,1.581850528717041,0.7113354802131653,0.8502465486526489,1.1612685918807983,apo_holo,False,False,True
584,NAI,apo542a5d48e9,A,5itv,A,1,[44],[44],NAI,NAI,3.0628199577331543,2.891916990280152,1.5089025497436523,0.7009814977645874,0.8248715400695801,1.1644922494888306,apo_holo,False,False,True
585,SKM,apo0f9e91a457,A,3nvs,A,1,[12],[12],SKM,SKM,5.797348976135254,2.419466257095337,1.4843486547470093,0.7270103096961975,0.8500705361366272,1.1301082372665403,apo_holo,False,False,False
586,TTP,1mc3,A,apo07a533bd13,A,1,[29],[29],TTP,TTP,3.4715704917907715,2.6848011016845703,1.5789779424667358,0.7494880557060242,0.8402108550071716,0.9299253225326538,apo_holo,False,False,True
587,RBF,apo9e85e46298,A,2vxa,A,1,[27],[27],RBF,RBF,6.412743091583252,2.692166805267334,1.5702762603759766,0.7316309213638306,0.8296987414360046,1.0535579919815063,apo_holo,False,False,False
588,K,2gj8,D,apoa91505152f,A,1,[1],[1],K,K,7.662394523620605,3.1479296684265137,1.501248478889465,0.7199410796165466,0.8579432964324951,0.9927070736885072,apo_holo,False,False,False
589,CA,4g97,A,apo1625ada5d0,A,1,[1],[1],CA,CA,7.037540912628174,3.004955768585205,1.55851411819458,0.7256411910057068,0.8720794916152954,0.937183678150177,apo_holo,False,False,False
590,K,apo8711722b82,A,2qv6,A,1,[1],[1],K,K,3.2950103282928467,2.5721700191497803,1.6649316549301147,0.6657088398933411,0.9596922993659972,1.1535362005233765,apo_holo,False,False,True
591,NAI,3rfv,A,apo172e797b27,A,1,[44],[44],NAI,NAI,6.927989959716797,2.5032925605773926,1.6285783052444458,0.661163330078125,0.6817839741706848,1.4195667505264282,apo_holo,False,False,False
592,TYD,apob8d00776c6,A,3lv8,A,1,[25],[25],TYD,TYD,5.924212455749512,2.8080272674560547,1.4620555639266968,0.728217363357544,0.7333300709724426,0.9970763325691224,apo_holo,False,False,False
593,SF4,apo1ec04f1101,A,6lum,K,1,[8],[8],SF4,SF4,7.386480331420898,1.9380271434783936,1.5263993740081787,0.6293531656265259,0.8799511194229126,1.5285855531692505,apo_holo,False,False,False
594,TTP,3o0n,A,apob9237ccc51,A,1,[29],[29],TTP,TTP,7.376736164093018,2.146012544631958,1.8778409957885744,0.5990239381790161,0.7929375767707825,1.0898475646972656,apo_holo,False,False,False
595,TTP,1xje,A,apob9237ccc51,A,1,[29],[29],TTP,TTP,7.1030778884887695,2.001194477081299,1.594449162483215,0.6036002039909363,0.8236488699913025,1.1745874881744385,apo_holo,False,False,False
596,TTP,apodca2890c4d,A,3o0n,A,1,[29],[29],TTP,TTP,6.757871627807617,2.0580055713653564,1.5949748754501345,0.6630862355232239,0.5604516863822937,1.2223294973373413,apo_holo,False,False,False
597,RBF,apo3272937f0a,A,3a35,A,1,[27],[27],RBF,RBF,6.80345630645752,1.8432211875915527,1.4204826354980469,0.6945551633834839,0.945610761642456,1.1154056787490845,apo_holo,False,False,False
598,SF4,3o3m,D,apo3c95f2c9f9,A,1,[8],[8],SF4,SF4,8.512389183044434,2.3219988346099854,1.6161599159240725,0.7010775208473206,0.8041466474533081,1.3640693426132202,apo_holo,False,False,False
599,BU3,apob0d1d6ffe4,A,5te4,G,1,[6],[6],BU3,BU3,7.19061803817749,2.285840511322021,1.7124727964401243,0.6558997631072998,0.903355062007904,1.0718579292297363,apo_holo,False,False,False
600,TYD,apob8d00776c6,A,4lxq,B,1,[25],[25],TYD,TYD,4.965540885925293,2.7892003059387207,1.4695807695388794,0.7324357032775879,0.5746956467628479,1.0451222658157349,apo_holo,False,False,False
601,SF4,1e1d,A,apoa322bb6fb6,A,1,[8],[8],SF4,SF4,7.1222004890441895,2.122591018676758,1.280387282371521,0.5242655873298645,0.999164879322052,1.0371966361999512,apo_holo,False,False,False
602,CA,3f8h,A,apo44a9658a3d,A,1,[1],[1],CA,CA,7.858207702636719,2.2899863719940186,1.6460981369018557,0.7223160862922668,0.8284116983413696,1.318589448928833,apo_holo,False,False,False
603,SIA,3phz,A,apo853b93903a,A,1,[21],[20],SIA,SIA,8.128585815429688,2.114104747772217,1.653320074081421,0.6676012277603149,0.9770025610923768,1.2013944387435913,apo_holo,False,False,False
604,SKM,3nvs,A,apoc2bad139c1,A,1,[12],[12],SKM,SKM,5.332951068878174,2.091682195663452,1.7111057043075562,0.6901044249534607,0.8769853711128235,1.222927212715149,apo_holo,False,False,False
605,CA,apo3ddefba82f,A,4n3o,B,1,[1],[1],CA,CA,6.314650535583496,2.337036609649658,1.4983553886413574,0.7209568619728088,0.9299143552780152,1.0265358686447144,apo_holo,False,False,False
606,CA,apocbbbf3bcfc,A,4c16,A,1,[1],[1],CA,CA,3.037596702575684,2.1244828701019287,0.9960139989852904,0.7071377038955688,0.882513165473938,1.1747561693191528,apo_holo,False,False,True
607,CA,1je5,B,apoa2bc211924,A,1,[1],[1],CA,CA,8.058897972106934,1.6139678955078125,1.840611696243286,0.6350041031837463,0.9101045727729796,1.25456702709198,apo_holo,False,False,False
608,PC,2bib,A,apof5d78154a5,A,1,[11],[11],PC,PC,8.35244083404541,2.491422176361084,1.3192821741104126,0.7335495352745056,0.8073264956474304,1.027182936668396,apo_holo,False,False,False
609,SF4,apo1ec04f1101,A,5y6q,B,1,[8],[8],SF4,SF4,6.750194549560547,1.8450608253479004,1.52841055393219,0.6636060476303101,0.7865114212036133,1.4319078922271729,apo_holo,False,False,False
610,TTP,1w4r,A,apo71b0b91ba3,A,1,[29],[29],TTP,TTP,4.961811065673828,2.6804585456848145,1.5640325546264648,0.7089307904243469,0.7016929984092712,1.0494872331619265,apo_holo,False,False,False
611,SF4,4a15,A,apo3ad854c181,A,1,[8],[8],SF4,SF4,8.046820640563965,2.306520462036133,1.5568022727966309,0.6692794561386108,0.8311431407928467,1.207843780517578,apo_holo,False,False,False
612,SF4,5kh0,A,apo1dac00cc2b,A,1,[8],[8],SF4,SF4,8.156943321228027,2.60389256477356,1.5375683307647705,0.6753208041191101,0.7460929155349731,1.241026759147644,apo_holo,False,False,False
613,COM,apoac9194d1a6,A,5n1q,A,1,[7],[7],COM,COM,8.539777755737305,2.017099142074585,1.570710301399231,0.611872673034668,0.444214791059494,1.2732988595962524,apo_holo,False,False,False
614,COM,apo3011c05f11,A,5n1q,A,1,[7],[7],COM,COM,7.961318016052246,2.3338348865509038,1.3042612075805664,0.7232645153999329,0.9470230340957642,1.003893256187439,apo_holo,False,False,False
615,SF4,apo87912ac63c,A,6fz6,A,1,[8],[8],SF4,SF4,2.7409415245056152,2.573592185974121,1.4110794067382812,0.6465363502502441,0.9552799463272096,1.7875138521194458,apo_holo,False,False,True
616,SF4,1iqz,A,apo9e41a8b34d,A,1,[8],[8],SF4,SF4,6.48693323135376,1.9827373027801516,1.494684100151062,0.7412163019180298,0.6882849931716919,1.104685664176941,apo_holo,False,False,False
617,SF4,apo0262b01f14,A,6x1o,C,1,[8],[8],SF4,SF4,6.372347354888916,2.189779758453369,1.5551687479019165,0.6404737234115601,0.6747278571128845,1.377491116523743,apo_holo,False,False,False
618,SF4,1h98,A,apoe3e6a39c0a,A,1,[8],[8],SF4,SF4,7.994611263275146,2.335580348968506,1.4504787921905518,0.717791736125946,0.6976485848426819,1.3370413780212402,apo_holo,False,False,False
619,TTP,3o0n,A,apo07a533bd13,A,1,[29],[29],TTP,TTP,7.442712783813477,1.8260046243667605,1.8806822299957275,0.6190128922462463,0.7146440148353577,1.105026364326477,apo_holo,False,False,False
620,PQQ,3das,A,apo6ec54966a0,A,1,[24],[24],PQQ,PQQ,4.268790245056152,3.3268513679504395,1.0327136516571045,0.7275374531745911,0.982889711856842,0.9412553906440736,apo_holo,False,False,False
621,1GP,2f6x,A,apo58adbd4ccd,A,1,[10],[10],1GP,1GP,5.64538049697876,2.535670757293701,1.6594133377075195,0.7246810793876648,0.9050381779670716,1.0752840042114258,apo_holo,False,False,False
622,SF4,2a5h,B,apo87912ac63c,A,1,[8],[8],SF4,SF4,7.271348476409912,2.030705690383911,1.620973825454712,0.625415027141571,0.7452353239059448,1.6752331256866455,apo_holo,False,False,False
623,TTP,1mc3,A,apob9237ccc51,A,1,[29],[29],TTP,TTP,3.832954645156861,2.4657506942749023,1.5404378175735474,0.6954461336135864,0.7536334991455078,1.0347785949707031,apo_holo,False,False,True
624,SF4,1iqz,A,apo2ae92c936d,A,1,[8],[8],SF4,SF4,8.107548713684082,2.191822052001953,1.5581971406936646,0.6631282567977905,0.8570241928100586,1.213779330253601,apo_holo,False,False,False
625,SKM,apo2c9e3326c4,A,4y0a,A,1,[12],[12],SKM,SKM,3.4233076572418213,2.691614151000977,1.4421961307525637,0.7182056307792664,0.8520931601524353,1.2776498794555664,apo_holo,False,False,True
626,K,apo8711722b82,A,4jay,A,1,[1],[1],K,K,5.420352935791016,2.3020827770233154,1.4718137979507446,0.7042561769485474,0.8619231581687927,0.9548022150993348,apo_holo,False,False,False
627,K,apob2881074d9,A,6npl,A,1,[1],[1],K,K,3.000852584838867,1.881382703781128,1.6026525497436523,0.6627455949783325,0.8189442157745361,1.4543259143829346,apo_holo,False,False,True
628,TYD,apobdb30dfd1f,A,6b5e,B,1,[25],[25],TYD,TYD,7.1505537033081055,3.103515625,1.3877755403518677,0.7313023209571838,0.8072039484977722,1.0893958806991575,apo_holo,False,False,False
629,SF4,2fug,6,apo3ad854c181,A,1,[8],[8],SF4,SF4,6.337741374969482,2.2584152221679688,1.6586240530014038,0.6762489080429077,0.9053472876548768,1.2510906457901,apo_holo,False,False,False
630,TTP,apo1450cb4c8a,A,3o0n,A,1,[29],[29],TTP,TTP,7.557164192199707,2.257365226745605,1.6269289255142212,0.643582820892334,0.4483229219913482,1.018207311630249,apo_holo,False,False,False
631,SF4,1a6l,A,apoe3e6a39c0a,A,1,[8],[8],SF4,SF4,7.636447429656982,2.468944787979126,1.600726842880249,0.7336532473564148,0.7849370837211609,1.3056267499923706,apo_holo,False,False,False
632,TTP,1xje,A,apo71b0b91ba3,A,1,[29],[29],TTP,TTP,7.607574939727783,2.3591675758361816,1.4570460319519043,0.6456018090248108,0.8689606189727783,1.090531349182129,apo_holo,False,False,False
633,TYD,apob8d00776c6,A,2v54,A,1,[25],[25],TYD,TYD,6.103222370147705,2.7270913124084477,1.689142107963562,0.7229138612747192,0.5759695172309875,1.026731014251709,apo_holo,False,False,False
634,PC,1o72,A,apof5d78154a5,A,1,[11],[11],PC,PC,8.062878608703613,2.569993257522583,1.7138527631759644,0.7164011001586914,0.7793847918510437,1.2113189697265625,apo_holo,False,False,False
635,RBF,apo5d61b7f6bc,A,4iil,A,1,[27],[27],RBF,RBF,5.698864936828613,2.481921434402466,1.401217341423035,0.7158782482147217,0.9332953095436096,1.086726188659668,apo_holo,False,False,False
636,FDA,3v76,A,apo0e37ab3f3e,A,1,[53],[53],FDA,FDA,5.842102527618408,2.466561794281006,1.3590915203094482,0.7333351373672485,0.8255607485771179,1.1250256299972534,apo_holo,False,False,False
637,F6P,apo7b44123974,A,3o8o,B,1,[16],[16],F6P,F6P,5.26030969619751,2.545996904373169,1.5408425331115725,0.7056655287742615,0.8505691289901733,0.9215713143348694,apo_holo,False,False,False
638,TTP,apo1450cb4c8a,A,1xje,A,1,[29],[29],TTP,TTP,7.602536678314209,2.527963638305664,1.453334927558899,0.6306938529014587,0.52424156665802,1.1975135803222656,apo_holo,False,False,False
639,DGT,2atz,A,apobdfd5ed6c5,A,1,[31],[31],DGT,DGT,2.4009361267089844,2.823250293731689,0.8609986901283264,0.8370594382286072,0.9802387356758118,0.8390348553657532,apo_holo,False,False,True
640,F6P,apo7b44123974,A,5htk,A,1,[16],[16],F6P,F6P,7.874370574951172,2.4380009174346924,1.502521514892578,0.6956074833869934,0.6846961975097656,1.0912816524505615,apo_holo,False,False,False
641,TTP,apo71b0b91ba3,A,2uz3,B,1,[29],[29],TTP,TTP,4.979003429412842,2.656078815460205,1.5531071424484253,0.7031199336051941,0.8181248307228088,1.0961799621582031,apo_holo,False,False,False
642,TTP,apo1450cb4c8a,A,1mc3,A,1,[29],[29],TTP,TTP,3.602962732315064,2.699199914932251,1.3942108154296875,0.6954975724220276,0.6476535201072693,1.1169369220733645,apo_holo,False,False,True
643,TYD,apob8d00776c6,A,1rrv,A,1,[25],[25],TYD,TYD,2.477757215499878,3.128001928329468,1.4085921049118042,0.7681884765625,0.7461691498756409,0.9817808270454408,apo_holo,False,False,True
644,K,apob680d44f71,A,2gj8,D,1,[1],[1],K,K,4.129773139953613,2.75996208190918,1.7971456050872805,0.7094529271125793,0.9087623953819276,1.2847272157669067,apo_holo,False,False,False
645,K,apo144c39e067,A,2gj8,D,1,[1],[1],K,K,7.535956382751465,2.743464231491089,1.514718770980835,0.742467999458313,0.8602566123008728,1.01089346408844,apo_holo,False,False,False
646,PC,2bib,A,apo6142d24d09,A,1,[11],[11],PC,PC,3.38804292678833,2.785598993301392,1.4111837148666382,0.7703635692596436,0.775355339050293,0.8599593639373779,apo_holo,False,False,True
647,TYD,apob8d00776c6,A,1pn3,A,1,[25],[25],TYD,TYD,2.3722851276397705,3.124117612838745,1.4345232248306274,0.7743600606918335,0.7983332872390747,0.9849347472190856,apo_holo,False,False,True
648,CAA,2uzf,A,apoed40d751c6,A,1,[54],[54],CAA,CAA,3.9903981685638423,2.760060787200928,1.6356287002563477,0.7338225841522217,0.7072605490684509,1.0300081968307495,apo_holo,False,False,True
649,SIA,2v73,A,apobf28a42827,A,1,[21],[21],SIA,SIA,7.986682415008545,2.341722011566162,1.7978744506835938,0.590996503829956,0.6959500312805176,1.110013723373413,apo_holo,False,False,False
650,TTP,apo71b0b91ba3,A,2j87,D,1,[29],[29],TTP,TTP,4.949737548828125,2.593109607696533,1.4883949756622314,0.7131106853485107,0.6954679489135742,0.9703672528266908,apo_holo,False,False,False
651,K,apob680d44f71,A,4jay,A,1,[1],[1],K,K,4.7865986824035645,2.3111343383789062,1.4317104816436768,0.736262857913971,0.9183152318000792,0.9751465916633606,apo_holo,False,False,False
652,K,apob680d44f71,A,2qv6,A,1,[1],[1],K,K,6.550362586975098,2.771263599395752,1.438883662223816,0.7036454677581787,0.8889691829681396,1.2032150030136108,apo_holo,False,False,False
653,SIA,apo0d0b42695c,A,3phz,A,1,[20],[21],SIA,SIA,8.565483093261719,2.0819945335388184,1.666571021080017,0.6941169500350952,0.7554566264152527,1.0534199476242063,apo_holo,False,False,False
654,SIA,4d62,A,apobf28a42827,A,1,[21],[21],SIA,SIA,8.021800994873047,2.447694540023804,1.4425182342529297,0.6830815076828003,0.9896572828292848,1.2002418041229248,apo_holo,False,False,False
655,TYD,apoe9a08fdd69,A,5tpu,A,1,[25],[25],TYD,TYD,7.524253368377685,2.0248491764068604,1.6292718648910522,0.7034514546394348,0.839668869972229,1.420010328292847,apo_holo,False,False,False
656,TYD,apo4d523eb2b1,A,3vbm,E,1,[25],[25],TYD,TYD,5.913156509399414,2.080503463745117,1.3944077491760254,0.7093736529350281,0.8901238441467285,1.2298636436462402,apo_holo,False,False,False
657,TYD,apob8d00776c6,A,3oth,A,1,[25],[25],TYD,TYD,2.406691312789917,3.1542792320251465,1.4613149166107178,0.7593845129013062,0.6525695323944092,1.006455421447754,apo_holo,False,False,True
658,TYD,apoa6cedd5e6c,A,6b5e,B,1,[25],[25],TYD,TYD,7.119843482971191,3.0536229610443115,1.4005306959152222,0.7152904868125916,0.8280800580978394,1.1423587799072266,apo_holo,False,False,False
659,SIA,apodab3a045c8,A,2v73,A,1,[21],[21],SIA,SIA,6.373448848724365,2.136773109436035,1.4722915887832642,0.6550580263137817,0.8319910168647766,1.6661510467529297,apo_holo,False,False,False
660,K,apo7d447b2b3e,A,4jay,A,1,[1],[1],K,K,6.658066749572754,2.3806798458099365,1.486120343208313,0.7324931025505066,0.7823273539543152,1.1699854135513306,apo_holo,False,False,False
661,SIA,3phz,A,apobf28a42827,A,1,[21],[20],SIA,SIA,8.70865249633789,2.093020439147949,1.8472617864608765,0.5413432121276855,0.482929527759552,1.757594347000122,apo_holo,False,False,False
662,TYD,apo7b54455720,A,6b5e,B,1,[25],[25],TYD,TYD,6.862209320068359,2.9620933532714844,1.5592291355133057,0.725190281867981,0.6702721118927002,1.0842941999435425,apo_holo,False,False,False
663,SIA,3phz,A,apoa45663a7b4,A,1,[21],[20],SIA,SIA,8.011736869812012,2.394803524017334,1.4890700578689575,0.7468960285186768,0.8621726632118225,0.933000147342682,apo_holo,False,False,False
664,SIA,3phz,A,apo214d44df5b,A,1,[20],[20],SIA,SIA,8.367501258850098,2.1065096855163574,1.8159366846084597,0.6707563400268555,0.5929093360900879,1.2571574449539185,apo_holo,False,False,False
665,COM,apo89e8cc2b73,A,3sqg,A,2,[7],[7],COM,COM,6.751601219177246,2.121272087097168,1.4684845209121704,0.6197393536567688,0.8428089022636414,1.4963761568069458,apo_holo,False,False,False
666,DGT,apo4982e5919d,A,3au2,A,2,[31],[31],DGT,DGT,4.905319690704346,2.325509786605835,1.4532907009124756,0.6053095459938049,0.7030540108680725,0.963594138622284,apo_holo,False,False,False
667,DPV,3kyq,A,apoc90e716edc,A,2,[23],[23],DPV,DPV,4.755053520202637,2.213354110717773,1.6752610206604004,0.725447416305542,0.8475386500358582,1.3458867073059082,apo_holo,False,False,False
668,5ID,apo62623d4ad8,A,5od2,B,2,[20],[20],5ID,5ID,2.9061665534973145,2.932535409927368,1.531971096992493,0.7363300323486328,0.7077106833457947,1.076981782913208,apo_holo,False,False,True
669,F6P,2r66,A,apob091a8018e,A,2,[16],[16],F6P,F6P,7.05997896194458,3.0789904594421387,1.3098965883255005,0.7501614689826965,0.84266197681427,1.02865469455719,apo_holo,False,False,False
670,COM,1e6v,A,apo89e8cc2b73,A,2,[7],[7],COM,COM,8.743433952331543,1.8276629447937007,1.7631756067276,0.7104296684265137,0.6241647601127625,1.1252281665802002,apo_holo,False,False,False
671,SAM,3uj7,A,apo05ecfae4e4,A,2,[27],[27],SAM,SAM,2.924805164337158,3.3079488277435303,1.420282006263733,0.6964528560638428,0.9511727094650269,0.968921959400177,apo_holo,False,False,True
672,SAM,2qmm,A,apo7d270341fc,A,2,[26],[19],SAM,SAM,2.44207501411438,3.4668991565704346,1.3034566640853882,0.702579140663147,0.8581761121749878,0.9988095164299012,apo_holo,False,False,True
673,F6P,apo3a3fdb2de6,A,5htk,A,2,[16],[16],F6P,F6P,7.824387550354004,2.30948257446289,1.384097695350647,0.6606442332267761,0.8598687052726746,1.4361432790756226,apo_holo,False,False,False
674,DGT,apo4982e5919d,A,3f2b,A,2,[31],[31],DGT,DGT,7.954390048980713,1.978245496749878,1.850269317626953,0.5950518846511841,0.3105975985527038,0.9807714223861694,apo_holo,False,False,False
675,COH,apo10f3e6cebd,A,5f1a,A,2,[43],[43],COH,COH,7.593804359436035,2.2188544273376465,1.5416451692581177,0.6406612992286682,0.9972827434539796,1.2274121046066284,apo_holo,False,False,False
676,SAM,1i9g,A,apoe7d8c0feb7,A,2,[27],[27],SAM,SAM,3.151319026947021,3.2125635147094727,1.41004741191864,0.6817131042480469,0.9531950354576112,0.8423229455947876,apo_holo,False,False,True
677,DGT,2atz,A,apo4982e5919d,A,2,[31],[31],DGT,DGT,4.640932559967041,2.258282423019409,1.55371356010437,0.67173171043396,0.780809760093689,1.175645351409912,apo_holo,False,False,False
678,F6P,2axn,A,apo930083236b,A,2,[16],[16],F6P,F6P,8.102398872375488,2.3548455238342285,1.594975829124451,0.6594422459602356,0.8737463355064392,1.1421548128128052,apo_holo,False,False,False
679,HSA,1fg3,A,apodcbc11ef7f,A,2,[14],[14],HSA,HSA,3.3500118255615234,2.296430826187134,1.7001144886016846,0.6913606524467468,0.6368159055709839,1.293400526046753,apo_holo,False,False,True
680,F6P,apo9f174cb24f,A,6ayu,A,2,[16],[16],F6P,F6P,4.985157489776611,2.2080740928649902,1.6405127048492432,0.7116215229034424,0.8779512643814087,1.0927836894989014,apo_holo,False,False,False
681,SAM,2npn,A,apo0c4f651c46,A,2,[27],[27],SAM,SAM,6.7727885246276855,1.323756456375122,2.177087545394897,0.6472769379615784,0.8226547837257385,1.5893138647079468,apo_holo,False,False,False
682,GST,3vc1,D,apo35213b46ab,A,2,[19],[19],GST,GST,4.669094085693359,2.789879560470581,1.5119813680648804,0.7393041849136353,0.9426780939102172,1.1094567775726318,apo_holo,False,False,False
683,TTP,2j87,D,apodca2890c4d,A,2,[29],[29],TTP,TTP,8.31018352508545,1.9832570552825928,1.6222633123397827,0.6660487055778503,0.3586675524711609,1.1309858560562134,apo_holo,False,False,False
684,F6P,5htk,A,apo930083236b,A,2,[16],[16],F6P,F6P,7.976015090942383,2.3220577239990234,1.664243221282959,0.6899510622024536,0.4923464059829712,1.0110005140304563,apo_holo,False,False,False
685,BG6,5hg1,A,apob90cad9cbd,A,2,[16],[16],BG6,BG6,6.992995738983154,2.6449382305145264,1.5507426261901855,0.6484898924827576,0.822702169418335,1.423655986785889,apo_holo,False,False,False
686,5ID,apo37dcf227f8,A,5od2,B,2,[20],[20],5ID,5ID,3.215165853500366,3.0531105995178223,1.2677295207977295,0.7520120739936829,0.483905017375946,1.0953619480133057,apo_holo,False,False,False
687,QUE,apoe626992ece,A,1h1i,B,2,[22],[22],QUE,QUE,4.119933605194092,1.9078924655914309,1.2201803922653198,0.6784684062004089,0.9317413568496704,1.2539210319519043,apo_holo,False,False,False
688,BG6,3hm8,A,apo95f6af94d0,A,2,[16],[16],BG6,BG6,5.212067127227783,3.1218249797821045,1.3947651386260986,0.7259547114372253,0.8061781525611877,1.1312401294708252,apo_holo,False,False,False
689,RBF,apo5d61b7f6bc,A,4r3a,A,2,[27],[27],RBF,RBF,7.518136978149414,2.2697815895080566,1.6231979131698608,0.6770548224449158,0.9061049818992616,1.1241921186447144,apo_holo,False,False,False
690,SAM,3dlc,A,apob0da859712,A,2,[27],[27],SAM,SAM,2.966066598892212,3.444538116455078,1.33404803276062,0.6972777843475342,0.946662425994873,0.9962581396102904,apo_holo,False,False,True
691,RUB,8thm,B,apoa7fcc1a69f,A,2,[18],[18],RUB,RUB,7.247243881225586,2.288746833801269,1.6911896467208862,0.703062117099762,0.7272586822509766,1.2308292388916016,apo_holo,False,False,False
692,SAM,2qmm,A,apoeb856749db,A,2,[27],[19],SAM,SAM,2.391352415084839,3.3695223331451416,1.2445037364959717,0.7160409092903137,0.9103198647499084,0.986577332019806,apo_holo,False,False,True
693,1GP,apo58adbd4ccd,A,6dgm,B,2,[10],[10],1GP,1GP,5.95334005355835,2.344623565673828,1.501355767250061,0.7079779505729675,0.7043775320053101,0.9944057464599608,apo_holo,False,False,False
694,SAM,apob4f0ecf5b4,A,2qmm,A,2,[19],[27],SAM,SAM,2.305746793746948,3.4470553398132324,1.2740999460220337,0.6906541585922241,0.960814654827118,0.9762842059135436,apo_holo,False,False,True
695,GST,4lls,A,apo5d38d709ef,A,2,[19],[19],GST,GST,5.678318500518799,2.3757338523864746,1.6224775314331057,0.6990559697151184,0.8722070455551147,1.375196933746338,apo_holo,False,False,False
696,SAM,apo03623d8ca9,A,5vm8,B,2,[27],[27],SAM,SAM,3.1038858890533447,3.31480073928833,1.3729095458984375,0.7002841234207153,0.9218094348907472,0.973232090473175,apo_holo,False,False,True
697,NAI,apodc159d30e1,A,7uyy,A,2,[44],[44],NAI,NAI,2.864707946777344,3.8212170600891113,1.2359780073165894,0.7393145561218262,0.9027592539787292,0.993560254573822,apo_holo,False,False,True
698,F6P,3o8o,B,apo930083236b,A,2,[16],[16],F6P,F6P,6.157867431640625,2.2348201274871826,1.5551084280014038,0.606784999370575,0.4135534763336181,1.4832649230957031,apo_holo,False,False,False
699,HEM,apod26b96b8e4,A,3el3,A,2,[43],[43],HEM,HEM,4.0992960929870605,2.36352014541626,1.758358597755432,0.6915771961212158,0.7122870683670044,1.1707642078399658,apo_holo,False,False,False
700,SAM,apo03623d8ca9,A,3dcm,X,2,[27],[27],SAM,SAM,3.1037278175354004,3.2777395248413086,1.4277604818344116,0.6768478155136108,0.891892671585083,0.9839206337928772,apo_holo,False,False,True
701,SAM,5vm8,B,apocc22a7c249,A,2,[27],[27],SAM,SAM,3.062839269638061,3.382439613342285,1.4565582275390625,0.6691597700119019,0.6242072582244873,0.9746835827827454,apo_holo,False,False,True
702,NAI,apofccf8b8bc2,A,4q3a,C,2,[44],[44],NAI,NAI,2.8622405529022217,3.91353440284729,1.1917420625686646,0.7686160802841187,0.9160957932472228,0.849955141544342,apo_holo,False,False,True
703,3CX,apo50172c3537,A,4z7x,A,2,[15],[15],3CX,3CX,7.206403732299805,2.7607250213623047,1.6475703716278076,0.7261753082275391,0.9480672478675842,1.090991735458374,apo_holo,False,False,False
704,NAI,apo3fdb14322f,A,7uyy,A,2,[44],[44],NAI,NAI,2.884992837905884,3.759751319885254,1.1436845064163208,0.7200576066970825,0.8817645311355591,0.8889075517654419,apo_holo,False,False,True
705,SAM,2egv,A,apo7571e7ce4e,A,2,[27],[27],SAM,SAM,3.22036075592041,3.2581892013549805,1.254279375076294,0.6872066259384155,0.625671923160553,0.995168685913086,apo_holo,False,False,True
706,BG6,3hm8,A,apo95f6af94d0,A,2,[16],[16],BG6,BG6,5.212066173553467,3.1218278408050537,1.394765853881836,0.7259535789489746,0.8061771392822266,1.1312434673309326,apo_holo,False,False,False
707,TTP,2ja1,A,apo07a533bd13,A,2,[29],[29],TTP,TTP,3.825410842895508,2.841543197631836,0.8870402574539185,0.7460254430770874,0.9525669813156128,0.8882074356079102,apo_holo,False,False,True
708,F6P,2r66,A,apo930083236b,A,2,[16],[16],F6P,F6P,7.025820732116699,2.640995740890503,1.441012263298035,0.7025051712989807,0.63322514295578,1.1949197053909302,apo_holo,False,False,False
709,F6P,apob091a8018e,A,6ayu,A,2,[16],[16],F6P,F6P,6.322961330413818,2.579505920410156,1.5840152502059937,0.6619064807891846,0.7805503010749817,1.317773461341858,apo_holo,False,False,False
710,BG6,3hm8,A,apob90cad9cbd,A,2,[16],[16],BG6,BG6,7.235321521759033,2.6710667610168457,1.401435375213623,0.7266021370887756,0.8045606017112732,1.2060118913650513,apo_holo,False,False,False
711,FDA,apo0e970d49e6,A,4mo2,B,2,[53],[53],FDA,FDA,1.123669981956482,4.487596035003662,0.4732524156570434,0.7966816425323486,0.9796311259269714,0.7332426309585571,apo_holo,False,True,True
712,SIA,2v73,A,apo0d0b42695c,A,2,[21],[21],SIA,SIA,6.781434059143066,2.502054452896118,1.5184141397476196,0.7544295191764832,0.9969496130943298,1.1497738361358645,apo_holo,False,False,False
713,F6P,apo3a3fdb2de6,A,2axn,A,2,[16],[16],F6P,F6P,7.870134353637695,2.040245056152344,1.7062461376190186,0.6431883573532104,0.6707754731178284,1.240617275238037,apo_holo,False,False,False
714,SAM,3kkz,A,apo05ecfae4e4,A,2,[27],[27],SAM,SAM,3.1209311485290527,3.211016893386841,1.276924967765808,0.6856444478034973,0.9224728345870972,1.02767813205719,apo_holo,False,False,True
715,CAA,1ee0,A,apo8e9f6a59b8,A,2,[54],[54],CAA,CAA,7.008370876312256,3.2261881828308105,1.4548437595367432,0.7170646786689758,0.7515847086906433,1.1466611623764038,apo_holo,False,False,False
716,SAM,1qzz,A,apo05ecfae4e4,A,2,[27],[27],SAM,SAM,3.089520215988159,3.3438215255737305,1.2903211116790771,0.7046725153923035,0.9712290167808532,0.9511509537696838,apo_holo,False,False,True
717,DGT,apobdfd5ed6c5,A,3f2b,A,2,[31],[31],DGT,DGT,8.277438163757324,2.236859083175659,1.341704487800598,0.6373983025550842,0.7573855519294739,0.9918645620346068,apo_holo,False,False,False
718,SAM,apoe7fc3f06d8,A,5hw4,A,2,[27],[27],SAM,SAM,2.363443613052368,3.008741617202759,1.440183162689209,0.7260766625404358,0.8440360426902771,1.2974318265914917,apo_holo,False,False,True
719,K,apoa91505152f,A,4jay,A,2,[1],[1],K,K,7.6261115074157715,2.5909247398376465,1.52004873752594,0.7209401726722717,0.7389907240867615,1.241732835769653,apo_holo,False,False,False
720,HEM,2fmy,A,apo6b214a8989,A,2,[43],[43],HEM,HEM,6.336674690246582,2.3223280906677246,1.6116719245910645,0.7041879296302795,0.7735497951507568,1.2821290493011477,apo_holo,False,False,False
721,SAM,1v2x,A,apo254de550d9,A,2,[27],[27],SAM,SAM,3.3117458820343018,3.507874011993408,1.1991212368011477,0.7034398317337036,0.9124906659126282,1.0399954319000244,apo_holo,False,False,True
722,NAI,apo550ef7e2ba,A,6ktk,C,2,[44],[44],NAI,NAI,2.644337654113769,3.1245217323303223,1.2547965049743652,0.7314580678939819,0.9237004518508912,1.020323395729065,apo_holo,False,False,True
723,NAI,apo6d990c3c92,A,7uyy,A,2,[44],[44],NAI,NAI,3.5947158336639404,3.7926759719848633,1.18322491645813,0.7438951730728149,0.9162415862083436,0.8737732768058777,apo_holo,False,False,True
724,SAM,2cdq,A,apodf7d279eb3,A,2,[27],[27],SAM,SAM,6.828385829925537,2.6322789192199707,1.539844989776611,0.653894305229187,0.9776917099952698,1.0936152935028076,apo_holo,False,False,False
725,VO4,2d1g,A,apo00b57c65a6,A,2,[4],[5],VO4,VO4,3.797861814498901,2.5089685916900635,1.6973814964294434,0.7126314640045166,0.7990570068359375,0.9238321185112,apo_holo,False,False,True
726,NAI,apo7d09abd904,A,3flk,A,2,[44],[44],NAI,NAI,2.6209747791290283,3.1604485511779785,1.5651813745498655,0.7384836077690125,0.8547097444534302,1.004175901412964,apo_holo,False,False,True
727,CA,apofea3a0e96b,A,5aze,H,2,[1],[1],CA,CA,5.091878414154053,2.301692008972168,1.563245415687561,0.7082042098045349,0.9135830998420716,1.3459404706954956,apo_holo,False,False,False
728,SAM,1v2x,A,apoeb856749db,A,2,[27],[27],SAM,SAM,3.032946348190308,3.4157865047454834,1.2724955081939695,0.7339908480644226,0.7758230566978455,1.0576069355010986,apo_holo,False,False,True
729,SIA,2v73,A,apoe05bc91286,A,2,[21],[21],SIA,SIA,7.563497066497803,2.7750093936920166,1.51956045627594,0.6931378841400146,0.9273751974105836,1.3507157564163208,apo_holo,False,False,False
730,CAA,1xpl,A,apo8e9f6a59b8,A,2,[54],[54],CAA,CAA,7.381863117218018,2.965583324432373,1.5458195209503174,0.7547315359115601,0.8002370595932007,1.0505526065826416,apo_holo,False,False,False
731,TTP,1w4r,A,apodca2890c4d,A,2,[29],[29],TTP,TTP,8.305662155151367,1.9813966751098635,1.4822288751602173,0.6503471732139587,0.3871127367019653,1.247310757637024,apo_holo,False,False,False
732,CA,3n91,A,apo2c6038606d,A,2,[1],[1],CA,CA,8.751967430114746,1.981485605239868,1.6141692399978638,0.6737682819366455,0.8677994608879089,1.2057380676269531,apo_holo,False,False,False
733,F6P,apo442de7048d,A,6ayu,A,2,[16],[16],F6P,F6P,5.475633144378662,2.5368921756744385,1.5288804769515991,0.7429167032241821,0.8246597051620483,1.097085952758789,apo_holo,False,False,False
734,F6P,apo3a3fdb2de6,A,2r66,A,2,[16],[16],F6P,F6P,6.845603466033936,2.5976550579071045,1.4258482456207275,0.7125139236450195,0.8145754337310791,1.2989097833633425,apo_holo,False,False,False
735,DGT,3au2,A,apoc4f9eb2339,A,2,[31],[31],DGT,DGT,7.19932222366333,2.021763801574707,1.7285242080688477,0.6976441740989685,0.6134726405143738,1.0229694843292236,apo_holo,False,False,False
736,FDA,1tvc,A,apo0e970d49e6,A,2,[53],[53],FDA,FDA,4.348135948181152,2.839712381362915,1.4231300354003906,0.7087936997413635,0.9216629266738892,1.1171361207962036,apo_holo,False,False,False
737,SAM,apo3edaafd604,A,4odj,A,2,[27],[27],SAM,SAM,3.235148429870605,2.068584442138672,1.5635526180267334,0.7049179077148438,0.3762458860874176,1.080374002456665,apo_holo,False,False,False
738,CA,apof02131bf98,A,4gq7,A,2,[1],[1],CA,CA,7.441507339477539,2.217142343521118,1.4692907333374023,0.689189612865448,0.6857853531837463,1.216356635093689,apo_holo,False,False,False
739,CA,2xfg,B,apo12a947ce37,A,2,[1],[1],CA,CA,6.965193748474121,2.654638290405273,1.5502092838287354,0.7498624324798584,0.9566580653190612,1.2252036333084106,apo_holo,False,False,False
740,PC,1o72,A,apo65f5d6f793,A,2,[11],[11],PC,PC,8.534786224365234,2.287442684173584,1.5926477909088137,0.6123266816139221,0.9043920040130616,1.1423535346984863,apo_holo,False,False,False
741,F6P,apo428e912d15,A,6ayu,A,2,[16],[16],F6P,F6P,4.324203968048096,2.616100549697876,1.3556125164031982,0.697379469871521,0.920228898525238,1.253764033317566,apo_holo,False,False,False
742,SAM,2cdq,A,apoeb856749db,A,2,[27],[27],SAM,SAM,6.885210990905762,3.167907238006592,1.4035518169403076,0.7053557634353638,0.8957806825637817,1.2119183540344238,apo_holo,False,False,False
743,TYD,apob8d00776c6,A,6vlo,A,2,[25],[25],TYD,TYD,2.115040063858032,2.6921262741088867,1.570989966392517,0.7120879292488098,0.8454909324645996,1.4697017669677734,apo_holo,False,False,True
744,VN4,2rar,A,apo9689ba4db0,A,2,[4],[4],VN4,VN4,5.067749500274658,2.429813861846924,1.705742597579956,0.7054728865623474,0.687206506729126,1.3536568880081177,apo_holo,False,False,False
745,NAI,1e3e,A,apoac6ecc83f5,A,2,[44],[44],NAI,NAI,2.9619529247283936,2.9681596755981445,1.4383771419525146,0.6872988939285278,0.8796029090881348,1.1255967617034912,apo_holo,False,False,True
746,CA,2b33,B,apo76eb88ff09,A,2,[1],[1],CA,CA,8.139141082763672,2.441854476928711,1.47496235370636,0.7037482261657715,0.8653115034103394,1.271232843399048,apo_holo,False,False,False
747,RBF,apo5d61b7f6bc,A,6n7f,A,2,[27],[27],RBF,RBF,6.5356764793396,2.334393262863159,1.5429593324661257,0.6778666377067566,0.7921087145805359,1.0444289445877075,apo_holo,False,False,False
748,DGT,apobdfd5ed6c5,A,3au2,A,2,[31],[31],DGT,DGT,3.057278871536255,2.5731329917907715,1.2923097610473633,0.7103286385536194,0.8968135714530945,0.87213134765625,apo_holo,False,False,True
749,CA,apoba5919fcb4,A,6bvd,A,2,[1],[1],CA,CA,6.224146842956543,2.2809717655181885,1.6474393606185913,0.6377304196357727,0.8451408743858337,1.300162434577942,apo_holo,False,False,False
750,FUL,apo89592d36e4,A,4a34,I,2,[11],[11],FUL,FUL,7.781017780303955,2.289418935775757,1.506401300430298,0.6237124800682068,0.900776743888855,1.2423243522644043,apo_holo,False,False,False
751,K,2qv6,A,apo5634e23ee1,A,2,[1],[1],K,K,4.496866703033447,2.24187970161438,1.4217158555984497,0.6363946199417114,0.8562691807746887,1.0288690328598022,apo_holo,False,False,False
752,CA,apoa19da51e45,A,7d9b,A,2,[1],[1],CA,CA,6.502438545227051,2.5758919715881348,1.4164904356002808,0.7167763113975525,0.8118026852607727,1.1138975620269775,apo_holo,False,False,False
753,SAM,apo03623d8ca9,A,4odj,A,2,[27],[27],SAM,SAM,4.037946701049805,2.0238194465637207,1.6092289686203003,0.7414972186088562,0.7049619555473328,1.1033951044082642,apo_holo,False,False,False
754,CA,apo3dcdc2ceb6,A,6hun,A,2,[1],[1],CA,CA,4.902215003967285,2.940786361694336,1.667954921722412,0.725994884967804,0.7988638877868652,0.97245192527771,apo_holo,False,False,False
755,HEM,apo7c333aef82,A,5hiw,A,2,[43],[43],HEM,HEM,6.81117057800293,2.3174819946289062,1.829930067062378,0.7268823385238647,0.4033072888851166,1.2704997062683103,apo_holo,False,False,False
756,F6P,apob091a8018e,A,5htk,A,2,[16],[16],F6P,F6P,7.916532039642334,3.07876968383789,1.3866591453552246,0.7202039957046509,0.7756402492523193,0.9968767762184144,apo_holo,False,False,False
757,NAI,3flk,A,apo306085e7e4,A,2,[44],[44],NAI,NAI,2.914446830749512,3.227276563644409,1.411127686500549,0.7106665372848511,0.8430063128471375,0.9731854796409608,apo_holo,False,False,True
758,K,apo7398b20969,A,2gj8,D,2,[1],[1],K,K,6.878468036651611,3.1782374382019043,1.0033098459243774,0.7711383700370789,0.9545974135398864,0.7852535843849182,apo_holo,False,False,False
759,SAM,2qmm,A,apo579d4c1abc,A,2,[27],[19],SAM,SAM,2.298246383666992,3.406341075897217,1.2446249723434448,0.6985406279563904,0.8959788680076599,1.0293188095092771,apo_holo,False,False,True
760,GOA,apoa80b2969e4,A,3if9,A,2,[5],[5],GOA,GOA,4.390452861785889,2.304237604141236,1.3051207065582275,0.7117809057235718,0.8995034694671631,1.0928515195846558,apo_holo,False,False,False
761,CA,3na6,A,apo76bda47324,A,2,[1],[1],CA,CA,7.494540691375732,2.897752285003662,1.3885122537612915,0.6929826736450195,0.964371144771576,0.9640706181526184,apo_holo,False,False,False
762,SAM,1sg9,A,apod86559e079,A,2,[27],[27],SAM,SAM,2.886114358901977,3.3418354988098145,1.4593894481658936,0.7335139513015747,0.9194324016571044,1.0483275651931765,apo_holo,False,False,True
763,TTP,2uz3,B,apo07a533bd13,A,2,[29],[29],TTP,TTP,4.609368801116943,2.809799671173096,0.8530921339988708,0.734318733215332,0.9167548418045044,0.859839141368866,apo_holo,False,False,False
764,SAM,apo05ecfae4e4,A,5x7f,A,2,[27],[27],SAM,SAM,3.325922727584839,3.2859201431274414,1.2881152629852295,0.6875600218772888,0.9685466289520264,0.9797601103782654,apo_holo,False,False,True
765,K,2gj8,D,apo8711722b82,A,2,[1],[1],K,K,2.9869091510772705,3.0155961513519287,1.4940285682678225,0.7446931004524231,0.9033802151679992,1.0782146453857422,apo_holo,False,False,True
766,SAM,4ax8,A,apob0da859712,A,2,[27],[27],SAM,SAM,3.083472967147827,3.263277530670166,1.2340155839920044,0.700113832950592,0.9234527945518494,0.9048423767089844,apo_holo,False,False,True
767,SAM,apo03623d8ca9,A,2qmm,A,2,[19],[27],SAM,SAM,2.3703975677490234,3.2653591632843018,1.3200392723083496,0.695563793182373,0.9717856645584106,0.94240140914917,apo_holo,False,False,True
768,TTP,1w4r,A,apoba6c9a6a3d,A,2,[29],[29],TTP,TTP,5.588174343109131,1.941381931304932,1.6086642742156982,0.6817766427993774,0.7772140502929688,1.0653488636016846,apo_holo,False,False,False
769,NAI,apofccf8b8bc2,A,2p9e,A,2,[44],[44],NAI,NAI,2.838420152664185,3.911630392074585,1.0587100982666016,0.7508571743965149,0.8722178339958191,0.9048790335655212,apo_holo,False,False,True
770,HEM,apo7c333aef82,A,4esa,A,2,[43],[43],HEM,HEM,6.890286922454834,2.1535115242004395,1.472826600074768,0.7235589027404785,0.671731173992157,1.1404614448547363,apo_holo,False,False,False
771,SAM,3dcm,X,apocc22a7c249,A,2,[27],[27],SAM,SAM,3.047916412353516,3.5708861351013184,1.3895951509475708,0.7197657823562622,0.8550616502761841,0.9690781235694884,apo_holo,False,False,True
772,DGT,3au2,A,apo837ecb6e97,A,2,[31],[31],DGT,DGT,4.313940048217773,2.2155585289001465,1.557591676712036,0.6712335348129272,0.7036226987838745,0.9951618909835817,apo_holo,False,False,False
773,CA,apof7e7f1c204,A,3sqg,A,2,[1],[1],CA,CA,6.54031229019165,1.7394555807113647,1.8119374513626096,0.5834125876426697,0.3735699653625488,1.480143427848816,apo_holo,False,False,False
774,CA,apod1879f4c59,A,3i57,A,2,[1],[1],CA,CA,8.664319038391113,1.4825162887573242,2.078090190887451,0.5781927108764648,0.8311043977737427,1.0777541399002075,apo_holo,False,False,False
775,TTP,1w4r,A,apob9237ccc51,A,2,[29],[29],TTP,TTP,3.1725594997406006,2.599036693572998,1.882076859474182,0.6817429065704346,0.6356818675994873,1.248172163963318,apo_holo,False,False,True
776,TTP,2j87,D,apoba6c9a6a3d,A,2,[29],[29],TTP,TTP,5.631108283996582,2.048649311065674,1.701489806175232,0.6963080167770386,0.6928510069847107,1.1056901216506958,apo_holo,False,False,False
777,TTP,2uz3,B,apoba6c9a6a3d,A,2,[29],[29],TTP,TTP,6.136332988739014,2.298433303833008,1.6699196100234983,0.7023873925209045,0.3986761569976806,1.0788133144378662,apo_holo,False,False,False
778,TTP,2j87,D,apo07a533bd13,A,2,[29],[29],TTP,TTP,4.655676364898682,2.9531171321868896,0.8931490778923035,0.7498417496681213,0.8663154244422913,0.8636791110038757,apo_holo,False,False,False
779,CA,2zkt,B,apod30d57aecb,A,2,[1],[1],CA,CA,7.191519737243652,2.736288547515869,1.5362892150878906,0.7563915252685547,0.8693341612815857,1.099508285522461,apo_holo,False,False,False
780,SAM,1i9g,A,apo05ecfae4e4,A,2,[27],[27],SAM,SAM,3.1009862422943115,3.467872381210327,1.446536660194397,0.7235671281814575,0.9454726576805116,1.0054171085357666,apo_holo,False,False,True
781,COM,apo89e8cc2b73,A,5a8w,D,2,[7],[7],COM,COM,4.161870956420898,2.007619619369507,1.5883947610855105,0.6292235851287842,0.7812090516090393,1.3005446195602417,apo_holo,False,False,False
782,TYD,apob8d00776c6,A,1r66,A,2,[25],[25],TYD,TYD,2.016201972961426,2.685084104537964,1.4976989030838013,0.7286848425865173,0.749565064907074,1.204158067703247,apo_holo,False,False,True
783,NAI,apofccf8b8bc2,A,5kvv,A,2,[44],[44],NAI,NAI,2.8237218856811523,3.900811195373535,1.1905369758605957,0.7693882584571838,0.8894065022468567,0.8936112523078918,apo_holo,False,False,True
784,QUE,apoe626992ece,A,1gp6,A,2,[22],[22],QUE,QUE,5.559025287628174,1.987368106842041,1.6569771766662598,0.6840729117393494,0.6107121706008911,1.4277899265289309,apo_holo,False,False,False
785,BG6,5hg1,A,apo95f6af94d0,A,2,[16],[16],BG6,BG6,4.584487915039063,2.68326735496521,1.6180915832519531,0.6692466139793396,0.8272771835327148,0.9916642904281616,apo_holo,False,False,False
786,NAI,apoad92680901,A,3flk,A,2,[44],[44],NAI,NAI,2.4066503047943115,3.10921311378479,1.391770362854004,0.7331129312515259,0.8773489594459534,1.054153323173523,apo_holo,False,False,True
787,SAM,5ikm,A,apoe7d8c0feb7,A,2,[27],[27],SAM,SAM,3.002279043197632,3.1954352855682373,1.3464686870574951,0.6884811520576477,0.6751234531402588,0.9086619019508362,apo_holo,False,False,True
788,NAI,apo38fd9e3bee,A,3flk,A,2,[44],[44],NAI,NAI,2.943153142929077,3.122557640075684,1.4662662744522097,0.7580689787864685,0.928802251815796,1.0383718013763428,apo_holo,False,False,True
789,DGT,3f2b,A,apo88e22e69c7,A,2,[31],[31],DGT,DGT,8.060287475585938,1.6388806104660034,1.6120165586471558,0.5647376179695129,0.2553720772266388,1.0776455402374268,apo_holo,False,False,False
790,NAI,apofccf8b8bc2,A,6ktk,C,2,[44],[44],NAI,NAI,2.7820277214050293,3.9388508796691895,1.1987969875335691,0.7607647180557251,0.8282922506332397,0.8923662900924683,apo_holo,False,False,True
791,NAI,apofccf8b8bc2,A,7p61,F,2,[44],[44],NAI,NAI,2.468648672103882,2.9481937885284424,1.3349716663360596,0.7325759530067444,0.7131754159927368,1.0954269170761108,apo_holo,False,False,True
792,HEM,apob8bda36ef9,A,3vre,A,2,[43],[43],HEM,HEM,4.173566818237305,2.29634952545166,1.397086262702942,0.5982019901275635,0.9756737351417542,1.3055588006973269,apo_holo,False,False,False
793,CAC,1wmb,A,apo68da40ac58,A,2,[5],[5],CAC,CAC,6.983925342559815,2.8399758338928223,1.444814920425415,0.712790846824646,0.8591536283493042,1.0980039834976196,apo_holo,False,False,False
794,SAM,3e23,A,apod86559e079,A,2,[27],[27],SAM,SAM,2.9693336486816406,3.306993246078491,1.5086040496826172,0.7238499522209167,0.943201780319214,1.0774149894714355,apo_holo,False,False,True
795,CA,apo5712a2ba9a,A,4mhv,A,2,[1],[1],CA,CA,8.082608222961426,2.417852640151977,1.561771035194397,0.687276303768158,0.7641534805297852,1.0074398517608645,apo_holo,False,False,False
796,SAM,3ai9,X,apodf7d279eb3,A,2,[27],[20],SAM,SAM,2.89596962928772,3.233130693435669,1.3457581996917725,0.7051318287849426,0.9267483949661256,1.07037615776062,apo_holo,False,False,True
797,NAI,apo542a5d48e9,A,6ct6,B,2,[44],[44],NAI,NAI,3.039849281311035,3.0147459506988525,1.5591901540756226,0.7150876522064209,0.6360993385314941,1.1294453144073486,apo_holo,False,False,True
798,SAM,2yvl,A,apob0da859712,A,2,[27],[27],SAM,SAM,2.929466724395752,3.335028648376465,1.4389641284942627,0.6776674389839172,0.9717218279838562,0.9235459566116332,apo_holo,False,False,True
799,HEM,6wk3,D,apo4df2a9b82d,A,2,[43],[43],HEM,HEM,6.3802900314331055,2.302237272262573,1.511589288711548,0.7257216572761536,0.931480884552002,1.1351561546325684,apo_holo,False,False,False
800,SAM,apof8638bc184,A,5hw4,A,2,[27],[27],SAM,SAM,2.895578145980835,2.938202142715454,1.5129315853118896,0.7304010391235352,0.7573313117027283,1.1789888143539429,apo_holo,False,False,True
801,SAM,apo6783e453af,A,3gyq,A,2,[27],[27],SAM,SAM,2.7182769775390625,3.308342695236206,1.559728741645813,0.7142400145530701,0.6965233683586121,1.059340000152588,apo_holo,False,False,True
802,SAM,3bxo,A,apob0da859712,A,2,[27],[27],SAM,SAM,3.251707077026367,3.288823127746582,1.3518478870391846,0.6896095275878906,0.8747459053993225,0.9956359267234802,apo_holo,False,False,True
803,SAM,apofd7fa63b48,A,3iv6,A,2,[27],[27],SAM,SAM,6.950855255126953,2.7620036602020264,1.5860944986343384,0.6776653528213501,0.9745249152183532,1.2287896871566772,apo_holo,False,False,False
804,CAA,4nbu,B,apoed40d751c6,A,2,[54],[54],CAA,CAA,6.080821514129639,2.427575826644897,1.4132359027862549,0.7172970771789551,0.5680522918701172,0.9586514234542848,apo_holo,False,False,False
805,TTP,2j87,D,apob9237ccc51,A,2,[29],[29],TTP,TTP,3.7822282314300537,2.8702847957611084,1.684140682220459,0.6901306509971619,0.8272631168365479,1.2639354467391968,apo_holo,False,False,True
806,CA,3a09,A,apo01a59d5242,A,2,[1],[1],CA,CA,8.217671394348145,2.2774481773376465,1.710016846656799,0.7120348811149597,0.7125512361526489,1.1017712354660034,apo_holo,False,False,False
807,SAM,2egv,A,apo3edaafd604,A,2,[27],[27],SAM,SAM,3.0766818523406982,3.267388343811035,1.3349884748458862,0.6799889206886292,0.880774199962616,1.0360987186431885,apo_holo,False,False,True
808,CA,4e2o,A,apo947f65c4c1,A,2,[1],[1],CA,CA,4.120312690734863,2.43962025642395,1.951379656791687,0.7156796455383301,0.9254978895187378,1.025813341140747,apo_holo,False,False,False
809,DGT,3f2b,A,apoc4f9eb2339,A,2,[31],[31],DGT,DGT,8.256969451904297,2.4735889434814453,1.7739992141723633,0.6870600581169128,0.492042988538742,0.981739580631256,apo_holo,False,False,False
810,CA,1qh4,D,apo1dfa516aef,A,2,[1],[1],CA,CA,7.778651714324951,2.3182921409606934,1.936574935913086,0.6659609079360962,0.889909565448761,1.203881859779358,apo_holo,False,False,False
811,F6P,apo3a3fdb2de6,A,4lc9,A,2,[16],[16],F6P,F6P,5.616786479949951,2.7380213737487797,1.5568139553070068,0.7432668805122375,0.8344234228134155,1.0702258348464966,apo_holo,False,False,False
812,CA,3n0a,A,apo8cc77b59da,A,2,[1],[1],CA,CA,7.307542324066162,2.6381118297576904,1.6420098543167114,0.6918879151344299,0.8910797238349915,1.1056870222091677,apo_holo,False,False,False
813,SAM,apob4f0ecf5b4,A,3ai9,X,2,[20],[27],SAM,SAM,2.609464168548584,3.313337802886963,1.3724671602249146,0.7007995247840881,0.8962019085884094,0.957690954208374,apo_holo,False,False,True
814,SIA,2v73,A,apo853b93903a,A,2,[21],[21],SIA,SIA,7.724204540252685,2.0996997356414795,1.5693961381912231,0.6962645053863525,0.993026077747345,1.3838435411453247,apo_holo,False,False,False
815,CA,3zyj,B,apo71800204b7,A,2,[1],[1],CA,CA,8.13381576538086,2.0908312797546387,1.4489021301269531,0.674039363861084,0.5768396854400635,0.8784652948379517,apo_holo,False,False,False
816,NAI,apofccf8b8bc2,A,4q9n,A,2,[44],[44],NAI,NAI,2.9297220706939697,3.815232276916504,1.2415690422058103,0.7327492833137512,0.9023622870445251,0.9505609273910522,apo_holo,False,False,True
817,NAI,apofccf8b8bc2,A,2dkn,A,2,[44],[44],NAI,NAI,2.8728318214416504,3.773388624191284,1.183269500732422,0.7438456416130066,0.7779354453086853,0.9478763937950134,apo_holo,False,False,True
818,PC,apo1014cc4ff4,A,1o72,A,2,[11],[11],PC,PC,7.498183250427246,2.587740659713745,1.532976150512695,0.7277258038520813,0.8204013705253601,1.3606027364730835,apo_holo,False,False,False
819,SAM,3a25,A,apoe7d8c0feb7,A,2,[27],[27],SAM,SAM,3.1603291034698486,3.2672080993652344,1.451926827430725,0.682165801525116,0.8882198929786682,0.8703994750976562,apo_holo,False,False,True
820,SAM,3okx,A,apof296d86dde,A,2,[27],[27],SAM,SAM,8.306496620178223,2.354333877563477,1.729142427444458,0.6601603031158447,0.9506775736808776,1.1965949535369873,apo_holo,False,False,False
821,SIA,2v73,A,apo214d44df5b,A,2,[20],[21],SIA,SIA,5.7205071449279785,2.560262680053711,1.4666190147399902,0.7387404441833496,0.9940885305404664,1.1820861101150513,apo_holo,False,False,False
822,SAM,1g60,A,apoe7d8c0feb7,A,2,[27],[27],SAM,SAM,2.8510468006134038,3.218923807144165,1.4144998788833618,0.6887877583503723,0.5981912016868591,0.9060736298561096,apo_holo,False,False,True
823,F6P,2axn,A,apob091a8018e,A,2,[16],[16],F6P,F6P,7.939861297607422,2.9845316410064697,1.344211220741272,0.7029694318771362,0.8487981557846069,0.9838247299194336,apo_holo,False,False,False
824,CA,apo8c671a591c,A,3gdc,A,2,[1],[1],CA,CA,8.202086448669434,2.8167433738708496,1.41563618183136,0.7154971957206726,0.763236403465271,0.9568517804145812,apo_holo,False,False,False
825,SAM,apo75a68138d6,A,3dcm,X,2,[27],[27],SAM,SAM,2.9830431938171387,3.447141647338867,1.3923027515411377,0.6923497915267944,0.77869713306427,1.070429801940918,apo_holo,False,False,True
826,SAM,4njg,A,apof296d86dde,A,2,[27],[27],SAM,SAM,8.12645149230957,2.322566270828247,1.6388291120529177,0.6428091526031494,0.9419692754745485,1.1124104261398315,apo_holo,False,False,False
827,K,apoa91505152f,A,6npl,A,2,[1],[1],K,K,8.102059364318848,2.066622257232666,1.5538338422775269,0.6941050887107849,0.6896408796310425,1.3038135766983032,apo_holo,False,False,False
828,NAI,1o0s,A,apofccf8b8bc2,A,2,[44],[44],NAI,NAI,2.7925126552581787,3.686781406402588,1.2338223457336426,0.7504794001579285,0.9025495648384094,0.8703708648681641,apo_holo,False,False,True
829,SF4,4g38,A,apo39ca58ccee,A,2,[8],[8],SF4,SF4,8.233011245727539,1.965820074081421,1.5639159679412842,0.7317946553230286,0.67139732837677,1.2384440898895264,apo_holo,False,False,False
830,COM,apo89e8cc2b73,A,5a0y,A,2,[7],[7],COM,COM,5.101706027984619,1.829535961151123,1.4559502601623535,0.6374324560165405,0.5616381168365479,1.2179698944091797,apo_holo,False,False,False
831,TTP,2ja1,A,apoba6c9a6a3d,A,2,[29],[29],TTP,TTP,5.332265377044678,2.228415012359619,1.5812737941741943,0.6993355751037598,0.5862318277359009,1.1580294370651243,apo_holo,False,False,False
832,NAI,apofccf8b8bc2,A,4n54,A,2,[44],[44],NAI,NAI,2.886164665222168,3.915848970413208,1.1094061136245728,0.7548487782478333,0.9200116395950316,0.915618062019348,apo_holo,False,False,True
833,SAM,apo95d5a52948,A,2qmm,A,2,[19],[27],SAM,SAM,2.1719613075256348,3.5056700706481934,1.0989494323730469,0.7306810617446899,0.9438986778259276,0.9272741079330444,apo_holo,False,False,True
834,SAM,2egv,A,apo1d2fe420e5,A,2,[27],[27],SAM,SAM,3.0222415924072266,3.3700027465820312,1.3764499425888062,0.6888065338134766,0.8663442730903625,1.0526100397109983,apo_holo,False,False,True
835,CA,2vqr,A,apo4c7bb09ba3,A,2,[1],[1],CA,CA,5.9188761711120605,2.52075719833374,1.5557726621627808,0.702864408493042,0.7829625606536865,1.3309890031814575,apo_holo,False,False,False
836,SAM,2b9e,A,apo05ecfae4e4,A,2,[27],[27],SAM,SAM,3.3992912769317627,3.299032926559448,1.3557931184768677,0.6973485350608826,0.8404340744018555,0.9504112601280212,apo_holo,False,False,True
837,CA,apofd2f68acb4,A,4w8j,A,2,[1],[1],CA,CA,9.075132369995115,2.282078742980957,1.343319058418274,0.6767712235450745,0.9935139417648317,1.0893073081970217,apo_holo,False,False,False
838,COM,apo89e8cc2b73,A,5n1q,A,2,[7],[7],COM,COM,8.249481201171875,1.8012418746948242,1.7841039896011353,0.6870931386947632,0.4980525076389313,1.321252942085266,apo_holo,False,False,False
839,SF4,2b3x,A,apof250abc717,A,2,[8],[8],SF4,SF4,7.977932929992676,2.771416187286377,1.5927402973175049,0.6064200401306152,0.8293673396110535,1.0328528881072998,apo_holo,False,False,False
840,NAI,apo542a5d48e9,A,4uup,A,2,[44],[44],NAI,NAI,3.15730881690979,3.171544313430786,1.6214094161987305,0.7186524271965027,0.9357256293296814,1.117422342300415,apo_holo,False,False,True
841,NAI,apo550ef7e2ba,A,4n54,A,2,[44],[44],NAI,NAI,2.675562858581543,3.1507468223571777,1.2834261655807495,0.7251909971237183,0.9289070963859558,1.014316201210022,apo_holo,False,False,True
842,CA,2ea7,A,apo5e06e281fb,A,2,[1],[1],CA,CA,7.553317546844482,2.2236809730529785,1.4804683923721311,0.6744022965431213,0.9597079753875732,1.107943773269653,apo_holo,False,False,False
843,TTP,1w4r,A,apo07a533bd13,A,2,[29],[29],TTP,TTP,4.617128849029541,2.927513599395752,0.8690774440765381,0.7327765226364136,0.8323807120323181,0.8578803539276123,apo_holo,False,False,False
844,SAM,1nt2,A,apob0da859712,A,2,[27],[27],SAM,SAM,2.9184956550598145,3.4586381912231445,1.3520420789718628,0.7188607454299927,0.9805706143379213,0.9665148258209229,apo_holo,False,False,True
845,NAI,apo5f621fda84,A,7uyy,A,2,[44],[44],NAI,NAI,2.9226009845733643,3.698864936828613,1.2415831089019775,0.741039514541626,0.8321148753166199,0.9606269598007202,apo_holo,False,False,True
846,SAM,apoa638c313e9,A,5vm8,B,2,[27],[27],SAM,SAM,3.5039350986480717,3.47212553024292,1.3780033588409424,0.7013357281684875,0.8100197315216064,0.9238051772117616,apo_holo,False,False,True
847,SF4,2b76,B,apof250abc717,A,2,[8],[8],SF4,SF4,8.16927719116211,2.0861239433288574,1.5996187925338743,0.6530407071113586,0.6221076250076294,1.0646510124206543,apo_holo,False,False,False
848,NAI,3q2i,A,apo550ef7e2ba,A,2,[44],[44],NAI,NAI,2.5235965251922607,3.2458505630493164,1.433281183242798,0.7525819540023804,0.7731054425239563,0.9609270095825196,apo_holo,False,False,True
849,NAI,3flk,A,apo3c9b9e3c2a,A,2,[36],[44],NAI,NAI,2.186849594116211,3.251539707183838,1.2435425519943235,0.7417929768562317,0.963959574699402,0.9693980813026428,apo_holo,False,False,True
850,SF4,1l9g,A,apof250abc717,A,2,[8],[8],SF4,SF4,7.569043159484863,1.9645705223083496,1.5242925882339478,0.6101141571998596,0.9117406010627748,0.8988271951675415,apo_holo,False,False,False
851,SAM,apoeb856749db,A,5hw4,A,2,[27],[27],SAM,SAM,2.4176249504089355,2.8519625663757324,1.5192664861679075,0.7164124846458435,0.8267847299575806,1.2570379972457886,apo_holo,False,False,True
852,F6P,apob091a8018e,A,4lc9,A,2,[16],[16],F6P,F6P,3.895663261413574,2.887152910232544,1.410580277442932,0.7070714831352234,0.8350219130516052,1.070628643035889,apo_holo,False,False,True
853,SAM,2npn,A,apo89ae69e16b,A,2,[27],[27],SAM,SAM,2.6814615726470947,3.1225085258483887,1.5630165338516235,0.7270030975341797,0.8874889016151428,1.125083565711975,apo_holo,False,False,True
854,SAM,1v2x,A,apodf7d279eb3,A,2,[27],[27],SAM,SAM,3.1999175548553467,3.3236141204833984,1.3313581943511963,0.7144545912742615,0.9115246534347534,1.059122085571289,apo_holo,False,False,True
855,NAI,apo54234681ba,A,7uyy,A,2,[44],[44],NAI,NAI,3.06419038772583,3.743663311004639,1.2487965822219849,0.7367827296257019,0.90196430683136,0.9214728474617004,apo_holo,False,False,True
856,CA,3g20,B,apoafab8f9879,A,2,[1],[1],CA,CA,7.174213886260986,2.4235408306121826,1.4500762224197388,0.7034657001495361,0.9389188885688782,1.1541213989257812,apo_holo,False,False,False
857,CAC,1x1t,A,apo68da40ac58,A,2,[5],[5],CAC,CAC,6.857029438018799,2.903982639312744,1.4479426145553589,0.7451397180557251,0.5879114866256714,1.1002094745635986,apo_holo,False,False,False
858,CA,apo61ed8a63df,A,7aj0,A,2,[1],[1],CA,CA,7.018080234527588,2.7170751094818115,1.3805032968521118,0.77875155210495,0.6369262933731079,1.0057564973831177,apo_holo,False,False,False
859,CA,4l9d,B,apo1f7b5dc841,A,2,[1],[1],CA,CA,8.935853004455566,2.08510684967041,1.6164095401763916,0.7156035900115967,0.9470041990280152,1.1329967975616455,apo_holo,False,False,False
860,NAI,3flk,A,apo38e8d09865,A,2,[44],[44],NAI,NAI,2.880819797515869,3.245191097259521,1.5166302919387815,0.7478421330451965,0.8877934217453003,1.0411478281021118,apo_holo,False,False,True
861,1GP,apod9ec9a499f,A,6dgm,B,2,[10],[10],1GP,1GP,4.621344566345215,2.0519614219665527,1.503145694732666,0.7230415344238281,0.7616943120956421,0.9852603673934937,apo_holo,False,False,False
862,NAI,apo46e1642176,A,7uyy,A,2,[44],[44],NAI,NAI,3.0777266025543213,3.882807731628418,1.2338472604751587,0.7533596754074097,0.6425198316574097,0.913688063621521,apo_holo,False,False,True
863,NAI,apo7dcb3916e0,A,7uyy,A,2,[44],[44],NAI,NAI,3.01331114768982,3.901144981384277,1.1894559860229492,0.7488895058631897,0.7946895360946655,0.9411384463310242,apo_holo,False,False,True
864,K,apo5634e23ee1,A,4jay,A,2,[1],[1],K,K,6.450865745544434,2.5255725383758545,1.4898277521133425,0.6051034331321716,0.8849548101425171,1.4357542991638184,apo_holo,False,False,False
865,CAA,4nbu,B,apo937cad989b,A,2,[54],[54],CAA,CAA,7.221004962921143,2.7991979122161865,1.5305312871932983,0.7113664746284485,0.9222614169120787,1.0771167278289795,apo_holo,False,False,False
866,TTP,2ja1,A,apodca2890c4d,A,2,[29],[29],TTP,TTP,8.063960075378418,1.9176162481307983,1.707879900932312,0.6207442879676819,0.3376395404338836,1.144930362701416,apo_holo,False,False,False
867,CA,apobb57c3ff73,A,6mqr,L,2,[1],[1],CA,CA,8.275980949401855,2.526453018188477,1.5645900964736938,0.7311623692512512,0.5859744548797607,1.116886019706726,apo_holo,False,False,False
868,CA,2gwr,A,apo201baba6f3,A,2,[1],[1],CA,CA,5.521893501281738,2.1460556983947754,1.7376099824905396,0.6485376954078674,0.534363865852356,1.1124457120895386,apo_holo,False,False,False
869,CA,apo8678efc2c6,A,6d5b,B,2,[1],[1],CA,CA,6.313844203948975,2.670240879058838,1.5627284049987793,0.757784366607666,0.984297811985016,1.0196439027786257,apo_holo,False,False,False
870,F6P,apo3a3fdb2de6,A,3o8o,B,2,[16],[16],F6P,F6P,6.088612079620361,2.301176786422729,1.5421240329742432,0.7348167896270752,0.8871043920516968,0.9823262691497804,apo_holo,False,False,False
871,F6P,apob091a8018e,A,3o8o,B,2,[16],[16],F6P,F6P,5.545191764831543,2.7058353424072266,1.5945359468460083,0.7029843926429749,0.8413727283477783,1.3078336715698242,apo_holo,False,False,False
872,SF4,2b3x,A,apo0262b01f14,A,2,[8],[8],SF4,SF4,6.376379013061523,2.256174087524414,1.672754168510437,0.617734968662262,0.9489653706550598,2.094493865966797,apo_holo,False,False,False
873,K,2qv6,A,apoa91505152f,A,2,[1],[1],K,K,8.096149444580078,2.6508102416992188,1.4105395078659058,0.7177258133888245,0.770015299320221,1.1612833738327026,apo_holo,False,False,False
874,IPE,apof80eee5ece,A,3k4y,A,2,[14],[14],IPE,IPE,4.720615863800049,3.519691228866577,0.9206048846244812,0.7708995342254639,0.7975149750709534,0.8481253981590271,apo_holo,False,False,False
875,COM,1e6y,A,apo89e8cc2b73,A,2,[7],[7],COM,COM,4.683571815490723,2.3172709941864014,1.5834709405899048,0.6281853914260864,0.7242247462272644,1.1346126794815063,apo_holo,False,False,False
876,TTP,2uz3,B,apob9237ccc51,A,2,[29],[29],TTP,TTP,3.843504905700684,2.907804250717163,1.5237940549850464,0.6717812418937683,0.928287148475647,1.287200093269348,apo_holo,False,False,True
877,K,apo144c39e067,A,4jay,A,2,[1],[1],K,K,7.477057456970215,2.2405409812927246,1.5696274042129517,0.6772545576095581,0.5931978821754456,1.6734663248062134,apo_holo,False,False,False
878,DGT,3f2b,A,apo837ecb6e97,A,2,[31],[31],DGT,DGT,8.230112075805664,2.1661176681518555,1.80905282497406,0.6622831225395203,0.6776102781295776,0.99848610162735,apo_holo,False,False,False
879,TTP,2ja1,A,apob9237ccc51,A,2,[29],[29],TTP,TTP,5.353505611419678,2.7547032833099365,1.537846565246582,0.6919050812721252,0.9358581304550172,1.1705442667007446,apo_holo,False,False,False
880,SIA,4d62,A,apoa45663a7b4,A,2,[21],[21],SIA,SIA,6.641227722167969,2.3462204933166504,1.4723016023635864,0.7719000577926636,0.797724723815918,1.2198195457458496,apo_holo,False,False,False
881,F6P,apo72a4b9d979,A,6ayu,A,2,[16],[16],F6P,F6P,5.820744037628174,2.5481770038604736,1.5160977840423584,0.7428385615348816,0.7699644565582275,1.2309279441833496,apo_holo,False,False,False
882,F6P,4lc9,A,apo930083236b,A,2,[16],[16],F6P,F6P,3.8744356632232666,2.6114370822906494,1.5509060621261597,0.7442709803581238,0.8006567358970642,1.2323166131973269,apo_holo,False,False,True
883,TTP,2uz3,B,apodca2890c4d,A,2,[29],[29],TTP,TTP,8.314568519592285,2.1150612831115723,1.6019701957702637,0.6197211146354675,0.2513936161994934,1.1067241430282593,apo_holo,False,False,False
884,K,apo144c39e067,A,2qv6,A,2,[1],[1],K,K,8.067096710205078,2.698638439178467,1.3904376029968262,0.6942382454872131,0.8101800084114075,0.9360277056694032,apo_holo,False,False,False
885,SIA,2v73,A,apoa45663a7b4,A,2,[21],[21],SIA,SIA,6.815623760223389,2.7737765312194824,1.6576954126358032,0.7463086843490601,0.9402119517326356,1.155657410621643,apo_holo,False,False,False
886,K,apo7398b20969,A,4jay,A,2,[1],[1],K,K,7.09466028213501,2.531537771224976,1.4634268283843994,0.7060365676879883,0.8871544003486633,1.030466914176941,apo_holo,False,False,False
887,SIA,4d62,A,apo23874c7c22,A,2,[21],[21],SIA,SIA,7.056193828582764,2.343179225921631,1.4950658082962036,0.7109067440032959,0.8277255296707153,1.341275930404663,apo_holo,False,False,False
888,SIA,apo7d78760229,A,4d62,A,2,[21],[21],SIA,SIA,7.501956939697266,2.115487575531006,1.4375762939453125,0.7207196950912476,0.7681735157966614,1.3707815408706665,apo_holo,False,False,False
889,SIA,4d62,A,apo853b93903a,A,2,[21],[21],SIA,SIA,6.936558246612549,2.6469974517822266,1.2913182973861694,0.6921463012695312,0.9286512732505798,1.4535930156707764,apo_holo,False,False,False
890,SKM,apo57a2683458,A,4y0a,A,3,[12],[12],SKM,SKM,6.012577056884766,2.845014333724976,1.4423317909240725,0.7181153893470764,0.9174162745475768,1.0296664237976074,apo_holo,False,False,False
891,K,2gj8,D,apo7d447b2b3e,A,3,[1],[1],K,K,6.600342273712158,2.874608039855957,1.554495930671692,0.7382516860961914,0.6852707862854004,1.1889797449111938,apo_holo,False,False,False
892,TYD,apo0119d595d5,A,6vlo,A,3,[25],[25],TYD,TYD,2.031146287918091,2.903906345367432,1.4940587282180786,0.7338578701019287,0.893532931804657,1.3986462354660034,apo_holo,False,False,True
893,PD2,4nhy,A,apod47f5eff19,A,3,[12],[12],PD2,PD2,0.76725172996521,3.882033348083496,0.6261592507362366,0.7674394845962524,0.981088161468506,0.8577214479446411,apo_holo,True,True,True
894,CYT,5ere,A,apo169ca1d20c,A,3,[8],[8],CYT,CYT,8.40345287322998,2.533433437347412,1.6098071336746216,0.717871367931366,0.6421881914138794,1.135525107383728,apo_holo,False,False,False
895,RBF,apo9e85e46298,A,4iil,A,3,[27],[27],RBF,RBF,5.51785945892334,2.8814244270324707,1.4079267978668213,0.704739511013031,0.7173612713813782,1.0931203365325928,apo_holo,False,False,False
896,NAI,apo6d990c3c92,A,3afo,A,3,[44],[44],NAI,NAI,4.93855094909668,2.261496067047119,1.626941204071045,0.6330412030220032,0.8310574293136597,1.120087742805481,apo_holo,False,False,False
897,TYD,2v54,A,apobdb30dfd1f,A,3,[25],[25],TYD,TYD,6.317572116851807,3.077343463897705,1.532340168952942,0.7698241472244263,0.8828140497207642,0.9961163997650146,apo_holo,False,False,False
898,SKM,apo0f9e91a457,A,4y0a,A,3,[12],[12],SKM,SKM,6.429360866546631,2.9003729820251465,1.4098637104034424,0.7242928147315979,0.8422142267227173,1.0074772834777832,apo_holo,False,False,False
899,F6P,apo72a4b9d979,A,5htk,A,3,[16],[16],F6P,F6P,7.959408283233643,2.702386379241944,1.6213688850402832,0.7206778526306152,0.91953706741333,1.0982012748718262,apo_holo,False,False,False
900,0O2,4qrh,B,apo56894b6c08,A,3,[40],[40],0O2,0O2,7.77241849899292,2.556331157684326,1.6511170864105225,0.698964536190033,0.7951553463935852,1.0403913259506226,apo_holo,False,False,False
901,SIA,4d62,A,apoe05bc91286,A,3,[21],[21],SIA,SIA,7.066481113433838,2.6239051818847656,1.499569058418274,0.7417333126068115,0.8632959127426147,1.1712806224822998,apo_holo,False,False,False
902,RUB,apo5bfcbc4c82,A,8thm,B,3,[18],[18],RUB,RUB,7.030113697052002,2.322229385375977,1.6056101322174072,0.7069387435913086,0.9268206357955932,0.9917809963226318,apo_holo,False,False,False
903,TYD,4lxq,B,apobdb30dfd1f,A,3,[25],[25],TYD,TYD,6.0819411277771,2.723028421401977,1.4726758003234863,0.7191112637519836,0.8826067447662354,1.1223517656326294,apo_holo,False,False,False
904,F6P,2axn,A,apo9f174cb24f,A,3,[16],[16],F6P,F6P,8.047561645507812,2.7726218700408936,1.622060775756836,0.6928808093070984,0.9147530198097228,1.0819408893585205,apo_holo,False,False,False
905,SAM,apo95d5a52948,A,2hma,A,3,[27],[27],SAM,SAM,4.233299255371094,3.0545883178710938,1.162373661994934,0.6936483383178711,0.9506192207336426,1.1997709274291992,apo_holo,False,False,False
906,TYD,3hjn,A,apobdb30dfd1f,A,3,[25],[25],TYD,TYD,6.178762435913086,3.09194564819336,1.5364409685134888,0.7399730086326599,0.9064493775367736,1.0200798511505127,apo_holo,False,False,False
907,SAM,apo75a68138d6,A,5hg0,B,3,[27],[27],SAM,SAM,2.1419663429260254,3.2081785202026367,1.0664595365524292,0.7678276300430298,0.913474142551422,0.9393049478530884,apo_holo,False,False,True
908,BG6,2puw,B,apo95f6af94d0,A,3,[16],[16],BG6,BG6,5.526619911193848,2.520662784576416,1.5331693887710571,0.648676335811615,0.9164926409721376,1.1979118585586548,apo_holo,False,False,False
909,NAI,apo9b86f2866a,A,7p61,F,3,[44],[44],NAI,NAI,2.815893650054932,3.133683681488037,1.102987289428711,0.7303156852722168,0.77951979637146,1.036623239517212,apo_holo,False,False,True
910,NAI,apoad92680901,A,6vw7,D,3,[27],[44],NAI,NAI,3.600736141204834,3.175524473190308,1.5066789388656616,0.7148037552833557,0.815676748752594,1.1309674978256226,apo_holo,False,False,True
911,F6P,apo72a4b9d979,A,2r66,A,3,[16],[16],F6P,F6P,6.95634126663208,3.081961154937744,1.567663550376892,0.7358487844467163,0.9500293731689452,1.0633525848388672,apo_holo,False,False,False
912,NAI,apo38e8d09865,A,7p61,F,3,[44],[44],NAI,NAI,3.011608123779297,3.009395122528076,1.0286595821380615,0.7214252948760986,0.8623987436294556,1.0377856492996216,apo_holo,False,False,True
913,AMZ,apo1885785949,A,2r84,B,3,[22],[22],AMZ,AMZ,8.62633228302002,2.5915303230285645,1.5098347663879397,0.6657679677009583,0.6529325246810913,1.2434792518615725,apo_holo,False,False,False
914,TYD,3lv8,A,apoa6cedd5e6c,A,3,[25],[25],TYD,TYD,6.132168769836426,3.096771001815796,1.4016538858413696,0.742644727230072,0.9078215956687928,0.9719498753547668,apo_holo,False,False,False
915,NAI,3afo,A,apo46e1642176,A,3,[44],[44],NAI,NAI,3.7369232177734375,2.6937673091888428,1.5613694190979004,0.6919751167297363,0.8850050568580627,1.263878583908081,apo_holo,False,False,True
916,BG6,2poc,B,apo95f6af94d0,A,3,[16],[16],BG6,BG6,4.463299751281738,2.5762033462524414,1.630346655845642,0.7008322477340698,0.8230364322662354,1.375388741493225,apo_holo,False,False,False
917,SKM,apoeb78c816f2,A,4y0a,A,3,[12],[12],SKM,SKM,6.230486869812012,3.022622585296631,1.548863649368286,0.7162384390830994,0.7790144681930542,1.0797959566116333,apo_holo,False,False,False
918,SF4,3zxs,A,apo736fc55dfa,A,3,[8],[8],SF4,SF4,8.719460487365723,2.2418313026428223,1.5999011993408203,0.6296835541725159,0.8032117486000061,1.386411428451538,apo_holo,False,False,False
919,NAI,apo7dcb3916e0,A,7p61,F,3,[44],[44],NAI,NAI,3.513081789016724,3.235471725463867,1.416953206062317,0.7234509587287903,0.6841333508491516,1.2095104455947876,apo_holo,False,False,True
920,F6P,apo72a4b9d979,A,3o8o,B,3,[16],[16],F6P,F6P,5.86163854598999,2.702737331390381,1.5710560083389282,0.6443630456924438,0.9434942603111268,1.2944004535675049,apo_holo,False,False,False
921,SF4,1h0h,A,apo736fc55dfa,A,3,[8],[8],SF4,SF4,2.671055555343628,1.88630485534668,1.5210423469543457,0.5058577656745911,0.9888920783996582,1.3933378458023071,apo_holo,False,False,True
922,NAI,apob2ac301348,A,4p53,A,3,[44],[44],NAI,NAI,2.4857101440429688,3.082505702972412,1.341060757637024,0.7449374794960022,0.5929173231124878,0.9072320461273192,apo_holo,False,False,True
923,NAI,6tg9,B,apo2e856286db,A,3,[44],[44],NAI,NAI,5.204740047454834,3.07885217666626,1.452228546142578,0.7310267090797424,0.9028273820877076,1.1047992706298828,apo_holo,False,False,False
924,2HP,1gxu,A,apob6d5706d6d,A,3,[5],[5],2HP,2HP,7.230406284332275,2.199451446533203,1.6116437911987305,0.6519351601600647,0.7621294856071472,1.1055465936660769,apo_holo,False,False,False
925,SAM,2yqz,A,apo218b3ecdc8,A,3,[27],[27],SAM,SAM,1.688541293144226,4.596266746520996,0.750268280506134,0.8195622563362122,0.9971988797187804,0.7527312636375427,apo_holo,False,True,True
926,TYD,3lv8,A,apo3721324a05,A,3,[25],[25],TYD,TYD,5.928046226501465,3.207077980041504,1.3274515867233276,0.7436680197715759,0.9166320562362672,1.0745816230773926,apo_holo,False,False,False
927,NAI,apo8a47c39afc,A,6tg9,B,3,[44],[44],NAI,NAI,4.608449935913086,2.9737536907196045,1.3174992799758911,0.7177343368530273,0.8537554740905762,1.2152994871139526,apo_holo,False,False,False
928,F6P,4lc9,A,apo428e912d15,A,3,[16],[16],F6P,F6P,4.559861660003662,3.026883840560913,1.1579220294952393,0.7341424226760864,0.9668088555336,0.9136091470718384,apo_holo,False,False,False
929,CYT,apo5a9b8409d6,A,5ere,A,3,[8],[8],CYT,CYT,8.408931732177734,2.81095290184021,1.537537932395935,0.7213690280914307,0.6098878383636475,1.080593824386597,apo_holo,False,False,False
930,TYD,1pn3,A,apo7b54455720,A,3,[25],[25],TYD,TYD,6.017148971557617,3.161090850830078,1.4270076751708984,0.7530071139335632,0.7915236949920654,1.0832706689834597,apo_holo,False,False,False
931,SF4,apo87912ac63c,A,4r0v,A,3,[8],[8],SF4,SF4,3.4509334564208984,2.172424793243408,1.9028433561325075,0.5889936685562134,0.934023916721344,1.842769742012024,apo_holo,False,False,True
932,SKM,apo364bca82c7,A,4y0a,A,3,[12],[12],SKM,SKM,6.307045936584473,2.802911758422852,1.5994824171066284,0.7413167357444763,0.7972711324691772,1.0565565824508667,apo_holo,False,False,False
933,TYD,1r66,A,apoa6cedd5e6c,A,3,[25],[25],TYD,TYD,2.3770995140075684,2.8202459812164307,1.622092843055725,0.7330905795097351,0.7513906955718994,1.2109309434890747,apo_holo,False,False,True
934,TYD,3lv8,A,apobdb30dfd1f,A,3,[25],[25],TYD,TYD,6.247753143310547,3.0763187408447266,1.1661478281021118,0.7543634176254272,0.974848747253418,0.9182894825935364,apo_holo,False,False,False
935,RBF,apo9e85e46298,A,4d1y,A,3,[27],[27],RBF,RBF,7.209506511688232,3.313042163848877,1.3009673357009888,0.7282812595367432,0.789975106716156,1.0230276584625244,apo_holo,False,False,False
936,ENO,4jb0,A,apo85347866f2,A,3,[13],[13],ENO,ENO,3.4275147914886475,3.462477922439575,0.9558911323547364,0.7591590285301208,0.9759253263473512,0.7855302095413208,apo_holo,False,False,True
937,NAI,apo1b33a4a05a,A,7p61,F,3,[44],[27],NAI,NAI,2.9213571548461914,2.9667153358459477,1.1980260610580444,0.7420201897621155,0.897903561592102,1.032914161682129,apo_holo,False,False,True
938,CA,4tx8,A,apo061df9bae9,A,3,[1],[1],CA,CA,2.841592788696289,3.4209189414978027,1.4044852256774902,0.7816920280456543,0.6376371383666992,1.2424854040145874,apo_holo,False,False,True
939,NAI,4p53,A,apo2e856286db,A,3,[44],[44],NAI,NAI,2.72754454612732,3.250243663787842,1.4233254194259644,0.7786118984222412,0.6924340128898621,0.8511765599250793,apo_holo,False,False,True
940,NAI,apobd8e71e202,A,4p53,A,3,[44],[44],NAI,NAI,3.0864171981811523,3.3587100505828857,1.442155122756958,0.7339169979095459,0.8581581115722656,1.0911173820495603,apo_holo,False,False,True
941,SF4,2e7z,A,apo9e41a8b34d,A,3,[8],[8],SF4,SF4,6.714387893676758,2.353432893753052,1.6314117908477783,0.665751576423645,0.7607330679893494,0.9733620285987854,apo_holo,False,False,False
942,PD2,2w2i,C,apod47f5eff19,A,3,[12],[12],PD2,PD2,2.046871423721313,3.8566207885742183,0.5829713344573975,0.7575122714042664,0.9516990184783936,0.8814172744750977,apo_holo,False,False,True
943,NAI,apo8a47c39afc,A,7p61,F,3,[44],[44],NAI,NAI,2.9262497425079346,2.895349502563477,1.0505739450454712,0.7084577679634094,0.8093212246894836,1.0998815298080444,apo_holo,False,False,True
944,NAI,apoabbffcddc8,A,4p53,A,3,[44],[44],NAI,NAI,5.323967456817627,3.2325632572174072,1.404183030128479,0.7201651930809021,0.731955349445343,0.9336400032043456,apo_holo,False,False,False
945,NAI,apoad92680901,A,6tg9,B,3,[44],[44],NAI,NAI,5.197746276855469,3.10420823097229,1.3736701011657717,0.7363053560256958,0.700258731842041,1.1548144817352295,apo_holo,False,False,False
946,NAI,apo24715c37d8,A,7p61,F,3,[44],[44],NAI,NAI,3.0383970737457275,2.91158390045166,1.058532953262329,0.7139602899551392,0.942556619644165,0.9417701959609984,apo_holo,False,False,True
947,CA,1f2n,C,apo52bf805b2d,A,3,[1],[1],CA,CA,8.31758975982666,2.3472604751586914,1.5890909433364868,0.6800124049186707,0.8474110960960388,1.2189832925796509,apo_holo,False,False,False
948,HEM,apo837d5797bf,A,2xvz,A,3,[43],[43],HEM,HEM,6.880745887756348,2.4184389114379883,1.7082096338272097,0.724616289138794,0.8189890384674072,1.533062219619751,apo_holo,False,False,False
949,NAI,apo627036d509,A,4p53,A,3,[44],[44],NAI,NAI,3.1544671058654785,3.331739664077759,1.3615247011184692,0.7314599752426147,0.8764733672142029,1.137332797050476,apo_holo,False,False,True
950,SKM,apoc2bad139c1,A,4y0a,A,3,[12],[12],SKM,SKM,6.423681259155273,2.8923826217651367,1.6729589700698853,0.7427326440811157,0.7645623683929443,1.101386785507202,apo_holo,False,False,False
951,SF4,2xdq,A,apoee35b1a84b,A,3,[8],[8],SF4,SF4,7.235641956329346,1.7105093002319336,1.9290813207626345,0.6563318371772766,0.5606206655502319,1.7849066257476809,apo_holo,False,False,False
952,NAI,apobd8e71e202,A,6vw7,D,3,[27],[44],NAI,NAI,3.344977140426636,3.23965835571289,1.5396722555160522,0.7162071466445923,0.8857718110084534,1.1406270265579224,apo_holo,False,False,True
953,NAI,apo54234681ba,A,4p53,A,3,[44],[44],NAI,NAI,3.0147368907928467,3.3371384143829346,1.4351061582565308,0.7543707489967346,0.8155283331871033,0.999447226524353,apo_holo,False,False,True
954,AMZ,apo1885785949,A,2r7k,A,3,[22],[22],AMZ,AMZ,8.519026756286621,2.544217109680176,1.5081120729446411,0.7183987498283386,0.8713120818138123,1.038669466972351,apo_holo,False,False,False
955,SF4,apofd986512a3,A,7lhr,A,3,[8],[8],SF4,SF4,6.017226219177246,2.627108573913574,1.415951371192932,0.6848180890083313,0.93780916929245,1.5237828493118286,apo_holo,False,False,False
956,SAM,apoeb856749db,A,5hg0,B,3,[27],[27],SAM,SAM,2.261362075805664,3.2026500701904297,1.122780680656433,0.7450394630432129,0.942371129989624,0.8485968112945557,apo_holo,False,False,True
957,NAI,apo68efe2d4f7,A,6tg9,B,3,[44],[27],NAI,NAI,3.609094858169556,3.0394842624664307,1.453513741493225,0.744706928730011,0.9121162295341492,1.1204293966293335,apo_holo,False,False,True
958,NAI,apo306085e7e4,A,4p53,A,3,[44],[44],NAI,NAI,2.7366244792938232,3.2572925090789795,1.487015962600708,0.7608165144920349,0.851987898349762,0.8841940760612488,apo_holo,False,False,True
959,TYD,apoa6cedd5e6c,A,6vlo,A,3,[25],[25],TYD,TYD,2.3533895015716557,2.7010936737060547,1.5163854360580444,0.711636483669281,0.8433451652526855,1.356892228126526,apo_holo,False,False,True
960,SF4,2vpw,A,apo736fc55dfa,A,3,[8],[8],SF4,SF4,3.190722703933716,2.0068092346191406,1.2321099042892456,0.5074923634529114,0.8315070271492004,1.3682390451431274,apo_holo,False,False,True
961,NAI,apo54234681ba,A,3afo,A,3,[44],[44],NAI,NAI,3.1190340518951416,2.604041337966919,1.81986403465271,0.7145820260047913,0.8153339624404907,1.33750319480896,apo_holo,False,False,True
962,CA,apob4b112d976,A,2hih,A,3,[1],[1],CA,CA,7.990736484527588,2.117025852203369,1.649832010269165,0.657589316368103,0.7702996134757996,0.9667751789093018,apo_holo,False,False,False
963,NAI,apoad92680901,A,3afo,A,3,[44],[44],NAI,NAI,3.3786985874176025,2.799813270568848,1.5047671794891355,0.6794671416282654,0.8643719553947449,1.3538970947265625,apo_holo,False,False,True
964,BG6,2puw,B,apob90cad9cbd,A,3,[16],[16],BG6,BG6,7.96303129196167,2.597294330596924,1.385664463043213,0.6621076464653015,0.7335845828056335,1.2439073324203491,apo_holo,False,False,False
965,SF4,apoecffb133be,A,3ml1,A,3,[8],[8],SF4,SF4,7.056791305541992,2.689652442932129,1.5910052061080933,0.6898149847984314,0.8592684268951416,1.2816078662872314,apo_holo,False,False,False
966,PD2,2jig,A,apod47f5eff19,A,3,[12],[12],PD2,PD2,1.459191083908081,3.950791835784912,0.7208874821662903,0.8249516487121582,0.9701069593429564,0.9181240797042848,apo_holo,False,True,True
967,CA,1dfx,A,apo8c8e729362,A,3,[1],[1],CA,CA,7.231653690338135,3.0782618522644043,1.7915449142456057,0.7495799660682678,0.959050714969635,1.1367093324661257,apo_holo,False,False,False
968,TYD,2v54,A,apoa6cedd5e6c,A,3,[25],[25],TYD,TYD,6.118453025817871,3.1985998153686523,1.42894184589386,0.7734858989715576,0.9293537735939026,1.0601177215576172,apo_holo,False,False,False
969,F6P,3o8o,B,apo9f174cb24f,A,3,[16],[16],F6P,F6P,7.940303325653076,2.749786376953125,1.4914300441741943,0.7315016388893127,0.8840652108192444,1.1119993925094604,apo_holo,False,False,False
970,SF4,apofd986512a3,A,7lhr,A,3,[8],[8],SF4,SF4,6.017226219177246,2.6271097660064697,1.415952444076538,0.6848177313804626,0.9378094673156738,1.523783564567566,apo_holo,False,False,False
971,SF4,6elq,X,apoee35b1a84b,A,3,[8],[8],SF4,SF4,8.245266914367676,1.8373916149139404,1.5041970014572144,0.600773274898529,0.8799403309822083,1.7827926874160769,apo_holo,False,False,False
972,NAI,apob2ac301348,A,3afo,A,3,[44],[44],NAI,NAI,3.452012300491333,2.775233745574951,1.3735685348510742,0.6801392436027527,0.8115593791007996,1.3965468406677246,apo_holo,False,False,True
973,CA,apob0d3fb1eab,A,4jrf,A,3,[1],[1],CA,CA,7.13803243637085,2.02079176902771,1.359919190406799,0.6658151149749756,0.8248384594917297,0.8500822186470032,apo_holo,False,False,False
974,NAI,apo131ef01eab,A,6tg9,B,3,[44],[44],NAI,NAI,5.252700805664063,2.746545553207397,1.5426956415176392,0.7429256439208984,0.8554317355155945,1.0229829549789429,apo_holo,False,False,False
975,TYD,3rsc,A,apo7b54455720,A,3,[25],[25],TYD,TYD,5.852692127227783,3.1285829544067383,1.5347580909729004,0.7702467441558838,0.7234780788421631,1.0144524574279783,apo_holo,False,False,False
976,SF4,apo736fc55dfa,A,6tg9,B,3,[8],[8],SF4,SF4,8.43858814239502,2.3765785694122314,1.538463830947876,0.6133556365966797,0.471919298171997,1.388993501663208,apo_holo,False,False,False
977,SF4,1oao,C,apo0262b01f14,A,3,[8],[8],SF4,SF4,5.845922470092773,1.7033164501190186,1.85798978805542,0.5492838621139526,0.9617156982421876,1.207857966423035,apo_holo,False,False,False
978,F6P,2axn,A,apo428e912d15,A,3,[16],[16],F6P,F6P,7.819165229797363,2.7134792804718018,1.6813669204711914,0.6846305727958679,0.7719041705131531,1.0628582239151,apo_holo,False,False,False
979,TYD,2v54,A,apo3721324a05,A,3,[25],[25],TYD,TYD,5.773142814636231,3.2803213596343994,1.3879220485687256,0.7515743970870972,0.8899366855621338,1.0378142595291138,apo_holo,False,False,False
980,CA,apo24685ef6d3,A,2ost,A,3,[1],[1],CA,CA,0.0876640081405639,3.6112136840820312,0.6685437560081482,0.7883707284927368,0.9974371194839478,0.7814883589744568,apo_holo,True,True,True
981,NAI,4p53,A,apo68efe2d4f7,A,3,[27],[44],NAI,NAI,2.921408176422119,3.4191040992736816,1.3294681310653689,0.7528835535049438,0.8613954186439514,1.061070680618286,apo_holo,False,False,True
982,BG6,apob90cad9cbd,A,6d24,A,3,[16],[16],BG6,BG6,7.736523151397705,3.2042033672332764,1.2261271476745603,0.7496997117996216,0.8458658456802368,0.9407926201820374,apo_holo,False,False,False
983,NAI,4p53,A,apo5f621fda84,A,3,[44],[44],NAI,NAI,3.0257575511932373,3.3658905029296875,1.3124688863754272,0.7389208674430847,0.8667563796043396,1.0814651250839231,apo_holo,False,False,True
984,SF4,3a04,A,apof250abc717,A,3,[8],[8],SF4,SF4,7.6345534324646,2.2413132190704346,1.0917527675628662,0.6700157523155212,0.9500501155853271,0.7809572219848633,apo_holo,False,False,False
985,NAI,4p53,A,apo38e8d09865,A,3,[44],[44],NAI,NAI,3.0905542373657227,3.353031873703003,1.3559144735336304,0.7327917814254761,0.8752990365028381,1.1011611223220823,apo_holo,False,False,True
986,CA,apo6fe83300aa,A,4z0n,A,3,[1],[1],CA,CA,7.067911148071289,2.499734401702881,1.4412740468978882,0.7184169292449951,0.8824611902236938,1.142328143119812,apo_holo,False,False,False
987,SF4,apo1ec04f1101,A,7lhr,A,3,[8],[8],SF4,SF4,5.225898742675781,2.571791172027588,1.389698505401611,0.7095167636871338,0.9748827815055848,1.1330022811889648,apo_holo,False,False,False
988,CA,3ik2,A,apob348e581cd,A,3,[1],[1],CA,CA,8.227849006652832,2.942513227462769,1.5110615491867063,0.7746397256851196,0.7779732346534729,1.0233550071716309,apo_holo,False,False,False
989,SAM,apo865b191f3d,A,5hg0,B,3,[27],[27],SAM,SAM,1.889835238456726,3.344745397567749,1.1107323169708252,0.7601342797279358,0.9443929195404052,0.9206632375717164,apo_holo,False,True,True
990,NAI,4p53,A,apo9b86f2866a,A,3,[44],[44],NAI,NAI,2.947896718978882,3.2956812381744385,1.3579052686691284,0.7390260696411133,0.6039076447486877,1.08131206035614,apo_holo,False,False,True
991,TYD,apo7b54455720,A,6vlo,A,3,[25],[25],TYD,TYD,6.320240020751953,2.4394736289978027,1.5626622438430786,0.6629656553268433,0.8664045333862305,1.3823963403701782,apo_holo,False,False,False
992,TYD,1r66,A,apo0119d595d5,A,3,[25],[25],TYD,TYD,2.216003179550171,2.9738264083862305,1.4121313095092771,0.7275705337524414,0.934385359287262,1.1748121976852417,apo_holo,False,False,True
993,BG6,2poc,B,apob90cad9cbd,A,3,[16],[16],BG6,BG6,7.9921183586120605,2.6501331329345703,1.3533875942230225,0.677470862865448,0.6886924505233765,1.1306540966033936,apo_holo,False,False,False
994,F6P,2r66,A,apo9f174cb24f,A,3,[16],[16],F6P,F6P,6.942404270172119,2.887586832046509,1.5563931465148926,0.7259466052055359,0.7364735007286072,1.0183000564575195,apo_holo,False,False,False
995,SF4,apofd986512a3,A,6elq,X,3,[8],[8],SF4,SF4,7.438997745513916,2.568617343902588,1.5258296728134155,0.6812944412231445,0.8155292272567749,1.1266560554504397,apo_holo,False,False,False
996,NAI,apodc159d30e1,A,6tg9,B,3,[44],[44],NAI,NAI,4.744480609893799,2.846798896789551,1.455533742904663,0.7444100975990295,0.6240500807762146,1.1391730308532717,apo_holo,False,False,False
997,NAI,apo5f621fda84,A,6vw7,D,3,[27],[44],NAI,NAI,2.791766166687012,2.9951887130737305,1.2037032842636108,0.725973904132843,0.8341742753982544,1.1340798139572144,apo_holo,False,False,True
998,TYD,apo0119d595d5,A,4e2x,A,3,[25],[25],TYD,TYD,6.837102890014648,2.8457984924316406,1.5844876766204834,0.7349298596382141,0.6056039333343506,1.0076884031295776,apo_holo,False,False,False
999,F6P,apo442de7048d,A,3o8o,B,3,[16],[16],F6P,F6P,8.220292091369629,2.7147881984710693,1.5488475561141968,0.6904553174972534,0.8229248523712158,1.011569261550903,apo_holo,False,False,False
1000,NAI,apo1b33a4a05a,A,6vw7,D,3,[27],[27],NAI,NAI,3.417017698287964,3.179827690124512,1.570610523223877,0.7390402555465698,0.8850407600402832,1.0742632150650024,apo_holo,False,False,True
1001,F6P,apo9f174cb24f,A,5htk,A,3,[16],[16],F6P,F6P,8.001577377319336,2.5239717960357666,1.6427322626113892,0.7116963863372803,0.9115913510322572,0.9928497672080994,apo_holo,False,False,False
1002,F6P,5htk,A,apo428e912d15,A,3,[16],[16],F6P,F6P,7.507484912872314,2.515915632247925,1.813109040260315,0.6660622358322144,0.8426728248596191,0.93294495344162,apo_holo,False,False,False
1003,NAI,apo7d09abd904,A,6tg9,B,3,[44],[44],NAI,NAI,4.233821392059326,2.9748873710632324,1.459793210029602,0.7307318449020386,0.8471410274505615,1.123071789741516,apo_holo,False,False,False
1004,TYD,4e2x,A,apoa6cedd5e6c,A,3,[25],[25],TYD,TYD,6.102287292480469,2.903974771499634,1.5236810445785522,0.7272647023200989,0.7210402488708496,1.0945998430252075,apo_holo,False,False,False
1005,TYD,1r66,A,apo7b54455720,A,3,[25],[25],TYD,TYD,6.21342658996582,2.7037951946258545,1.6073265075683594,0.689389705657959,0.8021072149276733,1.1348304748535156,apo_holo,False,False,False
1006,BU3,4j6r,L,apob0d1d6ffe4,A,3,[6],[6],BU3,BU3,8.567416191101074,1.991276502609253,1.5430727005004885,0.6083655953407288,0.3200712502002716,0.9288649559020996,apo_holo,False,False,False
1007,F6P,2r66,A,apo428e912d15,A,3,[16],[16],F6P,F6P,5.832313537597656,2.536961555480957,1.5541404485702517,0.7508576512336731,0.9486068487167358,1.0441107749938965,apo_holo,False,False,False
1008,SKM,apob2978c18ed,A,4y0a,A,3,[12],[12],SKM,SKM,6.090417385101318,2.818034410476685,1.4739086627960205,0.7336888313293457,0.9048472046852112,0.9947815537452698,apo_holo,False,False,False
1009,NAI,apoad92680901,A,7p61,F,3,[44],[44],NAI,NAI,3.2284669876098637,3.3941638469696045,1.345651149749756,0.7569810152053833,0.760384202003479,1.1223156452178955,apo_holo,False,False,True
1010,SAM,2q6o,A,apoe7fc3f06d8,A,3,[27],[27],SAM,SAM,4.291036605834961,2.9993224143981934,1.2511287927627563,0.7472861409187317,0.7294439673423767,0.8969072699546814,apo_holo,False,False,False
1011,NAI,apo3fdb14322f,A,7p61,F,3,[44],[44],NAI,NAI,2.654855728149414,3.171895980834961,1.2348657846450806,0.7372576594352722,0.597682535648346,1.044957399368286,apo_holo,False,False,True
1012,F6P,apo442de7048d,A,5htk,A,3,[16],[16],F6P,F6P,7.936088562011719,2.816889524459839,1.5737733840942385,0.7025412917137146,0.8795697689056396,1.082168698310852,apo_holo,False,False,False
1013,NAI,3afo,A,apodc159d30e1,A,3,[44],[44],NAI,NAI,3.304343938827514,2.8742055892944336,1.5677112340927124,0.7073367238044739,0.8827072978019714,1.2511937618255615,apo_holo,False,False,True
1014,K,apo22b84035b3,A,2gj8,D,3,[1],[1],K,K,5.0059075355529785,3.7891845703125,0.9893921613693236,0.7910093069076538,0.978873372077942,0.7931171655654907,apo_holo,False,False,False
1015,TYD,apo3721324a05,A,4e2x,A,3,[25],[25],TYD,TYD,6.451098442077637,2.9647464752197266,1.433236002922058,0.7462875247001648,0.7398178577423096,1.074978590011597,apo_holo,False,False,False
1016,SF4,apoa322bb6fb6,A,6de6,B,3,[8],[8],SF4,SF4,7.852965354919434,3.0292410850524902,1.2510530948638916,0.7410397529602051,0.8671826720237732,1.0697671175003052,apo_holo,False,False,False
1017,SF4,2e7z,A,apoecffb133be,A,3,[8],[8],SF4,SF4,7.124695777893066,1.9890100955963133,1.8985307216644287,0.6574615240097046,0.8500372767448425,1.0916801691055298,apo_holo,False,False,False
1018,CA,apobe935f823d,A,6ncr,A,3,[1],[1],CA,CA,8.670353889465332,2.912667989730835,1.4942898750305176,0.7205028533935547,0.7911530137062073,1.2257157564163208,apo_holo,False,False,False
1019,SAM,apo03623d8ca9,A,5hg0,B,3,[27],[27],SAM,SAM,3.1867237091064453,3.264590263366699,1.2529813051223757,0.735511064529419,0.9429444074630736,1.081646203994751,apo_holo,False,False,True
1020,TYD,2v54,A,apo0119d595d5,A,3,[25],[25],TYD,TYD,5.964156150817871,3.2795443534851074,1.4128953218460083,0.7467253804206848,0.867326021194458,1.0684244632720947,apo_holo,False,False,False
1021,CA,1hpl,A,apo94bc4d469b,A,3,[1],[1],CA,CA,5.710826873779297,2.9465670585632324,1.6837522983551023,0.7033065557479858,0.9176095128059388,1.0895941257476809,apo_holo,False,False,False
1022,SAM,apo03623d8ca9,A,2hma,A,3,[27],[27],SAM,SAM,3.902887344360352,3.4159255027771,1.3032900094985962,0.7499837279319763,0.6693748235702515,1.1180963516235352,apo_holo,False,False,True
1023,SAM,2hma,A,apo185babea79,A,3,[27],[27],SAM,SAM,4.08493709564209,3.468113899230957,0.907892107963562,0.7714482545852661,0.983640730381012,1.0104418992996216,apo_holo,False,False,False
1024,SF4,apof250abc717,A,6qkg,B,3,[8],[8],SF4,SF4,8.586852073669434,2.243360996246338,1.5781902074813845,0.6627742052078247,0.7203671336174011,1.0426992177963257,apo_holo,False,False,False
1025,SAM,2q6o,A,apo579d4c1abc,A,3,[27],[27],SAM,SAM,5.085570335388184,3.1558780670166016,1.4784860610961914,0.7122434377670288,0.7896571159362793,1.0892367362976074,apo_holo,False,False,False
1026,NAI,apo38fd9e3bee,A,6tg9,B,3,[44],[44],NAI,NAI,4.313180923461914,3.220257520675659,1.2513854503631592,0.7214681506156921,0.8792744874954224,1.2326427698135376,apo_holo,False,False,False
1027,SF4,4hea,1,apoee35b1a84b,A,3,[8],[8],SF4,SF4,7.210087776184082,1.741358757019043,1.62394917011261,0.6826810836791992,0.851806640625,1.283881425857544,apo_holo,False,False,False
1028,SAM,2hma,A,apo0c4f651c46,A,3,[27],[27],SAM,SAM,7.12674617767334,1.8019013404846191,1.8329275846481323,0.6604198217391968,0.932019293308258,1.4800292253494265,apo_holo,False,False,False
1029,F6P,apo72a4b9d979,A,2axn,A,3,[16],[16],F6P,F6P,7.744289875030518,2.775397777557373,1.5298460721969604,0.7302498817443848,0.887774646282196,1.1470056772232056,apo_holo,False,False,False
1030,NAI,apob434bc6d95,A,7p61,F,3,[44],[44],NAI,NAI,2.7282257080078125,3.325260162353516,1.3307228088378906,0.7325807809829712,0.5875619053840637,1.1174877882003784,apo_holo,False,False,True
1031,TYD,1r66,A,apobdb30dfd1f,A,3,[25],[25],TYD,TYD,2.318045139312744,2.916756629943848,1.6078072786331177,0.7366958260536194,0.8439160585403442,1.127686619758606,apo_holo,False,False,True
1032,SF4,1h0h,A,apo9e41a8b34d,A,3,[8],[8],SF4,SF4,6.735665798187256,2.393605232238769,1.6184312105178833,0.5836748480796814,0.9444502592086792,1.4775091409683228,apo_holo,False,False,False
1033,TYD,4e2x,A,apo7b54455720,A,3,[25],[25],TYD,TYD,5.184548377990723,2.7220234870910645,1.743639588356018,0.7410416007041931,0.9057896733283995,1.057004451751709,apo_holo,False,False,False
1034,NAI,3afo,A,apo38fd9e3bee,A,3,[44],[44],NAI,NAI,3.3043386936187744,2.8270375728607178,1.5202325582504272,0.6981818675994873,0.8949830532073975,1.3352314233779907,apo_holo,False,False,True
1035,CA,apo7e0682d502,A,6dfq,C,3,[1],[1],CA,CA,8.321615219116211,2.289999008178711,1.291276216506958,0.7380104064941406,0.9265100955963136,0.8284321427345276,apo_holo,False,False,False
1036,NAI,apo46e1642176,A,6tg9,B,3,[44],[44],NAI,NAI,4.507365703582764,2.69135856628418,1.5736136436462402,0.7205179333686829,0.8100883364677429,1.14828622341156,apo_holo,False,False,False
1037,CA,1dfx,A,apo8c8e729362,A,3,[1],[1],CA,CA,7.231652736663818,3.0782642364501958,1.7915445566177368,0.7495793700218201,0.9590508341789246,1.1367112398147583,apo_holo,False,False,False
1038,F6P,2r66,A,apo442de7048d,A,3,[16],[16],F6P,F6P,7.294979572296143,3.050762176513672,1.6578223705291748,0.7281074523925781,0.8169283270835876,1.0193140506744385,apo_holo,False,False,False
1039,NAI,apo306085e7e4,A,6vw7,D,3,[27],[44],NAI,NAI,2.878500938415528,2.819668292999268,1.497788667678833,0.7550439834594727,0.8440097570419312,1.0523425340652466,apo_holo,False,False,True
1040,TYD,4e2x,A,apobdb30dfd1f,A,3,[25],[25],TYD,TYD,4.193656921386719,2.458144187927246,1.6324095726013184,0.7364681959152222,0.6080693602561951,1.376159906387329,apo_holo,False,False,False
1041,SF4,apoecffb133be,A,7p61,F,3,[8],[8],SF4,SF4,7.628409385681152,2.734412670135498,1.5789273977279663,0.6969950795173645,0.6606388688087463,1.1203290224075315,apo_holo,False,False,False
1042,NAI,apo306085e7e4,A,6tg9,B,3,[44],[44],NAI,NAI,4.0670976638793945,2.6605966091156006,1.4176148176193235,0.7319828867912292,0.5506105422973633,1.0961458683013916,apo_holo,False,False,False
1043,NAI,apo131ef01eab,A,7p61,F,3,[44],[44],NAI,NAI,3.578053951263428,2.995200634002685,1.2180684804916382,0.7232160568237305,0.9162271022796632,0.9329719543457032,apo_holo,False,False,True
1044,SF4,1gn9,A,apo2ae92c936d,A,3,[8],[8],SF4,SF4,8.003532409667969,2.347403049468994,1.476288914680481,0.6908153891563416,0.480267584323883,1.2278863191604614,apo_holo,False,False,False
1045,TYD,3hjn,A,apoa6cedd5e6c,A,3,[25],[25],TYD,TYD,6.023739814758301,3.1055753231048584,1.5120651721954346,0.7679253816604614,0.9500857591629028,0.9734864830970764,apo_holo,False,False,False
1046,TYD,apoa6cedd5e6c,A,4lxq,B,3,[25],[25],TYD,TYD,4.8518171310424805,2.836511611938477,1.567607283592224,0.7270215749740601,0.8686536550521851,1.1972332000732422,apo_holo,False,False,False
1047,TYD,apo3721324a05,A,4lxq,B,3,[25],[25],TYD,TYD,4.005566596984863,2.559983730316162,1.5475759506225586,0.6893840432167053,0.7879952192306519,1.16571044921875,apo_holo,False,False,False
1048,SF4,3ml1,A,apofd986512a3,A,3,[8],[8],SF4,SF4,5.803623676300049,2.166464328765869,1.5172499418258667,0.6857514977455139,0.8911223411560059,1.3299182653427124,apo_holo,False,False,False
1049,TYD,3oth,A,apo7b54455720,A,3,[25],[25],TYD,TYD,5.962193012237549,3.271552562713623,1.458203911781311,0.7604447603225708,0.8655343055725098,1.011641502380371,apo_holo,False,False,False
1050,TYD,apobdb30dfd1f,A,6vlo,A,3,[25],[25],TYD,TYD,2.2849855422973637,2.713871955871582,1.5413058996200562,0.6920128464698792,0.9172402620315552,1.4190322160720823,apo_holo,False,False,True
1051,TYD,3hjn,A,apo0119d595d5,A,3,[25],[25],TYD,TYD,6.116200923919678,2.966341733932495,1.497721791267395,0.7475787997245789,0.8282973170280457,1.0067094564437866,apo_holo,False,False,False
1052,SF4,2ynm,C,apo2ae92c936d,A,3,[8],[8],SF4,SF4,7.954842567443848,2.492256164550781,1.3884528875350952,0.7137874364852905,0.9012528657913208,0.9939495921134948,apo_holo,False,False,False
1053,TYD,3hjn,A,apo3721324a05,A,3,[25],[25],TYD,TYD,5.825878143310547,3.3672022819519043,1.3826178312301636,0.7655310034751892,0.9435596466064452,1.0968384742736816,apo_holo,False,False,False
1054,F6P,2axn,A,apo442de7048d,A,3,[16],[16],F6P,F6P,7.821248531341553,2.814979076385498,1.4714149236679075,0.7026854753494263,0.8191109895706177,1.123395323753357,apo_holo,False,False,False
1055,SF4,4fhc,A,apo9e41a8b34d,A,3,[8],[8],SF4,SF4,3.138430118560791,1.8096672296524048,1.8348701000213623,0.626819372177124,0.9285323023796082,0.9877844452857972,apo_holo,False,False,True
1056,TYD,1r66,A,apo3721324a05,A,3,[25],[25],TYD,TYD,2.6124181747436523,2.7837066650390625,1.6192365884780884,0.7422922253608704,0.8852372169494629,1.1923565864562988,apo_holo,False,False,True
1057,TYD,4g2t,A,apo7b54455720,A,3,[25],[25],TYD,TYD,5.943051338195801,3.282144546508789,1.4087635278701782,0.7552666068077087,0.8991997838020325,1.0720312595367432,apo_holo,False,False,False
1058,TYD,apo3721324a05,A,6vlo,A,3,[25],[25],TYD,TYD,2.4677248001098637,2.7188894748687744,1.6021114587783811,0.7303378582000732,0.7580646872520447,1.2487505674362185,apo_holo,False,False,True
1059,TYD,4lxq,B,apo7b54455720,A,3,[25],[25],TYD,TYD,5.303650379180908,2.831554412841797,1.550445795059204,0.7158005833625793,0.8828814625740051,1.130496859550476,apo_holo,False,False,False
1060,TYD,1rrv,A,apo7b54455720,A,3,[25],[25],TYD,TYD,5.955859661102295,3.273948907852173,1.3993890285491943,0.7453105449676514,0.9088118076324464,1.092044711112976,apo_holo,False,False,False
1061,TYD,3lv8,A,apo0119d595d5,A,3,[25],[25],TYD,TYD,5.705759048461914,3.1417582035064697,1.4590598344802856,0.7679989337921143,0.913320541381836,0.9634364247322084,apo_holo,False,False,False
1062,TYD,apo0119d595d5,A,4lxq,B,3,[25],[25],TYD,TYD,5.983791351318359,2.9179251194000244,1.5354266166687012,0.7612144947052002,0.6966791152954102,1.2416783571243286,apo_holo,False,False,False
1063,SIA,apo0d0b42695c,A,4d62,A,3,[21],[21],SIA,SIA,6.04698657989502,2.275148630142212,1.5346286296844482,0.7173300385475159,0.7426581382751465,1.1559412479400637,apo_holo,False,False,False
1064,SIA,4d62,A,apo214d44df5b,A,3,[20],[21],SIA,SIA,7.652196407318115,2.4983010292053223,1.3635085821151731,0.6896998882293701,0.9583597779273988,1.28581440448761,apo_holo,False,False,False
1065,VN4,2rar,A,apo243dbcb124,A,4,[4],[4],VN4,VN4,2.2649643421173096,4.95844030380249,0.5728794932365417,0.8898947834968567,0.973498523235321,0.6882361173629761,apo_holo,False,False,True
1066,SKM,apob2978c18ed,A,3sef,C,4,[12],[12],SKM,SKM,1.1800719499588013,4.756892681121826,0.6574607491493225,0.8290696144104004,0.9738729000091552,0.8512268662452698,apo_holo,False,True,True
1067,AZM,apoa546ea264d,A,4g7a,B,4,[13],[13],AZM,AZM,0.3638153374195099,4.741384983062744,0.2741299569606781,0.8962639570236206,1.0,0.6952877044677734,apo_holo,True,True,True
1068,VO4,1rpt,A,apo00b57c65a6,A,4,[4],[5],VO4,VO4,2.304685115814209,4.092914581298828,0.7324434518814087,0.8664185404777527,0.9759109020233154,0.6868842840194702,apo_holo,False,False,True
1069,TEM,apoeac257cc01,A,6nvu,A,4,[11],[11],TEM,TEM,2.483210563659668,4.471888542175293,0.5604243278503418,0.840764045715332,0.9787845611572266,0.7470278739929199,apo_holo,False,False,True
1070,TYD,3rsc,A,apoa6cedd5e6c,A,4,[25],[25],TYD,TYD,1.1388124227523804,4.535677433013916,0.5927887558937073,0.8291769623756409,0.8726824522018433,0.7953810691833496,apo_holo,False,True,True
1071,M0E,apo57f4206d50,A,5hld,A,4,[77],[84],M0E,M0E,8.756142616271973,2.466308355331421,1.4448412656784058,0.6798244714736938,0.9254990220069884,0.9675752520561218,apo_holo,False,False,False
1072,DOR,3mjm,A,apo772aefcfb0,A,4,[11],[11],DOR,DOR,0.9059988260269164,4.5650835037231445,0.579799234867096,0.8456286787986755,0.973806858062744,0.7508288025856018,apo_holo,True,True,True
1073,AZM,apoa546ea264d,A,4x5s,A,4,[13],[13],AZM,AZM,0.2472605556249618,4.770997047424316,0.2609013319015503,0.9050840139389038,1.0,0.6854150891304016,apo_holo,True,True,True
1074,DDN,1vq2,A,apo64c2a4311b,A,4,[20],[20],DDN,DDN,1.4579179286956787,4.914774894714356,0.4327917397022247,0.8770216703414917,0.9488751888275146,0.6671428680419922,apo_holo,False,True,True
1075,M0E,apo57f4206d50,A,5hlb,A,4,[77],[84],M0E,M0E,8.778583526611328,2.4422037601470947,1.5208932161331177,0.690872311592102,0.8539248704910278,1.065022110939026,apo_holo,False,False,False
1076,NXL,apo0e856668c7,A,6fm7,A,4,[17],[17],NXL,NXL,1.0969303846359253,4.186601161956787,0.6175304651260376,0.8049110770225525,0.9051036238670348,0.7584681510925293,apo_holo,False,True,True
1077,CAP,5mac,A,apo7093949971,A,4,[21],[21],CAP,CAP,4.826024532318115,4.595911026000977,0.6932873725891113,0.8508226871490479,0.9306952953338624,0.8667630553245544,apo_holo,False,False,False
1078,PCG,apofde131c74c,A,5h5o,A,4,[23],[23],PCG,PCG,8.644227981567383,3.9120612144470215,0.7014960050582886,0.7680394053459167,0.993661642074585,0.8251044750213623,apo_holo,False,False,False
1079,FDA,3swo,A,apo0e37ab3f3e,A,4,[53],[53],FDA,FDA,1.7664248943328855,3.495140314102173,0.9082633256912231,0.788652777671814,0.9824049472808838,0.8629433512687683,apo_holo,False,True,True
1080,BTM,apo3f2093243a,A,8h4p,A,4,[14],[14],BTM,BTM,2.1278042793273926,3.449099540710449,0.7593923807144165,0.7727833390235901,0.9721418619155884,0.9830126762390136,apo_holo,False,False,True
1081,BMP,apo7d51e707b6,A,4muz,A,4,[22],[22],BMP,BMP,0.996483325958252,4.540683269500732,0.4604580998420715,0.810845673084259,0.9930181503295898,0.7946925163269043,apo_holo,True,True,True
1082,CAA,1ee0,A,apoed40d751c6,A,4,[54],[54],CAA,CAA,5.611255645751953,3.909678459167481,1.072956919670105,0.8041694164276123,0.91529381275177,1.0650168657302856,apo_holo,False,False,False
1083,TTP,apo1450cb4c8a,A,1w4r,A,4,[29],[29],TTP,TTP,5.649382591247559,4.213595390319824,0.7572058439254761,0.7869552969932556,0.9898503422737122,0.7864429354667664,apo_holo,False,False,False
1084,VN4,2rar,A,apo243dbcb124,A,4,[4],[4],VN4,VN4,2.2649643421173096,4.95844030380249,0.5728794932365417,0.8898944854736328,0.9734987616539,0.6882370710372925,apo_holo,False,False,True
1085,SKM,3sef,C,apoeb78c816f2,A,4,[12],[12],SKM,SKM,2.0984320640563965,4.583785533905029,0.7259384393692017,0.8022890686988831,0.9966538548469543,0.9340895414352416,apo_holo,False,False,True
1086,LPA,apo04257e6d76,A,5t8u,B,4,[12],[12],LPA,LPA,1.4003981351852417,4.490811347961426,0.453575849533081,0.8788922429084778,0.9985703825950624,0.7834304571151733,apo_holo,False,True,True
1087,PCG,apofde131c74c,A,7pzb,A,4,[23],[23],PCG,PCG,8.656698226928711,3.675339698791504,0.788151204586029,0.7611875534057617,0.989732563495636,0.9245511293411256,apo_holo,False,False,False
1088,FDA,4x28,A,apo0e37ab3f3e,A,4,[53],[53],FDA,FDA,2.005645275115967,3.475502014160156,0.8141085505485535,0.7863487601280212,0.9380682110786438,0.8332786560058594,apo_holo,False,False,True
1089,GTS,apobc3130d6cb,A,4jed,A,4,[23],[23],GTS,GTS,2.009014129638672,4.648168563842773,0.8076413869857788,0.8482335209846497,0.981696367263794,0.6887138485908508,apo_holo,False,False,True
1090,F6P,apo442de7048d,A,4lc9,A,4,[16],[16],F6P,F6P,1.5410860776901243,3.855891227722168,0.9795105457305908,0.7715080380439758,0.9927448630332948,0.7798600792884827,apo_holo,False,True,True
1091,FPP,apob3476afa77,A,6lcd,A,4,[9],[24],FPP,FPP,4.827319622039795,2.9392528533935547,1.08552348613739,0.7413077354431152,0.9681761860847472,0.8431081771850586,apo_holo,False,False,False
1092,GTS,2gsr,A,apobc3130d6cb,A,4,[23],[23],GTS,GTS,1.640730619430542,4.264536380767822,0.6988623738288879,0.7939910888671875,0.9552879929542542,0.8026142716407776,apo_holo,False,True,True
1093,DIH,2p4s,A,apoe14f3bf8e1,A,4,[19],[19],DIH,DIH,1.821144461631775,4.266572952270508,0.6808139681816101,0.8077235221862793,0.9543346166610718,0.734358012676239,apo_holo,False,True,True
1094,LAD,1e1t,A,apoaffbe8c480,A,4,[32],[32],LAD,LAD,1.4116891622543335,3.8040406703948975,0.4329647123813629,0.6821948885917664,0.9911930561065674,0.7767301201820374,apo_holo,False,True,True
1095,2V9,apoaf24397393,A,5wnj,A,4,[33],[33],2V9,2V9,0.926575481891632,4.899749755859375,0.6515148878097534,0.8806646466255188,0.9880213737487792,0.7889546751976013,apo_holo,True,True,True
1096,HAR,apo6d56bfe79a,A,5zee,B,4,[13],[13],HAR,HAR,1.2541484832763672,5.241244792938232,0.3101575374603271,0.9159626364707948,0.9983052015304564,0.7133163213729858,apo_holo,False,True,True
1097,PCG,5c8w,B,apofde131c74c,A,4,[23],[23],PCG,PCG,8.674625396728516,3.896796464920044,0.675657331943512,0.7498611211776733,0.9975869059562684,0.7908428907394409,apo_holo,False,False,False
1098,CAA,apo8e9f6a59b8,A,4nbu,B,4,[54],[54],CAA,CAA,2.13215708732605,5.121405601501465,0.4739913046360016,0.87510746717453,0.9734082221984864,0.77913498878479,apo_holo,False,False,True
1099,BMP,4dbe,A,apo703c3715e1,A,4,[22],[22],BMP,BMP,0.7782370448112488,4.622159004211426,0.509291410446167,0.8115968108177185,0.9977773427963256,0.7669884562492371,apo_holo,True,True,True
1100,TYD,2v54,A,apo7b54455720,A,4,[25],[25],TYD,TYD,1.0715514421463013,4.883404731750488,0.4939072430133819,0.8536223769187927,0.9989826679229736,0.7112207412719727,apo_holo,False,True,True
1101,LBV,5llw,B,apo39e7bb8f79,A,4,[43],[43],LBV,LBV,7.654587745666504,4.017930030822754,0.8609843254089355,0.8065759539604187,0.9069995880126952,0.8635324835777283,apo_holo,False,False,False
1102,HDS,apofd4b1c7ff2,A,1qz3,A,4,[19],[19],HDS,HDS,5.983838081359863,3.853781700134277,0.7559431791305542,0.8235252499580383,0.9891849160194396,0.7575669288635254,apo_holo,False,False,False
1103,FDA,3pfd,C,apo0e37ab3f3e,A,4,[53],[53],FDA,FDA,2.564444303512573,3.4018588066101074,0.9237539172172546,0.8028794527053833,0.9237511157989502,0.8505115509033203,apo_holo,False,False,True
1104,TYD,3oth,A,apoa6cedd5e6c,A,4,[25],[25],TYD,TYD,1.0720053911209106,4.66533899307251,0.5301112532615662,0.8233689665794373,0.9884549975395204,0.8020707964897156,apo_holo,False,True,True
1105,PYV,apo96656ba683,A,3oji,B,4,[22],[22],PYV,PYV,2.3355748653411865,4.975800037384033,0.3766252398490906,0.8971923589706421,0.9999876022338868,0.7453122735023499,apo_holo,False,False,True
1106,KPL,5ayv,B,apo8d8bc9f607,A,4,[10],[10],KPL,KPL,3.84059739112854,4.751343250274658,0.7118319869041443,0.826359212398529,0.8693407773971558,0.7773755192756653,apo_holo,False,False,True
1107,AZM,apoa546ea264d,A,5jn8,C,4,[13],[13],AZM,AZM,0.4796788096427917,4.749948024749756,0.2642093896865845,0.8906857967376709,0.9995965957641602,0.7080986499786377,apo_holo,True,True,True
1108,LBV,6et7,A,apo39e7bb8f79,A,4,[43],[43],LBV,LBV,8.474527359008789,4.000185012817383,0.8418503403663635,0.8096468448638916,0.9038517475128174,0.8325761556625366,apo_holo,False,False,False
1109,1GP,apo15878361a5,A,6jo3,A,4,[10],[10],1GP,1GP,1.1155054569244385,4.716945171356201,0.4979219734668731,0.8317500948905945,0.998871088027954,0.764613687992096,apo_holo,False,True,True
1110,PQQ,1flg,A,apo2936580b07,A,4,[24],[24],PQQ,PQQ,0.8672636151313782,4.601705074310303,0.5508255362510681,0.8843153119087219,0.9794456362724304,0.9166401028633118,apo_holo,True,True,True
1111,SKM,apo364bca82c7,A,3sef,C,4,[12],[12],SKM,SKM,0.5501182675361633,4.664029121398926,0.5838847756385803,0.8125378489494324,0.8903452157974243,0.8725703358650208,apo_holo,True,True,True
1112,BMP,apo7d51e707b6,A,4dbe,A,4,[22],[22],BMP,BMP,1.2466429471969604,4.576650619506836,0.4282555878162384,0.8239145278930664,0.9945377707481384,0.7916787266731262,apo_holo,False,True,True
1113,NXL,apo0e856668c7,A,6w2z,B,4,[17],[17],NXL,NXL,1.0398021936416626,4.441877841949463,0.4799718260765075,0.8342908024787903,0.9967599511146544,0.7268764972686768,apo_holo,False,True,True
1114,CAP,apo0cb9dd8b79,A,5c2g,A,4,[21],[21],CAP,CAP,1.200574278831482,4.6474385261535645,0.575951874256134,0.8685736060142517,0.9173138737678528,0.8080978393554688,apo_holo,False,True,True
1115,CPR,apoef50d79b8c,A,1nfb,A,4,[22],[22],CPR,CPR,0.7998592853546143,5.030148506164551,0.6475719809532166,0.869050920009613,0.999947726726532,0.8458302617073059,apo_holo,True,True,True
1116,RBF,apo489c48cc19,A,3ddy,A,4,[27],[27],RBF,RBF,2.0467801094055176,4.232537746429443,0.4796521961688995,0.8454973101615906,0.995690941810608,0.7687782049179077,apo_holo,False,False,True
1117,NXL,6lc8,A,apo7788e8b5c3,A,4,[17],[17],NXL,NXL,0.8699740171432495,3.987868309020996,0.7670397162437439,0.8322508335113525,0.8159406781196594,0.7604837417602539,apo_holo,True,True,True
1118,PCG,7pzb,A,apo52f4408300,A,4,[23],[23],PCG,PCG,1.8090988397598269,3.8510336875915527,0.6388227939605713,0.7838261723518372,0.9938257932662964,0.7484330534934998,apo_holo,False,True,True
1119,CAA,1xpl,A,apoed40d751c6,A,4,[54],[54],CAA,CAA,5.861868858337402,3.637515068054199,1.130815863609314,0.7555574774742126,0.9696138501167296,0.8955633044242859,apo_holo,False,False,False
1120,SIA,2v73,A,apo7d78760229,A,4,[21],[21],SIA,SIA,8.452841758728027,3.955268621444702,0.6662466526031494,0.8195672035217285,0.8922322392463684,0.7661023139953613,apo_holo,False,False,False
1121,TTP,1mc3,A,apo71b0b91ba3,A,4,[29],[29],TTP,TTP,2.7216873168945312,4.4272780418396,0.5828410983085632,0.798599362373352,0.9944917559623718,0.7378135919570923,apo_holo,False,False,True
1122,BTM,8h4p,A,apod5fdabad00,A,4,[14],[14],BTM,BTM,3.6996641159057617,3.4685397148132324,0.561781108379364,0.7109575271606445,0.9812658429145812,0.7698430418968201,apo_holo,False,False,True
1123,VN4,4erc,A,apo9f3cdc96b3,A,4,[4],[4],VN4,VN4,1.7289937734603882,4.473973274230957,0.5915957093238831,0.8213504552841187,0.9879150986671448,0.6706908345222473,apo_holo,False,True,True
1124,PCG,5c8w,B,apo52f4408300,A,4,[23],[23],PCG,PCG,2.4680447578430176,4.335629463195801,0.7146686911582947,0.8522418737411499,0.9952959418296814,0.7606415152549744,apo_holo,False,False,True
1125,F6P,apo72a4b9d979,A,4lc9,A,4,[16],[16],F6P,F6P,3.0163609981536865,3.726882696151733,0.8427541851997375,0.757768988609314,0.9720060229301452,0.7946756482124329,apo_holo,False,False,True
1126,PCG,5h5o,A,apo52f4408300,A,4,[23],[23],PCG,PCG,2.23005747795105,4.133254528045654,0.7240320444107056,0.8281745314598083,0.9980857968330384,0.7263305187225342,apo_holo,False,False,True
1127,FDA,3atq,A,apo0e970d49e6,A,4,[53],[53],FDA,FDA,0.8337128758430481,4.778663635253906,0.4506984651088714,0.8390381336212158,0.9179593920707704,0.6855354905128479,apo_holo,True,True,True
1128,BMP,4df1,A,apo703c3715e1,A,4,[22],[22],BMP,BMP,0.6359031796455383,4.6437530517578125,0.5187560319900513,0.8169253468513489,0.9999913573265076,0.7315194606781006,apo_holo,True,True,True
1129,AZM,apoa546ea264d,A,4xiw,C,4,[13],[13],AZM,AZM,0.6397050619125366,4.70298957824707,0.3401752114295959,0.8971230387687683,0.9985828995704652,0.7202800512313843,apo_holo,True,True,True
1130,FDA,3sf6,A,apo0e37ab3f3e,A,4,[53],[53],FDA,FDA,2.041545391082764,3.443282127380371,0.9441601037979126,0.7673507928848267,0.982662558555603,0.8611260652542114,apo_holo,False,False,True
1131,SKM,3sef,C,apo57a2683458,A,4,[12],[12],SKM,SKM,1.7139897346496582,4.46917724609375,0.6579931974411011,0.7936940789222717,0.9904413223266602,0.7810521721839905,apo_holo,False,True,True
1132,LPA,apo04257e6d76,A,5ij6,A,4,[12],[12],LPA,LPA,1.405605673789978,4.494626045227051,0.4427496194839477,0.876232385635376,0.9962606430053712,0.7885714173316956,apo_holo,False,True,True
1133,RBF,apo489c48cc19,A,3a35,A,4,[27],[27],RBF,RBF,2.0242598056793213,4.275786399841309,0.475674957036972,0.8388488292694092,0.998580038547516,0.7416895627975464,apo_holo,False,False,True
1134,PQQ,1yiq,A,apo6ec54966a0,A,4,[24],[24],PQQ,PQQ,1.087769865989685,4.311049461364746,0.6682801842689514,0.8773882389068604,0.9943680763244628,1.0010755062103271,apo_holo,False,True,True
1135,PQQ,4mh1,B,apo2936580b07,A,4,[24],[24],PQQ,PQQ,0.8165814280509949,4.412116050720215,0.6613181233406067,0.8709229826927185,0.9847767949104308,0.9452539682388306,apo_holo,True,True,True
1136,CAP,6ftl,A,apo7093949971,A,4,[21],[21],CAP,CAP,4.827145099639893,4.871022701263428,0.471846342086792,0.8560068011283875,0.9964210391044616,0.8147992491722107,apo_holo,False,False,False
1137,CAP,apo0cb9dd8b79,A,3kdo,C,4,[21],[21],CAP,CAP,1.2244845628738403,4.796576023101807,0.4940980076789856,0.8658033609390259,0.9934837222099304,0.7821944355964661,apo_holo,False,True,True
1138,M0E,apo0136414c24,A,5hld,A,4,[77],[84],M0E,M0E,6.472217082977295,4.307553291320801,0.6075413823127747,0.8239715099334717,0.9978863000869752,0.7570013403892517,apo_holo,False,False,False
1139,1GP,2f6x,A,apof5282a69e4,A,4,[10],[10],1GP,1GP,1.0371073484420776,4.922292709350586,0.4456313252449035,0.8555657267570496,0.9527665972709656,0.800142228603363,apo_holo,False,True,True
1140,FDA,4iv6,B,apo0e37ab3f3e,A,4,[53],[53],FDA,FDA,2.121798515319824,3.5147361755371094,0.9361343383789062,0.8160054087638855,0.985016405582428,0.8748496174812317,apo_holo,False,False,True
1141,BMP,3ve7,A,apo703c3715e1,A,4,[22],[22],BMP,BMP,0.7022041082382202,4.688988208770752,0.4509427845478058,0.8316041231155396,0.9997556209564208,0.7393589615821838,apo_holo,True,True,True
1142,CAP,apof7693cb2b8,A,5mac,A,4,[21],[21],CAP,CAP,1.3203104734420776,4.420587062835693,0.650513231754303,0.8318336606025696,0.9310339093208312,0.7870944142341614,apo_holo,False,True,True
1143,PQQ,4mae,A,apo6ec54966a0,A,4,[24],[24],PQQ,PQQ,0.9634547233581544,4.3831400871276855,0.6095449328422546,0.8800783157348633,0.9996084570884703,1.0454319715499878,apo_holo,True,True,True
1144,BMP,apo7d51e707b6,A,4df1,A,4,[22],[22],BMP,BMP,1.1297272443771362,4.57177209854126,0.4776802659034729,0.8226710557937622,0.9116533994674684,0.7863872051239014,apo_holo,False,True,True
1145,PQQ,4cvb,A,apo6ec54966a0,A,4,[24],[24],PQQ,PQQ,0.836049497127533,5.162089347839356,0.2161230444908142,0.9323348999023438,1.0,0.8801956176757812,apo_holo,True,True,True
1146,CAP,3kdo,C,apo7093949971,A,4,[21],[21],CAP,CAP,4.810714244842529,4.80346155166626,0.603384792804718,0.8588479161262512,0.9835611581802368,0.8192352056503296,apo_holo,False,False,False
1147,NXL,6bpf,A,apo7788e8b5c3,A,4,[17],[17],NXL,NXL,1.13328218460083,4.774708271026611,0.4166128635406494,0.8675023317337036,0.9459799528121948,0.7187785506248474,apo_holo,False,True,True
1148,CAP,3kdo,C,apof9db16d102,A,4,[21],[21],CAP,CAP,1.3574845790863037,4.716950416564941,0.6003563404083252,0.8535106778144836,0.9502451419830322,0.8127924203872681,apo_holo,False,True,True
1149,FDA,4m9a,B,apo0e37ab3f3e,A,4,[53],[53],FDA,FDA,1.855480432510376,3.418149471282959,0.9783262014389038,0.7861866354942322,0.9729059934616088,0.8972118496894836,apo_holo,False,True,True
1150,PQQ,5xm3,A,apo6ec54966a0,A,4,[24],[24],PQQ,PQQ,0.7822734713554382,4.334159851074219,0.7465676069259644,0.877568244934082,0.9996448159217834,1.0839866399765017,apo_holo,True,True,True
1151,DAN,apo42e42a3bb0,A,4x47,A,4,[20],[20],DAN,DAN,1.2482962608337402,4.671096324920654,0.6144644618034363,0.8986895084381104,0.96885347366333,0.7618749737739563,apo_holo,False,True,True
1152,PQQ,apodeac7d5194,A,4mh1,B,4,[24],[24],PQQ,PQQ,1.2022054195404053,4.213305473327637,0.7022258043289185,0.842494010925293,0.9808955192565918,0.8915501236915588,apo_holo,False,True,True
1153,TYD,1rrv,A,apo3721324a05,A,4,[25],[25],TYD,TYD,1.692506194114685,4.528747081756592,0.8050356507301331,0.815432608127594,0.958749771118164,0.7362931370735168,apo_holo,False,True,True
1154,PYV,apo38401a11b0,A,3oji,B,4,[22],[22],PYV,PYV,2.608020544052124,5.10646915435791,0.3971783518791199,0.9080930948257446,1.0,0.7519454956054688,apo_holo,False,False,True
1155,NXL,6bpf,A,apo0e856668c7,A,4,[17],[17],NXL,NXL,0.6950715780258179,4.600033283233643,0.4750885665416717,0.8513513207435608,0.9883028268814088,0.7255793809890747,apo_holo,True,True,True
1156,PQQ,1kv9,A,apo2936580b07,A,4,[24],[24],PQQ,PQQ,0.8665614128112793,4.583652019500732,0.654970645904541,0.9112204313278198,0.990533411502838,0.9345446228981018,apo_holo,True,True,True
1157,TTP,apo1450cb4c8a,A,2ja1,A,4,[29],[29],TTP,TTP,2.5169565677642822,4.356669902801514,0.7339407801628113,0.8131089210510254,0.8961800932884216,0.7798793315887451,apo_holo,False,False,True
1158,CAP,apof9db16d102,A,6ftl,A,4,[21],[21],CAP,CAP,0.9163767099380492,4.768627166748047,0.6038137078285217,0.86293625831604,0.8898922204971313,0.8481009602546692,apo_holo,True,True,True
1159,CAP,apof7693cb2b8,A,5c2g,A,4,[21],[21],CAP,CAP,0.9636995792388916,4.660439968109131,0.5906655788421631,0.8638840317726135,0.962494730949402,0.7873090505599976,apo_holo,True,True,True
1160,FDA,3ukk,A,apo0e970d49e6,A,4,[53],[53],FDA,FDA,0.8220107555389404,4.440818309783936,0.4927398562431335,0.7938401699066162,0.8999016880989075,0.6982260942459106,apo_holo,True,True,True
1161,PQQ,1lrw,A,apo6ec54966a0,A,4,[24],[24],PQQ,PQQ,1.1972371339797974,4.327040672302246,0.719584584236145,0.8821794390678406,0.9947012066841124,1.0775045156478882,apo_holo,False,True,True
1162,PQQ,1yiq,A,apo2936580b07,A,4,[24],[24],PQQ,PQQ,0.6887645721435547,4.603825092315674,0.6527822613716125,0.9052850604057312,0.998038113117218,0.9437060952186584,apo_holo,True,True,True
1163,BTM,apo3f2093243a,A,8h72,A,4,[14],[14],BTM,BTM,2.930121421813965,4.089601516723633,0.8616324067115784,0.8031454086303711,0.9628129005432128,0.8961044549942017,apo_holo,False,False,True
1164,IPE,apoba69899eaa,A,4dxj,A,4,[14],[14],IPE,IPE,1.540740966796875,4.138629913330078,0.6996480226516724,0.845312237739563,0.983002245426178,0.8226588368415833,apo_holo,False,True,True
1165,TTP,apo1450cb4c8a,A,2j87,D,4,[29],[29],TTP,TTP,5.555868625640869,4.176355361938477,0.8092737197875977,0.7765405774116516,0.9894619584083556,0.7840742468833923,apo_holo,False,False,False
1166,GTS,1r5a,A,apobc3130d6cb,A,4,[23],[23],GTS,GTS,2.24368953704834,4.683805465698242,0.6834560036659241,0.8686375021934509,0.9681360721588136,0.7498802542686462,apo_holo,False,False,True
1167,PQQ,4aah,A,apo6ec54966a0,A,4,[24],[24],PQQ,PQQ,0.9609761834144592,4.311079978942871,0.7138204574584961,0.8758062720298767,0.9699917435646056,1.0472886562347412,apo_holo,True,True,True
1168,TYD,1rrv,A,apoa6cedd5e6c,A,4,[25],[25],TYD,TYD,1.266278862953186,4.839503288269043,0.554943859577179,0.8741641640663147,0.9024037718772888,0.6997648477554321,apo_holo,False,True,True
1169,TYD,1pn3,A,apo3721324a05,A,4,[25],[25],TYD,TYD,1.7183488607406616,4.653172492980957,0.6861486434936523,0.8346821665763855,0.927252471446991,0.7272147536277771,apo_holo,False,True,True
1170,TYD,apob8d00776c6,A,6b5e,B,4,[25],[25],TYD,TYD,7.265745162963867,4.125382423400879,0.9311192631721495,0.787619411945343,0.9895719885826112,0.7933971881866455,apo_holo,False,False,False
1171,F6P,3o8o,B,apo428e912d15,A,4,[16],[16],F6P,F6P,1.168751835823059,4.758403778076172,0.4891298711299896,0.8659073710441589,0.9068507552146912,0.7360620498657227,apo_holo,False,True,True
1172,LPA,apo04257e6d76,A,5iby,A,4,[12],[12],LPA,LPA,1.3470168113708496,4.4618659019470215,0.4751415550708771,0.8751732707023621,0.9979918003082277,0.7839617133140564,apo_holo,False,True,True
1173,BMP,apo7d51e707b6,A,3ve7,A,4,[22],[22],BMP,BMP,1.075230836868286,4.529643058776856,0.4932344555854797,0.815912127494812,0.9869978427886964,0.7711589932441711,apo_holo,False,True,True
1174,FDA,4xvx,B,apo0e37ab3f3e,A,4,[53],[53],FDA,FDA,2.1776671409606934,3.4519503116607666,0.8559852242469788,0.7982890009880066,0.9561998844146729,0.7790083885192871,apo_holo,False,False,True
1175,F6P,apo930083236b,A,6ayu,A,4,[16],[16],F6P,F6P,2.666467905044556,3.730169296264648,0.8728829622268677,0.7648165225982666,0.9870725870132446,0.79758620262146,apo_holo,False,False,True
1176,PQQ,1flg,A,apodeac7d5194,A,4,[24],[24],PQQ,PQQ,0.7880290150642395,4.357193946838379,0.7322838306427002,0.869074821472168,0.9828837513923644,1.0292402505874634,apo_holo,True,True,True
1177,CAA,1xpl,A,apo937cad989b,A,4,[54],[54],CAA,CAA,5.458404541015625,3.741235256195069,0.9338562488555908,0.7586839199066162,0.9914647936820984,0.9240257740020752,apo_holo,False,False,False
1178,TYD,3rsc,A,apobdb30dfd1f,A,4,[25],[25],TYD,TYD,1.359281301498413,4.48895788192749,0.6675465703010559,0.8231751322746277,0.8265224695205688,0.9579936265945436,apo_holo,False,True,True
1179,TYD,4g2t,A,apoa6cedd5e6c,A,4,[25],[25],TYD,TYD,0.9404857754707336,4.724362373352051,0.4202285706996918,0.8382607102394104,0.9922323226928712,0.7476497888565063,apo_holo,True,True,True
1180,TYD,apo4d523eb2b1,A,4mzu,F,4,[25],[25],TYD,TYD,1.5762152671813965,3.8479628562927246,0.8134617805480957,0.8477756977081299,0.9649257659912108,0.8824474811553955,apo_holo,False,True,True
1181,CAP,apof9db16d102,A,5nv3,A,4,[21],[21],CAP,CAP,1.4568109512329102,4.797906875610352,0.623261570930481,0.8640502095222473,0.8823375105857849,0.8400717377662659,apo_holo,False,True,True
1182,PQQ,1kv9,A,apo6ec54966a0,A,4,[24],[24],PQQ,PQQ,0.5930781364440918,4.341861248016357,0.7194129824638367,0.8924313187599182,0.9719138741493224,0.981709897518158,apo_holo,True,True,True
1183,CAP,apo0cb9dd8b79,A,5mac,A,4,[21],[21],CAP,CAP,1.1140738725662231,4.598121643066406,0.6025210618972778,0.8608400225639343,0.9947662949562072,0.8326281309127808,apo_holo,False,True,True
1184,TYD,3oth,A,apo3721324a05,A,4,[25],[25],TYD,TYD,1.4125497341156006,4.3712029457092285,0.6572678089141846,0.7792731523513794,0.9903537631034852,0.8548320531845093,apo_holo,False,True,True
1185,CAP,5c2g,A,apo7093949971,A,4,[21],[21],CAP,CAP,4.828862190246582,4.739120006561279,0.7295007109642029,0.8653064966201782,0.9421057105064392,0.8819687366485596,apo_holo,False,False,False
1186,PQQ,apodeac7d5194,A,6zcv,A,4,[24],[24],PQQ,PQQ,1.0851478576660156,4.431844711303711,0.7303409576416016,0.860119104385376,0.9120875000953674,0.929809868335724,apo_holo,False,True,True
1187,PQQ,2d0v,A,apo6ec54966a0,A,4,[24],[24],PQQ,PQQ,0.9815210103988647,4.263070106506348,0.7338894009590149,0.8731116056442261,0.9887571334838868,1.0433753728866575,apo_holo,True,True,True
1188,FDA,3v76,A,apo0e970d49e6,A,4,[53],[53],FDA,FDA,1.193891525268555,4.546576023101807,0.4988703429698944,0.808448076248169,0.9854757189750672,0.7184620499610901,apo_holo,False,True,True
1189,FDA,apo0e970d49e6,A,4tlx,A,4,[53],[53],FDA,FDA,1.2135627269744873,4.518555641174316,0.6053833365440369,0.8147737979888916,0.977919578552246,0.7355501651763916,apo_holo,False,True,True
1190,CAP,apof7693cb2b8,A,3kdo,C,4,[21],[21],CAP,CAP,1.3339316844940186,4.632287502288818,0.6084664463996887,0.8339808583259583,0.9757673740386964,0.7556583285331726,apo_holo,False,True,True
1191,VN4,2rar,A,apo998bb3ca3f,A,4,[4],[4],VN4,VN4,1.787738800048828,4.771088123321533,0.5971481800079346,0.8617980480194092,0.9960245490074158,0.6987472772598267,apo_holo,False,True,True
1192,PQQ,apodeac7d5194,A,1yiq,A,4,[24],[24],PQQ,PQQ,0.9524562954902648,4.194929122924805,0.7440097332000732,0.8358297944068909,0.9917207956314088,1.0683119297027588,apo_holo,True,True,True
1193,F6P,apo9f174cb24f,A,4lc9,A,4,[16],[16],F6P,F6P,1.663045048713684,3.8746182918548575,0.8921903371810913,0.778456449508667,0.9432465434074402,0.7364261150360107,apo_holo,False,True,True
1194,CAA,1ee0,A,apo937cad989b,A,4,[54],[54],CAA,CAA,4.126388549804688,3.173182249069214,1.307546615600586,0.6806558966636658,0.946541965007782,0.980027198791504,apo_holo,False,False,False
1195,PQQ,4cvb,A,apo2936580b07,A,4,[24],[24],PQQ,PQQ,0.974638283252716,4.3897705078125,0.6389307379722595,0.8845326900482178,0.9848686456680298,0.960917592048645,apo_holo,True,True,True
1196,M0E,apo0136414c24,A,5hlb,A,4,[77],[84],M0E,M0E,6.50572395324707,4.282596588134766,0.6405646800994873,0.8168841004371643,0.9966719150543212,0.8129308819770813,apo_holo,False,False,False
1197,GTS,1v2a,B,apobc3130d6cb,A,4,[23],[23],GTS,GTS,2.4546384811401367,4.710119247436523,0.7027662992477417,0.8669462203979492,0.9895901083946228,0.7761391401290894,apo_holo,False,False,True
1198,F6P,apo3a3fdb2de6,A,6ayu,A,4,[16],[16],F6P,F6P,2.789745569229126,3.855701446533203,0.8364909291267395,0.7687103152275085,0.9926757216453552,0.7871471047401428,apo_holo,False,False,True
1199,BTM,apod5fdabad00,A,8h72,A,4,[14],[14],BTM,BTM,2.23935341835022,4.000790119171143,0.8014703392982483,0.7936287522315979,0.9682156443595886,0.8318539261817932,apo_holo,False,False,True
1200,PQQ,4mh1,B,apo6ec54966a0,A,4,[24],[24],PQQ,PQQ,0.7462230920791626,4.82467794418335,0.3830215632915497,0.9095566868782043,0.99004727602005,0.8198193311691284,apo_holo,True,True,True
1201,PQQ,apo2936580b07,A,8gy2,A,4,[24],[24],PQQ,PQQ,1.3546326160430908,4.552341461181641,0.6434552073478699,0.8964298963546753,0.999777853488922,1.0028674602508545,apo_holo,False,True,True
1202,TYD,apo4d523eb2b1,A,5tpv,B,4,[25],[25],TYD,TYD,1.9314624071121216,4.03758430480957,0.9568479061126708,0.8716665506362915,0.8997371196746826,0.8739784359931946,apo_holo,False,True,True
1203,SKM,apo0f9e91a457,A,3sef,C,4,[12],[12],SKM,SKM,1.636449098587036,4.2314863204956055,0.6664770245552063,0.7680212259292603,0.9626571536064148,0.9135451316833496,apo_holo,False,True,True
1204,SIA,3phz,A,apo23874c7c22,A,4,[21],[20],SIA,SIA,6.852380275726318,3.494004726409912,0.7989370226860046,0.8320068120956421,0.9867632985115052,0.9559675455093384,apo_holo,False,False,False
1205,IPE,apoba69899eaa,A,4lls,A,4,[14],[14],IPE,IPE,1.3893840312957764,4.588623523712158,0.451119989156723,0.8504712581634521,0.970175564289093,0.7874807119369507,apo_holo,False,True,True
1206,DGT,3au2,A,apo88e22e69c7,A,4,[31],[31],DGT,DGT,1.9914844036102293,4.31186580657959,0.6813070774078369,0.8089104294776917,0.8205673098564148,0.6976828575134277,apo_holo,False,True,True
1207,1GP,4jej,A,apo15878361a5,A,4,[10],[10],1GP,1GP,1.3491476774215698,4.75862455368042,0.4922360479831695,0.8376933932304382,0.9964106678962708,0.7737605571746826,apo_holo,False,True,True
1208,PQQ,6dam,A,apo6ec54966a0,A,4,[24],[24],PQQ,PQQ,1.0301047563552856,4.302600860595703,0.6182863116264343,0.8863764405250549,0.9945530295372008,1.0429614782333374,apo_holo,False,True,True
1209,PQQ,1kv9,A,apodeac7d5194,A,4,[24],[24],PQQ,PQQ,1.1447287797927856,4.188951015472412,0.7222400903701782,0.8306378722190857,0.9802904725074768,1.047562599182129,apo_holo,False,True,True
1210,NXL,apo0e856668c7,A,6lc8,A,4,[17],[17],NXL,NXL,1.0115317106246948,4.204230785369873,0.5890514850616455,0.8153163194656372,0.8876815438270569,0.754738450050354,apo_holo,False,True,True
1211,PQQ,1kb0,A,apo2936580b07,A,4,[24],[24],PQQ,PQQ,0.8625410795211792,4.636658668518066,0.6595545411109924,0.9120537638664246,0.9992110729217528,0.9471245408058168,apo_holo,True,True,True
1212,1GP,4jej,A,apof5282a69e4,A,4,[10],[10],1GP,1GP,1.3993027210235596,5.143897533416748,0.3605345785617828,0.8909991979598999,0.969103753566742,0.7644590139389038,apo_holo,False,True,True
1213,TYD,3rsc,A,apo0119d595d5,A,4,[25],[25],TYD,TYD,1.863625288009644,4.299219608306885,0.7007367610931396,0.787941575050354,0.9618821144104004,0.927475094795227,apo_holo,False,True,True
1214,PQQ,6zcv,A,apo6ec54966a0,A,4,[24],[24],PQQ,PQQ,1.1513663530349731,4.41466760635376,0.6466304063796997,0.8809120655059814,0.978672444820404,0.94941908121109,apo_holo,False,True,True
1215,NXL,6fm7,A,apo7788e8b5c3,A,4,[17],[17],NXL,NXL,0.999751627445221,3.9398908615112314,0.8252559304237366,0.820176362991333,0.9168311357498168,0.7778581380844116,apo_holo,True,True,True
1216,FDA,apo0e970d49e6,A,4jnq,A,4,[53],[53],FDA,FDA,1.1857982873916626,4.607705593109131,0.5288373231887817,0.8268828392028809,0.9861164689064026,0.6877278089523315,apo_holo,False,True,True
1217,TYD,apo0119d595d5,A,4g2t,A,4,[25],[25],TYD,TYD,1.764879584312439,4.580760002136231,0.6034044623374939,0.827692985534668,0.988986611366272,0.753125011920929,apo_holo,False,True,True
1218,PQQ,1kb0,A,apodeac7d5194,A,4,[24],[24],PQQ,PQQ,0.8507921099662781,4.104269981384277,0.7734049558639526,0.8190215229988098,0.9832701086997986,1.0669018030166626,apo_holo,True,True,True
1219,PQQ,1flg,A,apo6ec54966a0,A,4,[24],[24],PQQ,PQQ,0.8755791187286377,4.346644401550293,0.6471593379974365,0.8763772249221802,0.9976431727409364,0.9235936999320984,apo_holo,True,True,True
1220,PQQ,apo6ec54966a0,A,8gy2,A,4,[24],[24],PQQ,PQQ,1.3717079162597656,4.28730058670044,0.7306272387504578,0.8702892065048218,0.9990383982658386,1.0110749006271362,apo_holo,False,True,True
1221,TYD,1pn3,A,apo0119d595d5,A,4,[25],[25],TYD,TYD,2.06770920753479,4.684177875518799,0.7227059602737427,0.8456156849861145,0.9228891730308532,0.7524930238723755,apo_holo,False,False,True
1222,RBF,apo5d61b7f6bc,A,2vxa,A,4,[27],[27],RBF,RBF,3.267746686935425,4.575713634490967,0.5097001194953918,0.8917083144187927,0.996720850467682,0.7179883122444153,apo_holo,False,False,True
1223,FDA,3r7k,A,apo0e37ab3f3e,A,4,[53],[53],FDA,FDA,1.919594407081604,3.4860177040100098,1.080104112625122,0.7722658514976501,0.9873853325843812,0.8723963499069214,apo_holo,False,True,True
1224,TYD,1rrv,A,apobdb30dfd1f,A,4,[25],[25],TYD,TYD,1.927872896194458,4.516198635101318,0.6161397695541382,0.8225762844085693,0.9824491143226624,0.8119766712188721,apo_holo,False,True,True
1225,SIA,3phz,A,apo7d78760229,A,4,[21],[20],SIA,SIA,6.8838653564453125,3.5550355911254883,0.7712599039077759,0.8367725014686584,0.973131000995636,0.912616729736328,apo_holo,False,False,False
1226,TYD,3oth,A,apobdb30dfd1f,A,4,[25],[25],TYD,TYD,1.1870440244674685,4.801439762115479,0.5165992379188538,0.8488457202911377,0.919890820980072,0.8394867777824402,apo_holo,False,True,True
1227,IPE,apoba69899eaa,A,4jzb,A,4,[14],[14],IPE,IPE,1.3873581886291504,4.158932685852051,0.6467889547348022,0.8385655879974365,0.9775734543800354,0.8666169047355652,apo_holo,False,True,True
1228,CAP,5nv3,A,apo7093949971,A,4,[21],[21],CAP,CAP,4.815783500671387,4.866303443908691,0.5218822956085205,0.8553879857063293,0.9900699853897096,0.818317711353302,apo_holo,False,False,False
1229,PQQ,apodeac7d5194,A,8gy2,A,4,[24],[24],PQQ,PQQ,1.1765289306640625,4.257816791534424,0.7490453124046326,0.8494277000427246,0.985000491142273,1.0359898805618286,apo_holo,False,True,True
1230,PQQ,apodeac7d5194,A,4cvb,A,4,[24],[24],PQQ,PQQ,1.1948360204696655,4.123795509338379,0.7503936886787415,0.8421991467475891,0.9625400304794312,1.0298008918762207,apo_holo,False,True,True
1231,TTP,apo1450cb4c8a,A,2uz3,B,4,[29],[29],TTP,TTP,5.631321907043457,4.411523342132568,0.6864293217658997,0.8187901973724365,0.9897535443305968,0.7776109576225281,apo_holo,False,False,False
1232,PQQ,apo2936580b07,A,6zcv,A,4,[24],[24],PQQ,PQQ,0.6609470248222351,4.753427505493164,0.5200274586677551,0.9043360948562622,0.9835175275802612,0.9239020943641664,apo_holo,True,True,True
1233,FDA,4n5f,A,apo0e37ab3f3e,A,4,[53],[53],FDA,FDA,1.984073281288147,3.5310983657836914,0.9712594151496888,0.7914602756500244,0.9811213612556458,0.8755077719688416,apo_holo,False,True,True
1234,PQQ,1kb0,A,apo6ec54966a0,A,4,[24],[24],PQQ,PQQ,1.0218639373779297,4.29047966003418,0.7150739431381226,0.8880387544631958,0.939388632774353,1.019290328025818,apo_holo,False,True,True
1235,FDA,3rha,A,apo0e970d49e6,A,4,[53],[53],FDA,FDA,0.8667033314704895,4.563175201416016,0.5085289478302002,0.808171272277832,0.9922929406166076,0.7065393924713135,apo_holo,True,True,True
1236,FDA,3oib,A,apo0e37ab3f3e,A,4,[53],[53],FDA,FDA,1.404868721961975,3.3823275566101074,0.9579185843467712,0.7896482348442078,0.9798430800437928,0.8595412969589233,apo_holo,False,True,True
1237,SIA,2v73,A,apo23874c7c22,A,4,[21],[21],SIA,SIA,8.212084770202637,4.083746433258057,0.6586120128631592,0.8423268795013428,0.9043192267417908,0.769124448299408,apo_holo,False,False,False
0,M6P,4r73,A,4rzc,A,0,[16],[16],M6P,M6P,4.198090076446533,2.4706811904907227,1.5082664489746094,0.716033935546875,0.922106385231018,1.099892258644104,holo_holo_subset,False,False,False
1,TYD,4rii,A,5tpv,B,0,[25],[25],TYD,TYD,4.640618801116943,2.2477340698242188,1.574758768081665,0.7080637812614441,0.8412775993347168,1.231968879699707,holo_holo_subset,False,False,False
2,GST,4lls,A,6ime,A,0,[19],[19],GST,GST,3.754897594451904,1.9874112606048584,1.541409611701965,0.6486309766769409,0.4177378118038177,1.718341827392578,holo_holo_subset,False,False,False
3,AMZ,4tx9,A,5nxa,C,0,[22],[22],AMZ,AMZ,5.32406759262085,2.1576380729675293,1.591851830482483,0.6790839433670044,0.901636004447937,1.3542917966842651,holo_holo_subset,False,False,False
4,HEM,4mf9,A,5mfa,A,0,[43],[43],HEM,HEM,7.1182379722595215,2.123711109161377,1.4892181158065796,0.6638393998146057,0.5078902244567871,1.1027989387512207,holo_holo_subset,False,False,False
5,IPE,1x07,A,4jzb,A,0,[14],[14],IPE,IPE,5.394758701324463,2.6209895610809326,1.549247980117798,0.7000383734703064,0.6104450821876526,1.118341088294983,holo_holo_subset,False,False,False
6,TTP,4xjc,A,6n9u,H,0,[29],[29],TTP,TTP,4.869181156158447,2.369964122772217,1.5949592590332031,0.7406377196311951,0.3297202289104461,1.095481514930725,holo_holo_subset,False,False,False
7,CA,6jt5,A,7qhm,D,0,[1],[1],CA,CA,7.674705028533935,2.4758951663970947,1.62530255317688,0.7277759313583374,0.9019781947135924,1.1197803020477295,holo_holo_subset,False,False,False
8,IPE,4dxj,A,8jya,B,0,[14],[14],IPE,IPE,7.076723098754883,2.2603726387023926,1.5416213274002075,0.7165228724479675,0.6620425581932068,1.2124005556106567,holo_holo_subset,False,False,False
9,K,2ib8,D,6cq6,B,0,[1],[1],K,K,2.604297161102295,1.9840023517608645,1.544918656349182,0.713013231754303,0.8458502292633057,1.2786061763763428,holo_holo_subset,False,False,True
10,BU3,4j6r,L,8a25,A,0,[6],[6],BU3,BU3,4.326398849487305,2.5093977451324463,1.4590494632720947,0.6844924092292786,0.7423004508018494,1.0297636985778809,holo_holo_subset,False,False,False
11,SAM,3okx,A,4b17,A,0,[27],[27],SAM,SAM,5.918244361877441,2.5212807655334477,1.564441442489624,0.7383354306221008,0.6607562899589539,1.1497687101364136,holo_holo_subset,False,False,False
12,GST,3vc1,D,4od5,A,0,[19],[19],GST,GST,4.989126205444336,2.4186573028564453,1.5749380588531494,0.7223266959190369,0.8348088264465332,1.359331727027893,holo_holo_subset,False,False,False
13,BEZ,1gxs,A,1ncw,H,0,[9],[9],BEZ,BEZ,3.8840954303741455,2.69115686416626,1.659198522567749,0.7660999894142151,0.5821749567985535,1.05311119556427,holo_holo_subset,False,False,True
14,IPE,4jzb,A,8jya,B,0,[14],[14],IPE,IPE,7.109911918640137,2.1773271560668945,1.5379911661148071,0.7312580347061157,0.7677392959594727,1.246636986732483,holo_holo_subset,False,False,False
15,AMZ,2r7k,A,5nxa,C,0,[22],[22],AMZ,AMZ,5.572964668273926,2.496616840362549,1.452892184257507,0.6872673630714417,0.7462830543518066,1.2677531242370603,holo_holo_subset,False,False,False
16,RBF,2cc8,A,3ddy,A,0,[27],[27],RBF,RBF,6.4297614097595215,2.294747829437256,1.9173952341079712,0.7053465843200684,0.7510756850242615,1.1349762678146362,holo_holo_subset,False,False,False
17,TYD,1h7q,A,5tpu,A,0,[25],[25],TYD,TYD,3.435078382492065,2.160680294036865,1.6207547187805176,0.6998258233070374,0.6868360638618469,1.1356357336044312,holo_holo_subset,False,False,True
18,SAM,5x7f,A,6ift,A,0,[27],[27],SAM,SAM,0.8105750679969788,4.588254451751709,0.5432109236717224,0.8303951025009155,0.9950328469276428,0.7309322357177734,holo_holo_subset,True,True,True
19,SIA,2v73,A,5xla,A,0,[21],[21],SIA,SIA,3.9561359882354736,2.601175546646118,1.5265095233917236,0.7083937525749207,0.9111997485160828,1.0670109987258911,holo_holo_subset,False,False,True
20,CAA,1buc,A,3vzs,B,0,[54],[54],CAA,CAA,6.119312763214111,2.436169147491455,1.607706904411316,0.6893121004104614,0.8569513559341431,1.2697449922561646,holo_holo_subset,False,False,False
21,PCG,5e16,A,6hq7,A,0,[23],[23],PCG,PCG,0.8590696454048157,4.445804595947266,0.4970008432865143,0.8571186661720276,0.8526060581207275,0.7276092767715454,holo_holo_subset,True,True,True
22,RBF,1hze,A,5kbw,B,0,[27],[27],RBF,RBF,6.283666610717773,2.170426607131958,1.5231542587280271,0.7426412105560303,0.9047582745552064,1.219046950340271,holo_holo_subset,False,False,False
23,TYD,4lei,A,4zyj,D,0,[25],[25],TYD,TYD,6.652312755584717,2.0259969234466557,1.5434099435806274,0.7251613736152649,0.885927677154541,1.078533411026001,holo_holo_subset,False,False,False
24,BU3,5te4,G,8a25,A,0,[6],[6],BU3,BU3,6.145677089691162,2.338541030883789,1.6614705324172974,0.6823755502700806,0.9079002737998962,1.725125789642334,holo_holo_subset,False,False,False
25,CA,1j5u,A,3i5g,C,0,[1],[1],CA,CA,8.124588012695312,2.178387403488159,1.3163292407989502,0.7106894850730896,0.9173910617828368,0.9355176091194152,holo_holo_subset,False,False,False
26,PQQ,1otw,A,3das,A,0,[24],[24],PQQ,PQQ,5.71325159072876,2.5816309452056885,1.65550434589386,0.6856971979141235,0.8973821997642517,1.0412988662719729,holo_holo_subset,False,False,False
27,CA,1ia7,A,5az1,A,0,[1],[1],CA,CA,7.229007720947266,2.4292960166931152,1.5466777086257937,0.7356743216514587,0.8792545795440674,1.1449915170669556,holo_holo_subset,False,False,False
28,SAM,1cma,B,5vm8,B,0,[27],[27],SAM,SAM,7.1738457679748535,2.4033143520355225,1.4895979166030884,0.7400631904602051,0.8439562320709229,1.0870308876037598,holo_holo_subset,False,False,False
29,CA,1t1e,A,2vmh,A,0,[1],[1],CA,CA,6.545512199401856,2.533957004547119,1.585775375366211,0.7500981688499451,0.539459228515625,1.0224608182907104,holo_holo_subset,False,False,False
30,HEM,1e9x,A,4y4s,A,0,[43],[43],HEM,HEM,5.600707530975342,2.284557342529297,1.5276012420654297,0.6866308450698853,0.8661147952079773,1.183788180351257,holo_holo_subset,False,False,False
31,ETA,1p4t,A,5yle,A,0,[4],[4],ETA,ETA,4.835330009460449,2.2841639518737797,1.589902400970459,0.7214623689651489,0.4358345866203308,1.2300437688827517,holo_holo_subset,False,False,False
32,GST,4od5,A,6ime,A,0,[19],[19],GST,GST,6.292746067047119,2.028053045272827,1.5872877836227417,0.5574617385864258,0.961030125617981,1.2199958562850952,holo_holo_subset,False,False,False
33,CA,2vmh,A,5b5l,A,0,[1],[1],CA,CA,6.279189586639404,2.3840208053588867,1.5314480066299438,0.7344583868980408,0.7779936790466309,1.0493230819702148,holo_holo_subset,False,False,False
34,PC,1o72,A,5tcd,A,0,[11],[11],PC,PC,5.867443561553955,2.202814102172852,1.5063982009887695,0.671563446521759,0.8918793797492981,1.1828806400299072,holo_holo_subset,False,False,False
35,TYD,1epz,A,4e2x,A,0,[25],[25],TYD,TYD,7.7025556564331055,1.9459021091461184,1.5063965320587158,0.6611189246177673,0.6793457269668579,1.3439546823501587,holo_holo_subset,False,False,False
36,PC,2x6b,A,5egh,B,0,[11],[11],PC,PC,8.687958717346191,1.9513012170791624,1.6675249338150024,0.6520123481750488,0.8662437200546265,1.2245733737945557,holo_holo_subset,False,False,False
37,GOA,5da5,A,6gmb,A,0,[5],[5],GOA,GOA,2.745805025100708,1.909834384918213,1.6234455108642578,0.6980454921722412,0.5421514511108398,0.9581986665725708,holo_holo_subset,False,False,True
38,CA,3agn,A,4dod,A,0,[1],[1],CA,CA,7.196508884429932,2.5298848152160645,1.4332765340805054,0.7396128177642822,0.8812819719314575,1.0203890800476074,holo_holo_subset,False,False,False
39,8AC,3mle,B,3v0r,A,0,[11],[11],8AC,8AC,7.919588565826416,2.464547634124756,1.6483336687088013,0.7414783835411072,0.872790515422821,1.1374932527542114,holo_holo_subset,False,False,False
40,CA,1kkm,B,6hbe,C,0,[1],[1],CA,CA,8.00844669342041,2.494135856628418,1.53720223903656,0.6756014823913574,0.698167085647583,1.0013251304626465,holo_holo_subset,False,False,False
41,FPP,3aq0,C,7vqb,A,0,[24],[24],FPP,FPP,4.231291770935059,2.1524784564971924,1.8211981058120728,0.7036550045013428,0.7936331033706665,1.4889519214630127,holo_holo_subset,False,False,False
42,ENO,5zbf,A,6jhb,B,0,[13],[13],ENO,ENO,4.180840015411377,2.210368156433105,1.692675232887268,0.7318074703216553,0.8483054041862488,0.9813631772994996,holo_holo_subset,False,False,False
43,CA,1y6o,A,5h7w,B,0,[1],[1],CA,CA,6.367051124572754,2.413615703582764,1.4359087944030762,0.6920462846755981,0.7301044464111328,0.9001883864402771,holo_holo_subset,False,False,False
44,AND,1j99,A,7xkd,R,0,[21],[21],AND,AND,5.945641994476318,2.330133438110352,1.6143667697906494,0.7502623796463013,0.804116427898407,1.0357003211975098,holo_holo_subset,False,False,False
45,VO4,3gp5,A,4usz,A,0,[5],[4],VO4,VO4,2.535068988800049,2.6488614082336426,1.4179866313934326,0.7209031581878662,0.9300823211669922,0.9635805487632751,holo_holo_subset,False,False,True
46,HEM,4y4s,A,6hit,A,0,[43],[43],HEM,HEM,5.922630310058594,2.223753929138184,1.348020076751709,0.73759526014328,0.743296205997467,1.2270262241363523,holo_holo_subset,False,False,False
47,FDA,3r7k,A,4cy8,A,0,[53],[53],FDA,FDA,2.5986366271972656,2.4640913009643555,1.5245720148086548,0.700027585029602,0.7756139039993286,1.1841514110565186,holo_holo_subset,False,False,True
48,CA,1cpm,A,4fzm,A,0,[1],[1],CA,CA,7.29299783706665,2.396472930908203,1.481845736503601,0.7009665369987488,0.8662559390068054,1.239550232887268,holo_holo_subset,False,False,False
49,K,2qv6,A,6cq6,B,0,[1],[1],K,K,6.184374809265137,2.0744469165802,1.5715198516845703,0.6358633637428284,0.911829948425293,1.1458832025527954,holo_holo_subset,False,False,False
50,SAM,1sg9,A,6a5m,A,0,[27],[27],SAM,SAM,2.209989309310913,3.3014614582061768,1.4159467220306396,0.7293565273284912,0.8721961379051208,1.1663516759872437,holo_holo_subset,False,False,True
51,PC,2bib,A,3lkf,A,0,[11],[11],PC,PC,7.256842613220215,2.162527561187744,1.4594498872756958,0.6432382464408875,0.8486554622650146,0.948253095149994,holo_holo_subset,False,False,False
52,SIA,5xla,A,6y6a,M,0,[21],[21],SIA,SIA,7.666776180267334,2.253784656524658,1.6582138538360596,0.5859354138374329,0.7410664558410645,1.1764322519302368,holo_holo_subset,False,False,False
53,NAI,4eue,A,8ct0,H,0,[44],[44],NAI,NAI,5.20096492767334,2.8426637649536133,1.5661221742630005,0.7491747140884399,0.8030147552490234,1.0238970518112185,holo_holo_subset,False,False,False
54,IPE,1x07,A,8jya,B,0,[14],[14],IPE,IPE,7.159334659576416,2.624052047729492,1.577434778213501,0.7050584554672241,0.70633864402771,1.2325210571289062,holo_holo_subset,False,False,False
55,BU3,3zyy,X,5i5m,B,0,[6],[6],BU3,BU3,7.848771572113037,2.1912729740142822,1.6749236583709717,0.6638960242271423,0.8992428779602051,1.2800017595291138,holo_holo_subset,False,False,False
56,NAI,6jw7,A,6tir,A,0,[44],[44],NAI,NAI,6.316990375518799,1.7516775131225586,1.2972636222839355,0.5645157694816589,0.7848764061927795,2.0188376903533936,holo_holo_subset,False,False,False
57,TFA,1n0q,B,5v7y,A,0,[7],[6],TFA,TFA,6.496741771697998,2.520233154296875,1.4751782417297363,0.7773714661598206,0.8158329129219055,1.1221537590026855,holo_holo_subset,False,False,False
58,PQQ,1otw,A,4aah,A,0,[24],[24],PQQ,PQQ,4.308903694152832,2.369293689727783,1.558012843132019,0.7382330298423767,0.7118787169456482,1.1319328546524048,holo_holo_subset,False,False,False
59,NDB,3kbo,A,5u77,A,0,[11],[13],NDB,NDB,7.786232948303223,2.4490809440612797,1.801802515983581,0.7048558592796326,0.9452484250068665,1.383112907409668,holo_holo_subset,False,False,False
60,NAI,1e3e,A,6tir,A,0,[44],[44],NAI,NAI,6.879048824310303,2.0326714515686035,1.641964077949524,0.6361304521560669,0.6897025108337402,1.4283593893051147,holo_holo_subset,False,False,False
61,RBF,2cc8,A,3a35,A,0,[27],[27],RBF,RBF,7.203805446624756,2.113553285598755,1.570157766342163,0.6757529377937317,0.9143691658973694,1.2842501401901243,holo_holo_subset,False,False,False
62,CA,2ex5,A,4cub,B,0,[1],[1],CA,CA,6.0396504402160645,2.402423858642578,1.5576788187026978,0.7244457602500916,0.932926595211029,1.1586214303970337,holo_holo_subset,False,False,False
63,CA,2w1u,B,4bb9,A,0,[1],[1],CA,CA,7.180432796478272,1.7890076637268066,1.7231078147888184,0.7276889681816101,0.9240052700042723,0.9366834163665771,holo_holo_subset,False,False,False
64,TTP,4a6a,A,7b0h,F,0,[29],[29],TTP,TTP,5.447942733764648,2.3917155265808105,1.5132676362991333,0.6649101376533508,0.7669779062271118,1.2045758962631226,holo_holo_subset,False,False,False
65,CA,3cdz,A,4kkm,B,0,[1],[1],CA,CA,8.302972793579102,1.8048713207244875,1.7559298276901243,0.6698467135429382,0.5182297229766846,1.0061240196228027,holo_holo_subset,False,False,False
66,CA,3byj,A,3rrw,A,0,[1],[1],CA,CA,5.7413649559021,2.701159954071045,1.572079062461853,0.7443308234214783,0.9139218926429749,1.103329300880432,holo_holo_subset,False,False,False
67,K,3fd5,B,6cq6,B,0,[1],[1],K,K,6.46038293838501,1.8953778743743896,1.6796014308929443,0.6973119378089905,0.9261564612388612,1.2542814016342163,holo_holo_subset,False,False,False
68,CA,2qt7,B,7t4s,F,0,[1],[1],CA,CA,7.80685567855835,2.3276867866516118,1.3699082136154177,0.7399219274520874,0.941561758518219,1.183915615081787,holo_holo_subset,False,False,False
69,CA,2arh,A,5d5d,A,0,[1],[1],CA,CA,8.100784301757812,2.2291433811187744,1.7709521055221558,0.6626661419868469,0.9379122853279114,1.0974650382995603,holo_holo_subset,False,False,False
70,M6P,1syo,A,4r73,A,0,[16],[16],M6P,M6P,8.125420570373535,2.246644973754883,1.3899015188217163,0.6165255904197693,0.8965170979499817,1.1580684185028076,holo_holo_subset,False,False,False
71,PC,2x6b,A,5tcd,A,0,[11],[11],PC,PC,8.697134971618652,1.818329095840454,1.5454891920089722,0.6324199438095093,0.8238856196403503,1.075883150100708,holo_holo_subset,False,False,False
72,SAM,5zw4,A,6a5m,A,0,[27],[27],SAM,SAM,2.1883294582366943,3.3357362747192383,1.3926184177398682,0.7423802614212036,0.8554172515869141,1.0678941011428833,holo_holo_subset,False,False,True
73,FDA,4cy8,A,4x28,A,0,[53],[53],FDA,FDA,2.488673686981201,2.5425493717193604,1.5451793670654297,0.6826104521751404,0.8263220191001892,1.2794585227966309,holo_holo_subset,False,False,True
74,NAI,2x0i,A,6tir,A,0,[44],[44],NAI,NAI,7.099722385406494,2.0274877548217773,1.623878836631775,0.6393187642097473,0.969291627407074,1.2756938934326172,holo_holo_subset,False,False,False
75,RBF,1hze,A,4iil,A,0,[27],[27],RBF,RBF,6.202828884124756,2.0233936309814453,1.5520654916763306,0.7218390107154846,0.93147474527359,1.0904011726379397,holo_holo_subset,False,False,False
76,FDA,3oib,A,4cy8,A,0,[53],[53],FDA,FDA,2.4944634437561035,2.594099998474121,1.421550989151001,0.7025455236434937,0.6239770650863647,1.2918012142181396,holo_holo_subset,False,False,True
77,HEM,2r7a,A,4usc,A,0,[43],[43],HEM,HEM,5.822025299072266,2.252260446548462,1.5576777458190918,0.7069681882858276,0.8939520120620728,1.0686510801315308,holo_holo_subset,False,False,False
78,PC,1b09,A,2bib,A,0,[11],[11],PC,PC,4.310769557952881,2.6353988647460938,1.3489749431610107,0.6985855102539062,0.953060507774353,1.1397886276245115,holo_holo_subset,False,False,False
79,VO4,3gp5,A,5aa6,B,0,[5],[4],VO4,VO4,3.8847060203552246,2.3717074394226074,1.7216956615447998,0.6956940293312073,0.9196472764015198,1.1423122882843018,holo_holo_subset,False,False,True
80,SAM,1cma,B,5ybb,A,0,[27],[27],SAM,SAM,6.533638954162598,2.648232698440552,1.7212936878204346,0.7310073971748352,0.8783087730407715,1.177687406539917,holo_holo_subset,False,False,False
81,CA,3ak5,A,3q0k,D,0,[1],[1],CA,CA,7.356691837310791,2.03581166267395,1.4380768537521362,0.6301455497741699,0.9586108326911926,1.0961097478866575,holo_holo_subset,False,False,False
82,TYD,3oti,A,3vbm,E,0,[25],[25],TYD,TYD,6.830258846282959,2.443495512008667,1.7245746850967407,0.70062255859375,0.7218008041381836,1.1789708137512207,holo_holo_subset,False,False,False
83,CA,3tqu,A,6hw2,B,0,[1],[1],CA,CA,5.843955993652344,2.2974655628204346,1.6100749969482422,0.6681974530220032,0.7184752225875854,1.1695226430892944,holo_holo_subset,False,False,False
84,CYT,5buv,A,5efo,B,0,[8],[8],CYT,CYT,3.494340181350708,2.3782782554626465,1.583943247795105,0.7332745790481567,0.5220524072647095,0.990215301513672,holo_holo_subset,False,False,True
85,KPL,1m3u,A,6k1r,A,0,[10],[10],KPL,KPL,5.695550441741943,2.6961469650268555,1.4194421768188477,0.6811156272888184,0.8127968907356262,1.3052350282669067,holo_holo_subset,False,False,False
86,HEM,2uyd,X,5bv5,B,0,[43],[43],HEM,HEM,6.328710079193115,2.404186487197876,1.621147632598877,0.6874703168869019,0.963611662387848,1.1157877445220947,holo_holo_subset,False,False,False
87,RBF,1kyv,E,3ddy,A,0,[27],[27],RBF,RBF,4.298405647277832,2.2518367767333984,1.560194969177246,0.7222487926483154,0.4466263651847839,1.408872365951538,holo_holo_subset,False,False,False
88,CA,2w1u,B,6en3,A,0,[1],[1],CA,CA,8.606850624084473,2.3029253482818604,1.5770646333694458,0.6508951187133789,0.9288100600242616,1.6682778596878052,holo_holo_subset,False,False,False
89,SAM,3t7s,A,6a5m,A,0,[27],[27],SAM,SAM,2.154024839401245,3.253387451171875,1.3849971294403076,0.7238850593566895,0.8801422715187073,1.1033046245574951,holo_holo_subset,False,False,True
90,LDP,5log,A,6zvp,D,0,[11],[11],LDP,LDP,3.7857513427734375,2.220623731613159,1.5172874927520752,0.7033489346504211,0.4649076461791992,1.1703758239746094,holo_holo_subset,False,False,False
91,HEM,2civ,A,4jou,A,0,[43],[43],HEM,HEM,5.908440589904785,2.197216033935547,1.5671204328536987,0.7325940728187561,0.9108675718307496,1.1888211965560913,holo_holo_subset,False,False,False
92,TYD,1epz,A,3lv8,A,0,[25],[25],TYD,TYD,4.218778133392334,2.736070394515991,1.4497013092041016,0.7806853652000427,0.8802873492240906,0.9839752316474916,holo_holo_subset,False,False,False
93,TFA,4wpy,A,5v7y,A,0,[7],[7],TFA,TFA,7.116397380828857,2.310713291168213,1.8076258897781368,0.7161718010902405,0.8076031804084778,1.1356008052825928,holo_holo_subset,False,False,False
94,FDA,4mo2,B,7e8p,D,0,[53],[53],FDA,FDA,3.6689352989196777,2.6283082962036133,1.3820407390594482,0.6632388830184937,0.8195301294326782,1.2987077236175537,holo_holo_subset,False,False,True
95,CA,1f9d,A,3a09,A,0,[1],[1],CA,CA,8.118990898132324,2.032837390899658,1.4897608757019043,0.6831775903701782,0.6648499369621277,1.4881163835525513,holo_holo_subset,False,False,False
96,COH,3qzp,B,4n73,A,0,[43],[43],COH,COH,8.276013374328613,2.0933549404144287,1.5604664087295532,0.6443236470222473,0.6945981979370117,1.505425214767456,holo_holo_subset,False,False,False
97,CYT,5efo,B,7qoa,A,0,[8],[8],CYT,CYT,3.209173679351806,2.2043583393096924,1.330658197402954,0.7378420829772949,0.7411776185035706,1.122997522354126,holo_holo_subset,False,False,True
98,GOA,3l24,B,5da5,A,0,[5],[5],GOA,GOA,3.588806629180908,2.104806423187256,1.6282739639282229,0.7010990977287292,0.9502273797988892,0.9290924072265624,holo_holo_subset,False,False,True
99,HEM,2y8h,A,3ciu,B,0,[43],[43],HEM,HEM,3.1549150943756104,2.713075637817383,1.4071390628814695,0.6979966163635254,0.9722916483879088,1.25582754611969,holo_holo_subset,False,False,True
100,CA,4jf7,A,5az1,A,0,[1],[1],CA,CA,7.475135326385498,2.430082321166992,1.5630651712417605,0.6650279760360718,0.6067776083946228,1.2129032611846924,holo_holo_subset,False,False,False
101,PC,2bib,A,2x6b,A,0,[11],[11],PC,PC,8.5360746383667,2.1466050148010254,1.665592908859253,0.6752365231513977,0.8405284285545349,1.093051791191101,holo_holo_subset,False,False,False
102,CA,1egg,B,4lp7,D,0,[1],[1],CA,CA,5.444547176361084,2.187978506088257,1.7814449071884155,0.7176544666290283,0.5840402841567993,1.415215253829956,holo_holo_subset,False,False,False
103,CA,1ej8,A,3na6,A,0,[1],[1],CA,CA,7.476324081420898,2.654347896575928,1.4875255823135376,0.6996338963508606,0.7588312029838562,1.0621743202209473,holo_holo_subset,False,False,False
104,HJX,5ze6,A,5zhe,B,0,[25],[25],HJX,HJX,3.674070119857788,2.2325687408447266,1.7290935516357422,0.724895179271698,0.7383754849433899,1.3274972438812256,holo_holo_subset,False,False,True
105,CA,5m6d,A,6g7o,A,0,[1],[1],CA,CA,7.726478099822998,2.4974365234375,1.5874131917953491,0.6861003637313843,0.7264219522476196,1.1298136711120603,holo_holo_subset,False,False,False
106,CA,2m7p,A,5aza,A,0,[1],[1],CA,CA,8.209259986877441,1.4839646816253662,1.4797921180725098,0.635209858417511,0.8386467695236206,1.1296530961990356,holo_holo_subset,False,False,False
107,TTP,1w4r,A,4a6a,A,0,[29],[29],TTP,TTP,6.567078590393066,2.6906042098999023,1.60258948802948,0.6640005707740784,0.885196328163147,1.299470067024231,holo_holo_subset,False,False,False
108,3CX,3oqj,B,7a3q,H,0,[15],[15],3CX,3CX,7.447671413421631,2.443319320678711,1.3190304040908811,0.7072843909263611,0.9507508873939514,1.1739988327026367,holo_holo_subset,False,False,False
109,SAM,2wa2,B,6a5m,A,0,[27],[27],SAM,SAM,2.3409128189086914,3.2598347663879395,1.4734017848968506,0.7113735675811768,0.8514750003814697,1.124544382095337,holo_holo_subset,False,False,True
110,CAA,1buc,A,5ab6,D,0,[54],[54],CAA,CAA,6.548087596893311,2.1995632648468018,1.687559723854065,0.7364307641983032,0.6501508355140686,0.9367859363555908,holo_holo_subset,False,False,False
111,SAM,4b17,A,6a5m,A,0,[27],[27],SAM,SAM,2.313845157623291,3.289002656936645,1.384491205215454,0.7344743013381958,0.6837167739868164,1.152881145477295,holo_holo_subset,False,False,True
112,CA,1fny,A,5tsq,A,0,[1],[1],CA,CA,3.274813652038574,2.676574945449829,1.625327229499817,0.7454996705055237,0.8433597683906555,1.120470404624939,holo_holo_subset,False,False,True
113,RBF,1hze,A,1kyv,E,0,[27],[27],RBF,RBF,4.807636737823486,2.3483920097351074,1.6718432903289795,0.7113946676254272,0.8736917972564697,1.2366316318511963,holo_holo_subset,False,False,False
114,CA,2j1r,A,4xzw,A,0,[1],[1],CA,CA,6.495882987976074,2.0566186904907227,1.521725296974182,0.7865871787071228,0.8270090222358704,1.0475094318389893,holo_holo_subset,False,False,False
115,CA,1ay0,A,1f4o,B,0,[1],[1],CA,CA,6.37012243270874,1.8858039379119875,1.4303908348083496,0.689342200756073,0.8681829571723938,1.257238268852234,holo_holo_subset,False,False,False
116,SAM,3vyw,D,6a5m,A,0,[27],[27],SAM,SAM,2.1301441192626958,3.266546726226806,1.4566950798034668,0.7565349340438843,0.8696023225784302,1.0932648181915283,holo_holo_subset,False,False,True
117,CA,5klb,A,6f8z,A,0,[1],[1],CA,CA,7.991513252258301,2.034576416015625,1.5994012355804443,0.7248700857162476,0.8271942734718323,1.1740134954452517,holo_holo_subset,False,False,False
118,HEM,4cdp,A,4qi7,A,0,[43],[43],HEM,HEM,8.308728218078613,2.108886957168579,1.724216103553772,0.6331803202629089,0.6623912453651428,1.2470771074295044,holo_holo_subset,False,False,False
119,IPE,3k4y,A,8jya,B,0,[14],[14],IPE,IPE,6.472497463226318,2.367307186126709,1.430463433265686,0.7314411997795105,0.8580215573310852,1.1032789945602417,holo_holo_subset,False,False,False
120,AMZ,2r84,B,5nxa,C,0,[22],[22],AMZ,AMZ,6.215485572814941,2.3525164127349854,1.657083511352539,0.6652444005012512,0.7935449481010437,1.1138073205947876,holo_holo_subset,False,False,False
121,AMZ,5dn1,A,5nxa,C,0,[22],[22],AMZ,AMZ,3.541525363922119,2.292747974395752,1.5706791877746582,0.7127960920333862,0.5397695899009705,1.3106403350830078,holo_holo_subset,False,False,True
122,TTP,2ja1,A,4a6a,A,0,[29],[29],TTP,TTP,4.965717315673828,2.1633975505828857,1.633658766746521,0.7151555418968201,0.4889021217823028,1.1043202877044678,holo_holo_subset,False,False,False
123,CA,4cvb,A,5xwi,A,0,[1],[1],CA,CA,7.835273742675781,2.0589241981506348,1.5410442352294922,0.7354331612586975,0.7633769512176514,1.1224896907806396,holo_holo_subset,False,False,False
124,PQQ,1otw,A,4cvb,A,0,[24],[24],PQQ,PQQ,4.1193718910217285,2.0811989307403564,1.717686653137207,0.7208861708641052,0.8771997690200806,1.201557993888855,holo_holo_subset,False,False,False
125,FUL,1n04,A,3t5o,A,0,[10],[11],FUL,FUL,7.82431173324585,2.020212173461914,1.5698391199111938,0.5286906957626343,0.4264385998249054,1.0985267162322998,holo_holo_subset,False,False,False
126,CA,3h4s,E,4i72,A,0,[1],[1],CA,CA,0.6619080305099487,2.383418560028076,1.5325875282287598,0.7317308783531189,0.9373429417610168,1.145211696624756,holo_holo_subset,True,True,True
127,RBF,1hze,A,2cc8,A,0,[27],[27],RBF,RBF,5.881951808929443,1.934462070465088,1.7154990434646606,0.7374752163887024,0.613051176071167,1.0456626415252686,holo_holo_subset,False,False,False
128,CA,3cjy,A,6gp2,A,0,[1],[1],CA,CA,8.162372589111328,1.990041255950928,1.596151351928711,0.6998459696769714,0.8110799789428711,1.2187044620513916,holo_holo_subset,False,False,False
129,CA,3gci,A,5e1q,B,0,[1],[1],CA,CA,4.494091987609863,2.2939462661743164,1.61101233959198,0.744482159614563,0.7548670768737793,1.080602765083313,holo_holo_subset,False,False,False
130,IPE,1x07,A,3krf,D,0,[14],[14],IPE,IPE,3.796995162963867,2.182804822921753,1.4492127895355225,0.6565680503845215,0.687335729598999,1.4190720319747925,holo_holo_subset,False,False,True
131,SAM,1cma,B,5o96,D,0,[27],[27],SAM,SAM,6.941652297973633,2.3833296298980717,1.6122832298278809,0.7298827767372131,0.546225905418396,1.132662057876587,holo_holo_subset,False,False,False
132,CA,1xyn,A,1y6o,A,0,[1],[1],CA,CA,3.639469385147095,2.496114015579224,1.822542667388916,0.6680614352226257,0.7586756348609924,1.4103596210479736,holo_holo_subset,False,False,True
133,SAM,2vdv,E,3okx,A,0,[27],[27],SAM,SAM,4.238242149353027,2.2919182777404785,1.6640568971633911,0.7122734785079956,0.859187662601471,1.4299416542053225,holo_holo_subset,False,False,False
134,SAM,1cma,B,3e23,A,0,[27],[27],SAM,SAM,6.830259799957275,2.3033156394958496,1.7075245380401611,0.7390095591545105,0.9690797924995422,1.125295877456665,holo_holo_subset,False,False,False
135,DGT,2iry,A,4lrl,C,0,[31],[31],DGT,DGT,7.310512065887451,2.4276885986328125,1.4137787818908691,0.7205613255500793,0.8685125112533569,1.0068392753601074,holo_holo_subset,False,False,False
136,DGT,2atz,A,4lrl,C,0,[31],[31],DGT,DGT,6.799311637878418,1.6347079277038574,1.572904109954834,0.7326303720474243,0.7431800961494446,1.177749752998352,holo_holo_subset,False,False,False
137,RBF,1kyv,E,2fl5,H,0,[27],[27],RBF,RBF,5.809671401977539,2.442495107650757,1.4878994226455688,0.6791388392448425,0.9462828040122986,1.101444959640503,holo_holo_subset,False,False,False
138,CA,1e8u,B,4xzw,A,0,[1],[1],CA,CA,7.955717086791992,2.3552136421203613,1.665737867355347,0.7490336298942566,0.8594298362731934,1.128652811050415,holo_holo_subset,False,False,False
139,CA,4esv,C,4jo2,H,0,[1],[1],CA,CA,6.247206211090088,2.680612087249756,1.398470759391785,0.7303436994552612,0.5825960040092468,1.0705783367156982,holo_holo_subset,False,False,False
140,RBF,2fl5,H,3p5n,A,0,[27],[27],RBF,RBF,4.434371948242188,2.553154706954956,1.5549815893173218,0.7393689155578613,0.8881475329399109,1.0219178199768066,holo_holo_subset,False,False,False
141,IPE,3k4y,A,3krf,D,0,[14],[14],IPE,IPE,4.709220886230469,2.4642951488494877,1.5979809761047363,0.7184174060821533,0.9394980669021606,1.105886459350586,holo_holo_subset,False,False,False
142,CYT,5buv,A,5ko6,A,0,[8],[8],CYT,CYT,4.242460250854492,2.561777353286743,1.574864387512207,0.7246135473251343,0.7638611793518066,1.07543683052063,holo_holo_subset,False,False,False
143,CA,1gsl,A,4kpo,A,0,[1],[1],CA,CA,2.796438455581665,2.524562120437622,1.5417490005493164,0.7526965141296387,0.8989868760108948,0.9300855994224548,holo_holo_subset,False,False,True
144,PC,3lkf,A,5tcd,A,0,[11],[11],PC,PC,7.0395283699035645,2.384058952331543,1.5976314544677734,0.6543896794319153,0.922821581363678,1.3441416025161743,holo_holo_subset,False,False,False
145,HEM,2c8s,A,4jet,A,0,[43],[43],HEM,HEM,4.454860210418701,2.3123841285705566,1.6092628240585327,0.6953747272491455,0.8552607893943787,1.0865355730056765,holo_holo_subset,False,False,False
146,HEM,2gtl,D,2isa,A,0,[43],[43],HEM,HEM,7.137187480926514,2.3451387882232666,1.3773846626281738,0.724695086479187,0.9268729090690612,1.0752944946289062,holo_holo_subset,False,False,False
147,CA,2exh,A,2xrm,A,0,[1],[1],CA,CA,8.331954956054688,2.346677541732788,1.5722161531448364,0.6844179630279541,0.7902852892875671,1.0004254579544067,holo_holo_subset,False,False,False
148,CYT,5ko6,A,7qoa,A,0,[8],[8],CYT,CYT,3.684026002883911,2.349102258682251,1.40952467918396,0.6989223957061768,0.755302906036377,1.2351739406585691,holo_holo_subset,False,False,True
149,HEM,4jet,A,4yu3,B,0,[43],[43],HEM,HEM,5.079154014587402,2.5563273429870605,1.5005253553390503,0.7222889065742493,0.949132800102234,1.2215830087661743,holo_holo_subset,False,False,False
150,CA,1pyt,C,5k8y,A,0,[1],[1],CA,CA,5.062602043151856,2.253499984741211,1.6724399328231812,0.7288644313812256,0.8447010517120361,1.0960437059402466,holo_holo_subset,False,False,False
151,CA,4qu6,A,6u66,B,0,[1],[1],CA,CA,4.494073867797852,2.3953144550323486,1.551870822906494,0.761301577091217,0.9143826365470886,1.050760269165039,holo_holo_subset,False,False,False
152,CA,1bj3,B,3jvf,B,0,[1],[1],CA,CA,6.935431957244873,2.321348190307617,1.6508219242095947,0.7319769859313965,0.961861252784729,1.0063074827194214,holo_holo_subset,False,False,False
153,GOA,3r3z,A,5da5,A,0,[5],[5],GOA,GOA,1.9729291200637815,1.8359837532043457,1.6623212099075315,0.7149227857589722,0.8377427458763123,1.305079221725464,holo_holo_subset,False,True,True
154,HEM,2q8p,A,3vp5,A,0,[43],[43],HEM,HEM,7.36255931854248,2.4940099716186523,1.65260112285614,0.7008671164512634,0.9826381206512452,0.9800516963005066,holo_holo_subset,False,False,False
155,SAM,4qtu,B,6ift,A,0,[27],[27],SAM,SAM,1.203964114189148,4.66038703918457,0.6455348134040833,0.8258478045463562,0.9424127340316772,0.7568123936653137,holo_holo_subset,False,True,True
156,CA,1mve,A,1zzh,B,0,[1],[1],CA,CA,7.436200618743896,2.3882699012756348,1.515569806098938,0.7001568078994751,0.6307946443557739,1.0321670770645142,holo_holo_subset,False,False,False
157,CA,3fz3,A,3m0j,A,0,[1],[1],CA,CA,7.325557231903076,2.289786100387573,1.555213451385498,0.7521857023239136,0.8277441263198853,0.980574369430542,holo_holo_subset,False,False,False
158,CA,1c07,A,4mlc,A,0,[1],[1],CA,CA,7.601696014404297,2.4366793632507324,1.5639992952346802,0.6936497092247009,0.8181915283203125,1.1649324893951416,holo_holo_subset,False,False,False
159,RBF,1hze,A,4d1y,A,0,[27],[27],RBF,RBF,7.389902114868164,2.565154790878296,1.367353916168213,0.7319366335868835,0.7174971699714661,1.2083441019058228,holo_holo_subset,False,False,False
160,CA,2ism,B,4c0k,A,0,[1],[1],CA,CA,8.217211723327637,2.3364953994750977,1.5174580812454224,0.7054367661476135,0.8481875061988831,1.1343504190444946,holo_holo_subset,False,False,False
161,TTP,3o0n,A,4a6a,A,0,[29],[29],TTP,TTP,8.153356552124023,2.183480024337769,1.5678502321243286,0.665151834487915,0.8048405051231384,1.0897676944732666,holo_holo_subset,False,False,False
162,HEM,2dge,A,4mf9,A,0,[43],[43],HEM,HEM,5.673233985900879,2.2258753776550293,1.4763191938400269,0.7096266746520996,0.9943453669548036,1.279524803161621,holo_holo_subset,False,False,False
163,SAM,1cma,B,5bw4,B,0,[27],[27],SAM,SAM,6.606889724731445,2.5514559745788574,1.8268994092941284,0.7063354849815369,0.8383228778839111,1.0921525955200195,holo_holo_subset,False,False,False
164,RBF,1hze,A,4r3a,A,0,[27],[27],RBF,RBF,5.970516204833984,1.879398822784424,1.6574320793151855,0.6504438519477844,0.5553464889526367,1.238063931465149,holo_holo_subset,False,False,False
165,CA,1fi6,A,4n1i,A,0,[1],[1],CA,CA,4.629952907562256,2.1440231800079346,1.6446690559387207,0.7410928010940552,0.9359601140022278,1.1535499095916748,holo_holo_subset,False,False,False
166,NAI,5zz7,A,6tir,A,0,[44],[44],NAI,NAI,7.0745530128479,2.148900985717773,1.5830423831939695,0.6841952800750732,0.8540036678314209,1.1521469354629517,holo_holo_subset,False,False,False
167,TTP,2uz3,B,4a6a,A,0,[29],[29],TTP,TTP,6.311988353729248,2.405128002166748,1.538520574569702,0.6874599456787109,0.913983166217804,1.3037525415420532,holo_holo_subset,False,False,False
168,SAM,1cma,B,3dxy,A,0,[27],[27],SAM,SAM,6.829934120178223,2.607574462890625,1.5955506563186646,0.6923641562461853,0.8846916556358337,1.1158007383346558,holo_holo_subset,False,False,False
169,CA,3lag,A,3upt,A,0,[1],[1],CA,CA,7.03596830368042,2.030343770980835,1.5901503562927246,0.7464520931243896,0.6966082453727722,1.0038840770721436,holo_holo_subset,False,False,False
170,HEM,3mvc,A,4jou,A,0,[43],[43],HEM,HEM,4.870565891265869,2.395796775817871,1.591674566268921,0.7322958111763,0.7762038111686707,1.1003170013427734,holo_holo_subset,False,False,False
171,CA,3ak5,A,6ajc,A,0,[1],[1],CA,CA,7.568478584289551,2.4019269943237305,1.4758350849151611,0.6893304586410522,0.8946118354797363,1.1282998323440552,holo_holo_subset,False,False,False
172,K,4jay,A,6dwo,A,0,[1],[1],K,K,7.320852756500244,1.8604140281677248,1.664745807647705,0.7331172227859497,0.4002871513366699,1.1800673007965088,holo_holo_subset,False,False,False
173,M6P,1syo,A,4zev,A,0,[16],[16],M6P,M6P,7.953858375549316,2.2905590534210205,1.4704573154449463,0.6317886114120483,0.8656630516052246,1.1301037073135376,holo_holo_subset,False,False,False
174,TTP,1xje,A,4a6a,A,0,[29],[29],TTP,TTP,8.133414268493652,1.8582408428192136,1.6006911993026731,0.6970163583755493,0.716064989566803,1.1881234645843506,holo_holo_subset,False,False,False
175,NAI,4y9d,A,8ct0,H,0,[44],[27],NAI,NAI,5.079135894775391,2.8627405166625977,1.4729262590408323,0.7102324962615967,0.783176600933075,1.0899262428283691,holo_holo_subset,False,False,False
176,PC,3lkf,A,5egh,B,0,[11],[11],PC,PC,7.0026445388793945,2.338539361953736,1.602262020111084,0.6677919626235962,0.9160155057907104,1.361112117767334,holo_holo_subset,False,False,False
177,HEM,1d7c,A,4y4s,A,0,[43],[43],HEM,HEM,7.35874080657959,2.0947811603546143,1.5176664590835571,0.7086875438690186,0.5140582919120789,1.2408387660980225,holo_holo_subset,False,False,False
178,HEM,2uyd,X,3p3o,A,0,[43],[43],HEM,HEM,6.123667240142822,2.183079719543457,1.6228680610656738,0.6834385395050049,0.8731973767280579,1.063229203224182,holo_holo_subset,False,False,False
179,M6P,4rzc,A,7kma,B,0,[16],[16],M6P,M6P,4.035550117492676,3.0444753170013428,1.576078176498413,0.7872471809387207,0.8492226600646973,1.1201664209365845,holo_holo_subset,False,False,False
180,K,2fxi,A,6npl,A,0,[1],[1],K,K,7.091130256652832,2.0796022415161133,1.7731112241744995,0.6544285416603088,0.9297477006912231,1.1565359830856323,holo_holo_subset,False,False,False
181,CA,2jal,B,2kpn,A,0,[1],[1],CA,CA,7.645826816558838,2.3154821395874023,1.4912760257720947,0.6491365432739258,0.9386430978775024,1.150413155555725,holo_holo_subset,False,False,False
182,PQQ,1flg,A,1otw,A,0,[24],[24],PQQ,PQQ,3.798912763595581,2.1205904483795166,1.637458324432373,0.7521715760231018,0.7263039350509644,1.0026718378067017,holo_holo_subset,False,False,True
183,TYD,1epz,A,1rrv,A,0,[25],[25],TYD,TYD,5.591729640960693,2.3077540397644043,1.3740061521530151,0.7305185198783875,0.8594363331794739,1.154664158821106,holo_holo_subset,False,False,False
184,SAM,4obw,D,6a5m,A,0,[27],[27],SAM,SAM,2.3183722496032715,3.3139073848724365,1.443063259124756,0.7420318722724915,0.8864496946334839,1.1562126874923706,holo_holo_subset,False,False,True
185,RBF,2fl5,H,4r3a,A,0,[27],[27],RBF,RBF,7.196544170379639,2.7552032470703125,1.4750678539276123,0.7446209192276001,0.723548173904419,1.0411443710327148,holo_holo_subset,False,False,False
186,PC,1o72,A,5egh,B,0,[11],[11],PC,PC,6.105288982391357,2.408522605895996,1.5319976806640625,0.6954843997955322,0.8485483527183533,1.2399520874023438,holo_holo_subset,False,False,False
187,HEM,3sik,A,5ysw,A,0,[43],[43],HEM,HEM,5.399895191192627,2.5096731185913086,1.627200961112976,0.7665224075317383,0.8440266847610474,1.1787291765213013,holo_holo_subset,False,False,False
188,K,1d7r,A,6dwo,A,0,[1],[1],K,K,7.013155460357666,2.320774555206299,1.581086039543152,0.762937068939209,0.8320068120956421,1.2257226705551147,holo_holo_subset,False,False,False
189,CA,1je5,B,5b5l,A,0,[1],[1],CA,CA,5.171656608581543,2.329717874526977,1.4666253328323364,0.7109888792037964,0.8922179937362671,1.086267113685608,holo_holo_subset,False,False,False
190,TFA,3gsh,A,5v7y,A,0,[7],[7],TFA,TFA,5.741935253143311,2.287914752960205,1.3547943830490112,0.750252366065979,0.4775391817092895,1.3226231336593628,holo_holo_subset,False,False,False
191,IPE,1x07,A,4lls,A,0,[14],[14],IPE,IPE,4.558676242828369,2.30708384513855,1.5672003030776978,0.736297070980072,0.7897749543190002,1.1663575172424316,holo_holo_subset,False,False,False
192,CA,3kpt,B,4qu6,A,0,[1],[1],CA,CA,7.95582103729248,2.3257319927215576,1.7676000595092771,0.6767082214355469,0.7218467593193054,1.1522935628890991,holo_holo_subset,False,False,False
193,HEM,1sox,A,3buj,A,0,[43],[43],HEM,HEM,7.855428218841553,2.0501866340637207,1.4452877044677734,0.654498815536499,0.8989036679267883,1.2783489227294922,holo_holo_subset,False,False,False
194,IPE,4lls,A,8jya,B,0,[14],[14],IPE,IPE,6.9678826332092285,2.396679401397705,1.721091866493225,0.736046552658081,0.9272528886795044,1.3876357078552246,holo_holo_subset,False,False,False
195,FDA,3sf6,A,4cy8,A,0,[53],[53],FDA,FDA,2.787682294845581,2.623871326446533,1.524947166442871,0.7015734314918518,0.6923559904098511,1.167356014251709,holo_holo_subset,False,False,True
196,SAM,3tka,A,6a5m,A,0,[27],[27],SAM,SAM,2.12636661529541,3.309821367263794,1.4866842031478882,0.7184656858444214,0.9645804166793824,1.1003670692443848,holo_holo_subset,False,False,True
197,SF4,4s2a,A,5oy0,A,0,[8],[8],SF4,SF4,8.914892196655273,1.6953847408294678,1.302222490310669,0.5489153265953064,0.5068591237068176,1.5769202709197998,holo_holo_subset,False,False,False
198,TTP,4a6a,A,6n9u,H,0,[29],[29],TTP,TTP,5.686697483062744,2.2570667266845703,1.5859709978103638,0.7331362962722778,0.7898312211036682,1.2928694486618042,holo_holo_subset,False,False,False
199,PCG,6hq7,A,8evb,B,0,[23],[23],PCG,PCG,1.5336799621582031,4.047182083129883,0.8487680554389954,0.7883671522140503,0.9851051568984984,0.8136478066444397,holo_holo_subset,False,True,True
200,FDA,3pfd,C,4cy8,A,0,[53],[53],FDA,FDA,2.572086334228516,2.620370626449585,1.4590957164764404,0.6876965165138245,0.7048243880271912,1.2927124500274658,holo_holo_subset,False,False,True
201,CA,1m8t,A,6muj,B,0,[1],[1],CA,CA,5.156102657318115,2.4322049617767334,1.3027293682098389,0.7398548722267151,0.8733323812484741,1.3188128471374512,holo_holo_subset,False,False,False
202,TTP,1cr1,A,4xjc,A,0,[29],[29],TTP,TTP,5.730649948120117,2.3624343872070312,1.5827921628952026,0.741485595703125,0.6932632923126221,1.162651300430298,holo_holo_subset,False,False,False
203,BG6,2cir,A,7e6i,A,0,[16],[16],BG6,BG6,4.335304260253906,2.749816417694092,1.4338197708129885,0.7171671390533447,0.9532716274261476,1.007799506187439,holo_holo_subset,False,False,False
204,TYD,5h56,B,5tpv,B,0,[25],[25],TYD,TYD,3.756227016448975,2.746156930923462,1.5300788879394531,0.7487789392471313,0.9283462762832642,1.110645055770874,holo_holo_subset,False,False,True
205,CA,1x8k,A,4a5w,B,0,[1],[1],CA,CA,7.588291645050049,1.8860446214675903,1.564048409461975,0.5881471037864685,0.6324889063835144,1.0910930633544922,holo_holo_subset,False,False,False
206,HEM,1z9n,A,5d3u,A,0,[43],[43],HEM,HEM,7.206846714019775,2.6410183906555176,1.513153314590454,0.7595043182373047,0.4138611555099487,1.103527545928955,holo_holo_subset,False,False,False
207,HEM,4jet,A,6j94,A,0,[43],[43],HEM,HEM,5.623995780944824,2.2893319129943848,1.650624394416809,0.6894737482070923,0.6973130702972412,1.2380785942077637,holo_holo_subset,False,False,False
208,CA,1iq3,A,8skf,A,0,[1],[1],CA,CA,5.377718925476074,2.670167922973633,1.4614945650100708,0.7061052322387695,0.912061333656311,1.0959070920944214,holo_holo_subset,False,False,False
209,CA,1cb8,A,3mmz,D,0,[1],[1],CA,CA,7.050859928131104,2.273003101348877,1.9198036193847656,0.6862291097640991,0.7457058429718018,1.170148253440857,holo_holo_subset,False,False,False
210,SF4,4tpu,A,7z7s,B,0,[8],[8],SF4,SF4,3.2647993564605717,2.423690795898437,1.4351491928100586,0.6560436487197876,0.9461681246757508,1.2158973217010498,holo_holo_subset,False,False,True
211,CAA,1buc,A,5lnq,A,0,[54],[54],CAA,CAA,6.317035675048828,2.25278115272522,1.5598303079605105,0.7423185706138611,0.6218458414077759,0.94498872756958,holo_holo_subset,False,False,False
212,CA,1fzd,A,1h1a,A,0,[1],[1],CA,CA,7.554039001464844,2.373703956604004,1.5189660787582395,0.6790225505828857,0.9561777710914612,1.2525537014007568,holo_holo_subset,False,False,False
213,HEM,1dlw,A,4mf9,A,0,[43],[43],HEM,HEM,5.796112060546875,2.08762264251709,1.5286211967468262,0.7028056383132935,0.9873812794685364,1.2417023181915283,holo_holo_subset,False,False,False
214,SAM,2r3a,A,5erg,B,0,[27],[27],SAM,SAM,2.2891807556152344,3.4574968814849854,1.4402251243591309,0.7488664388656616,0.8539655804634094,1.1124403476715088,holo_holo_subset,False,False,True
215,SAM,1sqf,A,2r3a,A,0,[27],[27],SAM,SAM,2.416198492050171,3.2838048934936523,1.5559899806976318,0.7606866359710693,0.8377387523651123,1.046650528907776,holo_holo_subset,False,False,True
216,NAI,5k4w,C,8ct0,H,0,[44],[44],NAI,NAI,4.912909507751465,2.647981882095337,1.4971201419830322,0.7074487805366516,0.5605464577674866,1.224020004272461,holo_holo_subset,False,False,False
217,TYD,1epz,A,3oth,A,0,[25],[25],TYD,TYD,4.576132774353027,2.1977243423461914,1.491907238960266,0.7256190180778503,0.9009774923324584,1.025671124458313,holo_holo_subset,False,False,False
218,PQQ,1lrw,A,1otw,A,0,[24],[24],PQQ,PQQ,4.10746431350708,2.3265106678009038,1.555014729499817,0.7800556421279907,0.7488827109336853,0.9262225031852722,holo_holo_subset,False,False,False
219,FPP,1t0a,A,3aq0,C,0,[24],[24],FPP,FPP,6.248757362365723,2.473923683166504,1.546204686164856,0.7374479174613953,0.7954824566841125,1.104902982711792,holo_holo_subset,False,False,False
220,FUL,3t5o,A,4a34,I,0,[11],[10],FUL,FUL,9.34947109222412,2.137781143188477,1.5055979490280151,0.5728139877319336,0.7047760486602783,1.0555906295776367,holo_holo_subset,False,False,False
221,TYD,5h56,B,5tpu,A,0,[25],[25],TYD,TYD,4.862864971160889,2.6787850856781006,1.5186712741851809,0.7395632266998291,0.9078761339187622,1.0684038400650024,holo_holo_subset,False,False,False
222,SAM,4k36,A,6ift,A,0,[27],[27],SAM,SAM,3.42684006690979,2.7261595726013184,1.637714385986328,0.701817512512207,0.8729041814804077,1.1779216527938845,holo_holo_subset,False,False,True
223,HEM,4esa,D,4y4s,A,0,[43],[43],HEM,HEM,5.959685802459717,2.215301513671875,1.5104000568389893,0.7696499824523926,0.7161409854888916,1.1399567127227783,holo_holo_subset,False,False,False
224,SAM,1p91,A,6a5m,A,0,[27],[27],SAM,SAM,4.665684700012207,3.207021713256836,1.41231107711792,0.7365089654922485,0.8482903838157654,1.1466184854507446,holo_holo_subset,False,False,False
225,PQQ,1otw,A,4mae,A,0,[24],[24],PQQ,PQQ,4.024968147277832,2.212601661682129,1.613383412361145,0.7345864772796631,0.8236153721809387,0.9226386547088624,holo_holo_subset,False,False,False
226,SAM,1cma,B,5erg,B,0,[27],[27],SAM,SAM,7.007514476776123,2.4783968925476074,1.860467553138733,0.7214570045471191,0.92042738199234,1.29538893699646,holo_holo_subset,False,False,False
227,AND,1coy,A,7xkd,R,0,[21],[21],AND,AND,6.579169273376465,1.983749866485596,1.5893065929412842,0.674030065536499,0.9718408584594728,1.138574481010437,holo_holo_subset,False,False,False
228,SF4,1isu,A,3crv,A,0,[8],[8],SF4,SF4,7.840843200683594,2.274181365966797,1.4439117908477783,0.7157770991325378,0.9508751034736632,1.136899471282959,holo_holo_subset,False,False,False
229,CA,2v72,A,6ior,A,0,[1],[1],CA,CA,7.2017693519592285,2.450017213821411,1.3005821704864502,0.7010228037834167,0.8785427808761597,0.8929537534713745,holo_holo_subset,False,False,False
230,CA,1axk,B,5ere,A,0,[1],[1],CA,CA,8.425448417663574,1.899721384048462,1.69125497341156,0.6046263575553894,0.7484971880912781,1.3260817527770996,holo_holo_subset,False,False,False
231,SAM,2a5h,B,6ift,A,0,[27],[27],SAM,SAM,5.2655839920043945,2.242915630340576,1.4709032773971558,0.680961012840271,0.8206294775009155,1.2526735067367554,holo_holo_subset,False,False,False
232,IPE,3krf,D,8jya,B,0,[14],[14],IPE,IPE,5.0370707511901855,2.4279661178588867,1.5291792154312134,0.7382366061210632,0.91864812374115,1.538754940032959,holo_holo_subset,False,False,False
233,TYD,1epz,A,3rsc,A,0,[25],[25],TYD,TYD,5.5700297355651855,2.3635644912719727,1.644134283065796,0.7433106303215027,0.7041745781898499,1.1767771244049072,holo_holo_subset,False,False,False
234,CA,1e8u,B,7jpx,A,0,[1],[1],CA,CA,8.285107612609863,1.9884241819381716,1.8669524192810056,0.5855379104614258,0.8633340001106262,1.1996426582336426,holo_holo_subset,False,False,False
235,HEM,2rfb,A,4jet,A,0,[43],[43],HEM,HEM,4.61722993850708,2.11379623413086,1.632515788078308,0.6850694417953491,0.5390560030937195,1.138791561126709,holo_holo_subset,False,False,False
236,CA,2ea7,A,5g3m,A,0,[1],[1],CA,CA,7.855217456817627,2.371657371520996,1.4177188873291016,0.7539136409759521,0.7586066722869873,1.115607976913452,holo_holo_subset,False,False,False
237,SF4,3h31,A,5ztb,B,0,[8],[8],SF4,SF4,6.9141950607299805,2.4032793045043945,1.7519277334213257,0.6022487282752991,0.9868344068527222,1.3535829782485962,holo_holo_subset,False,False,False
238,FDA,4cy8,A,7e8p,D,0,[53],[53],FDA,FDA,3.846745491027832,2.656002998352051,1.5089411735534668,0.6720052361488342,0.8895941972732544,1.2340481281280518,holo_holo_subset,False,False,True
239,CA,1ej8,A,2py2,A,0,[1],[1],CA,CA,6.107293128967285,2.3159899711608887,1.146355152130127,0.7194377183914185,0.489205926656723,0.9277818202972412,holo_holo_subset,False,False,False
240,SAM,1cma,B,1g60,A,0,[27],[27],SAM,SAM,6.945796012878418,2.324949026107788,1.6573048830032349,0.7395586967468262,0.899081289768219,1.2681467533111572,holo_holo_subset,False,False,False
241,GOA,2o99,C,5da5,A,0,[5],[5],GOA,GOA,5.578328609466553,2.180666923522949,1.5425338745117188,0.6754574179649353,0.4079075157642364,1.206565022468567,holo_holo_subset,False,False,False
242,CA,2kid,A,3qm2,B,0,[1],[1],CA,CA,8.013144493103027,2.5296077728271484,1.3191299438476562,0.6679256558418274,0.965706706047058,1.1621676683425903,holo_holo_subset,False,False,False
243,CA,1tlq,A,2a7j,A,0,[1],[1],CA,CA,7.509254455566406,2.6724560260772705,1.5139464139938354,0.7193840742111206,0.94530189037323,1.2995710372924805,holo_holo_subset,False,False,False
244,RBF,1kyv,E,3p5n,A,0,[27],[27],RBF,RBF,5.117639064788818,2.6794533729553223,1.5389858484268188,0.7617365121841431,0.8536385297775269,1.1824356317520142,holo_holo_subset,False,False,False
245,SAM,2nv4,A,4b17,A,0,[27],[27],SAM,SAM,5.024795055389404,2.322761297225952,1.5327136516571045,0.7233284711837769,0.6193011403083801,1.216577649116516,holo_holo_subset,False,False,False
246,DGT,3otb,A,4lrl,C,0,[31],[31],DGT,DGT,7.3482666015625,2.4780378341674805,1.6010785102844238,0.7180023193359375,0.6836608052253723,1.095736026763916,holo_holo_subset,False,False,False
247,PC,1b09,A,5egh,B,0,[11],[11],PC,PC,5.779200553894043,2.372803211212158,1.4858633279800415,0.7161040902137756,0.948772430419922,0.9543306827545166,holo_holo_subset,False,False,False
248,TYD,3lv8,A,4zyj,D,0,[25],[25],TYD,TYD,6.298130512237549,2.1421141624450684,1.4427555799484253,0.7402237057685852,0.671066164970398,1.0910818576812744,holo_holo_subset,False,False,False
249,SAM,2plw,A,6a5m,A,0,[27],[27],SAM,SAM,2.477670669555664,3.382877826690674,1.499715805053711,0.7279887795448303,0.716804027557373,1.118233323097229,holo_holo_subset,False,False,True
250,CA,1jmj,A,2n8y,A,0,[1],[1],CA,CA,8.281542778015137,1.929996490478516,1.6109367609024048,0.697221577167511,0.8637084364891052,1.1836072206497192,holo_holo_subset,False,False,False
251,TTP,4xjc,A,7b0h,F,0,[29],[29],TTP,TTP,5.828395366668701,2.052823066711426,1.5125027894973757,0.6693295240402222,0.4598587155342102,1.210483431816101,holo_holo_subset,False,False,False
252,NAI,6a3j,C,8ct0,H,0,[44],[36],NAI,NAI,5.187393665313721,2.863309383392334,1.4670913219451904,0.74825119972229,0.6662168502807617,1.0437403917312622,holo_holo_subset,False,False,False
253,SAM,1nbh,A,5v3h,A,0,[27],[27],SAM,SAM,2.37751841545105,3.0931103229522705,1.539758324623108,0.6959800720214844,0.8671345710754395,1.2059919834136963,holo_holo_subset,False,False,True
254,ENO,3gac,E,5zbf,A,0,[13],[13],ENO,ENO,6.971573829650879,1.805579423904419,1.5834897756576538,0.6799814701080322,0.8908973336219788,1.3393820524215698,holo_holo_subset,False,False,False
255,CA,4kl8,L,4y90,A,0,[1],[1],CA,CA,3.49976110458374,2.2952802181243896,1.4235196113586426,0.6848793625831604,0.8186901211738586,1.0951875448226929,holo_holo_subset,False,False,True
256,CA,2j0g,E,7dmk,A,0,[1],[1],CA,CA,5.616157531738281,1.8153965473175049,1.577123999595642,0.6969600915908813,0.6076244711875916,0.9020193219184875,holo_holo_subset,False,False,False
257,SIA,2bat,A,5xla,A,0,[21],[21],SIA,SIA,8.545098304748535,1.3752644062042236,1.714949607849121,0.5770615935325623,0.9988301992416382,1.3828383684158323,holo_holo_subset,False,False,False
258,CA,3atg,A,5guw,A,0,[1],[1],CA,CA,6.820602893829346,2.142956495285034,1.7843036651611328,0.7148199081420898,0.3553377389907837,1.0645732879638672,holo_holo_subset,False,False,False
259,K,2gj8,D,6cq6,B,0,[1],[1],K,K,5.634491920471191,1.7628767490386963,1.6470924615859983,0.6993439793586731,0.8859879970550537,1.4907947778701782,holo_holo_subset,False,False,False
260,CA,3ujo,A,6ifc,A,0,[1],[1],CA,CA,4.780768394470215,2.577543020248413,1.5172489881515503,0.7155661582946777,0.7778270840644836,1.150516390800476,holo_holo_subset,False,False,False
261,TYD,3oti,A,4mzu,F,0,[25],[25],TYD,TYD,8.039938926696777,2.435575008392334,1.5579555034637451,0.6763457655906677,0.6908556222915649,1.1108996868133545,holo_holo_subset,False,False,False
262,FDA,1tvc,A,7e8p,D,0,[53],[53],FDA,FDA,5.8969011306762695,2.466361284255981,1.4744813442230225,0.7239440679550171,0.8949964046478271,1.1741799116134644,holo_holo_subset,False,False,False
263,CA,1d2l,A,5znh,A,0,[1],[1],CA,CA,4.0519843101501465,2.5111656188964844,1.6325098276138306,0.6761475205421448,0.8426430225372314,1.0486212968826294,holo_holo_subset,False,False,False
264,RBF,1hze,A,2vxa,A,0,[27],[27],RBF,RBF,5.201430797576904,2.136149406433105,1.4496315717697144,0.6837117075920105,0.6457034349441528,1.1391218900680542,holo_holo_subset,False,False,False
265,PQQ,1otw,A,2d0v,A,0,[24],[24],PQQ,PQQ,3.9682810306549072,2.2469847202301025,1.7593706846237185,0.724199652671814,0.8340239524841309,0.9532858729362488,holo_holo_subset,False,False,True
266,NAI,6tir,A,6vw7,D,0,[27],[44],NAI,NAI,7.54569149017334,1.9868783950805664,1.6218750476837158,0.6436322331428528,0.8642217516899109,1.2969636917114258,holo_holo_subset,False,False,False
267,CA,2a7a,A,3b9x,C,0,[1],[1],CA,CA,3.0679521560668945,2.675462245941162,1.5699104070663452,0.7244141101837158,0.9546794891357422,1.0741150379180908,holo_holo_subset,False,False,True
268,TYD,4zyj,D,5h56,B,0,[25],[25],TYD,TYD,7.124619483947754,2.297592639923096,1.5145658254623413,0.7095654010772705,0.5497161149978638,1.1493966579437256,holo_holo_subset,False,False,False
269,M6P,4rzc,A,4zev,A,0,[16],[16],M6P,M6P,5.145249366760254,2.7566943168640137,1.4965245723724363,0.7626423239707947,0.5879850387573242,1.0612311363220217,holo_holo_subset,False,False,False
270,SAM,1rjd,C,2r3a,A,0,[27],[27],SAM,SAM,2.271036148071289,3.201915740966797,1.4936343431472778,0.7462902069091797,0.7195059061050415,1.1137261390686035,holo_holo_subset,False,False,True
271,SAM,3dcm,X,6a5m,A,0,[27],[27],SAM,SAM,3.3106768131256104,2.957911252975464,1.457751750946045,0.7263444662094116,0.9037936925888062,1.2662893533706665,holo_holo_subset,False,False,True
272,K,1d7r,A,6npl,A,0,[1],[1],K,K,5.726563453674316,2.217162609100342,1.6893856525421145,0.7217020392417908,0.83114093542099,1.387786626815796,holo_holo_subset,False,False,False
273,CA,2fmd,A,7ksf,A,0,[1],[1],CA,CA,4.586478233337402,2.587623119354248,1.3760861158370972,0.6887924671173096,0.9289869666099548,1.0632147789001465,holo_holo_subset,False,False,False
274,CA,1wky,A,4aao,A,0,[1],[1],CA,CA,8.446977615356445,2.5553293228149414,1.5304728746414185,0.7064139246940613,0.6564813256263733,0.9792994856834412,holo_holo_subset,False,False,False
275,CA,1amh,A,3a09,A,0,[1],[1],CA,CA,7.610086441040039,2.391545295715332,1.5593206882476809,0.7154988646507263,0.9330559372901917,1.007429838180542,holo_holo_subset,False,False,False
276,SAM,3nk7,B,6a5m,A,0,[27],[27],SAM,SAM,3.118721008300781,2.598409652709961,1.447310209274292,0.6991549134254456,0.8802077770233154,1.105493426322937,holo_holo_subset,False,False,True
277,TYD,3wag,B,4mzu,F,0,[25],[25],TYD,TYD,7.978858947753906,2.605717658996582,1.493249773979187,0.6848306059837341,0.6933695673942566,1.071666955947876,holo_holo_subset,False,False,False
278,BU3,5i5m,B,8a25,A,0,[6],[6],BU3,BU3,4.059754848480225,2.6043035984039307,1.5351601839065552,0.7250796556472778,0.9605123400688172,1.105276346206665,holo_holo_subset,False,False,False
279,SAM,1cma,B,3ou7,A,0,[27],[27],SAM,SAM,6.903299331665039,2.731584310531616,1.6571948528289795,0.7040032148361206,0.9849101305007936,1.1756136417388916,holo_holo_subset,False,False,False
280,FDA,3atq,A,7e8p,D,0,[53],[53],FDA,FDA,3.1203434467315674,2.6831860542297363,1.5623245239257812,0.7213827967643738,0.8386842608451843,1.2167792320251465,holo_holo_subset,False,False,True
281,SAM,3gcz,A,6a5m,A,0,[27],[27],SAM,SAM,2.5511813163757324,3.2728257179260254,1.4365609884262085,0.7120397090911865,0.830672025680542,1.1938847303390503,holo_holo_subset,False,False,True
282,CA,1ia7,A,4aah,A,0,[1],[1],CA,CA,6.502123832702637,2.3772361278533936,1.4323267936706543,0.7162227034568787,0.9423516988754272,1.2498533725738523,holo_holo_subset,False,False,False
283,CA,1axk,B,2c5u,A,0,[1],[1],CA,CA,7.009607791900635,2.354189395904541,1.8816144466400144,0.6641572117805481,0.9437921047210692,1.265199899673462,holo_holo_subset,False,False,False
284,TYD,1epz,A,6vlo,A,0,[25],[25],TYD,TYD,4.980058193206787,2.421716690063477,1.3799033164978027,0.7233062386512756,0.918579876422882,1.4109013080596924,holo_holo_subset,False,False,False
285,NAI,1gz6,B,6tir,A,0,[44],[44],NAI,NAI,6.526021480560303,2.0760738849639893,1.5462688207626345,0.6722533702850342,0.8400964140892029,1.4701429605484009,holo_holo_subset,False,False,False
286,CA,4dod,A,5swi,B,0,[1],[1],CA,CA,6.260821342468262,2.4860382080078125,1.2580808401107788,0.7289334535598755,0.9391071796417236,1.0685501098632812,holo_holo_subset,False,False,False
287,CA,3pgs,A,4aam,A,0,[1],[1],CA,CA,5.250626564025879,1.954567074775696,1.4880995750427246,0.6378918886184692,0.9443051218986512,1.6445986032485962,holo_holo_subset,False,False,False
288,RBF,1kyv,E,5kbw,B,0,[27],[27],RBF,RBF,4.933038234710693,2.6578989028930664,1.5548440217971802,0.751548707485199,0.89515620470047,1.1544870138168335,holo_holo_subset,False,False,False
289,NAI,4y9d,A,6tir,A,0,[44],[27],NAI,NAI,6.7783637046813965,2.252238750457764,1.416411280632019,0.6615062355995178,0.9432085752487184,1.5806013345718384,holo_holo_subset,False,False,False
290,RBF,2fl5,H,5kbw,B,0,[27],[27],RBF,RBF,4.925071716308594,2.415266990661621,1.515177607536316,0.7670560479164124,0.8650444149971008,1.090118646621704,holo_holo_subset,False,False,False
291,TYD,2pae,A,3oti,A,0,[25],[25],TYD,TYD,3.869858980178833,2.063631057739258,1.6794499158859253,0.7458130121231079,0.8149030208587646,0.94991797208786,holo_holo_subset,False,False,True
292,SAM,3dlc,A,6ift,A,0,[27],[27],SAM,SAM,0.9255261421203612,4.657784461975098,0.7434349656105042,0.8357877135276794,0.9352056384086608,0.7429202795028687,holo_holo_subset,True,True,True
293,TYD,1h7q,A,4zyj,D,0,[25],[25],TYD,TYD,7.105424404144287,2.2367753982543945,1.6315770149230957,0.6392603516578674,0.7815961837768555,1.081488013267517,holo_holo_subset,False,False,False
294,NAI,6cdf,A,6tir,A,0,[44],[44],NAI,NAI,6.537369728088379,1.8374550342559812,1.6234005689620972,0.6822815537452698,0.8781400918960571,1.1493641138076782,holo_holo_subset,False,False,False
295,SAM,3q87,B,6a5m,A,0,[27],[27],SAM,SAM,2.3532235622406006,3.1725003719329834,1.3577914237976074,0.714899480342865,0.7348850965499878,1.096080660820007,holo_holo_subset,False,False,True
296,CA,4aqt,A,5ibq,A,0,[1],[1],CA,CA,6.9471211433410645,2.039867877960205,1.599611520767212,0.6932146549224854,0.6322411298751831,0.8556404113769531,holo_holo_subset,False,False,False
297,CA,1o5k,A,6fzv,A,0,[1],[1],CA,CA,8.12939453125,2.1015095710754395,1.4606351852416992,0.7525336742401123,0.7153120040893555,1.2033036947250366,holo_holo_subset,False,False,False
298,RBF,2cc8,A,3p5n,A,0,[27],[27],RBF,RBF,5.227190017700195,2.261481285095215,1.5937623977661133,0.7224170565605164,0.945925235748291,1.0151323080062866,holo_holo_subset,False,False,False
299,TYD,4lei,A,5tpv,B,0,[25],[25],TYD,TYD,5.988473415374756,1.8383324146270752,1.6664328575134275,0.6886476874351501,0.8020403385162354,1.1959125995635986,holo_holo_subset,False,False,False
300,TYD,1h7q,A,5tpv,B,0,[25],[25],TYD,TYD,5.420289993286133,2.470046043395996,1.5953439474105835,0.6948920488357544,0.6948135495185852,1.203505277633667,holo_holo_subset,False,False,False
301,CA,2gwr,A,3pof,B,0,[1],[1],CA,CA,4.165438175201416,2.4739034175872803,1.576213836669922,0.7216240167617798,0.9393617510795592,1.2023019790649414,holo_holo_subset,False,False,False
302,CA,6gp2,A,8axs,A,0,[1],[1],CA,CA,7.835328578948975,2.2601242065429688,1.6359425783157349,0.6880913972854614,0.7876588702201843,1.1864922046661377,holo_holo_subset,False,False,False
303,CA,1el1,A,2f59,D,0,[1],[1],CA,CA,6.801397323608398,2.3807663917541504,1.531757354736328,0.676060140132904,0.7635191082954407,1.150681734085083,holo_holo_subset,False,False,False
304,TTP,1mc3,A,4a6a,A,0,[29],[29],TTP,TTP,5.384315013885498,2.505096673965454,1.4530680179595947,0.7013203501701355,0.6695393323898315,1.2389066219329834,holo_holo_subset,False,False,False
305,NAI,3ay6,B,8ct0,H,0,[44],[44],NAI,NAI,4.914445877075195,2.8806097507476807,1.6161543130874634,0.7520754933357239,0.425784558057785,1.0162101984024048,holo_holo_subset,False,False,False
306,CA,2qqo,A,5zrq,A,0,[1],[1],CA,CA,8.12845230102539,2.4278359413146973,1.5681318044662476,0.7324249744415283,0.915206491947174,0.9696031808853148,holo_holo_subset,False,False,False
307,FDA,4cy8,A,4iv6,B,0,[53],[53],FDA,FDA,2.712855339050293,2.5726029872894287,1.5258554220199585,0.7148014903068542,0.7178260684013367,1.2106560468673706,holo_holo_subset,False,False,True
308,NAI,4n54,A,6tir,A,0,[44],[44],NAI,NAI,6.566237449645996,1.925175905227661,1.6479012966156006,0.6868219971656799,0.6396732330322266,1.3594204187393188,holo_holo_subset,False,False,False
309,RBF,2fl5,H,2vxa,A,0,[27],[27],RBF,RBF,5.319805145263672,2.4159903526306152,1.5220143795013428,0.7125367522239685,0.9651888608932496,1.1379376649856567,holo_holo_subset,False,False,False
310,RBF,2cc8,A,2fl5,H,0,[27],[27],RBF,RBF,5.423525333404541,2.617142677307129,1.5506654977798462,0.7382713556289673,0.9350950717926024,1.1025187969207764,holo_holo_subset,False,False,False
311,NAI,5z20,F,6tir,A,0,[44],[44],NAI,NAI,4.589794158935547,1.779348850250244,1.5873366594314575,0.7046400308609009,0.8057915568351746,1.1976125240325928,holo_holo_subset,False,False,False
312,SAM,4lg1,A,6a5m,A,0,[27],[27],SAM,SAM,2.245579481124878,3.214790344238281,1.4345437288284302,0.7144986391067505,0.5646510124206543,1.1466580629348757,holo_holo_subset,False,False,True
313,SAM,2nv4,A,4gc9,A,0,[27],[27],SAM,SAM,6.945803165435791,2.558900833129883,1.4252970218658447,0.7563960552215576,0.819045901298523,1.1337127685546875,holo_holo_subset,False,False,False
314,SAM,1cma,B,3fzg,A,0,[27],[27],SAM,SAM,6.795694351196289,2.521719217300415,1.6037063598632812,0.7383261322975159,0.5643373727798462,1.2565851211547852,holo_holo_subset,False,False,False
315,SAM,5n5d,A,6ift,A,0,[27],[27],SAM,SAM,0.735106348991394,4.642282485961914,0.6514967679977417,0.843655526638031,0.9964527487754822,0.710494339466095,holo_holo_subset,True,True,True
316,RBF,1hze,A,3p5n,A,0,[27],[27],RBF,RBF,5.709087371826172,2.216865539550781,1.5654584169387815,0.7303977012634277,0.9345951080322266,1.2179815769195557,holo_holo_subset,False,False,False
317,SAM,2obv,A,3okx,A,0,[27],[27],SAM,SAM,4.824541091918945,1.7581121921539309,1.5600584745407104,0.6483102440834045,0.9949442744255066,1.3067476749420166,holo_holo_subset,False,False,False
318,RBF,2fl5,H,4iil,A,0,[27],[27],RBF,RBF,5.071566581726074,2.1744871139526367,1.469663381576538,0.7034897804260254,0.8490086793899536,1.2095307111740112,holo_holo_subset,False,False,False
319,TYD,1epz,A,4rii,A,0,[25],[25],TYD,TYD,4.099581241607666,2.251848697662353,1.58154559135437,0.7158527970314026,0.899219810962677,1.1513991355895996,holo_holo_subset,False,False,False
320,BG6,2cir,A,5hj5,B,0,[16],[16],BG6,BG6,7.777649402618408,2.3761415481567383,1.6009660959243774,0.7048795819282532,0.9094557762145996,1.2774685621261597,holo_holo_subset,False,False,False
321,CA,2i4b,A,6n4d,D,0,[1],[1],CA,CA,5.308937072753906,1.791330337524414,1.5036725997924805,0.6923713088035583,0.8213222026824951,1.038901686668396,holo_holo_subset,False,False,False
322,CA,3sqg,A,3vgi,A,0,[1],[1],CA,CA,8.322220802307129,2.2215261459350586,1.58073627948761,0.6304448246955872,0.6109359264373779,1.122868895530701,holo_holo_subset,False,False,False
323,NAI,6tir,A,6vly,A,0,[44],[44],NAI,NAI,6.283493518829346,2.1522836685180664,1.6539525985717771,0.6632023453712463,0.8182832598686218,1.7780970335006714,holo_holo_subset,False,False,False
324,CA,1f2o,A,4i9x,B,0,[1],[1],CA,CA,7.089573860168457,2.683222770690918,1.5138075351715088,0.740788996219635,0.9504061341285706,1.2379655838012695,holo_holo_subset,False,False,False
325,CA,5apw,B,5odu,A,0,[1],[1],CA,CA,7.0888519287109375,2.0966310501098637,1.74817955493927,0.6173466444015503,0.9311289191246032,1.4832334518432615,holo_holo_subset,False,False,False
326,PQQ,1otw,A,6dam,A,0,[24],[24],PQQ,PQQ,4.645321369171143,2.540646314620972,1.4499870538711548,0.7428159117698669,0.7454524040222168,1.0652151107788086,holo_holo_subset,False,False,False
327,CA,3om2,A,5zrq,A,0,[1],[1],CA,CA,6.685108184814453,2.772848606109619,1.5577163696289062,0.7527186870574951,0.8447635769844055,0.9634195566177368,holo_holo_subset,False,False,False
328,CA,2p5v,G,4sbv,C,0,[1],[1],CA,CA,7.417963981628418,2.38753080368042,1.5509799718856812,0.7334892153739929,0.7847791910171509,1.1706924438476562,holo_holo_subset,False,False,False
329,K,1gup,A,6dwo,A,0,[1],[1],K,K,7.540239334106445,2.060508728027344,1.6625893115997314,0.6926825046539307,0.6745167374610901,1.2124382257461548,holo_holo_subset,False,False,False
330,NAI,2dkn,A,6tir,A,0,[44],[44],NAI,NAI,6.851245403289795,1.9558559656143188,1.5506651401519775,0.6445390582084656,0.9193533658981324,1.39249849319458,holo_holo_subset,False,False,False
331,NAI,6tir,A,7wmz,C,0,[44],[44],NAI,NAI,7.042018890380859,1.913069009780884,1.5950024127960205,0.6664355397224426,0.9838225245475768,1.0579125881195068,holo_holo_subset,False,False,False
332,TYD,3wag,B,5tpu,A,0,[25],[25],TYD,TYD,4.669713973999023,2.3962290287017822,1.5260809659957886,0.7288145422935486,0.782937228679657,1.0118545293807983,holo_holo_subset,False,False,False
333,PQQ,1otw,A,5xm3,A,0,[24],[24],PQQ,PQQ,4.24875020980835,2.257920980453491,1.6304415464401243,0.7419698238372803,0.8578062057495117,0.9646337628364564,holo_holo_subset,False,False,False
334,CA,1bh6,A,1w0n,A,0,[1],[1],CA,CA,7.497522354125977,2.35034728050232,1.550435185432434,0.756952702999115,0.8896874189376831,1.233961820602417,holo_holo_subset,False,False,False
335,CA,2cn3,A,2wg7,A,0,[1],[1],CA,CA,5.694995403289795,2.080854892730713,1.7069838047027588,0.7552663683891296,0.603346586227417,1.2854515314102173,holo_holo_subset,False,False,False
336,K,1gup,A,6cq6,B,0,[1],[1],K,K,7.835746765136719,1.788325548171997,1.5223475694656372,0.7110057473182678,0.4798196852207184,1.2067930698394775,holo_holo_subset,False,False,False
337,CA,2dur,A,3fyb,B,0,[1],[1],CA,CA,6.511535167694092,2.2872424125671387,1.3333890438079834,0.7058093547821045,0.9649322032928468,1.3183783292770386,holo_holo_subset,False,False,False
338,NAI,3adp,A,6tir,A,0,[44],[44],NAI,NAI,6.646909236907959,1.9623141288757324,1.681065320968628,0.6833148002624512,0.7112542986869812,1.2204347848892212,holo_holo_subset,False,False,False
339,NAI,6b9u,A,6tir,A,0,[44],[44],NAI,NAI,6.774125576019287,1.831355094909668,1.8902682065963743,0.6648073792457581,0.7501298785209656,1.4461712837219238,holo_holo_subset,False,False,False
340,CA,2m0p,A,3pof,B,0,[1],[1],CA,CA,2.969959020614624,2.668015241622925,1.4784890413284302,0.6858376264572144,0.8208475112915039,1.071481466293335,holo_holo_subset,False,False,True
341,CA,1dzq,B,2gbp,A,0,[1],[1],CA,CA,7.50351095199585,3.081962823867798,1.5159804821014404,0.7649136781692505,0.9608811736106871,1.202402949333191,holo_holo_subset,False,False,False
342,CA,3ipv,A,5apw,B,0,[1],[1],CA,CA,6.72435474395752,2.1949682235717773,1.6624038219451904,0.7164857387542725,0.8889877796173096,1.1992788314819336,holo_holo_subset,False,False,False
343,CA,2ess,A,7bvc,B,0,[1],[1],CA,CA,8.326224327087402,2.190370559692383,1.4919394254684448,0.6795429587364197,0.8858288526535034,1.293352127075195,holo_holo_subset,False,False,False
344,CA,4by6,A,7nit,D,0,[1],[1],CA,CA,6.865530490875244,1.965049266815185,1.5156368017196655,0.6733138561248779,0.9316381216049194,1.5341755151748655,holo_holo_subset,False,False,False
345,CA,4gdj,B,6i7s,B,0,[1],[1],CA,CA,7.240298748016357,2.3028564453125,1.475481629371643,0.6499504446983337,0.8858814239501953,0.9398630261421204,holo_holo_subset,False,False,False
346,CA,1pz7,A,2xfg,A,0,[1],[1],CA,CA,7.72936201095581,2.5433363914489746,1.389654517173767,0.7129738926887512,0.8632172346115112,1.2167348861694336,holo_holo_subset,False,False,False
347,CA,4lks,A,7pth,A,0,[1],[1],CA,CA,5.821352481842041,2.2602312564849854,1.489892840385437,0.7402396202087402,0.8507739901542664,0.9787432551383972,holo_holo_subset,False,False,False
348,CA,2a7j,A,5h7w,B,0,[1],[1],CA,CA,7.855201721191406,2.4326491355896,1.476638674736023,0.7276121973991394,0.7695263624191284,1.062785506248474,holo_holo_subset,False,False,False
349,K,2ib8,D,6dwo,A,0,[1],[1],K,K,7.237352848052978,2.1322646141052246,1.655288815498352,0.7639873027801514,0.4595969617366791,1.096003770828247,holo_holo_subset,False,False,False
350,CA,1l9m,B,3ge4,A,0,[1],[1],CA,CA,6.1007184982299805,2.442272424697876,1.7318710088729858,0.6801241040229797,0.56593918800354,1.1328754425048828,holo_holo_subset,False,False,False
351,CA,1iod,B,6g7o,A,0,[1],[1],CA,CA,5.887814998626709,2.020193576812744,1.6930899620056152,0.7404711842536926,0.9340316653251648,1.387619972229004,holo_holo_subset,False,False,False
352,CA,3q13,A,4r3v,A,0,[1],[1],CA,CA,7.394232273101807,1.987155556678772,1.4950828552246094,0.6055812239646912,0.4863222539424896,1.2093379497528076,holo_holo_subset,False,False,False
353,CA,2i7a,A,4jyo,X,0,[1],[1],CA,CA,7.784676551818848,2.2402710914611816,1.5650094747543335,0.7513518929481506,0.9085944294929504,1.1188308000564575,holo_holo_subset,False,False,False
354,FDA,3ukk,A,7e8p,D,0,[53],[53],FDA,FDA,4.565496444702148,2.4823689460754395,1.6018089056015017,0.6837338805198669,0.953572392463684,1.0332093238830566,holo_holo_subset,False,False,False
355,CA,3byj,A,3dxp,A,0,[1],[1],CA,CA,6.143569469451904,2.658320426940918,1.4953147172927856,0.7086775898933411,0.8315548896789551,1.2399725914001465,holo_holo_subset,False,False,False
356,NAI,1o0s,A,6tir,A,0,[44],[44],NAI,NAI,6.715585708618164,1.8084968328475952,1.4270154237747192,0.632727324962616,0.9520025849342346,1.2915095090866089,holo_holo_subset,False,False,False
357,CA,3usu,A,6ety,A,0,[1],[1],CA,CA,6.294615745544434,2.3939335346221924,1.3349121809005735,0.7267074584960938,0.931845724582672,0.9496086835861206,holo_holo_subset,False,False,False
358,NAI,4cuk,A,6tir,A,0,[44],[44],NAI,NAI,6.382181167602539,2.0372090339660645,1.5972501039505005,0.7066800594329834,0.7950571179389954,1.026713252067566,holo_holo_subset,False,False,False
359,FDA,4cy8,A,4n5f,A,0,[53],[53],FDA,FDA,2.5234780311584477,2.596432685852051,1.6580183506011963,0.7039864659309387,0.620383083820343,1.2646665573120115,holo_holo_subset,False,False,True
360,CA,3dzc,A,4crq,A,0,[1],[1],CA,CA,8.385943412780762,2.3738338947296143,1.545706868171692,0.7306999564170837,0.913864254951477,0.9369181990623474,holo_holo_subset,False,False,False
361,CA,2e3x,B,2zew,B,0,[1],[1],CA,CA,7.708860874176025,2.4227569103240967,1.5242727994918823,0.7328982949256897,0.725048303604126,1.3082647323608398,holo_holo_subset,False,False,False
362,CA,2frh,A,2je9,A,0,[1],[1],CA,CA,7.537110328674316,2.500840425491333,1.3898171186447144,0.7365866303443909,0.9911296963691713,1.3322519063949585,holo_holo_subset,False,False,False
363,TYD,1epz,A,4g2t,A,0,[25],[25],TYD,TYD,4.495181560516357,2.4146969318389893,1.7014930248260498,0.6668118834495544,0.8721775412559509,1.1683728694915771,holo_holo_subset,False,False,False
364,NAI,3x2f,A,8ct0,H,0,[44],[44],NAI,NAI,5.018041610717773,2.471809864044189,1.5123838186264038,0.7241532206535339,0.7708272337913513,1.0290586948394775,holo_holo_subset,False,False,False
365,NAI,4yai,A,8ct0,H,0,[44],[44],NAI,NAI,5.045962810516357,2.8873062133789062,1.4523913860321045,0.7638347148895264,0.6961169242858887,0.9005540609359741,holo_holo_subset,False,False,False
366,CA,1axk,B,4xer,A,0,[1],[1],CA,CA,7.205986976623535,2.5585782527923584,1.5562328100204468,0.7058030366897583,0.8689620494842529,0.9891201853752136,holo_holo_subset,False,False,False
367,CA,5aqe,A,8gyr,B,0,[1],[1],CA,CA,8.775259971618652,2.2778005599975586,1.6458137035369873,0.6951525211334229,0.9234917163848876,1.0988075733184814,holo_holo_subset,False,False,False
368,CA,1g1i,A,2olg,A,0,[1],[1],CA,CA,5.918877601623535,1.718757390975952,1.754871487617493,0.6622759699821472,0.8171993494033813,1.239999294281006,holo_holo_subset,False,False,False
369,CA,1fny,A,2bl0,B,0,[1],[1],CA,CA,7.863525867462158,2.4090709686279297,1.4484124183654783,0.6889607310295105,0.8943699598312378,0.9776613712310792,holo_holo_subset,False,False,False
370,TTP,2j87,D,4a6a,A,0,[29],[29],TTP,TTP,6.569912910461426,2.5389249324798584,1.5317789316177368,0.6574828624725342,0.9006212949752808,1.3472800254821775,holo_holo_subset,False,False,False
371,CA,2ra3,A,4b56,A,0,[1],[1],CA,CA,7.398443698883057,2.2371654510498047,1.633492112159729,0.6797133684158325,0.8014662861824036,1.260165452957153,holo_holo_subset,False,False,False
372,CA,2vhd,A,4w65,A,0,[1],[1],CA,CA,7.6724090576171875,2.404033660888672,1.67465341091156,0.6974926590919495,0.6744092106819153,1.0407240390777588,holo_holo_subset,False,False,False
373,CA,2qim,A,5o8x,A,0,[1],[1],CA,CA,5.425185203552246,2.463841199874878,1.537625074386597,0.7027228474617004,0.9777053594589232,1.182342767715454,holo_holo_subset,False,False,False
374,K,6cq6,B,6dwo,A,0,[1],[1],K,K,7.277430057525635,1.6882987022399902,1.7524234056472778,0.713405430316925,0.9479207396507264,1.194664716720581,holo_holo_subset,False,False,False
375,CA,1x8k,A,2m7p,A,0,[1],[1],CA,CA,7.562403202056885,2.535128355026245,1.6525098085403442,0.6769163012504578,0.7457765340805054,1.3258056640625,holo_holo_subset,False,False,False
376,PQQ,1otw,A,6oc6,A,0,[24],[24],PQQ,PQQ,4.700748920440674,2.406921863555908,1.3124511241912842,0.7347716689109802,0.7965487837791443,1.134248971939087,holo_holo_subset,False,False,False
377,TYD,3vbm,E,4rii,A,0,[25],[25],TYD,TYD,6.420203685760498,2.6427886486053467,1.4573599100112915,0.7025871872901917,0.7987887859344482,1.0982893705368042,holo_holo_subset,False,False,False
378,TYD,3vbm,E,4lei,A,0,[25],[25],TYD,TYD,6.686283111572266,2.359654426574707,1.717010736465454,0.7448179721832275,0.6632262468338013,1.030144214630127,holo_holo_subset,False,False,False
379,CA,2bl0,C,2yfr,A,0,[1],[1],CA,CA,8.354242324829102,2.1882123947143555,1.4474294185638428,0.6866781711578369,0.8594105839729309,1.077202081680298,holo_holo_subset,False,False,False
380,IPE,1x07,A,4dxj,A,0,[14],[14],IPE,IPE,5.609137535095215,2.5373282432556152,1.3190215826034546,0.6912351846694946,0.9509881734848022,1.101423263549805,holo_holo_subset,False,False,False
381,RBF,2fl5,H,6n7f,A,0,[27],[27],RBF,RBF,6.43806791305542,2.484800338745117,1.575879454612732,0.7015539407730103,0.7890627384185791,0.9953882098197936,holo_holo_subset,False,False,False
382,TYD,2v54,A,4zyj,D,0,[25],[25],TYD,TYD,6.120735168457031,2.29290509223938,1.4223142862319946,0.7164063453674316,0.5102118849754333,1.160765528678894,holo_holo_subset,False,False,False
383,RBF,1hze,A,6n7f,A,0,[27],[27],RBF,RBF,6.952903747558594,1.6002449989318848,1.5789178609848022,0.7277082204818726,0.6107543110847473,1.0867863893508911,holo_holo_subset,False,False,False
384,TYD,3oth,A,4zyj,D,0,[25],[25],TYD,TYD,6.8177642822265625,2.255499124526977,1.406729817390442,0.7036601901054382,0.4547004997730255,1.034582257270813,holo_holo_subset,False,False,False
385,K,6dwo,A,6npl,A,0,[1],[1],K,K,7.150614738464356,1.9159958362579343,1.6350127458572388,0.6560711860656738,0.7196351289749146,1.4537646770477295,holo_holo_subset,False,False,False
386,TYD,3rsc,A,4zyj,D,0,[25],[25],TYD,TYD,7.000223159790039,2.427703857421875,1.659277319908142,0.700375497341156,0.8688883185386658,1.0594029426574707,holo_holo_subset,False,False,False
387,K,1d7r,A,6cq6,B,0,[1],[1],K,K,7.945623397827148,1.904384970664978,1.459865927696228,0.647443950176239,0.6184788942337036,1.1337881088256836,holo_holo_subset,False,False,False
388,CA,6ll7,A,7ehg,E,0,[1],[1],CA,CA,6.312402725219727,2.222813129425049,1.6204622983932495,0.7275095582008362,0.8410374522209167,1.1774970293045044,holo_holo_subset,False,False,False
389,SF4,1isu,A,4g9p,A,0,[8],[8],SF4,SF4,2.16080904006958,2.4884207248687744,1.172410249710083,0.5905821323394775,0.9983763098716736,0.8943248987197876,holo_holo_subset,False,False,True
390,CA,2afh,B,2kpn,A,0,[1],[1],CA,CA,7.754678249359131,2.1313493251800537,1.4578073024749756,0.6408690810203552,0.5718001127243042,1.3994011878967283,holo_holo_subset,False,False,False
391,TYD,2pae,A,3wag,B,0,[25],[25],TYD,TYD,4.855257034301758,2.154826641082764,1.5709904432296753,0.7016821503639221,0.7010180950164795,0.9182592034339904,holo_holo_subset,False,False,False
392,K,3zd9,A,6dwo,A,0,[1],[1],K,K,7.595224380493164,2.219667911529541,1.7459547519683838,0.7013585567474365,0.8882912397384644,1.2814033031463623,holo_holo_subset,False,False,False
393,CA,4i72,A,5ngy,A,0,[1],[1],CA,CA,5.639580726623535,2.531575918197632,1.5599855184555054,0.6869748830795288,0.6879309415817261,1.305413842201233,holo_holo_subset,False,False,False
394,CA,3gzk,A,6fz1,A,0,[1],[1],CA,CA,6.853478908538818,2.143223762512207,1.6890408992767334,0.7249324917793274,0.7328340411186218,1.249326229095459,holo_holo_subset,False,False,False
395,CA,3nqy,B,4ll2,B,0,[1],[1],CA,CA,6.076386451721191,2.125385284423828,1.5832746028900146,0.7036151885986328,0.9469319581985474,1.2561920881271362,holo_holo_subset,False,False,False
396,TTP,3mx2,B,4xjc,A,0,[29],[29],TTP,TTP,8.4000244140625,2.403297185897827,1.414238214492798,0.6296277046203613,0.6815632581710815,1.3366597890853882,holo_holo_subset,False,False,False
397,TYD,4lei,A,4mzu,F,0,[25],[25],TYD,TYD,7.962301731109619,2.320378303527832,1.5433200597763062,0.7019932270050049,0.7314965128898621,1.033841609954834,holo_holo_subset,False,False,False
398,K,3fd5,B,6dwo,A,0,[1],[1],K,K,5.587453842163086,2.4283134937286377,1.4986841678619385,0.7438335418701172,0.8271927833557129,1.2585548162460327,holo_holo_subset,False,False,False
399,TYD,3oti,A,4zyj,D,0,[25],[25],TYD,TYD,6.49768590927124,2.3820104598999023,1.5899964570999146,0.731026828289032,0.513827919960022,1.06476628780365,holo_holo_subset,False,False,False
400,K,3fd5,B,6npl,A,0,[1],[1],K,K,5.741972923278809,1.8485817909240725,1.4510327577590942,0.6684458255767822,0.8990651965141296,1.4041985273361206,holo_holo_subset,False,False,False
401,FDA,3itg,A,7e8p,D,0,[53],[53],FDA,FDA,4.251980781555176,2.6273722648620605,1.550477147102356,0.7269098162651062,0.7454455494880676,1.054660677909851,holo_holo_subset,False,False,False
402,FDA,4tlx,A,7e8p,D,0,[53],[53],FDA,FDA,4.07647705078125,2.5726985931396484,1.5116236209869385,0.7480348944664001,0.8049306273460388,1.2161555290222168,holo_holo_subset,False,False,False
403,FDA,4jnq,A,7e8p,D,0,[53],[53],FDA,FDA,3.3359858989715576,2.39359188079834,1.71203351020813,0.7223642468452454,0.8295142650604248,1.1129236221313477,holo_holo_subset,False,False,True
404,TYD,1epz,A,3wag,B,0,[25],[25],TYD,TYD,4.515252590179443,2.145120620727539,1.535566806793213,0.7225004434585571,0.8709819316864014,1.1290283203125,holo_holo_subset,False,False,False
405,K,2qv6,A,6dwo,A,0,[1],[1],K,K,6.585579872131348,2.024090051651001,1.5131933689117432,0.6612664461135864,0.862682044506073,1.2384012937545776,holo_holo_subset,False,False,False
406,TYD,4zyj,D,6vlo,A,0,[25],[25],TYD,TYD,6.980948925018311,1.8670721054077148,1.6463340520858765,0.684700071811676,0.7272331118583679,0.9753519892692566,holo_holo_subset,False,False,False
407,RBF,2cc8,A,5kbw,B,0,[27],[27],RBF,RBF,5.306245803833008,2.430214166641236,1.6360204219818115,0.715427041053772,0.8729832172393799,1.0674870014190674,holo_holo_subset,False,False,False
408,TYD,4lei,A,5tpu,A,0,[25],[25],TYD,TYD,5.690518856048584,2.137483596801758,1.6644909381866455,0.7413310408592224,0.8717737793922424,1.0292234420776367,holo_holo_subset,False,False,False
409,PC,1b09,A,5tcd,A,0,[11],[11],PC,PC,6.634042263031006,2.281569719314575,1.4178521633148191,0.684177577495575,0.9701383709907532,0.9206541180610656,holo_holo_subset,False,False,False
410,TYD,1epz,A,1pn3,A,0,[25],[25],TYD,TYD,4.972232341766357,2.5333614349365234,1.5369263887405396,0.7279291749000549,0.8060732483863831,1.1998274326324463,holo_holo_subset,False,False,False
411,PQQ,1otw,A,7wmk,A,0,[24],[24],PQQ,PQQ,5.034321308135986,2.378351211547852,1.534701943397522,0.7518818378448486,0.8358379602432251,1.1534242630004885,holo_holo_subset,False,False,False
412,M6P,1syo,A,7kma,B,0,[16],[16],M6P,M6P,8.043161392211914,1.831089735031128,1.6280337572097778,0.6285622715950012,0.6707960963249207,1.044677972793579,holo_holo_subset,False,False,False
413,TYD,3oti,A,5tpv,B,0,[25],[25],TYD,TYD,5.157459259033203,1.9444055557250977,1.51782488822937,0.7461221218109131,0.5628483295440674,1.0328037738800049,holo_holo_subset,False,False,False
414,SIA,2wbv,B,5xla,A,0,[21],[21],SIA,SIA,9.078587532043455,2.155734777450561,1.55575430393219,0.5080395936965942,0.9779940247535706,1.6055383682250977,holo_holo_subset,False,False,False
415,K,1jjw,A,6npl,A,0,[1],[1],K,K,6.648656845092773,2.349011182785034,1.4937058687210083,0.6758587956428528,0.9662070870399476,1.048629879951477,holo_holo_subset,False,False,False
416,TYD,1pn3,A,4zyj,D,0,[25],[25],TYD,TYD,6.87873649597168,2.020009279251098,1.6921602487564087,0.7511517405509949,0.7501492500305176,1.018630027770996,holo_holo_subset,False,False,False
417,TYD,3vbm,E,5h56,B,0,[25],[25],TYD,TYD,7.373396396636963,2.8754894733428955,1.5678807497024536,0.7086196541786194,0.7351718544960022,1.1169472932815552,holo_holo_subset,False,False,False
418,PQQ,1otw,A,8gy2,A,0,[24],[24],PQQ,PQQ,4.482380390167236,2.1501481533050537,1.4503188133239746,0.7013445496559143,0.5677284598350525,0.9808830618858336,holo_holo_subset,False,False,False
419,FDA,3swo,A,4cy8,A,0,[53],[53],FDA,FDA,2.493449211120605,2.5501954555511475,1.5855445861816406,0.7075735330581665,0.7262053489685059,1.22956383228302,holo_holo_subset,False,False,True
420,SF4,1pih,A,3pdi,A,0,[8],[8],SF4,SF4,3.865520715713501,2.308933019638061,1.5879217386245728,0.6342363953590393,0.9813643097877502,0.9810539484024048,holo_holo_subset,False,False,True
421,TYD,1r66,A,4zyj,D,0,[25],[25],TYD,TYD,7.169070243835449,2.349299430847168,1.4929521083831787,0.6937779188156128,0.8864631652832031,1.083099126815796,holo_holo_subset,False,False,False
422,K,2gj8,D,6dwo,A,0,[1],[1],K,K,6.651957035064697,2.147618770599365,1.4997801780700684,0.7133751511573792,0.7584371566772461,1.3895479440689087,holo_holo_subset,False,False,False
423,TYD,1h7q,A,3vbm,E,0,[25],[25],TYD,TYD,7.66367769241333,2.470982551574707,1.6129733324050903,0.7191448211669922,0.7430102229118347,1.0904911756515503,holo_holo_subset,False,False,False
424,TYD,1epz,A,2v54,A,0,[25],[25],TYD,TYD,4.634856700897217,2.6364893913269043,1.5482960939407349,0.7838699817657471,0.8913968801498413,0.9570308327674866,holo_holo_subset,False,False,False
425,PQQ,1otw,A,4mh1,B,0,[24],[24],PQQ,PQQ,5.403858184814453,2.4037671089172363,1.571910738945007,0.7457281351089478,0.844373345375061,1.2519620656967163,holo_holo_subset,False,False,False
426,DGT,4lrl,C,5hrf,A,0,[31],[31],DGT,DGT,7.246586799621582,2.4377810955047607,1.486458420753479,0.7040165066719055,0.7963268756866455,0.9641608595848083,holo_holo_subset,False,False,False
427,TYD,1h7q,A,4mzu,F,0,[25],[25],TYD,TYD,4.504946708679199,2.4638442993164062,1.5730292797088623,0.6945753693580627,0.725785493850708,1.0703996419906616,holo_holo_subset,False,False,False
428,TYD,2pae,A,5h56,B,0,[25],[25],TYD,TYD,3.843374013900757,2.666287660598755,1.557808756828308,0.7701194286346436,0.817991316318512,1.052480697631836,holo_holo_subset,False,False,True
429,PQQ,1otw,A,6zcv,A,0,[24],[24],PQQ,PQQ,3.967277765274048,2.082115173339844,1.5916430950164795,0.7387845516204834,0.8431490063667297,1.0167601108551023,holo_holo_subset,False,False,True
430,TYD,1epz,A,6b5e,B,0,[25],[25],TYD,TYD,7.43684720993042,2.330596446990967,1.5485947132110596,0.7490248680114746,0.856467068195343,0.958667814731598,holo_holo_subset,False,False,False
431,TYD,1epz,A,3hjn,A,0,[25],[25],TYD,TYD,4.280032157897949,2.880868911743164,1.4099607467651367,0.7824365496635437,0.9315956830978394,0.9728585481643676,holo_holo_subset,False,False,False
432,TTP,4xjc,A,7t18,A,0,[29],[29],TTP,TTP,6.3087592124938965,2.4823334217071533,1.5280686616897583,0.6864882707595825,0.8300755023956299,1.3253778219223022,holo_holo_subset,False,False,False
433,TYD,1epz,A,1h7q,A,0,[25],[25],TYD,TYD,5.4538164138793945,2.309699773788452,1.6464107036590576,0.6885517835617065,0.7592283487319946,1.0006240606307983,holo_holo_subset,False,False,False
434,TYD,1epz,A,3oti,A,0,[25],[25],TYD,TYD,3.777947187423706,2.1997621059417725,1.474439263343811,0.7347223162651062,0.82225501537323,1.1519575119018557,holo_holo_subset,False,False,True
435,FDA,4cy8,A,4xvx,B,0,[53],[53],FDA,FDA,2.777414083480835,2.4295814037323,1.7413945198059082,0.726614773273468,0.8222776055335999,1.120977520942688,holo_holo_subset,False,False,True
436,K,2fxi,A,6dwo,A,0,[1],[1],K,K,6.317513465881348,2.0731143951416016,1.7223830223083496,0.6986018419265747,0.939212203025818,1.157823085784912,holo_holo_subset,False,False,False
437,SIA,4d62,A,5xla,A,0,[21],[21],SIA,SIA,8.53515338897705,2.289926052093506,1.4866341352462769,0.6226562261581421,0.9629032611846924,1.5493428707122805,holo_holo_subset,False,False,False
438,K,4jay,A,6cq6,B,0,[1],[1],K,K,5.310570240020752,2.269418239593506,1.5707958936691284,0.7574114203453064,0.9043504595756532,1.0142607688903809,holo_holo_subset,False,False,False
439,TYD,4mzu,F,4rii,A,0,[25],[25],TYD,TYD,7.996603012084961,2.48199200630188,1.7159063816070557,0.6668092012405396,0.4318697452545166,1.049731731414795,holo_holo_subset,False,False,False
440,TTP,4a6a,A,7t18,A,0,[29],[29],TTP,TTP,5.37302827835083,2.583444118499756,1.6802211999893188,0.6727743148803711,0.8711183071136475,1.332392930984497,holo_holo_subset,False,False,False
441,TYD,1epz,A,4lxq,B,0,[25],[25],TYD,TYD,5.898898601531982,2.5452942848205566,1.43777334690094,0.7296136021614075,0.8673446178436279,1.1392674446105957,holo_holo_subset,False,False,False
442,TYD,2pae,A,4lei,A,0,[25],[25],TYD,TYD,6.950022220611572,1.9687459468841555,1.5703802108764648,0.7440966963768005,0.6852143406867981,1.0068154335021973,holo_holo_subset,False,False,False
443,TTP,3mx2,B,4a6a,A,0,[29],[29],TTP,TTP,8.40138053894043,2.280235290527344,1.5347704887390137,0.6620565056800842,0.8808058500289917,1.1341015100479126,holo_holo_subset,False,False,False
444,FDA,3rha,A,7e8p,D,0,[53],[53],FDA,FDA,4.020806312561035,2.633702754974365,1.3612165451049805,0.7282103896141052,0.8906691074371338,1.1411806344985962,holo_holo_subset,False,False,False
445,TYD,3oti,A,5tpu,A,0,[25],[25],TYD,TYD,4.658875942230225,2.117758274078369,1.5476202964782717,0.7452229857444763,0.7296125888824463,0.9962553977966307,holo_holo_subset,False,False,False
446,TYD,3vbm,E,3wag,B,0,[25],[25],TYD,TYD,6.504410743713379,2.287504911422729,1.5594626665115356,0.7251696586608887,0.7102084755897522,1.0818233489990234,holo_holo_subset,False,False,False
447,RBF,2fl5,H,4d1y,A,0,[27],[27],RBF,RBF,6.576803207397461,2.8927581310272217,1.5002156496047974,0.7532961964607239,0.8086713552474976,1.129564881324768,holo_holo_subset,False,False,False
448,TTP,1cr1,A,4a6a,A,0,[29],[29],TTP,TTP,5.428807258605957,2.204829216003418,1.471890568733215,0.6681653261184692,0.8255876302719116,1.1662136316299438,holo_holo_subset,False,False,False
449,FDA,4cy8,A,4m9a,B,0,[53],[53],FDA,FDA,2.5286498069763184,2.5298545360565186,1.646292805671692,0.6936979293823242,0.6309016346931458,1.2835232019424438,holo_holo_subset,False,False,True
450,K,1jjw,A,6dwo,A,0,[1],[1],K,K,5.412217617034912,2.202730417251587,1.5051954984664917,0.699581503868103,0.558691680431366,1.3183374404907229,holo_holo_subset,False,False,False
451,K,3crl,B,6dwo,A,0,[1],[1],K,K,6.812975883483887,2.0897116661071777,1.4591290950775146,0.7603591084480286,0.9023706912994384,0.9585567712783812,holo_holo_subset,False,False,False
452,TYD,1epz,A,4lei,A,0,[25],[25],TYD,TYD,4.701619625091553,2.219920873641968,1.7607837915420532,0.7349227666854858,0.8393027782440186,1.1300603151321411,holo_holo_subset,False,False,False
453,TYD,4rii,A,5tpu,A,0,[25],[25],TYD,TYD,5.550612926483154,2.3025054931640625,1.5456843376159668,0.704831600189209,0.6601083874702454,1.046729326248169,holo_holo_subset,False,False,False
454,K,1gup,A,6npl,A,0,[1],[1],K,K,8.192225456237793,1.537179946899414,1.4257230758666992,0.6057047843933105,0.5452798008918762,1.2060446739196775,holo_holo_subset,False,False,False
455,TYD,1h7q,A,2pae,A,0,[25],[25],TYD,TYD,4.882132530212402,2.224662065505981,1.392864465713501,0.7044250965118408,0.4264018535614013,1.08432137966156,holo_holo_subset,False,False,False
456,TYD,4g2t,A,4zyj,D,0,[25],[25],TYD,TYD,6.740948677062988,2.14057993888855,1.5792570114135742,0.7089754939079285,0.568493664264679,0.9983997941017152,holo_holo_subset,False,False,False
457,TYD,3wag,B,4zyj,D,0,[25],[25],TYD,TYD,6.340734958648682,2.032242774963379,1.5345935821533203,0.7428485751152039,0.6276542544364929,1.0082285404205322,holo_holo_subset,False,False,False
458,RBF,1kyv,E,3a35,A,0,[27],[27],RBF,RBF,6.805509090423584,2.5412933826446533,1.6346166133880615,0.7273236513137817,0.90887188911438,1.15516459941864,holo_holo_subset,False,False,False
459,PQQ,1otw,A,1w6s,C,0,[24],[24],PQQ,PQQ,4.3456315994262695,2.1805524826049805,1.67353355884552,0.7335763573646545,0.4082910120487213,1.048522710800171,holo_holo_subset,False,False,False
460,K,2fxi,A,6cq6,B,0,[1],[1],K,K,3.605009078979492,2.0923218727111816,1.7577252388000488,0.6922846436500549,0.4564163088798523,1.127922296524048,holo_holo_subset,False,False,False
461,TYD,1rrv,A,4zyj,D,0,[25],[25],TYD,TYD,6.6735453605651855,2.0092344284057617,1.578786849975586,0.730215847492218,0.7356467247009277,1.03410804271698,holo_holo_subset,False,False,False
462,SIA,4k6u,B,5xla,A,0,[21],[20],SIA,SIA,7.48597526550293,2.451113224029541,1.4334025382995603,0.6222380995750427,0.9949323534965516,1.176988959312439,holo_holo_subset,False,False,False
463,K,2ib8,D,6npl,A,0,[1],[1],K,K,8.66696834564209,2.22766375541687,1.6001276969909668,0.5362981557846069,0.9587317109107972,1.2797678709030151,holo_holo_subset,False,False,False
464,TYD,1epz,A,5h56,B,0,[25],[25],TYD,TYD,4.239081859588623,2.6493866443634038,1.434132695198059,0.7740527987480164,0.8908615708351135,0.980045199394226,holo_holo_subset,False,False,False
465,TYD,4mzu,F,5h56,B,0,[25],[25],TYD,TYD,3.6796212196350098,2.561488389968872,1.6821683645248413,0.7030578851699829,0.8514350652694702,1.1444672346115112,holo_holo_subset,False,False,True
466,TYD,4lxq,B,4zyj,D,0,[25],[25],TYD,TYD,7.161455631256104,2.127124309539795,1.6227118968963623,0.6885514855384827,0.6807072758674622,1.278507947921753,holo_holo_subset,False,False,False
467,TYD,4rii,A,4zyj,D,0,[25],[25],TYD,TYD,6.484578609466553,2.225450038909912,1.5848588943481443,0.696690022945404,0.8471607565879822,1.0345150232315063,holo_holo_subset,False,False,False
468,SIA,4fvv,B,5xla,A,0,[21],[21],SIA,SIA,8.443557739257812,2.181277275085449,1.5315093994140625,0.610565185546875,0.70780348777771,1.0876860618591309,holo_holo_subset,False,False,False
469,SIA,3r4s,A,5xla,A,0,[21],[21],SIA,SIA,7.37238073348999,2.116063117980957,1.5530717372894287,0.621914803981781,0.6657093167304993,0.905423104763031,holo_holo_subset,False,False,False
470,K,1jjw,A,6cq6,B,0,[1],[1],K,K,6.13084602355957,1.8304407596588133,1.694583296775818,0.6716023683547974,0.7212977409362793,1.1369389295578003,holo_holo_subset,False,False,False
471,TYD,4zyj,D,6b5e,B,0,[25],[25],TYD,TYD,6.920078277587891,2.277501583099365,1.6883240938186646,0.690231442451477,0.8457896709442139,1.1210206747055054,holo_holo_subset,False,False,False
472,TYD,3wag,B,5tpv,B,0,[25],[25],TYD,TYD,3.7142722606658936,2.102086305618286,1.4230345487594604,0.695558488368988,0.7750009894371033,1.0492993593215942,holo_holo_subset,False,False,True
473,TYD,4e2x,A,4zyj,D,0,[25],[25],TYD,TYD,7.861955642700195,2.2199506759643555,1.6983648538589478,0.7127882242202759,0.6276776194572449,1.174201488494873,holo_holo_subset,False,False,False
474,TYD,3hjn,A,4zyj,D,0,[25],[25],TYD,TYD,6.686505317687988,2.0311098098754883,1.4359475374221802,0.7424895167350769,0.3539868891239166,1.2201727628707886,holo_holo_subset,False,False,False
475,TYD,1epz,A,1r66,A,0,[25],[25],TYD,TYD,6.206355571746826,2.398433923721313,1.7780866622924805,0.6815673112869263,0.7591556906700134,1.3323824405670166,holo_holo_subset,False,False,False
476,TYD,2pae,A,4rii,A,0,[25],[25],TYD,TYD,3.9595515727996826,2.7070975303649902,1.678158402442932,0.7743330001831055,0.7767789363861084,0.9846441745758056,holo_holo_subset,False,False,True
477,SIA,4nfd,A,5xla,A,0,[21],[21],SIA,SIA,9.051513671875,2.1569128036499023,1.743234157562256,0.6034708619117737,0.943636953830719,1.13678240776062,holo_holo_subset,False,False,False
478,SIA,5egc,A,5xla,A,0,[21],[21],SIA,SIA,8.928497314453125,2.403394222259521,1.6946322917938232,0.6060768961906433,0.9883997440338136,2.368896961212158,holo_holo_subset,False,False,False
479,SIA,5xla,A,6g47,A,0,[21],[21],SIA,SIA,7.866806507110596,2.358706474304199,1.4429255723953247,0.662539005279541,0.9701959490776062,0.979967474937439,holo_holo_subset,False,False,False
480,1GP,3ew5,A,4jej,A,1,[10],[10],1GP,1GP,3.037053346633911,2.5282907485961914,1.5579174757003784,0.727659285068512,0.77308589220047,1.1268967390060425,holo_holo_subset,False,False,True
481,AZM,3ucj,A,4xiw,C,1,[13],[13],AZM,AZM,3.874608278274536,2.5021560192108154,1.5867332220077517,0.70881187915802,0.6144627332687378,1.013641595840454,holo_holo_subset,False,False,True
482,NAI,4fju,A,6ct6,B,1,[44],[44],NAI,NAI,2.747475862503052,3.1661033630371094,1.4754807949066162,0.7534811496734619,0.6919249296188354,0.9594624638557434,holo_holo_subset,False,False,True
483,SAM,2obv,A,6clx,B,1,[27],[27],SAM,SAM,3.98986291885376,2.482570171356201,1.5302656888961792,0.6575950384140015,0.4386352598667145,1.1907498836517334,holo_holo_subset,False,False,False
484,SF4,2a5h,B,7mi4,A,1,[8],[8],SF4,SF4,7.501505374908447,2.1992738246917725,1.658621311187744,0.7227729558944702,0.7713506817817688,0.99589604139328,holo_holo_subset,False,False,False
485,NAI,1t2e,A,3fhm,A,1,[44],[44],NAI,NAI,3.686854362487793,2.897794723510742,1.3871502876281738,0.730350911617279,0.8089991211891174,1.1365325450897217,holo_holo_subset,False,False,True
486,SAM,2obv,A,3uj7,A,1,[27],[27],SAM,SAM,3.859905004501343,2.4300153255462646,1.697326421737671,0.6757302284240723,0.5198450684547424,1.202151894569397,holo_holo_subset,False,False,True
487,AZM,3ucj,A,4g7a,B,1,[13],[13],AZM,AZM,3.6781914234161377,2.4870448112487797,1.5561060905456543,0.7125757336616516,0.5573984980583191,1.0830732583999634,holo_holo_subset,False,False,True
488,COM,1e6v,A,4pom,A,1,[7],[7],COM,COM,8.187041282653809,2.213930130004883,1.4829753637313845,0.6716189980506897,0.9112280011177064,1.0448054075241089,holo_holo_subset,False,False,False
489,VN4,3e81,A,4ri5,A,1,[4],[4],VN4,VN4,3.672130823135376,2.573465347290039,2.071777582168579,0.7075252532958984,0.5845034122467041,1.037928342819214,holo_holo_subset,False,False,False
490,KH2,4dmo,A,5kkw,A,1,[14],[14],KH2,KH2,7.546969890594482,2.515550136566162,1.4658191204071045,0.6373660564422607,0.902521789073944,1.2377008199691772,holo_holo_subset,False,False,False
491,A2P,1h1h,A,3jqp,D,1,[27],[27],A2P,A2P,5.619437217712402,2.096769332885742,1.4644304513931274,0.7098286747932434,0.7958415746688843,1.3000164031982422,holo_holo_subset,False,False,False
492,NAI,3afo,A,5bwm,B,1,[44],[44],NAI,NAI,3.578010320663452,2.3446044921875,1.4981741905212402,0.7293901443481445,0.8119012713432312,1.1544113159179688,holo_holo_subset,False,False,True
493,K,1d7r,A,2qv6,A,1,[1],[1],K,K,7.781774520874023,2.527738094329834,1.8819345235824585,0.6818174123764038,0.9193400740623474,1.0570075511932373,holo_holo_subset,False,False,False
494,CA,1sui,A,7tz2,A,1,[1],[1],CA,CA,6.507404804229736,2.67516565322876,1.5077687501907349,0.7617576122283936,0.7622596621513367,1.0782846212387085,holo_holo_subset,False,False,False
495,SAM,3ku1,A,5v3h,A,1,[27],[27],SAM,SAM,2.3992764949798584,2.994171380996704,1.6092082262039185,0.7337454557418823,0.566892683506012,1.1117128133773804,holo_holo_subset,False,False,True
496,NAI,1wnb,A,3fhm,A,1,[44],[44],NAI,NAI,5.937760353088379,2.780726432800293,1.5395872592926023,0.6897850632667542,0.8619120121002197,1.1986041069030762,holo_holo_subset,False,False,False
497,SAM,2obv,A,4a6d,A,1,[27],[27],SAM,SAM,4.640222549438477,2.319180011749268,1.804160594940185,0.6635416746139526,0.7976462841033936,1.2651900053024292,holo_holo_subset,False,False,False
498,TFA,2ra4,B,5v7y,A,1,[7],[7],TFA,TFA,6.096921443939209,2.388414144515991,1.6206084489822388,0.7448758482933044,0.6657757759094238,1.0921674966812134,holo_holo_subset,False,False,False
499,CA,3u48,B,3vyk,A,1,[1],[1],CA,CA,8.122029304504395,2.297224998474121,1.6579877138137815,0.678535521030426,0.6681779623031616,1.1572561264038086,holo_holo_subset,False,False,False
500,TYD,1h7q,A,5h56,B,1,[25],[25],TYD,TYD,5.747611045837402,2.724174737930298,1.4543685913085938,0.7004714012145996,0.8249698877334595,1.108214259147644,holo_holo_subset,False,False,False
501,M6P,3c0o,A,4rzc,A,1,[16],[16],M6P,M6P,5.693850040435791,2.290745496749878,1.6103330850601196,0.6777076721191406,0.9282820224761964,1.1770837306976318,holo_holo_subset,False,False,False
502,AZM,3ucj,A,4x5s,A,1,[13],[13],AZM,AZM,3.963127374649048,2.576070785522461,1.6318713426589966,0.7222002148628235,0.4739480316638946,0.9525742530822754,holo_holo_subset,False,False,False
503,HEM,2nwb,A,351c,A,1,[43],[43],HEM,HEM,4.78212308883667,2.293939113616944,1.6791971921920776,0.6934949159622192,0.73643559217453,1.2833199501037598,holo_holo_subset,False,False,False
504,A2P,3jqp,D,5jh2,A,1,[27],[27],A2P,A2P,2.8269636631011963,3.320056438446045,1.4683102369308472,0.7312250733375549,0.8440849184989929,1.1178956031799316,holo_holo_subset,False,False,True
505,NAI,3uh1,A,7wmz,C,1,[44],[44],NAI,NAI,4.022931098937988,2.4595155715942383,1.5600879192352295,0.6791920065879822,0.8853316903114319,1.4186469316482544,holo_holo_subset,False,False,False
506,FUL,3t5o,A,6tr4,A,1,[11],[10],FUL,FUL,8.624154090881348,1.7975105047225952,1.5215578079223633,0.5445214509963989,0.3275459110736847,0.96895831823349,holo_holo_subset,False,False,False
507,QUE,1e8w,A,3bpt,A,1,[22],[22],QUE,QUE,4.854019165039063,2.1851072311401367,2.0330519676208496,0.7055068016052246,0.7745048403739929,1.3279181718826294,holo_holo_subset,False,False,False
508,NAI,2q1s,A,4fju,A,1,[44],[44],NAI,NAI,2.832594871520996,3.224480152130127,1.4854795932769775,0.7179868817329407,0.8963881134986877,1.1047859191894531,holo_holo_subset,False,False,True
509,TYD,3wag,B,6b5e,B,1,[25],[25],TYD,TYD,7.155983924865723,3.056525707244873,1.411914348602295,0.7402412295341492,0.7931757569313049,1.050822377204895,holo_holo_subset,False,False,False
510,CAA,1dub,A,3vzs,B,1,[54],[54],CAA,CAA,7.053853511810303,3.119934558868408,1.341529130935669,0.7350625395774841,0.794734001159668,1.187315583229065,holo_holo_subset,False,False,False
511,TYD,1h7q,A,4rii,A,1,[25],[25],TYD,TYD,2.5577962398529053,3.167320966720581,1.4117227792739868,0.7405679821968079,0.6622297167778015,1.1194720268249512,holo_holo_subset,False,False,True
512,TYD,4mzu,F,4zyj,D,1,[25],[25],TYD,TYD,6.724233150482178,1.7978410720825195,1.709257960319519,0.709033727645874,0.6145933270454407,1.2534924745559692,holo_holo_subset,False,False,False
513,COM,3sqg,A,4pom,A,1,[7],[7],COM,COM,7.138975620269775,2.4422101974487305,0.8489059209823608,0.6966108679771423,0.9098209142684937,0.8809744715690613,holo_holo_subset,False,False,False
514,NAI,4y9d,A,7wmz,C,1,[44],[27],NAI,NAI,3.841755628585816,2.5496506690979004,1.6015082597732544,0.7033784985542297,0.5898435711860657,1.2630157470703125,holo_holo_subset,False,False,True
515,SAM,3nk7,B,4k36,A,1,[27],[27],SAM,SAM,4.888416767120361,2.3919501304626465,1.8294538259506223,0.7072970271110535,0.7972040772438049,1.3921178579330444,holo_holo_subset,False,False,False
516,03S,5ei5,A,7jw9,A,1,[5],[4],03S,03S,5.991172790527344,2.7546517848968506,1.5007460117340088,0.7260940074920654,0.9473630785942078,1.4602539539337158,holo_holo_subset,False,False,False
517,COM,2c3c,A,4pom,A,1,[7],[7],COM,COM,6.767813682556152,2.2343997955322266,1.448609709739685,0.7172166109085083,0.5245347619056702,1.2782436609268188,holo_holo_subset,False,False,False
518,AMZ,1p4r,A,4tx9,A,1,[22],[22],AMZ,AMZ,8.312499046325684,2.6943514347076416,1.577612042427063,0.7305411696434021,0.8505678772926331,1.1156857013702393,holo_holo_subset,False,False,False
519,ENO,3gac,E,4jb0,A,1,[13],[13],ENO,ENO,5.686461448669434,2.2306995391845703,1.610175609588623,0.6849345564842224,0.7889478206634521,1.221444010734558,holo_holo_subset,False,False,False
520,NAI,3q2i,A,5bwm,B,1,[44],[44],NAI,NAI,2.974879503250122,3.041553020477295,1.4300947189331057,0.7307655811309814,0.862421452999115,1.0104525089263916,holo_holo_subset,False,False,True
521,RUB,5yfj,A,9rub,A,1,[18],[18],RUB,RUB,6.844653129577637,2.697110176086426,1.672412633895874,0.7185560464859009,0.822691798210144,0.9858437180519104,holo_holo_subset,False,False,False
522,3CX,3oqj,B,5m85,A,1,[15],[15],3CX,3CX,4.621211528778076,2.258646011352539,1.654369235038757,0.7073399424552917,0.7866649031639099,1.2788769006729126,holo_holo_subset,False,False,False
523,SKM,3slh,D,4fos,A,1,[12],[12],SKM,SKM,5.272810459136963,2.161141395568848,1.5704399347305298,0.7004174590110779,0.8097116947174072,1.230787754058838,holo_holo_subset,False,False,False
524,BPY,1kmy,A,3zv5,A,1,[14],[14],BPY,BPY,6.236282825469971,2.561896324157715,1.471338152885437,0.7253987193107605,0.8342990279197693,1.09256911277771,holo_holo_subset,False,False,False
525,SAM,1wg8,A,2obv,A,1,[27],[27],SAM,SAM,4.390775680541992,2.4555118083953857,1.6384789943695068,0.7259936928749084,0.7742364406585693,1.123340368270874,holo_holo_subset,False,False,False
526,CA,1m1j,B,3pgv,A,1,[1],[1],CA,CA,5.701606273651123,2.0355286598205566,1.5532490015029907,0.7427343130111694,0.7151963710784912,0.939403235912323,holo_holo_subset,False,False,False
527,AND,1coy,A,1j99,A,1,[21],[21],AND,AND,4.348428249359131,2.443709373474121,1.4303317070007324,0.7500383853912354,0.9171125292778016,1.0688717365264893,holo_holo_subset,False,False,False
528,FUL,1n04,A,6tr4,A,1,[11],[11],FUL,FUL,8.392135620117188,2.312028408050537,1.800308346748352,0.6582361459732056,0.8336322903633118,1.050007700920105,holo_holo_subset,False,False,False
529,CA,3upt,A,7ym0,A,1,[1],[1],CA,CA,2.2252771854400635,2.9243905544281006,1.5564475059509275,0.7567556500434875,0.7707005143165588,1.1036317348480225,holo_holo_subset,False,False,True
530,RBF,2cc8,A,4d1y,A,1,[27],[27],RBF,RBF,6.558873653411865,2.626893997192383,1.4826198816299438,0.7099723219871521,0.8992931842803955,1.1218618154525757,holo_holo_subset,False,False,False
531,CA,1ckl,A,1e8u,B,1,[1],[1],CA,CA,7.252900123596191,2.2969014644622803,1.3097506761550903,0.6660877466201782,0.7143640518188477,1.339098334312439,holo_holo_subset,False,False,False
532,IMH,2ff2,B,3mb8,A,1,[19],[19],IMH,IMH,4.675338745117188,2.720573902130127,1.5226248502731323,0.7207654714584351,0.5106716752052307,1.1157546043395996,holo_holo_subset,False,False,False
533,CA,4kc8,A,5lf2,A,1,[1],[1],CA,CA,6.187511444091797,2.1953463554382324,1.7729547023773191,0.7214213013648987,0.4900157451629638,1.1807639598846436,holo_holo_subset,False,False,False
534,CA,1ckl,A,3fz3,B,1,[1],[1],CA,CA,7.282189846038818,2.0832300186157227,1.5049339532852173,0.6863624453544617,0.9077410697937012,1.2539424896240234,holo_holo_subset,False,False,False
535,NAI,4eue,A,4fju,A,1,[44],[44],NAI,NAI,2.761728286743164,3.3344390392303467,1.445012092590332,0.7197791337966919,0.8844612836837769,1.1419533491134644,holo_holo_subset,False,False,True
536,NAI,6jw7,A,7wmz,C,1,[44],[44],NAI,NAI,5.365431785583496,2.8513894081115723,1.7329539060592651,0.674011766910553,0.8212558031082153,1.5405170917510986,holo_holo_subset,False,False,False
537,SKM,2aa9,A,4p4g,A,1,[12],[12],SKM,SKM,3.484748363494873,2.018868923187256,1.3901842832565308,0.7071707844734192,0.7930943369865417,1.3876817226409912,holo_holo_subset,False,False,True
538,SKM,2aa9,A,2ev9,B,1,[12],[12],SKM,SKM,4.554065227508545,2.436379194259644,1.6051509380340576,0.7509028911590576,0.5961357951164246,1.2585711479187012,holo_holo_subset,False,False,False
539,A2P,1h1h,A,5jh2,A,1,[27],[27],A2P,A2P,6.105582237243652,2.4736733436584477,1.4946439266204834,0.7160335779190063,0.7256019115447998,1.1101222038269043,holo_holo_subset,False,False,False
540,DAN,1rv0,L,1sli,A,1,[20],[20],DAN,DAN,6.682758808135986,1.7820463180541992,1.4550529718399048,0.6203325986862183,0.5590892434120178,1.4525877237319946,holo_holo_subset,False,False,False
541,NXL,6fj1,A,6mkq,A,1,[17],[17],NXL,NXL,2.527120590209961,2.4525725841522217,1.6190892457962036,0.7248899936676025,0.4513090252876282,1.250770092010498,holo_holo_subset,False,False,False
542,NAI,4fju,A,5z20,F,1,[44],[44],NAI,NAI,2.90120267868042,3.032205581665039,1.385230541229248,0.7223254442214966,0.7820959687232971,0.9327340126037598,holo_holo_subset,False,False,True
543,DAR,1bg0,A,6mp8,A,1,[12],[12],DAR,DAR,4.211627006530762,2.278322458267212,1.634664535522461,0.6732878088951111,0.7146674394607544,1.3278427124023438,holo_holo_subset,False,False,False
544,SAM,2obv,A,3dlc,A,1,[27],[27],SAM,SAM,4.371186256408691,2.299896478652954,1.5824289321899414,0.7032060027122498,0.7708667516708374,1.1156100034713743,holo_holo_subset,False,False,False
545,NAI,2gwl,A,6t3e,B,1,[44],[44],NAI,NAI,2.9854419231414795,3.0404398441314697,1.5363277196884155,0.672897458076477,0.9139750003814696,1.1887601613998413,holo_holo_subset,False,False,True
546,K,2gj8,D,3fd5,B,1,[1],[1],K,K,5.095408916473389,3.0051469802856445,1.5548806190490725,0.702287495136261,0.8977938294410706,1.3380848169326782,holo_holo_subset,False,False,False
547,SKM,2aa9,A,4fos,A,1,[12],[12],SKM,SKM,4.14188814163208,2.0748205184936523,1.497451901435852,0.7307471632957458,0.7976663708686829,1.2930116653442385,holo_holo_subset,False,False,False
548,RBF,1kyv,E,4r3a,A,1,[27],[27],RBF,RBF,3.321657657623291,2.709847450256348,1.6117103099822998,0.6794966459274292,0.9439220428466796,1.3286516666412354,holo_holo_subset,False,False,True
549,F6P,2axn,A,3iv8,A,1,[16],[16],F6P,F6P,5.697909355163574,2.51509428024292,1.6183998584747314,0.7175579071044922,0.8297542333602905,1.1268386840820312,holo_holo_subset,False,False,False
550,ETA,3abo,A,5yle,A,1,[4],[4],ETA,ETA,2.884753942489624,2.3547897338867188,1.378127098083496,0.7427868247032166,0.7934010028839111,1.0613150596618652,holo_holo_subset,False,False,True
551,BG6,4f66,A,7e6i,A,1,[16],[16],BG6,BG6,4.278865337371826,2.535461187362671,1.2731393575668335,0.6740908622741699,0.8217258453369141,1.05098557472229,holo_holo_subset,False,False,False
552,PC,1b09,A,4bbj,A,1,[11],[11],PC,PC,8.570777893066406,2.1683149337768555,1.4599344730377195,0.698146641254425,0.7945064902305603,1.072309970855713,holo_holo_subset,False,False,False
553,CA,1ajk,A,6xux,A,1,[1],[1],CA,CA,7.976277351379394,2.328880786895752,1.465915322303772,0.694628119468689,0.9106985330581664,1.431555151939392,holo_holo_subset,False,False,False
554,COM,4pom,A,5a0y,A,1,[7],[7],COM,COM,6.575981616973877,1.983364582061768,1.618302583694458,0.676616907119751,0.6105690598487854,1.2125277519226074,holo_holo_subset,False,False,False
555,K,2fxi,A,2qv6,A,1,[1],[1],K,K,6.730617523193359,2.4770421981811523,1.7627276182174685,0.7153301239013672,0.8190451264381409,1.051896333694458,holo_holo_subset,False,False,False
556,95E,5nr3,A,7bvc,B,1,[14],[14],95E,95E,5.961952686309815,1.9910593032836916,1.6480343341827393,0.6675898432731628,0.8337114453315735,1.2889190912246704,holo_holo_subset,False,False,False
557,TYD,4zyj,D,5tpv,B,1,[25],[25],TYD,TYD,7.468987464904785,2.3137457370758057,1.513419270515442,0.6547920107841492,0.7360662817955017,1.2915829420089722,holo_holo_subset,False,False,False
558,CA,1os1,A,5e1q,B,1,[1],[1],CA,CA,3.684759140014648,2.4768223762512207,1.569805145263672,0.7345843315124512,0.7975374460220337,1.1210695505142212,holo_holo_subset,False,False,True
559,SAM,4k36,A,5bw4,B,1,[27],[27],SAM,SAM,2.906503200531006,2.3837156295776367,1.5950450897216797,0.6995464563369751,0.9219356179237366,1.2236149311065674,holo_holo_subset,False,False,True
560,HEM,2a9e,A,7w81,A,1,[43],[43],HEM,HEM,5.370535373687744,2.317912578582764,1.712011218070984,0.6310014128684998,0.9550591707229614,1.4610579013824463,holo_holo_subset,False,False,False
561,M6P,1syo,A,4rzc,A,1,[16],[16],M6P,M6P,7.719186782836914,2.165773868560791,1.868891716003418,0.6280449032783508,0.4841054379940033,1.1986862421035769,holo_holo_subset,False,False,False
562,HEM,1dxt,B,2qpp,B,1,[43],[43],HEM,HEM,7.044658184051514,2.681506872177124,1.447083592414856,0.7286163568496704,0.981455147266388,1.1706502437591553,holo_holo_subset,False,False,False
563,3PY,4dqd,A,5xsf,A,1,[7],[7],3PY,3PY,7.444126605987549,2.5493931770324707,1.6643332242965698,0.7437934279441833,0.7101306915283203,1.105141043663025,holo_holo_subset,False,False,False
564,SAM,3nk7,B,3qxy,A,1,[27],[27],SAM,SAM,3.996119976043701,2.5739123821258545,1.5672699213027954,0.7039420008659363,0.675777018070221,1.166931390762329,holo_holo_subset,False,False,True
565,CA,1af4,A,4lt6,A,1,[1],[1],CA,CA,6.323645114898682,2.601628303527832,1.602512240409851,0.7057686448097229,0.848026692867279,1.1375263929367063,holo_holo_subset,False,False,False
566,TYD,3oti,A,6b5e,B,1,[25],[25],TYD,TYD,7.16510534286499,3.1565301418304443,1.407445192337036,0.7452627420425415,0.7039745450019836,1.172116994857788,holo_holo_subset,False,False,False
567,BG6,4f66,A,5hj5,B,1,[16],[16],BG6,BG6,7.489139080047607,2.776515245437622,1.4031317234039309,0.7718791961669922,0.590341329574585,1.0210071802139282,holo_holo_subset,False,False,False
568,CA,1ksc,A,2m29,A,1,[1],[1],CA,CA,5.909255027770996,2.149184465408325,1.4243446588516235,0.7061876058578491,0.8756109476089478,1.1414867639541626,holo_holo_subset,False,False,False
569,AZM,3ml5,A,3ucj,A,1,[13],[13],AZM,AZM,4.164017200469971,2.197749137878418,1.3448718786239624,0.6886510252952576,0.3042691648006439,1.0236237049102783,holo_holo_subset,False,False,False
570,PC,1o72,A,3lkf,A,1,[11],[11],PC,PC,6.177356719970703,2.608309507369995,1.448176622390747,0.6852732300758362,0.8977591395378113,1.150060772895813,holo_holo_subset,False,False,False
571,FPP,3aq0,C,6ob5,D,1,[24],[24],FPP,FPP,4.9840288162231445,2.5460376739501958,1.647755742073059,0.6723785400390625,0.9362496733665466,1.277642011642456,holo_holo_subset,False,False,False
572,SAM,2a5h,B,4pgh,D,1,[27],[27],SAM,SAM,2.7963340282440186,2.568183183670044,1.6540913581848145,0.7235678434371948,0.729343831539154,1.3716129064559937,holo_holo_subset,False,False,True
573,1GP,4nae,A,6dgm,B,1,[10],[10],1GP,1GP,4.937830924987793,2.483215808868408,1.6242563724517822,0.7348129749298096,0.3902374505996704,1.1580849885940552,holo_holo_subset,False,False,False
574,ICB,5ez1,B,6htk,A,1,[12],[12],ICB,ICB,4.304295539855957,2.1687965393066406,1.5150800943374634,0.7104095816612244,0.8795297145843506,1.1658109426498413,holo_holo_subset,False,False,False
575,M6P,3c0o,A,7kma,B,1,[16],[16],M6P,M6P,2.6243815422058105,2.5458219051361084,1.4816969633102417,0.6817966103553772,0.40449059009552,1.1511090993881226,holo_holo_subset,False,False,False
576,RBF,1kyv,E,6n7f,A,1,[27],[27],RBF,RBF,7.292163848876953,2.0937578678131104,1.780115246772766,0.6648685336112976,0.7957649230957031,1.2981579303741455,holo_holo_subset,False,False,False
577,NAI,2gwl,A,5h5x,C,1,[44],[44],NAI,NAI,2.9054930210113525,3.065845727920532,1.5139304399490356,0.7202989459037781,0.8902031183242798,1.1855205297470093,holo_holo_subset,False,False,True
578,NAI,4fju,A,8ab3,A,1,[44],[44],NAI,NAI,2.7126004695892334,3.114537000656128,1.4394657611846924,0.697636604309082,0.6935200691223145,1.0251544713974,holo_holo_subset,False,False,True
579,SAM,1sqf,A,4k36,A,1,[27],[27],SAM,SAM,4.347026824951172,2.3194289207458496,1.4570292234420776,0.6528539657592773,0.8207873702049255,1.3105931282043457,holo_holo_subset,False,False,False
580,1GP,4mm1,A,4rgq,B,1,[10],[10],1GP,1GP,5.886466503143311,2.406609296798706,1.5902725458145142,0.6960578560829163,0.8423338532447815,1.0182099342346191,holo_holo_subset,False,False,False
581,F6P,3iv8,A,4lc9,A,1,[16],[16],F6P,F6P,7.690515041351318,2.6949243545532227,1.2633261680603027,0.6191940307617188,0.9073296785354614,1.1423903703689575,holo_holo_subset,False,False,False
582,CAA,1dub,A,5lnq,A,1,[54],[54],CAA,CAA,4.711157321929932,3.194568634033203,1.4471485614776611,0.7347242832183838,0.9832037091255188,1.0413784980773926,holo_holo_subset,False,False,False
583,1GP,3ew5,A,4nae,A,1,[10],[10],1GP,1GP,5.422077178955078,2.713383674621582,1.6137579679489136,0.723884105682373,0.7594228386878967,1.097114086151123,holo_holo_subset,False,False,False
584,NAI,1o0s,A,5bwm,B,1,[44],[44],NAI,NAI,2.9378507137298584,2.801769733428955,1.5760397911071775,0.7194107174873352,0.8137927651405334,1.083577275276184,holo_holo_subset,False,False,True
585,SF4,1zj8,A,5ztb,B,1,[8],[8],SF4,SF4,6.652813911437988,2.339263916015625,1.499190330505371,0.6655236482620239,0.792925238609314,1.6422383785247805,holo_holo_subset,False,False,False
586,CA,1b94,A,1cp9,B,1,[1],[1],CA,CA,7.865475177764893,2.236791610717773,1.6815900802612305,0.5963079929351807,0.8367142081260681,1.1055115461349487,holo_holo_subset,False,False,False
587,03S,7jw9,A,7trr,A,1,[4],[5],03S,03S,5.239675521850586,2.738142967224121,1.6345410346984863,0.6966599225997925,0.9813829660415648,1.2134562730789185,holo_holo_subset,False,False,False
588,NAI,3flk,A,4fju,A,1,[44],[44],NAI,NAI,3.2452778816223145,2.6797845363616943,1.7098900079727173,0.7200538516044617,0.8971809148788452,1.023038625717163,holo_holo_subset,False,False,True
589,NAI,3uh1,A,6jw7,A,1,[44],[44],NAI,NAI,1.4469465017318726,4.469473838806152,0.5898574590682983,0.815966784954071,0.8783409595489502,0.698070764541626,holo_holo_subset,False,True,True
590,COM,1e6y,A,4pom,A,1,[7],[7],COM,COM,6.397956848144531,2.1028711795806885,1.5005239248275757,0.7147795557975769,0.9488732814788818,0.9266964197158812,holo_holo_subset,False,False,False
591,PQQ,1w6s,C,3das,A,1,[24],[24],PQQ,PQQ,4.918430805206299,2.9011383056640625,1.4167712926864624,0.7607727646827698,0.9092319011688232,1.205796480178833,holo_holo_subset,False,False,False
592,SF4,2akj,A,6bxk,A,1,[8],[8],SF4,SF4,6.527921676635742,2.369716167449951,1.5925647020339966,0.6708833575248718,0.7123429775238037,1.148905873298645,holo_holo_subset,False,False,False
593,NAI,1ahi,A,7wmz,C,1,[44],[44],NAI,NAI,3.4481911659240723,2.7941606044769287,1.579517483711243,0.6921248435974121,0.902834951877594,1.2734882831573486,holo_holo_subset,False,False,True
594,TTP,2ggq,A,3mx2,B,1,[29],[29],TTP,TTP,8.224797248840332,2.499378204345703,1.5494345426559448,0.6729164719581604,0.6155792474746704,1.2413396835327148,holo_holo_subset,False,False,False
595,1VU,4l80,C,6bjb,A,1,[52],[52],1VU,1VU,5.356394767761231,2.5921740531921387,1.5838147401809692,0.7178810238838196,0.9085544943809508,1.153407335281372,holo_holo_subset,False,False,False
596,1GP,2f6x,A,4rgq,B,1,[10],[10],1GP,1GP,4.964719295501709,2.5184221267700195,1.5226603746414185,0.7399387955665588,0.7402092218399048,1.069240927696228,holo_holo_subset,False,False,False
597,GOA,3r3z,A,6gmb,A,1,[5],[5],GOA,GOA,3.1277623176574707,2.732665061950684,1.5582785606384275,0.7319539785385132,0.8346907496452332,1.2009837627410889,holo_holo_subset,False,False,True
598,NAI,3x2f,A,7wmz,C,1,[44],[44],NAI,NAI,5.808023929595947,2.479088068008423,1.6840131282806396,0.6646108627319336,0.9225759506225586,1.2350924015045166,holo_holo_subset,False,False,False
599,SKM,2aa9,A,2hk9,A,1,[12],[12],SKM,SKM,3.91607117652893,2.3111109733581543,1.6138966083526611,0.7505942583084106,0.6186646223068237,1.3377742767333984,holo_holo_subset,False,False,True
600,SAM,2obv,A,5hfj,C,1,[27],[27],SAM,SAM,4.028100967407227,2.48608660697937,1.44543719291687,0.6977763772010803,0.7459334135055542,1.1001276969909668,holo_holo_subset,False,False,False
601,F6P,3iv8,A,6ayu,A,1,[16],[16],F6P,F6P,3.5084240436553955,2.5328893661499023,1.4205151796340942,0.7012956142425537,0.7006438374519348,1.329106688499451,holo_holo_subset,False,False,True
602,M6P,1syo,A,3c0o,A,1,[16],[16],M6P,M6P,5.193424701690674,2.2253172397613525,1.459352970123291,0.6235853433609009,0.9972979426383972,1.2825078964233398,holo_holo_subset,False,False,False
603,TYD,1h7q,A,3hjn,A,1,[25],[25],TYD,TYD,6.085690975189209,2.8925657272338867,1.5863049030303955,0.7632608413696289,0.9126762747764589,1.137775421142578,holo_holo_subset,False,False,False
604,DAN,1rv0,L,2f25,A,1,[20],[20],DAN,DAN,5.276233196258545,2.032432794570923,1.342252492904663,0.6865043044090271,0.708691418170929,1.3340437412261963,holo_holo_subset,False,False,False
605,SF4,5y6q,B,7mi4,A,1,[8],[8],SF4,SF4,7.525551795959473,2.040565013885498,1.4552719593048096,0.6992390751838684,0.6329209804534912,1.0866092443466189,holo_holo_subset,False,False,False
606,SF4,4s28,A,7k01,0,1,[8],[8],SF4,SF4,7.600660800933838,2.126549243927002,1.6064536571502686,0.7180436849594116,0.6623532176017761,1.1585925817489624,holo_holo_subset,False,False,False
607,ETA,1p4t,A,3abo,A,1,[4],[4],ETA,ETA,2.789332866668701,2.17167592048645,1.5161696672439575,0.7148127555847168,0.661487877368927,1.1984977722167969,holo_holo_subset,False,False,True
608,TTP,1cr1,A,7b0h,F,1,[29],[29],TTP,TTP,4.763367652893066,2.690170288085937,1.498093843460083,0.6938800811767578,0.6829690933227539,1.179370999336243,holo_holo_subset,False,False,False
609,NAI,4nbu,B,5bwm,B,1,[44],[44],NAI,NAI,2.819135427474976,3.0452022552490234,1.49906587600708,0.7275872826576233,0.9105762243270874,1.1568443775177002,holo_holo_subset,False,False,True
610,CAA,2uzf,A,3vzs,B,1,[54],[54],CAA,CAA,7.104537010192871,3.0938024520874023,1.428678035736084,0.7417457699775696,0.8312686085700989,1.194196105003357,holo_holo_subset,False,False,False
611,SF4,4r0v,A,4s28,A,1,[8],[8],SF4,SF4,7.896545886993408,2.0143239498138428,1.6751530170440674,0.6774729490280151,0.4104413092136383,0.8897552490234375,holo_holo_subset,False,False,False
612,CA,2ff2,B,6ajc,A,1,[1],[1],CA,CA,4.7309889793396,2.777897357940674,1.363236665725708,0.6998334527015686,0.8913617134094238,1.0480104684829712,holo_holo_subset,False,False,False
613,HEM,2nrl,A,4e6k,A,1,[43],[43],HEM,HEM,6.0211615562438965,2.27596116065979,1.498637080192566,0.7459123730659485,0.9197928309440612,1.043721079826355,holo_holo_subset,False,False,False
614,NAI,1gz6,B,2gwl,A,1,[44],[44],NAI,NAI,2.755324602127075,2.935253620147705,1.5875662565231323,0.7487755417823792,0.9578894972801208,1.09830641746521,holo_holo_subset,False,False,True
615,SAM,1rjd,C,4m7t,A,1,[27],[27],SAM,SAM,5.7283616065979,2.5609588623046875,1.460129976272583,0.7282444834709167,0.8346916437149048,1.0017120838165283,holo_holo_subset,False,False,False
616,F6P,3iv8,A,5xz7,A,1,[16],[16],F6P,F6P,5.741738796234131,2.699813842773437,1.5637544393539429,0.6933447122573853,0.8522971868515015,1.1192342042922974,holo_holo_subset,False,False,False
617,COM,1e6y,A,4ay8,A,1,[7],[7],COM,COM,4.82099723815918,2.317007303237915,1.3684800863265991,0.6879642009735107,0.8717963099479675,1.1817848682403564,holo_holo_subset,False,False,False
618,RUB,3a9c,B,9rub,A,1,[18],[18],RUB,RUB,6.842483997344971,2.4650981426239014,1.471662998199463,0.6867979764938354,0.5869314670562744,1.102607488632202,holo_holo_subset,False,False,False
619,CA,3nqy,B,5o2y,A,1,[1],[1],CA,CA,3.650963068008423,2.2252237796783447,1.3917651176452637,0.7259525060653687,0.8371386528015137,0.9982516169548036,holo_holo_subset,False,False,True
620,SKM,2aa9,A,4y0a,A,1,[12],[12],SKM,SKM,2.9099385738372803,2.383131504058838,1.5532993078231812,0.7305152416229248,0.7383782863616943,1.1648980379104614,holo_holo_subset,False,False,True
621,SAM,2fb2,A,4b17,A,1,[27],[27],SAM,SAM,3.04488468170166,2.5960261821746826,1.5877474546432495,0.6763535737991333,0.7901749014854431,1.345806360244751,holo_holo_subset,False,False,True
622,1GP,4jej,A,4rgq,B,1,[10],[10],1GP,1GP,5.618351936340332,2.576124906539917,1.7035794258117676,0.6870388984680176,0.8265027403831482,1.292436957359314,holo_holo_subset,False,False,False
623,PQQ,1otw,A,1yiq,A,1,[24],[24],PQQ,PQQ,3.836735248565674,2.3041529655456543,1.5559706687927246,0.7527632713317871,0.8188279867172241,1.0072561502456665,holo_holo_subset,False,False,True
624,CA,1ezr,A,3god,A,1,[1],[1],CA,CA,7.013651371002197,2.3269152641296387,1.602327585220337,0.7436509728431702,0.7509990334510803,1.095874905586243,holo_holo_subset,False,False,False
625,F6P,1fsa,A,3iv8,A,1,[16],[16],F6P,F6P,4.820074558258057,2.5970184803009038,1.6231080293655396,0.7486267685890198,0.8486123085021973,1.0839009284973145,holo_holo_subset,False,False,False
626,K,1jjw,A,2fxi,A,1,[1],[1],K,K,5.782800197601318,2.6953048706054688,1.5161889791488647,0.717089056968689,0.8058428168296814,1.1420375108718872,holo_holo_subset,False,False,False
627,CA,2vuv,A,5jy7,B,1,[1],[1],CA,CA,6.733602523803711,2.489420890808105,1.5593491792678833,0.7053624391555786,0.674974799156189,0.9974889159202576,holo_holo_subset,False,False,False
628,HEM,1cxy,A,4mf9,A,1,[43],[43],HEM,HEM,5.330087661743164,1.775320529937744,1.4413191080093384,0.7075604796409607,0.6717069149017334,1.3712292909622192,holo_holo_subset,False,False,False
629,NAI,6jw7,A,6vly,A,1,[44],[44],NAI,NAI,2.046496629714966,4.4158196449279785,0.7425320148468018,0.8065946698188782,0.9505616426467896,0.726711630821228,holo_holo_subset,False,False,True
630,NAI,4cuk,A,6jw7,A,1,[44],[44],NAI,NAI,1.87949812412262,4.572259426116943,0.5377441644668579,0.8105638027191162,0.958160161972046,0.6935401558876038,holo_holo_subset,False,True,True
631,SAM,3qxy,A,5twj,C,1,[27],[27],SAM,SAM,3.88338303565979,2.667551040649414,1.4834059476852417,0.6883363127708435,0.98751562833786,1.2748538255691528,holo_holo_subset,False,False,True
632,CS,1gqt,B,1kh8,A,1,[1],[1],CS,CS,5.117417335510254,2.3545141220092773,1.5960601568222046,0.699735701084137,0.875339150428772,1.4053102731704712,holo_holo_subset,False,False,False
633,GOA,2o99,C,3l24,B,1,[5],[5],GOA,GOA,4.056015491485596,2.241853713989258,1.5998320579528809,0.7277843952178955,0.91239333152771,0.965607225894928,holo_holo_subset,False,False,False
634,DGT,2atz,A,5hrf,A,1,[31],[31],DGT,DGT,6.5651936531066895,2.430686712265014,1.609830617904663,0.7430939674377441,0.960516631603241,1.1073839664459229,holo_holo_subset,False,False,False
635,SAM,2yzq,A,3m6w,A,1,[27],[27],SAM,SAM,5.840089321136475,2.714653253555298,1.5276750326156616,0.7368907928466797,0.7333456873893738,0.9386064410209656,holo_holo_subset,False,False,False
636,VN4,4dz6,A,4ri5,A,1,[4],[4],VN4,VN4,5.060985565185547,2.6120338439941406,1.588927149772644,0.707137405872345,0.800930380821228,0.9815770387649536,holo_holo_subset,False,False,False
637,DAR,1bg0,A,6p2i,A,1,[12],[12],DAR,DAR,3.9179775714874263,2.6152729988098145,1.6201694011688232,0.7079325318336487,0.8528465032577515,1.057925581932068,holo_holo_subset,False,False,True
638,CA,2afh,B,3ldy,A,1,[1],[1],CA,CA,8.401266098022461,2.4480762481689453,1.9647495746612549,0.6903220415115356,0.5837251543998718,1.6849833726882937,holo_holo_subset,False,False,False
639,PQQ,1kv9,A,1otw,A,1,[24],[24],PQQ,PQQ,3.976150751113892,2.195818901062012,1.5294610261917114,0.7143158912658691,0.787304162979126,0.9937676191329956,holo_holo_subset,False,False,True
640,PQQ,3das,A,6oc6,A,1,[24],[24],PQQ,PQQ,3.897026777267456,3.3710334300994877,1.027449607849121,0.7608712911605835,0.9106879830360411,0.8427664041519165,holo_holo_subset,False,False,True
641,SAM,3t7v,A,5bw4,B,1,[27],[27],SAM,SAM,3.170297861099243,3.027780532836914,1.5307191610336304,0.7411162257194519,0.8485422730445862,1.181554675102234,holo_holo_subset,False,False,True
642,NAI,3flk,A,5bwm,B,1,[44],[44],NAI,NAI,2.8397762775421143,2.6904959678649902,1.5447638034820557,0.7364033460617065,0.889964759349823,1.118939757347107,holo_holo_subset,False,False,True
643,VN4,4erc,A,4hgp,A,1,[4],[4],VN4,VN4,3.7781364917755127,2.6395649909973145,1.5795115232467651,0.7494823932647705,0.5650858879089355,0.9377068281173706,holo_holo_subset,False,False,True
644,SF4,4s2a,A,6vw7,D,1,[8],[8],SF4,SF4,8.702434539794922,2.620351791381836,1.626555562019348,0.7439597249031067,0.6471884846687317,1.2006049156188965,holo_holo_subset,False,False,False
645,CA,2vhd,A,4by6,A,1,[1],[1],CA,CA,7.158640861511231,1.927012920379639,1.5298398733139038,0.6634087562561035,0.5521357655525208,1.3154692649841309,holo_holo_subset,False,False,False
646,SAM,2obv,A,2oxt,A,1,[27],[27],SAM,SAM,3.848345518112183,2.299156665802002,1.4737099409103394,0.6867522597312927,0.7449972629547119,1.0907801389694214,holo_holo_subset,False,False,True
647,SAM,3mte,A,4k36,A,1,[27],[26],SAM,SAM,4.208942413330078,2.5455799102783203,1.5411193370819092,0.6962301135063171,0.7748512029647827,1.2713505029678345,holo_holo_subset,False,False,False
648,2HP,2x1l,A,3c46,A,1,[5],[5],2HP,2HP,7.414649486541748,2.3292458057403564,1.540666103363037,0.6709189414978027,0.9475633502006532,1.382445216178894,holo_holo_subset,False,False,False
649,PC,2x6b,A,3lkf,A,1,[11],[11],PC,PC,8.389089584350586,2.000518798828125,1.6029436588287354,0.641871988773346,0.992581069469452,1.2462197542190552,holo_holo_subset,False,False,False
650,PQQ,1kb0,A,1otw,A,1,[24],[24],PQQ,PQQ,4.145580291748047,2.2371926307678223,1.481831669807434,0.7359862327575684,0.5541216135025024,0.9711476564407348,holo_holo_subset,False,False,False
651,CA,5amv,A,8ep4,A,1,[1],[1],CA,CA,6.573619365692139,2.5139377117156982,1.6493085622787476,0.693394124507904,0.5665608048439026,1.100910782814026,holo_holo_subset,False,False,False
652,CA,1j0h,A,5m6d,A,1,[1],[1],CA,CA,8.144927024841309,2.588541030883789,1.2826024293899536,0.7100331783294678,0.9257493615150452,0.883709192276001,holo_holo_subset,False,False,False
653,SKM,3pgj,A,3slh,D,1,[12],[12],SKM,SKM,4.21289587020874,1.7845005989074707,1.4820739030838013,0.7046343684196472,0.8305749297142029,1.2912485599517822,holo_holo_subset,False,False,False
654,ENO,3gac,E,6jhb,B,1,[13],[13],ENO,ENO,7.249072551727295,2.3308510780334477,1.4258394241333008,0.7342525124549866,0.8863425850868225,1.1725221872329712,holo_holo_subset,False,False,False
655,HEM,4jet,A,8g64,A,1,[43],[43],HEM,HEM,5.827438831329346,2.0233912467956543,1.523272156715393,0.7132946848869324,0.6721770167350769,1.23444664478302,holo_holo_subset,False,False,False
656,SKM,3sef,C,3slh,D,1,[12],[12],SKM,SKM,3.6735854148864746,2.328794479370117,1.6580768823623655,0.6999098658561707,0.9259606003761292,1.1769425868988037,holo_holo_subset,False,False,True
657,SAM,1r30,B,2ejt,A,1,[27],[27],SAM,SAM,2.451890707015991,2.793092727661133,1.5397759675979614,0.7113968133926392,0.4658803343772888,1.233701229095459,holo_holo_subset,False,False,False
658,CA,2jq6,A,3gzk,A,1,[1],[1],CA,CA,5.743989944458008,2.4915785789489746,1.631935715675354,0.7365082502365112,0.8961284160614014,1.0310242176055908,holo_holo_subset,False,False,False
659,AZM,3ucj,A,5jn8,C,1,[13],[13],AZM,AZM,4.202320575714111,2.548794269561768,1.4816807508468628,0.7224203944206238,0.5386822819709778,1.0808428525924685,holo_holo_subset,False,False,False
660,CA,5mfd,F,6dwo,A,1,[1],[1],CA,CA,5.611705303192139,2.0805153846740723,1.4798338413238523,0.667040228843689,0.8261622786521912,1.120436668395996,holo_holo_subset,False,False,False
661,CA,2fkc,A,3voc,A,1,[1],[1],CA,CA,7.070486545562744,2.3760786056518555,1.3691246509552002,0.6624921560287476,0.7995861172676086,1.3070803880691528,holo_holo_subset,False,False,False
662,SKM,2aa9,A,3doo,A,1,[12],[12],SKM,SKM,5.442120552062988,2.407416820526123,1.6246272325515747,0.7044016718864441,0.9342334866523744,1.3959084749221802,holo_holo_subset,False,False,False
663,NAI,2gwl,A,4bkq,A,1,[44],[44],NAI,NAI,3.050175666809082,2.9282023906707764,1.6203382015228271,0.6989237070083618,0.6526515483856201,1.1671983003616333,holo_holo_subset,False,False,True
664,SAM,2obv,A,3t7v,A,1,[27],[27],SAM,SAM,5.690212249755859,2.0792531967163086,1.665314555168152,0.6596658229827881,0.6868764758110046,1.065608263015747,holo_holo_subset,False,False,False
665,CA,3azx,A,6f92,A,1,[1],[1],CA,CA,7.104123592376709,2.117086172103882,1.4767189025878906,0.7032906413078308,0.9329807162284852,1.4088352918624878,holo_holo_subset,False,False,False
666,TTP,1cr1,A,2ggq,A,1,[29],[29],TTP,TTP,3.084709882736206,2.787137746810913,1.6511741876602173,0.6948063969612122,0.6239675879478455,1.1344280242919922,holo_holo_subset,False,False,True
667,TTP,3o0n,A,6n9u,H,1,[29],[29],TTP,TTP,7.338158130645752,2.164069890975952,1.4311206340789795,0.6413088440895081,0.8110741972923279,1.0339328050613403,holo_holo_subset,False,False,False
668,F6P,2r66,A,3iv8,A,1,[16],[16],F6P,F6P,6.617217063903809,2.8249545097351074,1.6447962522506714,0.6872053146362305,0.9352251291275024,1.1886955499649048,holo_holo_subset,False,False,False
669,COM,4ay8,A,5a0y,A,1,[7],[7],COM,COM,6.974296569824219,2.133380651473999,1.5778347253799438,0.6413328647613525,0.8858893513679504,1.1766873598098757,holo_holo_subset,False,False,False
670,NAI,3uh1,A,4fju,A,1,[44],[44],NAI,NAI,2.925206184387207,3.179908037185669,1.3434820175170898,0.7225823998451233,0.6884356141090393,0.9364544749259948,holo_holo_subset,False,False,True
671,SF4,4s2a,A,6dd6,A,1,[8],[8],SF4,SF4,8.828849792480469,2.515420436859131,1.5307179689407349,0.7130507230758667,0.7389031648635864,1.5516904592514038,holo_holo_subset,False,False,False
672,HEM,2i96,A,4jet,A,1,[43],[43],HEM,HEM,5.272229671478272,2.337823867797852,1.5843706130981443,0.6177225112915039,0.8761133551597595,1.416680097579956,holo_holo_subset,False,False,False
673,HEM,1gdi,A,3u8p,A,1,[43],[43],HEM,HEM,7.631467342376709,2.0667145252227783,1.3108545541763306,0.6643180251121521,0.6712990403175354,1.434664249420166,holo_holo_subset,False,False,False
674,NAI,2gwl,A,7wmz,C,1,[44],[44],NAI,NAI,4.417765140533447,2.483177661895752,1.5888735055923462,0.751457691192627,0.7481623888015747,1.2016499042510986,holo_holo_subset,False,False,False
675,NAI,4eue,A,7wmz,C,1,[44],[44],NAI,NAI,3.6547718048095694,2.7632031440734863,1.5298480987548828,0.6843892931938171,0.8006219267845154,1.4101943969726562,holo_holo_subset,False,False,True
676,NAI,5z21,B,7wmz,C,1,[44],[44],NAI,NAI,3.711484432220459,2.4069552421569824,1.6013263463974,0.6866684556007385,0.4566551744937897,1.3702821731567385,holo_holo_subset,False,False,False
677,K,1gup,A,3zd9,A,1,[1],[1],K,K,8.255593299865723,2.361543655395508,1.5553659200668335,0.6856496930122375,0.6286913156509399,1.1054667234420776,holo_holo_subset,False,False,False
678,NAI,2gwl,A,5wjs,A,1,[44],[44],NAI,NAI,2.973339080810547,2.905487298965454,1.5487452745437622,0.7308489084243774,0.8889025449752808,1.1049094200134275,holo_holo_subset,False,False,True
679,M6P,3c0o,A,4r73,A,1,[16],[16],M6P,M6P,5.0646820068359375,1.990251064300537,1.5484548807144165,0.661892294883728,0.852418839931488,1.1501212120056152,holo_holo_subset,False,False,False
680,NAI,2dte,A,4fju,A,1,[44],[44],NAI,NAI,2.8633687496185303,3.334091186523437,1.3965307474136353,0.7265669107437134,0.6960259079933167,0.9956916570663452,holo_holo_subset,False,False,True
681,TYD,1h7q,A,4e2x,A,1,[25],[25],TYD,TYD,6.584800720214844,3.301258087158203,1.0384601354599,0.7516672015190125,0.9610236883163452,0.775741457939148,holo_holo_subset,False,False,False
682,SKM,3slh,D,4p4g,A,1,[12],[12],SKM,SKM,4.816920757293701,2.197420597076416,1.6780236959457395,0.6648213267326355,0.4588178098201751,1.3705891370773315,holo_holo_subset,False,False,False
683,NAI,2gwl,A,2p9e,A,1,[44],[44],NAI,NAI,2.851288080215454,3.0230727195739746,1.6100810766220093,0.6882703304290771,0.8467710018157959,1.0713090896606443,holo_holo_subset,False,False,True
684,PC,2x6b,A,4bbj,A,1,[11],[11],PC,PC,8.972410202026367,1.884285926818848,1.4887325763702393,0.6473191976547241,0.8824133276939392,1.0929886102676392,holo_holo_subset,False,False,False
685,SF4,1iqz,A,7k01,0,1,[8],[8],SF4,SF4,7.8922224044799805,2.149157762527466,1.4779222011566162,0.665602445602417,0.936251938343048,1.2425929307937622,holo_holo_subset,False,False,False
686,1GP,4rgq,B,6jo3,A,1,[10],[10],1GP,1GP,6.055453777313232,2.6554999351501465,1.4433423280715942,0.7248672246932983,0.8706672191619873,1.1353152990341189,holo_holo_subset,False,False,False
687,TTP,2ggq,A,7t18,A,1,[29],[29],TTP,TTP,3.677892208099365,2.5194244384765625,1.6393078565597534,0.7069640159606934,0.9605741500854492,1.0015790462493896,holo_holo_subset,False,False,True
688,CAA,1dub,A,5ab6,D,1,[54],[54],CAA,CAA,3.8172740936279297,2.958382129669189,1.5009337663650513,0.7561150193214417,0.8269357681274414,1.025829195976257,holo_holo_subset,False,False,True
689,NAI,2gwl,A,4fju,A,1,[44],[44],NAI,NAI,3.055902004241944,2.5318894386291504,1.6974018812179563,0.7013143301010132,0.8926199674606323,1.162726879119873,holo_holo_subset,False,False,True
690,PC,2bib,A,5egh,B,1,[11],[11],PC,PC,2.4297330379486084,3.054903030395508,1.3448197841644287,0.7403949499130249,0.7955158948898315,0.9716819524765016,holo_holo_subset,False,False,True
691,COM,1e6v,A,4ay8,A,1,[7],[7],COM,COM,8.305161476135254,1.9642488956451416,1.3410462141036987,0.6145082116127014,0.928539514541626,1.5609288215637207,holo_holo_subset,False,False,False
692,VN4,3e81,A,4erc,A,1,[4],[4],VN4,VN4,3.015129327774048,2.832927227020264,1.5631252527236938,0.7614406943321228,0.6717235445976257,0.9149088859558104,holo_holo_subset,False,False,True
693,K,3crl,B,3zd9,A,1,[1],[1],K,K,6.559223651885986,2.6690902709960938,1.4499289989471436,0.6847403645515442,0.9364507794380188,0.9252278208732604,holo_holo_subset,False,False,False
694,CAC,2z3i,A,4d7l,A,1,[5],[5],CAC,CAC,6.52496337890625,2.544248580932617,1.346292495727539,0.6871017217636108,0.9816361665725708,1.2467135190963743,holo_holo_subset,False,False,False
695,SF4,2bs2,B,4s2a,A,1,[8],[8],SF4,SF4,8.629183769226074,2.390830993652344,1.5521962642669678,0.7405180335044861,0.7542818188667297,1.494038224220276,holo_holo_subset,False,False,False
696,K,1jjw,A,3fd5,B,1,[1],[1],K,K,3.417809247970581,2.605382442474365,1.479917049407959,0.722770631313324,0.94077730178833,1.376673460006714,holo_holo_subset,False,False,True
697,BU3,3zyy,X,8a25,A,1,[6],[6],BU3,BU3,5.1590352058410645,2.2359485626220703,1.5266492366790771,0.7179394364356995,0.9061421751976012,1.3328449726104736,holo_holo_subset,False,False,False
698,K,2fxi,A,3crl,B,1,[1],[1],K,K,7.847823619842529,2.7992162704467773,1.5369490385055542,0.7151432633399963,0.627777636051178,1.1079920530319214,holo_holo_subset,False,False,False
699,CA,1s99,A,1t1e,A,1,[1],[1],CA,CA,6.502552032470703,2.0962491035461426,1.561195969581604,0.652664303779602,0.7367127537727356,1.0563924312591553,holo_holo_subset,False,False,False
700,TYD,2pae,A,4zyj,D,1,[25],[25],TYD,TYD,7.400378704071045,2.22982120513916,1.5773226022720337,0.7306854724884033,0.4215916395187378,1.1073158979415894,holo_holo_subset,False,False,False
701,1GP,4mm1,A,6dgm,B,1,[10],[10],1GP,1GP,4.128547668457031,2.387123107910156,1.5385249853134155,0.7777475714683533,0.6895320415496826,1.0022727251052856,holo_holo_subset,False,False,False
702,SIA,2bat,A,3phz,A,1,[20],[21],SIA,SIA,8.175660133361816,2.1633191108703613,1.6385064125061035,0.5976502895355225,0.9122008681297302,1.2347229719161987,holo_holo_subset,False,False,False
703,NAI,3fhm,A,8ab3,A,1,[44],[44],NAI,NAI,3.732345342636109,3.022967338562012,1.5120974779129028,0.7429788112640381,0.842893123626709,1.1201727390289309,holo_holo_subset,False,False,True
704,NAI,6b9u,A,7wmz,C,1,[44],[44],NAI,NAI,3.4834513664245605,2.80508804321289,1.5301469564437866,0.7118830680847168,0.7238282561302185,1.2990895509719849,holo_holo_subset,False,False,True
705,SAM,4njg,A,4obw,D,1,[27],[27],SAM,SAM,5.7316575050354,2.823833703994751,1.1066571474075315,0.7485779523849487,0.8129738569259644,0.8568024039268494,holo_holo_subset,False,False,False
706,HEM,1bcf,A,4i8v,A,1,[43],[43],HEM,HEM,6.490517616271973,2.231689214706421,1.3615267276763916,0.6685838103294373,0.8118690252304077,1.158187747001648,holo_holo_subset,False,False,False
707,NAI,2vhw,E,6jw7,A,1,[44],[44],NAI,NAI,1.4096686840057373,4.56882381439209,0.5631557703018188,0.8134089708328247,0.9955492615699768,0.6788656115531921,holo_holo_subset,False,True,True
708,CA,4amc,A,4r83,A,1,[1],[1],CA,CA,7.81544017791748,2.2141966819763184,1.4056586027145386,0.6682367920875549,0.8700199723243713,1.0374914407730105,holo_holo_subset,False,False,False
709,DGT,2atz,A,3otb,A,1,[31],[31],DGT,DGT,5.505087375640869,2.158866167068481,1.5059365034103394,0.7667588591575623,0.9426669478416444,1.1500370502471924,holo_holo_subset,False,False,False
710,NAI,4fju,A,6cdf,A,1,[44],[44],NAI,NAI,2.8680341243743896,3.020251750946045,1.4095847606658936,0.7139991521835327,0.6973286867141724,0.9336713552474976,holo_holo_subset,False,False,True
711,NAI,4y9d,A,6jw7,A,1,[44],[27],NAI,NAI,1.0105899572372437,4.493221282958984,0.7796516418457031,0.8042349219322205,0.9813131093978882,0.7285408973693848,holo_holo_subset,False,True,True
712,NAI,4im7,A,7wmz,C,1,[44],[44],NAI,NAI,4.944491863250732,2.436805009841919,1.541065692901611,0.6450056433677673,0.8127011060714722,1.2388160228729248,holo_holo_subset,False,False,False
713,FDA,3itg,A,4cy8,A,1,[53],[53],FDA,FDA,3.532404899597168,2.970175743103028,1.5176595449447632,0.7112390995025635,0.924121916294098,1.2059725522994995,holo_holo_subset,False,False,True
714,TTP,1mc3,A,6n9u,H,1,[29],[29],TTP,TTP,3.102081775665283,2.659862756729126,1.5859180688858032,0.703411877155304,0.8888109922409058,1.1765387058258057,holo_holo_subset,False,False,True
715,SF4,2d3y,A,7bi7,A,1,[8],[8],SF4,SF4,6.678525447845459,2.503976345062256,1.5750079154968262,0.738973081111908,0.6323233246803284,1.1887128353118896,holo_holo_subset,False,False,False
716,NAI,4fju,A,4xdy,A,1,[44],[44],NAI,NAI,2.790877342224121,3.055328369140625,1.421781301498413,0.7170224189758301,0.5430446863174438,0.9967136979103088,holo_holo_subset,False,False,True
717,VN4,3e81,A,4dz6,A,1,[4],[4],VN4,VN4,2.8615262508392334,2.6644246578216557,1.5374020338058472,0.7408943772315979,0.8598037362098694,1.1823158264160156,holo_holo_subset,False,False,True
718,1GP,3ew5,A,6jo3,A,1,[10],[10],1GP,1GP,3.83769965171814,2.800117015838623,1.497814059257507,0.6748994588851929,0.8327770829200745,1.0695180892944336,holo_holo_subset,False,False,True
719,SKM,2ev9,B,3nvs,A,1,[12],[12],SKM,SKM,4.486823558807373,2.256309032440185,1.5679696798324585,0.7506725788116455,0.8356271982192993,1.1523672342300415,holo_holo_subset,False,False,False
720,NAI,4g6h,A,5k4w,C,1,[44],[44],NAI,NAI,2.8482227325439453,3.8370301723480233,0.8018592596054077,0.7579666376113892,0.971276879310608,0.8648451566696167,holo_holo_subset,False,False,True
721,VN4,4dz6,A,4erc,A,1,[4],[4],VN4,VN4,4.74945878982544,2.709104299545288,1.5164945125579834,0.7098520398139954,0.802047610282898,1.1602972745895386,holo_holo_subset,False,False,False
722,TTP,2ggq,A,4xjc,A,1,[29],[29],TTP,TTP,6.389867305755615,2.367093086242676,1.598720669746399,0.6325710415840149,0.8749222159385681,1.5777281522750854,holo_holo_subset,False,False,False
723,CA,4h60,A,6jk4,A,1,[1],[1],CA,CA,3.30079984664917,2.5944271087646484,1.4538530111312866,0.7382227182388306,0.8079432249069214,1.218149185180664,holo_holo_subset,False,False,True
724,AMZ,1p4r,A,5dn1,A,1,[22],[22],AMZ,AMZ,8.24770736694336,2.6085331439971924,1.5410261154174805,0.7046163082122803,0.859005331993103,1.072138786315918,holo_holo_subset,False,False,False
725,SAM,2a5h,B,4obw,D,1,[27],[27],SAM,SAM,6.0423903465271,2.44649076461792,1.5439040660858154,0.6917830109596252,0.7926494479179382,1.1325585842132568,holo_holo_subset,False,False,False
726,SF4,4z3w,C,7k01,0,1,[8],[8],SF4,SF4,8.160823822021484,2.404444456100464,1.4334754943847656,0.6587252616882324,0.8858625292778015,1.6391329765319824,holo_holo_subset,False,False,False
727,GOA,3l24,B,6gmb,A,1,[5],[5],GOA,GOA,3.8005990982055664,1.9195053577423096,1.5027058124542236,0.7167888879776001,0.6654921770095825,0.9611613750457764,holo_holo_subset,False,False,True
728,COM,3sqg,A,4ay8,A,1,[7],[7],COM,COM,7.528036594390869,1.919389724731445,1.476988434791565,0.5514780879020691,0.6771212220191956,1.4907231330871582,holo_holo_subset,False,False,False
729,K,2qv6,A,3zd9,A,1,[1],[1],K,K,7.505165100097656,3.006686925888061,1.247857928276062,0.7064454555511475,0.9758912324905396,1.0383634567260742,holo_holo_subset,False,False,False
730,NAI,6vw7,D,7wmz,C,1,[44],[27],NAI,NAI,4.077617168426514,2.543447494506836,1.4681750535964966,0.718691349029541,0.6714138388633728,1.2178698778152466,holo_holo_subset,False,False,False
731,TTP,2ggq,A,3o0n,A,1,[29],[29],TTP,TTP,7.63463020324707,2.3371262550354004,1.525540471076965,0.6561964154243469,0.9127331376075744,0.9332038760185242,holo_holo_subset,False,False,False
732,TTP,1xje,A,7t18,A,1,[29],[29],TTP,TTP,7.70306921005249,1.8320460319519043,1.5773392915725708,0.6965324282646179,0.3839728236198425,1.106054663658142,holo_holo_subset,False,False,False
733,CA,1mxd,A,4g1h,A,1,[1],[1],CA,CA,4.634773254394531,2.0019187927246094,1.627625584602356,0.7266618609428406,0.8937658071517944,1.17907452583313,holo_holo_subset,False,False,False
734,NAI,5bwm,B,5itv,A,1,[44],[44],NAI,NAI,2.7903332710266118,3.073878288269043,1.404952049255371,0.7129406332969666,0.9367916584014891,1.160843014717102,holo_holo_subset,False,False,True
735,SIA,2bat,A,4nfd,A,1,[21],[21],SIA,SIA,6.587896347045898,2.5422725677490234,1.4904773235321045,0.6705607175827026,0.9623066186904908,1.5115551948547363,holo_holo_subset,False,False,False
736,NAI,5k4w,C,7wmz,C,1,[44],[44],NAI,NAI,6.671834945678711,2.4452157020568848,1.562692403793335,0.6992782354354858,0.7643052339553833,1.4877315759658811,holo_holo_subset,False,False,False
737,SAM,2yzq,A,3ku1,A,1,[27],[27],SAM,SAM,5.456838607788086,2.22674560546875,1.6272239685058594,0.7041179537773132,0.6879069209098816,1.1248257160186768,holo_holo_subset,False,False,False
738,NAI,3fhm,A,3uh1,A,1,[44],[44],NAI,NAI,3.754561901092529,2.7652766704559326,1.6851526498794556,0.719197154045105,0.6075326800346375,1.011452555656433,holo_holo_subset,False,False,True
739,GOA,2o99,C,3r3z,A,1,[5],[5],GOA,GOA,2.657891035079956,2.65219783782959,1.4629878997802734,0.7517591118812561,0.9498379826545716,0.9965085983276368,holo_holo_subset,False,False,True
740,SF4,3b0h,A,3pdi,A,1,[8],[8],SF4,SF4,4.502093315124512,1.8880420923233032,1.532173991203308,0.6150761842727661,0.9560903906822203,1.7532744407653809,holo_holo_subset,False,False,False
741,CA,1m1j,C,3tb4,A,1,[1],[1],CA,CA,6.22480058670044,1.9970180988311768,1.5724983215332031,0.710421085357666,0.922697901725769,1.1287667751312256,holo_holo_subset,False,False,False
742,VN4,4dz6,A,4hgp,A,1,[4],[4],VN4,VN4,4.680841445922852,2.66035270690918,1.491728663444519,0.7262098789215088,0.6988123059272766,1.2767268419265747,holo_holo_subset,False,False,False
743,CA,2az1,A,4yic,A,1,[1],[1],CA,CA,5.868775844573975,2.1092545986175537,1.5215641260147097,0.7128733992576599,0.704955518245697,1.121127009391785,holo_holo_subset,False,False,False
744,COM,4pom,A,5a8w,D,1,[7],[7],COM,COM,6.651775360107422,2.0172290802001958,1.147572040557861,0.6753748059272766,0.7214770317077637,1.023667573928833,holo_holo_subset,False,False,False
745,SF4,2acz,B,3pdi,A,1,[8],[8],SF4,SF4,4.99841833114624,2.2226288318634038,1.5656300783157349,0.6455032825469971,0.6240072250366211,1.120034098625183,holo_holo_subset,False,False,False
746,SF4,4cej,B,4s2a,A,1,[8],[8],SF4,SF4,2.3429691791534424,1.82775354385376,1.595989465713501,0.3607984483242035,0.99995356798172,1.0564336776733398,holo_holo_subset,False,False,True
747,SF4,4s2a,A,6cfw,J,1,[8],[8],SF4,SF4,8.402689933776855,2.8348000049591064,1.3610281944274902,0.7345971465110779,0.6021854281425476,1.1157737970352173,holo_holo_subset,False,False,False
748,TYD,1h7q,A,3rsc,A,1,[25],[25],TYD,TYD,2.403651475906372,3.1115541458129883,1.503393054008484,0.7294498085975647,0.5341984629631042,1.149648904800415,holo_holo_subset,False,False,True
749,SKM,3doo,A,3slh,D,1,[12],[12],SKM,SKM,2.0816445350646973,1.744870901107788,1.4219014644622805,0.664903461933136,0.8565856218338013,1.2168829441070557,holo_holo_subset,False,False,True
750,CA,5f2q,B,5gub,A,1,[1],[1],CA,CA,7.1376142501831055,1.956562042236328,1.5152950286865234,0.6819106340408325,0.8146739602088928,1.5266640186309814,holo_holo_subset,False,False,False
751,TTP,1xje,A,6n9u,H,1,[29],[29],TTP,TTP,7.564765930175781,2.262542486190796,1.6117063760757446,0.633303165435791,0.587647020816803,1.127424955368042,holo_holo_subset,False,False,False
752,NAI,6ct6,B,7wmz,C,1,[44],[44],NAI,NAI,5.818635940551758,2.8097574710845947,1.6659759283065796,0.6710724830627441,0.7331664562225342,1.145844578742981,holo_holo_subset,False,False,False
753,SAM,4njg,A,5bw4,B,1,[27],[27],SAM,SAM,2.935307502746582,2.761422634124756,1.5260659456253052,0.7196748852729797,0.6297240853309631,1.1953855752944946,holo_holo_subset,False,False,True
754,CA,3goe,A,5kva,B,1,[1],[1],CA,CA,7.298709392547607,2.4424281120300293,1.5758734941482544,0.7209755778312683,0.8371619582176208,1.1366292238235474,holo_holo_subset,False,False,False
755,GOA,3if9,A,3r3z,A,1,[5],[5],GOA,GOA,6.048068046569824,2.710412979125977,1.8062167167663572,0.694317102432251,0.874238133430481,1.2771172523498535,holo_holo_subset,False,False,False
756,CA,1hyo,B,4a6o,A,1,[1],[1],CA,CA,6.504512310028076,2.195525646209717,1.6985756158828735,0.6939507722854614,0.56557297706604,1.2363104820251465,holo_holo_subset,False,False,False
757,SAM,2a5h,B,3nk7,B,1,[27],[27],SAM,SAM,5.323817253112793,2.559183120727539,1.5607845783233645,0.6768867373466492,0.6803258061408997,1.6943120956420898,holo_holo_subset,False,False,False
758,CA,2iew,A,3u4j,A,1,[1],[1],CA,CA,7.947373390197754,2.7645719051361084,1.6147665977478027,0.736493706703186,0.9014633297920228,1.0457137823104858,holo_holo_subset,False,False,False
759,COM,4ay8,A,5a8w,D,1,[7],[7],COM,COM,4.713935375213623,2.188771963119507,1.7506463527679443,0.6424887180328369,0.3798574209213257,1.3867852687835691,holo_holo_subset,False,False,False
760,TYD,1h7q,A,4g2t,A,1,[25],[25],TYD,TYD,2.418682813644409,3.2008771896362305,1.439881682395935,0.7616124749183655,0.4726032316684723,0.9674713611602784,holo_holo_subset,False,False,False
761,CA,1bvn,P,2ism,B,1,[1],[1],CA,CA,4.683688163757324,2.250676393508911,1.5267257690429688,0.6988630294799805,0.7819485068321228,1.0816129446029663,holo_holo_subset,False,False,False
762,COM,2c3c,A,4ay8,A,1,[7],[7],COM,COM,5.340747356414795,2.259727478027344,1.6205110549926758,0.7285819053649902,0.7926041483879089,1.1553566455841064,holo_holo_subset,False,False,False
763,NAI,5bwm,B,5k4w,C,1,[44],[44],NAI,NAI,2.8164992332458496,2.8795831203460693,1.5543159246444702,0.7554593086242676,0.7729592323303223,1.1163506507873535,holo_holo_subset,False,False,True
764,COM,4ay8,A,4pom,A,1,[7],[7],COM,COM,6.231788635253906,2.7029247283935547,1.6314908266067505,0.7292772531509399,0.3726245164871216,1.095908284187317,holo_holo_subset,False,False,False
765,TTP,1mc3,A,3mx2,B,1,[29],[29],TTP,TTP,8.178853034973145,2.8719406127929688,1.5463132858276367,0.709830641746521,0.729429304599762,1.084801435470581,holo_holo_subset,False,False,False
766,TTP,1xje,A,3mx2,B,1,[29],[29],TTP,TTP,7.006753444671631,1.994109034538269,1.5821876525878906,0.6329497694969177,0.6247421503067017,1.3832296133041382,holo_holo_subset,False,False,False
767,SAM,2obv,A,5zw4,A,1,[27],[27],SAM,SAM,3.865244150161743,2.5194365978240967,1.5383663177490234,0.697514533996582,0.4223833680152893,1.2318015098571775,holo_holo_subset,False,False,False
768,SAM,4odj,A,4ymg,B,1,[27],[27],SAM,SAM,4.66879415512085,2.2425637245178223,1.5649230480194092,0.6799363493919373,0.5785361528396606,1.082308292388916,holo_holo_subset,False,False,False
769,TYD,3vbm,E,4zyj,D,1,[25],[25],TYD,TYD,7.743738174438477,2.271859645843506,1.4093703031539917,0.6980515718460083,0.7583265900611877,1.020224928855896,holo_holo_subset,False,False,False
770,K,3fd5,B,3zd9,A,1,[1],[1],K,K,6.891452312469482,2.798301696777344,1.6490148305892944,0.7183257341384888,0.8436660766601562,1.0905873775482178,holo_holo_subset,False,False,False
771,SF4,1rm6,B,3egw,A,1,[8],[8],SF4,SF4,7.090475082397461,2.1013245582580566,1.7743645906448364,0.6660057306289673,0.7541623711585999,1.6842832565307615,holo_holo_subset,False,False,False
772,NAI,7p61,F,7wmz,C,1,[44],[44],NAI,NAI,3.96928334236145,2.883229732513428,1.4081344604492188,0.7078649401664734,0.6174041032791138,1.3814852237701416,holo_holo_subset,False,False,True
773,F6P,1t10,A,3iv8,A,1,[16],[16],F6P,F6P,4.757155895233154,2.4046273231506348,1.544309139251709,0.723233163356781,0.939028024673462,1.1366682052612305,holo_holo_subset,False,False,False
774,SKM,2aa9,A,3pgj,A,1,[12],[12],SKM,SKM,4.565619468688965,2.109417200088501,1.6237049102783203,0.7443701028823853,0.4691646993160248,1.173182725906372,holo_holo_subset,False,False,False
775,NAI,4fju,A,4p53,A,1,[44],[44],NAI,NAI,2.960078239440918,2.9182357788085938,1.5072195529937744,0.7521035671234131,0.8361314535140991,0.911427080631256,holo_holo_subset,False,False,True
776,K,2fxi,A,4jay,A,1,[1],[1],K,K,4.518901348114014,2.5805764198303223,1.5089411735534668,0.7289379239082336,0.8168848752975464,0.9940978288650512,holo_holo_subset,False,False,False
777,K,3zd9,A,6npl,A,1,[1],[1],K,K,7.773952960968018,2.175044298171997,1.4915757179260254,0.6435677409172058,0.4739192724227905,1.405151605606079,holo_holo_subset,False,False,False
778,CA,4dod,A,5v2c,c,1,[1],[1],CA,CA,8.36136531829834,2.275946140289306,1.6761337518692017,0.6654627323150635,0.9696540832519532,1.6079463958740234,holo_holo_subset,False,False,False
779,CA,1n7v,A,1uis,A,1,[1],[1],CA,CA,6.929285526275635,2.0700395107269287,1.4547624588012695,0.640221118927002,0.8505439758300781,1.5958890914916992,holo_holo_subset,False,False,False
780,NAI,4p53,A,5bwm,B,1,[44],[44],NAI,NAI,3.4727468490600586,2.694243669509888,1.391362547874451,0.7144042253494263,0.9094245433807372,1.1417076587677002,holo_holo_subset,False,False,True
781,TYD,1h7q,A,3oti,A,1,[25],[25],TYD,TYD,2.340816736221313,3.0829944610595703,1.423773169517517,0.7643916606903076,0.6299022436141968,0.9903228878974916,holo_holo_subset,False,False,True
782,CA,1b90,A,3bq1,A,1,[1],[1],CA,CA,7.003263473510742,2.9009206295013428,1.49595308303833,0.6840094327926636,0.6661125421524048,1.439602613449097,holo_holo_subset,False,False,False
783,CA,3kst,A,4cub,B,1,[1],[1],CA,CA,5.66229248046875,2.361112117767334,1.4166589975357056,0.7383449673652649,0.8191308975219727,1.1750242710113523,holo_holo_subset,False,False,False
784,TTP,2ggq,A,7b0h,F,1,[29],[29],TTP,TTP,3.5559542179107666,2.414788722991944,1.4410817623138428,0.6424534916877747,0.8057714700698853,1.1243293285369873,holo_holo_subset,False,False,True
785,NAI,2a92,C,3fhm,A,1,[44],[44],NAI,NAI,3.684014320373535,2.9019837379455566,1.5095813274383545,0.7342019081115723,0.7386811375617981,1.088876724243164,holo_holo_subset,False,False,True
786,CA,3tto,A,7phw,E,1,[1],[1],CA,CA,5.539675235748291,2.3761239051818848,1.5910494327545166,0.6561024188995361,0.915533185005188,1.3406988382339478,holo_holo_subset,False,False,False
787,TTP,2ggq,A,2ja1,A,1,[29],[29],TTP,TTP,4.019918918609619,2.631819486618042,1.5065796375274658,0.6936127543449402,0.80613774061203,0.9752233624458312,holo_holo_subset,False,False,False
788,NAI,1jki,A,7wmz,C,1,[44],[44],NAI,NAI,6.365655899047852,2.698064088821411,1.4659452438354492,0.6616514921188354,0.7960367798805237,1.150668025016785,holo_holo_subset,False,False,False
789,NAI,3rfv,A,4fju,A,1,[44],[44],NAI,NAI,2.599233627319336,3.2484638690948486,1.4127867221832275,0.7141345143318176,0.907482087612152,1.137623310089111,holo_holo_subset,False,False,True
790,NAI,1t2e,A,6jw7,A,1,[44],[44],NAI,NAI,1.4811676740646362,4.497766494750977,0.6601547002792358,0.7927019000053406,0.9950219988822936,0.7057835459709167,holo_holo_subset,False,True,True
791,CA,1b2y,A,8bad,B,1,[1],[1],CA,CA,5.925751686096191,2.0938446521759038,1.5203207731246948,0.6851813197135925,0.8329979181289673,0.9740943908691406,holo_holo_subset,False,False,False
792,SKM,2hk9,A,3nvs,A,1,[12],[12],SKM,SKM,4.81723165512085,2.2072248458862305,1.7391300201416016,0.747579038143158,0.6500979661941528,1.165359616279602,holo_holo_subset,False,False,False
793,SIA,5egc,A,6g47,A,1,[21],[21],SIA,SIA,7.548854827880859,1.9320006370544436,1.5196915864944458,0.6321088671684265,0.9650980830192566,1.2746983766555786,holo_holo_subset,False,False,False
794,CA,1lwu,B,3zq4,A,1,[1],[1],CA,CA,6.649469375610352,2.0081844329833984,1.5024240016937256,0.7006770372390747,0.7794735431671143,1.0056331157684326,holo_holo_subset,False,False,False
795,NAI,4g6h,A,4yai,A,1,[44],[44],NAI,NAI,2.6902096271514893,3.8530831336975098,0.7908531427383423,0.777947723865509,0.9826543927192688,0.8228837847709656,holo_holo_subset,False,False,True
796,K,1d7r,A,1jjw,A,1,[1],[1],K,K,7.550273418426514,2.2874832153320312,1.5531034469604492,0.6976115703582764,0.5279532670974731,1.1701924800872805,holo_holo_subset,False,False,False
797,SAM,3t7v,A,4fak,A,1,[27],[27],SAM,SAM,3.481119394302368,2.8630402088165283,1.4299477338790894,0.7252297401428223,0.7402543425559998,1.3036319017410278,holo_holo_subset,False,False,True
798,SAM,3t7s,A,4odj,A,1,[27],[27],SAM,SAM,3.538156509399414,2.435960531234741,1.3917030096054075,0.7085933089256287,0.8245552778244019,1.2132575511932373,holo_holo_subset,False,False,True
799,CA,1fkq,A,1oz6,A,1,[1],[1],CA,CA,5.954823970794678,2.786537170410156,1.2899452447891235,0.7000753879547119,0.9525754451751708,0.8818285465240479,holo_holo_subset,False,False,False
800,NAI,3afo,A,4fju,A,1,[44],[44],NAI,NAI,3.470186471939087,2.718996047973633,1.5876461267471311,0.7094439268112183,0.6794458627700806,1.2561253309249878,holo_holo_subset,False,False,True
801,VN4,4hgp,A,4ri5,A,1,[4],[4],VN4,VN4,3.2669246196746826,2.585157871246338,1.745692014694214,0.7053267359733582,0.7639127969741821,1.0764949321746826,holo_holo_subset,False,False,True
802,RBF,2fl5,H,3ddy,A,1,[27],[27],RBF,RBF,6.777044773101807,1.9307708740234373,1.5538476705551147,0.6547122001647949,0.7924652099609375,0.9623177647590636,holo_holo_subset,False,False,False
803,SF4,2acz,B,4s28,A,1,[8],[8],SF4,SF4,7.811954021453857,1.6571192741394043,1.7173447608947754,0.7422889471054077,0.5135667324066162,1.000075101852417,holo_holo_subset,False,False,False
804,SIA,3phz,A,5xla,A,1,[21],[20],SIA,SIA,7.058472633361816,2.329280376434326,1.5058331489562988,0.6393557786941528,0.5027698874473572,1.2133008241653442,holo_holo_subset,False,False,False
805,VN4,2rar,A,4ri5,A,1,[4],[4],VN4,VN4,4.038499355316162,2.718353748321533,1.4958546161651611,0.7068606615066528,0.8220199942588806,1.0807273387908936,holo_holo_subset,False,False,False
806,NAI,3fhm,A,5wjs,A,1,[44],[44],NAI,NAI,3.455392360687256,2.9311859607696533,1.4200714826583862,0.7137347459793091,0.9037432074546814,1.252528190612793,holo_holo_subset,False,False,True
807,GOA,2o99,C,6gmb,A,1,[5],[5],GOA,GOA,4.80407190322876,2.4561896324157715,1.538113355636597,0.6939327716827393,0.5069627165794373,1.3017929792404177,holo_holo_subset,False,False,False
808,F6P,3iv8,A,3pr3,A,1,[16],[16],F6P,F6P,5.0136590003967285,2.3936891555786133,1.5591593980789185,0.7408151030540466,0.8996588587760925,1.0323690176010132,holo_holo_subset,False,False,False
809,CA,3vu1,B,6xux,A,1,[1],[1],CA,CA,7.634624004364014,1.951434135437012,1.6288641691207886,0.668631911277771,0.8164432644844055,1.2964253425598145,holo_holo_subset,False,False,False
810,CA,4a44,A,4qn3,A,1,[1],[1],CA,CA,5.616903305053711,2.2968907356262207,1.5711190700531006,0.7203534245491028,0.8125429749488831,0.9552310109138488,holo_holo_subset,False,False,False
811,CAA,2uzf,A,5lnq,A,1,[54],[54],CAA,CAA,4.950742721557617,2.869081497192383,1.502888560295105,0.7291447520256042,0.7406376600265503,1.110721230506897,holo_holo_subset,False,False,False
812,SKM,3nvs,A,4p4g,A,1,[12],[12],SKM,SKM,4.9975786209106445,2.573944091796875,1.49909245967865,0.7254507541656494,0.693440318107605,1.1619948148727417,holo_holo_subset,False,False,False
813,SF4,1oao,C,7bi7,A,1,[8],[8],SF4,SF4,6.250931739807129,2.247655868530273,1.6141119003295898,0.6488656997680664,0.9820389747619628,1.3168104887008667,holo_holo_subset,False,False,False
814,SIA,3phz,A,6g47,A,1,[21],[20],SIA,SIA,7.52689266204834,2.4908156394958496,1.389531135559082,0.6915698051452637,0.8794282674789429,1.2450311183929443,holo_holo_subset,False,False,False
815,NAI,5bwm,B,7wmz,C,1,[44],[44],NAI,NAI,4.53108549118042,2.528334140777588,1.4940577745437622,0.7341510653495789,0.8898547291755676,1.0485130548477173,holo_holo_subset,False,False,False
816,CA,3eu3,A,4wk1,A,1,[1],[1],CA,CA,7.075366020202637,2.105872631072998,1.719643473625183,0.6765691637992859,0.6607036590576172,1.2221838235855105,holo_holo_subset,False,False,False
817,SKM,2ev9,B,3slh,D,1,[12],[12],SKM,SKM,3.754770278930664,2.424393653869629,1.6056911945343018,0.7331166863441467,0.8843697309494019,1.132251858711243,holo_holo_subset,False,False,True
818,CA,2cn3,A,3d6e,B,1,[1],[1],CA,CA,6.984831809997559,2.4307987689971924,1.523794174194336,0.7094489336013794,0.7850784659385681,1.110732913017273,holo_holo_subset,False,False,False
819,NAI,1wnb,A,4g6h,A,1,[44],[44],NAI,NAI,2.2566370964050293,3.336230754852295,1.3120768070220947,0.7305929064750671,0.8763334155082703,0.9372977614402772,holo_holo_subset,False,False,True
820,CA,3g5i,A,4zg9,B,1,[1],[1],CA,CA,7.480437278747559,2.535619735717773,1.258173942565918,0.7184374928474426,0.5759249925613403,1.2108519077301023,holo_holo_subset,False,False,False
821,SKM,3nvs,A,4fos,A,1,[12],[12],SKM,SKM,4.577820777893066,2.197049140930176,1.635068416595459,0.6986093521118164,0.5938016772270203,1.2649439573287964,holo_holo_subset,False,False,False
822,SIA,4fvv,B,5egc,A,1,[21],[21],SIA,SIA,7.734651565551758,1.8758563995361328,1.411055564880371,0.6954615712165833,0.7872133255004883,1.2821780443191528,holo_holo_subset,False,False,False
823,K,1jjw,A,3zd9,A,1,[1],[1],K,K,7.542877197265625,2.4868087768554688,1.499146819114685,0.6960849165916443,0.9131795167922974,1.0880329608917236,holo_holo_subset,False,False,False
824,SIA,2bat,A,4d62,A,1,[21],[21],SIA,SIA,7.203670024871826,2.40783953666687,1.5509212017059326,0.6709039211273193,0.8809285163879395,1.2370442152023315,holo_holo_subset,False,False,False
825,NXL,6d3g,C,6fj1,A,1,[17],[17],NXL,NXL,2.7121174335479736,2.192065954208374,1.6427181959152222,0.7193707227706909,0.2954785823822021,1.0449239015579224,holo_holo_subset,False,False,False
826,CA,1ksc,A,6g7o,A,1,[1],[1],CA,CA,6.753770351409912,2.3130767345428467,1.5623290538787842,0.7552459836006165,0.6705740690231323,1.065750241279602,holo_holo_subset,False,False,False
827,NAI,1e3e,A,7wmz,C,1,[44],[44],NAI,NAI,6.974209308624268,2.603842496871948,1.5642549991607666,0.6783264875411987,0.8554771542549133,1.133796453475952,holo_holo_subset,False,False,False
828,GOA,3if9,A,3l24,B,1,[5],[5],GOA,GOA,4.966281414031982,2.2518632411956787,1.4969972372055054,0.6924354434013367,0.8994207382202148,1.0306951999664309,holo_holo_subset,False,False,False
829,CA,3u48,B,7usf,A,1,[1],[1],CA,CA,7.952455043792725,2.520580530166626,1.413006067276001,0.7161634564399719,0.9120196104049684,1.104828953742981,holo_holo_subset,False,False,False
830,NAI,2dld,A,5bwm,B,1,[44],[44],NAI,NAI,2.713916063308716,2.9920578002929688,1.5058985948562622,0.7311168313026428,0.8112003207206726,1.1184576749801636,holo_holo_subset,False,False,True
831,NAI,2gwl,A,5itv,A,1,[44],[44],NAI,NAI,2.9110658168792725,2.944099903106689,1.5493087768554688,0.7386271953582764,0.903317093849182,1.138844609260559,holo_holo_subset,False,False,True
832,SKM,3doo,A,3nvs,A,1,[12],[12],SKM,SKM,5.682009696960449,2.038114070892334,1.5434714555740356,0.7128937840461731,0.6029740571975708,1.0489190816879272,holo_holo_subset,False,False,False
833,CA,1n2l,A,2jal,B,1,[1],[1],CA,CA,7.471501350402832,2.785358428955078,1.447962999343872,0.7230671644210815,0.8887808918952942,1.112644910812378,holo_holo_subset,False,False,False
834,K,1gup,A,2ib8,D,1,[1],[1],K,K,7.308680057525635,2.4885621070861816,1.5935993194580078,0.707718014717102,0.6689469814300537,1.30182147026062,holo_holo_subset,False,False,False
835,TTP,1mc3,A,7t18,A,1,[29],[29],TTP,TTP,3.4288504123687744,2.4605839252471924,1.5781941413879397,0.7236848473548889,0.8943216800689697,0.9963557124137878,holo_holo_subset,False,False,True
836,SKM,2aa9,A,3sef,C,1,[12],[12],SKM,SKM,5.801741600036621,2.317057609558105,1.5796316862106323,0.649513304233551,0.435227483510971,1.597812533378601,holo_holo_subset,False,False,False
837,CA,3a6o,A,5j3x,B,1,[1],[1],CA,CA,6.809389114379883,2.323434352874756,1.5937004089355469,0.6772848963737488,0.7252695560455322,1.107617735862732,holo_holo_subset,False,False,False
838,RBF,1kyv,E,2vxa,A,1,[27],[27],RBF,RBF,5.634138107299805,2.451464891433716,1.7250325679779053,0.7240315079689026,0.8994473814964294,1.037711262702942,holo_holo_subset,False,False,False
839,NAI,4fju,A,4yac,A,1,[27],[44],NAI,NAI,2.976481676101685,3.426863193511963,1.5283100605010986,0.7358892560005188,0.9423555731773376,1.0490325689315796,holo_holo_subset,False,False,True
840,K,2gj8,D,3crl,B,1,[1],[1],K,K,7.660929203033447,3.231429100036621,1.4805879592895508,0.7296926975250244,0.90546053647995,0.9868711829185486,holo_holo_subset,False,False,False
841,CA,2eab,A,3god,A,1,[1],[1],CA,CA,5.644842624664307,2.107478141784668,1.7205184698104858,0.7286067008972168,0.82659912109375,1.1173993349075315,holo_holo_subset,False,False,False
842,CA,4g97,A,5h7w,B,1,[1],[1],CA,CA,7.036399841308594,3.021188735961914,1.5752496719360352,0.7277058959007263,0.8701080679893494,0.9234265685081482,holo_holo_subset,False,False,False
843,NAI,4fju,A,7wmz,C,1,[44],[44],NAI,NAI,3.8903753757476807,2.638350009918213,1.469863772392273,0.7116484642028809,0.8602999448776245,1.206620454788208,holo_holo_subset,False,False,True
844,K,2ib8,D,2qv6,A,1,[1],[1],K,K,4.199662685394287,2.664517879486084,1.6439203023910522,0.712128758430481,0.8975961208343506,1.0764553546905518,holo_holo_subset,False,False,False
845,NAI,3rfv,A,7wmz,C,1,[44],[44],NAI,NAI,5.278103828430176,2.727311134338379,1.476307034492493,0.6712026596069336,0.9489465355873108,1.2969446182250977,holo_holo_subset,False,False,False
846,K,2fxi,A,3fd5,B,1,[1],[1],K,K,4.598971843719482,2.3085899353027344,1.4730461835861206,0.7402352094650269,0.8111273050308228,0.990581214427948,holo_holo_subset,False,False,False
847,NAI,1jki,A,2gwl,A,1,[44],[44],NAI,NAI,3.083299160003662,3.005100011825561,1.6161502599716189,0.7079535126686096,0.8466446995735168,1.2868406772613523,holo_holo_subset,False,False,True
848,TYD,1h7q,A,3lv8,A,1,[25],[25],TYD,TYD,5.885263442993164,2.694465160369873,1.5360186100006104,0.7231742739677429,0.7822856307029724,1.056228756904602,holo_holo_subset,False,False,False
849,CA,1jku,A,1os1,A,1,[1],[1],CA,CA,6.377449035644531,2.0369694232940674,1.585963487625122,0.7256643772125244,0.742768406867981,1.0414371490478516,holo_holo_subset,False,False,False
850,SF4,3pdi,A,6lum,K,1,[8],[8],SF4,SF4,4.692172050476074,2.1092851161956787,1.6759681701660156,0.6493849158287048,0.8408377766609192,1.0743346214294434,holo_holo_subset,False,False,False
851,TTP,3o0n,A,7b0h,F,1,[29],[29],TTP,TTP,6.221449851989746,1.9087193012237549,1.510998010635376,0.5248847007751465,0.8159025311470032,3.25014066696167,holo_holo_subset,False,False,False
852,CA,1egg,B,2aig,P,1,[1],[1],CA,CA,6.655583381652832,2.488044023513794,1.4808212518692017,0.7280650734901428,0.939937949180603,1.3643418550491333,holo_holo_subset,False,False,False
853,TTP,1xje,A,7b0h,F,1,[29],[29],TTP,TTP,6.677090167999268,2.0138139724731445,1.5130475759506226,0.6178830862045288,0.8739082217216492,0.9906592965126038,holo_holo_subset,False,False,False
854,K,1d7r,A,3crl,B,1,[1],[1],K,K,7.957711219787598,2.829972982406616,1.531885027885437,0.7388755083084106,0.5934664607048035,1.0059964656829834,holo_holo_subset,False,False,False
855,TTP,3mx2,B,3o0n,A,1,[29],[29],TTP,TTP,5.151501178741455,2.15913724899292,1.4359816312789917,0.6620475053787231,0.5639359354972839,1.35290265083313,holo_holo_subset,False,False,False
856,RBF,2fl5,H,3a35,A,1,[27],[27],RBF,RBF,6.504151344299316,1.9020562171936035,1.764866590499878,0.7034246325492859,0.7461912035942078,1.2069029808044434,holo_holo_subset,False,False,False
857,SF4,3o3m,D,4s2a,A,1,[8],[8],SF4,SF4,8.573065757751465,2.592742443084717,1.547492504119873,0.7248266339302063,0.6966208219528198,1.419257640838623,holo_holo_subset,False,False,False
858,BU3,5i5m,B,5te4,G,1,[6],[6],BU3,BU3,6.628020763397217,2.365546226501465,1.4241129159927368,0.6481778025627136,0.7381395697593689,0.9394738674163818,holo_holo_subset,False,False,False
859,TYD,1h7q,A,4lxq,B,1,[25],[25],TYD,TYD,5.271836280822754,2.730380058288574,1.4951252937316897,0.732744574546814,0.5075350999832153,1.0640612840652466,holo_holo_subset,False,False,False
860,SF4,1e1d,A,4g9p,A,1,[8],[8],SF4,SF4,3.0201663970947266,2.5114221572875977,1.27688729763031,0.5299862027168274,0.9829703569412231,1.1476911306381226,holo_holo_subset,False,False,True
861,F6P,3iv8,A,5k55,A,1,[16],[16],F6P,F6P,3.77182412147522,2.6999568939208984,1.3629372119903564,0.7253640294075012,0.6818032264709473,1.303712010383606,holo_holo_subset,False,False,True
862,CA,3f8h,A,4ayl,A,1,[1],[1],CA,CA,5.281827449798584,2.494687080383301,1.6012976169586182,0.7467013001441956,0.9270989298820496,1.1552095413208008,holo_holo_subset,False,False,False
863,SIA,3phz,A,6y6a,M,1,[21],[20],SIA,SIA,7.645862579345703,1.8342390060424805,1.5870052576065063,0.6813837885856628,0.8966144323348999,1.0557856559753418,holo_holo_subset,False,False,False
864,1GP,3ew5,A,4mm1,A,1,[10],[10],1GP,1GP,3.312190294265747,2.707961082458496,1.520959734916687,0.7314862608909607,0.7195800542831421,1.2098432779312134,holo_holo_subset,False,False,True
865,SKM,3nvs,A,3pgj,A,1,[12],[12],SKM,SKM,4.902621746063232,2.6568868160247803,1.485093116760254,0.7395694255828857,0.4319817721843719,0.9976980686187744,holo_holo_subset,False,False,False
866,CA,2o18,C,2xrg,A,1,[1],[1],CA,CA,7.71948766708374,2.5926499366760254,1.4990339279174805,0.6867730617523193,0.8584692478179932,1.4016051292419434,holo_holo_subset,False,False,False
867,CA,3a6o,A,4n3o,B,1,[1],[1],CA,CA,6.872244358062744,2.555166244506836,1.484121561050415,0.7114949822425842,0.8975962400436401,1.0706688165664673,holo_holo_subset,False,False,False
868,CA,2ff2,B,4c16,A,1,[1],[1],CA,CA,3.267207384109497,2.203688144683838,1.672227382659912,0.7231972217559814,0.8370014429092407,1.034191370010376,holo_holo_subset,False,False,True
869,K,1jjw,A,2ib8,D,1,[1],[1],K,K,6.156486034393311,2.705296516418457,1.5162394046783447,0.7187525629997253,0.9221230149269104,1.2022664546966553,holo_holo_subset,False,False,False
870,CA,1je5,B,4nyu,A,1,[1],[1],CA,CA,7.953633308410644,2.2447781562805176,1.94124698638916,0.6743314266204834,0.9582751393318176,1.3128836154937744,holo_holo_subset,False,False,False
871,PC,2bib,A,4bbj,A,1,[11],[11],PC,PC,8.359740257263184,2.554152011871338,1.5114355087280271,0.7406171560287476,0.8343821167945862,0.9548940062522888,holo_holo_subset,False,False,False
872,SF4,3pdi,A,5y6q,B,1,[8],[8],SF4,SF4,7.438004970550537,2.3775060176849365,1.3680568933486938,0.6406220197677612,0.9361463785171508,1.1475703716278076,holo_holo_subset,False,False,False
873,TTP,1w4r,A,2ggq,A,1,[29],[29],TTP,TTP,5.008571147918701,2.7465157508850098,1.5682743787765503,0.7018548250198364,0.7415524125099182,1.0849250555038452,holo_holo_subset,False,False,False
874,SF4,4a15,A,6djt,A,1,[8],[8],SF4,SF4,8.315797805786133,2.403266191482544,1.54704487323761,0.7088853120803833,0.8027278780937195,1.0039249658584597,holo_holo_subset,False,False,False
875,SF4,5kh0,A,7bi7,A,1,[8],[8],SF4,SF4,5.758906841278076,2.6128649711608887,1.3393031358718872,0.6492515802383423,0.9488950967788696,1.1358896493911743,holo_holo_subset,False,False,False
876,COM,4ay8,A,5n1q,A,1,[7],[7],COM,COM,8.366944313049316,1.832465648651123,1.3867793083190918,0.645905077457428,0.9331680536270142,1.0763235092163086,holo_holo_subset,False,False,False
877,SKM,2hk9,A,3slh,D,1,[12],[12],SKM,SKM,4.848663806915283,2.345655918121338,1.719395875930786,0.6917043924331665,0.9386633038520812,1.3451021909713743,holo_holo_subset,False,False,False
878,COM,4pom,A,5n1q,A,1,[7],[7],COM,COM,7.866992950439453,2.316534996032715,1.2550175189971924,0.6993522047996521,0.924252986907959,0.9673614501953124,holo_holo_subset,False,False,False
879,SF4,3egw,A,6fz6,A,1,[8],[8],SF4,SF4,3.1673455238342285,2.4180655479431152,1.3251715898513794,0.6201305985450745,0.9666484594345092,1.594253659248352,holo_holo_subset,False,False,True
880,1GP,4nae,A,4rgq,B,1,[10],[10],1GP,1GP,4.952793598175049,2.7046847343444824,1.4448142051696775,0.7497268915176392,0.7791540026664734,1.110102295875549,holo_holo_subset,False,False,False
881,SF4,1iqz,A,6bxk,A,1,[8],[8],SF4,SF4,6.628715991973877,2.1186249256134038,1.5582520961761477,0.7333129048347473,0.8735329508781433,1.053170919418335,holo_holo_subset,False,False,False
882,SF4,5ztb,B,6x1o,C,1,[8],[8],SF4,SF4,6.212078094482422,2.2139687538146973,1.5532312393188477,0.6727840304374695,0.8730993866920471,1.424404501914978,holo_holo_subset,False,False,False
883,SF4,1h98,A,4s28,A,1,[8],[8],SF4,SF4,7.525888442993164,2.2219159603118896,1.626267433166504,0.7374802231788635,0.7826808094978333,1.1993675231933594,holo_holo_subset,False,False,False
884,TTP,3o0n,A,7t18,A,1,[29],[29],TTP,TTP,7.502261161804199,1.4292259216308594,1.904063582420349,0.6145846843719482,0.6443055272102356,1.13914954662323,holo_holo_subset,False,False,False
885,PQQ,3das,A,7wmk,A,1,[24],[24],PQQ,PQQ,3.396403312683105,2.979806900024414,1.2520909309387207,0.691190242767334,0.9700976610183716,1.1691445112228394,holo_holo_subset,False,False,True
886,1GP,2f6x,A,3ew5,A,1,[10],[10],1GP,1GP,5.0291666984558105,2.506320714950561,1.6307322978973389,0.6982492208480835,0.4270351529121399,1.1752103567123413,holo_holo_subset,False,False,False
887,SF4,2a5h,B,3egw,A,1,[8],[8],SF4,SF4,7.068761348724365,2.2058894634246826,1.437826156616211,0.6438449621200562,0.6941598057746887,1.725924372673035,holo_holo_subset,False,False,False
888,RBF,1hze,A,2fl5,H,1,[27],[27],RBF,RBF,6.504769802093506,2.29062557220459,1.6877995729446411,0.7309812903404236,0.4663975834846496,1.069459080696106,holo_holo_subset,False,False,False
889,K,2ib8,D,3crl,B,1,[1],[1],K,K,7.797507286071777,2.3362739086151123,1.695285439491272,0.7297489047050476,0.7108377814292908,1.0766143798828125,holo_holo_subset,False,False,False
890,TTP,1mc3,A,7b0h,F,1,[29],[29],TTP,TTP,3.090881109237671,2.484055995941162,1.6312799453735352,0.6819164752960205,0.8492260575294495,1.007080316543579,holo_holo_subset,False,False,True
891,TTP,1cr1,A,6n9u,H,1,[29],[29],TTP,TTP,5.914391994476318,2.259886741638184,1.629494309425354,0.6905765533447266,0.4463438093662262,1.3022252321243286,holo_holo_subset,False,False,False
892,SF4,1iqz,A,6fwr,A,1,[8],[8],SF4,SF4,8.091574668884277,2.3931689262390137,1.5792996883392334,0.6715551614761353,0.8826346397399902,1.2227978706359863,holo_holo_subset,False,False,False
893,SIA,3r4s,A,5egc,A,1,[21],[21],SIA,SIA,8.246793746948242,1.8527030944824217,1.6952568292617798,0.6051073670387268,0.9647731184959412,1.221819519996643,holo_holo_subset,False,False,False
894,SKM,3slh,D,4y0a,A,1,[12],[12],SKM,SKM,3.616644144058228,2.3243439197540283,1.7059813737869265,0.7290008068084717,0.819612443447113,1.2483680248260498,holo_holo_subset,False,False,True
895,K,2ib8,D,4jay,A,1,[1],[1],K,K,4.29718828201294,2.3577823638916016,1.5550410747528076,0.7256771922111511,0.8511224985122681,0.9705114960670472,holo_holo_subset,False,False,False
896,RBF,1kyv,E,2cc8,A,1,[27],[27],RBF,RBF,6.126835346221924,2.6577601432800293,1.1698793172836304,0.6941702365875244,0.9668672680854796,0.9114680886268616,holo_holo_subset,False,False,False
897,K,6cq6,B,6npl,A,1,[1],[1],K,K,7.1935858726501465,1.9913902282714844,1.509703278541565,0.6334277987480164,0.8927043080329895,1.287375807762146,holo_holo_subset,False,False,False
898,K,1d7r,A,1gup,A,1,[1],[1],K,K,7.516380310058594,2.642000675201416,1.4292320013046265,0.6800960898399353,0.7729026675224304,1.1958584785461426,holo_holo_subset,False,False,False
899,TYD,4rii,A,6b5e,B,1,[25],[25],TYD,TYD,7.144340515136719,3.0582354068756104,1.552157640457153,0.7534103989601135,0.7194836735725403,1.006428360939026,holo_holo_subset,False,False,False
900,SF4,5ktn,A,7bi7,A,1,[8],[8],SF4,SF4,5.650501728057861,2.485936164855957,1.5627107620239258,0.7224245667457581,0.9268447160720824,1.2451297044754028,holo_holo_subset,False,False,False
901,SF4,2fug,6,6djt,A,1,[8],[8],SF4,SF4,6.347111225128174,2.165663480758667,1.536756157875061,0.6717671155929565,0.7545990347862244,1.135619044303894,holo_holo_subset,False,False,False
902,TTP,1cr1,A,3o0n,A,1,[29],[29],TTP,TTP,7.571110248565674,2.360702514648437,1.5330301523208618,0.6529872417449951,0.5699814558029175,1.0729527473449707,holo_holo_subset,False,False,False
903,K,1gup,A,2fxi,A,1,[1],[1],K,K,8.189655303955078,2.572681188583374,1.7154849767684937,0.6866844892501831,0.9679200053215028,1.2908828258514404,holo_holo_subset,False,False,False
904,SF4,1a6l,A,4s28,A,1,[8],[8],SF4,SF4,7.849709033966064,2.4529099464416504,1.671955943107605,0.7365147471427917,0.9002151489257812,1.2899194955825806,holo_holo_subset,False,False,False
905,TTP,1xje,A,2ggq,A,1,[29],[29],TTP,TTP,7.657574653625488,2.3411190509796143,1.4808026552200315,0.6634094715118408,0.8570240139961243,0.9979549646377563,holo_holo_subset,False,False,False
906,TYD,1h7q,A,2v54,A,1,[25],[25],TYD,TYD,6.060068607330322,2.737194538116455,1.7160300016403198,0.7360679507255554,0.6778156757354736,1.0420825481414795,holo_holo_subset,False,False,False
907,PC,1o72,A,4bbj,A,1,[11],[11],PC,PC,8.164403915405273,2.299311399459839,1.4502902030944824,0.6866947412490845,0.5511406660079956,1.1351134777069092,holo_holo_subset,False,False,False
908,RBF,2cc8,A,4iil,A,1,[27],[27],RBF,RBF,5.586488723754883,2.3077287673950195,1.3906759023666382,0.7026851773262024,0.9361042380332948,1.0552945137023926,holo_holo_subset,False,False,False
909,FDA,3v76,A,7e8p,D,1,[53],[53],FDA,FDA,4.471500873565674,2.581592082977295,1.6759214401245115,0.7117188572883606,0.8267696499824524,1.0933510065078735,holo_holo_subset,False,False,False
910,TTP,2ggq,A,6n9u,H,1,[29],[29],TTP,TTP,3.2308380603790283,2.4699065685272217,1.4790873527526855,0.6812058687210083,0.8982530236244202,1.0962376594543457,holo_holo_subset,False,False,True
911,F6P,3iv8,A,3o8o,B,1,[16],[16],F6P,F6P,5.53131103515625,2.3722002506256104,1.5483028888702393,0.6784095764160156,0.803714394569397,0.9714938402175904,holo_holo_subset,False,False,False
912,TTP,1cr1,A,1xje,A,1,[29],[29],TTP,TTP,7.613387584686279,2.6293387413024902,1.5498454570770264,0.6543615460395813,0.6000940799713135,1.1159859895706177,holo_holo_subset,False,False,False
913,DGT,2atz,A,2iry,A,1,[31],[31],DGT,DGT,2.414212465286255,2.8368401527404785,0.8548558950424194,0.8428070545196533,0.9878983497619628,0.8102266192436218,holo_holo_subset,False,False,True
914,K,1jjw,A,3crl,B,1,[1],[1],K,K,7.004842281341553,2.3958609104156494,1.6394474506378174,0.6960408687591553,0.8400033712387085,1.1977158784866333,holo_holo_subset,False,False,False
915,F6P,3iv8,A,5htk,A,1,[16],[16],F6P,F6P,8.01205062866211,2.782324314117432,1.4944196939468384,0.7181789875030518,0.893406331539154,1.0803167819976809,holo_holo_subset,False,False,False
916,TTP,1cr1,A,3mx2,B,1,[29],[29],TTP,TTP,8.253650665283203,2.6581642627716064,1.5671777725219729,0.7254421710968018,0.8210625052452087,1.0791460275650024,holo_holo_subset,False,False,False
917,TTP,2ggq,A,2uz3,B,1,[29],[29],TTP,TTP,5.093851566314697,2.6358604431152344,1.573902606964111,0.7087115049362183,0.8430375456809998,1.0561048984527588,holo_holo_subset,False,False,False
918,F6P,3iv8,A,3m5p,A,1,[16],[16],F6P,F6P,5.452555179595947,1.7983531951904297,1.733926773071289,0.6863947510719299,0.717094361782074,1.0183935165405271,holo_holo_subset,False,False,False
919,TTP,1cr1,A,1mc3,A,1,[29],[29],TTP,TTP,3.659789800643921,2.7980194091796875,1.7668496370315552,0.7169989943504333,0.6790813207626343,1.121444821357727,holo_holo_subset,False,False,True
920,PC,1b09,A,3lkf,A,1,[11],[11],PC,PC,3.5207698345184326,2.488161087036133,1.234529733657837,0.6716392636299133,0.9093223810195924,1.320057392120361,holo_holo_subset,False,False,True
921,K,2ib8,D,3fd5,B,1,[1],[1],K,K,4.726945877075195,2.754108190536499,1.6065162420272827,0.7238057851791382,0.4914179742336273,1.195460557937622,holo_holo_subset,False,False,False
922,TYD,1h7q,A,1rrv,A,1,[25],[25],TYD,TYD,2.438530445098877,3.1453936100006104,1.5035468339920044,0.7713754177093506,0.6950103044509888,0.9387311339378356,holo_holo_subset,False,False,True
923,K,1gup,A,1jjw,A,1,[1],[1],K,K,6.965048789978027,2.3518319129943848,1.683070421218872,0.6963224411010742,0.8644730448722839,1.1529134511947632,holo_holo_subset,False,False,False
924,K,1jjw,A,2gj8,D,1,[1],[1],K,K,5.998669624328613,2.4462203979492188,1.5840508937835691,0.7241511344909668,0.8662933707237244,1.169503688812256,holo_holo_subset,False,False,False
925,K,1gup,A,2gj8,D,1,[1],[1],K,K,7.218210697174072,2.56237268447876,1.6290472745895386,0.7237788438796997,0.8844876885414124,1.102126955986023,holo_holo_subset,False,False,False
926,PC,2bib,A,5tcd,A,1,[11],[11],PC,PC,3.3874452114105225,2.737758159637451,1.4238845109939575,0.7742607593536377,0.7802091240882874,0.8430526852607727,holo_holo_subset,False,False,True
927,TYD,1h7q,A,1pn3,A,1,[25],[25],TYD,TYD,2.381002426147461,3.157386302947998,1.4329506158828735,0.7693532109260559,0.7675990462303162,0.9827642440795898,holo_holo_subset,False,False,True
928,K,3crl,B,6cq6,B,1,[1],[1],K,K,7.802992343902588,1.97216796875,1.534093737602234,0.7046312093734741,0.802117645740509,1.2558995485305786,holo_holo_subset,False,False,False
929,F6P,3iv8,A,3n1c,A,1,[16],[16],F6P,F6P,5.505185604095459,2.849745512008667,1.55861496925354,0.7167640924453735,0.8888005018234253,1.0925261974334717,holo_holo_subset,False,False,False
930,CAA,2uzf,A,5ab6,D,1,[54],[54],CAA,CAA,4.381508827209473,2.793384075164795,1.4863083362579346,0.753595769405365,0.7096474170684814,0.9962311387062072,holo_holo_subset,False,False,False
931,TTP,2ggq,A,4a6a,A,1,[29],[29],TTP,TTP,5.989842414855957,1.930989980697632,1.8441203832626345,0.6747161746025085,0.8829360008239746,1.3752307891845703,holo_holo_subset,False,False,False
932,SIA,2v73,A,5egc,A,1,[21],[21],SIA,SIA,7.966495990753174,2.4321138858795166,1.7133119106292725,0.5892504453659058,0.801534116268158,1.0405353307724,holo_holo_subset,False,False,False
933,TTP,2ggq,A,2j87,D,1,[29],[29],TTP,TTP,5.059729099273682,2.7735071182250977,1.588326096534729,0.7006306648254395,0.8148815035820007,1.0158272981643677,holo_holo_subset,False,False,False
934,SIA,2bat,A,6g47,A,1,[21],[21],SIA,SIA,7.426168918609619,2.367035388946533,1.3769025802612305,0.692621111869812,0.9385855793952942,1.1694397926330566,holo_holo_subset,False,False,False
935,SIA,2bat,A,4fvv,B,1,[21],[21],SIA,SIA,5.362482070922852,2.290992259979248,1.607074737548828,0.6086417436599731,0.9607914686203004,1.507009983062744,holo_holo_subset,False,False,False
936,TYD,1h7q,A,3wag,B,1,[25],[25],TYD,TYD,2.52890682220459,3.1299731731414795,1.4079694747924805,0.7714765667915344,0.6848390698432922,1.088412165641785,holo_holo_subset,False,False,True
937,SIA,5egc,A,6y6a,M,1,[21],[21],SIA,SIA,7.337462425231934,2.362809896469116,1.7930946350097656,0.6650314927101135,0.9409342408180236,1.5559159517288208,holo_holo_subset,False,False,False
938,SIA,2bat,A,2wbv,B,1,[21],[21],SIA,SIA,5.963451862335205,2.4579169750213623,1.9487005472183228,0.5522496104240417,0.9720742702484132,1.286393404006958,holo_holo_subset,False,False,False
939,SIA,2bat,A,4k6u,B,1,[20],[21],SIA,SIA,6.933050155639648,2.354213237762451,1.5593005418777466,0.6077846884727478,0.9044577479362488,1.4209959506988523,holo_holo_subset,False,False,False
940,TYD,1epz,A,4zyj,D,1,[25],[25],TYD,TYD,6.945161819458008,2.363708257675171,1.5635550022125244,0.7052868604660034,0.5708944201469421,1.4740411043167114,holo_holo_subset,False,False,False
941,K,1jjw,A,4jay,A,1,[1],[1],K,K,4.510312080383301,2.333897113800049,1.4987516403198242,0.719894289970398,0.8947069048881531,1.0065537691116333,holo_holo_subset,False,False,False
942,K,1jjw,A,2qv6,A,1,[1],[1],K,K,6.343515396118164,2.522260427474976,1.5599584579467771,0.7387362122535706,0.7862105965614319,0.9990963339805604,holo_holo_subset,False,False,False
943,SIA,2bat,A,6y6a,M,1,[21],[21],SIA,SIA,7.373565673828125,2.186255931854248,1.971662521362305,0.5624744296073914,0.9185296297073364,1.652463436126709,holo_holo_subset,False,False,False
944,SIA,2wbv,B,3phz,A,1,[20],[21],SIA,SIA,8.205668449401855,2.1086111068725586,1.4639058113098145,0.7059756517410278,0.622350811958313,1.200057029724121,holo_holo_subset,False,False,False
945,SIA,4d62,A,5egc,A,1,[21],[21],SIA,SIA,7.750971794128418,2.494612693786621,1.2434571981430054,0.6512312889099121,0.9995477795600892,1.3256006240844729,holo_holo_subset,False,False,False
946,TYD,4zyj,D,5tpu,A,1,[25],[25],TYD,TYD,7.541276931762695,2.010509967803955,1.6216845512390137,0.7201744318008423,0.8170909285545349,1.3533746004104614,holo_holo_subset,False,False,False
947,TYD,1epz,A,3vbm,E,1,[25],[25],TYD,TYD,6.531915187835693,2.3280558586120605,1.5401850938796997,0.7445812225341797,0.877385675907135,1.202761173248291,holo_holo_subset,False,False,False
948,SIA,4k6u,B,5egc,A,1,[21],[20],SIA,SIA,8.02135944366455,2.228379249572754,1.554320216178894,0.6493390798568726,0.8831126093864441,1.5275094509124756,holo_holo_subset,False,False,False
949,TYD,1h7q,A,4lei,A,1,[25],[25],TYD,TYD,2.38923454284668,3.108722925186157,1.4761207103729248,0.7475028038024902,0.5255564451217651,1.0225368738174438,holo_holo_subset,False,False,True
950,TYD,1h7q,A,3oth,A,1,[25],[25],TYD,TYD,2.437692403793335,3.1319026947021484,1.3934563398361206,0.7446895837783813,0.6412758827209473,1.0192594528198242,holo_holo_subset,False,False,True
951,TYD,4lei,A,6b5e,B,1,[25],[25],TYD,TYD,7.137507438659668,3.0635719299316406,1.4694429636001587,0.731826901435852,0.8965310454368591,1.1132800579071045,holo_holo_subset,False,False,False
952,SIA,2bat,A,5egc,A,1,[21],[21],SIA,SIA,8.131440162658691,1.981422781944275,1.7924705743789673,0.5484987497329712,0.94686096906662,1.4124287366867063,holo_holo_subset,False,False,False
953,SIA,2wbv,B,5egc,A,1,[21],[21],SIA,SIA,8.478938102722168,2.1577327251434326,1.6146820783615112,0.5888115167617798,0.9637590050697328,1.5888657569885254,holo_holo_subset,False,False,False
954,SIA,2bat,A,2v73,A,1,[21],[21],SIA,SIA,7.001072883605957,2.1499223709106445,1.6626583337783811,0.7026180028915405,0.9031727910041808,1.3382452726364136,holo_holo_subset,False,False,False
955,K,3zd9,A,4jay,A,1,[1],[1],K,K,6.969152450561523,2.274327516555786,1.699406385421753,0.6832911372184753,0.5755169987678528,1.3883475065231323,holo_holo_subset,False,False,False
956,SIA,3phz,A,5egc,A,1,[21],[20],SIA,SIA,8.569280624389648,1.971392273902893,1.5397093296051023,0.5562093257904053,0.5128660202026367,1.428385853767395,holo_holo_subset,False,False,False
957,TYD,5h56,B,6b5e,B,1,[25],[25],TYD,TYD,6.901288032531738,2.979368209838867,1.4447160959243774,0.722841203212738,0.8467504978179932,1.084860920906067,holo_holo_subset,False,False,False
958,SIA,3phz,A,4nfd,A,1,[21],[20],SIA,SIA,8.096527099609375,2.541980504989624,1.6633723974227903,0.7228761315345764,0.8691456317901611,1.0650370121002195,holo_holo_subset,False,False,False
959,SIA,2bat,A,3r4s,A,1,[21],[21],SIA,SIA,6.43107271194458,1.9091506004333496,1.7474889755249023,0.6974001526832581,0.8339776992797852,1.0988579988479614,holo_holo_subset,False,False,False
960,SIA,3phz,A,4k6u,B,1,[20],[20],SIA,SIA,8.39303970336914,2.218322515487671,1.7333110570907593,0.7022404670715332,0.8072882294654846,1.3287917375564575,holo_holo_subset,False,False,False
961,SIA,4nfd,A,5egc,A,1,[21],[21],SIA,SIA,7.495034694671631,1.7424237728118896,1.4795351028442385,0.5868189334869385,0.9331074357032776,1.0907082557678225,holo_holo_subset,False,False,False
962,SAM,3nk7,B,4gc9,A,2,[27],[27],SAM,SAM,2.6395018100738525,3.3049750328063965,1.626012682914734,0.7161939740180969,0.9597730040550232,0.8985560536384583,holo_holo_subset,False,False,True
963,SIA,3r4s,A,6y6a,M,2,[21],[21],SIA,SIA,4.806573867797852,1.7841041088104248,1.578043818473816,0.660484790802002,0.9297530055046082,1.2357525825500488,holo_holo_subset,False,False,False
964,COM,2c3c,A,3sqg,A,2,[7],[7],COM,COM,6.57997989654541,1.889225721359253,1.616607904434204,0.581855297088623,0.7451179027557373,1.0725380182266235,holo_holo_subset,False,False,False
965,PGW,4jta,Q,6tq4,A,2,[51],[22],PGW,PGW,8.42836856842041,2.3097081184387207,1.4079327583312988,0.6595345735549927,0.6841962933540344,1.2287672758102417,holo_holo_subset,False,False,False
966,DGT,2pyj,B,3au2,A,2,[31],[31],DGT,DGT,4.50339412689209,2.4920854568481445,1.360287070274353,0.6127631068229675,0.7245681881904602,1.0273926258087158,holo_holo_subset,False,False,False
967,DPV,3kyq,A,4cbj,B,2,[23],[23],DPV,DPV,4.15184211730957,2.161233425140381,1.5258495807647705,0.7714362144470215,0.908426821231842,1.1710492372512815,holo_holo_subset,False,False,False
968,5ID,3uwp,A,5od2,B,2,[20],[20],5ID,5ID,2.863799810409546,2.976893901824951,1.446335792541504,0.7574700117111206,0.753565788269043,1.1013562679290771,holo_holo_subset,False,False,True
969,F6P,2r66,A,3n1c,A,2,[16],[16],F6P,F6P,7.0962018966674805,3.0538103580474854,1.2762014865875244,0.7423863410949707,0.8563070297241211,1.0678558349609375,holo_holo_subset,False,False,False
970,COM,1e6v,A,2c3c,A,2,[7],[7],COM,COM,8.701717376708984,2.2096080780029297,1.7980191707611084,0.6572275161743164,0.7186702489852905,1.291861653327942,holo_holo_subset,False,False,False
971,F6P,3n1c,A,5k55,A,2,[16],[16],F6P,F6P,5.6389875411987305,2.5409069061279297,1.6382839679718018,0.7325621247291565,0.4353830814361572,1.2880719900131226,holo_holo_subset,False,False,False
972,SAM,3m6w,A,5twj,C,2,[27],[27],SAM,SAM,3.122436046600342,3.293298721313477,1.3879493474960327,0.7099311947822571,0.9850698113441468,0.849160373210907,holo_holo_subset,False,False,True
973,CA,3pak,A,4fgo,A,2,[1],[1],CA,CA,4.94798755645752,2.702061176300049,1.4100991487503052,0.7545810341835022,0.8358237147331238,1.1341469287872314,holo_holo_subset,False,False,False
974,5ID,2zoq,A,3uwp,A,2,[20],[20],5ID,5ID,2.3100552558898926,3.175295829772949,1.4998594522476196,0.7319056987762451,0.7629745006561279,1.1721866130828855,holo_holo_subset,False,False,True
975,SAM,3uj7,A,5o96,D,2,[27],[27],SAM,SAM,2.9457950592041016,3.3416359424591064,1.378345012664795,0.7161557674407959,0.9228277802467346,0.9403267502784728,holo_holo_subset,False,False,True
976,SAM,2qmm,A,3mte,A,2,[26],[19],SAM,SAM,2.544021844863892,3.468993186950684,1.3324601650238037,0.7032195925712585,0.9337939023971558,0.9930095076560974,holo_holo_subset,False,False,True
977,F6P,1fsa,A,5htk,A,2,[16],[16],F6P,F6P,7.893572807312012,2.310935735702514,1.4122421741485596,0.6457536816596985,0.7809638381004333,1.2825071811676023,holo_holo_subset,False,False,False
978,DGT,2pyj,B,3f2b,A,2,[31],[31],DGT,DGT,8.12014389038086,1.8638893365859983,1.7529391050338743,0.5588886141777039,0.2497367262840271,0.8706451654434204,holo_holo_subset,False,False,False
979,COH,4n73,A,5f1a,A,2,[43],[43],COH,COH,6.164124965667725,2.309753656387329,1.6016610860824585,0.6058372259140015,0.7011363506317139,1.3866103887557983,holo_holo_subset,False,False,False
980,SAM,1i9g,A,5twj,C,2,[27],[27],SAM,SAM,3.0371694564819336,3.2951436042785645,1.422250270843506,0.6844605207443237,0.9659971594810486,0.8923996090888977,holo_holo_subset,False,False,True
981,DGT,2atz,A,2pyj,B,2,[31],[31],DGT,DGT,4.150295257568359,1.942720413208008,1.5087802410125732,0.6983507871627808,0.9701232314109802,1.0586072206497192,holo_holo_subset,False,False,False
982,F6P,2axn,A,5k55,A,2,[16],[16],F6P,F6P,8.030760765075684,2.2992959022521973,1.409883737564087,0.658821165561676,0.8362536430358887,1.1562498807907104,holo_holo_subset,False,False,False
983,HSA,1fg3,A,5eq9,B,2,[14],[14],HSA,HSA,3.544557809829712,2.3927855491638184,1.7639964818954468,0.7072916030883789,0.7497497200965881,1.1799681186676023,holo_holo_subset,False,False,True
984,F6P,3pr3,A,6ayu,A,2,[16],[16],F6P,F6P,5.8947834968566895,2.5440616607666016,1.563122034072876,0.7392323613166809,0.8070216178894043,1.073969841003418,holo_holo_subset,False,False,False
985,SAM,2npn,A,4qtu,B,2,[27],[27],SAM,SAM,2.051004648208618,3.144031524658203,1.512508749961853,0.7070146799087524,0.691720187664032,1.1639152765274048,holo_holo_subset,False,False,True
986,SAM,4fak,A,4ymg,B,2,[27],[27],SAM,SAM,3.0831024646759038,3.452964782714844,1.2930015325546265,0.7072524428367615,0.8728722929954529,0.959722101688385,holo_holo_subset,False,False,True
987,GST,3vc1,D,6ime,A,2,[19],[19],GST,GST,4.787311553955078,2.9317636489868164,1.3952820301055908,0.7499514222145081,0.9401562213897704,1.1377969980239868,holo_holo_subset,False,False,False
988,SAM,2wa2,A,5o96,D,2,[27],[27],SAM,SAM,2.814756155014038,3.2145750522613525,1.427903652191162,0.6922798752784729,0.7517310976982117,1.0447434186935425,holo_holo_subset,False,False,True
989,TTP,2j87,D,3mx2,B,2,[29],[29],TTP,TTP,8.021326065063477,2.579103946685791,1.586732029914856,0.6489316821098328,0.8611106872558594,1.5005409717559814,holo_holo_subset,False,False,False
990,F6P,5htk,A,5k55,A,2,[16],[16],F6P,F6P,8.078570365905762,2.2872912883758545,1.640168309211731,0.6593214273452759,0.8179525136947632,1.086562156677246,holo_holo_subset,False,False,False
991,BG6,5hg1,A,5hj5,B,2,[16],[16],BG6,BG6,7.234572410583496,2.457822799682617,1.5698071718215942,0.6693064570426941,0.7817411422729492,1.1599786281585691,holo_holo_subset,False,False,False
992,F6P,1t10,A,5k55,A,2,[16],[16],F6P,F6P,6.175055503845215,2.4968552589416504,1.5967204570770264,0.7351133227348328,0.7731632590293884,1.0462539196014404,holo_holo_subset,False,False,False
993,5ID,2zoq,A,5od2,B,2,[20],[20],5ID,5ID,3.2050764560699463,3.258962631225586,1.448850154876709,0.7866328954696655,0.5263166427612305,0.9782969355583192,holo_holo_subset,False,False,True
994,QUE,1e8w,A,1h1i,B,2,[22],[22],QUE,QUE,4.178596496582031,2.0286827087402344,1.4121460914611816,0.7209806442260742,0.7787228226661682,1.111109972000122,holo_holo_subset,False,False,False
995,AMU,3cyq,D,8ow7,A,2,[20],[20],AMU,AMU,5.191614627838135,2.1842498779296875,1.6100541353225708,0.7326095104217529,0.8886128664016724,1.257736086845398,holo_holo_subset,False,False,False
996,RBF,2cc8,A,4r3a,A,2,[27],[27],RBF,RBF,7.541896820068359,2.2005739212036133,1.681410312652588,0.6953692436218262,0.8787850141525269,1.0727108716964722,holo_holo_subset,False,False,False
997,SAM,3dlc,A,4fak,A,2,[27],[27],SAM,SAM,2.960289716720581,3.388698101043701,1.322759747505188,0.6965811848640442,0.954692006111145,0.979127049446106,holo_holo_subset,False,False,True
998,RUB,8thm,B,9rub,A,2,[18],[18],RUB,RUB,6.471408367156982,2.3477203845977783,1.5597126483917236,0.6808739900588989,0.5638929605484009,1.2787202596664429,holo_holo_subset,False,False,False
999,SAM,2qmm,A,5hfj,C,2,[27],[19],SAM,SAM,2.136363983154297,3.365457057952881,1.2710974216461182,0.7143679261207581,0.9309696555137634,0.9729875326156616,holo_holo_subset,False,False,True
1000,CA,5ykb,D,6oau,A,2,[1],[1],CA,CA,6.957485198974609,2.595546245574951,1.4408307075500488,0.72621750831604,0.7433421611785889,0.9163524508476256,holo_holo_subset,False,False,False
1001,CA,1f2o,A,1gpl,A,2,[1],[1],CA,CA,7.413421154022217,3.023116111755371,1.2952463626861572,0.7432808876037598,0.922856867313385,1.0368136167526243,holo_holo_subset,False,False,False
1002,PC,4bbj,A,5egh,B,2,[11],[11],PC,PC,8.305258750915527,2.3567609786987305,1.5003714561462402,0.731850266456604,0.8332451581954956,1.0606776475906372,holo_holo_subset,False,False,False
1003,1GP,3ew5,A,6dgm,B,2,[10],[10],1GP,1GP,5.780801296234131,2.4506285190582275,1.6258078813552856,0.744917631149292,0.7562069892883301,1.219538688659668,holo_holo_subset,False,False,False
1004,1GP,3ew5,A,4rgq,B,2,[10],[10],1GP,1GP,5.332280158996582,2.8220431804656982,1.4717183113098145,0.6823492050170898,0.9306904077529908,1.1254432201385498,holo_holo_subset,False,False,False
1005,SAM,2glu,A,2qmm,A,2,[19],[27],SAM,SAM,2.345402717590332,3.4738869667053223,1.2481435537338257,0.6928367018699646,0.9280620813369752,0.9765315651893616,holo_holo_subset,False,False,True
1006,GST,4lls,A,4od5,A,2,[19],[19],GST,GST,5.8165788650512695,2.605210304260254,1.4725325107574463,0.6958721280097961,0.686620831489563,1.43243670463562,holo_holo_subset,False,False,False
1007,TTP,3mx2,B,7t18,A,2,[29],[29],TTP,TTP,7.94498348236084,2.366492748260498,1.5974446535110474,0.6563220024108887,0.6937279105186462,1.3957277536392212,holo_holo_subset,False,False,False
1008,SAM,2ejt,A,5vm8,B,2,[27],[27],SAM,SAM,3.1031715869903564,3.322442054748535,1.4074736833572388,0.7074167132377625,0.8862758874893188,0.9615785479545592,holo_holo_subset,False,False,True
1009,NAI,4yai,A,7uyy,A,2,[44],[44],NAI,NAI,2.8673014640808105,3.819474458694458,1.2438108921051023,0.7437924742698669,0.9061737656593324,0.9863455295562744,holo_holo_subset,False,False,True
1010,F6P,3o8o,B,5k55,A,2,[16],[16],F6P,F6P,5.841646194458008,2.4996743202209477,1.5589582920074463,0.6788357496261597,0.8663589954376221,1.1844375133514404,holo_holo_subset,False,False,False
1011,HEM,1ch4,A,3el3,A,2,[43],[43],HEM,HEM,3.903369426727295,2.264279842376709,1.5107486248016355,0.6718149185180664,0.6284546256065369,0.9677724838256836,holo_holo_subset,False,False,True
1012,M6P,4r73,A,4zev,A,2,[16],[16],M6P,M6P,4.02297830581665,2.558600425720215,1.503775954246521,0.7457007169723511,0.858617901802063,1.0766912698745728,holo_holo_subset,False,False,False
1013,SAM,2ejt,A,3dcm,X,2,[27],[27],SAM,SAM,3.161534070968628,3.210639715194702,1.5963668823242188,0.6981770396232605,0.8763334155082703,0.9610901474952698,holo_holo_subset,False,False,True
1014,DGT,2iry,A,5hrf,A,2,[31],[31],DGT,DGT,3.9885141849517822,3.072321891784668,1.3189573287963867,0.731216549873352,0.9438389539718628,0.9961107969284058,holo_holo_subset,False,False,True
1015,SAM,5vm8,B,6clx,B,2,[27],[27],SAM,SAM,3.3751232624053955,3.376352310180664,1.4151182174682615,0.6830925941467285,0.8077225089073181,1.040608525276184,holo_holo_subset,False,False,True
1016,SAM,1cma,B,6ift,A,2,[27],[27],SAM,SAM,7.046530246734619,2.340841293334961,1.593729853630066,0.7323810458183289,0.411917507648468,1.2205475568771362,holo_holo_subset,False,False,False
1017,SAM,3t7s,A,4fak,A,2,[27],[27],SAM,SAM,2.901008129119873,3.4240946769714355,1.3696801662445068,0.7143163681030273,0.8526400327682495,0.931509792804718,holo_holo_subset,False,False,True
1018,K,2fxi,A,2ib8,D,2,[1],[1],K,K,6.216108798980713,2.416202545166016,1.5456308126449585,0.736445426940918,0.8816428780555725,1.0075602531433103,holo_holo_subset,False,False,False
1019,NAI,1wnb,A,4q3a,C,2,[44],[44],NAI,NAI,2.8545308113098145,3.873833656311035,1.177155375480652,0.7582923769950867,0.8937919735908508,0.8829366564750671,holo_holo_subset,False,False,True
1020,3CX,3oqj,B,4z7x,A,2,[15],[15],3CX,3CX,6.363970279693604,2.626298427581787,1.5706344842910769,0.6620643138885498,0.9600648880004884,1.201351284980774,holo_holo_subset,False,False,False
1021,NAI,4cuk,A,7uyy,A,2,[44],[44],NAI,NAI,2.8635687828063965,3.857264518737793,1.238219976425171,0.7623634338378906,0.8247682452201843,0.8995174169540405,holo_holo_subset,False,False,True
1022,SAM,2egv,A,2vdv,E,2,[27],[27],SAM,SAM,3.0866341590881348,3.3261148929595947,1.3334945440292358,0.6972620487213135,0.6786221265792847,0.9681617617607116,holo_holo_subset,False,False,True
1023,BG6,3hm8,A,7e6i,A,2,[16],[16],BG6,BG6,5.208054065704346,3.0542662143707275,1.6699271202087402,0.7504040002822876,0.9419719576835632,1.040907621383667,holo_holo_subset,False,False,False
1024,CA,1w3w,A,1ys6,B,2,[1],[1],CA,CA,7.073585033416748,2.585174798965454,1.4260139465332031,0.6447513103485107,0.9437448978424072,1.3971819877624512,holo_holo_subset,False,False,False
1025,TTP,2ja1,A,7t18,A,2,[29],[29],TTP,TTP,3.8900439739227295,2.862125396728516,0.9099536538124084,0.7470725774765015,0.961946666240692,0.8687297701835632,holo_holo_subset,False,False,True
1026,F6P,2r66,A,5k55,A,2,[16],[16],F6P,F6P,6.921972274780273,2.673181533813477,1.4409643411636353,0.674618661403656,0.9093642830848694,1.2005568742752075,holo_holo_subset,False,False,False
1027,SIA,2wbv,B,3r4s,A,2,[21],[21],SIA,SIA,7.964441776275635,2.254352569580078,1.4471933841705322,0.7062865495681763,0.7550092935562134,1.1612765789031982,holo_holo_subset,False,False,False
1028,F6P,3n1c,A,6ayu,A,2,[16],[16],F6P,F6P,6.216460227966309,2.619974136352539,1.4433990716934204,0.6637264490127563,0.8600693345069885,1.328959584236145,holo_holo_subset,False,False,False
1029,BG6,3hm8,A,5hj5,B,2,[16],[16],BG6,BG6,6.929620742797852,2.827410697937012,1.415466070175171,0.6801985502243042,0.7359485030174255,1.2548595666885376,holo_holo_subset,False,False,False
1030,FDA,4cy8,A,4mo2,B,2,[53],[53],FDA,FDA,1.1362717151641846,4.530818462371826,0.4918774962425232,0.807008683681488,0.9787171483039856,0.7133143544197083,holo_holo_subset,False,True,True
1031,SIA,2v73,A,2wbv,B,2,[21],[21],SIA,SIA,7.707180500030518,2.666046619415283,1.765461564064026,0.6826934814453125,0.869810163974762,1.2787917852401731,holo_holo_subset,False,False,False
1032,F6P,1fsa,A,2axn,A,2,[16],[16],F6P,F6P,7.9209885597229,1.834240436553955,1.8222627639770508,0.6897823810577393,0.7519987225532532,1.264302134513855,holo_holo_subset,False,False,False
1033,SAM,3kkz,A,5o96,D,2,[27],[27],SAM,SAM,3.045762777328491,3.233046054840088,1.3049240112304688,0.7020825743675232,0.9479990601539612,0.9787501096725464,holo_holo_subset,False,False,True
1034,CAA,1ee0,A,3vzs,B,2,[54],[54],CAA,CAA,7.027362823486328,3.1855506896972656,1.485187292098999,0.7266388535499573,0.7014635801315308,1.1079387664794922,holo_holo_subset,False,False,False
1035,K,1gup,A,3fd5,B,2,[1],[1],K,K,7.519296169281006,2.0933899879455566,1.538012981414795,0.7080194354057312,0.5775356292724609,1.08186674118042,holo_holo_subset,False,False,False
1036,SAM,1qzz,A,5o96,D,2,[27],[27],SAM,SAM,2.9288887977600098,3.421271562576294,1.2788546085357666,0.7051499485969543,0.9612250328063964,0.9855319261550904,holo_holo_subset,False,False,True
1037,DGT,2iry,A,3f2b,A,2,[31],[31],DGT,DGT,8.356585502624512,2.562197685241699,1.4124703407287598,0.6356930136680603,0.7810025811195374,1.3508449792861938,holo_holo_subset,False,False,False
1038,SAM,2zif,B,5hw4,A,2,[27],[27],SAM,SAM,2.1846742630004883,3.04133677482605,1.5077533721923828,0.7451516389846802,0.8551070094108582,1.180931568145752,holo_holo_subset,False,False,True
1039,K,3crl,B,4jay,A,2,[1],[1],K,K,7.836419105529785,2.3845410346984863,1.524282693862915,0.7140683531761169,0.8596676588058472,1.182008147239685,holo_holo_subset,False,False,False
1040,HEM,2fmy,A,3sik,A,2,[43],[43],HEM,HEM,6.465272426605225,1.977803468704224,1.5433932542800903,0.6820259690284729,0.6712581515312195,1.262792468070984,holo_holo_subset,False,False,False
1041,SAM,1v2x,A,4ymg,B,2,[27],[27],SAM,SAM,3.2690298557281494,3.476405382156372,1.206337332725525,0.7039222717285156,0.9197269082069396,1.02418851852417,holo_holo_subset,False,False,True
1042,NAI,4fju,A,6ktk,C,2,[44],[44],NAI,NAI,2.536163330078125,3.091811180114746,1.268259882926941,0.7277477979660034,0.9291433691978456,0.9912945032119752,holo_holo_subset,False,False,True
1043,NAI,2vhw,E,7uyy,A,2,[44],[44],NAI,NAI,2.985080480575561,3.849752187728882,1.242803931236267,0.7621996402740479,0.8440945744514465,0.9040431380271912,holo_holo_subset,False,False,True
1044,M6P,4r73,A,7kma,B,2,[16],[16],M6P,M6P,5.595894813537598,2.350292921066284,1.4881783723831177,0.705125629901886,0.7856267690658569,1.0960708856582642,holo_holo_subset,False,False,False
1045,SAM,2cdq,A,3ku1,A,2,[27],[27],SAM,SAM,6.999088764190674,2.584784746170044,1.7472388744354248,0.6613926887512207,0.9482489228248596,1.1394877433776855,holo_holo_subset,False,False,False
1046,DGT,2pyj,B,5hrf,A,2,[31],[31],DGT,DGT,5.371887683868408,2.510283946990967,1.659834623336792,0.70656818151474,0.8921415209770203,1.1747815608978271,holo_holo_subset,False,False,False
1047,K,1d7r,A,2ib8,D,2,[1],[1],K,K,6.7942328453063965,2.669949769973755,1.3706907033920288,0.7272709608078003,0.8597433567047119,1.1503397226333618,holo_holo_subset,False,False,False
1048,VO4,2d1g,A,3gp5,A,2,[4],[5],VO4,VO4,3.636519193649292,2.708968162536621,1.5477718114852903,0.721974790096283,0.8137430548667908,1.0931146144866943,holo_holo_subset,False,False,True
1049,NAI,3adp,A,3flk,A,2,[44],[44],NAI,NAI,2.623593330383301,3.101016044616699,1.5785253047943115,0.7479211688041687,0.8972031474113464,1.0649899244308472,holo_holo_subset,False,False,True
1050,F6P,1t10,A,3n1c,A,2,[16],[16],F6P,F6P,6.866575717926025,2.302363395690918,1.637199640274048,0.7496649026870728,0.8157996535301208,1.0132811069488523,holo_holo_subset,False,False,False
1051,CA,1j83,A,5aze,H,2,[1],[1],CA,CA,4.953606605529785,2.187199115753174,1.3962221145629885,0.6964595317840576,0.568783164024353,1.3998874425888062,holo_holo_subset,False,False,False
1052,SAM,1v2x,A,5hfj,C,2,[27],[27],SAM,SAM,3.073450803756714,3.3894481658935547,1.2495096921920776,0.7299143671989441,0.8402510285377502,1.058768391609192,holo_holo_subset,False,False,True
1053,SIA,2v73,A,6g47,A,2,[21],[21],SIA,SIA,7.404974937438965,2.681881904602051,1.4600274562835691,0.7563408017158508,0.9575881361961364,1.1499059200286863,holo_holo_subset,False,False,False
1054,CAA,1xpl,A,3vzs,B,2,[54],[54],CAA,CAA,7.357830047607422,2.959322929382324,1.5512162446975708,0.7531067728996277,0.7815844416618347,1.0072695016860962,holo_holo_subset,False,False,False
1055,F,2au6,A,2haw,B,2,[1],[1],F,F,6.889199256896973,2.434765338897705,1.6154215335845947,0.7022701501846313,0.8701345920562744,1.2721027135849,holo_holo_subset,False,False,False
1056,TTP,1w4r,A,3mx2,B,2,[29],[29],TTP,TTP,8.136335372924805,2.5502500534057617,1.5843554735183716,0.6894928812980652,0.8393835425376892,1.3799940347671509,holo_holo_subset,False,False,False
1057,CA,3n91,A,5t7p,A,2,[1],[1],CA,CA,8.729049682617188,2.0979394912719727,1.5138766765594482,0.6386204361915588,0.894392728805542,1.1737207174301147,holo_holo_subset,False,False,False
1058,F6P,3m5p,A,6ayu,A,2,[16],[16],F6P,F6P,5.444759368896484,2.4568679332733154,1.4837064743041992,0.7318105101585388,0.8049424290657043,1.0999804735183716,holo_holo_subset,False,False,False
1059,F6P,1fsa,A,2r66,A,2,[16],[16],F6P,F6P,6.588786602020264,2.740716457366944,1.5397350788116455,0.6940626502037048,0.9006196856498718,1.2506862878799438,holo_holo_subset,False,False,False
1060,DGT,3au2,A,4lrl,C,2,[31],[31],DGT,DGT,7.040031433105469,1.6463356018066406,1.5937334299087524,0.6175927519798279,0.6639019846916199,1.1176702976226809,holo_holo_subset,False,False,False
1061,FDA,1tvc,A,4cy8,A,2,[53],[53],FDA,FDA,4.307384014129639,2.8762803077697754,1.3443951606750488,0.7058998346328735,0.9280453324317932,1.1383156776428225,holo_holo_subset,False,False,False
1062,NAI,1wnb,A,4eue,A,2,[44],[44],NAI,NAI,2.8656253814697266,3.644165515899658,1.2086834907531738,0.7353473901748657,0.9063780903816224,0.9229936003684998,holo_holo_subset,False,False,True
1063,SAM,4b17,A,4odj,A,2,[27],[27],SAM,SAM,3.3387434482574463,2.112154483795166,1.8245110511779783,0.7420669794082642,0.4243969321250915,1.1020259857177734,holo_holo_subset,False,False,False
1064,CA,2ykk,A,4gq7,A,2,[1],[1],CA,CA,7.357973575592041,1.9728093147277832,1.430303692817688,0.7262020707130432,0.8383369445800781,0.9499576091766356,holo_holo_subset,False,False,False
1065,CA,2xfg,B,4los,A,2,[1],[1],CA,CA,6.717243194580078,2.705632209777832,1.6225770711898804,0.7596180438995361,0.9653465151786804,1.1334494352340698,holo_holo_subset,False,False,False
1066,PC,1o72,A,2x6b,A,2,[11],[11],PC,PC,8.422718048095703,2.2901124954223637,1.6602855920791626,0.5939401984214783,0.925585389137268,1.020541429519653,holo_holo_subset,False,False,False
1067,F6P,5xz7,A,6ayu,A,2,[16],[16],F6P,F6P,5.076980113983154,2.3904953002929688,1.3436686992645264,0.6651991605758667,0.8097977042198181,1.227629542350769,holo_holo_subset,False,False,False
1068,SAM,2cdq,A,5hfj,C,2,[27],[27],SAM,SAM,7.654501914978027,2.739993095397949,1.553400993347168,0.6783475875854492,0.8834325075149536,1.2035185098648071,holo_holo_subset,False,False,False
1069,TYD,1h7q,A,6vlo,A,2,[25],[25],TYD,TYD,2.0051894187927246,2.802557468414306,1.6705114841461182,0.706539511680603,0.8228693008422852,1.4863160848617554,holo_holo_subset,False,False,True
1070,VN4,2rar,A,4dz6,A,2,[4],[4],VN4,VN4,3.004309892654419,2.6221909523010254,1.6278059482574463,0.7316094636917114,0.7281137108802795,1.0714774131774902,holo_holo_subset,False,False,True
1071,NAI,1e3e,A,5bwm,B,2,[44],[44],NAI,NAI,2.9354922771453857,2.9633116722106934,1.4364399909973145,0.7092534899711609,0.9118666648864746,1.0400904417037964,holo_holo_subset,False,False,True
1072,CA,2b33,B,5xwk,A,2,[1],[1],CA,CA,8.420536041259766,2.1762423515319824,1.6529308557510376,0.7188507914543152,0.9067119359970092,1.0805373191833496,holo_holo_subset,False,False,False
1073,RBF,2cc8,A,6n7f,A,2,[27],[27],RBF,RBF,6.379525184631348,2.232217073440552,1.652509093284607,0.7266878485679626,0.8236514925956726,0.967119574546814,holo_holo_subset,False,False,False
1074,DGT,2iry,A,3au2,A,2,[31],[31],DGT,DGT,3.657331943511963,2.550631523132324,1.4790219068527222,0.7222974300384521,0.7710974216461182,0.992710828781128,holo_holo_subset,False,False,True
1075,CA,1jro,B,6bvd,A,2,[1],[1],CA,CA,6.199439525604248,2.354311943054199,1.7519958019256592,0.6300067901611328,0.8351545929908752,1.481545090675354,holo_holo_subset,False,False,False
1076,SAM,3nk7,B,4pgh,D,2,[27],[27],SAM,SAM,3.599760055541992,3.2756683826446533,1.2309486865997314,0.6888803243637085,0.9525418877601624,0.8474823236465454,holo_holo_subset,False,False,True
1077,FUL,1n04,A,4a34,I,2,[11],[11],FUL,FUL,7.750802516937256,2.1028525829315186,1.7789664268493652,0.5948061347007751,0.8378617167472839,1.1767981052398682,holo_holo_subset,False,False,False
1078,K,2qv6,A,3fd5,B,2,[1],[1],K,K,4.1523261070251465,2.3876631259918213,1.537745475769043,0.6241527199745178,0.8395497798919678,1.1073445081710815,holo_holo_subset,False,False,False
1079,CA,4a6s,A,7d9b,A,2,[1],[1],CA,CA,6.461057186126709,2.598866701126098,1.510164499282837,0.7080944180488586,0.8024564385414124,1.100601077079773,holo_holo_subset,False,False,False
1080,SAM,2ejt,A,4odj,A,2,[27],[27],SAM,SAM,3.7166903018951416,2.4194631576538086,1.5457713603973389,0.7166568040847778,0.8750341534614563,1.295269012451172,holo_holo_subset,False,False,True
1081,NAI,1t2e,A,2gwl,A,2,[44],[44],NAI,NAI,2.98719334602356,2.970412254333496,1.5211389064788818,0.718707263469696,0.5223277807235718,1.0793652534484863,holo_holo_subset,False,False,True
1082,CA,1yvu,A,6hun,A,2,[1],[1],CA,CA,4.52213191986084,2.7470297813415527,1.474099040031433,0.7020231485366821,0.8008919954299927,0.9744160175323486,holo_holo_subset,False,False,False
1083,HEM,1aom,B,5hiw,A,2,[43],[43],HEM,HEM,6.947917461395264,2.380177497863769,1.588186264038086,0.7086175084114075,0.7904425263404846,1.4258441925048828,holo_holo_subset,False,False,False
1084,F6P,3n1c,A,5htk,A,2,[16],[16],F6P,F6P,7.878444194793701,3.080451488494873,1.394892930984497,0.7350171804428101,0.8149598836898804,1.069255828857422,holo_holo_subset,False,False,False
1085,NAI,3flk,A,3uh1,A,2,[44],[44],NAI,NAI,2.249580383300781,3.2745323181152344,1.4030386209487915,0.7298519015312195,0.8417729735374451,1.0395220518112185,holo_holo_subset,False,False,True
1086,K,1d7r,A,2gj8,D,2,[1],[1],K,K,6.8657732009887695,3.1627206802368164,0.9771676659584044,0.7698154449462891,0.957496166229248,0.7926495671272278,holo_holo_subset,False,False,False
1087,SAM,2qmm,A,2wa2,A,2,[27],[19],SAM,SAM,2.270896673202514,3.3954107761383057,1.2431745529174805,0.7044951319694519,0.92365562915802,1.0429587364196775,holo_holo_subset,False,False,True
1088,GOA,2o99,C,3if9,A,2,[5],[5],GOA,GOA,4.487526893615723,2.436007499694824,1.5909560918807983,0.7347909808158875,0.8532420992851257,1.123072624206543,holo_holo_subset,False,False,False
1089,CA,3na6,A,6ai0,B,2,[1],[1],CA,CA,7.468317031860352,2.9052364826202397,1.3582028150558472,0.6859501600265503,0.9752399921417236,0.9864891767501832,holo_holo_subset,False,False,False
1090,SAM,1sg9,A,3nk7,B,2,[27],[27],SAM,SAM,2.7775793075561523,3.37087345123291,1.45071542263031,0.7301280498504639,0.9530726671218872,1.0221728086471558,holo_holo_subset,False,False,True
1091,TTP,2uz3,B,7t18,A,2,[29],[29],TTP,TTP,4.582582950592041,2.802427053451538,0.8674219846725464,0.7368795871734619,0.9169437289237976,0.8535023331642151,holo_holo_subset,False,False,False
1092,SAM,1sqf,A,5o96,D,2,[27],[27],SAM,SAM,3.104641914367676,3.19636344909668,1.2741103172302246,0.698796272277832,0.9547834992408752,0.9519643187522888,holo_holo_subset,False,False,True
1093,SAM,5o96,D,5x7f,A,2,[27],[27],SAM,SAM,3.253643274307251,3.3551831245422363,1.264538049697876,0.6975258588790894,0.9413652420043944,0.9890984296798706,holo_holo_subset,False,False,True
1094,CA,3a47,A,7bvc,B,2,[1],[1],CA,CA,8.678772926330566,2.323483228683472,1.5274492502212524,0.6824843287467957,0.8413175940513611,1.1327261924743652,holo_holo_subset,False,False,False
1095,K,2gj8,D,2ib8,D,2,[1],[1],K,K,2.886340856552124,2.941575050354004,1.4222626686096191,0.7416006326675415,0.8996174931526184,1.0878678560256958,holo_holo_subset,False,False,True
1096,SAM,4ax8,A,4fak,A,2,[27],[27],SAM,SAM,3.262861728668213,3.2593493461608887,1.1404892206192017,0.6880185008049011,0.9311171770095824,0.8804478049278259,holo_holo_subset,False,False,True
1097,SAM,2ejt,A,2qmm,A,2,[19],[27],SAM,SAM,2.456220865249634,3.2285149097442627,1.3397467136383057,0.6933731436729431,0.9722192287445068,0.9633330702781676,holo_holo_subset,False,False,True
1098,TTP,1w4r,A,6n9u,H,2,[29],[29],TTP,TTP,5.8295063972473145,2.4579105377197266,1.5115525722503662,0.7247865200042725,0.7566676735877991,1.4245201349258425,holo_holo_subset,False,False,False
1099,NAI,1wnb,A,2p9e,A,2,[44],[44],NAI,NAI,2.8200249671936035,3.861928701400757,1.0861340761184692,0.7538296580314636,0.8672386407852173,0.8826183676719666,holo_holo_subset,False,False,True
1100,F6P,3m5p,A,3n1c,A,2,[16],[16],F6P,F6P,4.054755210876465,3.154733419418335,1.0030272006988523,0.7338393926620483,0.9948644638061525,0.8719490170478821,holo_holo_subset,False,False,False
1101,F6P,1fsa,A,5xz7,A,2,[16],[16],F6P,F6P,5.546400547027588,2.478832721710205,1.6020383834838867,0.7273755669593811,0.6677801012992859,1.157223343849182,holo_holo_subset,False,False,False
1102,HEM,1aom,B,4esa,A,2,[43],[43],HEM,HEM,4.132613658905029,1.9257049560546875,1.452244997024536,0.6738484501838684,0.7436398267745972,1.421833634376526,holo_holo_subset,False,False,False
1103,K,3zd9,A,6cq6,B,2,[1],[1],K,K,6.508721351623535,2.412623167037964,1.681372880935669,0.6798731684684753,0.9364742636680604,1.2072349786758425,holo_holo_subset,False,False,False
1104,SAM,3dcm,X,6clx,B,2,[27],[27],SAM,SAM,3.311868906021118,3.5411980152130127,1.2170625925064087,0.7258884310722351,0.8201767802238464,0.9336966872215272,holo_holo_subset,False,False,True
1105,DGT,3au2,A,3otb,A,2,[31],[31],DGT,DGT,4.116893291473389,2.0349278450012207,1.4673422574996948,0.6922358274459839,0.8150798678398132,0.8207418322563171,holo_holo_subset,False,False,False
1106,CA,1bk9,A,3sqg,A,2,[1],[1],CA,CA,7.009298801422119,1.8208022117614744,1.898707389831543,0.7254096865653992,0.7332768440246582,1.1193751096725464,holo_holo_subset,False,False,False
1107,CA,2exh,A,3i57,A,2,[1],[1],CA,CA,8.676173210144043,1.3682968616485596,1.9278255701065063,0.5852950215339661,0.843744695186615,1.091847538948059,holo_holo_subset,False,False,False
1108,TTP,6n9u,H,7t18,A,2,[29],[29],TTP,TTP,1.3546069860458374,2.8299355506896973,0.8889914155006409,0.7531435489654541,0.9427828192710876,0.8578740358352661,holo_holo_subset,False,True,True
1109,TTP,1w4r,A,7b0h,F,2,[29],[29],TTP,TTP,3.6713168621063232,2.6487913131713867,1.617732286453247,0.7111742496490479,0.8300971984863281,1.1965817213058472,holo_holo_subset,False,False,True
1110,TTP,2j87,D,6n9u,H,2,[29],[29],TTP,TTP,5.789394378662109,2.4080371856689453,1.5413168668746948,0.7040392756462097,0.6518637537956238,1.4981329441070557,holo_holo_subset,False,False,False
1111,TTP,2uz3,B,6n9u,H,2,[29],[29],TTP,TTP,5.794222831726074,2.35160756111145,1.519801378250122,0.7030830979347229,0.3532992005348205,1.458520531654358,holo_holo_subset,False,False,False
1112,TTP,2j87,D,7t18,A,2,[29],[29],TTP,TTP,4.616886138916016,2.91031551361084,0.9114879369735718,0.7539308071136475,0.8768355250358582,0.8588833212852478,holo_holo_subset,False,False,False
1113,CA,2zkt,B,6ob0,A,2,[1],[1],CA,CA,7.179116725921631,2.733369827270508,1.451826095581055,0.7442836165428162,0.9410550594329834,1.1206886768341064,holo_holo_subset,False,False,False
1114,CAA,3vzs,B,5lnq,A,2,[54],[54],CAA,CAA,7.391785144805908,2.445184230804444,1.4494446516036987,0.7013941407203674,0.5577960014343262,0.9643257260322572,holo_holo_subset,False,False,False
1115,SAM,1i9g,A,5o96,D,2,[27],[27],SAM,SAM,3.0693893432617188,3.4379324913024902,1.4767078161239624,0.7158464789390564,0.9309456944465636,1.0160123109817505,holo_holo_subset,False,False,True
1116,COM,2c3c,A,5a8w,D,2,[7],[7],COM,COM,4.45742654800415,1.6047773361206057,1.587719440460205,0.6409736275672913,0.5266985297203064,1.1215583086013794,holo_holo_subset,False,False,False
1117,TYD,1h7q,A,1r66,A,2,[25],[25],TYD,TYD,2.047701597213745,2.675200700759888,1.4760748147964478,0.7198780179023743,0.7844837307929993,1.2746849060058594,holo_holo_subset,False,False,True
1118,NAI,1wnb,A,5kvv,A,2,[44],[44],NAI,NAI,2.802484035491944,3.877942323684693,1.182632327079773,0.7737566232681274,0.8860131502151489,0.9266602993011476,holo_holo_subset,False,False,True
1119,QUE,1e8w,A,1gp6,A,2,[22],[22],QUE,QUE,5.696273326873779,2.347141742706299,1.4132009744644165,0.6936867833137512,0.6440099477767944,1.510853886604309,holo_holo_subset,False,False,False
1120,BG6,5hg1,A,7e6i,A,2,[16],[16],BG6,BG6,8.528603553771973,2.55743408203125,1.516099214553833,0.6527625918388367,0.7161425948143005,1.2872412204742432,holo_holo_subset,False,False,False
1121,NAI,1t2e,A,3flk,A,2,[44],[44],NAI,NAI,2.593249082565308,2.962027072906494,1.221576690673828,0.7221960425376892,0.9465100765228271,0.9554813504219056,holo_holo_subset,False,False,True
1122,SAM,5ikm,A,5twj,C,2,[27],[27],SAM,SAM,2.9131875038146973,3.154937505722046,1.383854627609253,0.6769037246704102,0.6351993083953857,0.8919190764427185,holo_holo_subset,False,False,True
1123,NAI,3ay6,B,3flk,A,2,[44],[44],NAI,NAI,3.0381925106048584,3.2485592365264893,1.4230202436447144,0.7380365133285522,0.854849100112915,1.0993741750717163,holo_holo_subset,False,False,True
1124,AMZ,1p4r,A,5nxa,C,2,[22],[22],AMZ,AMZ,8.293719291687012,2.22776460647583,1.4916166067123413,0.6764271855354309,0.3933585584163666,1.2540172338485718,holo_holo_subset,False,False,False
1125,DGT,3f2b,A,5hrf,A,2,[31],[31],DGT,DGT,7.905921459197998,2.2465970516204834,1.540157437324524,0.6395388841629028,0.7166926860809326,1.147539138793945,holo_holo_subset,False,False,False
1126,NAI,1wnb,A,6ktk,C,2,[44],[44],NAI,NAI,2.8521199226379395,3.907174587249756,1.190427541732788,0.7645990252494812,0.798670768737793,0.8823714852333069,holo_holo_subset,False,False,True
1127,NAI,1wnb,A,7p61,F,2,[44],[44],NAI,NAI,2.5423126220703125,2.984884738922119,1.3574285507202148,0.7443647384643555,0.6771640777587891,1.082525372505188,holo_holo_subset,False,False,True
1128,HEM,3vp5,A,3vre,A,2,[43],[43],HEM,HEM,7.299909591674805,2.224054336547852,1.7124223709106443,0.710652768611908,0.9015904068946838,1.0102262496948242,holo_holo_subset,False,False,False
1129,CAC,1wmb,A,2z3i,A,2,[5],[5],CAC,CAC,7.123616695404053,2.7138144969940186,1.394180417060852,0.7227925062179565,0.9149898290634156,1.1214191913604736,holo_holo_subset,False,False,False
1130,SAM,3e23,A,3nk7,B,2,[27],[27],SAM,SAM,2.9084348678588867,3.3029825687408447,1.3908472061157229,0.7090716361999512,0.8537666201591492,0.9946392774581908,holo_holo_subset,False,False,True
1131,CA,1e7d,A,4mhv,A,2,[1],[1],CA,CA,7.868170738220215,2.4748575687408447,1.515872359275818,0.652929961681366,0.9983139038085938,1.0516146421432495,holo_holo_subset,False,False,False
1132,NAI,1wnb,A,4cuk,A,2,[44],[44],NAI,NAI,2.8318445682525635,3.8394017219543457,1.1181248426437378,0.7498208284378052,0.8543938994407654,0.8886469602584839,holo_holo_subset,False,False,True
1133,SAM,4fak,A,5erg,B,2,[27],[27],SAM,SAM,3.0155069828033447,3.357582330703736,1.4070569276809692,0.6927428245544434,0.9726752638816832,0.969204843044281,holo_holo_subset,False,False,True
1134,SAM,3ai9,X,3ku1,A,2,[27],[20],SAM,SAM,2.941606044769287,3.263946056365967,1.4010488986968994,0.7058866024017334,0.8045331239700317,1.068654179573059,holo_holo_subset,False,False,True
1135,PGW,4jta,Q,6tp3,A,2,[51],[22],PGW,PGW,8.068913459777832,2.1337380409240723,1.1449931859970093,0.7378402352333069,0.981892466545105,0.912580132484436,holo_holo_subset,False,False,False
1136,PC,1b09,A,2x6b,A,2,[11],[11],PC,PC,8.544942855834961,2.064759492874145,1.535502552986145,0.6901543736457825,0.6175211071968079,1.226464867591858,holo_holo_subset,False,False,False
1137,M6P,3c0o,A,4zev,A,2,[16],[16],M6P,M6P,5.342752933502197,2.20972204208374,1.78262197971344,0.6005890369415283,0.863523006439209,1.2768677473068235,holo_holo_subset,False,False,False
1138,NAI,2gwl,A,6ct6,B,2,[44],[44],NAI,NAI,2.974349021911621,2.9662795066833496,1.534187912940979,0.7160488963127136,0.5933778285980225,1.081563115119934,holo_holo_subset,False,False,True
1139,SAM,2yvl,A,4fak,A,2,[27],[27],SAM,SAM,2.914462089538574,3.343055248260498,1.4259932041168213,0.6760977506637573,0.9670433402061462,0.9314616918563844,holo_holo_subset,False,False,True
1140,HEM,6wk3,D,7dvr,A,2,[43],[43],HEM,HEM,6.49625825881958,2.001870632171631,1.4606566429138184,0.7024561166763306,0.8018224835395813,1.125447392463684,holo_holo_subset,False,False,False
1141,SAM,3dxy,A,5hw4,A,2,[27],[27],SAM,SAM,2.7553393840789795,2.9596076011657715,1.4167537689208984,0.7373971939086914,0.7596675753593445,1.1889702081680298,holo_holo_subset,False,False,True
1142,DGT,2pyj,B,4lrl,C,2,[31],[31],DGT,DGT,7.085162162780762,2.1524810791015625,1.5438830852508545,0.6814559698104858,0.8748148083686829,0.8758792281150818,holo_holo_subset,False,False,False
1143,NAI,4uun,B,5bwm,B,2,[44],[44],NAI,NAI,2.8646504878997803,2.9752345085144043,1.4319710731506348,0.7102586030960083,0.9137927293777466,1.1090991497039795,holo_holo_subset,False,False,True
1144,F6P,3n1c,A,5xz7,A,2,[16],[16],F6P,F6P,5.528408527374268,3.066089153289795,1.6866743564605713,0.7538926601409912,0.6760345697402954,1.052356481552124,holo_holo_subset,False,False,False
1145,CA,1j0h,A,2xco,A,2,[1],[1],CA,CA,7.824995040893555,2.7809886932373047,1.1547003984451294,0.6896172165870667,0.7151607275009155,0.8614673614501953,holo_holo_subset,False,False,False
1146,SAM,1rjd,C,3gyq,A,2,[27],[27],SAM,SAM,2.829014778137207,3.2787435054779053,1.4597153663635254,0.7301143407821655,0.596709668636322,1.0863410234451294,holo_holo_subset,False,False,True
1147,CA,1bvn,P,7bvh,A,2,[1],[1],CA,CA,8.472644805908203,1.991140365600586,1.5047836303710938,0.6922168731689453,0.7588366270065308,0.9926533102989196,holo_holo_subset,False,False,False
1148,SAM,3bxo,A,4fak,A,2,[27],[27],SAM,SAM,3.121864557266236,3.320154428482056,1.3811028003692627,0.690259575843811,0.8360505700111389,0.9978233575820924,holo_holo_subset,False,False,True
1149,SAM,1cma,B,3iv6,A,2,[27],[27],SAM,SAM,6.884785175323486,2.698838233947754,1.6497716903686523,0.7071504592895508,0.9249980449676514,1.212350845336914,holo_holo_subset,False,False,False
1150,CAA,4nbu,B,5ab6,D,2,[54],[54],CAA,CAA,5.761928558349609,2.563598394393921,1.4571815729141235,0.7175811529159546,0.8103790283203125,1.110007643699646,holo_holo_subset,False,False,False
1151,TTP,2j87,D,7b0h,F,2,[29],[29],TTP,TTP,3.5945065021514893,2.741415500640869,1.420850396156311,0.7094780802726746,0.8515982031822205,1.2117143869400024,holo_holo_subset,False,False,True
1152,CA,3a09,A,3m34,A,2,[1],[1],CA,CA,8.198980331420898,2.572493314743042,1.5449631214141846,0.7277116775512695,0.7873035669326782,1.1684348583221436,holo_holo_subset,False,False,False
1153,NAI,1wnb,A,2a92,C,2,[44],[44],NAI,NAI,2.9267778396606445,3.940483570098877,1.1031156778335571,0.7541429996490479,0.9129542708396912,0.9694012999534608,holo_holo_subset,False,False,True
1154,SAM,2egv,A,4b17,A,2,[27],[27],SAM,SAM,3.0558884143829346,3.279481887817383,1.3992682695388794,0.6832761168479919,0.8803313970565796,0.989360213279724,holo_holo_subset,False,False,True
1155,CA,1hql,A,4u49,B,2,[1],[1],CA,CA,5.406368732452393,2.3510329723358154,1.4160958528518677,0.7227706909179688,0.7408931851387024,1.0897849798202517,holo_holo_subset,False,False,False
1156,CA,4e2o,A,5hkj,A,2,[1],[1],CA,CA,6.8113532066345215,2.249619722366333,1.6654876470565796,0.676064133644104,0.8770212531089783,1.2403428554534912,holo_holo_subset,False,False,False
1157,K,3crl,B,3fd5,B,2,[1],[1],K,K,7.822590351104736,2.732794523239136,1.5710101127624512,0.7385171055793762,0.4331905841827392,1.2720344066619873,holo_holo_subset,False,False,False
1158,DGT,3f2b,A,4lrl,C,2,[31],[31],DGT,DGT,8.036718368530273,2.2622387409210205,1.881099224090576,0.6308388710021973,0.7932499647140503,1.0477890968322754,holo_holo_subset,False,False,False
1159,CA,1qh4,D,2xco,A,2,[1],[1],CA,CA,7.141524791717529,2.0971179008483887,1.4204962253570557,0.6217781901359558,0.7910879850387573,1.0319315195083618,holo_holo_subset,False,False,False
1160,F6P,1fsa,A,4lc9,A,2,[16],[16],F6P,F6P,5.413865089416504,2.6076443195343018,1.5577973127365112,0.7453794479370117,0.7727551460266113,0.998626947402954,holo_holo_subset,False,False,False
1161,CA,3n0a,A,6org,A,2,[1],[1],CA,CA,7.2311930656433105,2.37195086479187,1.544158101081848,0.6775814294815063,0.8955063819885254,1.0508277416229248,holo_holo_subset,False,False,False
1162,SAM,2glu,A,3ai9,X,2,[20],[27],SAM,SAM,2.6635897159576416,3.3163154125213623,1.3164472579956057,0.6997697949409485,0.8200936317443848,0.9626524448394777,holo_holo_subset,False,False,True
1163,SAM,1sqf,A,4fak,A,2,[27],[27],SAM,SAM,3.0672097206115723,3.4316556453704834,1.3052911758422852,0.7066089510917664,0.9623831510543824,0.9749561548233032,holo_holo_subset,False,False,True
1164,CAA,3vzs,B,5ab6,D,2,[54],[54],CAA,CAA,5.672937393188477,2.490913152694702,1.5940148830413818,0.7312989234924316,0.8886891007423401,0.9760800004005432,holo_holo_subset,False,False,False
1165,TTP,1cr1,A,7t18,A,2,[29],[29],TTP,TTP,5.548723220825195,2.3499412536621094,1.4635660648345947,0.6713557243347168,0.9042998552322388,1.1644967794418335,holo_holo_subset,False,False,False
1166,SIA,2v73,A,6y6a,M,2,[21],[21],SIA,SIA,8.502985000610352,2.3519177436828613,1.6362959146499634,0.6782299876213074,0.9815611839294434,1.144578218460083,holo_holo_subset,False,False,False
1167,CA,3zyj,B,4how,A,2,[1],[1],CA,CA,8.158247947692871,2.0294055938720703,1.4143502712249756,0.6520520448684692,0.5942259430885315,0.9017572999000548,holo_holo_subset,False,False,False
1168,NAI,1wnb,A,4q9n,A,2,[44],[44],NAI,NAI,2.9462087154388428,3.756067276000977,1.22145414352417,0.7396114468574524,0.8271369934082031,0.9809579253196716,holo_holo_subset,False,False,True
1169,SIA,4fvv,B,6g47,A,2,[21],[21],SIA,SIA,7.409772872924805,2.169487953186035,1.5337600708007812,0.6632496118545532,0.923011302947998,1.1024901866912842,holo_holo_subset,False,False,False
1170,NAI,1wnb,A,2dkn,A,2,[44],[44],NAI,NAI,2.900069236755371,3.696166753768921,1.1987788677215576,0.7394986748695374,0.6835340261459351,0.9458184838294984,holo_holo_subset,False,False,True
1171,F6P,3pr3,A,5k55,A,2,[16],[16],F6P,F6P,5.4990644454956055,2.756378650665283,1.6394134759902954,0.7354324460029602,0.9048742055892944,1.1166270971298218,holo_holo_subset,False,False,False
1172,PC,1b09,A,1o72,A,2,[11],[11],PC,PC,4.043370246887207,2.475830554962158,1.3724631071090698,0.7272623181343079,0.9017902612686156,1.1182037591934204,holo_holo_subset,False,False,False
1173,SAM,3a25,A,5twj,C,2,[27],[27],SAM,SAM,3.0805978775024414,3.3147072792053223,1.4604754447937012,0.7011871933937073,0.8918070197105408,0.8725044131278992,holo_holo_subset,False,False,True
1174,SAM,3okx,A,6rie,O,2,[27],[27],SAM,SAM,5.436525821685791,2.3102402687072754,1.8491454124450684,0.6763619184494019,0.9021585583686828,1.205360770225525,holo_holo_subset,False,False,False
1175,SIA,2v73,A,4k6u,B,2,[20],[21],SIA,SIA,6.247426986694336,2.526542901992798,1.567359447479248,0.7455121874809265,0.9683849215507508,1.0801877975463867,holo_holo_subset,False,False,False
1176,SAM,1g60,A,5twj,C,2,[27],[27],SAM,SAM,2.8174595832824707,3.175593852996826,1.4550986289978027,0.6929395198822021,0.6119993925094604,0.909822940826416,holo_holo_subset,False,False,True
1177,F6P,3n1c,A,3pr3,A,2,[16],[16],F6P,F6P,4.083518505096436,2.637625932693481,1.4751991033554075,0.7267796993255615,0.7665938138961792,1.0926804542541504,holo_holo_subset,False,False,False
1178,F6P,2axn,A,3n1c,A,2,[16],[16],F6P,F6P,7.921186447143555,3.094074010848999,1.3173305988311768,0.7097781300544739,0.7869368195533752,1.107226848602295,holo_holo_subset,False,False,False
1179,CA,1ajo,B,3gdc,A,2,[1],[1],CA,CA,7.08120059967041,2.4885833263397217,1.3825836181640625,0.6632019877433777,0.7733032703399658,1.2434415817260742,holo_holo_subset,False,False,False
1180,SAM,1nbh,A,3dcm,X,2,[27],[27],SAM,SAM,2.993522882461548,3.503426551818848,1.364431381225586,0.713495671749115,0.8631587028503418,1.0150411128997805,holo_holo_subset,False,False,True
1181,SAM,4njg,A,6rie,O,2,[27],[27],SAM,SAM,5.15817403793335,2.802839994430542,1.6657743453979492,0.6707130074501038,0.947279155254364,1.0347869396209717,holo_holo_subset,False,False,False
1182,CA,1g1i,A,1m56,A,2,[1],[1],CA,CA,8.027338981628418,1.4604322910308838,1.5794472694396973,0.637122392654419,0.7391888499259949,1.2476612329483032,holo_holo_subset,False,False,False
1183,K,3crl,B,6npl,A,2,[1],[1],K,K,8.09335708618164,2.1895976066589355,1.646299123764038,0.656262993812561,0.8558236956596375,1.2046961784362793,holo_holo_subset,False,False,False
1184,NAI,1o0s,A,1wnb,A,2,[44],[44],NAI,NAI,2.7916808128356934,3.692662715911865,1.2415077686309814,0.7450572848320007,0.8966599702835083,0.8747511506080627,holo_holo_subset,False,False,True
1185,SF4,4g38,A,7mi4,A,2,[8],[8],SF4,SF4,2.489349842071533,2.331194877624512,1.4013540744781494,0.5993778109550476,0.9007089734077454,1.22609281539917,holo_holo_subset,False,False,True
1186,COM,2c3c,A,5a0y,A,2,[7],[7],COM,COM,3.980280637741089,1.8861722946166992,1.7115049362182615,0.6706516742706299,0.5285865664482117,1.2288804054260254,holo_holo_subset,False,False,True
1187,TTP,2ja1,A,6n9u,H,2,[29],[29],TTP,TTP,5.07232666015625,2.138885498046875,1.5831648111343384,0.7248619794845581,0.7476130723953247,1.160396695137024,holo_holo_subset,False,False,False
1188,NAI,1wnb,A,4n54,A,2,[44],[44],NAI,NAI,2.925030469894409,3.910488128662109,1.1185588836669922,0.7607472538948059,0.9215107560157776,0.8943414092063904,holo_holo_subset,False,False,True
1189,SAM,1x1a,A,2qmm,A,2,[19],[27],SAM,SAM,2.354464530944824,3.394552707672119,1.020032525062561,0.7229375243186951,0.9833199381828308,0.8337214589118958,holo_holo_subset,False,False,True
1190,SAM,2egv,A,4pgh,D,2,[27],[27],SAM,SAM,3.1363484859466557,3.1771631240844727,1.3723280429840088,0.6716155409812927,0.9045063853263856,1.0501030683517456,holo_holo_subset,False,False,True
1191,DGT,2pyj,B,3otb,A,2,[31],[31],DGT,DGT,5.402184963226318,2.49322772026062,1.541367769241333,0.6997883319854736,0.8776655197143555,1.109876275062561,holo_holo_subset,False,False,False
1192,DGT,3otb,A,5hrf,A,2,[31],[31],DGT,DGT,3.994969367980957,2.673069715499878,1.415610432624817,0.746914267539978,0.9222292304039,1.068595051765442,holo_holo_subset,False,False,True
1193,CA,2vqr,A,6oau,A,2,[1],[1],CA,CA,5.209858417510986,2.2674202919006348,1.5494683980941772,0.7208502888679504,0.5487183332443237,1.0773663520812988,holo_holo_subset,False,False,False
1194,SAM,2b9e,A,5o96,D,2,[27],[27],SAM,SAM,3.126657009124756,3.298285007476806,1.3580071926116943,0.6902041435241699,0.9007097482681274,0.9632949829101562,holo_holo_subset,False,False,True
1195,CA,4g2s,B,4w8j,A,2,[1],[1],CA,CA,9.26712417602539,2.371840476989746,1.5109068155288696,0.6768596768379211,0.9767570495605468,1.6464766263961792,holo_holo_subset,False,False,False
1196,COM,2c3c,A,5n1q,A,2,[7],[7],COM,COM,8.254390716552734,1.902660608291626,1.8819488286972048,0.6802019476890564,0.6954346895217896,1.313289999961853,holo_holo_subset,False,False,False
1197,SF4,2b3x,A,4c1n,A,2,[8],[8],SF4,SF4,1.244454860687256,2.10733962059021,1.430694341659546,0.6236761212348938,0.6355348229408264,1.066935658454895,holo_holo_subset,False,True,True
1198,NAI,2gwl,A,4uup,A,2,[44],[44],NAI,NAI,3.0368173122406006,3.171506881713867,1.5279730558395386,0.7198611497879028,0.8733360767364502,1.1117703914642334,holo_holo_subset,False,False,True
1199,NAI,4fju,A,4n54,A,2,[44],[44],NAI,NAI,2.4979748725891118,3.1274948120117188,1.3277757167816162,0.7257293462753296,0.9026194214820862,0.9350040555000304,holo_holo_subset,False,False,True
1200,PC,3lkf,A,4bbj,A,2,[11],[11],PC,PC,8.381659507751465,2.5660462379455566,1.5253896713256836,0.6698431968688965,0.970384120941162,1.1948776245117188,holo_holo_subset,False,False,False
1201,CA,2ea7,A,4gnk,B,2,[1],[1],CA,CA,7.634469032287598,1.9951996803283687,1.6723908185958862,0.6129410266876221,0.8530280590057373,1.1437125205993652,holo_holo_subset,False,False,False
1202,TTP,1w4r,A,7t18,A,2,[29],[29],TTP,TTP,4.570994853973389,2.898770809173584,0.8770850300788879,0.7301152348518372,0.8704110980033875,0.8469848036766052,holo_holo_subset,False,False,False
1203,SAM,1nt2,A,4fak,A,2,[27],[27],SAM,SAM,3.055747509002685,3.403441429138184,1.332960844039917,0.7194887399673462,0.9873442649841307,0.9178546071052552,holo_holo_subset,False,False,True
1204,NAI,5bwm,B,8ab3,A,2,[44],[44],NAI,NAI,2.8620193004608154,3.060861825942993,1.6367331743240356,0.7143469452857971,0.8072643876075745,1.1232349872589111,holo_holo_subset,False,False,True
1205,NAI,5wjs,A,7uyy,A,2,[44],[44],NAI,NAI,2.9155991077423096,3.720049381256104,1.2450584173202517,0.7498085498809814,0.816437304019928,0.950564742088318,holo_holo_subset,False,False,True
1206,SAM,5bw4,B,5vm8,B,2,[27],[27],SAM,SAM,3.0769331455230717,3.518716812133789,1.493201494216919,0.6992878913879395,0.8129547238349915,0.93019300699234,holo_holo_subset,False,False,True
1207,SF4,2b76,B,4c1n,A,2,[8],[8],SF4,SF4,5.642846584320068,2.6432747840881348,1.427151083946228,0.5675244331359863,0.9244654774665833,0.8593816757202148,holo_holo_subset,False,False,False
1208,NAI,3q2i,A,4fju,A,2,[44],[44],NAI,NAI,2.53157639503479,3.241830348968506,1.3803133964538574,0.7384291291236877,0.7794309854507446,0.9693912267684937,holo_holo_subset,False,False,True
1209,NAI,3flk,A,6a3j,C,2,[36],[44],NAI,NAI,2.1917853355407715,3.255891799926758,1.208675503730774,0.7386820316314697,0.9618209600448608,1.000533938407898,holo_holo_subset,False,False,True
1210,SF4,1l9g,A,4c1n,A,2,[8],[8],SF4,SF4,6.948909282684326,2.1323611736297607,1.5032958984375,0.5836469531059265,0.9811559319496156,0.9903488159179688,holo_holo_subset,False,False,False
1211,SAM,5hfj,C,5hw4,A,2,[27],[27],SAM,SAM,2.084031820297241,2.9111287593841557,1.49096417427063,0.7161102294921875,0.8863778114318848,1.245703101158142,holo_holo_subset,False,False,True
1212,F6P,3n1c,A,4lc9,A,2,[16],[16],F6P,F6P,3.644276857376098,2.853811740875244,1.6093785762786863,0.701660692691803,0.906287968158722,1.0242079496383667,holo_holo_subset,False,False,True
1213,SAM,2npn,A,3fpj,B,2,[27],[27],SAM,SAM,2.7249631881713867,3.074429750442505,1.5231188535690308,0.7350700497627258,0.8528075814247131,1.087399125099182,holo_holo_subset,False,False,True
1214,SAM,1v2x,A,3ku1,A,2,[27],[27],SAM,SAM,3.217359066009521,3.3190903663635254,1.3922220468521118,0.7218969464302063,0.8771665096282959,1.0760033130645752,holo_holo_subset,False,False,True
1215,NAI,1jki,A,7uyy,A,2,[44],[44],NAI,NAI,3.002915620803833,3.702652931213379,1.239674687385559,0.739926815032959,0.8805127143859863,0.9113649129867554,holo_holo_subset,False,False,True
1216,CA,3g20,B,4adg,C,2,[1],[1],CA,CA,7.182155609130859,2.524658679962158,1.403505563735962,0.6924117207527161,0.9140697121620178,1.1834712028503418,holo_holo_subset,False,False,False
1217,CAC,1x1t,A,2z3i,A,2,[5],[5],CAC,CAC,7.05683183670044,2.8129355907440186,1.5075504779815674,0.7437933087348938,0.9125049114227296,1.1148021221160889,holo_holo_subset,False,False,False
1218,PC,4bbj,A,5tcd,A,2,[11],[11],PC,PC,8.319626808166504,2.4700207710266118,1.667988657951355,0.7144284248352051,0.7219953536987305,1.1080946922302246,holo_holo_subset,False,False,False
1219,CA,1f2o,A,7aj0,A,2,[1],[1],CA,CA,7.048683166503906,2.648521661758423,1.366796374320984,0.7617660760879517,0.5172979831695557,1.0058680772781372,holo_holo_subset,False,False,False
1220,CA,4l9d,B,7wdt,A,2,[1],[1],CA,CA,8.7449951171875,2.2553274631500244,1.8311474323272705,0.6378659009933472,0.9582993984222412,1.1409108638763428,holo_holo_subset,False,False,False
1221,NAI,3flk,A,6b9u,A,2,[44],[44],NAI,NAI,2.8902459144592285,3.2335212230682373,1.50052809715271,0.74745112657547,0.896722674369812,1.0450260639190674,holo_holo_subset,False,False,True
1222,NAI,1wnb,A,4uun,B,2,[44],[44],NAI,NAI,2.927590847015381,3.849827289581299,1.166845440864563,0.7676087617874146,0.858124852180481,0.937882661819458,holo_holo_subset,False,False,True
1223,NAI,1wnb,A,3uh1,A,2,[44],[44],NAI,NAI,2.6607608795166016,3.688693046569824,1.198748230934143,0.7580474615097046,0.8845090866088867,0.8860748410224915,holo_holo_subset,False,False,True
1224,1GP,4rgq,B,6dgm,B,2,[10],[10],1GP,1GP,4.7088775634765625,2.4709298610687256,1.4374442100524902,0.7156079411506653,0.6170418858528137,1.1715281009674072,holo_holo_subset,False,False,False
1225,F6P,1fsa,A,1t10,A,2,[16],[16],F6P,F6P,5.929345607757568,2.3691623210906982,1.553161382675171,0.7409037351608276,0.9533096551895142,1.014854073524475,holo_holo_subset,False,False,False
1226,NAI,5z20,F,7uyy,A,2,[44],[44],NAI,NAI,2.815875291824341,3.839670181274414,1.177902102470398,0.7399147152900696,0.7417135238647461,0.8815993666648865,holo_holo_subset,False,False,True
1227,DGT,2iry,A,2pyj,B,2,[31],[31],DGT,DGT,5.027635097503662,2.1837916374206543,1.602805495262146,0.7044277191162109,0.6834179759025574,1.104670524597168,holo_holo_subset,False,False,False
1228,NAI,6vly,A,7uyy,A,2,[44],[44],NAI,NAI,3.00651478767395,3.825958251953125,1.165461540222168,0.7351523637771606,0.7741687297821045,0.9319533705711364,holo_holo_subset,False,False,True
1229,K,3fd5,B,4jay,A,2,[1],[1],K,K,6.502323150634766,2.532389879226685,1.5544705390930176,0.6458883881568909,0.8357692360877991,1.25685715675354,holo_holo_subset,False,False,False
1230,SIA,3r4s,A,4nfd,A,2,[21],[21],SIA,SIA,7.149355411529541,2.3417558670043945,1.815630555152893,0.7143769264221191,0.6887186169624329,1.2496767044067385,holo_holo_subset,False,False,False
1231,CAA,4nbu,B,5lnq,A,2,[54],[54],CAA,CAA,7.188499927520752,2.828291893005371,1.6029679775238037,0.7244307994842529,0.9106292128562928,1.0457813739776611,holo_holo_subset,False,False,False
1232,TTP,2ja1,A,3mx2,B,2,[29],[29],TTP,TTP,8.149930000305176,2.4827427864074707,1.6211084127426147,0.6473399996757507,0.8938337564468384,1.3610053062438965,holo_holo_subset,False,False,False
1233,CA,1cb8,A,1fx5,A,2,[1],[1],CA,CA,6.891907215118408,2.1861555576324463,1.4345340728759766,0.7025826573371887,0.887934684753418,1.1260173320770264,holo_holo_subset,False,False,False
1234,CA,1h30,A,6mqr,L,2,[1],[1],CA,CA,7.999613761901855,2.484486818313598,1.6728568077087402,0.6708447933197021,0.97722589969635,1.0839852094650269,holo_holo_subset,False,False,False
1235,CA,2gwr,A,2vhd,A,2,[1],[1],CA,CA,5.419356346130371,2.4956722259521484,1.6767369508743286,0.6407723426818848,0.804431676864624,1.493671417236328,holo_holo_subset,False,False,False
1236,K,1d7r,A,3zd9,A,2,[1],[1],K,K,7.769564628601074,2.93510365486145,1.3358031511306765,0.7235419154167175,0.9295189380645752,1.0095325708389282,holo_holo_subset,False,False,False
1237,F6P,3m5p,A,5k55,A,2,[16],[16],F6P,F6P,6.10392951965332,2.5085113048553467,1.4289417266845703,0.6972994208335876,0.8660563230514526,1.015813946723938,holo_holo_subset,False,False,False
1238,CA,4lks,A,6d5b,B,2,[1],[1],CA,CA,5.765766620635986,2.780759334564209,1.1624798774719238,0.7877544164657593,0.9768786430358888,0.9042481780052184,holo_holo_subset,False,False,False
1239,F6P,1fsa,A,3o8o,B,2,[16],[16],F6P,F6P,5.040991306304932,2.357295513153076,1.3884161710739136,0.6583923697471619,0.9430587291717528,1.1281087398529053,holo_holo_subset,False,False,False
1240,CA,2rex,D,5w0r,A,2,[1],[1],CA,CA,7.562893390655518,2.6000311374664307,1.5166829824447632,0.6730999946594238,0.8232412338256836,1.1597576141357422,holo_holo_subset,False,False,False
1241,TTP,7b0h,F,7t18,A,2,[29],[29],TTP,TTP,1.0754834413528442,3.061976432800293,0.7396851181983948,0.7425372004508972,0.9016650915145874,0.8498219847679138,holo_holo_subset,False,True,True
1242,F6P,3n1c,A,3o8o,B,2,[16],[16],F6P,F6P,5.315394401550293,2.815351247787476,1.4664065837860107,0.678621232509613,0.8710669279098511,1.345425009727478,holo_holo_subset,False,False,False
1243,SF4,2b3x,A,5ztb,B,2,[8],[8],SF4,SF4,6.452849864959717,2.288702964782715,1.7186223268508911,0.6335035562515259,0.8980587720870972,1.91583263874054,holo_holo_subset,False,False,False
1244,SIA,4nfd,A,6g47,A,2,[21],[21],SIA,SIA,7.5739426612854,2.6640830039978027,1.488695740699768,0.7393585443496704,0.9789280295372008,1.0468599796295166,holo_holo_subset,False,False,False
1245,F6P,1fsa,A,3n1c,A,2,[16],[16],F6P,F6P,6.344592094421387,2.707315444946289,1.457250714302063,0.7394421696662903,0.4681292176246643,1.1210347414016724,holo_holo_subset,False,False,False
1246,K,2qv6,A,3crl,B,2,[1],[1],K,K,8.08151626586914,2.482595443725586,1.5968765020370483,0.7134348154067993,0.7295882701873779,1.185041069984436,holo_holo_subset,False,False,False
1247,F6P,5k55,A,5xz7,A,2,[16],[16],F6P,F6P,3.241649866104126,2.435689926147461,1.6336427927017212,0.7286848425865173,0.8191707134246826,1.1225157976150513,holo_holo_subset,False,False,True
1248,F6P,1fsa,A,3m5p,A,2,[16],[16],F6P,F6P,4.7347493171691895,2.4517979621887207,1.585349440574646,0.7298917770385742,0.8029975295066833,1.0545791387557983,holo_holo_subset,False,False,False
1249,IPE,1x07,A,3k4y,A,2,[14],[14],IPE,IPE,4.776607990264893,3.413928985595703,0.9172837138175964,0.771521806716919,0.8107103109359741,0.8240645527839661,holo_holo_subset,False,False,False
1250,SIA,2wbv,B,4nfd,A,2,[21],[21],SIA,SIA,6.390672206878662,2.508068561553955,1.464756727218628,0.7784105539321899,0.6678304076194763,1.1899402141571045,holo_holo_subset,False,False,False
1251,F6P,1fsa,A,3pr3,A,2,[16],[16],F6P,F6P,3.937398910522461,2.30447006225586,1.4488698244094849,0.7164188027381897,0.5732535123825073,1.156465768814087,holo_holo_subset,False,False,True
1252,GOA,3l24,B,3r3z,A,2,[5],[5],GOA,GOA,3.573152542114258,2.5141372680664062,1.5203468799591064,0.7050305604934692,0.8294360041618347,1.0103837251663208,holo_holo_subset,False,False,True
1253,COM,1e6y,A,2c3c,A,2,[7],[7],COM,COM,4.779206275939941,2.038086414337158,1.704240083694458,0.6502653956413269,0.7496882081031799,1.0730267763137815,holo_holo_subset,False,False,False
1254,TTP,2uz3,B,7b0h,F,2,[29],[29],TTP,TTP,3.927702903747559,2.936129093170166,1.5135310888290403,0.6925296783447266,0.95258629322052,1.234104871749878,holo_holo_subset,False,False,True
1255,K,1d7r,A,3fd5,B,2,[1],[1],K,K,7.206369876861572,2.5142626762390137,1.3489943742752075,0.7355788946151733,0.549853503704071,1.272819757461548,holo_holo_subset,False,False,False
1256,K,1gup,A,4jay,A,2,[1],[1],K,K,7.55625057220459,2.2858715057373047,1.3006490468978882,0.6190969347953796,0.8895403742790222,1.7440224885940552,holo_holo_subset,False,False,False
1257,DGT,3f2b,A,3otb,A,2,[31],[31],DGT,DGT,8.302003860473633,2.16340970993042,1.9695382118225095,0.6724700927734375,0.7370899319648743,1.1743910312652588,holo_holo_subset,False,False,False
1258,SIA,4fvv,B,4k6u,B,2,[20],[21],SIA,SIA,7.0493268966674805,2.495491743087769,1.3283627033233645,0.6704046130180359,0.8953510522842407,1.861492395401001,holo_holo_subset,False,False,False
1259,SIA,4k6u,B,6y6a,M,2,[21],[20],SIA,SIA,6.918468952178955,2.451822519302368,1.902863621711731,0.5919007062911987,0.9935094118118286,1.6520744562149048,holo_holo_subset,False,False,False
1260,K,2ib8,D,3zd9,A,2,[1],[1],K,K,7.389552116394043,2.376800537109375,1.4173046350479126,0.735688328742981,0.5349695682525635,1.006952881813049,holo_holo_subset,False,False,False
1261,TTP,2ja1,A,7b0h,F,2,[29],[29],TTP,TTP,5.217994689941406,2.7485463619232178,1.6321710348129272,0.7118611931800842,0.8717916011810303,1.1198601722717283,holo_holo_subset,False,False,False
1262,K,1d7r,A,2fxi,A,2,[1],[1],K,K,7.327077388763428,3.054828643798828,1.422690510749817,0.7579203248023987,0.9558408856391908,1.0597455501556396,holo_holo_subset,False,False,False
1263,SIA,4d62,A,4nfd,A,2,[21],[21],SIA,SIA,6.892843246459961,2.40512752532959,1.5253005027770996,0.7663645148277283,0.8530410528182983,1.2233898639678955,holo_holo_subset,False,False,False
1264,SIA,6g47,A,6y6a,M,2,[21],[21],SIA,SIA,7.83925199508667,2.2162084579467773,2.0161776542663574,0.5866454243659973,0.807408332824707,1.4386743307113647,holo_holo_subset,False,False,False
1265,F6P,1t10,A,6ayu,A,2,[16],[16],F6P,F6P,5.86627197265625,2.4639651775360107,1.3309828042984009,0.7344073057174683,0.8501796126365662,1.250109314918518,holo_holo_subset,False,False,False
1266,K,1gup,A,3crl,B,2,[1],[1],K,K,6.653733730316162,2.570133686065674,1.5340328216552734,0.7028171420097351,0.8239876627922058,1.1598273515701294,holo_holo_subset,False,False,False
1267,F6P,4lc9,A,5k55,A,2,[16],[16],F6P,F6P,5.664109706878662,2.4936776161193848,1.38993501663208,0.7414715886116028,0.7917343974113464,1.0690724849700928,holo_holo_subset,False,False,False
1268,TTP,2uz3,B,3mx2,B,2,[29],[29],TTP,TTP,8.072197914123535,2.421981811523437,1.6533559560775757,0.6694320440292358,0.7422186732292175,1.3928130865097046,holo_holo_subset,False,False,False
1269,K,1gup,A,2qv6,A,2,[1],[1],K,K,8.110390663146973,2.517465114593506,1.5188841819763184,0.6784235239028931,0.7164024710655212,0.98668110370636,holo_holo_subset,False,False,False
1270,SIA,2v73,A,4nfd,A,2,[21],[21],SIA,SIA,4.838659286499023,2.623434543609619,1.5354764461517334,0.7284035682678223,0.882911741733551,1.1845611333847046,holo_holo_subset,False,False,False
1271,K,1d7r,A,4jay,A,2,[1],[1],K,K,6.94755220413208,2.4077134132385254,1.4389959573745728,0.7071206569671631,0.9048689603805542,1.0151941776275637,holo_holo_subset,False,False,False
1272,SIA,4d62,A,4fvv,B,2,[21],[21],SIA,SIA,6.985677242279053,2.5919723510742188,1.4175702333450315,0.6883488297462463,0.8709005117416382,1.450870394706726,holo_holo_subset,False,False,False
1273,SIA,3r4s,A,4d62,A,2,[21],[21],SIA,SIA,7.517571926116943,2.254021406173706,1.3594456911087036,0.701985776424408,0.8593936562538147,1.3188436031341553,holo_holo_subset,False,False,False
1274,SIA,4fvv,B,4nfd,A,2,[21],[21],SIA,SIA,5.709755420684815,2.390477418899536,1.546620488166809,0.7355450987815857,0.8752968907356262,1.2112010717391968,holo_holo_subset,False,False,False
1275,SIA,3r4s,A,4k6u,B,2,[20],[21],SIA,SIA,7.541841506958008,1.681413650512695,1.5392136573791504,0.6289075016975403,0.9794735312461852,1.6406322717666626,holo_holo_subset,False,False,False
1276,SIA,4k6u,B,4nfd,A,2,[21],[20],SIA,SIA,7.022722244262695,2.734408378601074,1.2506273984909058,0.6895008683204651,0.8471305966377258,1.605112910270691,holo_holo_subset,False,False,False
1277,SIA,4fvv,B,6y6a,M,2,[21],[21],SIA,SIA,7.029277324676514,2.202676773071289,1.4615020751953125,0.6571521759033203,0.9867534041404724,1.3358222246170044,holo_holo_subset,False,False,False
1278,SIA,4d62,A,6y6a,M,2,[21],[21],SIA,SIA,6.909544944763184,2.0818934440612797,1.495257019996643,0.6948681473731995,0.6796896457672119,1.1917484998703003,holo_holo_subset,False,False,False
1279,SIA,2wbv,B,6y6a,M,2,[21],[21],SIA,SIA,8.213610649108887,2.518851518630981,1.4239487648010254,0.6904816627502441,0.8910355567932129,1.6887738704681396,holo_holo_subset,False,False,False
1280,SIA,2wbv,B,4fvv,B,2,[21],[21],SIA,SIA,6.911063194274902,2.5778188705444336,1.4864948987960815,0.6417489647865295,0.957414984703064,1.2597177028656006,holo_holo_subset,False,False,False
1281,SIA,3r4s,A,6g47,A,2,[21],[21],SIA,SIA,7.39716100692749,2.160250425338745,1.3765182495117188,0.6993873715400696,0.918491542339325,1.2373936176300049,holo_holo_subset,False,False,False
1282,SIA,4nfd,A,6y6a,M,2,[21],[21],SIA,SIA,5.224003314971924,2.13016128540039,1.3020113706588743,0.6061658263206482,0.9630101919174194,1.25187087059021,holo_holo_subset,False,False,False
1283,TTP,3mx2,B,6n9u,H,3,[29],[29],TTP,TTP,8.865041732788086,4.051907539367676,0.778055727481842,0.7628386616706848,0.969252109527588,0.8428614139556885,holo_holo_subset,False,False,False
1284,SKM,4fos,A,4y0a,A,3,[12],[12],SKM,SKM,6.021473407745361,2.812739849090576,1.876282215118408,0.7368181943893433,0.8311024904251099,1.1213077306747437,holo_holo_subset,False,False,False
1285,K,2gj8,D,3zd9,A,3,[1],[1],K,K,6.5868330001831055,2.822716236114502,1.45343017578125,0.7047200202941895,0.755937933921814,1.2813090085983276,holo_holo_subset,False,False,False
1286,TYD,3wag,B,6vlo,A,3,[25],[25],TYD,TYD,1.998522520065308,2.766418933868408,1.4223668575286863,0.7224701642990112,0.8659906387329102,1.344243049621582,holo_holo_subset,False,True,True
1287,PD2,4nhy,A,4nrq,A,3,[12],[12],PD2,PD2,0.739241898059845,3.8733139038085938,0.6217958927154541,0.7660403847694397,0.9815855622291564,0.8479079604148865,holo_holo_subset,True,True,True
1288,TYD,4rii,A,5h56,B,3,[25],[25],TYD,TYD,5.980903148651123,3.3061976432800293,1.4261609315872192,0.7726333737373352,0.8995679616928101,1.0121523141860962,holo_holo_subset,False,False,False
1289,CYT,5ere,A,5ko6,A,3,[8],[8],CYT,CYT,8.404727935791016,2.513144969940185,1.6489778757095337,0.7233735918998718,0.6494051218032837,1.1322765350341797,holo_holo_subset,False,False,False
1290,RBF,1kyv,E,4iil,A,3,[27],[27],RBF,RBF,4.435553550720215,2.727414846420288,1.5544421672821045,0.6782665848731995,0.8265805244445801,1.163895845413208,holo_holo_subset,False,False,False
1291,TYD,3oti,A,5h56,B,3,[25],[25],TYD,TYD,5.993434429168701,3.242112874984741,1.3551995754241943,0.7276728749275208,0.8894486427307129,1.0412495136260986,holo_holo_subset,False,False,False
1292,NAI,2vhw,E,3afo,A,3,[44],[44],NAI,NAI,3.459702014923096,3.0457653999328613,1.6916399002075195,0.6972160339355469,0.932289719581604,1.2588465213775637,holo_holo_subset,False,False,True
1293,TYD,2v54,A,4rii,A,3,[25],[25],TYD,TYD,6.046792984008789,3.100032329559326,1.5651278495788574,0.7638805508613586,0.7993595004081726,0.9874258041381836,holo_holo_subset,False,False,False
1294,SKM,3doo,A,4y0a,A,3,[12],[12],SKM,SKM,6.489712238311768,2.9746365547180176,1.4733093976974487,0.7572011351585388,0.8727174401283264,1.0779482126235962,holo_holo_subset,False,False,False
1295,F6P,1t10,A,5htk,A,3,[16],[16],F6P,F6P,7.8545241355896,2.729581832885742,1.857612490653992,0.7266778349876404,0.918554425239563,1.1299642324447632,holo_holo_subset,False,False,False
1296,0O2,4qrh,B,6gfm,A,3,[40],[40],0O2,0O2,7.866300106048584,2.5879101753234863,1.859117031097412,0.7087855935096741,0.6562212705612183,1.160836100578308,holo_holo_subset,False,False,False
1297,SF4,5ztb,B,6bxk,A,3,[8],[8],SF4,SF4,4.874739170074463,2.6127071380615234,1.5508314371109009,0.6777962446212769,0.815028190612793,1.502683401107788,holo_holo_subset,False,False,False
1298,SIA,4d62,A,6g47,A,3,[21],[21],SIA,SIA,7.26890754699707,2.670199394226074,1.459204912185669,0.7209387421607971,0.6845303177833557,1.1906455755233765,holo_holo_subset,False,False,False
1299,RUB,3a9c,B,8thm,B,3,[18],[18],RUB,RUB,6.077143669128418,2.3426754474639893,1.6528524160385132,0.710580587387085,0.8475010395050049,1.2259259223937988,holo_holo_subset,False,False,False
1300,TYD,4lxq,B,4rii,A,3,[25],[25],TYD,TYD,4.969424724578857,2.9844720363616943,1.6577059030532837,0.754974901676178,0.6511357426643372,1.3352456092834473,holo_holo_subset,False,False,False
1301,F6P,2axn,A,3pr3,A,3,[16],[16],F6P,F6P,8.028705596923828,2.8560233116149902,1.55977201461792,0.676170289516449,0.9145718216896056,1.213537096977234,holo_holo_subset,False,False,False
1302,SAM,1x1a,A,2hma,A,3,[27],[27],SAM,SAM,4.2926130294799805,3.166289806365967,1.2597697973251345,0.6948854327201843,0.8571786880493164,1.2261677980422974,holo_holo_subset,False,False,False
1303,TYD,3hjn,A,4rii,A,3,[25],[25],TYD,TYD,6.001029014587402,3.2016477584838867,1.5427485704421997,0.7672527432441711,0.8803325295448303,0.9778664112091064,holo_holo_subset,False,False,False
1304,SAM,1nbh,A,5hg0,B,3,[27],[27],SAM,SAM,2.208546638488769,3.2254281044006348,1.0615967512130735,0.7690684199333191,0.9204817414283752,0.9602066278457642,holo_holo_subset,False,False,True
1305,BG6,2puw,B,7e6i,A,3,[16],[16],BG6,BG6,7.231566429138184,2.5136611461639404,1.7261276245117188,0.68260657787323,0.8104726076126099,0.9609882831573486,holo_holo_subset,False,False,False
1306,NAI,5k4w,C,7p61,F,3,[44],[44],NAI,NAI,2.861663579940796,3.090130567550659,1.0701282024383545,0.724313497543335,0.8451262712478638,1.049267292022705,holo_holo_subset,False,False,True
1307,NAI,1t2e,A,6vw7,D,3,[27],[44],NAI,NAI,3.0302114486694336,3.2249317169189453,1.414812684059143,0.747258722782135,0.8176105618476868,1.096503973007202,holo_holo_subset,False,False,True
1308,F6P,1t10,A,2r66,A,3,[16],[16],F6P,F6P,6.878805160522461,2.94170880317688,1.6121251583099363,0.740077793598175,0.9788805842399596,1.060200572013855,holo_holo_subset,False,False,False
1309,NAI,6b9u,A,7p61,F,3,[44],[44],NAI,NAI,3.0139100551605225,2.8285908699035645,1.016081929206848,0.7088529467582703,0.8936969637870789,0.9923182725906372,holo_holo_subset,False,False,True
1310,AMZ,1p4r,A,2r84,B,3,[22],[22],AMZ,AMZ,8.641396522521973,2.561027765274048,1.7831875085830688,0.6567355394363403,0.6792126297950745,1.2513400316238403,holo_holo_subset,False,False,False
1311,TYD,3lv8,A,4lei,A,3,[25],[25],TYD,TYD,6.086550712585449,3.127065420150757,1.3866760730743408,0.7510406970977783,0.9318667054176332,1.010927677154541,holo_holo_subset,False,False,False
1312,NAI,3afo,A,5z20,F,3,[44],[44],NAI,NAI,3.442739248275757,2.716865539550781,1.6007301807403564,0.6823589205741882,0.9186671376228333,1.3816041946411133,holo_holo_subset,False,False,True
1313,BG6,2poc,B,7e6i,A,3,[16],[16],BG6,BG6,7.167011737823486,2.364546298980713,1.7119170427322388,0.6845839023590088,0.8009836673736572,1.069372534751892,holo_holo_subset,False,False,False
1314,SKM,4p4g,A,4y0a,A,3,[12],[12],SKM,SKM,6.154298305511475,2.8614890575408936,1.4588006734848022,0.7187348008155823,0.9029067158699036,1.081592082977295,holo_holo_subset,False,False,False
1315,SF4,3zxs,A,4cej,B,3,[8],[8],SF4,SF4,8.733036041259766,2.1254849433898926,1.8136348724365237,0.6429609060287476,0.3378966748714447,1.597968578338623,holo_holo_subset,False,False,False
1316,NAI,6vly,A,7p61,F,3,[44],[44],NAI,NAI,3.4808671474456787,3.2157680988311768,1.5037078857421875,0.732996940612793,0.6735957860946655,1.2010600566864014,holo_holo_subset,False,False,True
1317,03S,5ei5,A,7trr,A,3,[4],[4],03S,03S,5.119129657745361,3.083498239517212,1.6188290119171145,0.7226510643959045,0.9555544257164,1.1115543842315674,holo_holo_subset,False,False,False
1318,F6P,1t10,A,3o8o,B,3,[16],[16],F6P,F6P,6.195756912231445,2.328845500946045,1.4035727977752686,0.6631301045417786,0.8700186014175415,1.141278624534607,holo_holo_subset,False,False,False
1319,SF4,1h0h,A,4cej,B,3,[8],[8],SF4,SF4,2.842811107635498,1.5615336894989014,1.4257885217666626,0.5177336931228638,0.7710214853286743,1.570637822151184,holo_holo_subset,False,False,True
1320,NAI,2a92,C,4p53,A,3,[44],[44],NAI,NAI,2.494952917098999,3.0943119525909424,1.3314507007598877,0.7439780831336975,0.6431995630264282,0.8884026408195496,holo_holo_subset,False,False,True
1321,NAI,6tg9,B,8ab3,A,3,[44],[44],NAI,NAI,4.843697547912598,3.027066707611084,1.3585962057113647,0.740018367767334,0.8495824337005615,1.0683388710021973,holo_holo_subset,False,False,False
1322,2HP,1gxu,A,3c46,A,3,[5],[5],2HP,2HP,6.516660213470459,2.0903234481811523,1.6590040922164917,0.6404507756233215,0.8410020470619202,1.3427176475524902,holo_holo_subset,False,False,False
1323,SAM,2yqz,A,6ift,A,3,[27],[27],SAM,SAM,0.983379065990448,4.593809127807617,0.7245458364486694,0.8250683546066284,0.996768057346344,0.7437355518341064,holo_holo_subset,True,True,True
1324,TYD,3lv8,A,3oti,A,3,[25],[25],TYD,TYD,5.961047649383545,3.1729671955108643,1.4473299980163574,0.7643173336982727,0.918695628643036,0.9782243967056274,holo_holo_subset,False,False,False
1325,TYD,3wag,B,5h56,B,3,[25],[25],TYD,TYD,5.935959815979004,3.206355571746826,1.5317295789718628,0.7574992775917053,0.861092746257782,0.9908758401870728,holo_holo_subset,False,False,False
1326,NAI,4eue,A,6tg9,B,3,[44],[44],NAI,NAI,4.512819290161133,3.0454766750335693,1.3391108512878418,0.7333226799964905,0.8736417293548584,1.2345736026763916,holo_holo_subset,False,False,False
1327,F6P,4lc9,A,5xz7,A,3,[16],[16],F6P,F6P,4.621471881866455,2.916076421737671,1.2241365909576416,0.725501298904419,0.9677929878234864,0.931325912475586,holo_holo_subset,False,False,False
1328,CYT,5efo,B,5ere,A,3,[8],[8],CYT,CYT,8.38841724395752,2.692894458770752,1.657393455505371,0.7209879755973816,0.5877692699432373,1.1509078741073608,holo_holo_subset,False,False,False
1329,TYD,1pn3,A,5h56,B,3,[25],[25],TYD,TYD,5.971527576446533,3.062859058380127,1.4828009605407717,0.7583438754081726,0.8479385375976562,1.0558526515960691,holo_holo_subset,False,False,False
1330,SF4,3egw,A,4r0v,A,3,[8],[8],SF4,SF4,4.009128570556641,2.3170762062072754,1.5642399787902832,0.629258930683136,0.6245976686477661,1.6070483922958374,holo_holo_subset,False,False,False
1331,SKM,2ev9,B,4y0a,A,3,[12],[12],SKM,SKM,6.371994495391846,2.803938150405884,1.680076241493225,0.7492818832397461,0.7780128121376038,1.0163131952285769,holo_holo_subset,False,False,False
1332,TYD,1r66,A,4lei,A,3,[25],[25],TYD,TYD,2.3900845050811768,2.8550260066986084,1.6114418506622314,0.7436962127685547,0.834867000579834,1.2335010766983032,holo_holo_subset,False,False,True
1333,BG6,5hj5,B,7e6i,A,3,[16],[16],BG6,BG6,7.758886337280273,3.262296199798584,1.1883864402770996,0.7356453537940979,0.9709767699241638,0.9252598285675048,holo_holo_subset,False,False,False
1334,TYD,3lv8,A,4rii,A,3,[25],[25],TYD,TYD,6.064969062805176,3.2279253005981445,1.3692125082015991,0.7593910694122314,0.8773144483566284,1.0081745386123655,holo_holo_subset,False,False,False
1335,RBF,1kyv,E,4d1y,A,3,[27],[27],RBF,RBF,7.287697792053223,3.229766368865967,1.2560477256774902,0.7272529006004333,0.9370188117027284,0.969080686569214,holo_holo_subset,False,False,False
1336,ENO,4jb0,A,6jhb,B,3,[13],[13],ENO,ENO,3.552154064178467,3.4314212799072266,1.0369973182678225,0.7575231790542603,0.960849106311798,0.7831546068191528,holo_holo_subset,False,False,True
1337,F6P,1t10,A,5xz7,A,3,[16],[16],F6P,F6P,5.230003356933594,2.7084922790527344,1.4040316343307495,0.7213720083236694,0.964922308921814,1.1432902812957764,holo_holo_subset,False,False,False
1338,NAI,4y9d,A,7p61,F,3,[44],[27],NAI,NAI,3.3143858909606934,3.0685853958129883,1.47906494140625,0.7718048691749573,0.7435091137886047,1.0660337209701538,holo_holo_subset,False,False,True
1339,CA,4tx8,A,7ym0,A,3,[1],[1],CA,CA,2.8214688301086426,3.303865671157837,1.5189127922058103,0.7752565145492554,0.6502037048339844,1.1586387157440186,holo_holo_subset,False,False,True
1340,TTP,3mx2,B,7b0h,F,3,[29],[29],TTP,TTP,8.725433349609375,3.908713817596436,0.6268208026885986,0.7476858496665955,0.936910092830658,0.8742209672927856,holo_holo_subset,False,False,False
1341,NAI,4p53,A,8ab3,A,3,[44],[44],NAI,NAI,2.354248046875,3.2892115116119385,1.3642699718475342,0.7765747904777527,0.5451116561889648,0.9059990644454956,holo_holo_subset,False,False,True
1342,NAI,1ahi,A,4p53,A,3,[44],[44],NAI,NAI,3.061819553375244,3.3291025161743164,1.4342120885849,0.7585538029670715,0.8250975608825684,1.034129023551941,holo_holo_subset,False,False,True
1343,SF4,2e7z,A,6bxk,A,3,[8],[8],SF4,SF4,6.131425857543945,2.3407199382781982,1.713016390800476,0.6426646113395691,0.7021068334579468,1.1013652086257937,holo_holo_subset,False,False,False
1344,PD2,2w2i,C,4nrq,A,3,[12],[12],PD2,PD2,2.014291286468506,3.828613519668579,0.5866643190383911,0.7578645348548889,0.9384244084358216,0.8834028244018555,holo_holo_subset,False,False,True
1345,NAI,4eue,A,7p61,F,3,[44],[44],NAI,NAI,2.9305269718170166,2.829768180847168,1.0371090173721311,0.7104737758636475,0.8745436668395996,1.095952391624451,holo_holo_subset,False,False,True
1346,NAI,3x2f,A,4p53,A,3,[44],[44],NAI,NAI,2.458770751953125,3.3763747215271,1.40226149559021,0.7462186217308044,0.8386725187301636,0.9551044702529908,holo_holo_subset,False,False,True
1347,NAI,1t2e,A,6tg9,B,3,[44],[44],NAI,NAI,5.020148754119873,3.1466071605682373,1.498110294342041,0.7588361501693726,0.8237716555595398,1.0998491048812866,holo_holo_subset,False,False,False
1348,NAI,2dte,A,7p61,F,3,[44],[44],NAI,NAI,2.896606922149658,3.024374008178711,1.069493055343628,0.718936026096344,0.8918382525444031,0.998325765132904,holo_holo_subset,False,False,True
1349,TYD,4lei,A,5h56,B,3,[25],[25],TYD,TYD,6.03685998916626,3.129033327102661,1.401274561882019,0.7594029903411865,0.9082423448562622,1.04377543926239,holo_holo_subset,False,False,False
1350,CA,1f2n,C,2ygm,B,3,[1],[1],CA,CA,8.278498649597168,2.248495101928711,1.6917270421981812,0.7098902463912964,0.6795891523361206,1.100024700164795,holo_holo_subset,False,False,False
1351,HEM,2r7a,A,2xvz,A,3,[43],[43],HEM,HEM,6.623676300048828,2.7411506175994877,1.3700358867645264,0.709987998008728,0.9875165820121764,0.9714544415473938,holo_holo_subset,False,False,False
1352,NAI,2aqh,A,4p53,A,3,[44],[44],NAI,NAI,3.099907159805298,3.425816059112549,1.4732030630111694,0.7462900876998901,0.7146351933479309,1.07336688041687,holo_holo_subset,False,False,True
1353,SKM,3pgj,A,4y0a,A,3,[12],[12],SKM,SKM,6.3484392166137695,2.858589172363281,1.5336320400238037,0.7660710215568542,0.72575843334198,1.086655616760254,holo_holo_subset,False,False,False
1354,SF4,2xdq,A,7z7s,B,3,[8],[8],SF4,SF4,4.684305191040039,2.4550552368164062,1.4993257522583008,0.6469020843505859,0.966719925403595,0.9322214126586914,holo_holo_subset,False,False,False
1355,NAI,1ahi,A,6vw7,D,3,[27],[44],NAI,NAI,3.271984577178955,3.263700008392334,1.5081326961517334,0.7416151762008667,0.8721067309379578,1.1019257307052612,holo_holo_subset,False,False,True
1356,NAI,1jki,A,4p53,A,3,[44],[44],NAI,NAI,3.024644136428833,3.272302865982056,1.4614194631576538,0.7532501816749573,0.8295612335205078,1.020395278930664,holo_holo_subset,False,False,True
1357,AMZ,1p4r,A,2r7k,A,3,[22],[22],AMZ,AMZ,8.539067268371582,2.502943515777588,1.6288650035858154,0.7341924905776978,0.7590716481208801,1.0155737400054932,holo_holo_subset,False,False,False
1358,SAM,5hfj,C,5hg0,B,3,[27],[27],SAM,SAM,2.325145959854126,3.239746570587158,1.1708521842956543,0.7501080632209778,0.9609468579292296,0.8392250537872314,holo_holo_subset,False,False,True
1359,K,2fxi,A,3zd9,A,3,[1],[1],K,K,7.181644916534424,2.506566286087036,1.530184268951416,0.7295491099357605,0.9303236603736876,1.0165934562683103,holo_holo_subset,False,False,False
1360,NAI,4yac,A,6tg9,B,3,[44],[27],NAI,NAI,3.440068006515503,2.8513054847717285,1.484859824180603,0.7655086517333984,0.8888300061225891,1.0294016599655151,holo_holo_subset,False,False,True
1361,NAI,3uh1,A,4p53,A,3,[44],[44],NAI,NAI,2.477389097213745,3.176494598388672,1.441031813621521,0.7642842531204224,0.8658143877983093,0.985826015472412,holo_holo_subset,False,False,True
1362,TYD,4lei,A,6vlo,A,3,[25],[25],TYD,TYD,2.3244545459747314,2.631138324737549,1.6369709968566897,0.7474793791770935,0.8428272604942322,1.2419615983963013,holo_holo_subset,False,False,True
1363,SF4,2vpw,A,4cej,B,3,[8],[8],SF4,SF4,3.259801387786865,1.5164388418197632,2.207271814346313,0.5435778498649597,0.7904525995254517,1.109787940979004,holo_holo_subset,False,False,False
1364,NAI,1jki,A,3afo,A,3,[44],[44],NAI,NAI,3.1477205753326416,2.796889305114746,1.5297194719314575,0.6461228132247925,0.8765436410903931,1.3900985717773438,holo_holo_subset,False,False,True
1365,CA,1u8c,B,2hih,A,3,[1],[1],CA,CA,7.871866703033447,2.2377729415893555,1.3443230390548706,0.6678242683410645,0.5648221969604492,1.0897647142410278,holo_holo_subset,False,False,False
1366,NAI,1t2e,A,3afo,A,3,[44],[44],NAI,NAI,3.3225460052490234,2.9319472312927246,1.5328700542449951,0.7014124393463135,0.8282714486122131,1.2826197147369385,holo_holo_subset,False,False,True
1367,F6P,3pr3,A,5xz7,A,3,[16],[16],F6P,F6P,4.930107116699219,2.86838436126709,1.582917332649231,0.752463698387146,0.8870487809181213,1.0705313682556152,holo_holo_subset,False,False,False
1368,BG6,2puw,B,5hj5,B,3,[16],[16],BG6,BG6,7.98618221282959,2.6279070377349854,1.352061152458191,0.6657047867774963,0.7581697106361389,1.184988021850586,holo_holo_subset,False,False,False
1369,SF4,3crv,A,3ml1,A,3,[8],[8],SF4,SF4,6.587487697601318,2.677351951599121,1.4749133586883545,0.6876761317253113,0.7304568290710449,1.2493692636489868,holo_holo_subset,False,False,False
1370,PD2,2jig,A,4nrq,A,3,[12],[12],PD2,PD2,1.4561924934387207,3.920842170715332,0.7118096351623535,0.8143699169158936,0.9727615118026732,0.9315106868743896,holo_holo_subset,False,True,True
1371,CA,1dfx,A,4ihb,E,3,[1],[1],CA,CA,6.789563655853272,3.2926244735717773,0.9605223536491394,0.7897099256515503,0.9689764976501464,0.8721571564674377,holo_holo_subset,False,False,False
1372,DGT,2iry,A,3otb,A,3,[31],[31],DGT,DGT,4.915946006774902,2.67690372467041,1.4196770191192627,0.7320696115493774,0.8305666446685791,1.1170631647109983,holo_holo_subset,False,False,False
1373,TYD,2v54,A,4lei,A,3,[25],[25],TYD,TYD,6.146457195281982,3.1190121173858643,1.3147807121276855,0.7685931324958801,0.9230266213417052,1.1286804676055908,holo_holo_subset,False,False,False
1374,F6P,3o8o,B,3pr3,A,3,[16],[16],F6P,F6P,4.880629539489746,2.575523376464844,1.3965436220169067,0.7091749310493469,0.7831391096115112,1.1059367656707764,holo_holo_subset,False,False,False
1375,SF4,5ktn,A,7lhr,A,3,[8],[8],SF4,SF4,5.879363536834717,2.616687536239624,1.636821150779724,0.7243576645851135,0.8590653538703918,1.198696851730347,holo_holo_subset,False,False,False
1376,SF4,6elq,X,7z7s,B,3,[8],[8],SF4,SF4,4.568837642669678,2.095435619354248,1.6334484815597534,0.666161835193634,0.9022979140281676,1.05696439743042,holo_holo_subset,False,False,False
1377,NAI,2a92,C,3afo,A,3,[44],[44],NAI,NAI,3.41080641746521,2.9340882301330566,1.2797415256500244,0.6754099130630493,0.8611434102058411,1.4388421773910522,holo_holo_subset,False,False,True
1378,CA,3c7g,A,3ikw,A,3,[1],[1],CA,CA,6.763692378997803,2.235994815826416,1.5636439323425293,0.7286707162857056,0.7525773644447327,1.327895164489746,holo_holo_subset,False,False,False
1379,CA,1j0h,A,4jrf,A,3,[1],[1],CA,CA,6.590050220489502,2.2452359199523926,1.5790657997131348,0.666504442691803,0.6882340312004089,0.9828811883926392,holo_holo_subset,False,False,False
1380,NAI,4fw8,A,6tg9,B,3,[44],[44],NAI,NAI,4.337406635284424,3.011324167251587,1.387812614440918,0.7063825726509094,0.8716384768486023,1.2060223817825315,holo_holo_subset,False,False,False
1381,TYD,3rsc,A,5h56,B,3,[25],[25],TYD,TYD,5.68503999710083,3.126079797744751,1.4335099458694458,0.7587826251983643,0.7364171147346497,1.0447263717651367,holo_holo_subset,False,False,False
1382,SF4,4cej,B,6tg9,B,3,[8],[8],SF4,SF4,8.511408805847168,2.189497947692871,1.6532151699066162,0.6114318370819092,0.8270479440689087,1.2640299797058103,holo_holo_subset,False,False,False
1383,SF4,1oao,C,5ztb,B,3,[8],[8],SF4,SF4,6.053214550018311,2.32181167602539,1.845985054969788,0.5601542592048645,0.9927701950073242,1.1206085681915283,holo_holo_subset,False,False,False
1384,F6P,2axn,A,5xz7,A,3,[16],[16],F6P,F6P,7.85138988494873,2.7553982734680176,1.7098280191421509,0.6992035508155823,0.607479453086853,0.9834179878234864,holo_holo_subset,False,False,False
1385,TYD,2v54,A,3oti,A,3,[25],[25],TYD,TYD,5.919206619262695,3.264228343963623,1.4088555574417114,0.7458286881446838,0.876997709274292,1.0479211807250977,holo_holo_subset,False,False,False
1386,CA,2fkc,A,2ost,A,3,[1],[1],CA,CA,0.1002969294786453,3.683191299438477,0.6580256819725037,0.8024040460586548,0.9952210783958436,0.7841863632202148,holo_holo_subset,True,True,True
1387,NAI,4p53,A,4yac,A,3,[27],[44],NAI,NAI,2.922003030776977,3.407593250274658,1.347046971321106,0.7524707913398743,0.8511578440666199,1.0420764684677124,holo_holo_subset,False,False,True
1388,F6P,3m5p,A,5xz7,A,3,[16],[16],F6P,F6P,4.683413028717041,2.7136223316192627,1.55716073513031,0.7392029762268066,0.8906434178352356,1.1409456729888916,holo_holo_subset,False,False,False
1389,BG6,5hj5,B,6d24,A,3,[16],[16],BG6,BG6,7.701907634735107,3.193758487701416,1.0843405723571775,0.7499691843986511,0.904984712600708,0.8894709944725037,holo_holo_subset,False,False,False
1390,NAI,4p53,A,5wjs,A,3,[44],[44],NAI,NAI,3.0014803409576416,3.389317274093628,1.301135540008545,0.7447417974472046,0.8675686120986938,1.0861146450042725,holo_holo_subset,False,False,True
1391,SF4,3a04,A,4c1n,A,3,[8],[8],SF4,SF4,8.237699508666992,2.591293334960937,1.6788028478622437,0.6471166014671326,0.8655931353569031,1.0961971282958984,holo_holo_subset,False,False,False
1392,NAI,4p53,A,6b9u,A,3,[44],[44],NAI,NAI,3.112371921539306,3.3698532581329346,1.382716417312622,0.7403460144996643,0.8057610392570496,1.0755406618118286,holo_holo_subset,False,False,True
1393,CA,1j24,A,4z0n,A,3,[1],[1],CA,CA,7.063189029693604,2.495455503463745,1.4253205060958862,0.7115349769592285,0.8882271647453308,1.139562964439392,holo_holo_subset,False,False,False
1394,SF4,3pdi,A,7lhr,A,3,[8],[8],SF4,SF4,5.265926361083984,2.7641372680664062,1.4657691717147827,0.6412397623062134,0.9374924302101136,1.0775855779647827,holo_holo_subset,False,False,False
1395,CA,3ik2,A,4h19,A,3,[1],[1],CA,CA,8.219758033752441,2.932581901550293,1.4497506618499756,0.769437849521637,0.7592464685440063,1.001093506813049,holo_holo_subset,False,False,False
1396,SAM,3t7s,A,5hg0,B,3,[27],[27],SAM,SAM,1.93713903427124,3.279561996459961,1.0472851991653442,0.7481748461723328,0.95231294631958,0.9302327036857604,holo_holo_subset,False,True,True
1397,NAI,4p53,A,5k4w,C,3,[44],[44],NAI,NAI,2.874688148498535,3.2718963623046875,1.343835473060608,0.7388286590576172,0.6206604242324829,1.069277048110962,holo_holo_subset,False,False,True
1398,TYD,5h56,B,6vlo,A,3,[25],[25],TYD,TYD,6.179125785827637,2.434813976287842,1.9139786958694456,0.6890455484390259,0.8071326613426208,1.287872552871704,holo_holo_subset,False,False,False
1399,TYD,1r66,A,3wag,B,3,[25],[25],TYD,TYD,2.181001901626587,2.9902617931365967,1.4103835821151731,0.7262389659881592,0.9121670722961426,1.1622586250305176,holo_holo_subset,False,False,True
1400,BG6,2poc,B,5hj5,B,3,[16],[16],BG6,BG6,8.0011568069458,2.495612621307373,1.3549232482910156,0.6727554202079773,0.6963794827461243,1.052815318107605,holo_holo_subset,False,False,False
1401,F6P,2r66,A,3pr3,A,3,[16],[16],F6P,F6P,6.663071155548096,2.9841768741607666,1.6415352821350098,0.7665278315544128,0.7731367349624634,1.0387221574783323,holo_holo_subset,False,False,False
1402,SF4,5ktn,A,6elq,X,3,[8],[8],SF4,SF4,2.058919906616211,2.1223807334899902,1.7510771751403809,0.5938619375228882,0.9917826056480408,1.3106565475463867,holo_holo_subset,False,False,True
1403,NAI,4yai,A,6tg9,B,3,[44],[44],NAI,NAI,4.659940242767334,2.958270072937012,1.380669355392456,0.732308566570282,0.6109827756881714,1.1303749084472656,holo_holo_subset,False,False,False
1404,NAI,5wjs,A,6vw7,D,3,[27],[44],NAI,NAI,2.800665855407715,2.993229866027832,1.2909998893737793,0.7389916181564331,0.9295030236244202,1.0087429285049438,holo_holo_subset,False,False,True
1405,TYD,3wag,B,4e2x,A,3,[25],[25],TYD,TYD,6.670017242431641,2.8185577392578125,1.5386415719985962,0.7306025624275208,0.834601104259491,1.0115925073623655,holo_holo_subset,False,False,False
1406,F6P,3m5p,A,3o8o,B,3,[16],[16],F6P,F6P,5.9229230880737305,2.4230852127075195,1.473157286643982,0.6853745579719543,0.8362690806388855,1.1288877725601196,holo_holo_subset,False,False,False
1407,NAI,4y9d,A,6vw7,D,3,[27],[27],NAI,NAI,3.420116901397705,3.221991539001465,1.5288621187210083,0.7385997176170349,0.8906015753746033,1.1194360256195068,holo_holo_subset,False,False,True
1408,F6P,3pr3,A,5htk,A,3,[16],[16],F6P,F6P,7.960905075073242,2.797004461288452,1.6207306385040283,0.7428478598594666,0.8594421744346619,1.0117301940917969,holo_holo_subset,False,False,False
1409,SF4,4cej,B,6bxk,A,3,[8],[8],SF4,SF4,8.769699096679688,2.050954818725586,1.5229977369308472,0.5958638787269592,0.6832372546195984,1.5434757471084597,holo_holo_subset,False,False,False
1410,F6P,5htk,A,5xz7,A,3,[16],[16],F6P,F6P,7.785506725311279,2.6561684608459477,1.537771701812744,0.7400572299957275,0.6726477742195129,1.0589483976364136,holo_holo_subset,False,False,False
1411,NAI,3adp,A,6tg9,B,3,[44],[44],NAI,NAI,4.372575759887695,2.9353744983673096,1.3749847412109375,0.7610862255096436,0.8757656812667847,1.094333529472351,holo_holo_subset,False,False,False
1412,TYD,4e2x,A,4lei,A,3,[25],[25],TYD,TYD,6.076550006866455,3.016279697418213,1.5780189037322998,0.752135157585144,0.8512790203094482,1.1538174152374268,holo_holo_subset,False,False,False
1413,TYD,1r66,A,5h56,B,3,[25],[25],TYD,TYD,6.2039666175842285,2.68257474899292,1.6089879274368286,0.6911752223968506,0.7903795838356018,1.1170862913131714,holo_holo_subset,False,False,False
1414,BU3,4j6r,L,5i5m,B,3,[6],[6],BU3,BU3,8.542770385742188,1.831716775894165,1.4003645181655884,0.5711351037025452,0.3357546031475067,0.978023886680603,holo_holo_subset,False,False,False
1415,F6P,2r66,A,5xz7,A,3,[16],[16],F6P,F6P,5.784262657165527,2.6800034046173096,1.56634521484375,0.7502310276031494,0.9723661541938782,1.121295928955078,holo_holo_subset,False,False,False
1416,SKM,2hk9,A,4y0a,A,3,[12],[12],SKM,SKM,6.19221305847168,2.7639002799987797,1.4210169315338137,0.7199498414993286,0.8661842942237854,1.1337950229644775,holo_holo_subset,False,False,False
1417,NAI,1t2e,A,7p61,F,3,[44],[44],NAI,NAI,3.0653538703918457,3.343880176544189,1.1338121891021729,0.7393776774406433,0.6191369295120239,1.0559862852096558,holo_holo_subset,False,False,True
1418,SAM,2q6o,A,2zif,B,3,[27],[27],SAM,SAM,4.222161769866943,3.0003256797790527,1.28229558467865,0.7536875009536743,0.8478572964668274,0.8935578465461731,holo_holo_subset,False,False,False
1419,NAI,4cuk,A,7p61,F,3,[44],[44],NAI,NAI,2.755248785018921,2.956669330596924,1.108823299407959,0.7231590151786804,0.801423966884613,0.9967591166496276,holo_holo_subset,False,False,True
1420,F6P,3m5p,A,5htk,A,3,[16],[16],F6P,F6P,7.970254421234131,2.692267417907715,1.587756633758545,0.7189832925796509,0.940386950969696,1.058787226676941,holo_holo_subset,False,False,False
1421,NAI,3afo,A,4yai,A,3,[44],[44],NAI,NAI,3.2673418521881104,2.846126079559326,1.5645290613174438,0.7029175758361816,0.9314780235290528,1.2446376085281372,holo_holo_subset,False,False,True
1422,CA,1uy1,A,1x33,C,3,[1],[1],CA,CA,6.722785472869873,2.3522543907165527,1.5576634407043457,0.7704947590827942,0.8613795042037964,1.1973761320114136,holo_holo_subset,False,False,False
1423,CA,1h30,A,6u2f,A,3,[1],[1],CA,CA,8.572940826416016,1.966057062149048,1.403052806854248,0.6291550993919373,0.853471040725708,1.057224988937378,holo_holo_subset,False,False,False
1424,K,2fxi,A,2gj8,D,3,[1],[1],K,K,5.009301662445068,3.7375783920288086,0.9529482126235962,0.7887340188026428,0.9809191226959229,0.7811645269393921,holo_holo_subset,False,False,False
1425,TYD,3oti,A,4e2x,A,3,[25],[25],TYD,TYD,6.490827083587647,2.915416717529297,1.543459415435791,0.7485318183898926,0.7847217321395874,1.009615182876587,holo_holo_subset,False,False,False
1426,SF4,3egw,A,4c1n,A,3,[8],[8],SF4,SF4,2.811521530151367,2.033313751220703,1.669373869895935,0.5705893039703369,0.7597034573554993,1.4494026899337769,holo_holo_subset,False,False,True
1427,SF4,4g9p,A,6de6,B,3,[8],[8],SF4,SF4,7.725321292877197,3.312300205230713,1.1007362604141235,0.7177436351776123,0.9342862963676452,0.924413800239563,holo_holo_subset,False,False,False
1428,SF4,2e7z,A,3crv,A,3,[8],[8],SF4,SF4,6.813063621520996,2.4385440349578857,1.6479147672653198,0.7088086605072021,0.8344352841377258,1.089259147644043,holo_holo_subset,False,False,False
1429,CA,4cid,A,6ncr,A,3,[1],[1],CA,CA,8.69579029083252,2.874020338058472,1.4867924451828003,0.7153359651565552,0.8039081692695618,1.212833046913147,holo_holo_subset,False,False,False
1430,SAM,2ejt,A,5hg0,B,3,[27],[27],SAM,SAM,2.553322553634644,3.1405415534973145,1.3398518562316897,0.75551837682724,0.9653376340866088,1.0627543926239014,holo_holo_subset,False,False,True
1431,TYD,2v54,A,3wag,B,3,[25],[25],TYD,TYD,6.044735908508301,3.1425604820251465,1.4750847816467283,0.7607479095458984,0.873455822467804,0.9958325028419496,holo_holo_subset,False,False,False
1432,CA,1ajo,B,4a6o,A,3,[1],[1],CA,CA,4.464582920074463,2.5103652477264404,1.754830002784729,0.6509859561920166,0.983045220375061,1.3186912536621094,holo_holo_subset,False,False,False
1433,CA,1hpl,A,3ppv,A,3,[1],[1],CA,CA,5.590275764465332,3.072746753692627,1.633379578590393,0.7115971446037292,0.8861561417579651,1.124201774597168,holo_holo_subset,False,False,False
1434,SAM,2ejt,A,2hma,A,3,[27],[27],SAM,SAM,4.009039402008057,3.3747706413269043,1.3678436279296875,0.7540231347084045,0.6209931969642639,1.0711023807525637,holo_holo_subset,False,False,False
1435,SAM,2hma,A,3m6w,A,3,[27],[27],SAM,SAM,4.085221767425537,3.45261549949646,0.912345826625824,0.7750259041786194,0.9825061559677124,1.063084602355957,holo_holo_subset,False,False,False
1436,SF4,4c1n,A,6qkg,B,3,[8],[8],SF4,SF4,3.142318725585937,1.8489257097244265,1.5462987422943115,0.5789775848388672,0.9721012711524964,1.1518033742904663,holo_holo_subset,False,False,True
1437,SAM,2q6o,A,2wa2,A,3,[27],[27],SAM,SAM,4.986598491668701,3.162985324859619,1.442998290061951,0.7062291502952576,0.8238294720649719,1.0810006856918335,holo_holo_subset,False,False,False
1438,NAI,3ay6,B,6tg9,B,3,[44],[44],NAI,NAI,4.307370185852051,3.142141342163086,1.287814021110535,0.7395296096801758,0.862622857093811,1.1662304401397705,holo_holo_subset,False,False,False
1439,SF4,4hea,1,7z7s,B,3,[8],[8],SF4,SF4,6.354080677032471,2.6148500442504883,1.3204683065414429,0.7004836797714233,0.849729597568512,1.2256526947021484,holo_holo_subset,False,False,False
1440,SAM,2hma,A,4qtu,B,3,[27],[27],SAM,SAM,3.7004141807556152,3.1026978492736816,1.4140315055847168,0.7176042199134827,0.8499482274055481,1.1105464696884155,holo_holo_subset,False,False,True
1441,F6P,1t10,A,2axn,A,3,[16],[16],F6P,F6P,7.74257755279541,2.4797017574310303,1.659896731376648,0.719848096370697,0.7715363502502441,1.1549843549728394,holo_holo_subset,False,False,False
1442,NAI,4uun,B,7p61,F,3,[44],[44],NAI,NAI,2.792932510375977,3.367713928222656,1.406194806098938,0.7405027151107788,0.6938916444778442,1.12661612033844,holo_holo_subset,False,False,True
1443,TYD,1r66,A,4rii,A,3,[25],[25],TYD,TYD,2.06068754196167,2.9209060668945312,1.5109652280807495,0.7344889640808105,0.9215375185012816,1.188619613647461,holo_holo_subset,False,False,True
1444,SF4,1h0h,A,6bxk,A,3,[8],[8],SF4,SF4,6.858752727508545,2.3569095134735107,1.6786296367645264,0.6143186688423157,0.9152127504348756,1.2493093013763428,holo_holo_subset,False,False,False
1445,TYD,4e2x,A,5h56,B,3,[25],[25],TYD,TYD,5.274964332580566,2.825723171234131,1.7329801321029663,0.7554149031639099,0.9187489151954652,1.0173568725585938,holo_holo_subset,False,False,False
1446,NAI,3afo,A,3ay6,B,3,[44],[44],NAI,NAI,3.2947466373443604,2.806711196899414,1.539233922958374,0.7043553590774536,0.9058781862258912,1.3193597793579102,holo_holo_subset,False,False,True
1447,CA,3a47,A,6dfq,C,3,[1],[1],CA,CA,8.357300758361816,2.332888603210449,1.3682305812835691,0.7257294058799744,0.95361989736557,0.8711376190185547,holo_holo_subset,False,False,False
1448,CA,5hxm,A,6u66,B,3,[1],[1],CA,CA,8.544894218444824,2.229628562927246,1.591690182685852,0.7364221811294556,0.7929145097732544,1.2965298891067505,holo_holo_subset,False,False,False
1449,CA,3ppv,A,6u2f,A,3,[1],[1],CA,CA,7.86852502822876,2.7073092460632324,1.5673179626464844,0.7350155711174011,0.7862367630004883,1.00960111618042,holo_holo_subset,False,False,False
1450,NAI,5z20,F,6tg9,B,3,[44],[44],NAI,NAI,4.27337121963501,2.7862110137939453,1.451284885406494,0.7456450462341309,0.8017072677612305,1.1127625703811646,holo_holo_subset,False,False,False
1451,M6P,4zev,A,7kma,B,3,[16],[16],M6P,M6P,4.057242393493652,2.840547800064087,1.4859758615493774,0.733893096446991,0.8554062247276306,1.1593132019042969,holo_holo_subset,False,False,False
1452,F6P,2r66,A,3m5p,A,3,[16],[16],F6P,F6P,7.327295780181885,2.9829673767089844,1.7596487998962402,0.730615496635437,0.7912449240684509,0.9821333289146424,holo_holo_subset,False,False,False
1453,NAI,3uh1,A,6vw7,D,3,[27],[44],NAI,NAI,2.7691750526428223,2.897865295410156,1.22174334526062,0.7205568552017212,0.9080544710159302,0.9788541793823242,holo_holo_subset,False,False,True
1454,TYD,4e2x,A,4rii,A,3,[25],[25],TYD,TYD,5.887831687927246,2.5761044025421143,1.7940722703933716,0.7689815163612366,0.5981383919715881,0.9882291555404664,holo_holo_subset,False,False,False
1455,SF4,3crv,A,7p61,F,3,[8],[8],SF4,SF4,7.503677845001221,2.631746292114258,1.523231863975525,0.706077516078949,0.7733920812606812,1.121561050415039,holo_holo_subset,False,False,False
1456,NAI,3uh1,A,6tg9,B,3,[44],[44],NAI,NAI,4.5987396240234375,2.8083903789520264,1.339434266090393,0.7505947947502136,0.8490691781044006,0.9372166991233826,holo_holo_subset,False,False,False
1457,NAI,4fw8,A,7p61,F,3,[44],[44],NAI,NAI,2.778928518295288,2.9486758708953857,1.0727715492248535,0.7268472909927368,0.8989717960357666,0.9907048940658568,holo_holo_subset,False,False,True
1458,SF4,1gn9,A,6fwr,A,3,[8],[8],SF4,SF4,8.167110443115234,2.3014919757843018,1.7803099155426023,0.6607220768928528,0.5046725273132324,1.179434061050415,holo_holo_subset,False,False,False
1459,TYD,3hjn,A,4lei,A,3,[25],[25],TYD,TYD,6.041679382324219,3.105191707611084,1.5986191034317017,0.7884054780006409,0.8669455051422119,0.9783669114112854,holo_holo_subset,False,False,False
1460,TYD,4lei,A,4lxq,B,3,[25],[25],TYD,TYD,5.041330337524414,2.952460527420044,1.586129069328308,0.7012298107147217,0.93283212184906,1.2961852550506592,holo_holo_subset,False,False,False
1461,TYD,3oti,A,4lxq,B,3,[25],[25],TYD,TYD,4.680925369262695,2.8112261295318604,1.5314419269561768,0.7154433131217957,0.8348698616027832,1.184774398803711,holo_holo_subset,False,False,False
1462,SF4,3ml1,A,5ktn,A,3,[8],[8],SF4,SF4,2.5498409271240234,2.423672199249268,1.3981248140335083,0.6382434368133545,0.7914549112319946,1.4843881130218506,holo_holo_subset,False,False,True
1463,TYD,3oth,A,5h56,B,3,[25],[25],TYD,TYD,5.957513809204102,3.117398977279663,1.5172940492630005,0.732001006603241,0.803135335445404,1.0020124912261963,holo_holo_subset,False,False,False
1464,TYD,4rii,A,6vlo,A,3,[25],[25],TYD,TYD,2.117858648300171,2.6595168113708496,1.5721619129180908,0.6789997816085815,0.9350987672805786,1.4979065656661987,holo_holo_subset,False,False,True
1465,TYD,3hjn,A,3wag,B,3,[25],[25],TYD,TYD,6.1366119384765625,3.014714241027832,1.5674173831939695,0.746486246585846,0.8231908082962036,0.9971888661384584,holo_holo_subset,False,False,False
1466,SF4,2ynm,C,6fwr,A,3,[8],[8],SF4,SF4,7.758687973022461,2.0112595558166504,1.567745327949524,0.6167819499969482,0.9055944085121156,1.306098222732544,holo_holo_subset,False,False,False
1467,TYD,3hjn,A,3oti,A,3,[25],[25],TYD,TYD,6.01151704788208,3.119943618774414,1.457067370414734,0.7585811018943787,0.8771817088127136,0.9797366857528688,holo_holo_subset,False,False,False
1468,F6P,2axn,A,3m5p,A,3,[16],[16],F6P,F6P,8.010848045349121,2.8112597465515137,1.624314785003662,0.663428008556366,0.931100845336914,1.1032580137252808,holo_holo_subset,False,False,False
1469,SF4,4fhc,A,6bxk,A,3,[8],[8],SF4,SF4,4.209221363067627,2.321467876434326,1.500800371170044,0.7131728529930115,0.6415604948997498,1.201054573059082,holo_holo_subset,False,False,False
1470,TYD,1r66,A,3oti,A,3,[25],[25],TYD,TYD,2.2337870597839355,2.8526525497436523,1.7277415990829468,0.7310274243354797,0.8789637088775635,1.203886866569519,holo_holo_subset,False,False,True
1471,TYD,4g2t,A,5h56,B,3,[25],[25],TYD,TYD,5.924292087554932,3.267493963241577,1.5442301034927368,0.7759881019592285,0.8682330846786499,1.0277011394500732,holo_holo_subset,False,False,False
1472,TYD,3oti,A,6vlo,A,3,[25],[25],TYD,TYD,2.475985527038574,2.736321926116944,1.5818250179290771,0.7074278593063354,0.9287173748016356,1.384732723236084,holo_holo_subset,False,False,True
1473,TYD,4lxq,B,5h56,B,3,[25],[25],TYD,TYD,5.4815850257873535,2.80124568939209,1.3268035650253296,0.7209684252738953,0.8880864977836609,1.1579676866531372,holo_holo_subset,False,False,False
1474,TYD,1rrv,A,5h56,B,3,[25],[25],TYD,TYD,5.949943542480469,3.2697815895080566,1.469341278076172,0.7592688202857971,0.931589424610138,1.0895050764083862,holo_holo_subset,False,False,False
1475,TYD,3lv8,A,3wag,B,3,[25],[25],TYD,TYD,6.069584369659424,3.0054807662963867,1.4030423164367676,0.7467774748802185,0.880341649055481,0.9390380382537842,holo_holo_subset,False,False,False
1476,TYD,3wag,B,4lxq,B,3,[25],[25],TYD,TYD,6.3649749755859375,2.386228084564209,1.741475224494934,0.7156662940979004,0.7394054532051086,0.917205810546875,holo_holo_subset,False,False,False
1477,SIA,2wbv,B,4d62,A,3,[21],[21],SIA,SIA,7.710540771484375,2.358656406402588,1.6882884502410889,0.6350489258766174,0.9518588781356812,1.5925557613372805,holo_holo_subset,False,False,False
1478,SIA,4d62,A,4k6u,B,3,[20],[21],SIA,SIA,7.6630425453186035,2.590078115463257,1.5266389846801758,0.6984087824821472,0.8395180106163025,1.1235021352767944,holo_holo_subset,False,False,False
1479,2GP,1gmp,A,2aad,A,4,[24],[24],2GP,2GP,0.7881720662117004,3.440063953399658,0.686589241027832,0.8083095550537109,0.9922406077384948,0.7750809788703918,holo_holo_subset,True,True,True
1480,SKM,2hk9,A,3sef,C,4,[12],[12],SKM,SKM,1.508259415626526,4.818301200866699,0.5715364813804626,0.8449665904045105,0.952832579612732,0.7185834050178528,holo_holo_subset,False,True,True
1481,AZM,3ml5,A,4g7a,B,4,[13],[13],AZM,AZM,0.2803581357002258,4.743642807006836,0.2496107369661331,0.8974030017852783,0.99636310338974,0.6945428252220154,holo_holo_subset,True,True,True
1482,VO4,1rpt,A,3gp5,A,4,[4],[5],VO4,VO4,2.302145481109619,4.094406127929688,0.6930586099624634,0.8676093816757202,0.9811810851097108,0.6852259039878845,holo_holo_subset,False,False,True
1483,TEM,1blc,A,6nvu,A,4,[11],[11],TEM,TEM,2.4858644008636475,4.545305252075195,0.5562875270843506,0.8470677733421326,0.9899149537086488,0.7414711117744446,holo_holo_subset,False,False,True
1484,TYD,3rsc,A,4lei,A,4,[25],[25],TYD,TYD,1.0724165439605713,4.636608123779297,0.6497616767883301,0.8491998910903931,0.8540502190589905,0.8282380104064941,holo_holo_subset,False,True,True
1485,M0E,3vmr,A,5hld,A,4,[77],[84],M0E,M0E,8.753596305847168,2.27944016456604,1.3865771293640137,0.7041324377059937,0.8811472654342651,1.0155742168426514,holo_holo_subset,False,False,False
1486,SKM,2hk9,A,3doo,A,4,[12],[12],SKM,SKM,2.6522111892700195,4.896823406219482,0.5837684869766235,0.8638215065002441,0.9886072278022766,0.7123486995697021,holo_holo_subset,False,False,True
1487,DOR,3mjm,A,4bjh,A,4,[11],[11],DOR,DOR,0.916301429271698,4.763385772705078,0.4859571158885956,0.8673895001411438,0.9879384636878968,0.745678186416626,holo_holo_subset,True,True,True
1488,AZM,3ml5,A,4x5s,A,4,[13],[13],AZM,AZM,0.2836496531963348,4.781842708587647,0.2590565681457519,0.9024683237075806,0.9972429871559144,0.6875304579734802,holo_holo_subset,True,True,True
1489,DDN,1vq2,A,2hvw,A,4,[20],[20],DDN,DDN,1.3169610500335691,4.943582057952881,0.3585329353809356,0.8820142149925232,0.9463571310043336,0.6605444550514221,holo_holo_subset,False,True,True
1490,NXL,6d3g,C,6mkq,A,4,[17],[17],NXL,NXL,0.8974608778953552,4.497328281402588,0.5280939936637878,0.836115837097168,0.9467148184776306,0.7256687879562378,holo_holo_subset,True,True,True
1491,M0E,3vmr,A,5hlb,A,4,[77],[84],M0E,M0E,8.861801147460938,2.2509655952453613,1.6786317825317385,0.6596919298171997,0.9171223640441896,1.0288145542144775,holo_holo_subset,False,False,False
1492,NXL,6d3g,C,6fm7,A,4,[17],[17],NXL,NXL,1.05975604057312,4.215733528137207,0.628447413444519,0.8164350986480713,0.9292162656784058,0.7566192150115967,holo_holo_subset,False,True,True
1493,CAP,5mac,A,8cmy,C,4,[21],[21],CAP,CAP,4.818018913269043,4.600806713104248,0.685900092124939,0.8576940894126892,0.8400646448135376,0.8559424877166748,holo_holo_subset,False,False,False
1494,PCG,5e16,A,5h5o,A,4,[23],[23],PCG,PCG,1.2964016199111938,4.6877641677856445,0.5217245817184448,0.8859931230545044,0.9522828459739684,0.7554929256439209,holo_holo_subset,False,True,True
1495,TYD,3oti,A,4rii,A,4,[25],[25],TYD,TYD,0.891563355922699,4.702828884124756,0.5767741203308105,0.8365346193313599,0.9733096957206726,0.7467206120491028,holo_holo_subset,True,True,True
1496,FDA,3swo,A,7e8p,D,4,[53],[53],FDA,FDA,1.2974450588226318,3.628184795379639,1.041261911392212,0.7955570220947266,0.9767245054244996,0.9689244031906128,holo_holo_subset,False,True,True
1497,BTM,6ax9,A,8h4p,A,4,[14],[14],BTM,BTM,2.088346481323242,4.123462677001953,0.5871453881263733,0.8131394982337952,0.9859127998352052,0.8215866684913635,holo_holo_subset,False,False,True
1498,BMP,1dqx,A,4muz,A,4,[22],[22],BMP,BMP,0.8337688446044922,4.846765041351318,0.4798087179660797,0.862550675868988,0.8961794376373291,0.7785516381263733,holo_holo_subset,True,True,True
1499,CAA,1ee0,A,5ab6,D,4,[54],[54],CAA,CAA,5.838447093963623,3.430009365081787,1.1205365657806396,0.7123426198959351,0.9718541502952576,0.949622392654419,holo_holo_subset,False,False,False
1500,PCG,5e16,A,8evb,B,4,[23],[23],PCG,PCG,1.1464126110076904,4.046319484710693,0.8533723950386047,0.8175041675567627,0.9504085779190063,0.795318603515625,holo_holo_subset,False,True,True
1501,TTP,1cr1,A,1w4r,A,4,[29],[29],TTP,TTP,5.589648723602295,4.476950168609619,0.7527918219566345,0.8229531049728394,0.997818887233734,0.8005019426345825,holo_holo_subset,False,False,False
1502,VN4,2rar,A,4hgp,A,4,[4],[4],VN4,VN4,2.264434576034546,4.928414344787598,0.5184483528137207,0.8817741870880127,0.9746697545051576,0.6967024803161621,holo_holo_subset,False,False,True
1503,SKM,3sef,C,4p4g,A,4,[12],[12],SKM,SKM,2.1337177753448486,4.286685466766357,0.8255617022514343,0.7558907866477966,0.9997310042381288,0.9211671352386476,holo_holo_subset,False,False,True
1504,LPA,2art,A,5t8u,B,4,[12],[12],LPA,LPA,1.4028291702270508,4.454580783843994,0.4833568036556244,0.8606262803077698,0.9902688264846802,0.7803913354873657,holo_holo_subset,False,True,True
1505,DAN,1sli,A,2f25,A,4,[20],[20],DAN,DAN,1.4928525686264038,4.65510368347168,0.5779879093170166,0.8825827836990356,0.9661027789115906,0.7829720377922058,holo_holo_subset,False,True,True
1506,PCG,5e16,A,7pzb,A,4,[23],[23],PCG,PCG,1.2011083364486694,4.466845512390137,0.524522602558136,0.8838318586349487,0.9896578192710876,0.8183158040046692,holo_holo_subset,False,True,True
1507,FDA,4x28,A,7e8p,D,4,[53],[53],FDA,FDA,1.3833990097045898,3.548511505126953,0.8858758807182312,0.7998998165130615,0.9571834802627563,0.8711712956428528,holo_holo_subset,False,True,True
1508,GTS,3erg,A,4jed,A,4,[23],[23],GTS,GTS,1.8835898637771609,4.705811023712158,0.8152786493301392,0.8492569923400879,0.9923912286758424,0.6902586817741394,holo_holo_subset,False,True,True
1509,F6P,3m5p,A,4lc9,A,4,[16],[16],F6P,F6P,1.4340908527374268,3.831941604614258,0.8787258863449097,0.7902525663375854,0.989206612110138,0.7631552219390869,holo_holo_subset,False,True,True
1510,FPP,3aq0,C,6lcd,A,4,[9],[24],FPP,FPP,4.368713855743408,2.998692512512207,0.9101398587226868,0.7530206441879272,0.9129533767700196,0.8111745715141296,holo_holo_subset,False,False,False
1511,GTS,2gsr,A,3erg,A,4,[23],[23],GTS,GTS,1.5514209270477295,4.324309349060059,0.6928111910820007,0.8086130619049072,0.9636698365211488,0.7832450270652771,holo_holo_subset,False,True,True
1512,DIH,2p4s,A,3of3,A,4,[19],[19],DIH,DIH,1.0782370567321775,4.252519130706787,0.659333348274231,0.8034379482269287,0.953985631465912,0.7192250490188599,holo_holo_subset,False,True,True
1513,2GP,1fut,A,1gmp,A,4,[24],[24],2GP,2GP,7.02174186706543,2.628581523895264,1.5443618297576904,0.7375590801239014,0.7540992498397827,1.1403062343597412,holo_holo_subset,False,False,False
1514,LAD,1e1t,A,4up7,A,4,[32],[32],LAD,LAD,0.4825857579708099,4.27323055267334,0.3466659784317016,0.7720978260040283,0.9919066429138184,0.7446025013923645,holo_holo_subset,True,True,True
1515,2V9,4otg,A,5wnj,A,4,[33],[33],2V9,2V9,0.8270201086997986,4.821604251861572,0.6416994333267212,0.8671927452087402,0.9357202649116516,0.7806537747383118,holo_holo_subset,True,True,True
1516,HAR,1hqf,A,5zee,B,4,[13],[13],HAR,HAR,1.2684942483901978,5.170203685760498,0.4223956167697906,0.901278555393219,0.9947241544723512,0.7280210852622986,holo_holo_subset,False,True,True
1517,L3A,3neh,A,3s2j,A,4,[15],[15],L3A,L3A,0.8943160772323608,5.011329650878906,0.4167094230651855,0.8918116092681885,0.989638090133667,0.7013638019561768,holo_holo_subset,True,True,True
1518,BMP,1dqx,A,4luj,A,4,[22],[22],BMP,BMP,0.8882750868797302,4.816615581512451,0.5126125812530518,0.8521027565002441,0.9999412298202516,0.7665014266967773,holo_holo_subset,True,True,True
1519,PCG,5c8w,B,5e16,A,4,[23],[23],PCG,PCG,0.5325387120246887,4.823385715484619,0.4224466383457184,0.8806635141372681,0.9984974265098572,0.7626064419746399,holo_holo_subset,True,True,True
1520,CAA,3vzs,B,4nbu,B,4,[54],[54],CAA,CAA,2.125068664550781,5.078836917877197,0.4746290147304535,0.864915668964386,0.9766873121261596,0.7862661480903625,holo_holo_subset,False,False,True
1521,PYV,3nef,A,3nj1,A,4,[22],[22],PYV,PYV,1.34577476978302,5.016651153564453,0.4714600741863251,0.9017490148544312,1.0,0.8107317686080933,holo_holo_subset,False,True,True
1522,BMP,4dbe,A,4luj,A,4,[22],[22],BMP,BMP,0.2584642767906189,5.128137588500977,0.3946835100650787,0.8937875628471375,1.0,0.769985556602478,holo_holo_subset,True,True,True
1523,TYD,2v54,A,5h56,B,4,[25],[25],TYD,TYD,1.0400909185409546,4.898898124694824,0.4723161458969116,0.8589321374893188,0.9996646046638488,0.7090965509414673,holo_holo_subset,False,True,True
1524,LBV,5llw,B,6fht,B,4,[43],[43],LBV,LBV,0.897043764591217,4.500242233276367,0.499560534954071,0.8301388621330261,0.9982828497886658,0.8350623846054077,holo_holo_subset,True,True,True
1525,HDS,1exw,A,1qz3,A,4,[19],[19],HDS,HDS,5.968267440795898,3.861337184906006,0.7759973406791687,0.8265522718429565,0.9904756546020508,0.767005980014801,holo_holo_subset,False,False,False
1526,FDA,3pfd,C,7e8p,D,4,[53],[53],FDA,FDA,1.771239995956421,3.4345061779022217,0.9733999371528624,0.795738697052002,0.9194915294647216,0.8853684067726135,holo_holo_subset,False,True,True
1527,TYD,3oth,A,4lei,A,4,[25],[25],TYD,TYD,1.1453328132629397,4.756741523742676,0.6322634816169739,0.8426867723464966,0.9891021251678468,0.8851877450942993,holo_holo_subset,False,True,True
1528,PYV,3nr4,A,3oji,B,4,[22],[22],PYV,PYV,2.3238625526428223,5.064033031463623,0.393890231847763,0.9038578867912292,1.0,0.7368457317352295,holo_holo_subset,False,False,True
1529,KPL,5ayv,B,6k1r,A,4,[10],[10],KPL,KPL,3.843307018280029,4.779943943023682,0.5578280687332153,0.82437664270401,0.8986383080482483,0.7339932918548584,holo_holo_subset,False,False,True
1530,AZM,3ml5,A,5jn8,C,4,[13],[13],AZM,AZM,0.5102923512458801,4.777166843414307,0.2699958682060241,0.8945318460464478,0.9992244243621826,0.6997523307800293,holo_holo_subset,True,True,True
1531,SKM,2hk9,A,4p4g,A,4,[12],[12],SKM,SKM,1.9855574369430544,4.8083672523498535,0.6154236793518066,0.8473215699195862,0.997843861579895,0.8379837274551392,holo_holo_subset,False,True,True
1532,LBV,6et7,A,6fht,B,4,[43],[43],LBV,LBV,1.7317540645599363,4.555811882019043,0.5392147898674011,0.8265180587768555,0.9747700095176696,0.8219560384750366,holo_holo_subset,False,True,True
1533,1GP,4nae,A,6jo3,A,4,[10],[10],1GP,1GP,1.1172842979431152,4.862163543701172,0.5423544049263,0.8529979586601257,0.9954704642295836,0.7700186371803284,holo_holo_subset,False,True,True
1534,PQQ,1flg,A,6oc6,A,4,[24],[24],PQQ,PQQ,0.8634434938430786,4.635436534881592,0.4998593628406524,0.8908007740974426,0.9651861786842346,0.9175500869750975,holo_holo_subset,True,True,True
1535,M0E,2olv,B,3vmr,A,4,[84],[84],M0E,M0E,1.1732242107391355,3.472217559814453,0.8196865916252136,0.7314228415489197,0.9880459904670716,0.8190249800682068,holo_holo_subset,False,True,True
1536,SKM,2ev9,B,3sef,C,4,[12],[12],SKM,SKM,0.65375816822052,4.847163677215576,0.4917998909950256,0.8482498526573181,0.8817639946937561,0.919355571269989,holo_holo_subset,True,True,True
1537,PYV,3nef,A,3nr4,A,4,[22],[22],PYV,PYV,2.752140760421753,4.976622581481934,0.4739567041397095,0.8899917006492615,0.9999663829803468,0.7896254658699036,holo_holo_subset,False,False,True
1538,M0E,2olv,B,3vma,A,4,[77],[84],M0E,M0E,5.677649021148682,4.234345436096191,0.6247455477714539,0.8163242340087891,0.9923781752586364,0.7906045317649841,holo_holo_subset,False,False,False
1539,SHR,1e5q,A,3uh1,A,4,[19],[19],SHR,SHR,4.3696608543396,4.443698406219482,0.6808335185050964,0.8147766590118408,0.8935508728027344,0.7089542746543884,holo_holo_subset,False,False,False
1540,BMP,1dqx,A,4dbe,A,4,[22],[22],BMP,BMP,0.9376922845840454,4.779575824737549,0.4951987564563751,0.8528074026107788,0.8436551690101624,0.7799340486526489,holo_holo_subset,True,True,True
1541,MLY,2r58,A,2rhu,A,4,[12],[12],MLY,MLY,7.669719219207764,4.327045440673828,0.4567953050136566,0.8314707279205322,0.9924519658088684,0.8597203493118286,holo_holo_subset,False,False,False
1542,NXL,6d3g,C,6w2z,B,4,[17],[17],NXL,NXL,1.02681565284729,4.485618591308594,0.4698385894298553,0.8360369205474854,0.996283769607544,0.7314591407775879,holo_holo_subset,False,True,True
1543,CAP,1rbl,A,5c2g,A,4,[21],[21],CAP,CAP,1.1221771240234375,4.846749305725098,0.5179390907287598,0.883855938911438,0.968441367149353,0.8554007411003113,holo_holo_subset,False,True,True
1544,CPR,1b3o,A,1nfb,A,4,[22],[22],CPR,CPR,0.8689114451408386,5.390133857727051,0.3436986804008484,0.9263207912445068,1.0,0.8274841904640198,holo_holo_subset,True,True,True
1545,RBF,1hze,A,3ddy,A,4,[27],[27],RBF,RBF,2.135469913482666,4.124852180480957,0.7108266353607178,0.8590731024742126,0.915338933467865,0.7615348696708679,holo_holo_subset,False,False,True
1546,SKM,2ev9,B,2hk9,A,4,[12],[12],SKM,SKM,1.4939067363739014,4.8064045906066895,0.6251433491706848,0.8432056903839111,0.9989632964134216,0.7703759074211121,holo_holo_subset,False,True,True
1547,NXL,6lc8,A,6mkq,A,4,[17],[17],NXL,NXL,0.808290421962738,4.003109455108643,0.7822163701057434,0.8322113752365112,0.8291986584663391,0.7670045495033264,holo_holo_subset,True,True,True
1548,SKM,3pgj,A,4fos,A,4,[12],[12],SKM,SKM,2.158505916595459,4.785760402679443,0.5831317901611328,0.8471983671188354,0.8758030533790588,0.7316392660140991,holo_holo_subset,False,False,True
1549,PCG,7pzb,A,8evb,B,4,[23],[23],PCG,PCG,1.475488543510437,3.591210126876831,0.9025134444236756,0.7885223627090454,0.975749969482422,0.8300449252128601,holo_holo_subset,False,True,True
1550,CAA,1xpl,A,5ab6,D,4,[54],[54],CAA,CAA,5.911740303039551,3.626687049865722,1.1304174661636353,0.7606847882270813,0.9745175242424012,0.9072917699813844,holo_holo_subset,False,False,False
1551,CAP,1gk8,A,5hqm,A,4,[21],[21],CAP,CAP,1.1019076108932495,4.9658637046813965,0.5533750057220459,0.8810535073280334,0.9409518241882324,0.7902997732162476,holo_holo_subset,False,True,True
1552,SIA,2v73,A,3r4s,A,4,[21],[21],SIA,SIA,8.458202362060547,3.967851638793945,0.6634090542793274,0.8187298774719238,0.8929293155670166,0.7725313901901245,holo_holo_subset,False,False,False
1553,M0E,3vma,A,3vmr,A,4,[84],[77],M0E,M0E,8.78370189666748,2.329200506210327,1.6188122034072876,0.686366856098175,0.7928705811500549,1.0619431734085083,holo_holo_subset,False,False,False
1554,TTP,1mc3,A,2ggq,A,4,[29],[29],TTP,TTP,2.742218017578125,4.469628810882568,0.5981431603431702,0.8095781803131104,0.9943581223487854,0.7464068531990051,holo_holo_subset,False,False,True
1555,CPR,1b3o,A,1jcn,A,4,[22],[22],CPR,CPR,1.0474622249603271,5.420551300048828,0.2828753292560577,0.9296631217002868,1.0,0.8345007300376892,holo_holo_subset,False,True,True
1556,BTM,8h4p,A,8h6u,A,4,[14],[14],BTM,BTM,3.124841690063477,3.990565776824951,0.6871415376663208,0.8054816722869873,0.987797200679779,0.7878133058547974,holo_holo_subset,False,False,True
1557,VN4,4erc,A,4ri5,A,4,[4],[4],VN4,VN4,1.73092520236969,4.573439598083496,0.6164063215255737,0.8387355208396912,0.9824259877204896,0.6743180751800537,holo_holo_subset,False,True,True
1558,PCG,5c8w,B,8evb,B,4,[23],[23],PCG,PCG,1.3571642637252808,4.135529041290283,0.9064388275146484,0.8324800133705139,0.962843120098114,0.7929973006248474,holo_holo_subset,False,True,True
1559,TYD,4lei,A,4rii,A,4,[25],[25],TYD,TYD,1.0762559175491333,4.732091903686523,0.6140313148498535,0.8502487540245056,0.9928265810012816,0.7930189967155457,holo_holo_subset,False,True,True
1560,SKM,3doo,A,4p4g,A,4,[12],[12],SKM,SKM,3.07389497756958,4.672486305236816,0.736312210559845,0.8219761848449707,0.9906209707260132,0.7327567338943481,holo_holo_subset,False,False,True
1561,F6P,1t10,A,4lc9,A,4,[16],[16],F6P,F6P,3.250990390777588,3.7313196659088135,0.9297228455543518,0.7588723301887512,0.97476464509964,0.7980223894119263,holo_holo_subset,False,False,True
1562,PCG,5h5o,A,8evb,B,4,[23],[23],PCG,PCG,2.147728204727173,3.931765079498291,0.9238227605819702,0.8067556023597717,0.955984354019165,0.8407330513000488,holo_holo_subset,False,False,True
1563,FDA,3atq,A,4cy8,A,4,[53],[53],FDA,FDA,0.780186653137207,4.826304912567139,0.4078167676925659,0.8469951152801514,0.9384164214134216,0.6884100437164307,holo_holo_subset,True,True,True
1564,BMP,4df1,A,4luj,A,4,[22],[22],BMP,BMP,0.2439814060926437,4.99576997756958,0.4840455949306488,0.8715435862541199,0.9998505115509032,0.756611704826355,holo_holo_subset,True,True,True
1565,AZM,3ml5,A,4xiw,C,4,[13],[13],AZM,AZM,0.6182198524475098,4.686746597290039,0.3547434210777282,0.8956610560417175,0.9974688291549684,0.7085694074630737,holo_holo_subset,True,True,True
1566,FDA,3sf6,A,7e8p,D,4,[53],[53],FDA,FDA,1.3587627410888672,3.641887426376343,0.9897714257240297,0.7924265265464783,0.9744817018508912,0.950151801109314,holo_holo_subset,False,True,True
1567,SKM,2hk9,A,3pgj,A,4,[12],[12],SKM,SKM,1.957811713218689,4.8662214279174805,0.6051176190376282,0.850689172744751,0.939163625240326,0.7229428887367249,holo_holo_subset,False,True,True
1568,SKM,3sef,C,4fos,A,4,[12],[12],SKM,SKM,1.5288221836090088,4.363637924194336,0.745207667350769,0.7752189040184021,0.9702475666999816,0.7983078360557556,holo_holo_subset,False,True,True
1569,LPA,2art,A,5ij6,A,4,[12],[12],LPA,LPA,1.438542366027832,4.599478721618652,0.439289391040802,0.8767876625061035,0.9787968993186952,0.7683693766593933,holo_holo_subset,False,True,True
1570,RBF,1hze,A,3a35,A,4,[27],[27],RBF,RBF,2.095722198486328,4.2286763191223145,0.711815595626831,0.8586965799331665,0.9295601844787598,0.7673627138137817,holo_holo_subset,False,False,True
1571,PQQ,1yiq,A,7wmk,A,4,[24],[24],PQQ,PQQ,1.0781205892562866,4.36302661895752,0.6455223560333252,0.8797626495361328,0.997111678123474,0.9530471563339232,holo_holo_subset,False,True,True
1572,PQQ,4mh1,B,6oc6,A,4,[24],[24],PQQ,PQQ,0.838549792766571,4.421241760253906,0.6588789820671082,0.8772634267807007,0.9807599782943726,0.9588602781295776,holo_holo_subset,True,True,True
1573,SKM,3pgj,A,4p4g,A,4,[12],[12],SKM,SKM,2.427364587783813,4.7138261795043945,0.7721191644668579,0.8423230648040771,0.910310685634613,0.8272468447685242,holo_holo_subset,False,False,True
1574,CAP,6ftl,A,8cmy,C,4,[21],[21],CAP,CAP,4.814355373382568,4.888637542724609,0.6353906989097595,0.8610998392105103,0.9779741764068604,0.8338717222213745,holo_holo_subset,False,False,False
1575,CAP,1rbl,A,3kdo,C,4,[21],[21],CAP,CAP,1.148572564125061,5.061862945556641,0.4550060629844665,0.8940390348434448,0.949783444404602,0.8142511248588562,holo_holo_subset,False,True,True
1576,M0E,2olv,B,5hld,A,4,[77],[84],M0E,M0E,5.702938556671143,4.333440780639648,0.6800634860992432,0.8309327363967896,0.996345043182373,0.7741641998291016,holo_holo_subset,False,False,False
1577,1GP,2f6x,A,4mm1,A,4,[10],[10],1GP,1GP,1.0147287845611572,4.931238174438477,0.4782355427742004,0.8584876656532288,0.9720717668533324,0.8024228811264038,holo_holo_subset,False,True,True
1578,FDA,4iv6,B,7e8p,D,4,[53],[53],FDA,FDA,1.5665727853775024,3.5978200435638428,1.20128333568573,0.8155163526535034,0.9802075028419496,0.9789784550666808,holo_holo_subset,False,True,True
1579,BMP,3ve7,A,4luj,A,4,[22],[22],BMP,BMP,0.193792387843132,5.169700622558594,0.3222960829734802,0.9010812640190125,0.9996540546417236,0.7697914838790894,holo_holo_subset,True,True,True
1580,CAP,1gk8,A,5mac,A,4,[21],[21],CAP,CAP,1.1973322629928589,4.801919937133789,0.5454729795455933,0.8749859929084778,0.9853109121322632,0.795292854309082,holo_holo_subset,False,True,True
1581,PQQ,4mae,A,7wmk,A,4,[24],[24],PQQ,PQQ,0.9318931698799132,4.460085868835449,0.6385355591773987,0.8853172063827515,0.999963402748108,0.9908584356307985,holo_holo_subset,True,True,True
1582,BMP,1dqx,A,4df1,A,4,[22],[22],BMP,BMP,0.8715960383415222,4.7963643074035645,0.5314896702766418,0.8609310984611511,0.8471896648406982,0.7533181309700012,holo_holo_subset,True,True,True
1583,PQQ,4cvb,A,7wmk,A,4,[24],[24],PQQ,PQQ,0.8410077691078186,5.150350093841553,0.1447745412588119,0.9244664311408995,1.0,0.8542971014976501,holo_holo_subset,True,True,True
1584,CAP,3kdo,C,8cmy,C,4,[21],[21],CAP,CAP,4.829695701599121,4.841824531555176,0.6005553603172302,0.8643141984939575,0.8987955451011658,0.8194498419761658,holo_holo_subset,False,False,False
1585,SKM,2ev9,B,4p4g,A,4,[12],[12],SKM,SKM,2.405003309249878,4.588489055633545,0.6802179217338562,0.8122929334640503,0.9115558862686156,0.809765636920929,holo_holo_subset,False,False,True
1586,NXL,6bpf,A,6mkq,A,4,[17],[17],NXL,NXL,1.1351103782653809,4.747406005859375,0.4246353209018707,0.8637040257453918,0.9521467685699464,0.7102054953575134,holo_holo_subset,False,True,True
1587,CAP,3kdo,C,5hqm,A,4,[21],[21],CAP,CAP,1.050832986831665,4.91502046585083,0.4978426694869995,0.882073163986206,0.9993653297424316,0.7954322099685669,holo_holo_subset,False,True,True
1588,CAP,1rbl,A,8cmy,C,4,[21],[21],CAP,CAP,4.801484107971191,5.078263282775879,0.5552729964256287,0.8766943216323853,0.9712603092193604,0.8314177393913269,holo_holo_subset,False,False,False
1589,FDA,4m9a,B,7e8p,D,4,[53],[53],FDA,FDA,1.4194157123565674,3.5338897705078125,1.0531306266784668,0.7964199185371399,0.987212061882019,0.9009192585945128,holo_holo_subset,False,True,True
1590,PQQ,5xm3,A,7wmk,A,4,[24],[24],PQQ,PQQ,0.734038233757019,4.382828235626221,0.765047550201416,0.8899778127670288,0.9980440735816956,1.0190659761428833,holo_holo_subset,True,True,True
1591,CAP,5hqm,A,8cmy,C,4,[21],[21],CAP,CAP,4.757554531097412,4.654675006866455,0.6630595922470093,0.8339176774024963,0.8922926783561707,0.8437684774398804,holo_holo_subset,False,False,False
1592,CYT,5efo,B,5ko6,A,4,[8],[8],CYT,CYT,0.9383012056350708,4.2375688552856445,0.6440742611885071,0.8272557854652405,0.9612825512886048,0.7712311148643494,holo_holo_subset,True,True,True
1593,DAN,2f25,A,4x47,A,4,[20],[20],DAN,DAN,1.324209213256836,4.65024471282959,0.5650163292884827,0.8837049603462219,0.9613438248634338,0.7533780336380005,holo_holo_subset,False,True,True
1594,PQQ,1w6s,C,4mh1,B,4,[24],[24],PQQ,PQQ,1.047877311706543,4.294376373291016,0.6558143496513367,0.8692891597747803,0.9625531435012816,0.9904209971427916,holo_holo_subset,False,True,True
1595,TYD,1rrv,A,3oti,A,4,[25],[25],TYD,TYD,1.3825942277908323,4.714751243591309,0.6358774900436401,0.8494336009025574,0.9368844628334044,0.7751803994178772,holo_holo_subset,False,True,True
1596,PYV,3nj1,A,3oji,B,4,[22],[22],PYV,PYV,2.641335964202881,5.040004730224609,0.4728883504867553,0.9032607674598694,1.0,0.74318927526474,holo_holo_subset,False,False,True
1597,NXL,6bpf,A,6d3g,C,4,[17],[17],NXL,NXL,0.6717603206634521,4.622279644012451,0.4720680713653564,0.8528370261192322,0.9738750457763672,0.7210742831230164,holo_holo_subset,True,True,True
1598,PQQ,1kv9,A,6oc6,A,4,[24],[24],PQQ,PQQ,0.8683860898017883,4.567601203918457,0.5769279599189758,0.904333770275116,0.9948420524597168,0.935107409954071,holo_holo_subset,True,True,True
1599,TTP,1cr1,A,2ja1,A,4,[29],[29],TTP,TTP,2.437078952789306,4.579881191253662,0.7087060213088989,0.8401995897293091,0.9294326901435852,0.7741948366165161,holo_holo_subset,False,False,True
1600,CAP,5hqm,A,6ftl,A,4,[21],[21],CAP,CAP,0.388505220413208,4.931215763092041,0.6093136668205261,0.867193877696991,0.9880091547966005,0.7915411591529846,holo_holo_subset,True,True,True
1601,CAP,1gk8,A,5c2g,A,4,[21],[21],CAP,CAP,0.4398317635059356,4.79800271987915,0.520075261592865,0.8753345608711243,0.9871095418930054,0.787190854549408,holo_holo_subset,True,True,True
1602,SKM,4fos,A,4p4g,A,4,[12],[12],SKM,SKM,1.8761123418807983,4.964598655700684,0.4845841825008392,0.8755820989608765,0.9997743964195251,0.8119287490844727,holo_holo_subset,False,True,True
1603,CAA,5ab6,D,5lnq,A,4,[54],[54],CAA,CAA,4.296850204467773,4.346363067626953,0.5898125171661377,0.841171383857727,0.997280478477478,0.7411531805992126,holo_holo_subset,False,False,False
1604,FDA,3ukk,A,4cy8,A,4,[53],[53],FDA,FDA,0.8643861413002014,4.459655284881592,0.4839700758457184,0.7963525652885437,0.9384859204292296,0.7020062804222107,holo_holo_subset,True,True,True
1605,PQQ,1lrw,A,7wmk,A,4,[24],[24],PQQ,PQQ,1.166762351989746,4.346542835235596,0.7310089468955994,0.8820807933807373,0.995530128479004,1.0248228311538696,holo_holo_subset,False,True,True
1606,SKM,2ev9,B,3doo,A,4,[12],[12],SKM,SKM,1.82040274143219,4.820018291473389,0.7282505035400391,0.8446543216705322,0.9198158979415894,0.787949800491333,holo_holo_subset,False,True,True
1607,PQQ,1yiq,A,6oc6,A,4,[24],[24],PQQ,PQQ,0.6932744979858398,4.609054565429688,0.5908962488174438,0.9045220613479614,0.9983569979667664,0.9302955865859984,holo_holo_subset,True,True,True
1608,SIA,2wbv,B,6g47,A,4,[21],[21],SIA,SIA,7.1499552726745605,3.71253514289856,0.575553834438324,0.8182754516601562,0.9954309463500975,0.9061209559440612,holo_holo_subset,False,False,False
1609,BTM,6ax9,A,8h72,A,4,[14],[14],BTM,BTM,2.934224367141724,4.055076599121094,0.840919554233551,0.8212478756904602,0.9886270761489868,0.9823277592658995,holo_holo_subset,False,False,True
1610,IPE,3krf,D,4dxj,A,4,[14],[14],IPE,IPE,1.5382766723632812,4.440964221954346,0.6123958230018616,0.8687689900398254,0.9769710302352904,0.8745438456535339,holo_holo_subset,False,True,True
1611,SKM,2hk9,A,4fos,A,4,[12],[12],SKM,SKM,0.9278629422187804,4.897727966308594,0.5300809741020203,0.8627753257751465,0.998280704021454,0.8141113519668579,holo_holo_subset,True,True,True
1612,TTP,1cr1,A,2j87,D,4,[29],[29],TTP,TTP,5.516538143157959,4.395078182220459,0.7617157101631165,0.8064097166061401,0.9954704642295836,0.8174958825111389,holo_holo_subset,False,False,False
1613,GTS,1r5a,A,3erg,A,4,[23],[23],GTS,GTS,2.0930564403533936,4.691136837005615,0.7072767019271851,0.8679248094558716,0.947091281414032,0.741125226020813,holo_holo_subset,False,False,True
1614,SIA,2wbv,B,4k6u,B,4,[20],[21],SIA,SIA,7.243173599243164,3.912352800369263,0.6962154507637024,0.8960200548171997,0.9982812404632568,0.9119535088539124,holo_holo_subset,False,False,False
1615,PQQ,4aah,A,7wmk,A,4,[24],[24],PQQ,PQQ,0.94435316324234,4.288345336914063,0.6955205798149109,0.8742935061454773,0.981558084487915,1.003428936004639,holo_holo_subset,True,True,True
1616,SKM,2ev9,B,3pgj,A,4,[12],[12],SKM,SKM,0.4330526292324066,4.954104423522949,0.5347251892089844,0.8594169020652771,0.8658421039581299,0.8923580646514893,holo_holo_subset,True,True,True
1617,TYD,1rrv,A,4lei,A,4,[25],[25],TYD,TYD,1.4217941761016846,4.844563007354736,0.5837075114250183,0.8782602548599243,0.902469038963318,0.7085511088371277,holo_holo_subset,False,True,True
1618,TYD,1pn3,A,3oti,A,4,[25],[25],TYD,TYD,1.4336696863174438,4.800038814544678,0.5728167295455933,0.8578546047210693,0.922196626663208,0.779796838760376,holo_holo_subset,False,True,True
1619,TYD,1h7q,A,6b5e,B,4,[25],[25],TYD,TYD,7.255153656005859,4.152702808380127,0.9422903060913086,0.7905031442642212,0.9823509454727172,0.7941601276397705,holo_holo_subset,False,False,False
1620,F6P,1t10,A,3m5p,A,4,[16],[16],F6P,F6P,3.471770763397217,4.666820526123047,0.4347616732120514,0.8728930354118347,0.972001850605011,0.7245906591415405,holo_holo_subset,False,False,True
1621,F6P,3o8o,B,5xz7,A,4,[16],[16],F6P,F6P,1.101637363433838,4.844460487365723,0.376562088727951,0.8769495487213135,0.928748369216919,0.7610931992530823,holo_holo_subset,False,True,True
1622,PQQ,1w6s,C,7wmk,A,4,[24],[24],PQQ,PQQ,1.166526436805725,4.324841976165772,0.7262753248214722,0.8717620968818665,0.9986183047294616,1.0404144525527954,holo_holo_subset,False,True,True
1623,LPA,2art,A,5iby,A,4,[12],[12],LPA,LPA,1.3771324157714844,4.53804874420166,0.4539547562599182,0.8742306232452393,0.9953057169914246,0.7659111022949219,holo_holo_subset,False,True,True
1624,VN4,3e81,A,4hgp,A,4,[4],[4],VN4,VN4,1.9127469062805176,5.017423152923584,0.4292066097259521,0.8653225898742676,0.999407947063446,0.7265158295631409,holo_holo_subset,False,True,True
1625,BMP,1dqx,A,3ve7,A,4,[22],[22],BMP,BMP,0.8349234461784363,4.747798919677734,0.488687127828598,0.8524598479270935,0.9255804419517516,0.7629543542861938,holo_holo_subset,True,True,True
1626,FDA,4xvx,B,7e8p,D,4,[53],[53],FDA,FDA,1.7136703729629517,3.4826979637146,0.9851768016815186,0.8106263875961304,0.946140706539154,0.8108935356140137,holo_holo_subset,False,True,True
1627,F6P,5k55,A,6ayu,A,4,[16],[16],F6P,F6P,2.6700551509857178,3.77593445777893,0.8453271985054016,0.7726689577102661,0.9805063009262084,0.7948548793792725,holo_holo_subset,False,False,True
1628,PQQ,1flg,A,1w6s,C,4,[24],[24],PQQ,PQQ,0.6038776636123657,4.536893844604492,0.6089988350868225,0.9023687243461608,0.9419031739234924,0.9408020973205566,holo_holo_subset,True,True,True
1629,CAA,1xpl,A,5lnq,A,4,[54],[54],CAA,CAA,5.3598833084106445,3.74878191947937,0.9010177850723268,0.7656223177909851,0.9907891750335692,0.8950893878936768,holo_holo_subset,False,False,False
1630,CAP,1rbl,A,5hqm,A,4,[21],[21],CAP,CAP,1.2584365606307983,4.88227128982544,0.5462049841880798,0.8693046569824219,0.9863243103027344,0.8327078819274902,holo_holo_subset,False,True,True
1631,TYD,3rsc,A,4rii,A,4,[25],[25],TYD,TYD,1.2062480449676514,4.67124605178833,0.668212890625,0.8517167568206787,0.7884361147880554,0.8534567952156067,holo_holo_subset,False,True,True
1632,TYD,4g2t,A,4lei,A,4,[25],[25],TYD,TYD,0.937856137752533,4.773784160614014,0.5199787020683289,0.85218745470047,0.990858256816864,0.7634403705596924,holo_holo_subset,True,True,True
1633,TYD,1epz,A,4mzu,F,4,[25],[25],TYD,TYD,1.5326170921325684,3.870337009429932,0.8700225949287415,0.8486021757125854,0.9524590969085692,0.8881418108940125,holo_holo_subset,False,True,True
1634,CAP,5hqm,A,5nv3,A,4,[21],[21],CAP,CAP,1.170824408531189,4.76994514465332,0.5881257057189941,0.8422301411628723,0.988347351551056,0.8330448865890503,holo_holo_subset,False,True,True
1635,PQQ,1kv9,A,7wmk,A,4,[24],[24],PQQ,PQQ,0.5248026847839355,4.355554103851318,0.6875214576721191,0.8880874514579773,0.9941987991333008,0.9234057664871216,holo_holo_subset,True,True,True
1636,CAP,1rbl,A,5mac,A,4,[21],[21],CAP,CAP,1.0656039714813232,4.822793483734131,0.5429090261459351,0.8816331624984741,0.9684310555458068,0.8482999205589294,holo_holo_subset,False,True,True
1637,TYD,3oth,A,3oti,A,4,[25],[25],TYD,TYD,1.1885323524475098,4.764164924621582,0.4708776473999023,0.8402926921844482,0.99002867937088,0.8646817803382874,holo_holo_subset,False,True,True
1638,CAP,5c2g,A,8cmy,C,4,[21],[21],CAP,CAP,4.806875705718994,4.694817543029785,0.6483207941055298,0.8649295568466187,0.8655679821968079,0.8651001453399658,holo_holo_subset,False,False,False
1639,PQQ,1w6s,C,6zcv,A,4,[24],[24],PQQ,PQQ,0.8036764860153198,4.52886962890625,0.5956740379333496,0.8911352157592773,0.9349011778831482,0.9650948643684388,holo_holo_subset,True,True,True
1640,PQQ,2d0v,A,7wmk,A,4,[24],[24],PQQ,PQQ,0.970323383808136,4.333016395568848,0.7422184348106384,0.8830226063728333,0.9944062232971193,1.011697769165039,holo_holo_subset,True,True,True
1641,FDA,3v76,A,4cy8,A,4,[53],[53],FDA,FDA,1.1745120286941528,4.565705299377441,0.5065973401069641,0.8128722310066223,0.9768927693367004,0.7122562527656555,holo_holo_subset,False,True,True
1642,FDA,4cy8,A,4tlx,A,4,[53],[53],FDA,FDA,1.2091625928878784,4.550656795501709,0.5698828101158142,0.8171923160552979,0.9731270670890808,0.7357936501502991,holo_holo_subset,False,True,True
1643,CAP,1gk8,A,3kdo,C,4,[21],[21],CAP,CAP,1.2324142456054688,5.066918849945068,0.4427215158939361,0.8942198157310486,0.9818944334983826,0.799505352973938,holo_holo_subset,False,True,True
1644,VN4,2rar,A,3e81,A,4,[4],[4],VN4,VN4,1.787996530532837,4.753082275390625,0.5546656250953674,0.8588978052139282,0.996789574623108,0.6947063207626343,holo_holo_subset,False,True,True
1645,PC,5egh,B,5tcd,A,4,[11],[11],PC,PC,2.5074052810668945,4.787547111511231,0.4809678196907043,0.861802875995636,0.9949998259544371,0.7067872285842896,holo_holo_subset,False,False,True
1646,PQQ,1w6s,C,1yiq,A,4,[24],[24],PQQ,PQQ,0.7823890447616577,4.399514198303223,0.6476933360099792,0.8741857409477234,0.9969934821128844,0.9346494674682616,holo_holo_subset,True,True,True
1647,F6P,3pr3,A,4lc9,A,4,[16],[16],F6P,F6P,1.6006219387054443,3.913907527923584,0.914012849330902,0.787519097328186,0.9707177877426147,0.7515224814414978,holo_holo_subset,False,True,True
1648,CAA,1ee0,A,5lnq,A,4,[54],[54],CAA,CAA,4.108739852905273,3.2687785625457764,1.309490203857422,0.7004351019859314,0.9499658346176147,1.0173834562301636,holo_holo_subset,False,False,False
1649,PQQ,4cvb,A,6oc6,A,4,[24],[24],PQQ,PQQ,0.9876728653907776,4.360854148864746,0.648436427116394,0.8809128403663635,0.9936496019363404,0.9324131011962892,holo_holo_subset,True,True,True
1650,M0E,2olv,B,5hlb,A,4,[77],[84],M0E,M0E,5.835086345672607,4.33770227432251,0.7078431248664856,0.8278229832649231,0.9902733564376832,0.793481707572937,holo_holo_subset,False,False,False
1651,GTS,1v2a,B,3erg,A,4,[23],[23],GTS,GTS,2.3265819549560547,4.721020221710205,0.7035674452781677,0.8679643869400024,0.9903279542922974,0.7772173881530762,holo_holo_subset,False,False,True
1652,F6P,1fsa,A,6ayu,A,4,[16],[16],F6P,F6P,2.8755135536193848,3.804377317428589,0.8696900606155396,0.7704012393951416,0.9863590002059937,0.7865111231803894,holo_holo_subset,False,False,True
1653,BTM,8h6u,A,8h72,A,4,[14],[14],BTM,BTM,2.1406078338623047,4.39045524597168,0.7170424461364746,0.839844822883606,0.8954625725746155,0.91174054145813,holo_holo_subset,False,False,True
1654,PQQ,4mh1,B,7wmk,A,4,[24],[24],PQQ,PQQ,0.73356693983078,4.844276428222656,0.4053398072719574,0.9160756468772888,0.9910799264907836,0.8415107727050781,holo_holo_subset,True,True,True
1655,TYD,3oti,A,4lei,A,4,[25],[25],TYD,TYD,1.119414210319519,4.779919147491455,0.6531793475151062,0.8599162697792053,0.9987120032310486,0.768260657787323,holo_holo_subset,False,True,True
1656,PQQ,6oc6,A,8gy2,A,4,[24],[24],PQQ,PQQ,1.3032362461090088,4.550165176391602,0.597359299659729,0.8991320133209229,0.999605655670166,0.988242506980896,holo_holo_subset,False,True,True
1657,TYD,1epz,A,5tpv,B,4,[25],[25],TYD,TYD,1.885869145393372,3.9858455657958975,1.010934352874756,0.8610820174217224,0.8806846737861633,0.882688045501709,holo_holo_subset,False,True,True
1658,SKM,3doo,A,3sef,C,4,[12],[12],SKM,SKM,1.881508231163025,4.742225170135498,0.6239203810691833,0.8322901129722595,0.9601593613624572,0.7579404711723328,holo_holo_subset,False,True,True
1659,SIA,3phz,A,4fvv,B,4,[21],[20],SIA,SIA,6.89986515045166,3.254190683364868,0.9230810403823853,0.7984937429428101,0.9691400527954102,0.9743785262107848,holo_holo_subset,False,False,False
1660,IPE,3krf,D,4lls,A,4,[14],[14],IPE,IPE,1.2241915464401243,4.786929607391357,0.4004212617874145,0.8793200850486755,0.9824714064598083,0.8195306658744812,holo_holo_subset,False,True,True
1661,DGT,3au2,A,5hrf,A,4,[31],[31],DGT,DGT,2.029017210006714,4.333488464355469,0.5556769967079163,0.8127126097679138,0.8492701053619385,0.7048926949501038,holo_holo_subset,False,False,True
1662,1GP,4jej,A,4nae,A,4,[10],[10],1GP,1GP,1.3431659936904907,4.7820892333984375,0.5114910006523132,0.8414508700370789,0.9973881244659424,0.7619613409042358,holo_holo_subset,False,True,True
1663,PQQ,6dam,A,7wmk,A,4,[24],[24],PQQ,PQQ,0.9951269030570984,4.4072699546813965,0.613496720790863,0.8898216485977173,0.9967198371887208,0.985349714756012,holo_holo_subset,True,True,True
1664,PQQ,1kv9,A,1w6s,C,4,[24],[24],PQQ,PQQ,1.0352599620819092,4.351893901824951,0.6556869149208069,0.8670060038566589,0.9984139800071716,0.9220877289772034,holo_holo_subset,False,True,True
1665,NXL,6d3g,C,6lc8,A,4,[17],[17],NXL,NXL,1.0067468881607056,4.252570152282715,0.620180070400238,0.8279248476028442,0.8869491219520569,0.7465007901191711,holo_holo_subset,False,True,True
1666,PQQ,1kb0,A,6oc6,A,4,[24],[24],PQQ,PQQ,0.8651058077812195,4.615686893463135,0.6182776689529419,0.9076299667358398,0.99934184551239,0.9465757012367249,holo_holo_subset,True,True,True
1667,TYD,3wag,B,4rii,A,4,[25],[25],TYD,TYD,1.8334158658981323,4.685486793518066,0.5714436173439026,0.8426821827888489,0.93768972158432,0.7543200254440308,holo_holo_subset,False,True,True
1668,1GP,4jej,A,4mm1,A,4,[10],[10],1GP,1GP,1.3986600637435913,5.170415878295898,0.4213079214096069,0.8923349380493164,0.98224538564682,0.7750614881515503,holo_holo_subset,False,True,True
1669,SKM,3doo,A,3pgj,A,4,[12],[12],SKM,SKM,1.393771409988403,4.886464595794678,0.6679758429527283,0.8610571622848511,0.9405174255371094,0.8133460879325867,holo_holo_subset,False,True,True
1670,TTP,6n9u,H,7b0h,F,4,[29],[29],TTP,TTP,7.315000534057617,3.826064825057984,0.7891099452972412,0.7625265717506409,0.9498183727264404,0.7466267347335815,holo_holo_subset,False,False,False
1671,1GP,4mm1,A,4nae,A,4,[10],[10],1GP,1GP,1.0245991945266724,4.782627582550049,0.4952796399593353,0.8465136885643005,0.9932824969291688,0.7516805529594421,holo_holo_subset,False,True,True
1672,CAP,1gk8,A,8cmy,C,4,[21],[21],CAP,CAP,4.798596858978272,4.929911136627197,0.5882815718650818,0.8646854758262634,0.9711450934410096,0.8456568717956543,holo_holo_subset,False,False,False
1673,TYD,3rsc,A,3wag,B,4,[25],[25],TYD,TYD,1.9567874670028689,4.272467613220215,0.664696216583252,0.7791040539741516,0.939746916294098,0.9469194412231444,holo_holo_subset,False,True,True
1674,PQQ,6zcv,A,7wmk,A,4,[24],[24],PQQ,PQQ,1.1169779300689695,4.494458198547363,0.625371515750885,0.897573709487915,0.9863943457603456,0.9624149203300476,holo_holo_subset,False,True,True
1675,NXL,6fm7,A,6mkq,A,4,[17],[17],NXL,NXL,0.9116579294204712,3.9236769676208496,0.8375489711761475,0.8187918663024902,0.932629644870758,0.7777143120765686,holo_holo_subset,True,True,True
1676,SKM,3doo,A,4fos,A,4,[12],[12],SKM,SKM,2.88142466545105,4.878271102905273,0.5654404163360596,0.8655799031257629,0.9952310919761658,0.7115378379821777,holo_holo_subset,False,False,True
1677,FDA,4cy8,A,4jnq,A,4,[53],[53],FDA,FDA,1.1851449012756348,4.6570305824279785,0.5106521844863892,0.8342640995979309,0.9815664291381836,0.6860430836677551,holo_holo_subset,False,True,True
1678,TYD,3wag,B,4g2t,A,4,[25],[25],TYD,TYD,1.8054776191711424,4.682698249816895,0.5375988483428955,0.8412029147148132,0.9871429800987244,0.737962543964386,holo_holo_subset,False,True,True
1679,PQQ,1kb0,A,1w6s,C,4,[24],[24],PQQ,PQQ,0.5529869794845581,4.405038356781006,0.6318994164466858,0.8667439818382263,0.9978360533714294,0.929331123828888,holo_holo_subset,True,True,True
1680,PQQ,1flg,A,7wmk,A,4,[24],[24],PQQ,PQQ,0.8567681312561035,4.377628326416016,0.6170257925987244,0.8848776817321777,0.9969674944877625,0.9449494481086732,holo_holo_subset,True,True,True
1681,PQQ,7wmk,A,8gy2,A,4,[24],[24],PQQ,PQQ,1.385845422744751,4.3014421463012695,0.7026109099388123,0.8704550862312317,0.9916517734527588,0.9967631697654724,holo_holo_subset,False,True,True
1682,TYD,1pn3,A,3wag,B,4,[25],[25],TYD,TYD,2.0523242950439453,4.726934909820557,0.6593858003616333,0.8511351943016052,0.93500554561615,0.7438026666641235,holo_holo_subset,False,False,True
1683,RBF,2cc8,A,2vxa,A,4,[27],[27],RBF,RBF,3.266422748565674,4.56599760055542,0.5228257179260254,0.8883334398269653,0.9973739981651306,0.7163774967193604,holo_holo_subset,False,False,True
1684,FDA,3r7k,A,7e8p,D,4,[53],[53],FDA,FDA,1.2671056985855105,3.471013069152832,1.2029776573181152,0.7446684837341309,0.98011714220047,1.0414671897888184,holo_holo_subset,False,True,True
1685,TYD,1rrv,A,4rii,A,4,[25],[25],TYD,TYD,1.6927319765090942,4.667370319366455,0.6876786947250366,0.8395542502403259,0.989302694797516,0.7747052907943726,holo_holo_subset,False,True,True
1686,SIA,3phz,A,3r4s,A,4,[21],[20],SIA,SIA,6.871340274810791,3.552656888961792,0.7662927508354187,0.8366068601608276,0.9649715423583984,0.915579915046692,holo_holo_subset,False,False,False
1687,TYD,3oth,A,4rii,A,4,[25],[25],TYD,TYD,1.058335542678833,4.8986334800720215,0.5104259848594666,0.8614999055862427,0.9544299244880676,0.8040761351585388,holo_holo_subset,False,True,True
1688,SKM,2aa9,A,3slh,D,4,[12],[12],SKM,SKM,0.5449422597885132,4.532968997955322,0.5272011756896973,0.8652213215827942,0.9898900389671326,0.823178768157959,holo_holo_subset,True,True,True
1689,IPE,3krf,D,4jzb,A,4,[14],[14],IPE,IPE,1.3414424657821655,4.486340522766113,0.5080272555351257,0.8787963390350342,0.9930692911148072,0.8754708766937256,holo_holo_subset,False,True,True
1690,CAP,5nv3,A,8cmy,C,4,[21],[21],CAP,CAP,4.786837100982666,4.928138732910156,0.541034996509552,0.8659375309944153,0.9805453419685364,0.8484049439430237,holo_holo_subset,False,False,False
1691,PQQ,1w6s,C,8gy2,A,4,[24],[24],PQQ,PQQ,1.271085262298584,4.4063639640808105,0.7035234570503235,0.8795076608657837,0.9988642334938048,0.9395798444747924,holo_holo_subset,False,True,True
1692,PQQ,1w6s,C,4cvb,A,4,[24],[24],PQQ,PQQ,1.1517999172210691,4.240401744842529,0.7407942414283752,0.8652428984642029,0.9902878999710084,1.0241144895553589,holo_holo_subset,False,True,True
1693,TTP,1cr1,A,2uz3,B,4,[29],[29],TTP,TTP,5.523363590240479,4.551384449005127,0.6878217458724976,0.8376694917678833,0.991792380809784,0.7606796026229858,holo_holo_subset,False,False,False
1694,PQQ,6oc6,A,6zcv,A,4,[24],[24],PQQ,PQQ,0.6589056849479675,4.732485294342041,0.4599544703960418,0.9033347368240356,0.9759154915809632,0.898179829120636,holo_holo_subset,True,True,True
1695,FDA,4n5f,A,7e8p,D,4,[53],[53],FDA,FDA,1.4114009141921997,3.580211639404297,1.0391565561294556,0.7936549782752991,0.9884752035140992,0.8893177509307861,holo_holo_subset,False,True,True
1696,PQQ,6oc6,A,7wmk,A,4,[24],[24],PQQ,PQQ,0.925180435180664,4.383391857147217,0.6643005609512329,0.882278323173523,0.9963709712028505,0.957116961479187,holo_holo_subset,True,True,True
1697,PQQ,1kb0,A,7wmk,A,4,[24],[24],PQQ,PQQ,0.9856763482093812,4.362127304077148,0.710869550704956,0.881710410118103,0.9540657997131348,0.9552345275878906,holo_holo_subset,True,True,True
1698,FDA,3rha,A,4cy8,A,4,[53],[53],FDA,FDA,0.8915778994560242,4.568120956420898,0.5107663869857788,0.8068674206733704,0.9953922629356384,0.7076341509819031,holo_holo_subset,True,True,True
1699,FDA,3oib,A,7e8p,D,4,[53],[53],FDA,FDA,1.5799543857574463,3.438992500305176,1.1239680051803589,0.7652897238731384,0.9774255156517028,0.9513548612594604,holo_holo_subset,False,True,True
1700,SIA,4k6u,B,6g47,A,4,[21],[20],SIA,SIA,5.815481185913086,4.056966781616211,0.4835383594036102,0.898404061794281,0.9946695566177368,0.8870201706886292,holo_holo_subset,False,False,False
1701,SIA,2v73,A,4fvv,B,4,[21],[21],SIA,SIA,8.22386360168457,4.017422676086426,0.6760618090629578,0.8265597820281982,0.9009351134300232,0.7700955867767334,holo_holo_subset,False,False,False
